0.731607166347238,4.18268084030525e-05,0.000343166416897906,0.000214731681801544,0.0105193645683707,0.000566761028361064,0.000844310667764219,0.000127501795131981,0.00312892515053764,0.00402672437625966,0.000584642377678354,0.000342544456921653,0.000122059645339763,0.000525089709952075,0.000743086681628951,0.00323092658664322,0.000298385298607649,9.73367362836834e-05,0.000568782398283888,0.000171971933434112,0.000108376525862184,0.00121453234362916,0.00019436249257924,0.000108998485838438,0.000510007180527926,0.00026495494988402,0.000170728013481604,0.000589618057488383,0.00618648039380018,1.35276294835151e-05,0.0041276373824068,0.000649948175184979,2.44119290679525e-05,0.0381654855128418,0,0.00245845229613629,0.00318054782856668,0.000291388248874797,0.000850219287538628,0.000254226140293646,0.000509696200539799,0.00148586238326977,0.000178347023190711,0.000150980784235554,0.000901375495585484,0.000644661515386823,0.000471134682012078,0.00426198073727758,0.000900909025603293,0.000909771955264907,1.61709593825928e-05,0.000307559208257389,0.0006362650557074,0.00124205407257838,0.0189649590859179,0.000418734554012715,0.00550247990991532,0.00278280442375253,0.00151151823229023,0.00613205889587799,0.00019482896256143,0.000155179014075265,0.00112543657703083,0.000227792841302869,0.0005840204177021,0.00191750260678975,0.000517937170225159,0.000738266491812985,0.0155653258557159,0.000155334504069329,0.000433817083436864,0.00498765253957143,0.000326062517550933,0.000208823062027136,0.0460499166418142,2.06801692104311e-05,2.48783990501427e-06,2.658878898484e-05,0.000250183400447998,0.000394167134950699,0.00270848020659023,0.00419869630969377,8.5674986728929e-05,0.0268937048631984,0.00528075117838092,0.00316033412933844,0.000502543660812883,9.22055664795915e-05,0.000226548921350362,0.00283209475187062,0.000156578424021836,0.00062709114605766,5.28665979815533e-06,0.00797523728550544,0.000479686631685564,6.56167774947514e-05,0.000129523165054806,0.000720229652501632,0.00265203733874521,0.000918323904938393,0.000659588554816909,0.000349230526666378
0.000732373585369635,0.185499003009681,0,0,0,8.5532681503023e-05,0.00113330802991506,0.000277981214884825,0,0.00229869081539374,0.000272635422290886,0.000272635422290886,0.000384897066763604,0.00156097143743017,0.000737719377963574,0.00422317614921176,0,0.000277981214884825,0,0.000561308222363589,0.000641495111272673,0.00382224170466634,0,9.0878474096962e-05,0.00220246654870284,0.000743065170557513,0.00055596242976965,0.025125225191513,0.000171065363006046,0.000176411155599985,0,0,0.000994317422472643,0.00112261644472718,0.00107450431138173,0.000759102548339329,0,0.000817906266872658,0.158224769195405,9.0878474096962e-05,0.00589640923111465,0.000187102740787863,0.000277981214884825,0.0278515794144219,0.000181756948193924,0.00199398063753922,0,8.5532681503023e-05,0,0,0,0,0,0.000171065363006046,0.000983625837284765,0,0.000513196089018138,0.00267824208956341,0.000171065363006046,0.0169247793524107,0.00221850392648466,0,0,0.0229281044354041,0,0.000187102740787863,0.00350683994162394,0.000817906266872658,0,0.000181756948193924,0,0.000384897066763604,0.0107503889064112,0.000192448533381802,0.000465083955672688,0.00269962525993917,0.0757605726413027,0,0.0084837728465811,9.0878474096962e-05,0.000737719377963574,0.0177640687896591,0.0032128213489573,0.00184429844490893,0.000171065363006046,0,0.00045439237048481,0,0,9.62242666909009e-05,0.302881916787392,0,0,0.000256598044509069,0.00292949434147854,0.00115469120029081,0.00188171899306651,0.00055596242976965,0.000347476518606031,0.0841962333545383,0,0
0.000365174474883848,6.32336753045624e-05,0.126143278023189,0,6.11258861277436e-05,0.000157030293672997,0.000192335762384711,3.58324160059187e-05,0.000247138280981998,0.00499493340176622,0.00695096175785402,0.00192968099137756,0.00187277068360346,0.0949174352632075,0.00288029391012282,0.00165514145109692,0.00333821110878669,0.000940600920155365,4.5317467301603e-05,0.000352527739822935,0.00152603936401677,0.000560671921033786,0.00105125985193835,0.000278228171340074,0.0153736873084217,0.0681922493430285,0.000299306063108262,0.00418923098892726,0.000583857601978792,0.000161245872026634,0.000891594821794329,0.000370443947825894,0.000569103077741061,9.11618818974107e-05,0.000193916604267325,3.6886310594328e-05,0.000467402249959557,0.000528001188793096,0.00475728017207991,0.000991714807693219,0.00768974186432899,0.00246769417876055,5.05869402436499e-05,0.000809391043898398,0.000894756505559557,0.000956409338981506,0.000183377658383231,0.000711905794470531,0.000398899101712948,0.000980648914514921,0.00120987098749396,0.000182323763794821,0.000768816102244637,0.00166726123886363,0.000804648518250556,0.000218683127094945,0.00300728820802614,0.00369864305802269,0.0233490346062096,0.291693782496181,0.0147018295083107,0.000247665228276203,0.000266635330867571,0.00135952401904809,0.000429988992071024,3.37246268290999e-05,0.00425878803176227,0.0870506391080258,0.00172522544122614,0.000456863304075463,0.000184958500265845,0.00267425751808878,0.00439210569719606,0.00083995398696227,0.000105916406135142,0.00014280271672947,0.000446324358191369,0,0.00381351756815931,0.00100172680628311,0.000274539540280642,0.117533486183178,0.00119933204160987,0.0303848348784306,0.000152287768025154,0.000141221874846856,0.00448274063179927,7.32456738944514e-05,0,0.00190649531043255,0.000576480339859927,0.00129576339644932,0.00120829014561135,0.000376767315356351,0.0148251351751546,0.0015850574609677,0.000838900092373861,0.000367809211354871,0.00114611036489519,0.00607464840759162,0.00053748624008878,0.000886852296146487
9.48347018374623e-05,1.08564978534469e-05,2.90570971959901e-05,0.183177377612944,1.72426730613568e-05,0.000883846648774732,0,0.000960640405649849,7.6634102494919e-06,0.00280448884255364,9.05240335721231e-05,6.05090100949465e-05,2.42674657900577e-05,5.36438717464433e-05,0.000466989062078413,0.0856944885711412,5.10894016632793e-06,8.34992408434221e-05,0.0354833456533297,0.000471938347864543,0.000415899660415133,0.028466854952399,4.40646089345784e-05,0.0001205390570493,0.000557832404410931,0.000136504495069074,4.03925581900302e-05,0.000294562331464845,8.31799320830267e-05,0,1.53268204989838e-05,0.00121576810520585,0,0.000183283228467015,5.42824892672343e-06,1.61250923999725e-05,0.000688110378652293,0.000246187054264927,0.000528934961595139,0.000119261822007718,0.000331442493290525,0,0.00138883345334021,0.000141294126475007,0.0654820843837261,0.00134971813019176,0.00176625640812769,0.000394984936609228,0.0162137005809823,0.00816137226132867,0,0.00465663930722771,0.000495886504894205,0.000386523254458748,0.000366726111314227,0.0726598260086564,0.00534826208224436,0.000625685515994974,0.000172107421853172,0.000702159964109695,0.000431226480914117,0.00119549199892074,8.30202777028289e-06,0.000118303895726531,2.17129957068937e-05,0,3.52836180237023e-05,0.000629836529880116,0.000150713734906674,2.50657376910464e-05,0.0185425790249268,0.00139266515846495,6.32231345583082e-05,6.25845170375172e-05,0.00011910216762752,8.70116372077726e-05,9.2439886134496e-05,0.000155184057552211,3.64011986850865e-05,0.000171309149952184,0.00133311407465119,0.000338786594779621,0.000489340675306097,0.00178381838994944,8.62133653067839e-06,1.62847467801703e-05,0.000125328688455232,2.73008990138149e-05,0.00719083328410657,0.000632231345583082,5.5080761168223e-05,0.000245708091124334,0,0.000481996573817001,6.35424433187037e-05,5.47614524078275e-05,5.49211067880253e-05,0.00261513874763911,0.00635456364063076,0.000507541274648641,0.428149302390186,0.00189126578782252
0.280085420319262,5.16134859587124e-05,0.000695169139006408,8.2258993246698e-05,0.0890090694572358,0.000240325293995255,0.00327261759406961,0.000308067994316065,0.0378842986936949,0.00296938836406217,0.00374842941775149,0,0.000219357315324528,0.000837106225392867,0.000293551701390177,0.00164840570780638,5.16134859587124e-05,0.000233873608250416,0.000438714630649056,0.000458069687883573,0.00147582311413193,0.000279035408464289,5.4839328831132e-05,0.000104839893353635,0.000466134295064622,0.00114356129827272,0.000214518551015899,0.000795170268051414,0.0163953463990722,2.58067429793562e-05,0.0213534668939811,0.000351616873093729,0.000193550572345172,0.0190131178900407,0,0.00130162759902128,0.00150001693567508,0.000562909581237208,0.00161292143620976,0.000108065736226054,0.000643555653047696,0.00438714630649056,0.000724201724858184,0.000104839893353635,0.000106452814789844,0.00160808267190113,0.000103226971917425,0.00435327495633015,0.000366133166019616,0.0010403343263553,2.58067429793562e-05,5.80651717035515e-05,0.000553232052619949,0.00177421357983074,0.0414359516962288,0,0.00448714743553556,0.0061613598863213,0.00746298748534258,0.0151856553219149,0.000514521938150915,8.22589932466979e-05,0.0103694719133926,0.000354842715966148,0.00230809057521617,0.00146291974264226,0.000264519115538401,0.00321455242236606,0.116164214757263,0.000493553959480188,0.000308067994316065,0.00909687690022307,0.000520973623895754,0.000108065736226054,0.106422169282556,0,0,0,0.000158066300748557,5.64522502673417e-05,0.00203711977393293,0.00342100636620091,5.32264073949222e-05,0.0740218034719747,0.0588232447785701,0.00987430503247617,0.000927429825820614,0,0.000267744958410821,0.00695169139006408,2.58067429793562e-05,0.00162259896482702,0.000254841586921143,0.00446779237830105,0.000648394417356325,0.000191937650908962,0.000190324729472752,0.000490328116607768,0.00183550459440671,0.000908074768586097,0.000596780931397613,0.000429037102031797
0.00112855590647513,6.17941274438832e-05,0.000189447785452958,0.000898725116683845,0.000179961844836572,0.248679353796043,0.000765650921179693,0.00243734468466159,0.000266690444757812,0.00460881200518962,0.000466708278326171,8.88968149192706e-05,0.000162887151727078,9.75696749113946e-05,0.000746950066821676,0.0148110766515497,4.44484074596353e-05,0.000118709771142197,0.0084587487610684,0.000850211306102902,0.000527960352020546,0.0122804987219728,6.88408261874839e-05,0.00017074693109494,0.000616044086315555,0.000287017460364352,0.000301381884726308,0.00013226111487989,0.00159960061479736,9.75696749113945e-06,0.000290269782861399,0.0111888024704642,1.38223706124476e-05,0.000799529280523928,0,0.000477549353316326,0.0679919700157548,0.000314662201589247,0.000786248963660988,0.000108681776776303,0.000388110484647547,0.000204354263564421,0.00120606959265474,0.000105429454279257,0.0102253019307141,0.00132776065941923,0.00976482727050732,0.0073570245151939,0.0012033593239072,0.241411226095768,8.67285999212396e-06,0.0418690446926027,0.00295554806919099,0.00120200418953343,0.00162805843664652,0.00149877861738892,0.0179400819205832,0.00167467505910419,0.00025747553101618,0.00423154259553223,0.000544764018255286,0.0234113014412396,0.00030924166409417,0.000138765759873983,6.26072080681448e-05,0.00109901397712696,0.000272110982252889,0.000693557772495163,0.000521455707026453,4.55325149586508e-05,0.010915878407587,0.0663286780853903,2.73737143501412e-05,0.000153130184235939,0.000561567684490026,0.000123588254887766,0,0.0247637255462614,0.00016234509797757,0.000207877612936221,0.0169784785689564,0.00104480860217618,9.62145405376252e-05,0.00435784111916753,0.00016370023235134,0.000137410625500214,0.000733398723083982,0.0080597972014307,0.00314391174714493,0.013994743704791,0.000140120894247753,0.000842351526735039,0,0.0029596134723123,7.34482830582998e-05,0.000132803168629398,4.09250580878349e-05,0.0421663611742077,0.0218079064501957,0.000236877488534886,0.013465157191522,0.00959408033941238
0.0363792936793174,0.000235059445874817,0.00033391622217731,0.000351490760186642,0.00212432228187801,3.73458932698307e-05,0.206931397790881,3.51490760186642e-05,0.00126097310216958,0.000856758727954939,0.000889710986722436,0.000443757084735635,0.000430576181228636,0.00260542525988348,0.000448150719237968,0.00156633070008172,0,0.000246043532130649,0.000177942197344487,0.000109840862558326,0,0.000116431314311825,7.02981520373283e-05,0,0.00112477043259725,0.00182116150121704,0,0.000797444662173443,7.02981520373283e-05,0,0.0827299408616796,0.000391033470707639,0,0.000437166632982135,0.000230665811372484,0.000219681725116651,0.000175745380093321,0,0.00230006766197134,0,0.000265814887391148,0.150954297413907,3.51490760186642e-05,0.000298767146158645,0,0,3.51490760186642e-05,0.000388836653456472,0.00137960123373257,7.24949692884948e-05,0,0,0.000149383573079323,0.000184532649097987,0.000663438809852286,0.000667832444354619,0.00109401499108092,0.000773279672410612,0.0382334074393019,0.254013585117881,0.000375655749949473,3.51490760186642e-05,0,0.000300963963409812,0.000105447228055992,0.000248240349381816,0.000940237783499266,0.00252853665609265,0.0305774993189867,0,3.51490760186642e-05,0.000525039323028796,0.00132687761970457,3.95427105209972e-05,0.116161105789932,0.000224075359618984,3.73458932698307e-05,0.000151580390330489,0.00056018839904746,0,0.000217484907865485,0.0182577481744449,0.000533826592033462,0.0142990834878428,0.000329522587674977,0.0106589573026599,7.02981520373283e-05,0,0,7.90854210419944e-05,0.000252633983884149,0.000593140657814958,0,0.000485496612507799,0.00108522772207626,0,0,3.73458932698307e-05,0.00273943111220464,0.000995158214778429,3.51490760186642e-05,0
0.000812601785436804,2.15258751109087e-05,0.000127137199873805,0.00417871050590515,3.56522306524426e-05,0.00753405628881805,0,0.203021291108536,0.000102920590374032,0.00280845401837637,0.000346432052566187,4.5742484610681e-05,1.21083047498862e-05,0.000240820727803291,0.000552273233314252,0.0112317980227138,7.870398087426e-05,0.000226021688664541,0.00721924036532101,0.000413700412287777,0.000273109540469654,0.00661315244422948,5.78507893605672e-05,3.49795470552267e-05,0.000249565614567098,0.000152026492970793,0.000158753328942952,0.00024754756377545,0.00131845985054316,0,5.38146877772718e-05,0.000855653535658621,2.42166094997723e-05,0.000456079478912378,0,0.000485004873592662,0.0133601689243049,9.1484969221362e-05,0,0.000182969938442724,0.000302034935149938,9.68664379990892e-05,0.0432703723909126,4.50698010134651e-05,0.0101084164153633,0.000559672752883626,0.00160502306295713,0.00575413549058479,0.0017900110521915,0.00797870014657776,2.35439259025564e-05,0.0544301932687243,0.000217949485497951,0.000746678792909646,0.00228577886333962,0.00288446726486177,0.00628017406360762,0.000244184145789371,0.000216604118303519,0.000933012149338449,0.000223330954275678,0.00156331667992975,9.01396020269302e-05,0.000260328552122552,5.38146877772718e-05,0.000412355045093345,0,0.000607433288285955,0.000113010844332271,0.000115028895123918,0.0586189940285877,0.00678266871072789,0,0.000368630611274312,0.000169516266498406,1.07629375554544e-05,0,0.000102920590374032,6.59229925271579e-05,0.000190369458012099,0.0251967095009159,0.000799148113492486,3.22888126663631e-05,0.00199517954934235,0.000168170899303974,6.45776253327261e-05,0.000213913383914655,0.0019043672637182,0.191498893771824,0.00281921695593183,2.28712423053405e-05,0.000345759368968971,1.21083047498862e-05,0.00266180899418331,6.86137269160215e-05,0,0,0.208573621519956,0.00296317124573603,0.00018027920405386,0.0857126712736524,0.00162116746929031
0.0210656482996909,0.000145480996544826,0.000796508456082924,4.12196156877008e-05,0.0121143238164515,0.000703764320785597,0.00219312602291326,0.000130326726071407,0.119054373522459,0.00568103291507547,0.0036442989634479,9.213796447839e-05,0.000130932896890344,0.00119415651330545,0.000843183609141056,0.00342122810207917,0,3.94011032308905e-05,0.000826816997029763,0.00117112202218585,0.000543129053767352,0.000841971267503182,0,5.09183487906892e-05,0.000341880341880342,0.000573437594714191,0.00016548463356974,0.000567982057343759,0.0264508698551252,0.000178214220767412,0.0187476510880766,0.000470388555494938,0.000141843971631206,0.00365642237982664,3.09147117657756e-05,0.00193126022913257,0.0018657937806874,5.27368612474995e-05,0.00128629447778384,7.51651815481603e-05,0.000306722434382009,0.00190458871309935,6.7891131720919e-05,0.000155179729647815,0.000618294235315512,0.000422501060798933,0.000206098078438504,0.00756561799114991,0.00214705704067406,0.0016548463356974,2.1822149481724e-05,0.000435230647996606,0.00103230890464933,0.0057343759471419,0.0261005031217797,0.00124143783718252,0.0109056192034915,0.00760986846093229,0.0134212281020792,0.0180190337637146,0.000429775110626174,0.00131963387282536,0.0275225798630054,0.000311571800933503,0.0269873310298842,0.000853488513062981,0.0010335212462872,0.00914651148693702,0.205800448566406,0.00047948111777899,0.000471600897132812,0.0119282293750379,0.000814693580651027,0.000561920349154392,0.0194326241134752,2.00036370249136e-05,0,0.000174577195853792,0.000505546462993271,7.51651815481603e-05,0.00128690064860278,0.00394738437291629,8.30454021943384e-05,0.286920046068982,0.0276547251015336,0.00927744438382736,0.000828029338667637,0.000208522761714251,0.000594047402558041,0.0156325392495605,0.00018609444141359,0.000834091046857004,5.33430320664363e-05,0.00358974358974359,0.00104564466266594,3.27332242225859e-05,7.51651815481603e-05,0.000484330484330484,0.00240104261380857,0.000757107352852034,0.000356428441534825,0.00505122143420016
0.00132248349560449,2.03895299910183e-05,0.000351022627830985,0.000399527217162136,0.000101752066933595,0.000476538031876414,5.59856399033957e-05,0.000137886030155088,0.0001615026800008,0.598350413680094,0.00114543196539471,0.00111756138483145,0.000455512857065532,0.000804432967415429,0.0130433828078515,0.0729885031899346,0.000642099059573268,0.00117164009027526,0.00074145523449353,0.00447088118414567,0.0171238313853346,0.0202719356993435,0.00272676958994993,0.000224871578965691,0.00403986510052258,0.000847950189698417,0.0123362034978752,0.00108841951462846,0.000854404429407804,6.74272466609455e-05,0.000133534307926789,0.00317797962054253,9.73514489499221e-05,0.00035415195617493,5.95061342903341e-05,0.000156026355398896,0.000907309636722629,0.00770861141775541,0.00135656383710027,0.000669871848625782,0.00127119184821701,0.000260858854921062,0.000164289738057126,0.000377670814509894,0.00783378455151322,0.0150561276820728,0.00190062690714838,0.00192654165749668,0.00904899075982684,0.00349516638565461,0.000240616012196166,0.000644886117629594,0.00572319927078826,0.000834748335747398,0.000624105421595583,0.00338060363081299,0.0361017898144568,0.0169568523807319,0.000558780692415726,0.00368541976981541,0.00218852511479134,0.000525482683005933,0.000383000451845675,0.000241202761260656,0.000271469233837251,0.00023924693104569,0.000396397888818191,0.000973563385254595,0.00103419412191853,0.00250434279875294,0.000684051617684284,0.00811576637275591,0.000284524400522148,0.0110433508300275,0.000357476867540372,0.000191133507757532,0.000118181040739308,8.38562204666582e-05,0.000149425428423386,0.000621856216848372,0.00103438970494003,0.00252140741737852,0.000443386709732744,0.00950567711502135,0.000105614831608153,7.20234476661151e-05,0.00195749267064851,0.000107668453333867,0.000271664816858748,0.00612370440305788,0.000432091790241317,0.038796972746435,9.77915107482894e-05,0.000546165587529196,0.000246874668884057,0.000533257108110422,0.000299828771954255,0.000557509402775998,0.0173508054817814,0.00167389728947847,0.00270403306370095,0.00196345795280415
0.00188741183163675,4.6426036649874e-05,0.00345390368493125,1.64425546468304e-05,0.000259598921600545,0.000608761405571473,0.000540283001512908,7.96980295822837e-05,0.0010231137826716,0.00970207445072679,0.31896041271199,0.000794465552170969,0.00165218657927739,0.00225340375389326,0.0120655465998441,0.0028441750702629,0.000446657160935663,0.000643387491239504,0.000158041966428946,0.00572568441166508,0.00295927295279072,0.0010026089498179,0.000539315792416036,0.000207949955827561,0.0103092883217433,0.0208410347357672,0.000412804842545129,0.00133397478640638,0.00114865752344563,4.54588275530016e-05,0.000974559886008605,0.000544925605177896,0.000135215831742758,5.55178021604743e-05,0.000177966473824517,7.77636113885389e-05,0.000949992774948046,0.000620367914733941,0.00190888387358732,0.000827544103284004,0.00215049270598604,0.000802396666765322,9.53668169516161e-05,0.000286487334493597,0.0015384427894852,0.00096353370230426,0.000486119292088055,0.000810134339540301,0.000430408048108207,0.00140980397960117,0.000184736937502624,0.00031685770013539,0.000821934290522144,0.0104545631280935,0.000805298294055939,0.000267530036194899,0.0131915714304229,0.112906960481577,0.0123137324541016,0.0135196487560821,0.00854935464907429,0.000222264650461272,0.00119218193280489,0.000431762140843828,0.00303664968054051,5.64850112573467e-05,0.000872229163559507,0.0421198283087788,0.00885982876917032,0.00615338427430205,0.000178353357463266,0.00409284201432514,0.00114769031434876,0.00178256636553579,0.00162529816638434,9.92356533391056e-05,3.75277129586481e-05,7.83439368466623e-05,0.000863524281687656,0.00073488547180363,0.000449752230045654,0.00609825335578032,0.000327303558381612,0.258330330149088,0.000319179001967884,0.000275654592608627,0.0510096405599522,0.000205241770356318,1.87638564793241e-05,0.00612436800139588,0.000608567963752098,0.00145816443444479,9.96225369778546e-05,0.00024296292513434,0.00113589036336692,0.00154385916042768,0.00015649443187395,0.000351677227622795,0.00458960060647879,0.00153070511671022,0.000342005136654072,0.000656928418595717
0.000174076793942409,3.45334530493039e-05,0.0023990178404047,0.000140248105241051,3.66477460931388e-05,0.000194514960032814,0,7.32954921862777e-05,0.000153638627852005,0.0482164528646556,0.00868340153103007,0.231212039630309,0.00483891201299022,0.00144335738459131,0.186073292673129,0.00522371334696817,0.0988671617871132,0.041282981209573,0.000162095800027345,0.000759735967084686,0.0233276999169788,0.0010451655280024,0.107762697386875,0.00134187131848724,0.057549647124491,0.005648686248779,0.00101204160364899,0.00174076793942409,0.000353086938320434,0.000315029663531405,2.39619878301292e-05,0.00080131706361344,7.18859634903877e-05,1.12762295671196e-05,0.000303753433964285,0.000126857582630096,0.000131790933065711,0.00167733914810905,0.00277888582394705,0.0227956028342803,0.00186973981509803,3.52382173972489e-05,0.000128971875673931,0.000576497236618992,0.000946498519290105,0.00284795273004565,0.000522935146175173,0.000480649285298475,0.000768193139260026,0.000713926284468262,0.0190645803762596,0.000437658660073831,0.000925355588851756,0.000276267624394431,0.000107124180887637,0.000654726079240884,0.00407283316677403,0.0107483610705089,7.61145495780576e-05,0.0087073635188602,0.00345545959797423,0.00015575292089584,0.000193810195684869,0.000142362398284886,0.000447525360945061,0.000119809939150646,0.00016421009307118,0.000386210862673848,0.00127773776282424,0.00512363680955999,0.000394668034849188,0.00154907203678306,0.000400306149632747,0.000708992934032648,0.00015011480611228,0.00171680595159397,0.000429201487898491,0,0.000428496723550546,0.00744724486473458,0.000494039807909429,0.00322288736315238,0.00236096056561568,0.00679181402114575,0,2.32572234821843e-05,0.00946146137116132,1.12762295671196e-05,0.000604687810536791,0.000675164245331289,0.00154977680113101,0.0237294155953074,0.00220873146645956,0.000183943494813639,0.000270629509610871,0.00375075585976317,0.00180419673073914,0,0.0022876650734294,0.00219252188645683,0.000506020801824494,0.000429906252246436
0.000345299166455238,7.36390695486977e-05,0.00398641080699757,7.30202538382044e-05,0,0.000168936688964659,8.84906466005359e-05,0.000189357607410937,0.000191214054542417,0.0150966280731935,0.00595857647633958,0.00631872721984666,0.211347223683315,0.018949993502435,0.0283795072989313,0.00346660561018323,0.0119691334723606,0.00699694923854727,0.00010643630220484,0.000420794683135415,0.00769930506995712,0.000571166900785277,0.00197525974789448,0.00969127284203491,0.124164134679051,0.0259444674781403,0.000771044375274599,0.0163138385757338,0.000251239178460263,0.00273330899324872,0.000148515770518382,0.00068564780722653,0.00540535523115861,7.17826224172179e-05,0.00234469272705895,0,0.000503715988341512,0.00142203850271351,0.00847344352378418,0.0205112655400095,0.0415961732436463,0.000182550634595511,2.97031541036764e-05,0.00182736279308659,0.00186139765716372,0.00277105675158881,0.000177600108911565,0.000237006417118918,0.000135520640598023,0.00068564780722653,0.00956565325280478,0.000159035637596767,0.000636761366097563,0.000866341994690561,0.000439359154450213,0.000321784169456494,0.00243008929510702,0.0068843247792375,0.00292204778494916,0.00860896416438221,0.103467843241604,9.52976194159617e-05,0.000111386827888786,0.000666464520201239,0.000211016157278201,2.22773655777573e-05,0.000267947202643581,0.00413307013038447,0.00108787801904715,0.00357427954380906,7.36390695486977e-05,0.00101733302805092,0.00158169295602077,0.000305076145273176,7.4257885259191e-05,0.000698024121436395,0.000399136133268151,0,0.000884287650294866,0.0471302421425875,0.000907802647293609,0.0252767653265181,0.00367452768890897,0.00934906775413214,0.000103342223652374,2.10397341567708e-05,0.017574984993719,5.38369668129135e-05,3.09407855246629e-05,0.000639236628939536,0.00145112284110669,0.000960401982685536,0.00650189667015266,3.27972326561427e-05,0.00417019907301407,0.10292328541637,0.0147352396982655,0.000916466067240515,0.00275806162166845,0.0151956385868724,0.000616959263361778,0.000158416821886274
0.000754534648196032,0.00011282033925076,0.0279920877928976,5.71882409305577e-05,0.000176427668449034,9.82315022786791e-05,0.000515861275332786,5.09636704891365e-05,0.000309866897287002,0.00628234223583069,0.00328657319307042,0.000474234460505781,0.00194459470946526,0.256810020469111,0.00267481462937449,0.00129587775877339,0.00043980480525167,0.000274659170727713,5.27143309257862e-05,0.000621678972836947,0.00195334801164851,0.000360247014297255,0.000165534670176546,0.000268629118112586,0.00758347197591403,0.0134678307391463,0.000162422384955836,0.00888110039512406,0.000258125155492687,0.000175260561491267,0.00110213800378415,8.2670076175126e-05,0.00140869809802415,3.98761543903549e-05,0.000229725552853703,6.30237757193901e-05,0.000163589491913602,0.000249760888962028,0.0101736713508504,0.000548734787976542,0.023920440652903,0.00196852040209947,0.000133633746664262,0.00129490516964191,0.00023750626590548,0.00105078529764242,8.57823613958366e-05,0.00118150127691227,0.000122351712739186,0.0006407417198138,0.000447391000477152,6.76922035504561e-05,0.000249955406788322,0.000728858295125169,0.00030053004162487,5.81608300620298e-05,0.00202201280433043,0.00268998701982545,0.00630665696411749,0.146348404379997,0.0991951435901416,7.43058096444662e-05,0.000122546230565481,0.000919096729241106,0.000115154553166293,8.48097722643645e-05,0.00789878537233727,0.0141266626168055,0.00167304782395825,0.000235366569816241,0.00011106967881411,0.00110135993247897,0.0119776296719048,0.000156392332340709,0.000608062724996338,0.000463146944407,0.000287691865089438,0,0.0108328922641622,0.000670308429410551,8.15029692173595e-05,0.227491515618712,0.00146510826764953,0.0104769246420434,0.000198602700646597,0.000165534670176546,0.00139119149365765,3.65693513433498e-05,1.3616247840609e-05,0.00197221624079906,0.00179812278626556,0.00171895403096374,0.000412766827396747,0.000101149269673095,0.0453603899848996,0.00305003951629641,0.00111283648423034,0.000158142992777359,0.000719521439463037,0.00925982660291928,0.000366860620391265,0.000576161801484054
0.00119420790583596,4.69197348895613e-05,0.00169329142249951,0.000151598747382444,1.59496128502469e-05,0.000273775878827539,1.81175213929989e-05,3.46865366840321e-05,6.20950946888254e-05,0.10532288133008,0.00621663259695158,0.0191107332067997,0.00440611926253326,0.00152264605006289,0.452337369308021,0.0171709196128673,0.00431584135678866,0.0285603368434354,0.000608098346241938,0.00128866677805587,0.046483830421858,0.00557106040304207,0.0203630100914594,0.00217317346349869,0.0468218693039171,0.00483521030338796,0.00218354845438186,0.00195731171288467,0.000386352272440447,0.000224688235395226,9.53879758810884e-05,0.00159774859600823,0.000137042790023966,0.000166154704740922,0.000124190189377651,2.91119147169555e-05,0.00156445571481597,0.00284770272151496,0.00187400208459891,0.00766758281449346,0.00302454211835944,0.000216636003665004,0.000106692070425438,0.000315275842360221,0.00331674521980038,0.00717624182833974,0.00081807577366849,0.000598033056579161,0.00294138734068389,0.00254961529688656,0.0016623213004602,0.000246522171432943,0.00192076696887828,0.00134549695199801,0.000622964004820809,0.00102743379865426,0.0126128919017312,0.0361340801881497,0.00069884080381713,0.0082529181210365,0.00506330525220751,0.000296229217306042,0.000124499890598044,0.000678710224491575,0.000176374845013896,4.44421251264162e-05,0.000345781412568945,0.00129795781466767,0.00117640008566336,0.0201415737188783,0.000356311254062312,0.00340191305540849,0.000409115312139343,0.00435656706727036,0.000423826120108018,8.08320185226106e-05,0.000220352418309722,4.9552195262903e-06,0.000346091113789338,0.00535163708839353,0.000496296205680013,0.00570763864123545,0.000618473337125109,0.0100566180286062,8.20708234041832e-05,3.37574330228527e-05,0.0287187490176664,8.19159727939866e-05,0.000104833863103079,0.00238407999458642,0.000517510739276944,0.0107952554392438,0.000610421105394887,0.000199447585933185,0.000566288681488864,0.00320695613717101,0.00153921506535393,0.000319766510055921,0.00708069900184845,0.0025206582327798,0.00220646634469095,0.000814204508413576
0.000100061812456797,4.59001184887372e-06,2.2267910810296e-05,0.000589099820875847,8.85232494020278e-06,0.00018230528362751,7.68197223468617e-06,5.39610620756858e-05,1.44477254941965e-05,0.00282266111365146,4.49638363243239e-05,2.62203590900693e-05,2.57321548186252e-05,3.58150220320569e-05,0.000244980457561985,0.818834952001718,1.59078798220315e-05,3.11224649937474e-05,0.0012533474316621,6.07401907946878e-05,0.000128609501498408,0.0656643662065271,2.01657344268633e-05,1.08296637017137e-05,0.000188072335911646,5.28263772621469e-05,0.000124900040732733,7.67127186709287e-05,4.77972044932984e-05,3.62029103573138e-06,1.41200267366518e-05,0.000902729824278563,3.57124768426211e-06,3.44529544071604e-05,4.44734028096312e-06,1.66747394995509e-05,0.000175691118908905,0.000400726537125639,0.000208233611852012,2.07876932932236e-05,0.000125176466895559,1.99606440479919e-05,0.000242240717609452,1.88972950184082e-05,0.0186249037858614,0.00257342725997114,0.00171583738223354,0.000181404669355075,0.0304770009865739,0.000967886145948734,1.01140766189121e-05,0.000267292953237254,0.000400621762692954,0.000120720209641602,0.000132111642641964,0.00773645271043878,0.00173262135465227,0.000313251032050454,7.16723996858372e-05,0.000484269657110287,0.000138933126982689,5.34728578042418e-05,1.35783206272413e-05,2.24908351351563e-05,7.80235137011073e-06,2.69693848215999e-05,2.32955919479021e-05,0.000119092862070122,9.77322532620071e-05,1.81192891246457e-05,0.000281566797758059,0.000746150007739933,2.85253966091248e-05,2.93100902326331e-05,6.47974135071454e-05,6.00335206848806e-06,2.98540255852923e-05,2.76225530934406e-05,1.90176741538328e-05,1.75931877179754e-05,0.000363359961792554,0.000329272603278165,3.42723857040236e-05,0.000836568113903273,9.05518607582566e-06,8.85678342669999e-06,4.25272734536007e-05,1.02924160788004e-05,0.000205469350223745,0.000299173360935526,5.53231297005823e-05,0.000202613689622284,4.67918157881784e-06,8.37170009580396e-05,2.43054391395192e-05,1.892627518064e-05,1.8763540423492e-05,0.000216069401870852,0.0339780141330455,0.000192156309543087,0.00252009930297805,7.9648632029339e-05
0.000104450008162111,4.06541947936362e-05,0.00116646266600202,4.19050930949788e-05,0,5.31631778070627e-05,0,3.00215592322236e-05,5.50395252590767e-05,0.0334890493235455,0.00153860491065146,0.0809981668085394,0.00797322577275806,0.00143290400418801,0.040405266031669,0.00280701578821291,0.436537238304257,0.0267936161656089,0.000111955397970167,0.000429683566511201,0.0102123337321614,0.000417174583497774,0.020759282759932,0.004072299420021,0.048009476805531,0.00312161671100059,0.000417800032648446,0.00129217794528696,0.000102573660710097,0.000619820108315284,2.25161694241677e-05,0.00041967638010046,0.000286455711007467,0.000138224262298363,0.000505362913742431,0.00012759162673695,0.000300215592322236,0.000933795581952289,0.00138224262298363,0.0474409435275707,0.00251680738230142,0.000282703016103439,1.00071864107412e-05,0.000221408999337649,0.000637958133684752,0.00167432737634714,0.000273946727994041,0.000303968287226264,0.000597929388041787,0.000396534761525621,0.104277384196526,0.000115708092874195,0.000485348540920949,9.00646776966709e-05,0.000179503906242671,5.191227950572e-05,0.00397973294572165,0.00837914227154375,0.00018388205029737,0.00568032918639698,0.0035619329130732,6.44212625191466e-05,1.00071864107412e-05,0.000454076083387383,0.000240172473857789,0,8.13083895872724e-05,0.000920661149788192,0.000128842525038293,0.00175438486763307,9.25664742993562e-05,0.000551020701741438,0.000156362287667831,0.000156362287667831,3.18979066842376e-05,0.000507864710345117,0.000318353617691705,2.25161694241677e-05,0.000609187472753871,0.0330624930027876,0.000167620372379915,0.00243049539950877,0.00147793634303634,0.00454013538472315,6.37958133684752e-05,0,0.00678925053053724,0.000114457194572853,4.06541947936362e-05,0.000744284489298878,0.000854988988967702,0.00688369335228861,0.0122938285055956,0.000158864084270517,0.0005235009391119,0.00537948814492407,0.00338117810852919,4.00287456429649e-05,0.00124839650473997,0.00340431972710403,0.000430934464812544,0.00137911537723027
0.00163576661667596,5.31302149117193e-05,0.00282475642613974,9.57953874923424e-05,4.10551660681467e-05,0.000289801172245742,6.44002604990537e-05,0,0.000235060950821546,0.0576937783713335,0.00551346730197524,0.0403330781473011,0.0119172682053499,0.00274828111679712,0.293839873582289,0.00466338386338773,0.0162103505708681,0.105270275818266,1.28800520998107e-05,0.00269032088234797,0.0299509511515974,0.000576382331466531,0.0129066172072666,0.00384711056156222,0.148085179004549,0.0107323034121673,0.00159068643432663,0.00385838060714956,0.000237475960590261,0.000409746657425229,0.000613412481253487,0.00132342535325555,0.000148120599147824,2.73701107120978e-05,0.0002994612113206,0,0.000612607477997248,0.00185472750237275,0.00288513167035761,0.0281066886915558,0.00552554235081881,0.000121555491691964,0,0.0013202053402306,0.000760728077145072,0.00286339658243918,0.000648027621271728,0.00036547147833213,0.000475756924436759,0.00115839968572673,0.0024230598012769,0.000414576676962658,0.00151099111195905,0.000760728077145072,0.000615022487765963,4.26651725806231e-05,0.00741327498669732,0.0217044977946936,0.00242788982081433,0.0123213798399815,0.00793894211302085,0.000193200781497161,0.000194005784753399,0.000525667126323526,0.000273701107120978,0,8.4525341905008e-05,0.00265248572930477,0.000792928207394599,0.0147210945468274,0.000192395778240923,0.00189417266192842,0.00059006738682258,0.00367725487449597,0.000186760755447256,0.000407331647656515,0.000375131517406988,1.28800520998107e-05,0.000520032103529859,0.0108554689103717,0.00105938428520943,0.00385355058761213,0.000523252116554811,0.00805325257540667,2.57601041996215e-05,6.92302800364827e-05,0.0536140218687185,8.53303451612462e-05,0,0.00208898344993805,0.000734162969689212,0.00595943910593118,0.000669762709190159,6.68152702677682e-05,0.000936218787004993,0.00454665839123319,0.00226688916956669,0.000553037237035624,0.00181689234932955,0.00869403516737225,0.000462876872336949,0.000760728077145072
0.000253184329844962,6.45239638631133e-06,5.70122188163628e-05,0.0210198850337051,3.25508952025855e-05,0.00227326592087879,3.46695925234639e-06,0.000802697371341864,1.61791431776165e-05,0.00437366540125864,4.04478579440412e-05,2.60021943925979e-05,0.0001494644655456,8.10883247354349e-05,0.000582834372088898,0.0882792797469197,4.40111216200638e-05,0.000138774674517532,0.269787694008873,0.000385699216823535,0.000533815420437667,0.0911458772220681,5.47009126481319e-05,9.31263776949709e-05,0.000567425664300692,8.66739813086596e-05,0.000316360031776608,0.000327627649346733,0.000322619819315566,8.08957158880823e-06,1.57939254829113e-05,0.00556379546905021,1.30974016199752e-05,0.000180570794393041,6.54870080998762e-06,0.00017411839800673,0.00140103675564264,0.00024027953707234,0.000487492992649372,8.99483317136534e-05,0.000482581467041882,2.81208917134762e-05,0.000919129419566497,6.31757019316452e-05,0.208979154811191,0.00181408642879025,0.0476578812314139,0.000812809335827875,0.013735899948949,0.0316647018959163,2.25352351402515e-05,0.00854393585971296,0.00144475896399168,0.000532659767353551,0.000905839409099169,0.0364568100180484,0.00722119460051914,0.000750307764861963,0.000208210163988136,0.000893030920750223,0.00047198798043749,0.00127574470043979,0.000333598523614663,7.85844097198514e-05,3.0046980187002e-05,0.000303262630156632,0.000477188419316009,0.000629638321995574,0.00012895162330255,9.53413794395256e-05,0.0219255318339569,0.00236591077645538,0.000134248366604746,8.5807241495573e-05,7.36728841123607e-05,1.01119644860103e-05,1.89719714642288e-05,0.000272059996885515,8.57109370718967e-05,0.000119417485358598,0.00168580893645343,0.000450897311652383,0.000116528352648309,0.00214219560025536,5.30637374456349e-05,2.06091466667257e-05,0.000111039000498761,0.000140989676262086,0.00259135943228157,0.0013155184274181,4.04478579440412e-05,0.000409101191776873,2.31130616823092e-05,0.000625978753895875,0.00014763468149575,0.000143975113396051,7.66583212463256e-05,0.00308983112923004,0.0334118567502515,0.000513687795889323,0.0685996633775175,0.00225477547153294
0.00105271890015897,2.25421606029757e-05,0.000192510051549413,6.80773250209868e-05,6.0412990415975e-05,0.000592858823858262,1.53286692100235e-05,9.87346634410338e-05,0.000294851460686923,0.106777706344176,0.00546241635731308,0.000655976873546594,0.0018930906474379,0.000451294055271574,0.00518650031153266,0.00595293377203383,0.000302966638503994,0.00107661359039812,0.000605031590583869,0.177813464522697,0.00690015536057088,0.00182456247920486,0.000508551143203133,0.000286285439657792,0.00430690520480455,0.00488082861375631,0.00485152380497244,0.000992305909742992,0.00267034434502851,0.000197469326882068,0.00020423197506296,0.00351612621085216,2.8853965571809e-05,0.000923326898297887,5.41011854471418e-05,5.04944397506657e-05,0.00147290477379844,0.00172537697255176,0.00108878635712373,0.00057662846822412,0.00127273038764401,0.000192510051549413,0.000305220854564292,0.000183042344096163,0.0013385534966047,0.00290884040420799,0.000729464317112295,0.00211039707565059,0.00047428705908661,0.00506928107639719,0.000183493187308223,0.000656427716758654,0.00443359214739327,0.0354461950185432,0.00275780792816805,0.00067806819093751,0.264722059668197,0.16874700752818,0.00125650003200987,0.00414730670773548,0.00394577979194487,0.000818731273100079,0.00245303791681582,0.000321902053410494,0.00143187804150102,8.9266955987784e-05,0.000150130789615818,0.00419870283391026,0.00178669164939186,0.00611749154443556,0.000879595106728113,0.0148016334951259,0.000416579127942992,0.0220908665477042,0.00207703467795819,0.000277719418628661,0,0.000175378009491151,0.000192960894761472,0.000613597611613,0.000571218349679405,0.00124297473564808,0.00025111966911715,0.0346220536268984,0.000182591500884104,5.31994990230228e-05,0.00949070045706485,0.000210092936819734,0.000155540908160533,0.0195756122676241,0.000411169009398278,0.00667428291132906,5.18469693868442e-05,0.000564004858286453,0.000480598864055443,0.0010234140913751,0.00156262257299828,0.000178083068763508,0.00838793796036728,0.000729464317112295,0.00113071477584526,0.00636320109500799
0.00033246739315196,7.09894789648314e-05,0.00131843237877462,0.000205080717009513,3.94385994249063e-05,0.000405034416093788,2.52407036319401e-05,7.84828128555636e-05,0.000144739659889406,0.351153401559481,0.00325013497860653,0.00803955849276716,0.00246846193800489,0.000631017590798501,0.154456936401709,0.00716204965556299,0.00223340788543245,0.00822137043611598,0.000186150189285558,0.00374508940138911,0.139822455313109,0.00229059385459856,0.019706284974643,0.000895650592939623,0.0162455478751074,0.00220658963782351,0.00402944170324268,0.00201097418467597,0.000335228095111704,9.85964985622658e-05,0.000166036503578856,0.00127031728747623,0.000274492651997348,0.000205475103003762,7.13838649590805e-05,8.20322868038052e-05,0.000410950206007524,0.00375770975320508,0.000940216210289767,0.00266249984717543,0.00293778127116127,0.00016840281954435,4.14105293961517e-05,0.000337988797071447,0.00415840592336213,0.00634290994550769,0.000435007751656717,0.00152509063976113,0.00131764360678612,0.00185558610294184,0.000427120031771736,0.00034548213096218,0.00272915108020352,0.00183468364524664,0.00056002811183367,0.000728036545383771,0.0241857210973238,0.0650023051861364,0.000471291263127631,0.00388351888537053,0.00350254201492593,0.000229138262658706,0.000405823188082286,0.000371905992576867,0.000308409847502768,2.12968436894494e-05,6.03410571201067e-05,0.000836098307808014,0.00213126191292194,0.0273550069471093,0.000464586701225397,0.00553362988530861,0.000461037227277155,0.0219381153160984,0.00101948779513383,0.000131724922079187,0.000285535459836322,4.53543893386423e-05,0.00020192562905552,0.00176960995619555,0.000291845635744307,0.00201886190456096,0.00168915521336874,0.0146553835462952,6.54680750453445e-05,1.34091238044682e-05,0.0138042985707057,0.000162487029630614,8.91312347002883e-05,0.00316415883186024,0.000839647781756256,0.0231031315431101,5.40308812121217e-05,0.000196798611130283,0.000472868807104627,0.0012644014975625,0.000584874429471361,0.0003368056390887,0.00418561855696531,0.00221684367367399,0.00110664709986287,0.00167377415959303
0.000148911278004181,4.33443480922019e-06,1.8380682711947e-05,0.000657341437954585,1.37017895072921e-05,0.000314787131983521,6.97528250755302e-06,0.000152537659445007,1.39218601488198e-05,0.0033144647954717,0.000114015728888891,2.46766167173926e-05,2.72791912606772e-05,3.74789870810496e-05,0.000241953317926602,0.235826216376364,1.72133514829738e-05,3.66082728037007e-05,0.00350337152050136,0.000129707722458695,0.000136893507319014,0.55390784413671,1.66679590235355e-05,1.58929276338074e-05,0.000216635625862151,5.72375033747355e-05,0.000269376033518711,7.63836491876485e-05,7.39820087083675e-05,6.91787277498056e-06,2.48392776263479e-05,0.00158359006327854,2.47722996050134e-05,2.25141834571636e-05,8.25743320167113e-06,6.89873619745641e-06,0.000233083514244158,0.00040495868527732,0.000135429559138416,2.52124408880689e-05,0.00014780135650778,1.68401882212528e-05,0.000437318637870659,3.23982257483875e-05,0.0668973415236865,0.00193498546806576,0.010119785789744,0.000179434119155201,0.0164333637196669,0.00188534518596811,6.99441908507717e-06,0.000557429366700993,0.000804760062911882,0.000191844189679613,0.000135821858977661,0.00855507396019301,0.0027940264331249,0.000590621760416632,0.000106887353761145,0.000539488825272101,0.000146270430305848,8.14644105203105e-05,3.76799211450532e-05,2.95277391197649e-05,1.26875508985121e-05,2.58343796576038e-05,3.17954235563768e-05,0.000171750783279255,0.000132042384916641,2.74322838808704e-05,0.000697241202092439,0.000878856891085394,1.98254943150204e-05,2.57004236149347e-05,0.000134750210636309,9.91274715751019e-06,2.69921425978149e-05,5.62136964771934e-05,2.55568992835036e-05,2.76810593886843e-05,0.000508879869522222,0.000310041260757531,2.53463969307379e-05,0.00125478538825858,2.44852509421511e-05,6.78391673231151e-06,9.69746066036349e-05,1.06877785472383e-05,0.000273987948702031,0.00046687508185671,4.87217263764883e-05,0.000213554636880762,4.16220561150283e-06,0.00011009273049644,2.52602823318792e-05,2.96138537186236e-05,1.97011065611134e-05,0.000389477194060282,0.0756220134021873,0.000233628906703597,0.00337990232231554,0.000126980760161504
0.000144424084660287,2.22190899477365e-05,0.00145326735189414,3.47173280433383e-05,4.65212195780734e-05,0.000211775701064364,0,0,1.11095449738683e-05,0.125863506741758,0.00200666156090496,0.0928646864365648,0.00220455033075198,0.00064643664816696,0.131265522985301,0.00488195066945424,0.0187445797571592,0.00960975640239605,0.00016108840212109,0.00147965252120708,0.0453387473849173,0.00203512976990049,0.309625795807952,0.000249270415351169,0.014175085040095,0.00246979071700309,0.00104846330690882,0.000799192891557648,0.000413830550276593,6.66572698432096e-05,0.000250659108472903,0.000400637965620124,2.49964761912036e-05,4.72155661389401e-05,5.62420714302081e-05,1.1803891534735e-05,0.000138869312173353,0.0043688285609737,0.00176086287835812,0.00587694929117631,0.00132550758469466,0.00011595587566475,2.22190899477365e-05,0.000140952351855954,0.000904733568809397,0.00470489229643321,0.000446464838637331,0.000372169756624587,0.000700595679914568,0.00089987314288333,0.00576585384143763,0.000363143251333319,0.00055408855557168,0.00037147541006372,0.000149284510586355,0.000313150298950912,0.00909802298703724,0.0113178489421283,0.000152061896829822,0.0029877732514097,0.00334258434401261,0.000238855216938168,0.000767947296318644,0.000393694500011457,4.58268730172066e-05,2.36077830694701e-05,0.000839464992087921,0.000246493029107702,0.000222885246038232,0.0057936277038723,0.000573530259275949,0.00166573739951937,0.000109706756616949,0.00306276267998331,7.49894285736108e-05,5.55477248693413e-05,0.000138174965612487,3.47173280433383e-05,0.000452019611124265,0.00205734885984823,2.29134365086033e-05,0.00188584525931414,0.000423551402128728,0.00773085460869058,4.65212195780734e-05,1.1803891534735e-05,0.00410011644191826,1.1803891534735e-05,0.000190250957677494,0.00165462785454551,0.000580473724884617,0.131614779305417,0.00144076911379854,0.000389528420646256,0.000321482457681313,0.00101027424606115,0.000254130841277237,0.00027912731746844,0.00292944814029689,0.0014143839444856,0.00133661712966853,0.0006936522143059
0,6.56750361681806e-05,0.000788100434018168,0,0,0.000260823715067917,0,0,6.37986065633755e-05,0.00736498619886026,0.000688649664963494,0.00648118785499703,0.028082645465514,0.00583381964133925,0.0170379808116309,0.00347327119849435,0.0128010027639808,0.0121780281351855,0.000127597213126751,6.00457473537651e-05,0.00299853450847865,0.00069803181298752,0.00135665860427413,0.127563437393864,0.0212749588592809,0.00142045721083751,0.000566681740651159,0.00806677087105739,0,0.00699908242592325,6.00457473537651e-05,0.00104141843066686,0.00928457368457594,0,0.00329313395643306,0,0,0.000624851058400119,0.00354457552347695,0.0254669025964156,0.0287487779752199,3.18993032816877e-05,0,0.0017807316949601,0.00103015985303803,0.00121217352470413,0.000600457473537651,0,0,0.000127597213126751,0.0585408508107114,3.37757328864929e-05,0.000902562639911282,0.000367780202541812,0,0,0.00174883239167841,0.00202091468437516,6.00457473537651e-05,0.020147224666793,0.00751697699684947,3.37757328864929e-05,0,0.000769336137970116,0.000307734455188046,0,0.00012009149470753,0.000491624556458952,0.000611716051166483,0.000833134744533491,3.37757328864929e-05,0.000191395819690126,0.0019983975291175,0.000324622321631293,9.75743394498684e-05,0.00219354620801723,0.000315240173607267,0,0.00136228789308855,0.113512732513083,3.37757328864929e-05,0.00962420744304567,0.0148425581740088,0.00112022847406868,0,6.37986065633755e-05,0.00277523938550683,0,0,0,0.000938214802402581,0.000921326935959334,0.148108465136876,0,0.00343949546560786,0.159554685726188,0.0940128760599482,0.000135102931545972,0.00107519416355336,0.00553922019338484,0,0.000180137242061295
0.00135398365345587,8.4550070936327e-05,0.00773130578715673,0.000196298066789235,0.000131259550684368,0.000246555101961177,0.00018742917822948,1.44858513142658e-05,4.93701463159672e-05,0.0473013302445951,0.0105093373136905,0.0127366108606636,0.0414268740922323,0.00747676868549177,0.0908842311457037,0.00940131750295851,0.0117666500818451,0.0224223240567715,0.000168508882635337,0.000928572632206305,0.0147927148584333,0.00387540867099409,0.00437177080072169,0.00292909826166828,0.273368708373502,0.053783305263301,0.00143262113201902,0.00750101031422176,0.000250102657385079,0.000595398051978191,0.000301837840650314,0.00231832746951985,0.000921477521358501,0.000125938217548515,0.000585346644943802,1.56683697888998e-05,0.000408855762604686,0.00152160564723523,0.0038269254135341,0.0258460106704555,0.0130949139584776,0.000557557460789905,0.000118547477082053,0.00100868825886275,0.00148613009299621,0.00558030468179758,0.00110535914416408,0.000781940341351695,0.00110683729225737,0.0029524530015423,0.00308696447803191,0.000457634649683336,0.00232690072846094,0.00141606587337415,0.000294151470565194,0.00160852075512082,0.0102837719146541,0.0199150892609289,0.00245845590876397,0.0308335779668428,0.0366766973796277,0.000318688728913848,0.000317801840057872,0.00147312238977524,0.000224974139799108,4.61182205107238e-05,0.000783714119063646,0.00600098562914861,0.000922068780595818,0.0123854028736973,0.000308637321879459,0.00209926592209391,0.00140069313320391,0.0012020300294654,0.000287647618954707,0.000947197298181789,0.000742325972451458,1.41902216956073e-05,0.00118754417815114,0.0124924207956516,0.000273161767640441,0.0192812593585251,0.00206852044175343,0.0158079069689066,7.98199970377912e-05,6.97685900034027e-05,0.0757246399305152,5.67608867824293e-05,0.000121799402887296,0.0023271963580796,0.00142109157689134,0.00216726073438536,0.000832788635760955,9.46014779707155e-05,0.00376484319361582,0.0106825762702244,0.00383490741323788,0.000245668213105202,0.00650385161048669,0.00830364472887955,0.00145568024227439,0.00078696604486889
0.000960471103203407,8.36993800030579e-05,0.0406646393737629,8.74285603002239e-05,0.000309936318031125,0.000477335078037241,0.000234524005355103,4.7236283764102e-05,0.000258970853969857,0.010966276193866,0.0347182542132486,0.00325723181289128,0.0159675213257319,0.0298628614663385,0.0204533108698562,0.0037544558525134,0.00291953381931458,0.00401881330024584,0.000133007430598919,0.00346233672923541,0.00454877125580975,0.00151570461411478,0.001228557731233,0.000663794092895538,0.115323657629758,0.233949711589339,0.000476920724670889,0.00568285641951455,0.000391149577836073,0.000295848303575165,0.000270987101594059,0.000558133984475837,0.000515869941107956,0.000158282985946377,0.000195989142284388,4.3507103466936e-05,0.000258142147237154,0.00093063766082608,0.00372835159043324,0.00324894474556424,0.0163972057666387,0.000873456896269535,2.85903822782723e-05,0.000834507679832469,0.000925251067063507,0.0019047824251191,0.000428855734174084,0.000339355407042101,0.000923593653598099,0.00135866468826746,0.000918207059835526,0.000239081892384972,0.000706886842996123,0.00157578585223579,0.000710616023293289,9.86161011917217e-05,0.00756733552968241,0.0193337280739737,0.00450236367877835,0.0813690566706955,0.0900066669456646,0.000308278904565718,0.000946797442113799,0.000738377698838858,0.000793901049929995,2.73473221792169e-05,0.000578022946060722,0.051932564818333,0.00199221098541932,0.00329700973606105,0.000132178723866215,0.00168600384768536,0.00358457097230918,0.000546532090217987,0.000189773841789111,0.000180243714363021,0.00022457952456266,8.28706732703544e-05,0.00110508042806018,0.0028524085739656,0.000317394678625457,0.0465604734235823,0.000778155622008628,0.0312845078662915,0.000233695298622399,0.000170299233570578,0.0422068626033242,2.81760289119205e-05,4.01922765361219e-05,0.00142247510668563,0.00065012043180593,0.00118339321430066,0.000757437953691039,0.000188116428323704,0.0074960667506699,0.00344369082774958,0.00108933500013881,0.000193917375452629,0.00222342016384361,0.009131105134294,0.00137358140945612,0.0003625591955578
0.000831680950718375,9.38728993880146e-05,0.000206410585788851,8.45405058816038e-05,1.86647870128216e-05,0.000412821171577702,5.48964323906518e-05,0.000115282508020369,0.000186647870128216,0.381389121283786,0.00125328555147858,0.000354630953243611,0.000549513288230425,0.000139436938272256,0.00860830956317811,0.0149268889313421,0.000220134693886514,0.000951904137653902,0.000363963346750021,0.0106532016697299,0.0092731053594289,0.00603201999108482,0.00133672812871237,0.000157552760961171,0.00264271425528598,0.000445759031012093,0.128714567097713,0.000425996315351458,0.0028046587308384,0.000143828652863508,0.000209155407408383,0.0099384501200036,0.000659306153011728,0.000337613059202509,8.01487912903516e-05,0.000339808916498135,0.000948610351710463,0.0428658792322405,0.0012637158736328,0.000555551895793396,0.00191863031205328,9.05791134445755e-05,0.000216291943619168,0.000174570655002273,0.00416444336115485,0.0601648430071827,0.00252523588996998,0.00134276673627534,0.00097276478196235,0.00439281251989996,5.37985037428388e-05,0.000626368293577337,0.0467821907189896,0.00132959159250159,0.00043203492291443,0.00274921333412384,0.0998922931996495,0.0146320950894043,0.00062911311519687,0.00228369158745111,0.0012714013741675,0.000841562308548692,0.000408429456986449,0.000252523588996998,8.83832561489494e-05,0.000102656328570519,6.25819329253431e-05,0.00106059907378739,0.000858031238265888,0.00157662553825952,0.000533593322837136,0.00691640151689822,0.000781176232918975,0.0118554335390852,0.00056598221794762,0.000152612082046012,0.000129006616118032,0.000336515130554696,9.2226006416295e-05,0.000593430434142946,0.000363414382426115,0.00159254550365281,0.000691695048122213,0.00630320836709464,0.000196529227958533,6.25819329253431e-05,0.00113086650724743,0.000185549941480403,0.000382079169438937,0.00758778488503589,0.000221781586858233,0.0464862989484039,0,0.000503949249346184,0.000288206270050922,0.00115611886614713,0.0010441301440702,0.000237701552251522,0.0217763168007238,0.000634053794112028,0.00117533261748386,0.0035369771389297
0.000924400445670241,0.000763484264552777,0.00150870335531243,4.29231584138523e-05,0.000146851997296754,6.42934117518128e-05,8.94993515863303e-06,8.76728342070175e-06,3.123344718625e-05,0.00300261191985242,0.000779009662276937,0.000311969168386637,0.00157281411532631,0.00540283840800745,0.00198049279438894,0.00218999433779612,0.000476173080786864,0.000188679245283019,9.04126102759868e-05,0.000208405632979598,0.0012610275986776,0.000245483935779649,0.000110138997972566,0.000436537653655774,0.00377888180606038,0.00277813293393487,0.000307037571462492,0.359998721437834,0.000189409852234744,0.00147655664943652,0.000482383239876527,0.000394893057407441,0.0126053443898519,0.000120915450510512,0.00140093882993297,5.57087800690424e-05,7.79922920966593e-05,0.000435624394966118,0.0881426144769767,0.000272516392993479,0.0725664395696725,0.000118723629655336,0,0.00799685839010758,0.000414802096841951,0.00125938373303622,0.000193976145683026,0.000118906281393267,0.000241100294069298,0.000275804124276242,0.000848234670952894,0.000114339987944985,0.000251694094869313,0.000260278726552083,0.00012639500264845,5.20557453104166e-05,0.0012791101207328,0.00158103344353322,0.00208898792672012,0.00956346234634423,0.0150605490511242,2.77630641655555e-05,7.525251602769e-05,0.00600979013315312,7.41566056001023e-05,6.10056804690497e-05,0.00117993022703611,0.0015050503205538,0.000763484264552777,0.000394893057407441,3.36079197793567e-05,0.000573891760580102,0.033896874828764,7.19647847449268e-05,6.15536356828435e-05,0.00151509616614002,0.00213739063727191,2.35620741931359e-05,0.00629162176478109,0.000736817110814809,0.000129865385669145,0.0266326325594988,0.0300009132586897,0.00467679774973059,4.09139892966082e-05,7.30606951725146e-05,0.00149372591280206,6.02750735173245e-06,2.92242780690058e-06,0.000526950263931761,0.00919030484575061,0.000481469981186871,0.000721474364828581,0.000311421213172843,0.0128398692213556,0.00506073170286215,0.00604924290854628,9.79013315311695e-05,0.00148240150505032,0.235458729839814,0.000481835284662734,0.000121098102248443
0.00940979922553718,3.37677270014343e-06,0.000107001484935795,0.000240172958297701,0.00168057756320263,0.00189901254724316,0.000311296233294472,0.000616472066069935,0.00651358349028291,0.00379253783884859,0.00108394403674604,0.000136759294355809,8.63187521474164e-05,0.000235529895835004,0.000584392725418572,0.0039081923038285,0.000118609141092538,0.000174536938938663,0.00026296617402367,0.00129372604074245,0.00023025368849103,0.00177512719880665,0.000227087964084646,5.36062666147769e-05,0.000349918071052363,0.000410699979654944,0.000252413759335721,0.000127051072842896,0.322580352416883,1.49844288568865e-05,0.00158877155541748,0.000724739840768283,1.11855595692251e-05,0.00391600109069758,3.71444997015777e-05,0.00301144810364666,0.0103270151102136,0.000461984715038373,0.00102126269349963,0.000130005748955522,0.000137603487530845,0.000452909638406737,0.000745211525262903,0.000166306055482064,0.00179792041453262,0.00203746022794904,0.000441513030543753,0.0689682608691982,0.000630612301751785,0.00318978391187299,0.000133593569949424,0.00114219336582351,0.00213517558795944,0.00300786028265276,0.0643655086306089,0.000197541202958391,0.0167582897659306,0.00335144690489235,0.00178525751690708,0.00309333484162514,0.000342953477358317,0.00198153243010292,0.0349335577761588,0.000131483087011835,0.00859219813551495,0.00126185774838485,0.0002648656086675,0.00166158321676433,0.00781891718718211,9.41275390164981e-05,0.00050123969767754,0.216533227865466,0.000268664477955162,0.000372500238484572,0.00163330274540062,6.75354540028686e-06,1.39291873880916e-05,0.000423573925574241,0.000255157387154588,0.000131905183599353,0.00426106505099349,0.001271354921604,3.79886928766136e-05,0.0299431098219343,0.011429953493398,0.0005461929842482,0.000485622123939377,0.0022732011720778,0.000387273619047699,0.0927272335874073,5.57167495523666e-05,0.000869941066874451,3.20793406513626e-05,0.010323216240926,0.000263810367198705,8.94844765538009e-05,6.83796471779044e-05,0.00128802773681096,0.00389046424715275,0.000419986104580339,0.000925446768133058,0.0069394789470885
0.000470429609654549,0.000275960676529637,0.00140388048865413,0,0.00015742723157731,0,0,0,0.000179652252505871,0.00258551076802264,0.00210396864790381,0.000603779735225917,0.00616188705244364,0.00783802404747264,0.00305408829259981,0.00148722431713623,0.00176133290858849,0.0015650118903862,0,6.29708926309239e-05,0.00101864679255906,0.000125941785261848,0.000392642036404584,0.00505804434632509,0.0038560411311054,0.0028596193594749,0.000129645955416608,0.0369213160175726,0,0.121176370357749,0.000251883570523696,0,0.0397920478875118,3.14854463154619e-05,0.0304427224168969,0.000188912677892772,3.14854463154619e-05,0.000455612929035508,0.0306520080306409,0.000750094456338946,0.0190727721268604,2.96333612380818e-05,3.14854463154619e-05,0.00980679048472771,3.33375313928421e-05,0.000857515390826993,0.000133350125571368,6.29708926309239e-05,0.00105568849410667,0.0006519339472378,0.00158353274116,0,6.66750627856841e-05,3.14854463154619e-05,0,0,0.000850107050517473,0.00101864679255906,0.000257439825755836,0.00576739293096168,0.00331893645866517,0,0,0.00894371883866857,0,0.000433387908106947,0.000346339909470081,0.00201506856418956,0.00554329063659868,0.000283369016839158,0,0.000503767141047391,0.00518954238681908,3.14854463154619e-05,5.92667224761637e-05,0.0190394345954676,0.00171688286673137,0,0.000838994540053192,0.00196876643725506,9.44563389463858e-05,0.0171484557314625,0.324896468444174,0.0028318380833142,0.000129645955416608,0,0.00112236355689235,0,0,0,0.00765837179496677,0.000422275397642666,0.00702681078358016,0.000277812761607017,0.00606002237318774,0.0193542890586222,0.118042642406822,0,0.000535252587362853,0.0990106161516636,0,0
0.0120388004032922,2.30640984243926e-05,0.00123294080434396,0.000397361467140249,0.0025976764568273,0.000343984553643798,0.0218963960698776,0.000106753826992903,0.00859565999565077,0.0017812073726038,0.00298317638763501,0.000197033297968382,0.000156176895045173,0.000957489571732641,0.000285994820462468,0.00179372788317705,0.00032421532642289,0.000215484576707896,0.000163425611692839,0.000133771770861477,0.000121910234528932,0.000529815289520333,0.000121251260288235,6.7215372551087e-05,0.000367707626308888,0.000415153771639067,0.000181876890432353,0.000486981963875032,0.00478151709049693,5.46948619778453e-05,0.164180137198437,0.000247774314502046,7.51230634394501e-05,0.000381546085363523,1.05435878511509e-05,0.00012454613149172,0.00073871012382126,0.000848758822017647,0.00196242528879546,0.000195715349486989,0.000757161402560774,0.0978102285981641,0.000201646117653261,0.000123887157251023,0.000827012672074649,0.000546289645537756,6.39205013476023e-05,0.00108005878050227,0.000120592286047538,0.000684674236084111,0.000189125607080019,0.000126523054213811,0.000322897377941496,0.00130608694506132,0.00483291708127129,0.00086523317803507,0.00234528932264038,0.00172980738182944,0.0837602388122648,0.161933694011901,0.000268861490204348,0.000193079452524201,0.0016757714940923,0.000319602506738012,0.00165732021535278,0.000942333164196611,0.000957489571732641,0.00776798834933542,0.196872508253652,0.000208894834300927,2.37230726650895e-05,0.00256275082207036,0.000776930629781682,0.000348597373328677,0.0295240229059446,1.18615363325448e-05,2.37230726650895e-05,0.000129158951176598,0.000673471673992264,0.000125864079973114,0.00103986135181976,0.0169666097752239,0.000545630671297059,0.10842432669307,0.00181810993008283,0.0224947446804304,0.000490935809319214,5.86487074220269e-05,9.48922906603581e-05,0.00322765583093357,0.000149587152638203,0.000401974286825128,0.000158153817767263,0.00140625102964725,0.00114068441064639,0.000255682005390409,0.000235912778169501,3.42666605162404e-05,0.000994392129211669,0.00234660727112177,9.22563936975703e-05,0.00081383318726071
0.000213540946262047,2.25424751074106e-05,5.20682169600517e-05,0.000475964759740708,8.45342816527898e-06,0.00231354402134968,1.66618294272165e-05,0.000267201838093818,1.83770177506065e-05,0.00926042427143394,0.000230570316044276,0.000163310431077056,0.000255685573636771,0.000102176218693372,0.00114550077312114,0.0896887901049316,0.000175806803147469,0.000262056273123648,0.00444025502890154,0.00107248275592539,0.00124522672278109,0.071835272333314,9.7520707529885e-05,0.000100583543821653,0.00117257624594036,0.000254705466023406,0.0033704675689129,0.000737776005961015,0.000325518241089076,4.92504075716253e-05,4.60650578281869e-05,0.192536014973104,1.53141814588387e-05,6.61572639021833e-05,2.85456342392754e-05,6.30944276104156e-05,0.001777670183742,0.00164560068284097,0.000730547712312443,0.000161350215850325,0.00111891535410859,9.0782467687996e-05,0.000429164621202497,0.000160982675495313,0.0310996721662547,0.0290695017586193,0.0485241478301214,0.000358229332685155,0.0080359023219852,0.0498861298723447,3.23435512410674e-05,0.00193081199833039,0.0172029713432461,0.00089581835861623,0.000506103068851702,0.00522924165766091,0.0107775083434723,0.0015129186146816,0.000409684982386854,0.00190116374302608,0.00129741745319282,0.000575813222852336,0.000187323067604515,0.000220646726458948,1.86220446539479e-05,7.08127750656703e-05,2.30325289140934e-05,0.00119965171875959,0.000400128933156538,6.34619679654277e-05,0.0019918236972624,0.00273621542961363,0.000165883213562141,0.000129619231867611,9.39678174314344e-05,2.49927441408248e-05,4.68001385382112e-05,0.000376728863887433,6.28494007070741e-05,0.00014664860164984,0.00105753611482157,0.000715233530853604,0.000140277902162963,0.00332881299534486,1.67843428788872e-05,1.23738586187417e-05,0.000176664397309164,9.21301156563738e-05,0.000374768648660701,0.00392741372020794,0.000177031937664176,0.000353941361876681,2.73204997225683e-05,0.000381996942309273,9.13950349463495e-05,0.000232898071626019,0.00015363186839507,0.00047290192344894,0.376691864825028,0.00104516225620283,0.00432472484397606,0.00075603051025995
0.000495757152126016,0.000318032890043105,0.000871614203995139,0.000108845481084271,0,0.000246603043081552,0,5.44227405421355e-05,0,0.00218456281957416,0.00104338597883125,0.000689638165307374,0.00903672599595741,0.00833008072423062,0.00233337500074406,0.000884369533809702,0.00177129013358232,0.000318883245364075,8.41851767761159e-05,0.000175173196119999,0.000948146182882517,0.00229255794533746,0.000369904564622327,0.00496267365318598,0.00609364623007724,0.00381129254859143,0.000204085277033008,0.12722931276834,1.44560404565048e-05,0.010188107100552,0.000220242028131455,0.000289971164451066,0.168922234155542,1.44560404565048e-05,0.0029830464659658,7.22802022825237e-05,6.97291363196112e-05,0.000279766900599415,0.0215539563206486,0.000638616846049122,0.121323595064198,9.86412172326207e-05,0,0.00577306227407122,0.000885219889130673,0.000707495627047762,1.44560404565048e-05,0.000144560404565048,0.000222793094094367,0.000261909438859027,0.00134951389438077,0.00011734903429398,0.000227895226020193,0.000365652788017473,4.08170554066016e-05,8.41851767761159e-05,0.000891172376377469,0.00148046861381028,0.00100852141067145,0.0116405139887702,0.0257615144488124,4.33681213695143e-05,0,0.00471947203138832,0,2.89120809130095e-05,0.0011471293279897,0.000579091973581161,0.000721951667504267,0.000144560404565047,0.000125002232182718,0.000493206086163103,0.00712427687909393,7.22802022825237e-05,8.67362427390285e-05,0.00629773150711025,0.00102297745112795,0,0.00476709192936268,0.00276620585911823,4.25177660485434e-05,0.0275481109781722,0.118573545956178,0.00204850596821882,0,7.48312682454364e-05,0.00133930963052912,0,4.08170554066016e-05,0.000419225173238638,0.00449837964793589,0.000116498678973009,0.00518036461535453,8.50355320970868e-05,0.00957074913752712,0.0709944650372158,0.103737396671199,0.000210037764279804,0.00101192283195533,0.0713371582315671,0.000440484056262909,8.58858874180576e-05
0.268441625462684,1.87446145843645e-05,4.92046132839569e-05,0.000365519984395108,0.00750663237183223,0.00131505186693432,0.00031162921746506,0.00131036571328823,0.00458540134270017,0.00322231640089342,0.000480330748724341,5.85769205761392e-05,5.15476901070025e-05,0.000137655763353927,0.000452799596053556,0.00380339945300872,0.000172216146493849,9.89949957736752e-05,0.000486188440781955,0.000402423444358076,0.000110124610683142,0.0031391371736753,4.80330748724341e-05,5.09619209012411e-05,0.000535978823271673,0.000166358454436235,0.000128869225267506,0.000267110757827195,0.0178565884684303,3.92465367860132e-05,0.00205956452745705,0.00156107493335411,0.000224935375012374,0.35183114382567,0,0.0392389217863383,0.00737893468497625,0.000147613839851871,0.000166944223641997,0.000237236528333364,0.000636145357456871,0.000307528833024731,0.000221420759777806,0.000150542685880678,0.000772043813193514,0.000385436137390996,0.00014292768620578,0.0168789396640145,0.000940159575247033,0.00134492609642815,4.86188440781955e-05,0.000695893816444533,0.000489117286810762,0.000698236893267579,0.128254167601457,0.000272382680679047,0.00451042288436272,0.00277244565086867,0.00107840110780672,0.00199571568402906,0.000179831146168747,0.000353804600279881,0.00261253065769581,0.000179245376962986,0.000690621893592681,0.00600413435905426,6.20915358107075e-05,0.000479159210312818,0.0089499676948283,4.80330748724341e-05,0.000914385730193532,0.0115624983525241,0.00021029114486834,0.000117153841152278,0.0114037548977628,0,0,0.0002776546035309,0.00040418075197536,4.21753828148202e-05,0.00592915590071681,0.00110476072206598,7.84930735720265e-05,0.013357295198977,0.0124897710052444,0.000872796116584473,0.000451628057642033,0.000120082687181085,3.04599986995924e-05,0.00483318171673724,2.92884602880696e-05,0.000656061510452759,0,0.0272716569126331,0.000408866905621451,0.000177488069345702,2.92884602880696e-05,0.00224349605806613,0.00210408298709492,0.000326273447609095,0.00116860956549398,0.000770872274781991
0.000644323280863342,0.000654591380956781,0.000741870231751019,0,0,0.000418425078807668,0.000164289601495035,0,0,0.0054831654498968,0.000747004281797739,0.000508270954625266,0.0027929232254156,0.00193810389263675,0.0015633182392262,0.00141186376284796,4.62064504204787e-05,0.000731602131657579,0,4.62064504204787e-05,0.000510837979648626,4.36394253971188e-05,9.24129008409574e-05,0.00212292969431866,0.00197660926798714,0.00259012824857017,0.00034141432810687,0.0365467352575753,0,0.0552038731273552,8.21448007475177e-05,0.000254135477312633,0.0129326720676873,4.36394253971188e-05,0.203141525223588,4.36394253971188e-05,0,0.000261836552382713,0.0383308176488104,0.000462064504204787,0.0133587982215651,0.000297774902709752,4.36394253971188e-05,0.0248616373512409,0.000174557701588475,0.000623787080676462,0.000128351251167996,4.36394253971188e-05,0.000123217201121277,0.00152224583885244,0.000942098183573093,0.000546776329975665,0.00111665588516157,8.72788507942375e-05,0,0,0.00140159566275452,0.000739303206727659,0.000462064504204787,0.00525213319779441,0.00600683855466223,4.10724003737588e-05,0,0.045402971588167,8.21448007475177e-05,0.000174557701588475,0,0.00244380782223865,0,4.62064504204787e-05,0,0.000166856626518395,0.00740586719239339,0.000297774902709752,0,0.0686191458994342,0.00302395547751799,0.000169423651541755,0.00100884083418045,0.001383626487591,4.36394253971188e-05,0.0121625645606793,0.272751542782039,0.00631488155746542,0,8.21448007475177e-05,0.000947232233619813,0,0,0,0.00641756255839982,0.000508270954625266,0.00131688383698364,0.000130918276191356,0.00259526229861689,0.00916941338344166,0.0236268983150048,0,0.000382486728480629,0.102552649683229,8.21448007475177e-05,4.36394253971188e-05
0.0201623739306897,2.46945502032943e-05,0.000608648031481194,0.0003268396350436,0.000547637966273055,0.00279629465537303,0.000151072542420153,0.00247090764092962,0.0018448281622461,0.00507981423887765,0.000293429361239143,0.000287618878838368,0,0.000894814289719368,0.000451765006660265,0.00351098399066837,0.000104588683213952,4.79364798063947e-05,0.000592669204879062,0.000550543207473443,4.93891004065885e-05,0.00115192813595367,0.000257113846234299,0,0.000101683442013565,9.29677184124019e-05,0.000146714680619572,7.40836506098828e-05,0.015936700604726,0,0.00109237069134572,0.00171699754942905,0,0.0721371390056231,0,0.243810746777724,0.0276056018860826,0.000148167301219766,0,2.46945502032943e-05,0.000475006936263366,9.73255802129832e-05,0.00085704615411433,9.58729596127894e-05,0.000871572360116268,0.000149619921819959,0.000126377992216859,0.116741307155173,0.00111416000034863,0.00172280803182982,0.000156883024820928,0.00341946889285616,0.00011911488921589,0.000364607770648639,0.080389476635324,0.000352986805847088,0.00527591801990381,0.000559258931074605,0.000935487666524794,0.00108365496774456,0.000515680313068792,0.000665300234888751,0.000804751812507354,7.55362712100765e-05,0.000222250951829648,0.0705610456544128,0.000162693507221703,0.00043433355945794,0.00493309955825808,0.000116209648015502,0.00412544250455033,0.0271160687438173,0,9.73255802129832e-05,0.000839614706912005,0,0,4.64838592062009e-05,0,2.6147170803488e-05,0.0402201591781654,0.000559258931074605,0,0.00402956954493754,0.00255370701514066,4.93891004065885e-05,9.8778200813177e-05,0.000689994785092045,0.000839614706912005,0.00789935082385377,0,0.000551995828073636,0,0.197871620296596,2.46945502032943e-05,0,2.6147170803488e-05,0.00774246779903284,0.00110689689734766,0.000103136062613758,0.00218764662389183,0.00270187431636043
0.00168303373872424,6.25868392394447e-06,7.49201281483941e-05,0.000391904061002288,5.90893393995934e-05,0.0245966278211018,0,0.00369170312043254,0.000294710381242209,0.00451490413537018,0.000593654578080027,0.000332630642663755,0.000112656310631001,0.000144686046006481,0.000636360891914001,0.00805216502603244,0.000103820521561902,0.00018960130710773,0.00293219341836799,0.000480261951693268,0.000390615508429711,0.00449888926768244,0.000211506700841535,0.000152601440380881,0.000361715115016203,0.000301153144105093,0.000117626441982368,0.000365764851672873,0.00655873259441593,6.25868392394447e-06,0.000221262884605331,0.00299293946821804,5.20943397198908e-05,0.0013122987557,4.76764451853417e-05,0.00129278638817241,0.384816101458421,0.000283297487027957,0.000641515102204308,8.79897328131017e-05,0.000991265086189441,0.00018555157045106,0.00211580332417111,0.000231939463063825,0.00440445677200645,0.000909902195178163,0.00144115401295768,0.0695822070770253,0.000757300754797281,0.0122167669406007,6.22186813615656e-05,0.00559728829633469,0.000531435896718462,0.00187061017750364,0.00831429343508235,0.00160387979498024,0.00700659665285584,0.00119191112963354,0.000468849057479017,0.00222864371374105,0.000288451697318264,0.00351719628631785,0.000786201148210789,0.000123701046967373,0.000258630909210058,0.0173396838112882,0.000356192746848016,0.0012182344179019,0.000757116675858342,0.000150944729930426,0.00482378859491073,0.0504792311096352,0.0002499791990799,0.000128303020440862,0.000199173411932586,8.74374959962831e-05,5.89052604606539e-06,0.00107152350356708,0.000216292753253963,0.000142845256617086,0.251906689649536,0.00135205980651095,0.000341834589610732,0.004999583981598,0.00016530288716771,2.85322355356292e-05,0.000187392359840455,0.0140693373820882,0.00195694319986629,0.0125716711348761,0.000259735382843696,0.000474187346708264,6.51639443845983e-05,0.0133346783367805,0.000344043536878006,0.000193098806947581,9.49847324928044e-05,0.0268922762686168,0.00547248277573368,0.00142329835588055,0.00426087519963361,0.00208892779908594
0.000780237351103654,2.55453619399337e-05,0.000146018550348016,0.000785283348523888,2.27069883910522e-05,0.00042859440588111,1.60841167769953e-05,0.000158318169059836,7.85283348523888e-05,0.112474967122173,0.000238738752944813,0.00118013264665718,0.000505230491700911,0.000191432527130121,0.0039784535910156,0.0535396095028746,0.000614980935590997,0.000598896818814001,0.000907018036287029,0.00155669020414213,0.00449156845368563,0.00724258317222935,0.00211111917069032,0.000342181700059606,0.00233377380685814,0.000393272423939473,0.0351677636454808,0.000673956030439979,0.000434271152978873,9.93430742108533e-05,6.90670896894504e-05,0.00796636842719414,0.000242838625848753,7.50592116259781e-05,9.33509522743257e-05,0.000195847774872825,0.000803259714333471,0.194813976151355,0.000444678522658105,0.000452878268465985,0.000768253107230599,0.000107542820018733,8.70434554990334e-05,0.000434586527817638,0.00412573364071868,0.329160503716692,0.00415537887556255,0.00126812222667251,0.00178281396353636,0.00520179259058354,0.000131511307764844,0.00049766149557056,0.0154599899710801,0.000483785002664917,0.000501445993635736,0.0010596594582491,0.0209648577817165,0.00442817811109394,0.000290775601340974,0.00167937101642157,0.00125298423441181,0.000251353746495397,0.000165571790351422,8.92510793703857e-05,0.000221393136812759,0.000100289198727147,1.57687419382307e-05,0.000204678270358234,0.000399579920714766,0.000792852344654239,0.000465808636855334,0.00465146349693929,0.000185755780032357,0.00138544166669295,0.000216347139392525,7.12747135608027e-05,0.000151379922607015,7.15900883995673e-05,0.000150118423251956,0.000332405080057903,0.000610881062687057,0.000717793133028261,0.00035889656651413,0.00318560124636136,7.12747135608027e-05,2.23916135522876e-05,0.000784967973685123,7.47438367872134e-05,0.000175348410353125,0.00241419439074312,0.000342812449737135,0.0843432161295308,7.88437096911534e-05,0.000264914864562275,0.000204678270358234,0.000480315879438507,0.000293613974889855,0.000509014989766087,0.0597045568510453,0.00153839846349379,0.0021193189164982,0.00126528385312363
0.000896668394892572,0.00176730295463517,0.00161772673813717,0.000550339496988438,7.84170670880887e-05,0.000398554349023163,7.71548205353629e-05,1.89336982908866e-05,0.000239669064198806,0.00925936736833901,0.00195143317051405,0.000347117801999588,0.000630807714724706,0.00644124415855963,0.00293993000211742,0.0203302163206586,0.000353429034763217,0.000403918896872248,0.000829611546779015,0.000387194130048631,0.00223433417914371,0.00385064088990906,0.00102415529671787,0.000309092624598724,0.00430978307346306,0.00249798592784431,0.00061865859165472,0.0473948335617474,0.000786695163986339,0.000687608809597365,0.000718691630958238,0.00109263217220325,0.00131431422302571,0.000163776490216169,0.00156928802667632,5.94833687972021e-05,0.00137931992049109,0.000933273544921619,0.380485762963351,0.000379147308275004,0.0135577902228275,0.000360213609984118,0.000100033039303518,0.00690291083521908,0.00585698178546668,0.00372299620726467,0.00127344899088122,0.00119298077314495,0.00303522961684821,0.00120008091000403,0.00067104182359284,0.00045693325208673,0.000883572586908042,0.000772337109449083,0.00143091424833376,0.00220940480972738,0.00386152776642632,0.00438772679809388,0.00181479498118148,0.017400384290963,0.0107417181636963,0.000444310786559472,0.000260022789861509,0.00485538914587878,0.000260653913137872,0.000181290161135239,0.0054248201219772,0.00359140700414301,0.00150822684968821,0.000390349746430446,0.000543870483405718,0.00311853788932812,0.0532824248261176,0.000283374351086936,0.000267280707539683,0.00106470496722419,0.00226241916494186,2.72960817026949e-05,0.0327436222626211,0.000551286181902982,0.000748512205766384,0.0369622080226497,0.0136846460013765,0.0108043571488754,0.000203063914169759,8.15726834699031e-05,0.00159768857411265,6.91079987617361e-05,0.000211268516762476,0.00169046369573799,0.0372836075511375,0.00173480010590249,0.000958360695157044,9.57729571880681e-05,0.0268344150260354,0.00154214972579271,0.00178986561176515,0.000399185472299526,0.00685983667160731,0.157920455115617,0.00382870935605545,0.000477129196930343
0.000366223710369363,0,0.00370634808281375,0,0.000122074570123121,0,0,0,0.000332371098486481,0.0361207368790354,0.00374635571503897,0.0422142070179542,0.0281961481882698,0.00478347664272364,0.108705865939554,0.00410642440506599,0.0989388744929802,0.063582385973119,1.7439224303303e-05,0.000591907789588578,0.0145227704977565,0.000923253051351335,0.00886528096642026,0.0125582931718256,0.169872406428303,0.0122289995835103,0.00108841276387085,0.00173366406309306,5.12918361861853e-05,0.0012638308436276,0.000123100406846845,0.00050676334151951,0.00116124717125523,7.18085706606594e-05,0.00208347438588285,0,0.000968389867195178,0.00119612561986184,0.00160748614607505,0.155340403400033,0.00442545962614406,8.41186113453438e-05,6.9756897213212e-05,9.84803254774757e-05,0.00137564704651349,0.00387150779533326,0.00113252374299097,0.000520099218927919,3.4878448606606e-05,0.00022978742611411,0.0184281309049726,6.56535503183171e-05,0.000837082766558543,0.000369301220540534,0.00101660419321019,0.000160030528900898,0.00507686594570862,0.00753989991936923,0.0032888325362582,0.0084385328893512,0.0078455992630389,6.77052237657645e-05,0.00011899705995195,0.000274924241957953,0.000211322365087083,0,0.000104635345819818,0.00216554132378074,0.000783739256924911,0.00545539969676266,6.66793870420408e-05,0.00175623247101498,0.000649354646117105,0.000993009948564547,0.000936588928759743,0.00158491773815312,0.000188753957165162,0,0.00034878448606606,0.067480565523269,7.07827339369357e-05,0.00534358349387678,0.00212963703845041,0.0074691171854323,0.000191831467336333,0.000104635345819818,0.0212758536500296,8.71961215165149e-05,3.69301220540534e-05,0.000889400439468452,0.000565236034771762,0.00391048959083476,0.00611193519994584,0.000365197873645639,0.00142078386235733,0.00873192219233618,0.0061016768327086,0.000259536691102097,0.0017829042258318,0.00253689421776872,0.000324164404696691,0.000496504974282273
0.000590069173815954,0.000257135107953144,0.00268806805896756,0.000111350681531014,3.28685746687932e-05,0.000115151809213799,9.68169580380099e-05,2.01236171441591e-05,4.49427449552887e-05,0.00625442020840465,0.00198731899085874,0.00086956385637372,0.0090943097789376,0.0316678655125251,0.00315851350864879,0.00610639982452206,0.00128947666744851,0.000821043579481692,0.000726462578904144,0.000196764256520667,0.00223685184344631,0.0013576733699926,0.000432881364345467,0.0015584623499421,0.0103448807865741,0.00713605823506487,0.000527685960669061,0.0928488043329278,0.000121188894357047,0.00091383581409087,0.00043623530053616,0.000365131853293465,0.0201012575695545,5.3662979051091e-05,0.000556977003401115,1.60988937153273e-05,0.000401801555645044,0.000900420069328097,0.0221156316456848,0.00104575730425814,0.32945044413941,0.000496606151968638,4.7402298161797e-05,0.00229073841824345,0.000566591620481102,0.00242400148288699,0.000156069830740256,0.000409627406756661,0.000591410748292232,0.000684426578647456,0.00104888764470278,8.85439154343001e-05,0.000544902833114619,0.000393304917295287,0.000278600299573581,0.000267644108017316,0.00184824243681799,0.00195489760768203,0.00116068551772589,0.0197692178866759,0.134341914118216,0.000281507044272181,0.000305878980591219,0.00230258899278389,0.000137958575310513,9.65933622919637e-05,0.00166310515909173,0.0023345631844685,0.000682861408425132,0.000465973534760307,0.000156293426486302,0.00387938619390178,0.0160213059914493,0.000197435043758805,0.000107773149594274,0.000915400984313193,0.000855030132880716,1.58752979692811e-05,0.00520911009563861,0.00248392514282737,0.000461278024093336,0.0646498032245637,0.0110874422591935,0.00571085894976631,5.63461280036455e-05,9.81585325142872e-05,0.00227374514154393,3.15270001925159e-05,6.75259153059561e-05,0.0019803875227313,0.00390442891745896,0.000639483833692167,0.00155018930733839,0.00028866210814566,0.0355906292811598,0.0361082534332568,0.00937626401470187,0.00031996551259213,0.00340759916974428,0.0545256114393372,0.000886109941581139,0.000459042066632874
0.00726987096185552,0.000124280925956728,0.00221152463409405,3.9048991841389e-05,0.000482104860810995,0.000116020562297973,0.0257246497887412,1.20150744127351e-05,0.00167422552519955,0.00388837845682139,0.0012582035736586,0.000173467636833863,0.000148311074782199,0.00396197078759939,0.000477223736830821,0.00497424080687232,0.000120901686278147,9.04885291709111e-05,3.9424462916787e-05,0.000355571108401879,0.000251941091592039,0.00110501137489623,1.2766016563531e-05,0.000161452562421128,0.00117897917674963,0.00121051874708306,0.000114518677996381,0.00103404734164601,0.00141965613607973,7.47187440041963e-05,0.0401487466212297,0.00057184244783111,0.000171214810381475,0.000349188100120113,0.000108511140790014,0.000100250777131258,0.00057935186933907,9.91243639050644e-05,0.00205945884855787,0.000617274447954265,0.0019239137903392,0.243959327471229,9.38677688494928e-05,0.000372091835719389,0.00240263941147162,0.000648814018287694,0.000215144926203037,0.000930041853760775,0.00110088119306685,0.000434044563160055,1.20150744127351e-05,1.83980826945006e-05,0.000505384067485669,0.00146583907835368,0.00251828450269419,0.00253330334571011,0.00272892377599245,0.00283405567710389,0.0637583678422541,0.422371167425932,0.00124431114386888,5.66961323850937e-05,0.000367586182814614,0.000337548496782776,0.000370589951417798,0.000216646810504629,0.00360527326597132,0.0114143206920983,0.0203471530468915,0.000100626248206656,1.2766016563531e-05,0.00132503742507944,0.00199262499713703,8.11017522859618e-05,0.00722293707743077,1.95244959206945e-05,1.83980826945006e-05,6.00753720636754e-06,0.00112190757328914,0.000224907174163385,0.000280101422246887,0.0486167457846801,0.000533168927065119,0.0290892460953824,0.000698000729164828,0.00322717389304556,0.000287235372679448,4.46810579723586e-05,0,0.000973221027431541,0.000321778711616061,4.50565290477565e-05,5.03131241033281e-05,0.000948439936455275,0.00337999062073254,0.000120150744127351,0.000240301488254702,3.60452232382052e-05,0.00385571247326177,0.00103892846562619,0.000200501554262517,0.000590240530525611
0.000954992262192399,1.22336879063878e-05,1.37628988946863e-05,0.00757418202504236,0,0.0024597358746781,0,0.0634569037759278,3.82302747074619e-05,0.0038696684058893,0.00063309334915557,9.63402922628041e-05,3.89948802016112e-05,6.88144944734315e-05,0.00111250099398714,0.0669587969391313,4.12886966840589e-05,5.27577790962975e-05,0.00389184196521963,0.000448823425065603,0.000537517662386915,0.0265983313249696,2.75257977893726e-05,0.00011010319115749,0.000279081005364472,0.000376950508615575,0.000152156493335699,0.000270670344928831,0.000233969281209667,2.59965868010741e-05,3.82302747074619e-05,0.00216842118140724,0,0.000439648159135812,2.59965868010741e-05,0.000218677171326682,0.0114232060825896,5.19931736021482e-05,0.00092440804242643,6.7285283485133e-05,0.000175094658160176,0.000104750952698446,0.281934513068637,0.000172036236183579,0.0215656979624793,0.00128300801918242,0.00367928163784614,0.00398435923001168,0.00991005180966829,0.00737461999106941,0.000159037942783042,0.00732644984493801,0.00110026730608075,0.000851770520482252,0.00134341185322021,0.0103344078589211,0.00948187273294471,0.000758488650196045,0.000279081005364472,0.00417933363101974,0.000234733886703816,0.00144204596196546,0.000131512144993669,0.000197268217490504,2.75257977893726e-05,0.000446529608583155,0.000821186300716283,0.000782956026008821,0.000353247738296948,0.000206443483420294,0.0221613256424215,0.00909880538037594,0.000526813185468826,0.000495464360208707,4.89347516255513e-05,1.29982934005371e-05,0,0.000175859263654325,0.00111632402145789,0.000137628988946863,0.0116128282451386,0.00457539927698905,0.000103986347204296,0.00378862022350948,0.000111632402145789,0,0.000103986347204296,0.000767663916125836,0.230677654557355,0.00680345968693993,0.000159802548277191,0.000282139427341069,0,0.00119507838735526,0.000148333465864952,5.19931736021482e-05,2.75257977893726e-05,0.0252235706464892,0.0157187597487201,0.00033183878446077,0.0961361425958662,0.00207131628365029
0.000423388546857842,0.00439182200181961,0.00191525852282628,5.04210528657324e-05,0.000143106811810094,0.000206874613963814,2.37275542897564e-05,1.3346749287988e-05,0.000203908669677594,0.00566272912846469,0.00105735913803727,0.000418198144356957,0.00108627709482791,0.0042472322178664,0.00225782508788464,0.00839955421857378,0.000758540251200651,0.000464911766864915,7.63730653701536e-05,0.000431544893644945,0.00223854645002421,0.00256924923793769,0.000123828173949666,0.000559080497952386,0.00489899847476315,0.00365256038847938,0.000601345204031015,0.0637514894601462,0.000305492261480614,0.00245283592470357,0.00066437152011318,0.0014103065080974,0.00394396441460045,0.000347756967559243,0.00359694893311277,0.000118637771448782,0.000256554180757992,0.000914993812298733,0.0887885081522686,0.000271383902189089,0.0206622508699485,6.22848300106107e-05,6.673374643994e-05,0.144055913981684,0.000860865329075226,0.00406334367212079,0.00029881888683662,0.000717758517265133,0.000759281737272206,0.000921667186942727,0.000836396288713915,0.00020168421146293,0.000719982975479797,0.000395212076138756,0.000516074305802203,0.000727397836195346,0.00202425697534485,0.00133319195665569,0.00187447678889076,0.0109524907629373,0.00884889477793604,9.78761614452453e-05,0.000114188855019453,0.0657357061876271,0.000431544893644945,0.000151263158597197,0.00142958514595783,0.00120788081056291,0.000871246134076995,0.000321804955054822,0.000118637771448782,0.00105513467982261,0.0107085418453957,0.000360362230775676,0.000226894737895796,0.0156668592058832,0.0208402075271217,1.18637771448782e-05,0.00335893190414365,0.000863089787289891,0.000616174925462113,0.0197012849212134,0.0665491164081228,0.00857157898717452,0.000144589783953203,0.000131243034665215,0.00137990557916365,0.000203908669677594,0.000166092880028295,0.000678459755472723,0.0685274012470313,0.000757798765129096,0.000228377710038906,4.74551085795129e-05,0.0076973669088113,0.00331295976770724,0.00473142262259175,9.12027868012513e-05,0.00520671519445843,0.271774665348799,0.000957258518377362,0.000355171828274792
0.000170442391497911,4.01798065476247e-06,3.06305797966957e-05,0.00266896539224553,1.27496961902203e-05,0.000320707910443768,3.14828787234635e-06,0.000284459115272664,2.7030051677493e-05,0.00296212143534236,7.78027163149461e-05,3.45789850288649e-05,3.77272729012113e-05,4.76591644764034e-05,0.000445578400143075,0.164737224239117,2.38643699494983e-05,4.36237899659926e-05,0.0157371082916753,0.000163154365981264,0.00019627226713567,0.163295151848882,3.51877699765562e-05,2.66995684201749e-05,0.000232695000863257,6.23047909322908e-05,0.000472643239531865,9.1126409741561e-05,0.000100327759379524,7.47935792877863e-06,1.53413806818204e-05,0.00405649065116786,7.94899203128334e-06,4.49457229952651e-05,7.94899203128334e-06,9.23613734925919e-06,0.000302061697188767,0.000275866550582393,0.000183279056966373,3.60052811920274e-05,0.000121113416879269,1.28018777571653e-05,0.000601062075783429,3.8683934961869e-05,0.465109838893587,0.00117862505258597,0.0319888138027063,0.000285380989622026,0.0216749183697657,0.00385409574684398,1.29584224580002e-05,0.00134325789629735,0.00131949788948174,0.000232242760616401,0.000253898110898562,0.0582115818518494,0.00294538854620867,0.000535661178545737,9.62923848691128e-05,0.000418548348465582,0.000172390503330523,0.000273657530915056,2.70996271000863e-05,4.5641477221198e-05,2.99174317151145e-05,3.85447841166824e-05,1.99159647173291e-05,0.000303940233598786,0.000104902343415032,2.74127165017561e-05,0.00231202608048631,0.00107137453865842,1.53935622487653e-05,2.05073558093721e-05,5.70170588152008e-05,1.56196823721935e-05,2.19510458281829e-05,5.8860807513923e-05,3.43702587610851e-05,5.81128717210451e-05,0.000869049209757132,0.000159884321119379,6.04088606666237e-05,0.00146379731594022,2.29077078888406e-05,4.07016222170744e-06,4.42499687693322e-05,7.02711768192225e-06,0.000581546169746011,0.000484453667517075,4.20409491019952e-05,0.00022281529085501,2.53950292465507e-06,0.000178652291363919,1.85418501211117e-05,3.38484430916354e-05,2.63864790185051e-05,0.000727567587913678,0.0317658941487174,0.000213822667484827,0.0104028476107261,0.000432724340818965
0.000365440994749128,1.66489830483234e-05,7.11974099202171e-05,0.000346784094147238,7.19503790028046e-06,0.00053268379431495,4.35048803272772e-06,0.000102822111388892,5.37954577893062e-05,0.013050376476175,0.000239695157957018,0.000270734216805902,0.000224552113073869,0.000116459218106865,0.001890036060526,0.143220575934338,0.000138964627353091,0.000265379769996391,0.00113614668239312,0.000211918965132679,0.00194349686538971,0.0187937736484581,0.000223966470454079,9.33681662408487e-05,0.00157186479151708,0.000182553170911767,0.00214512525306036,0.000820652636788965,0.000434128507727387,2.75252031301427e-05,9.16949016128765e-05,0.0155202823935247,0.000112694372693928,0.000205811549240581,3.42182616420315e-05,0.000117797829809243,0.00047127498246837,0.0226960777505835,0.000775976471222107,0.000153187376690855,0.00108134726582703,5.80622825906353e-05,0.000116291891644068,0.000229153590800793,0.00649954545766381,0.517541084084727,0.00357718878491037,0.000705699356847275,0.00318782010598124,0.00562953151434967,7.17830525400073e-05,0.000323358389355627,0.00677178561263489,0.000363684066889757,0.000547994165660895,0.00118425304044732,0.00676618017613118,0.0019078563288139,0.000127753754345677,0.00115011844203669,0.00133744041713818,0.000217524401636386,0.000106754283264626,0.000392547881722278,5.78949561278381e-05,0.000116710207801061,2.43460003369955e-05,0.000354815764361505,0.000457888865444592,0.000275252031301427,0.000465418556270467,0.00294277050121471,0.000198700174571699,0.00020765214033135,0.000179624957812816,0.0002166877693224,0.000212504607752469,9.01889634477015e-05,2.6604907584758e-05,0.000139382943510084,0.000818059076615608,0.000593172310616145,0.000231579824511352,0.00312440337658109,2.39276841800024e-05,3.90707290631509e-05,0.000818895708929594,6.65959321932935e-05,0.000327206897999964,0.00255281617966579,0.000295163880374296,0.00283082909760337,2.25054092462261e-05,0.000259857996724083,6.97751349864407e-05,0.000166824483408828,8.69260974231557e-05,0.000338919750395769,0.188525387021925,0.00127862516546496,0.00233345118693863,0.000653577163685941
0.00032553342421305,4.18860859461906e-06,3.21999285711341e-05,0.000710361838843677,4.5812906503646e-06,0.00128335040518571,0,0.000295166011902062,2.94511541809153e-05,0.0048422933234168,9.35892232860197e-05,0.000183186179005293,0.000106089602060586,8.27904667530174e-05,0.000845509913029433,0.112227811614972,2.11393840009681e-05,0.000157596398372542,0.0194287955191312,0.000341567941489326,0.000739551204987429,0.187622897212134,0.000131744829702628,9.97412421593665e-05,0.000729537812565917,0.000113681455138333,0.00151981044975381,0.000474948946424227,9.20839420723285e-05,3.1414564459643e-06,1.09296505515841e-05,0.0208620850226025,2.27101122239502e-05,4.69909526708826e-05,1.11259915794569e-06,1.5249153164785e-05,0.00100952011831249,0.000573446695407066,0.000272521346687403,9.06441078679282e-05,0.000587648696423197,1.3612977932512e-05,0.000537647181324931,8.18087616136536e-05,0.188036718651881,0.00402551464746608,0.212908611039719,0.000307142814602301,0.009045103919052,0.0229595962233672,2.2906453251823e-05,0.00172551039995518,0.00449673311436073,0.000644587594506299,0.000513104552840835,0.00845804424571242,0.00638343949819945,0.00109486301842785,0.000276775402291313,0.00117601730994859,0.000537974416371386,0.000413494204700051,9.13640249701283e-05,0.000225137711960775,3.40978918405708e-05,6.68868434953232e-05,3.23962695990068e-05,0.00107797769003079,0.000191236161148077,8.76989924498367e-05,0.00281710106791848,0.00195005908883234,4.35222611784637e-05,6.12584006963038e-05,9.80396199178025e-05,4.65982706151371e-05,4.98051740703923e-05,0.00025242911483509,4.0773486788245e-05,0.000118851768872316,0.00120199977263709,0.000498706210796832,0.000175070749853219,0.00264006690778654,1.19768027002389e-05,1.50528121369123e-05,0.00010000303019653,3.23962695990068e-05,0.000442683570843802,0.00125036511250308,0.000105107896921222,0.000417159237220342,2.64405917535328e-05,0.000264275023516747,3.71739012772442e-05,7.24498392850516e-05,8.07616094649988e-05,0.00065100140141681,0.156040526620669,0.000884058201501786,0.0074877268859652,0.000585358051098014
0.00410404877600899,0,0.000189130511217272,0.0002106264019195,0.000267115603067214,0.00321855138692653,1.93296381508402e-05,0.00135990669783626,0.000967981620846815,0.00393758059917546,0.000320438742793669,0.000114478115600234,3.84926414900352e-05,0.000641710659645564,0.000549061704370848,0.00732026727557249,4.84907301887456e-05,0.000171300586371239,0.00119910410459867,0.00071369689827628,0.000198295425857757,0.00345900542013052,5.41563137846815e-05,7.49856652403282e-05,0.000282612640550215,0.00024411999906018,0.000219791316559984,0.000136473910737397,0.0356558504565877,3.04941705310668e-05,0.000332103179608831,0.00113261681475225,8.83164501719421e-06,0.00381993642215397,2.66615698632278e-06,0.00789315775800859,0.0629163058328683,0.000391258537742868,0.000712363819783118,0.000103480218031653,0.000141306320275107,0.000117477542209848,0.000651208843909339,0.00015363729633685,0.00219474710417858,0.000853836774869871,0.000413587602503321,0.532789481744073,0.00125825946273271,0.0041173795609406,1.73300204110981e-05,0.000943153033911684,0.00073335980605041,0.00221157722015475,0.0226043454692911,0.00128058852749316,0.00753755906995779,0.00180632135823368,0.000689368215776084,0.00257867371020907,0.000356598496920672,0.00201361506392028,0.0015175432296526,6.46543069183274e-05,0.000370595821098867,0.0101885522884209,9.49818426377491e-05,0.00141106358501133,0.00163585394592067,0.000133141214504494,0.00139106740761391,0.108149991993197,0.000147138538682688,0.000186630989042595,0.000233955275549824,5.86554536991012e-05,2.99942660961313e-06,0.000165801637586948,7.56522044869089e-05,8.84830849835873e-05,0.0315812960422399,0.00129375267761313,2.58283958050019e-05,0.00594969594979093,0.00130191778338374,5.26566004798749e-05,0.000266115794197343,0.00454846381866666,0.00115861184536889,0.0283010897750047,2.04960818323564e-05,0.00118277389305744,0,0.0584368288262227,0.00016263557616569,2.53284913700664e-05,1.98295425857757e-05,0.00348016804120946,0.0025603438809281,0.000554060748720203,0.00224457091286049,0.00239354243447128
0.000143330628763997,6.25578473459527e-06,1.80357707861362e-05,0.00103251801695864,8.64462854732855e-06,0.000108767044848512,1.55274847827663e-06,9.87637613826915e-05,1.13917989319718e-05,0.00372486443609968,3.2473345579343e-05,2.26044345779886e-05,1.73191176423163e-05,4.08940200192278e-05,0.000332318034898858,0.302496694138769,5.86759761502611e-06,3.22493914718993e-05,0.00182221006035294,7.7264167068092e-05,0.00016683087977176,0.0278477227928307,1.79163285954996e-05,1.06900760619814e-05,0.000219236140913597,3.77437322411858e-05,0.000168383628250037,6.66786029229176e-05,5.05837677346272e-05,2.17981997911912e-06,7.46513691479149e-06,0.000494416017866641,1.15560319440972e-05,2.53068141411432e-05,2.94126394442785e-06,8.5102560828623e-06,0.000227776257544118,0.000367867016887095,0.000321448795550922,1.81552129767729e-05,0.000128101749457822,6.73355349714193e-06,0.000385350367541537,2.16190365052362e-05,0.016343424247553,0.00114498776971689,0.000791409024884705,0.000147600687079257,0.564845941670884,0.000886395426988512,1.98572641933454e-06,0.000226432532899456,0.000533443753657171,0.000166338180735384,0.00014177788028572,0.0545062940659567,0.00244269731043658,0.000254068469758014,6.24085446076569e-05,0.000439726424828878,0.000151975257311325,4.91056706254984e-05,1.969303118122e-05,3.28913932465713e-05,2.11860585641783e-05,2.46349518188119e-05,2.77255185015356e-05,0.000178133097060755,6.43046893840139e-05,2.02454513129145e-05,0.000465466216911079,0.000613708905765009,2.08874530875866e-05,1.60799049144609e-05,0.000112693706865692,8.48039553520314e-06,2.60085370111336e-05,1.51990187585155e-05,3.4085815152938e-05,1.79461891431588e-05,0.000492908060209853,0.000280375612245739,8.62820524611601e-05,0.000821359154186849,1.97676825503679e-05,5.0912233758878e-06,3.99086219464753e-05,6.27071500842485e-06,0.00018079068580242,0.000351996135806248,7.47260205170629e-05,0.000174445319424848,1.04511916807081e-06,0.000123801830594902,1.20188704328143e-05,1.07796577049589e-05,7.74881211755357e-06,0.000261115559005577,0.00781638653690626,0.000194108490058408,0.00344596692096307,8.84917329879384e-05
0.000336583607021146,2.88026294538705e-05,0.000121167082545471,0.000963153896973145,8.12053191670641e-05,0.0339435972131722,0.000257640274460407,0.000756709919369225,0.000150045111552885,0.00582755609387486,0.000322936287829653,0.000145445738786692,0.000138961377181893,0.000168367203064117,0.00136050954415089,0.0306435849532048,7.7887738811121e-05,0.00022310727893718,0.0300082683150417,0.00108092799960913,0.000630717265396928,0.0386961818721679,0.000202975598140888,0.00015592627672933,0.000737332234108375,0.000299034629356153,0.000924323126897901,0.000366969627099444,0.000644289185034878,1.87744888324967e-05,0.000116793908439909,0.0381662738098595,1.53815089230094e-05,0.000118301899510793,1.86990892789526e-05,0.000105106977640564,0.00431127107210173,0.000558484493101619,0.000250703515534344,0.000167914805742852,0.000428043265470216,9.48526383585578e-05,0.000729415280986238,0.000169573595920824,0.0416320896880705,0.00398562040034449,0.0597255697529564,0.00116296271386518,0.00283472161504637,0.456313197078297,7.84155356859301e-06,0.0131498329372092,0.0214799756127684,0.000762364885885038,0.000692544899303142,0.00443010076848733,0.0272608593829994,0.00175364281633016,0.00035332230790795,0.00174708305517181,0.00053005886141547,0.0085276895058449,0.000256207682943068,0.000148160122714281,0.000135266799058229,0.00029157007355528,0.000156680272264772,0.000753769336781003,0.000301749013283743,9.45510401443811e-05,0.00852527672013149,0.0148897530347943,0.000103674386123225,0.000195435642786472,0.000322408490954843,2.29214642774257e-05,1.87744888324967e-05,0.00961050249429263,0.000184276508861936,0.00019920562046368,0.0032252159028516,0.000888206740750247,9.91504129105751e-05,0.00406373433781624,0.000114305723172952,6.32602254235532e-05,0.000251155912855609,0.000255981484282435,0.00116115312458012,0.00580689661620376,5.88116517644476e-05,0.000921080946095502,2.32984620451465e-05,0.000603196428353309,0.000107218165139801,0.000107067366032712,8.67848861293323e-05,0.00368771676429149,0.0775756600590017,0.000483009540003912,0.0146165050527503,0.00867713142096943
1.62448569234226e-05,4.51246025650629e-05,0.000669649102065534,0,0,1.53423648721214e-05,2.88797456416403e-05,4.33196184624604e-05,9.02492051301258e-05,0.0139796018746565,0.00146654958336454,0.0302722908767981,0.0163757182708613,0.00422456529214119,0.0129408335236087,0.00290151194493354,0.127753164814001,0.0105907442220203,1.44398728208201e-05,0.00053066532616514,0.00407023915136867,0.000367314264879612,0.0074618042801588,0.0120798561066673,0.0221074452886756,0.00178873924567909,0.000376339185392625,0.00126619634797567,0.000214793108209699,0.000857367448736195,0,9.29566812840296e-05,0.00137720287028572,3.24897138468453e-05,0.000478320787189667,5.77594912832805e-05,0.00018681585461936,0.000339337011289273,0.000626329483603073,0.0301901641001297,0.00507742028062088,0.000144398728208201,0,0.000533372802319044,0.000120933934874369,0.001003571161047,0.000133568823592586,0.000261722694877365,0.000237355409492231,0.000119128950771766,0.424604460296216,1.62448569234226e-05,0.000504493056677403,4.51246025650629e-05,0.000115518982566561,8.84442210275233e-05,0.00195299279901592,0.00551512892550199,0.000402511454880361,0.00366411772828311,0.0106620410940731,0,0,0.000760800799246961,1.44398728208201e-05,2.88797456416403e-05,7.58093323093057e-05,0.00085375748053099,0.000584814849243215,0.000723798625143609,3.06847297442428e-05,0.000754483354887852,0.000407926407188169,0.00165968288234301,4.78320787189667e-05,0.000831195179248459,0.000317677202058043,0,0.000288797456416403,0.0856473981605407,0.000320384678211947,0.00252968521979743,0.00302695834006442,0.00253329518800263,4.33196184624604e-05,0,0.00449711789163417,0,0.000166058537439432,0.000836610131556266,0.000381754137700432,0.00157033616926419,0.10224332449192,1.44398728208201e-05,0.000489150691805282,0.0145851740410796,0.00951677868097177,1.44398728208201e-05,0.000828487703094555,0.00147557450387756,0.000335727043084068,0.0004304887084707
0.00057225179251041,0,0.000120734582774855,0.00323809720575842,7.10203428087383e-06,0.0275416889412287,0,0.0098569779423728,2.62560055232305e-05,0.00219452859279001,0.0001999330256646,6.17661769275997e-05,8.39331324103271e-05,0.000216504438986639,0.000540830671146544,0.0187784242781105,0.000123317140695173,0.000195198336144017,0.0439422230142066,0.000431502385853092,0.000488533873260109,0.0189292887032891,3.09906950438131e-05,0.000138812488217079,0.000475836296818547,0.000139888554017212,7.91984428897446e-05,0.000160118591059701,0.000207035059945474,0,5.48793558067524e-05,0.00154867389955055,2.19517423227009e-05,0.000238240968149313,0,7.9844082369824e-05,0.00827343951089796,0.000800377742138479,0.000171094462221051,0.000159472951579622,0.000463353933537011,1.46344948818006e-05,0.00204280331497135,2.21669554827274e-05,0.0243918291310812,0.00114019932182029,0.00947239202540548,0.00236454698921093,0.00293529228960116,0.0568046527363492,2.51799397230981e-05,0.353355904889557,0.000781654197216175,0.000957698562117835,0.000811353613299829,0.00445039293618758,0.00763813026249979,0.00118883749598627,9.34025114514922e-05,0.00101946473904543,0.000653171940680366,0.00357856442492031,3.01298424037072e-05,0.000125038845975385,8.17810008100623e-05,0.000213706667906294,8.86678219309097e-05,0.000334871677001203,0.000168081477980681,3.37884661241573e-05,0.113606507701618,0.00692060958697151,0.000132356093416285,9.29720851314393e-05,3.85231556447399e-05,1.05454448412975e-05,1.14062974814034e-05,0.00128525299167814,6.17661769275997e-05,0.000164853280580284,0.0109304611845849,0.000541476310626623,6.34878822078115e-05,0.00240931132649644,1.82931186022508e-05,2.21669554827274e-05,0.000220808702187168,0.00096415495691863,0.0137364103650101,0.001560510623352,2.99146292436807e-05,0.000177335643861819,8.0274508689877e-05,0.00185750478418855,6.21966032476527e-05,0.000108467432653346,5.01446662861698e-05,0.136417380959145,0.00554432142860217,0.000272029434273471,0.0840859337539459,0.0031119822939829
0.000517633754751264,1.30791813639775e-05,0.000212285174446097,0.000194930106866973,6.8414179442344e-05,0.00304543707605846,2.64098854464931e-05,0.000244731605137502,0.000179838743754691,0.0341663430407688,0.000523670299996177,0.000447458916279154,0.000433625166759562,0.000322452125165754,0.00250893911741684,0.0203713280198321,0.000314906443609613,0.000418030758210205,0.00212335478989804,0.00367550148599622,0.00242643966573637,0.0148255035987871,0.000268626263398615,0.000218573242409547,0.0014603409038318,0.00056793829845887,0.017391538373312,0.000837570652731637,0.00108179921243206,0.000181347880065919,9.93514738225215e-05,0.054353053385194,2.6158362727955e-05,9.38179740146849e-05,0.000159716926271649,0.000126767450143167,0.00156271065027678,0.00935438142514784,0.000545049731071909,0.000344083078960024,0.000766641246103913,0.00018889356162206,0.000701496862002564,0.00034207089721172,0.00756278510100146,0.0408259100595002,0.0074003014248259,0.000928873399560942,0.00112380350642791,0.119127699090293,0.000140098154225682,0.00199256297625827,0.260278978938494,0.00232331535113578,0.000474120324444185,0.00111726391574593,0.190296303823347,0.00437750139343586,0.000559135003310039,0.00308693832461723,0.00115373470993394,0.00658939218025929,0.000513357868536118,0.000190402697933288,0.00015569256277504,0.000207003197356798,0.000108406291689891,0.00175889837073644,0.000574980934577935,0.000499272596297988,0.00150083606151642,0.0168384399152469,7.16839747833383e-05,0.00233060950997338,0.000405203099564765,2.46492264167269e-05,4.62801802109974e-05,0.00150511194773157,8.5769247021468e-05,0.000427085576077574,0.000980938602298314,0.00110141798447803,0.000419791417239971,0.00836564561857485,0.000236934400862824,2.5655317290879e-05,0.000799087676795319,0.000392626963637864,0.000452237847931377,0.0125119976336743,0.000432870598603948,0.00231853641948355,2.51522718538029e-05,0.000573471798266707,9.70877693556793e-05,0.000480659915126174,0.000702502952876716,0.000976159670646091,0.094040068575154,0.00173274000800848,0.00273933392759768,0.0162604407080465
0.00236725962051336,4.43404732797787e-06,0.000985140985751319,9.36366465143563e-05,0.000217268319070916,0.00115024404214014,0.000114241925273783,0.000201357913952878,0.00198958311869501,0.0121805888362686,0.00991661643586581,0.00043949233809663,0.000486441074510514,0.000666150404450323,0.00376998353403483,0.00451229522200101,0.000119458451541992,0.000367504275595343,0.000260043834470232,0.0221198971614011,0.00150705443888566,0.00387405323308561,0.000683886593762234,4.9556999547988e-05,0.00173371250523935,0.00187142879872007,0.000778827371843643,0.00114502751587193,0.00571913857415123,5.633848369666e-05,0.000605117047112274,0.00114607082112557,0.000145541082883038,0.000367243449281932,0.000129630677765,0.000127283240944306,0.00189542481955384,0.000666411230763733,0.0017350166368064,0.00018570833514825,0.000525565021522083,0.000435319117082063,0.000509393790090635,0.00035498461255164,0.00221963192712304,0.00153600615967422,0.000568340536921399,0.00208113315470209,0.000589989120934468,0.00328667237528525,1.27804893571127e-05,0.000995574038287738,0.00336439861668156,0.258479398242396,0.0018247408886196,0.0010146143591667,0.133513859919055,0.0710639548728745,0.00438109958635555,0.0104294009680308,0.0011017303478458,0.0011841514628835,0.0185236239520977,0.000308035876137757,0.0126130388639032,0.000197706345565131,0.000243090124098552,0.0119067212071876,0.00541475426640121,0.00235526161009648,0.000598596389277013,0.0274209311551554,0.000469748190452244,0.00202009979736404,0.00199558212390345,3.46898996835916e-05,9.38974728277667e-06,9.05067307534307e-05,0.000438188206529578,0.000210486834922244,0.000978098675289237,0.00583181554154455,0.000405845743666681,0.232463538437583,0.000521913453134337,0.000222745671652536,0.00436753661805821,0.000309340007704809,0.000182578419387324,0.065794480863043,6.88581467403623e-05,0.0025401874663045,1.72145366850906e-05,0.000661716357122345,0.000532607331984166,0.000278823329035785,4.04280785786218e-05,0.000684929899015876,0.00508819972201132,0.00199323468708276,0.00102556906432994,0.00528303697812893
0.0550036650630732,3.61186506072133e-05,0.000243310909904406,0.000411304633658887,0.0048636982922318,0.00169953650531616,9.21165585253735e-05,0.000936565009931229,0.00778118929476795,0.00391453375301899,0.000864327708716802,7.36372489123806e-05,0.000832688890743042,0.000260670261359036,0.000539539842791473,0.0267821194200185,0.000522180491336844,0.000126835261434633,0.00119779525036945,0.0016586580325359,0.000120955481103226,0.00805529905402734,7.25172907540174e-05,9.51964434608723e-06,0.000413544549975613,0.000337947374286097,0.000101916192411052,0.000638656139806617,0.0707393571776158,0,0.00458426873172018,0.000841368566470357,0.000172473556387933,0.049252119940799,0.000107515983202868,0.020111088649728,0.0167786531495183,0.000315548211118833,0.00171885578354793,0.000131035104528495,0.0013271504176604,0.001065360198143,0.0008004900936901,9.04366212878287e-05,0.00568602757000998,0.00139462789670178,0.00357994625320798,0.0638124159681394,0.00356510680760967,0.00286737287494939,4.73182321908454e-05,0.00108691939269149,0.000844728440945446,0.00164185866016046,0.356337927215039,0.00258570339812105,0.00861919798676321,0.00225895560541858,0.00345955075118394,0.00624432671195404,0.000208872196534737,0.000851448189895625,0.00838316680488817,0.00010135621333187,0.00236759154677981,0.00923153510984829,0.00066777505192406,0.000855648032989488,0.0129985143755029,8.23169246396954e-05,0.00156990134848562,0.0450948352569548,0.000572578608463188,0.000196552656792742,0.00322771941240275,0,0,0.000222871673514277,0.000313868273881288,7.4477217531153e-05,0.0173767108060843,0.00316864161954909,0.000235751192335454,0.0297242495020386,0.0184252716318518,0.000705573639768818,0.000484381903492085,0.00040906471734216,0.00147974471673738,0.0185145882949813,0.00011899555432609,0.00103372138016924,0,0.0498073391978076,0.000806649863561097,0.000126835261434633,0.000120955481103226,0.0028976117452252,0.0077125918575682,0.000579858336492549,0.00786882602065987,0.00172305562664179
0.000133683688925763,8.5691322977624e-06,1.05807883554688e-05,0.00970381081592221,4.54582018234957e-06,0.000259164001200619,3.63143106521029e-06,0.000206730316683518,8.09887503751935e-06,0.00257034780827852,6.23090869822053e-05,3.85088445332371e-05,2.74316735141784e-05,1.19654347328512e-05,0.000343470677800861,0.181547726892662,9.00281399331989e-05,5.65614982459012e-05,0.00849493615225739,0.000124592048561064,0.000199467454553097,0.0438592226370559,3.25261271668116e-05,2.32777343820314e-05,0.000235677263591813,5.81551478500583e-05,0.000257962232646665,0.00011628417029677,6.4268492233218e-05,5.90434115638507e-06,1.09726694056714e-05,0.00107924041225782,5.65092474392076e-05,5.7554263573081e-05,8.20337665090669e-06,2.50020110029226e-05,0.000280456204928291,0.000316169631303416,0.000337644712854516,3.229099853669e-05,0.000181022919790231,2.27291009117478e-05,0.000891921270261002,6.16298264951875e-05,0.131767704095113,0.000880791848435249,0.0023582617839089,0.00022042002803726,0.129460047217486,0.00280978712995228,1.12077980357929e-05,0.00152666406997574,0.000595293440661019,0.000243671637015945,0.000193354110169938,0.431146747670744,0.00366319955568004,0.000355383861727018,0.000114455392062491,0.000739009284471967,0.000216631844551969,0.000416595681768656,1.52833609578994e-05,4.28979122955057e-05,4.98995203924579e-06,5.83380256734861e-05,3.52954199215762e-05,0.000357996402061702,6.26487172257142e-05,2.37741170456213e-05,0.00294276543298767,0.000860988792698347,3.78295840462194e-05,2.80064323878088e-05,6.49738781235826e-05,1.57274928147956e-05,4.01808703474347e-05,5.58299869521898e-05,3.29963844270546e-05,3.70196965424675e-05,0.000702172465752927,0.000339081610038592,0.000249340849542209,0.00142370385538586,3.27090049902394e-05,7.4979907605421e-06,5.03959030560478e-05,8.12500044086618e-06,0.00115798237794519,0.000313008457498449,0.000125584813888244,0.000188729913777548,1.18086823127701e-05,0.000232411588173458,3.11153553860824e-05,2.30426057519099e-05,1.19393093295043e-05,0.000571258069581929,0.00920194181762948,0.000262299049602239,0.02106300556411,0.000635291433185025
0.00144533104531909,4.76379441030363e-05,0.000215310971044644,0.000461335879734667,8.39932172343008e-05,0.00162047361832072,3.1915333165521e-05,0.000274962870349104,0.000250726021594928,0.0421316872612847,0.0014333693247055,0.00040795213097008,0.000412392070935824,0.000374626463933088,0.00354035589409604,0.0405423976918998,0.000238659831805672,0.000532427153774396,0.00137800066160329,0.0178448500065528,0.00275782953378071,0.0191091882050331,0.000410616094949526,0.000230511236103837,0.00183176252610228,0.000658103572098853,0.00382482545943062,0.00099966554193411,0.003476525227765,2.96692458887331e-05,0.000273291363538471,0.00551894984659485,4.23622507319763e-05,0.000456739236005427,3.63552731312645e-05,0.000139831991627005,0.00321258385544851,0.00160657921795733,0.000922619524881502,0.000408004365557913,0.00116655505005823,0.00025422573897969,0.000386640419134511,0.000187260997378712,0.0091465375023708,0.0048424074649912,0.00315559592012349,0.00364398931635528,0.00645128500481316,0.0155729588433758,0.000204289473012034,0.00264798019556943,0.0216827341129415,0.0110772323378274,0.0015307868310127,0.00457110101579036,0.530781241911801,0.0189349336200246,0.00140516264727607,0.00495559981682375,0.00135726353023388,0.00301435359462502,0.00151051981093378,0.000350389615178911,0.00067685578913064,0.000317586294020242,0.000512212368283304,0.00439099615694467,0.00172086849613435,0.00106725709858908,0.00240524606591284,0.039644485127063,0.000379640984364986,0.00330994912716787,0.000920634610543875,9.04703061255031e-05,3.39002475031475e-05,0.000382461652107929,0.000203819361721543,0.000431144287967611,0.0023462732162502,0.00269634942390212,0.000180157093433522,0.0233737244248358,0.00022920537140803,0.000107707720110154,0.00135595766553807,0.000312310600649182,0.000968638196761738,0.0399810848110542,0.000244719043994216,0.00416758882478602,5.29136374740962e-05,0.000690018905264374,0.000328033211586697,0.00041573508455709,0.000203767127133711,0.00150190110394145,0.0325490431851022,0.00125410021926513,0.00560931568354469,0.0168984637442076
0.00108363779513439,2.41946972908913e-05,0.000469377127443291,0.000160254289114962,7.37226658628334e-05,0.00023689455082758,0.000100052189385274,5.89923648651437e-05,0.00033260592687537,0.0347049449549288,0.022517364320763,0.000470231057935911,0.000563522964254612,0.000911072674750827,0.00820755292981417,0.00785929161057411,0.00020686466183712,0.00079223401452792,0.000385193813045866,0.0262275499894468,0.00600256207612136,0.00330777092403676,0.000493287181236642,0.000243583673019767,0.00481880093072731,0.00574225559762112,0.00072199823150995,0.00100792262478878,0.000812372541978867,3.29474848402431e-05,0.000366834307454543,0.000809170302631543,5.04530599389468e-05,0.000298591028919352,9.00896669713775e-05,3.63632068107219e-05,0.000743915780820522,0.00109886622225277,0.000922885379898732,0.000591489187887907,0.00131398554551855,0.000232980702736406,0.000130722526245198,0.000266355152822959,0.00189608149798764,0.00270589224848865,0.000389321143760195,0.00116113198733963,0.00106129328057751,0.0018522463993665,0.000147516492600052,0.000572916199673429,0.00141816506561815,0.0112511746881339,0.000848735748789589,0.000683073233221369,0.0437795219782495,0.619164861671088,0.00229138015519617,0.00603109758674973,0.00343393915432132,0.000385336134794636,0.000487736633034614,0.000338369957700553,0.000879975372644593,6.47563956903267e-05,0.000193913382699055,0.00754981296787385,0.00278722912791068,0.0129482192204668,0.000525024931212341,0.0059133263396426,0.000392665704856289,0.0110930552252505,0.000618459159279812,0.000137340487563001,9.02319887201475e-05,4.26965246309846e-05,0.000298804511542507,0.000525096092086726,0.000592414279254911,0.00408057801985758,0.000251126725704574,0.0708993581716096,0.000127733769521029,0.000146591401233047,0.0231092093130229,8.5962336257049e-05,2.4906306034741e-05,0.00615477518643082,0.000280871971197494,0.00287340494679088,0.000265287739707184,0.000215688610260857,0.000472010079795535,0.000478912684610877,0.000209497614189364,0.000336092809720234,0.0057068174821774,0.00128224779554285,0.00155401117481907,0.00137034495803145
0.00399579331912656,2.86441756842775e-05,0.00625010378324523,2.78139097224144e-05,0.000349126836963441,0.000126338803863504,0.00329117427282539,8.16428195832065e-05,0.000988154872277419,0.00281543187667783,0.0105876899233388,0.000322143193202889,0.000211164309633853,0.00446420169927767,0.00132178341128608,0.00191085711122796,0.000268452661002408,0.000190130905266654,0.000128414468768162,0.000599036891484239,0.000303877342041901,0.000548390667810589,0.000100462181385437,4.56646279024714e-05,0.00112099742617552,0.00285376248858384,4.02678991503612e-05,0.000758724711482578,0.00107256524506684,0.000116098857000526,0.00896009188276644,0.000318406996374505,0.000289070932388675,0.000212686463897268,6.29618354412864e-05,6.7666675891844e-05,0.000296958459026375,0.000165776437052002,0.00399939113829463,0.000159549442338029,0.00114535189439017,0.0236909473334625,0.000122740984695431,0.000349541969944372,0.000462181385437135,0.000342069576287604,0.000118728032546426,0.000494976890930728,0.000311903246339911,0.000613151412835912,6.79434312124651e-05,0.000204937314919879,0.000466609470567072,0.00222123820330446,0.00136786317216948,0.000782940802036919,0.00433606398583013,0.00520604433620236,0.29666233083331,0.262440290039576,0.0013720145019788,0.000135056596463067,0.000525696731519663,0.000261672155647192,0.00163313314698475,6.0747792876318e-05,0.00157930423712396,0.0772786649323333,0.0221770957296654,0.000481000747239366,0.00025032518750173,0.00364763512578529,0.00132565798577478,0.000378462900949271,0.00271524645061301,3.72235906235297e-05,9.00838568621482e-05,2.62917554589987e-05,0.001118091495309,7.44471812470595e-05,0.000330584230481831,0.0410909694738881,0.00188345833448648,0.165425926438436,0.000461489497135582,0.000939169180527496,0.00144881410345114,5.18916226164448e-05,0.000209227022389505,0.0042396147565937,0.000277862341903523,0.000238978219356267,3.29338831539036e-05,0.000210749176652921,0.00224822184706501,0.000258904602440982,0.000305953006946559,0.00018639470843827,0.00158968256164725,0.00197644812221515,0.000257935958818808,0.000307613538870285
0.00202538156349266,0.000108780083972752,0.00717323044303336,7.98828289611222e-05,0.000134191424343745,0.000165890442524484,0.00332960231871314,5.49601682126481e-05,0.00039325678156187,0.00299902684339972,0.00190910839197462,0.000401303706012685,0.00047180388622144,0.0181102387600673,0.00139609252425407,0.00484985204572855,0.000373123181114083,0.000184590582746215,0.000488125785613578,0.000193484551876062,0.000477146783427649,0.00168131853059771,0.000187848446896342,8.02737726591375e-05,0.0023333148829627,0.00297400644672674,7.20965336423179e-05,0.0025765470204112,0.000317967541052428,8.44112601297992e-05,0.00368900989175518,0.000631536965502183,0.0002916765773609,0.000137156080720361,7.04024442842516e-05,6.52550189270505e-05,0.000330021638407899,0.000124678461025373,0.00325375924129817,0.000255514285294487,0.00317905641633575,0.020327215314229,6.59065917570759e-05,0.000554846843408186,0.000656296733043151,0.000423163974460039,0.000213683309606852,0.000656133839835645,0.000836424041903691,0.000915264354336773,0.000173122900937766,0.000271901341969627,0.000609350910639816,0.00200247877851727,0.000582766739174777,0.000278449648911383,0.00365007841516116,0.00264141109564024,0.0280445090703336,0.639919189331329,0.00305206487176379,0.0001970030451582,0.000263984732084818,0.000653332076666535,0.000262779322349271,6.59391703985772e-05,0.0077575609570002,0.0135058667780509,0.00279042580186706,0.000203518773458454,0.000145756842076697,0.00232885160907702,0.00228552201588033,0.000165238869694458,0.000928556440069292,0.000132888278683694,8.91351631474838e-05,8.30103785452444e-05,0.00346900632569708,0.000227040552622374,0.000538883309072562,0.155010055886379,0.000706728470087122,0.0168484353960815,0.000230037787640491,0.000519727067869813,0.000676690962622948,4.13422960651158e-05,5.21584050435386e-05,0.00244962063312224,0.000574817550648466,0.000527350469981111,0.000124320095968859,0.000120215187139699,0.00449158472513905,0.000642483389046611,0.000291025004530875,0.000199381285987793,0.00280821374012676,0.00291950237949511,0.000768204366600025,0.000374621798623142
0.000868165348382807,8.25155321949163e-05,0.00584522188872637,5.09748461435777e-06,1.35401935068878e-05,5.24085136913658e-05,4.25321372510476e-05,1.27437115358944e-05,0.000103861249017539,0.00531922519508233,0.00451493770077319,0.00100308939426909,0.0169156840999579,0.0834211321959358,0.00408818266071493,0.0024985639430063,0.00102013410844835,0.000800464380848368,0.000187810448760244,0.000553077080657818,0.00212501389861039,0.000898909552463152,0.000413533439339774,0.000612016746511329,0.024119704231199,0.0321576409860702,0.00037657667588568,0.0163407834132948,0.000122976816321381,0.00015085368530615,0.000154358205978521,0.000300432999458711,0.00205444559598038,0.000152765242036534,0.000186854670395052,5.57537379695381e-06,6.84974495054325e-05,0.00066506244577949,0.00837723807451439,0.00133777111848052,0.0889786647967394,0.000726072964757584,0,0.00103574515507982,0.000530456992681605,0.00244647402210333,0.000346788250170527,0.000135561231463077,0.000328628461231877,0.000480437924903219,0.00105087831252869,2.91512401383585e-05,0.000507677608311194,0.000264909903552405,0.000147827053816375,0.000136994899010865,0.00174843722272471,0.00333327704860738,0.00125732643941018,0.0179200478653805,0.493329144900142,5.36828848449552e-05,0.000221421987936165,0.00121288274542875,8.95245735396583e-05,0,0.00119870536634507,0.0029203807948444,0.000534120809748175,0.00079058800440805,3.42487247527163e-05,0.00287848584317015,0.00794904936690834,0.00030776063359185,7.94889007051414e-05,0.000249458153315133,0.000530138399893208,5.41607740275513e-06,0.00255463627376423,0.00280712105856914,9.22326122410358e-05,0.0621641434648814,0.00251114835814799,0.00532049956623592,0.00019673104683537,4.39658047988357e-05,0.00476375866851153,2.67617942253783e-05,8.60200528672873e-06,0.0012068294824492,0.00189785724048308,0.000241334037211001,0.000632725277757158,5.54351451811407e-05,0.0314376212842921,0.0118580235841498,0.00159965439054315,2.3894459129802e-05,0.00139304696726746,0.0167678570461415,0.000448897238851881,0.000187969745154443
0.000758422875366869,1.11079021615978e-05,0.000102439542156957,0.000233265945393553,0.000138231671344328,0.0523472231478807,0.000788661053473441,0.000486896378083368,0.000462212151057596,0.00351133129441618,0.000759039981042514,0.000217221197826801,0.000221540937556311,0.000272760708634789,0.000918870351034393,0.0103235608478538,0.000265355440527058,0.000188834336747162,0.00179207488207111,0.00160879449640474,0.000801003166986327,0.00370448537089285,0.00012712376918273,5.43052994567002e-05,0.000400501583493164,0.000572674066997929,0.000352984446468551,0.000426420021870225,0.00515344949730572,1.11079021615978e-05,0.000287571244850253,0.00628707262346433,0.00015859615864059,0.000209815929719069,0,0.000400501583493164,0.0105858307600027,0.000303615992417005,0.000534413515107981,9.4417168373581e-05,0.000368412088359659,9.68855910761582e-05,0.000659068861588134,6.29447789157206e-05,0.00405191586628061,0.00241226608609365,0.00401735794844452,0.00501213229758317,0.00126383242371957,0.148254701728143,0,0.00472394394705727,0.023030383815046,0.0015748536842443,0.00106882703021596,0.000273377814310434,0.054990903862341,0.00173468405423618,0.00029991335836314,0.00132677720263529,0.000736207071043674,0.144714983572647,0.000574525384024862,0,0.000173406694856054,0.00121384686399238,1.11079021615978e-05,0.00142181147668451,0.000314106788902959,0.000387542364304633,0.00264491492581156,0.257692839352582,9.62684854005139e-05,0.000607231984834011,0.00107684940399934,2.22158043231955e-05,9.87369081030912e-06,0.0271705457929438,6.10934618887877e-05,9.75026967518026e-05,0.00281153345823552,0.00044431608646391,7.59039981042514e-05,0.00531636539567582,0.000350516023765974,0.000199325133233115,0.000586867497537748,0.0101186817635399,0.000420866070789426,0.0846156789273222,0,0.000377668673494324,0,0.00114411392264457,0.000116015867021132,0.00014563693945206,0.000143785622425127,0.00288867166769106,0.0185884571617582,0.000288805456201542,0.0035199707738752,0.0677230281622346
0.00495093729490869,0.000114541559569571,0.00034185569709374,0.000296746665911901,0.00165399781000076,0.000798252953757052,0.00119583157172248,0.000306918310198002,0.0170401576516415,0.00718294984760223,0.00205157642796618,0.00077923640139608,0.000470549109583104,0.000466126655545669,0.00135415542626265,0.00209756994995551,0.000243677217462679,0.000233947818580321,0.000187069805783508,0.00193172792355169,0.000629315209527027,0.0010985375828989,0.00106979163165557,4.51090311818389e-05,0.000708477136797117,0.000878299371834628,0.000264904996842368,0.000128693412489364,0.0978326437253338,1.50363437272796e-05,0.00187600500268001,0.00102512484587748,0.000114099314165828,0.00209270525051433,7.51817186363982e-06,0.00077923640139608,0.00288786248644518,0.000594377822631289,0.000400232090387885,0.00022996760994663,0.000190165523609713,0.000522734067224839,0.000320627917714051,0.000119848504414494,0.00109190390184275,0.000801790916987,0.00052406080343607,0.00812272133055721,0.000542192864989554,0.00157041342869324,2.96304420508158e-05,0.000243234972058935,0.00127853146222251,0.0462517933051122,0.0145949828143436,0.000319743426906564,0.0224740269274381,0.00699897575964493,0.00233240225934332,0.00406069729717299,0.000621354792259644,0.00150363437272796,0.170036724058327,3.05149328583028e-05,0.0455039563273819,0.000228640873735399,0.000228198628331656,0.0029409319348944,0.0231608340394518,0.000595262313438776,0.00062710398250831,0.0971308002695928,0.000265789487649855,0.000454186029644594,0.00370690097417817,4.37822949706084e-05,1.41518529197926e-05,0.000507255478093816,0.00052406080343607,5.8818638697888e-05,0.0015487434039098,0.00143243286272526,0.000116310541184545,0.163277003062107,0.00549578363232071,0.000963652734757128,0.00150274988192048,0.000750048204749008,0.000251195389326319,0.19368800825053,0.00070007447412599,0.000697421001703529,0,0.00226385422176307,0.000365294703492147,0.000116310541184545,2.91881966470722e-05,0.000234832309387808,0.00358439899734122,0.000215815757026837,0.000867685482144784,0.00495005280410121
0.000260709001927475,0.00777444368369164,0.00133518445161886,4.55607964533451e-05,0.000156931632228189,0.000359424060909723,0.000216413783153389,0,0.000221476093870428,0.00477122785080864,0.00115420684348474,0.000321456730531935,0.000450545653816413,0.00300068467752448,0.00189330420817234,0.00637344919275128,0.000198695695643755,0.000105042947378546,0,0.000212617050115611,0.0021983084288739,0.00261088675231253,0.000236663026021543,0.000249318802814139,0.00344237128758608,0.0028905794194289,0.000556854178874218,0.0331125744001478,0.000292348443908964,0.00208946874845758,0.000407516012721587,0.000193633384926717,0.000871983021009855,6.32788839629793e-05,0.00630004568735422,8.22625491518731e-05,0.000164525098303746,0.000799845093292059,0.0555993586052322,0.000216413783153389,0.0167802944493029,0.000172118564379304,0,0.0652949492060398,0.000831484535273548,0.00229196117713911,0.000107574102737065,0.000375876570740097,0.000317659997494156,0.000682146369120917,0.00015186932151115,0.000279692667116369,0.000418906211834923,0.000474591629722345,0.00015186932151115,0.000354361750192684,0.000666959436969802,0.00338162355898161,0.00138960429182703,0.00914126757729199,0.00689992950732327,0.00024552206977636,0.00030753537606008,0.400566725684772,0.00027589593407859,0.000102511792020027,0.0028184414917111,0.000768205651310569,0.000282223822474888,0.000265771312644513,6.70756170007581e-05,0.00683918177871881,0.00520025868407764,8.73248598689115e-05,0.000834015690632068,0.0432650385431682,0.0387532541166078,0.000113901991133363,0.00310825878026154,0.000384735614494914,0.000125292190246699,0.0150401251403209,0.0532618366316397,0.00382963805743951,0.000132885656322257,0.00015440047686967,0.000921340550500979,4.04984857363068e-05,0,0.00281464475867332,0.0391341929980649,6.58100393214985e-05,0.000216413783153389,0.000103777369699286,0.00285261208905111,0.00258557519872734,0.00496233008037684,0.000101246214340767,0.00540654784579695,0.110994959204104,0.00126684325693885,0.000308800953739339
0.00289037958028729,9.51130392050663e-06,0.000608723450912425,7.97892717775834e-05,0.000519951280987696,0.000445974472717089,0.000143726370354322,0.000210305497797869,0.0178310528220831,0.00744418053511653,0.0136973344570763,0.000139499124167431,0.000240424626879473,0.000794193877362304,0.00188218136471359,0.00268482973444968,0.000226686076772075,0.000188640861090048,0.000369355635579674,0.00145575790561088,0.00122008893069166,0.00111546458756608,0.000193396513050302,5.91814466164857e-05,0.000751393009720024,0.00115509502056819,0.000108851589312465,0.000481906065305669,0.0166099070798448,9.51130392050663e-06,0.00208456077591104,0.00131731559299017,9.61698507517893e-05,0.000911499959048553,8.98289814714516e-06,0.000453900559317511,0.00109749879127179,1.79657962942903e-05,0.0009643405363847,0.000366185200939505,0.000760375907867169,0.00102563560609463,0.000395775924247748,0.000177544339849457,0.000516252440574166,0.000690097940010093,0.000506212730880298,0.00209301526828482,0.000506741136653659,0.00122114574223838,0.000226686076772075,0.000285339117615199,0.00125073646554662,0.0253978234966195,0.00350491549470669,0.000269486944414355,0.0175488841391081,0.0173079311064553,0.00864524685796717,0.0115557058576422,0.00073554083651918,0.000343992158458323,0.0374058446962591,0.000350333027738661,0.122958438243896,6.92211563103538e-05,0.000127345791380117,0.014343046312124,0.0332774103889859,0.000794193877362304,0.000215061149758122,0.0159800473979979,0.0009643405363847,0.00115826545520836,0.00462936298041992,3.59315925885806e-05,0,6.92211563103538e-05,0.000244651873066365,0.000149010428087937,0.000459184617051126,0.00425260966401319,0.000126817385606755,0.544534302781792,0.00146791123839819,0.00102510720032127,0.00189750513214107,0.000202379411197447,0.000214532743984761,0.0235087728568522,0.000171731876342481,0.00109908400859188,9.40562276583434e-05,0.000615592725966124,0.00107424893724389,0.000261032452040571,0.000732370401879011,0.000659450405155127,0.00635355101889843,0.00123012864038552,0.000363543172072698,0.00103356169269505
0.00287587553266673,0,4.2483388994903e-05,0.000149941372923187,0.0001364466493601,0.00379601575783868,0,0.0018487771281429,0.000523795196078333,0.00318875319749978,0.000231409518878119,7.99687322256998e-06,3.29871020431011e-05,3.49863203487436e-05,0.000144943327159081,0.00416787036268819,2.44904242441206e-05,0.000117953880032907,0.000863662308037557,0.000275392321602254,0.00028039036736636,0.00219114326298417,0,0.000143443913429849,0.000493307116917285,0.000460819819450595,0.000159437659874989,7.44708818851829e-05,0.00480961943879943,0,0.000543787379134758,0.0010915731948808,7.99687322256998e-06,0.00462419194095109,7.19718590031298e-05,0.0231014673262754,0.0649556023594774,2.6489642549763e-05,0.00012794997156112,0.000181429061237056,0.000474314543013682,5.29792850995261e-05,0.00184627810526084,1.599374644514e-05,0.00133997606935688,0.000136946453936511,0.000590769009317357,0.0973899205410684,0.000469316497249575,0.00418986176405026,0,0.00172282637488742,0.00073771155478208,0.00148991744228007,0.0149191666058571,0.000372354409425914,0.00529842831452902,0.00043333056774801,0.000311878055680229,0.00124851183187374,0.000233908541760172,0.000797188299374944,0.000404841706892605,0.000124951144102656,0.000258398966004292,0.268584983271541,3.19874928902799e-05,0.000538789333370652,0.00130399013985532,0,0.00210917531245283,0.0205599610552274,0.000124951144102656,0.000122452121220603,0.000201421244293481,0,0,6.69738132390235e-05,2.49902288205312e-05,0.000290886263470983,0.35027354304467,0.00140045242310257,2.39906196677099e-05,0.00388897940905106,0.000923638857206832,6.8973031544666e-05,0.000253400920240186,0.00187376735696343,0.000388348155871054,0.00920440107917804,6.39749857805598e-05,0.000584771354400429,0,0.0672087213899365,7.49706864615935e-05,6.64740086626129e-05,3.49863203487436e-05,0.00755204714956452,0.00275992087093946,7.54704910380041e-05,0.0015194059122883,0.00113055795184083
0.00135009921585361,0.000241101771461681,0.00168099548871011,3.60592092215418e-05,0.000222011601873806,0.000123379059003118,0.000742749005631953,0.000126207232275396,0.000643055897784162,0.00289746351744859,0.000984557820411704,0.000406903429548966,0.00140949085457144,0.00999122912763935,0.00126772866929852,0.00334749658939979,0.000148479096794584,0.000288827195431369,9.40367613032364e-05,8.23705465550905e-05,0.000792242037896815,0.00124298215316609,0.000113480452550146,0.000143176271909063,0.00230531473856543,0.00201471993483889,3.04028626769862e-05,0.00589426662108594,0.000252060942891758,0.000135398795410299,0.00112384535407139,0.000570937479341078,0.00035705687562507,0.000169690396336667,0.000141762185272924,8.23705465550905e-05,0.00120515533564937,0.000110298757618834,0.0122092240164232,0.000141762185272924,0.00349385455624017,0.00335103180599014,3.11099059950556e-05,0.00097748738723101,0.00043412459729464,0.000153781921680105,0.000158377703247556,0.00088839992915426,0.000686892583504467,0.00126490049602624,3.53521659034723e-05,0.000174286177904119,0.000461345765040314,0.00195214660118974,0.00105490863055961,0.000591795257224127,0.00580270451139595,0.00214835112195401,0.00538625599705304,0.0972244661027525,0.00261111097363047,0.000326654012948084,0.0003135737115638,0.000912792923627655,0.000323472318016772,9.08550663719239e-05,0.366321264221734,0.00834063650160623,0.00183831262698056,0.000113480452550146,0.000228021470077396,0.00164140106289822,0.00651010135112443,8.51987198273683e-05,0.00141161198452565,0.000425640077477807,3.81803391757501e-05,4.77254239696876e-05,0.0670563418073653,0.000979962038844253,0.000207517213853383,0.317683754371737,0.00171069130806903,0.0130297477870428,0.000181356611084813,0.000201153823990758,0.000974659213958732,0.000149539661771688,4.80789456287224e-05,0.00179200128964701,0.00172306456613524,0.00104006072088016,0.000120550885730841,0.000126207232275396,0.00784429209232147,0.0016870053569137,0.000844563243433954,0.000118076234117598,0.00230849643349674,0.00609895566166705,0.000592855822201231,0.000509071189010001
0.000885833196886662,5.45786687299544e-05,0.0296913308740827,0.000224468152276626,0.000215639249982075,0.000275033683599966,0.00127002421794654,7.14338458377344e-05,0.000660829959622487,0.00352273201552603,0.0674423793731158,0.000465791481661032,0.0010768585374415,0.0105342181498687,0.00334561888464745,0.00238326853454134,0.000203332295268457,0.000409875100462206,0.000274766141106192,0.0014431242114185,0.00106000336033372,0.00126734879300879,0.00110441541430025,5.32409562610829e-05,0.00604084196692961,0.024475589957953,0.000479971233831069,0.00127831803525354,0.00085265792765865,5.45786687299544e-05,0.00219973438381218,0.000855333352596393,0.000328274639861049,0.000187547288135775,4.52146814478544e-05,0.00024159087187818,0.000954859160280427,0.000404256708092946,0.00225270779757949,0.000279314363500355,0.00172136840494376,0.00498939996639666,0.000134573874368466,0.000324529044948209,0.000569597969245455,0.00144686980633134,7.91925781571887e-05,0.000950310937886265,0.000201994582799586,0.000843026397882776,0.000118521324742009,0.000218849759907366,0.000512076333083984,0.00396578238521624,0.00136740968568038,0.000139389639256403,0.00485295329457178,0.015981650865607,0.0987724080215661,0.109935618574298,0.00509106611403089,0.000256840794023315,0.00084329394037655,0.000254967996566895,0.00156137799366673,0.000149021169032277,0.000853995640127521,0.330020087090433,0.00545893704297053,0.00173314027466983,0.000193968307986357,0.00315058040668599,0.00155495697381615,0.000506725483208498,0.00078711001668395,0.000105946827534617,2.59516218961058e-05,5.45786687299544e-05,0.00147843982059671,0.000291621318213972,0.00136446671824886,0.0297012299463524,0.000423787310138469,0.172017248999659,0.000354761346744703,0.000315432600159883,0.00976396331029257,0.000168819313571575,2.72893343649772e-05,0.00397273849005437,0.000369208641408515,0.00129945389226171,3.18375567591401e-05,0.00024720926424744,0.0030724579985039,0.000376432288740421,0.000151964136463795,0.000195841105442777,0.00211465587079196,0.00207532712420714,0.000859346490003007,0.000731461177978898
0.01841369526862,4.93574383826555e-05,0.000841484132426248,7.72865254674751e-05,0.00592674489379242,0.000703524072946923,0.00246979806306966,0.000116772476173599,0.025505034940251,0.0066726441333508,0.00722087285138644,0.000159629178769271,0.00110416201181882,0.00118530082516006,0.00135287534766898,0.00498919433251408,0.000180094458098665,8.61949411755642e-05,0.000208023545183484,0.00080488739762545,0.000597826924410407,0.00157125191651322,0.000269660151163776,8.40280292465695e-05,0.0015844941560793,0.000749751527432142,0.000438920049617468,0.000621662955629348,0.0112286968480581,1.97429753530622e-05,0.0321791236815545,0.00103602467005154,8.3787261254459e-05,0.00153104366183076,1.6372223463515e-05,0.000683058793617529,0.00163457389843828,0.000604568428189502,0.00103193161418566,0.000299996918169701,0.000976073440016026,0.00678628662562696,0.000164203770619371,0.000204893561286048,0.00101146633485627,0.00170752660004777,0.000965961184347384,0.00261425885833597,0.00103361699013044,0.00188184262633578,0.000258344055534582,0.000424473970090837,0.00171595347977164,0.0054293182220921,0.00714093787800575,0.000676798825822656,0.0092007080505112,0.00863490326905149,0.032731445455456,0.031757538927369,0.00043530852973581,0.000602401516260507,0.00715201320564283,0.000144460795266309,0.00734414606334702,0.000860264035810868,0.000348391284583914,0.0066955170926013,0.382032592281556,0.000809221221483439,0.000412194802493201,0.00774069094635304,0.000648628970745726,0.000474794480441934,0.0239142808163768,3.68375027929087e-05,3.85228787376823e-06,0.000157462266840276,0.000296866934272264,0.00048201752020525,0.00124284437527448,0.00593950559737428,0.000278809334863976,0.25399506329309,0.00453149437951199,0.0165154804188207,0.00257043908377185,0.000287236214587844,9.38995169231006e-05,0.00801420338539058,7.34342375937069e-05,0.00192855161680522,6.54888938540599e-05,0.00341962779194564,0.000905287650335534,0.000282420854745633,0.000157703034832387,0.000481295216228918,0.00396978265391816,0.00104830383764918,0.00279170486852141,0.00116483554583067
0.000952113843940151,1.70717133903203e-05,0.000988208323679686,6.24336946846001e-05,2.43881619861719e-05,0.000343873084005024,0,0.000151694367553989,0.000235589644786421,0.0783377028790225,0.0179926103869182,0.00555269672101162,0.00251539502725377,0.00113746387503506,0.161264770080603,0.00531174168058824,0.00213250088407087,0.00815442584169644,0.000220468984354994,0.0100513370809809,0.051581938127233,0.0008199300059751,0.00628287829087761,0.000896021071371956,0.0331122952918653,0.00597314863365322,0.00215298694013926,0.00211494140744083,0.000290219127635446,0.000258514517053422,0.000128769495286988,0.00102820490933701,0.000100479227383028,0.000235589644786421,0.00106381162583682,8.29197507529845e-06,0.000743838940578243,0.00286317021717658,0.00185642689038741,0.00260465570012316,0.00216664431085151,0.000178521345738778,0.000264855439169827,0.000905288572926701,0.00162278829855988,0.00670235467703977,0.000473130342531735,0.000492640872120673,0.000671162217859451,0.00164766422378577,0.000976502005926323,0.000177058056019608,0.00220566537002939,0.00342995110173522,0.000254612411135635,0.000756033021571329,0.020130476666626,0.261858621824966,0.00223639445413196,0.00566780884558635,0.00332069213603717,0.000505810479593205,0.000293145707073786,0.000446791127586669,0.000338019925128343,0,0.000108771202458327,0.00272562098357457,0.00109941834233663,0.0929062153230822,0.000304364261587425,0.00481471093931006,0.000777494604119161,0.0207884692770129,0.000477520211689246,0.00071213432999622,0.0001560842367115,1.70717133903203e-05,0.000134622654163669,0.00204372797444121,0.000316558342580511,0.00167693001816918,0.00242808540734328,0.0280995524772276,9.16994890680064e-05,4.24354018559391e-05,0.092326264831051,8.14564610338142e-05,5.9019352006536e-05,0.00408062726352628,0.000496055214798737,0.00338117477776287,0.000412647700806029,8.38952772324314e-05,0.000869194093187167,0.00129842574414379,0.000616532735010426,0.000348750716402258,0.00422061531332691,0.00302608313924421,0.000504834953113759,0.00118770348872657
0.000369059100677834,2.33489347997048e-06,2.5391966594679e-05,0.0195427665656679,1.73657702572805e-05,0.0055609866150772,0,0.0112009218159459,4.21740134819668e-05,0.00251993378825814,0.000167966399715376,1.91169403672583e-05,0.000112512679566078,0.000111199301983594,0.000568254700687816,0.0273795446695039,0,0.000181392037225207,0.0611297002682647,0.00100400419638731,0.000439981490131938,0.0184236229345496,1.95547328947528e-05,8.97474681363654e-05,0.000556580233287963,0.000116015019786033,0.000134840098468295,0.000204011317812421,0.000147682012608133,1.24041216123432e-05,2.23274189022177e-05,0.00165193713707912,0,0.000195839190632524,2.48082432246864e-06,6.20206080617159e-05,0.00257276075324247,0.000340456655548196,0.000337829900383229,6.74200492341476e-05,0.000491057285006292,1.26959832973395e-05,0.00363017563798411,0.000116890604841022,0.0361139433855459,0.00122946734804696,0.00409657061060821,0.000793863783189964,0.00400872024342432,0.0167115622903612,1.83872861547675e-05,0.100768311292669,0.000739431578938152,0.000466540903466602,0.000590728050432532,0.0127124734825418,0.00848091684262278,0.000850776811764244,0.000184164723232672,0.00130141125339855,0.000563001190357882,0.00197283905973256,7.60299689415388e-05,0.000164026266967926,3.16669928220996e-05,0.00029346692426379,3.50234021995572e-05,0.000858073353889152,0.000169571638982856,5.53077893068008e-05,0.205337975101572,0.00285790961948387,6.4939224911679e-05,6.37717781716938e-05,5.38484808818192e-05,1.21122599273469e-05,2.43704506971919e-05,0.000370226547417819,0.000142282571435701,0.000112512679566078,0.00404315992225388,0.000462600770719152,2.69972058621587e-05,0.00223668202296922,7.82189315790111e-05,7.44247296740591e-06,0.000180662383012716,0.000312875726316044,0.0507735720995406,0.00115226993236543,4.17362209544724e-05,0.000779270698940148,2.62675516496679e-06,0.00105289102862419,0.000168112330557875,0.000104194621543683,3.23966470345904e-05,0.0396583116881411,0.00782656294486105,0.000240785890121956,0.326201547129606,0.00268790018797352
0.00156390477713147,1.38981729255973e-05,0.000159623089786212,0.000247953699935564,0.000184125053906895,0.00496561128745776,7.74694453815702e-05,0.000447263794631537,0.000496216248158363,0.0102064578735569,0.000632366868114678,0.000109538192539523,0.000128069089773652,0.000248416972366417,0.000787357233592358,0.0171834436316358,7.59252039453927e-05,0.000140423021263072,0.00096684956319072,0.00157471446718472,0.000457764636397544,0.00659602139577395,0.000164307288809284,0.000103670075082048,0.000374272649414882,0.000327533608613243,0.000214392186055973,0.000383589572746486,0.0260195416547288,9.47134747522187e-06,0.000194934743960137,0.0017665607282725,5.8012003285734e-05,0.000583620313446009,1.508209136e-05,0.000578112518990309,0.0102693085000093,0.000271065846763687,0.0010296487149286,0.000101559611785939,0.000506922988782527,0.000162454199085871,0.000569773615234951,0.000138724355683277,0.00464456349287646,0.00135733674768547,0.00114150326962239,0.0189624612408268,0.0023147664381155,0.00925592579487512,2.66639021313311e-05,0.00137900760250649,0.00297081167491823,0.00514814062521394,0.00381232030820588,0.00159967970373625,0.0329319781207755,0.00415066360687237,0.0013066341538643,0.00358706695738213,0.000769855830649013,0.00860188807193941,0.00311344810890649,0.000125752727619386,0.000808101543551675,0.0010643941472426,0.000160909957649693,0.0038878851891495,0.000815513902445327,0.000172440293706485,0.00114474617663837,0.558308549116195,0.000488597990406555,0.000596952264511674,0.000694651272707169,1.9405967381297e-05,4.37535073583619e-06,0.00156966994515987,0.000130642825500615,0.00013851845682512,0.00441534658903319,0.00226241665342909,0.00013373130837297,0.0124080828891151,0.000540741876234814,0.000103412701509352,0.000369845823964506,0.00449739728400875,0.000287949553132561,0.16830558726112,9.02866493018433e-05,0.00153224782768983,4.16945187767919e-06,0.00273716794562458,0.00031888585657065,0.000150975337743618,5.5335318129693e-05,0.00191640362229625,0.00985709898597901,0.000600812868102118,0.00337118200460452,0.0177291270804664
0.000148571515752758,0.000398491327092361,0.00227325316767912,3.26929985764015e-05,1.30771994305606e-05,9.26301626331377e-05,0.000144575704815642,8.64548184575952e-05,2.61543988611212e-05,0.00183698326445403,0.00124015441266483,0.000373789950390191,0.000639693005478257,0.015573128244099,0.0013436822414901,0.00199499942423997,0.000381418316724685,0.000229577501114286,0.000405029926807641,0.00024374446716406,0.000644415327494848,0.000306950931078437,0.000207782168730019,0.000122417116891637,0.00293147220568401,0.00318756736119915,0.00015656313762699,0.116694389118608,8.35487741396928e-05,0.000446077802798012,0.000192162180521294,0.000842026341112209,0.00234663078670615,2.97869542584992e-05,0.00016637103719991,6.24799528349007e-05,0.000399217838171837,0.00028007002113784,0.181587811759526,0.000528536810318492,0.0424504056292985,0.000393042493996294,0.000164918015040959,0.00315087855168563,0.000290241176250498,0.000880168172784677,9.7352484649729e-05,0.000182354280948373,0.000304044886760534,0.000583751652358636,0.000287698387472334,0.000112245961778979,0.000223402156938744,0.000771918021942814,0.000247013767021701,0.000256095155515145,0.000995683434421296,0.00137891802884467,0.000697087380756829,0.0136162706515315,0.0164169708629099,0.000235026334210353,3.77785761327307e-05,0.0028737145748657,3.70520650532551e-05,1.16241772716094e-05,0.0067336679401195,0.0022663513124241,0.000270262121564919,8.35487741396928e-05,0.000658582293544622,0.00189873670620945,0.18803886688973,0.000105344106523961,6.32064639143763e-05,0.000416290848539513,0.00103237224393481,2.6517654400859e-05,0.0748731420841351,0.0003229341748269,7.19245968680834e-05,0.0888279668987022,0.00748960271831386,0.00353011733517189,3.1966487496926e-05,6.17534417554251e-06,0.00102111132220294,0.000156926393166727,1.2350688351085e-05,0.000808243575916594,0.0113234016847065,0.000192888691600769,0.000902326760708682,4.90394978646023e-05,0.0689549828307269,0.00230412988855683,0.00171819870295977,0.000163828248421745,0.00100040575643789,0.109105980893485,6.10269306759495e-05,8.75445850768086e-05
0.000582148406075054,1.3922831834381e-05,0.000721376724418863,7.96211945528661e-05,0.000119649336076711,0.000534288671644369,2.78456636687619e-05,0.000187958229764143,7.35299556253244e-05,0.351120331119748,0.00686526135983428,0.00195050172229781,0.00142752535151887,0.000291509291532351,0.0249853919037863,0.00825841472026203,0.000530807963685774,0.00264185734057379,0.000464674512472464,0.0275854807488569,0.0363229279019206,0.00166769420066194,0.00325663738376067,0.000534288671644369,0.00632662180324167,0.00132571464372996,0.00602728091880248,0.000867566458679863,0.00214020030604125,3.654743356525e-05,9.22387609027738e-05,0.00133920238706952,1.47930088240298e-05,0.000370695397590393,1.3922831834381e-05,8.78878759545298e-05,0.00179212951018172,0.00355902388766363,0.000856689246309253,0.00159459933353144,0.001112521281266,0.000488169291192982,0.000478597344306845,0.000781854025199455,0.00262445380078081,0.00598681768878381,0.00138532176752091,0.00160504145740723,0.000519930751315164,0.00304518437527601,0.00035851291973531,0.000400716503733277,0.00437568499244904,0.00330145149872758,0.00134094274104882,0.00112557393611074,0.0532439545541365,0.195701934795028,0.00115385468827432,0.00387533322340097,0.001989659686832,0.000331537433056196,0.000543425530035682,0.000353291857797417,0.000542990441540857,0.000480772786780967,0.000170554689971167,0.00449011326658786,0.00156718875835751,0.0216308596086901,0.000492955264636051,0.00640319737833077,0.000245389911080964,0.105836581631521,0.000852773449855833,0.000170989778465991,0.000123130044035307,0.000174470486424586,7.83159290683929e-06,0.00161809411225196,0.00137183402418135,0.0017703750854405,6.52632742236607e-05,0.0237506107554746,0.000308912831325327,4.96000884099822e-05,0.0121642041383007,0.000164028362548801,4.48141149669137e-05,0.00514405127430894,0.000648716945783188,0.0158476633354841,0.000882794555998717,0.000291074203037527,0.000130091459952497,0.000763580308416831,0.000133572167911092,0.00038722876039372,0.00376743127668452,0.00166769420066194,0.00114776344934678,0.00187827703215696
0.218496277033582,2.48230858670257e-05,0.000185180220568012,4.26957076912842e-05,0.0174819064527115,0.000329154118596761,0.0142355432830219,0.000243266241496852,0.00736798834705057,0.00216904124306071,0.00146654791302388,0.000549086659378609,0.000252699014126322,0.000972568504270067,0.000763558121269711,0.00465879675552338,0.000169789907330456,1.6383236672237e-05,0.000127590661356512,0.000542136195335841,0.000191634222893438,0.00111654240229882,0.000342558584964955,1.68796983895775e-05,0.00047312801662551,0.000524760035228923,0.000254188399278343,0.000610647912328832,0.00386346508434388,2.48230858670257e-05,0.0178373730423273,0.00106888207743413,2.58160093017067e-05,0.00706216792916881,1.58867749548965e-05,0.00103015806348157,0.00100632790104922,0.000754621810357582,0.00106044222823934,9.68100348814003e-05,0.000672705626996397,0.00707110424008094,0.00021248561502174,0.000109718039532254,0.000425467691760821,0.000865829235041857,0.000477099710364234,0.00235968254251946,0.000960156961336554,0.00183293666042118,0.000110214501249594,0.000180712065111947,0.000644903770825328,0.00191336345863034,0.0100791657854471,0.000432914617520928,0.00408935516573381,0.00281046978186465,0.00261238155664579,0.0119016767498041,0.000852921230391003,0.00136229095238237,0.00110115208906126,0.000714408411253,0.00286110887703338,0.000814197216438443,0.00150030730980303,0.000769019200160456,0.0800092739048799,0.000282983178884093,0.000478092633798915,0.00341615307702008,0.000605186833438087,0.000233833468867382,0.435652107430344,8.43984919478874e-06,0,0.000152413747223538,0.000324685963140696,9.38312645773572e-05,0.00097505081285677,0.00585874472633541,4.41850928433058e-05,0.0623119030668426,0.00826708051715424,0.0191827842963201,0.000857885847564408,5.1135556886073e-05,0,0.00362665284517246,8.58878770999089e-05,0.000986965894072942,2.53195475843662e-05,0.00248280504841991,0.000700011021450125,0.000106739269228211,6.75187935583099e-05,0.000353977204463787,0.00261883555897121,0.000565469896050846,0.00112746456008031,0.00123668613789522
0,0.00216661620881652,0.000128996590804386,8.42426715457214e-05,4.21213357728607e-05,0.000673941372365771,4.21213357728607e-05,0,0,0.00537310289452554,0.0010425030603783,0.000439641442129234,0.00240091613905306,0.00133471982730252,0.00309591817930526,0.00405944373510945,0.000573903199905227,0.000218504429321715,0,0.000723960458596043,0.00212449487304366,0.000268523515551987,0,0.000987218807176423,0.00631820036592911,0.00188756235932132,0.000505456029274328,0.0342999302365376,0.000755551460425689,0.0134656645298864,4.21213357728607e-05,0.000805570546655961,0.00646299245764831,0,0.0578352265996235,0,0.000142159508233405,0.000700267207223809,0.0349580761079886,0.000392254939384765,0.0127653973226626,0.00013162917429019,0,0.0668834160403312,0.000128996590804386,0.00775032578220637,0.000689736873280594,0.000134261757775993,0.000968790722775796,0.000339603269668689,0.000455436943044056,8.42426715457214e-05,0.0011767648181543,0.000729225625567651,0,0.000579168366876835,0.00265101157020442,0.00301430809124534,0,0.00845059298943018,0.00443327059009359,0.000265890932066183,8.68752550315252e-05,0.133279804135789,0.000179015677034658,0,0.000860854799857841,8.42426715457214e-05,0,0.00181121743823301,0,0.00267996998854826,0.00404628081768043,0.000952995221860973,0,0.141124902923484,0.0111331955614642,0,0.00216135104184491,0.00107146147872214,0.00013162917429019,0.0106777586184202,0.22135551723684,0.00525463663766437,8.42426715457214e-05,0,0.00180858485474721,4.47539192586645e-05,0,0.00174277026760211,0.0239617748877861,0.000637085203564518,0.000271156099037791,0,0.00218767687670295,0.0050624580432007,0.00913769727922497,0.000179015677034658,0.00699740690526648,0.111345118532071,0.00318016085085098,0.000484395361387898
0.000356901782181291,0.0717863968696093,0.00035172929258446,0.000131898484719173,0.000137070974316003,0.000139657219114418,9.05185679445302e-05,0,0.000137070974316003,0.00154398814465384,0.00102932542976923,4.65524063714727e-05,0.000168105911896985,0.00126467370642501,0.00132932982638539,0.00162933422300154,0.000447420350125821,0.000628457486014881,0,9.05185679445302e-05,0.000305176886212988,0.000217244563066873,0,0.000178450891090645,0.00174830148372864,0.00255003737123734,0.000178450891090645,0.0262245222559296,9.05185679445302e-05,0.000576732590046578,8.79323231461151e-05,9.31048127429454e-05,0.00150778071747603,0.00016551966709857,0.0045233421524281,0,0,0.000137070974316003,0.128143257271874,0.000271555703833591,0.012129488104567,0,0,0.0707389677262512,0.000139657219114418,0.000716389809160996,9.31048127429454e-05,8.27598335492848e-05,0.000134484729517588,0.000460351574117897,0.000279314438228836,0,0.000439661615730575,9.05185679445302e-05,0.000129312239920757,0,0.000825012090694433,0.00172243903574449,4.65524063714727e-05,0.00530438808154947,0.00384574601524333,0.000225003297462118,0.00017586464629223,0.113199934826631,4.39661615730575e-05,0,0.0003413843133908,0.000305176886212988,0.000325866844600309,4.13799167746424e-05,0,0.00141467590473309,0.00777942435363277,0,0,0.00958462322292654,0.131479513061829,9.05185679445302e-05,0.00531990555033996,0.000268969459035176,0,0.0249262273671252,0.014265726308058,0.00253969239204368,0,4.65524063714727e-05,0.00123881125844086,0,0,0.00141467590473309,0.203679709099185,0.000739666012346733,0.000219830807865288,0,0.00326642718039833,0.00236124150095303,0.00112243024251217,0.000232762031857363,0.000636216220410127,0.126493233090485,0.000556042631659257,0.000178450891090645
8.62238706281602e-05,8.23631003015262e-05,0,0.000734833285502679,0.000443988587562914,0.148954953818752,0.000102953875376908,0.000696225582236338,2.05907750753815e-05,0.00397273266610643,0.000127405420778923,0.000588124013090585,0,0,0.000305000855804089,0.0166592239594259,0,8.62238706281602e-05,0.00698413352088098,0.000900846409547942,0.000131266191105557,0.0194840209150798,0.000477448597060409,6.56330955527787e-05,0.00015314388962315,0.000131266191105557,8.62238706281602e-05,0.000124831573894501,0.00286597850580467,0,4.11815501507631e-05,0.00892224022485126,0,0,0,4.63292439196085e-05,0.0131188975699025,0.000213629291407083,0.000751563290251426,4.50423204773971e-05,0.00022907237271362,0,0.00158291583391996,0.000108101569145753,0.00872791478507735,0.000734833285502679,0.00965578658691173,0.00224439448321659,0.0010205302896736,0.350968474236436,2.31646219598042e-05,0.0110675416030176,0.0048658575350011,0.000845508701532854,0.000534073228517709,0.00307446010344291,0.0233010358446786,0.00128434959532692,0.000124831573894501,0.000486457061155889,0.000147996195854305,0.0531924066369216,0.000123544650452289,8.62238706281602e-05,0,0.000494178601809157,0.000348756252839275,0.000746415596482581,6.3059248668356e-05,0.00020076005698497,0.00603052325020237,0.0823991341579081,9.26584878392169e-05,0.000268966999422171,8.23631003015262e-05,0,0,0.102314274426129,0.000150570042738728,0.000111962339472387,0.00522104840505143,0.000330739324648316,0,0.00399847113495065,0.000221350832060352,6.17723252261446e-05,6.56330955527787e-05,0.00191236823512606,0.000576541702110683,0.0220745978042512,0.000329452401206105,0.00011453618635681,0,0.00202819134492508,0.00016215235371863,0,2.18776985175929e-05,0.0104433837335451,0.0253446702709103,0.000727111744849411,0.00763274293575549,0.023595741312945
0.000740866518155454,0.000286941460281417,0.00200633749215416,3.15382174205286e-05,0.000101091250481873,5.71630190747081e-05,0.000255121651633919,0,0.000177684064217443,0.00142766752073286,0.000758325174227532,0.000268074848074493,0.000281028044515068,0.0124266208461422,0.00066821598159745,0.00135558016662879,0.000155156766059922,0.000138542883668751,5.0123238400483e-05,0.000132629467902402,0.000253432104272105,0.000810419551216798,0.000188102939615296,0.000103907162751563,0.00149975487483692,0.000952341529609177,4.33650489532269e-05,0.0120689999878916,0.000119676271461827,6.36396172949952e-05,0.000820838426614651,0.000290038963778076,0.000531081054063544,1.37979701214813e-05,0.000239634134150624,8.78564628143297e-05,0.000670750302640171,2.81591226969006e-05,0.070146908959022,0.000157691087102643,0.00592834010137847,0.00108947645714308,0.000133474241583309,0.000930659005132563,0.00029736033567927,0.000222457069305514,5.60366541668321e-05,0.000131503102994526,0.000309750349665906,0.000237662995561841,0.000168109962500496,9.57410171694619e-06,0.000327209005737984,0.000635551399269045,0.000246955506051818,0.000273988263840842,0.00182724547180188,0.00275311742607597,0.00212742171975084,0.0351225921486171,0.00515283786230583,5.74446103016771e-05,7.77191786434455e-05,0.000999085673286032,0.000488560778791225,9.01091926300818e-06,0.105289775675981,0.00320394498045335,0.00175318697910903,3.80148156408158e-05,9.85569294391519e-06,0.000597254992401261,0.0435689210015524,0.000100246476800966,0.000311158305800751,0.000137698109987844,5.99789313443982e-05,4.78705085847309e-06,0.320527972286918,0.000179655202806226,0.000132911059129371,0.281695415722984,0.00157493973243765,0.0089734676298213,0.000248081870959694,0.000186694983480451,0.000346357209171877,3.32277647823427e-05,2.78775314699315e-05,0.00114607629376385,0.00403604705614676,0.000332559239050395,0.000188947713296203,1.40795613484503e-05,0.0355539899083336,0.000490531917380008,0.000423513205361384,0.000140514022257534,0.00107624166947554,0.0172024080555365,0.00018979248697711,0.000181626341395009
0.000304157428953589,6.08314857907177e-05,0.00121736262528171,0.000521831540758928,7.25580372684464e-05,0.000161972992286128,2.49189218901735e-05,0,0.000125327518918226,0.0231672682631878,0.00356120710189274,0.0169126188687542,0.0743426718214633,0.00817120765157484,0.0403312750792458,0.00360664748886894,0.0494677244993312,0.0250200633966689,0.000279971416530773,0.000353262363266577,0.00790882606226066,0.00396577312787438,0.00393279220184327,0.0496216354874764,0.0866452901405354,0.00407351081957601,0.000665481796361104,0.00433076204261869,0.000557744104659472,0.00191216080033714,8.50174982135332e-05,0.000369386371548454,0.00201183648789783,1.17265514777287e-05,0.000812063689832713,0,3.66454733679022e-05,0.000560675742528904,0.00468842186268941,0.0702603660882789,0.0149704087802554,0.000256518313575316,2.63847408248896e-05,0.000620774318852264,0.000700661450794291,0.00211810836066475,1.17265514777287e-05,0.00010114150649541,0.000234531029554574,0.000638364146068857,0.0832050131007567,0.000167103358557634,0.00092200010993642,0.000409696392253147,0.000183960276306869,0.000266779046118328,0.00500943620939223,0.00822690877109405,0.000189090642578376,0.0136621653810213,0.0217637466331971,7.84213130073108e-05,0.000161972992286128,0.000690400718251278,9.8209868625978e-05,0.00012386169998351,0.000861168624145702,0.000463198783370284,0.000381112923026183,0.0020001099364201,0.000143650255602177,0.00107884273595104,0.00241493669494476,0.000651556516481302,0.000112868057973139,0.000964508859043187,0.000640562874470931,0,0.0013573483335471,0.184159627681991,0.000261648679846822,0.0141041097898382,0.00343514667350715,0.00607508657493083,7.47567656705206e-05,7.69554940725947e-05,0.00808325851549187,0,0,0.000648624878611869,0.00202722758671235,0.0018725836890998,0.0333891566044304,7.76884035399527e-05,0.00292211004635652,0.0514414496949264,0.0215746559906188,0.000319548527768107,0.00637044909027612,0.00577972405958554,0.000851640801070048,0.000394305293438628
0.00196328466561641,9.31559030302751e-06,0.000111402935582597,0.000441674224779624,0.000112939527797529,0.00422918196056106,4.89788768509694e-06,0.00387643801022064,0.000308086739093941,0.00275827906281704,0.000316634033289502,6.56893171883589e-05,8.38403127272476e-05,6.63615762823918e-05,0.000219060427641296,0.0153059950529414,0.000103047715413902,8.70095341705456e-05,0.00316634033289502,0.000261316713551937,0.000135028040887182,0.00783758066628943,2.85229929896822e-05,8.09592023242494e-05,0.000265254231102701,0.000214642725023366,6.72259094032913e-05,0.000349862839937415,0.00270632303854964,0,7.53890555451195e-05,0.00153611202986521,4.80185067166366e-06,0.00143690579498863,0,0.00141155202344225,0.0784560936061245,4.33126930584063e-05,0.000394424014170453,7.03951308465893e-05,0.000361003133495674,1.82470325523219e-05,0.00231938991142698,6.43447990002931e-05,0.00686904738581487,0.000658621838125388,0.00125289887725048,0.0255427723888208,0.0019710636637045,0.00430197801674348,5.08035801062016e-05,0.00340220723788714,0.0002138744289159,0.000931559030302751,0.00490739534942683,0.00251876275131446,0.00543483062720237,0.00119921418674128,0.000276586598687827,0.00198287621635679,0.00020743994901587,0.000799027951764834,0.000354568653595645,0.000161246145554466,0.000149817740955906,0.0315698632778662,5.22441353077007e-05,0.00104613118732865,0.00091744158932806,4.7442284636037e-05,0.00398159853993008,0.0123094481597964,0.000148281148740974,0.000108905973233332,0.000216275354251731,1.59421442299234e-05,3.36129547016457e-06,0.000145688149378276,3.02516592314811e-05,0.000112747453770663,0.69641768494712,0.00155407095137723,1.30610338269252e-05,0.00341958993731856,0.000336321621043323,3.41891767822453e-05,0.000118989859643826,0.000818235354451488,0.0019797069949135,0.00795589826683923,2.4585475438918e-05,0.000708753159137557,1.63262922836565e-05,0.0101846292375852,0.000185159361899351,4.5329470340505e-05,4.14879898031741e-05,0.0181043215503601,0.00519473809361919,0.000468948736594673,0.00628206915971071,0.000835522016869477
0.00126753010657941,0.000121628271298982,0.00236226883674654,7.79668405762702e-05,9.01886696395774e-05,0.000109912173093466,0.000370321420618209,2.06085324550249e-05,0.000176668646322013,0.00289796424786274,0.000867244132637021,0.000392952876504402,0.000575479571929173,0.0204142475171565,0.00111855022472151,0.004358767830595,0.000229601809437578,0.000178480848562435,0.000208150392219567,0.000103169094989573,0.000491865403440892,0.00146484942959459,0.000142742534611798,0.000100556152224314,0.00157766955512036,0.00169504125836626,9.10736986407135e-05,0.00447664526469869,0.000142531813421052,0.000139834582179494,0.00100754230143616,0.000410695600765272,0.000404753263186216,0.00010523416265889,0.000152267132433548,1.5719800829702e-05,0.00027579189444925,0.000149485612715692,0.00667762810204772,0.0001458190639967,0.00464547508272493,0.00248414997347442,5.40710575455971e-05,0.000859405304341244,0.00131291945106624,0.0004945204904443,0.000174814299843443,0.000509987425845106,0.000699467920564517,0.000630899245095549,0.000175952194273475,0.000107636384233402,0.000521998533717666,0.0012999811699544,0.000362777601989478,0.000314691026261086,0.00336020225188465,0.0016925126040773,0.00491928619798116,0.161034651161183,0.00583676626249218,0.000124030492873494,8.45413417275665e-05,0.000831547962924534,0.000153320738387282,0.000108226403567493,0.0341706325799573,0.00602708964197458,0.00152406208419441,0.000134355831220081,0.00010902714409233,0.00160114389576954,0.00477405715331855,7.16030606157206e-05,0.000510198147035852,0.000212786258415994,6.61664538944563e-05,2.27157443624917e-05,0.0200757028521029,0.000239168551497478,0.000372344344049377,0.646470066043393,0.00134178825419854,0.00959025854478643,0.000108689990187136,0.000144049005994428,0.000477114920088624,2.97538321334307e-05,4.21863823874846e-05,0.00263949363529287,0.00081405810409256,0.000715609163775712,0.000144723313804817,0.000153952901959522,0.00979967326415048,0.000753749699300861,0.000496796279304364,9.29701893574336e-05,0.00222133850437516,0.00488245213383864,0.000463165177261194,0.000303775668580408
0.000265806488156418,0.000776178546436777,0.000731926633869116,9.4994105645246e-05,1.91758287793198e-05,5.10372058280359e-05,2.86162367937542e-05,0,2.89112495442053e-05,0.00355342857918319,0.000495916433508256,0.000648438025491462,0.00283477751908438,0.00272355771216432,0.0015659276793943,0.00177833685971908,0.00149482960653559,0.000605661176676056,1.00304335153365e-05,5.9297562840666e-05,0.00103195460107786,0.000401512353363912,0.000427473475403607,0.00233797604732477,0.00276544952272837,0.00136148384333171,0.000199723632055377,0.0602893957076825,9.26340036416374e-05,0.0236862787209663,0.000178777726773351,0.000112399857921859,0.0241137521963699,3.03863132964607e-05,0.016027452706506,0,4.69070273217208e-05,0.000205623887064399,0.0531533322870214,0.000536333180320053,0.0200242854496171,9.14539526398331e-05,0,0.0208335054241044,0.000195298440798611,0.00105201546810853,4.48419380685633e-05,0.000146326324223733,0.000272886794167244,0.000245450608375294,0.0019621298032501,3.03863132964607e-05,0.000135705865207494,7.9358429871339e-05,3.54015300541289e-05,5.9297562840666e-05,0.000711275741337541,0.00117297069579347,0.000418328080139624,0.00556099034600275,0.00606870728952905,0,0.000124495380690353,0.0178733474860783,3.92366958099929e-05,2.12409180324774e-05,0.000574094812377791,0.000573209774126438,0.00021417925682748,0.000262856360651907,1.50456502730048e-05,0.00297962877955585,0.00641357719480636,0.000339854688519638,6.01826010920192e-05,0.0230511162692452,0.00288109452090519,0,0.00260496258648299,0.00122872810562873,5.84125245893128e-05,0.0165254342292674,0.414368123990319,0.00216450855005953,3.92366958099929e-05,4.48419380685633e-05,0.00085111178505135,5.01521675766827e-06,0.000122135278686745,0.00101631892530395,0.0106481902147811,0.00038440161383775,0.00235685686335363,1.5930688524358e-05,0.00361744634603108,0.00962921617472307,0.0311220750960857,2.06508925315752e-05,0.000387351741342261,0.183082552827933,0.000315958655733101,6.10676393433724e-05
0.00431893451120647,2.71067641254382e-05,0.00117715334717616,0.000133466355566776,0.000546729649309685,0.000434741958537218,0.000330909268836387,0.00010781447426163,0.00352399419547698,0.00993975942823411,0.0223102834716659,0.000247559797789665,0.000429879587006242,0.0012895239018487,0.00194291943371979,0.00915167237631601,0.000287683934517715,0.000179218591625955,0.000412344420382725,0.00155511658933199,0.000836940485567907,0.00280497579113273,0.000234504138797046,4.97340206199776e-05,0.00154125691614921,0.00150695231070232,0.000281175248216409,0.000856236826131778,0.00302895117267767,4.58288088391942e-05,0.00173536891348815,0.00090110847522078,0.000131284031336338,0.000266549847233475,5.29500773806229e-05,0.000122899311924656,0.00104089208513882,0.000276312876685434,0.00197691774804661,0.000285654755847308,0.000951876228370965,0.00107672814618601,0.0001839278175969,0.000184770118177069,0.00118852440500844,0.000892685469419091,0.000460164121502318,0.00133673102072817,0.00141816617227451,0.00177334901237577,0.000269880763164143,0.000939280006058438,0.00166396479612382,0.0132129011963808,0.00217118289094558,0.000619588649494302,0.0140235006456234,0.028571448261572,0.0198277173707878,0.0149621680694417,0.00122340330630544,0.000456986351131681,0.00409258537348106,0.0002357675896673,0.0126603137293999,9.03558804181272e-05,0.000336652227337539,0.0175884995647986,0.0215787071313991,0.00127658310202611,0.000424251487675113,0.00889997764840551,0.000879476664866441,0.000896743826759905,0.00316375755189471,7.05618167841561e-05,1.91049086138328e-05,8.80586970176663e-05,0.000584365170687235,0.00025276674683071,0.000652821236020969,0.0073586824458663,0.000390406318908323,0.703933183817323,0.000965582755993715,0.000744172562579296,0.00338225797966855,0.000167349810723574,0.000304683091681126,0.0110829144610835,0.00039607270462946,0.00151805536380455,7.22847043345018e-05,0.000351851924170589,0.00108698889870807,0.000334431616717094,0.000181630634196439,0.000447721044749822,0.00563992982564148,0.00146820648401455,0.00159661903610031,0.00105337344828133
0.118869953111204,0.000152494307092779,0.00141730003062701,0.000171716278575062,0.0381427987446771,0.000544622525331355,0.000339588162853668,0.000369061852459836,0.0554464174730284,0.00145061811452963,0.00254755195378526,8.45766745220457e-05,2.30663657787397e-05,0.00149546938132163,0.00201061821704681,0.00242324987153316,0.000205034362477687,0.00272823848571872,0.000308833008482015,0.000650984100866655,0.000185812390995403,0.00301656805795296,2.05034362477687e-05,4.35698020265084e-05,0.000175560672871519,0.00111231141644145,8.20137449910746e-05,0.000575377679703008,0.0872472470933175,0,0.0123635720574045,0.000238352446380311,2.17849010132542e-05,0.0207212852579012,0,0.00327798687011201,0.00293455431296189,0.00027295199504842,0.000476704892760621,0.000131990870845011,0.000650984100866655,0.00160311242162241,8.84210688185023e-05,0.000110205969831757,0.00147881033937031,0.000795789619366521,0.00196192255595836,0.0109411461677155,0.000252448558800652,0.00156466847865785,0,0.000633043594149857,0.000850892604282399,0.00263981741690021,0.147984832583036,0.000306270078951044,0.0142370735445444,0.00394563001292998,0.00755295332777178,0.0124558375205195,0.00127377597689263,0.000618947481729516,0.0174086988391211,0.000283203713172304,0.00808476120544828,0.0025616480662056,0.000348558416212067,0.0041211906858015,0.0785589159833256,0.000791945225070064,0.000499771258539361,0.0245041692456145,0.000258855882628079,0.000348558416212067,0.0263007828468252,0,0,0.000130709406079525,0.000239633911145796,0.000130709406079525,0.00375597322763812,0.00174535501059131,0,0.128683410285293,0.0836296720603519,0.00350608759836844,0.00199780356939196,0.000258855882628079,0.000461327315574795,0.0115831600152238,0,0.000407505795424402,0,0.0166449458388917,0.000444668273623483,0.000311395938012986,0.00026141881215905,0.000817574520379775,0.00246169381449772,0.00212851297547148,0.000438260949796055,0.00166334126560023
0.035034182789882,9.43975079057913e-05,0.000691643279078971,0.000290453870479358,0.0147405339268274,0.00057001572081574,0.00599424175201775,0.000127073568334719,0.0269995025977468,0.00403004745290109,0.00308788771053367,0.000181533669049599,0,0.000983912486248824,0.00110735538120255,0.00121446024594181,0.000290453870479358,9.07668345247993e-05,0.000468356866147964,0.000493771579814908,0.000156118955382655,8.71361611438073e-05,0.000370328684861181,6.53521208578555e-05,0.000152488282001663,0.000624475821530619,0.000417527438814077,0.000406635418671101,0.0116472002062222,0,0.0791250803286486,0.000148857608620671,0,0.00152306748332613,0,0.000435680805719037,0.000769702756770298,0.000466541529457468,0.000475618212909948,0.000216025066169022,0.000722504002817402,0.0196818803983575,0,2.90453870479358e-05,9.43975079057913e-05,0.000718873329436411,8.71361611438073e-05,0.0010837560042261,0.00109464802436908,0.00154848219699308,0.000116181548191743,0.000580907740958716,0.000353990654646717,0.00380313036658909,0.012455025033493,0.00055186235391078,0.00738297432024718,0.0042079504485697,0.016056653027437,0.0374358732314082,9.07668345247993e-05,0.000804194153889722,0.00707799775624385,2.90453870479358e-05,0.00363248871768247,0.000475618212909948,2.90453870479358e-05,0.00535524323696316,0.284390645933101,0.000119812221572735,0.000419342775504573,0.00663505560376283,0.00031223791076531,0.000295899880550846,0.104278385512161,0,0,0.000308607237384318,0.000306791900693822,0.000245070453216958,0.000157934292073151,0.00504482066288835,0,0.186173669630506,0.00741928105405709,0.0684018864978888,0.000900406998486009,0.000185164342430591,0.00021239439278803,0.00536976593048713,2.90453870479358e-05,0.000673489912174011,0,0.00232726163721585,0.000437496142409533,6.35367841673595e-05,0.000121627558263231,0.0012652896732757,0.000553677690601276,0.000813270837342202,0.00210397522428485,0.0013560565078005
0.000406145498640775,0,0.00408134907639392,9.5491631933626e-05,3.58093619751097e-05,0.000140788944517525,5.50913261155534e-05,2.57092855205916e-05,0.000187616571715746,0.0289826284806241,0.0906901167997326,0.00490680077935863,0.00574174043293213,0.00294218287749342,0.0918020433984982,0.00214427683758649,0.00295473145733085,0.0115805028124122,5.63155778070102e-05,0.00769319762911417,0.0153787436851567,0.00078749990052955,0.0031790755797903,0.000628653243563038,0.0815571991814653,0.0352556941476484,0.00075169053855444,0.00228414759333542,0.000517246339640474,0.000211183416776288,0.000150889020972044,0.000616104663725606,0.000364214878208381,9.73280094708111e-05,0.000188228697561474,3.18305439778753e-05,0.000610289468191187,0.000979401353165395,0.00157561192690483,0.00376396182538376,0.00357573312782228,0.000472867215825167,0.000126097924220045,0.000461848950602056,0.000568358847758793,0.00178220439983815,0.000378905898505862,0.000686499135984369,0.000325650949927494,0.00123986090052282,0.00049796437550003,0.000119976665762761,0.000732102511491132,0.00300523183960344,0.000617941041262791,0.000100694701622317,0.0122155833773554,0.167199420194399,0.00225384736397186,0.00852568877930476,0.00758240285103734,0.000306981111632778,0.000425121399858354,0.000535304052089461,0.000587334748976373,5.29488856555041e-05,0.000531019171169362,0.0106197712975415,0.00148899611973426,0.035763758599603,0.000145379888360488,0.00316040574149558,0.000811066745590092,0.00496556486054855,0.000613044034496964,0.00067272630445548,6.24368362642939e-05,5.264282273264e-05,0.000617941041262791,0.00166069741946107,0.000418694078478206,0.0055394328409189,0.00102439260282643,0.0452449758240897,0.000134055560214513,8.81461217848855e-05,0.250035350267591,7.55975419474539e-05,9.79401353165395e-06,0.00408287939100824,0.000331772208384777,0.00316866944041292,8.90643105534781e-05,0.00012793430175723,0.00194472381187904,0.00233862679360524,0.00082330926250466,0.000162825474963747,0.00247880361227704,0.00185321099794265,0.00039267873003475,0.000641507886323333
0.00527131593721776,0,2.07484072546196e-05,0.000324651548807577,7.93321453853101e-05,0.0504344960578026,0,0.000650523592159543,0.000341738472429028,0.0123538457783094,0.000868992115605243,0.000107403519906266,0,4.27173090536285e-05,0.00187590011472649,0.00288891058656968,0,0.000145238850782337,0.001633021700393,0.00067615397759172,0.00197231918373325,0.00242268167061293,8.78756071960358e-05,0.00017819220348085,0.000267288305221276,0.000685917933946835,0.000240437425244709,0.000266067810676886,0.0161544657895379,0,3.90558254204604e-05,0.00136085141699417,0,0.000632216173993702,0,0.000303903141552957,0.207836795469524,0.000126931432616496,0.000588278370395684,0.000104962530817487,0.000286816217931506,7.81116508409207e-05,0.000395440232382161,0.000268508799765665,0.00135474894427222,0.00117899772988015,0.00135963092244978,0.0709717577562428,0.00298532965557644,0.0170454268069422,0,0.00392755144384505,0.00126565284253179,0.00274123074669856,0.0042778333780848,0.000939780799179828,0.0103266043400786,0.00710938072106818,0.000341738472429028,0.00421436766177655,0.000788439475675544,0.027617350550443,0.000727414748456074,0.000168428247125735,0.000546781555886445,0.00273512827397662,0.000150120828959895,0.00372983132765397,0.000317328581541241,6.59067053970269e-05,0.00335025752434887,0.303061000317329,0.00115824932262553,0.000921473381013987,0,0,0,0.00504308345741695,0.000744501672077526,0.000118387970805771,0.0135706788390656,0.00246661947421095,0,0.00797104986940708,0.000567529963141065,3.90558254204604e-05,0.000229452974345205,0.100715209803012,0.000710327824834623,0.0429919203261161,1.95279127102302e-05,0.000521151170454268,0,0.00838601801449948,0.000486977323211365,7.81116508409207e-05,0,0.0128420435960651,0.00282422437571704,0.000455244465057241,0.00273024629579906,0.00909878682842288
0.000450400257126247,3.12235880156844e-06,3.31750622666647e-06,0.0107079343625539,1.58069414329402e-05,0.00378059106642409,0,0.0337041069361054,4.78111191490167e-05,0.0048181899256703,5.79587852541142e-05,0.000118649634459601,6.83015987843096e-05,3.31750622666647e-06,0.000423274765037622,0.0166591502383433,1.24894352062738e-05,9.38659114721512e-05,0.00496494078934401,0.000267547119809396,0.000345996384698803,0.00531776733392125,6.4008355432153e-05,0.000153776170977246,0.000378195709839977,6.4203502857251e-05,0.000112990359131758,9.34756166219552e-05,0.000460743070656443,3.31750622666647e-06,1.63923837082343e-05,0.000638912669770942,0,0.00026813256208469,3.31750622666647e-06,0.000162557805106657,0.00314753281940608,0.000274767574538023,0.000332921507217235,9.44513537474453e-05,0.000178950188814891,1.01476661050974e-05,0.0268417477325333,4.70305294486246e-05,0.00910089531687161,0.000764197316683875,0.000892604322398377,0.00118844781884699,0.00287569245624453,0.00692422093732821,3.78586004690173e-05,0.0130998563519804,0.000299161002675276,0.000208222302579595,0.000762245842432895,0.00516730866917067,0.00700188961251722,0.000221102032636065,8.35230979419558e-05,0.000290964810821159,0.000211539808806262,0.00194991307157949,4.91771511247029e-05,0.000136017755293325,6.01054069301925e-05,0.000503675504178009,1.69778259835284e-05,9.67931228486216e-05,7.61074957882307e-05,3.04429983152923e-05,0.0438045473643291,0.00544656463448595,4.48839077725463e-05,9.87445970996019e-05,6.57646822580352e-05,0,0,0.000158654856604696,1.24894352062738e-05,0.000146750863673717,0.00349138258242881,0.000335653571168607,9.73785651239157e-05,0.00122845304099208,8.93775206948966e-05,0,2.30273961615672e-05,0.000893189764673672,0.489275575680025,0.00126436016721012,5.30800996266635e-05,0.000202758174676851,2.45885755623515e-05,0.00111214517563366,3.66877159184292e-05,4.76159717239187e-05,4.58596448980364e-05,0.021920129671561,0.0036404752152037,0.000329213706140372,0.256400494035221,0.00244910018498024
0.0016240045342483,6.30670723798853e-06,0.000200169403640506,0.000301625128773365,0.000213111863711508,0.00275855374589618,2.19363730016992e-05,0.000351036808959692,0.000622992993248259,0.010173212343268,0.00115769208516468,0.000129260077912513,0.000156790226029645,0.000252871539777088,0.00167259360044706,0.00832518259973989,9.51490178948705e-05,0.000267459227823218,0.00073081026655161,0.00272076834340076,0.000790970769508771,0.00400695273342289,0.000142970311038575,0.00011012059246853,0.000687321407075742,0.000416242677707243,0.000469054495708834,0.000455015216987747,0.0170071054654199,2.36364419093309e-05,0.000173187664848416,0.00168910072113084,4.79309750087128e-05,0.000547147983594883,3.06012403373704e-05,0.000348020557671959,0.00680482742792462,0.000508978694571927,0.000617508899997834,0.000167319685070461,0.000547147983594883,0.000200443608303027,0.000490003731925457,0.000134853853027946,0.00210868869572084,0.00206514499531247,0.00086067359472167,0.0105528212780624,0.00118198661826406,0.00757495864308178,8.35227402039699e-05,0.00136663603800586,0.00470151314358919,0.0119625622890167,0.00319064545309716,0.000668620649091793,0.0604243426834381,0.0050191518246538,0.00121757838345932,0.00453984207456667,0.000435546685948739,0.00501553232310852,0.00949280089368784,0.00023197714449297,0.0017002334304292,0.000479309750087129,0.000128985873249992,0.00519552026358746,0.00168899103926583,0.000354546628639964,0.00128612954908963,0.253484771084351,0.0002917537609226,0.000724887445841152,0.000536563683621564,2.297835071928e-05,1.45328471136258e-05,0.0012910103920825,0.000154157861269441,0.000285885781144645,0.00309752554970494,0.00269170264917351,0.000155474043649543,0.0226515536024871,0.0006932442277862,7.9793556793681e-05,0.000708490007022382,0.00155090157122014,0.00035449178770746,0.448809691270228,9.87685194401509e-05,0.00213578011637794,6.01056620246559e-05,0.00178710146751593,0.000308699609066413,0.000163755024457685,8.0451647983732e-05,0.00138966922965765,0.00966006573782579,0.000531024749438635,0.00259320833439588,0.0318657077181209
0.000703506934809483,0.0185956732298057,0.00166964745660638,0.00119704203015088,3.37575304611076e-05,7.9667771888214e-05,0.000314620183897523,4.38847895994399e-05,0.000128953766361431,0.00342976509484853,0.00100799985956867,0.000248455424193752,0.000226175454089421,0.00424062097652434,0.000877695791988798,0.00108969308328455,0.000133679820625986,0.000112750151740099,7.9667771888214e-05,0.000303142623540746,0.00116666025273588,0.000546196842860721,3.57829822887741e-05,0.000313269882679079,0.00229011086648154,0.00185396357292403,0.000277486900390305,0.0373749874253199,0.000463153317926396,0.00072781235674148,0.000207946387640423,0.000426020034419178,0.000631940970231934,8.97950310265462e-05,0.00115788329481599,0.000186341568145314,1.14775603567766e-05,0.000243054219319975,0.254184077113002,5.73878017838829e-05,0.0131114248310942,0.000270735394298083,2.16048194951089e-05,0.0443040581277668,0.00573945532899752,0.00139756176108985,9.11453322449905e-05,0.000263983888205862,0.000522566571537946,0.000644093681197933,0.000236302713227753,2.29551207135532e-05,0.000629915518404268,2.29551207135532e-05,0.000102622892601767,0.000295715966839303,0.00072781235674148,0.00118016326492032,0.00089389940661013,0.00964790220578456,0.0105870367032126,0,0.000154609489511873,0.0193457655566515,8.30435249343247e-05,4.38847895994399e-05,0.00266819520764595,0.00080950558045736,0.000214697893732644,0.000371332835072184,4.72605426455507e-05,0.0006400427775426,0.0276244623269336,0.000155284640121095,4.52350908178842e-05,0.0037457355799645,0.022717467699107,4.72605426455507e-05,0.00977753112275521,0.000614387054392158,0.000187691869363758,0.0192060093805426,0.0145528713817835,0.00291259972818436,4.59102414271063e-05,2.16048194951089e-05,0.000854740671275245,4.32096389902177e-05,0,0.00084393826152769,0.273607484989714,0.000741315368925923,0.000236977863836975,7.5616868232881e-05,0.0157985242557984,0.00140768902022819,0.00125037892827943,0.000167437351087094,0.00144684775556307,0.147022822116044,0.00289909671599992,9.58713865095456e-05
0.000591619423479023,1.05439671213388e-05,0.000286744471714458,0.000196477826358606,5.70917244131029e-05,0.00024418284833442,2.18594440320439e-06,7.99798481643018e-05,7.34220149546886e-05,0.237072099775761,0.000553301103940499,0.00461401429530489,0.000233510296248186,0.000300631647923051,0.0075584814064212,0.0140606373262351,0.00261207497686435,0.00076109440720981,0.000455705115585668,0.00105529680688814,0.00805340493629965,0.002400681294578,0.0244356438037027,9.42527792675775e-05,0.00209619209770811,0.000637524255946315,0.00940496150230444,0.000362095261142562,0.000416615286257778,6.10778583248285e-05,0.000134757043209306,0.00103549472229441,8.35802271813443e-06,1.09297220160219e-05,6.49354072716598e-05,1.78733101203182e-05,0.000543657231573421,0.0303004040525352,0.0011842675266772,0.000586476024883248,0.000557801577711802,0.000125884680631594,0.000134114118384834,0.000101067782406979,0.00145673906728838,0.0140281053301168,0.000596248482215221,0.000979688847530249,0.00129587927620552,0.00195564873107856,0.00129716512585446,0.000239425204633328,0.00223712121923235,0.000444389638674963,0.000284815697241042,0.00119661168330706,0.0139959590888932,0.00566262468401852,0.000309761180430551,0.00147281218790018,0.00101929301671772,0.000269385501453717,0.000129099304753953,7.16218254461673e-05,8.01084331291961e-05,0.000116755148124093,0.000185162349447901,0.000289187586047451,0.000787582909978052,0.00096091544265567,0.000218080100460861,0.00361889525198731,0.000179504610992549,0.00262519064328358,0.000268999746559034,8.44803219356049e-05,9.785315828462e-05,3.53608653459533e-05,0.000138228837261454,0.000337535532847737,0.000947799776236444,0.000885564653227566,0.000203035659568219,0.0042319883646037,3.98613391172565e-05,1.98020845937339e-05,0.00117038035046861,2.44311433299314e-05,0.000143886575716807,0.00320047977622101,0.000169089228836104,0.563525023084216,0.000168060549116949,0.000268485406699457,0.000217694345566178,0.000137585912436982,0.000154044787943462,0.000194291881955402,0.00788804467144548,0.0010835854991649,0.00166401803069812,0.00110904532221399
0.000920238310458773,0.000111461656510516,0.00104257427492154,0,0,2.31079043985216e-05,2.31079043985216e-05,0,0,0.0112549087305741,0.00108063435275439,0.00739860727300902,0.00825359973575432,0.00317801649904374,0.0189987752810669,0.00326093309717961,0.0290439172519536,0.0148814904326479,0.00166920627066968,0.000229719755491186,0.00473847969019097,0.000660614208098913,0.00408738050155027,0.0625272707254115,0.0090501427932563,0.000864507482203515,0.000410505125197267,0.00867497916890383,0,0.00360483308616938,0,0.000203893274104603,0.00524549429846441,0,0.000859070328227393,0,6.52458477134729e-05,0.000619835553277992,0.00995678821877477,0.0213992787615251,0.0150201378590391,0.000227001178503124,0,0.000690518554967588,0.000322151373085272,0.00129676122330527,0.000134569560909038,2.31079043985216e-05,6.52458477134729e-05,0.000580416186951102,0.150023311797673,0,0.00033846283501364,4.34972318089819e-05,0,0,0.00101538850504092,0.00264381612088968,0.000243312640431493,0.00692285630009828,0.00489207929001643,2.44671928925523e-05,0,0.000672847804545189,4.89343857851046e-05,0,0.000201174697116541,0.000850914597263208,4.34972318089819e-05,0.000770716576115398,2.1748615904491e-05,0.000939268349375203,0.0037475583780426,0.000740812229246723,0.000146803157355314,0.00192067464206536,0.000815573096418411,0,0.00215990941701476,0.0537666563813837,4.34972318089819e-05,0.00779687880176001,0.0136486157685621,0.00325413665470946,9.24316175940866e-05,0,0.00252419873341498,0,0,0.000282732006758382,0.0026845947757106,0.00353007221899769,0.375173139371927,0,0.00281236789414949,0.0400256089952275,0.0523013433848186,0,0.000859070328227393,0.00798581990243027,0.000164473907777713,0.00112820945004547
0.00530652996814639,0,0.000290234007533355,0.000152754740807029,0.000119233561574375,0.00283147884834806,0.000431107824055392,0.00040946756910773,0.00122840270732319,0.00494034290893399,0.000291082644982283,4.28561911708608e-05,4.92209720378204e-05,0.000603805544912228,0.000120506517747767,0.00854705206687772,2.07916174987345e-05,0.000123476748819015,0.000902101608210398,0.000352608860029558,0.000188821832386466,0.00277759037034114,2.88536732635499e-05,7.21341831588747e-06,0.000210037768609665,0.000256288509576237,9.75933066267128e-05,5.81316652515637e-05,0.0202913457225915,0,0.00118554651615233,0.00166502667479661,0,0.00730591979782061,6.7890995914235e-06,0.0395286837336144,0.033244523424303,0.000128144254788119,0.000156997928051668,5.77073465270998e-05,0.000108625593462776,0.000254591234678381,0.000396313688649347,8.91069321374334e-05,0.00367162992278672,0.000941138930861083,0.000978478978613912,0.283486915495653,0.00167308873056143,0.00445492228814721,2.84293545390859e-05,0.001248345687373,0.000602108270014372,0.00149487486628656,0.0628640919855104,0.00107182909799599,0.00422579017693667,0.000710309544752684,0.00131156917731813,0.00600368563244069,0.000235072573353039,0.00127253185466744,0.00152415285827458,0.000100139218973497,0.000464204684563582,0.0574086261450771,0.000214705274578768,0.00105315907411957,0.00309540509496465,3.47941354060454e-05,0.00292737488007692,0.056256176489433,0.000175667951928083,0.000532095680477817,0.00029405287605353,0,0,0.000223191649068048,0.000406073019312018,0.000142995410144357,0.0572601145915147,0.00188821832386466,2.03672987742705e-05,0.00542194466120059,0.00211183429165717,8.40151074438658e-05,0.000180759776621651,0.00122925134477212,0.000770562803626567,0.0159573542709165,4.24318724463969e-05,0.000633507855624705,0,0.267101847950477,0.000141298135246502,5.04939282112123e-05,6.7890995914235e-06,0.00318026883985745,0.00426270590596503,0.00010904991218724,0.00217463346287784,0.00143801615720839
0.000562700072322756,0.000154550399226736,0.00904290609398201,0.000168639247775029,4.3547350058362e-05,2.30544794426622e-05,0.000133630593806542,4.78166981032994e-05,0.000152415725204267,0.00277251462038238,0.00367548173188665,0.000225848511577191,0.00110917662207475,0.118511551575005,0.00176452154697265,0.00131922854588567,0.000178031813473892,0.000253599273869285,4.14126760358933e-05,0.000330447538678159,0.000853442674182996,0.00039107228091627,0.000186143574759273,0.000162235225707623,0.00450373525260452,0.00610730237828302,0.00017333553062446,0.0235031879221852,0.000385095193653358,0.000353075083316327,0.000739024146578673,0.000546903484556487,0.00215431302347544,0.000181020357105348,0.000111003049168374,2.98854363145621e-05,0.000121249484476224,0.00029074260186024,0.0312716936247533,0.000563980876736237,0.0725797706335456,0.00071596966713601,8.1971482462799e-05,0.00155233494913926,5.55015245841868e-05,0.00192889144670274,4.82436329077932e-05,0.000194682270849148,0.000148146377159329,0.000708711775459617,0.000289034862642265,0.000139607681069455,0.00017333553062446,0.000701880818587717,0.000100756613860524,0.000137046072242492,0.00166888815076605,0.00359180251020588,0.00253343112986588,0.0537839658657085,0.107284447021233,0.000117834006040274,7.94098736358366e-05,0.00180636115781304,0.000201940162525541,0,0.0116779477073174,0.00525514050851351,0.000850027195747046,0.000344963322030946,0.000257441687109728,0.00105709057592651,0.04911073749572,8.75216349212177e-05,0.000327885929851196,0.000223286902750229,0.000914921286030096,7.25789167639366e-06,0.0503236592752867,0.000438462044215076,0.00061905546651593,0.202096847598791,0.0046207153890358,0.00891183710900243,3.62894583819683e-05,0.000201513227721048,0.0016923695650132,7.68482648088741e-06,4.56820240808307e-05,0.00091662902524807,0.00455795597277522,0.000388083737284814,0.000153696529617748,0.000193401466435666,0.1667457919171,0.00280666940474188,0.00117834006040274,0,0.000529826092376738,0.018943524210192,0.000524275939918319,0.000189985987999717
0.000152530754387203,0.000209954097215327,0.00141046085821578,2.87116714140618e-05,0,0.000178251626695634,2.93098312351881e-05,4.12730276577138e-05,4.00767080154612e-05,0.00764388435417282,0.00163237815185364,0.0015564118545706,0.0868892937766256,0.00973206028972469,0.0109965701515857,0.00251346756837266,0.00463394413426535,0.00447662810130913,0.000105276128518227,0.000273359038254713,0.00240400432110655,0.000660966602344547,0.000664555561271305,0.0288875304014729,0.0406808494347988,0.00546299364634638,0.000714800986245913,0.0272742933638953,0.000258405042726556,0.00708998835980988,0.000412730276577138,0.000605935898800929,0.031834065680341,1.07668767802732e-05,0.00309547707432854,0,0.00153906521975794,0.000611917497012192,0.0100006340494104,0.00617958911205567,0.120160737507133,0.000344540056968741,0.000115444845477373,0.00244707182822764,0.000452208824771473,0.00128245465649476,2.15337535605463e-05,0.000307454148058912,0.000222515453458979,0.000459386742624988,0.0124010494115902,0.000128604361542152,0.000958850193265438,0.000237469448987136,0.000151334434744951,0.000201579859719559,0.00129262337345391,0.00192667278384777,0.00184053776960558,0.00950117059876994,0.030327899250745,0,4.18711874788401e-05,0.00166766958130009,0.000137576758859046,0,0.00273119774326263,0.00127288409935674,0.00126271538239759,0.0011059975092625,0.000145950996354814,0.000564662871143215,0.00354110614106762,0.000571242629175604,0.000149539955281572,0.00236452577291221,0.00097141154950909,0,0.00164912662684517,0.0294737270261767,0.000148343635639319,0.023398217722997,0.0181433836944025,0.00336943427240438,3.94785481943349e-05,0.000108266927623858,0.00392452658640957,9.80982106647111e-05,8.61350142421853e-05,0.000501856089924955,0.00234119753988829,0.000460583062267241,0.0185608992495487,2.03374339182938e-05,0.00831980495204553,0.309414317792742,0.0543900743751922,3.23006303408195e-05,0.00250329885141351,0.0197255164212816,0.000649003405922021,0.000400168920333486
4.64386836888767e-05,0.000192388832425346,0.000984500094204187,0.00012074057759108,2.18925223104705e-05,0.000344973078831656,3.38338981161816e-05,5.6389830193636e-05,7.96091720380744e-05,0.00784017662621636,0.000563234892169376,0.00154839839614055,0.0114829596567253,0.00382323048712852,0.00650207912620973,0.00494240276403045,0.0035101010771121,0.00282944265618656,2.25559320774544e-05,0.000674687733022681,0.00229473438399749,0.000360894913239271,0.000501537783839869,0.0245428443295714,0.00858253215547141,0.00150461335151961,0.000282612560735164,0.0340561403881212,9.42041869117214e-05,0.0279773166932473,0.00036752901090911,0.000509498701043676,0.0620646373404168,5.6389830193636e-05,0.00430486597795887,3.38338981161816e-05,0.000240817745415175,0.000593088331683654,0.0128946956408671,0.00348024763759782,0.0456366212805931,0.000286593019337068,1.12779660387272e-05,0.00272329709346913,0.000476328212694479,0.00116494755082382,0.000206983847298993,0.000315783049084362,6.89946157663312e-05,0.00043121634853957,0.00778445020578971,0.000110126021319336,0.000530064403820179,0.000106145562717433,0.000218925223104705,4.2458225086973e-05,0.00357644205381049,0.000976539177000379,0.000295217346307859,0.00618364243805743,0.00810156007440804,9.02237283098177e-05,1.19413758057112e-05,0.00354857884359717,0,0,0.000437850446209409,0.000607019936790317,0.000703214353002991,0.000385441074617677,7.89457622710904e-05,0.000651468391178242,0.00484819857711873,0.000271334594696437,3.58241274171335e-05,0.00684307174643948,0.000655448849780146,2.12291125434865e-05,0.00155569590357737,0.0127978378148874,0.000212291125434865,0.0149094711031974,0.1251748084736,0.00208177984879565,6.70043864653793e-05,0,0.00221645203149339,1.06145562717433e-05,3.38338981161816e-05,0.000366202191375142,0.00283939380269132,0.0015835591137907,0.031336160343487,4.57752739218928e-05,0.00490127135847745,0.0800523297624197,0.351654278594951,0.000379470386714821,0.000731077563216317,0.037702903877232,0.000217598403570737,0.000329714654191025
0.000765353213134932,0,0.000112613756532211,0.00218677350553839,1.45364569085124e-05,0.0216976760233578,0,0.0309046825255325,6.3224830650277e-05,0.00248993744419664,0.000318926361812062,6.30496926152347e-06,4.53607510759605e-05,0.000100003818009164,0.000482155010471503,0.0126097633850119,1.26099385230469e-05,6.93546618767582e-05,0.0139597273591181,0.000302113110448,0.000229956240010564,0.0089206558148805,2.43441868708823e-05,8.3540842715186e-05,0.000243617006743865,9.96535419390793e-05,6.35751067203616e-05,0.000149743019961182,0.00114575302524685,0,3.85303677093101e-05,0.00105853428379577,0,0.000317174981461639,0,0.000234860104991749,0.0359544374899077,0.00010122978425446,0.000401591514352037,5.34171006879072e-05,0.000173561792726938,2.0316012064909e-05,0.00588849101419284,3.46773309383791e-05,0.0132176675046438,0.000459387065916002,0.00161757489165085,0.00773181883301324,0.00264038101629799,0.0123810331112466,1.89149077845704e-05,0.139485185248754,0.000549232877892711,0.000632423444537812,0.00188168304849467,0.00446251713287828,0.00621669969186214,0.000560967126240546,0.000114014860812549,0.000548182049682457,0.000261656224353224,0.002921827838611,0.000340818616192352,8.00380820143396e-05,2.73215334666017e-05,0.000961858088452414,4.53607510759605e-05,0.000391608646354624,0.00016392920079961,2.88977757819826e-05,0.0451574158172764,0.0139005307032738,0.000276367819296779,7.05806281220544e-05,4.08071621648602e-05,8.40662568203129e-06,5.95469319143883e-06,0.000469895348018541,8.47668089604822e-05,9.91281278339523e-05,0.061432818275724,0.000413676038769957,0,0.00210918735601464,9.79021615886561e-05,5.95469319143883e-06,9.21226064322596e-05,0.00427879733411889,0.0158857203304785,0.00342850217398843,1.75138035042319e-05,0.000365513079133319,2.97734659571942e-06,0.00210008017819244,0.000129777283966358,4.46601989357912e-05,2.39939108007976e-05,0.461354391463632,0.00505921241826746,0.000240464522113103,0.0419065036108209,0.00177660022746928
0.000189326605459804,1.01913526782915e-05,2.52503872286528e-05,0.000351122879020197,2.80319197269784e-05,0.000630917689015707,2.03599059098754e-05,0.000105937629126804,4.07654107131659e-05,0.00444918662802875,0.000113222052349878,5.67022239617694e-05,5.98941465008316e-05,4.28401603635563e-05,0.000614502087386244,0.221018087177264,2.91718920623578e-05,8.34687743964767e-05,0.00265245343079063,0.000209663711922972,0.000451497443150349,0.170173257669418,3.93404452939417e-05,3.4518362315287e-05,0.000443688632653001,6.69049763634146e-05,0.0006890448783967,0.000265328561059546,0.000149313576487989,1.42268547455344e-05,1.76353720283187e-05,0.0160947564156703,1.91971341277884e-05,2.23890566668506e-05,2.41674135100424e-05,1.87525449169905e-05,0.000594552571517105,0.00116956601720581,0.000421174179029258,4.2691963959957e-05,0.000349526917750665,5.54368546694983e-05,0.000272863778196404,6.15927052805468e-05,0.0284828585836845,0.0180808390178149,0.0196900467658831,0.000198754176673391,0.00787505428975751,0.00555416181271196,1.22661023286819e-05,0.000440827302091198,0.00217428063499241,0.000387328400391845,0.000267540107390182,0.00321494998023687,0.00455426927790402,0.000697663069252168,0.000278164649555918,0.000773015240620744,0.000351989257995085,0.000199768752051879,3.53277426734064e-05,0.000112412671991759,2.11806859913485e-05,3.57495324374967e-05,2.41560137866886e-05,0.000624055055556723,0.000162617053641866,5.03981769471215e-05,0.000823208222547497,0.001351494202209,4.73430510883048e-05,4.14949930078087e-05,9.83910122665925e-05,3.70263014531216e-05,5.28833166382485e-05,0.000103441089712323,3.8496865765761e-05,6.02931368182143e-05,0.000591964834315794,0.000429735371267957,6.69505752568298e-05,0.00179989092060712,2.53985836322521e-05,1.40558588952275e-05,0.000122581225223343,3.37089819571677e-05,0.000200304539049507,0.000627075982245478,9.72282404845056e-05,0.00030440681271635,6.29264729129406e-06,0.000126320334483387,5.23931285340354e-05,7.56941630691895e-05,4.45501188666254e-05,0.000252332876436221,0.472398345731425,0.000459636845624958,0.0028896018757196,0.000205263418708407
0.000314356780552684,0.0010371479183198,0.000855876490117891,5.64256862239555e-05,1.67921173420644e-05,7.36349990279346e-05,3.71303961104033e-05,0.000207659041168014,0.000120986683955247,0.00392945975690855,0.00105018527650464,0.000523163109240963,0.00101952141005391,0.00379126376014932,0.00294894612254366,0.00459530371412432,0.000457141927392971,0.000347628118640377,0.000171467334846918,0.000161037448299052,0.0019115896064929,0.00157021941978124,0.000284005810698394,0.00051794816596703,0.00453637485512888,0.00271635965252624,0.000329584414912568,0.124802666546514,0.000510230049921609,0.00253227215495641,0.000411041828851403,0.000557164539387006,0.00444709502627914,2.48231299839213e-05,0.00328530996371234,3.44186256079581e-06,0.000170424346192132,0.000625897491737444,0.131063205946871,0.000420533025609961,0.0271337670497355,0.00025313334651671,0.000158638574393043,0.0237766994665739,0.00144370489595562,0.00148625883307092,0.000615780501786014,0.000303509698542903,0.00155978953323337,0.000535678973098402,0.000938585490442469,0.000121612477148119,0.000462565468397861,0.000181792922529306,0.000115041648622963,0.000610982753973995,0.00190574887002609,0.00248523336662553,0.000712882745546647,0.00804603167848581,0.012417301429562,6.88372512159162e-05,7.30092058350626e-05,0.0102743769394374,6.93587455433095e-05,1.89823935171163e-05,0.000973108414915906,0.00131093244020129,0.00073676718574126,0.000359935384766859,0.00014716569919039,0.00118942426191865,0.0204995248143689,6.88372512159162e-05,0.000200358120584508,0.00263323345673975,0.00397962751120378,2.29457504053054e-05,0.00602096490635214,0.000698698099841549,0.000313835286225291,0.0243969648195755,0.0496964277221378,0.00371783735885235,5.16279384119371e-05,9.50162664510601e-05,0.0013910339688889,8.86540356568617e-06,0.000145601216208211,0.00100742274165839,0.0209294447378719,0.000654788277475033,0.000704956031770269,5.30881225286384e-05,0.00994875588141302,0.00288793128623864,0.0045890457821956,0.000113477165640783,0.00194444374911867,0.439864716027565,0.000258348289790643,0.000180228439547126
0.000172345947048028,1.32680119619973e-06,1.9791451176646e-05,0.0393081992222955,1.4981796840422e-05,0.000623541278830699,4.42267065399911e-07,0.00131521932742457,1.87410668963212e-05,0.00136373049616062,7.34716162395602e-05,3.37228637367432e-05,5.09712792873397e-05,4.93404194836775e-05,0.000342701692301756,0.0330139925559819,2.15881611298331e-05,8.10177980429461e-05,0.0112968000098183,0.000226883004550154,0.000262651353464372,0.00981802479327055,9.84044220514801e-06,7.39691666881351e-05,0.000335072585423607,0.000121429951143863,4.30104721101413e-05,0.000197942153458047,0.000152112228805982,5.14135463527396e-06,2.21133532699955e-05,0.0004327859651854,1.4926513457247e-06,5.80475523337383e-05,2.23897701858705e-06,1.95979593355335e-05,0.000539178836105666,5.74947185019884e-05,0.000302787089649414,4.66038920165156e-05,0.000235617779091802,2.07589103822083e-05,0.00147932805037953,3.58236322973928e-05,0.0190977829262578,0.000434140408073187,0.00117905635466457,0.000367717423188438,0.00544414172492337,0.00475392868598364,1.79670995318714e-06,0.00545459028434345,0.000153853655375994,0.000230200007540653,0.000238741290241189,0.0148975726061549,0.00306902937526792,0.000535364282666592,9.89848975748175e-05,0.000549212770151926,0.00030756910229405,0.000825242702344646,3.02676522883064e-05,6.95188543425484e-05,1.4981796840422e-05,4.20153712129915e-05,1.38761291769222e-05,0.00028639556653803,0.00014672209894642,2.05101351579209e-05,0.0214644369182875,0.00128500695851944,5.05290122219398e-05,3.25895543816559e-05,4.96721197827275e-05,5.11371294368647e-06,7.35268996227351e-06,0.000107719672116466,3.37228637367432e-05,6.70311020996739e-05,0.0011179958579478,0.000370260458814488,2.7337632980032e-05,0.00123533483873671,1.83817249056838e-05,8.76241623323573e-06,0.000117449547555264,4.2208863054104e-05,0.0176498005541385,0.000559163779123424,3.08204861200563e-05,0.000158248684338405,0,0.000268594317155683,2.96042516902065e-05,7.13432059873231e-05,4.65762503249281e-05,0.00280021392457953,0.00420841990250444,0.000242887543979313,0.785933203962846,0.00139513145780402
0.00162538345791823,0,0.000344702387799999,0.000505466069572258,0.000239475250639975,0.00748699432253663,1.41973121565112e-05,0.000652241223190307,0.000421326116644699,0.0131652928331342,0.00116334446082471,0.000148862993641066,9.27000970219259e-05,0.000301066531318957,0.000950384778477042,0.00873656657631191,0.000140511633549,0.000274968531031253,0.000986504410875224,0.00519913922531531,0.00137400751914706,0.00498764103098375,0.000103974433146214,0.000199806290202665,0.000825114377096061,0.0004724781972086,0.00114643295663828,0.000555365446122349,0.00774860067742057,3.54932803912779e-06,0.000367877412055481,0.00243650930686008,6.28439846927921e-05,0.000192916418126711,0,0.000430721396748273,0.00586348992063911,0.000941407066378071,0.000782940008631131,0.00024385971468831,0.00059002359050442,0.000161181249776862,0.000761644040396364,8.89419849804964e-05,0.00299667678503536,0.00288268071977867,0.0011754539329582,0.0071011614862832,0.00111260994826541,0.0312059009040138,3.0900032340642e-05,0.00222563746453543,0.0205556201626052,0.00658525621659586,0.00209305962307389,0.00112826874843803,0.151062741889316,0.00762145122001888,0.00117983839700654,0.00368441128861695,0.000607561446697757,0.0208838286142233,0.0017757079395754,0.00021838806640751,0.000586683046467594,0.00048020320529376,0.000220267122428225,0.0040608488447668,0.00155063878509424,0.000590649942511325,0.00222918679257456,0.21644324342607,0.000240310386649182,0.00104183217148516,0.000763314312414777,3.75811204142943e-06,1.04392001150817e-05,0.00398004943587606,0.000102512945130103,0.000279561779081889,0.00274363057424578,0.00161724088182846,6.68108807365232e-06,0.0171710227012934,0.00072406291998207,9.833726508407e-05,0.0010731497718304,0.00196256962163537,0.000371844308099212,0.223567997504614,0.000139467713537492,0.00192770269325099,4.342707247874e-05,0.00161598817781465,0.000281858403107207,0.000268913794964506,0.000124017697367171,0.00168384297856268,0.0112549192120742,0.000464753189123439,0.00361342472783439,0.15774403874697
