0.481333897068306,0.000884780951417037,0.0111985190529905,0.00130023621365991,6.93785801387898e-05,0.00176874568424421,0.000435860726989574,0.0007321480751117,0.00141613925342118,0.000324038780177642,0.013949991919436,0.000359136179541971,0.000727250763572491,0.000852948426412181,0.00976768786495174,0.00241600702600962,0.00524910175144185,0.0142234251470418,0.0266193368713689,0.00233193651125321,0.00105863551105895,0.00221521725290207,0.00285513262735867,0.017557678086653,0.0513042356847503,0.00105047332516026,0.000345260463514213,0.000451368880197068,0.00165692373743227,0.00458878091223854,0.000864375486670334,0.0318382385349856,0.00119984132710613,0.00609143933618575,0.000128962537199162,0.00721945342738348,0.00987950981176367,0.00408435782370005,0.00188954603554469,0.00104720845080079,0.00481732211740162,0.00107087878990697,0.0520012863604976,0.00233112029266334,0.0299242059417449,0.00245273686255369,0.000661953276383042,0.0012977875578903,0.00196953545735176,0.00149286380086878,0.000923959443730707,0.000220379019264391,0.00370481617941138,0.00238988803113384,0.0013157443668674,0.00145205287137538,0.0344933976078266,0.00110107887773209,0.000405660639164453,0.000202422210287293,0.0437811489419358,0.00237193122215674,0.000333017184666191,0.00359381045118931,0.00101537592579594,0.00255721284205681,0.0012365711636502,0.000346076682104081,0.000470958126353903,0.0002815954135045,0.00113862493286602,0.000558293515469791,0.000522379897515594,0.00158264784575428,0.0414851260486368,0.00147980430343089,0.000924775662320575,0.000438309382759178,0.0254823443756826,0.00104639223221092,0.00029873600389173,0.0015385720419014
0.000269469391375886,0.496779734443535,3.82786283126963e-05,0.000490634799404798,0.00441540939600578,0.00085002858745178,0.00082815508555881,0.000230279367150982,0.0033724686738035,0.000466938505687414,1.7316522331934e-05,0.000404659785019932,0.0103540651599469,0.000516153884946595,8.93167993962913e-05,8.2937028010842e-05,0.0164163669693109,0.00147706897505023,0,8.05066389116232e-05,6.77470961407244e-05,0.00082815508555881,0.000237874333086041,0.0029195049054366,0.00353500094481376,0.000288912504169636,4.80001847095715e-05,1.7316522331934e-05,0.00788661262696505,0.000657420251338689,5.49875533698256e-05,2.94684678280281e-05,6.22787206674821e-05,0.000561419881919546,0.000662584828174529,0.013286025809517,0.000621268213487809,0.00197134935810386,3.64558364882822e-06,0.000295596074192488,0.129527587042867,0.000457824546565344,0.000186836162002446,0.00546290709776908,0.00217185645878941,4.55697956103527e-06,0.00933512453009946,0.00742483869811347,0.000789572658608712,0.00130359995309349,0.000156760096899613,0.00110947262379339,0.010279330695146,0.00126714411660521,0.000160709479185844,3.09874610150399e-05,0.000132760004544828,0.0078550175686752,0.108101884341428,0.000144304352766117,0.00261631386530905,0.000197772912948931,0,7.53420620757832e-05,1.7316522331934e-05,0.000418330723703038,0.000516457683583998,0.000123342246785355,0.00159919602728598,0.0486071743871014,0.0656609108976824,0.000774686525375996,0.0177837646362589,0,0.000446583996981457,0.000281013739597175,0.000483039833469739,0.00135129633916566,7.59496593505879e-06,0.00123494146104056,0.000427140884187706,0.000259747834979011
0.0435221772539583,0.000140146025321994,0.176329336323115,0.00102204052612869,2.22182723071454e-05,0.000386256118570374,0.000229019114550576,0.00028883753999289,0.000487092892887418,0.000439238152533567,0.00225942738384971,0.000305928518690694,0.000141855123191774,0.000309346714430255,0.0111963001449315,0.00184240750362329,0.00319943121222894,0.0258125051272936,0.0344861768164292,0.000861385326369329,0.000211928135852771,0.0018236074270557,0.00251579206431677,0.0158057370997293,0.0310713992726079,0.000564002297027537,0.000259782876206623,0.000133309633842872,7.34912084005578e-05,0.00176378900161339,0.00234659137520851,0.00361986928819492,0.00136044190434521,0.0107211709371325,0.000348655965435205,0.000957094807077033,0.0239769340151494,0.0106938253712161,0.00856770762120922,0.00101349503677979,0.00151255161475567,0.000128182340233531,0.138168599086658,0.000598184254423145,0.0189949137247395,0.0174789439142443,0.000109382263665947,0.000273455659164866,0.00203895375864804,0.000575965982116,0.000916076458202303,4.78547403538516e-05,0.00975894883644617,0.00199451721403374,0.00169542508682217,0.000364037846263228,0.280254450490853,0.000217055429462113,0.000256364680467062,0,0.0292614646285105,0.00125960513002817,0.000258073778336843,0.00207826300965298,0.000943422024118789,0.00298750307637617,0.00148178785309962,0,0.000675093658563264,0.00028883753999289,0.000295673931472012,0.000131600535973092,0.00140658754682928,0.0212919412617244,0.007487557767508,0.00239786431130192,0.0026268834258525,0.000487092892887418,0.0237906423473434,0.000970767590035276,0.000381128824961033,0.00300459405507397
0.000934396492098086,0.000428047555039346,0.000119409607579574,0.250019575345505,6.26411056155141e-05,0.0030811593824631,0.00191381627885732,0.0119031150899813,0.00268116982264737,0.0177718036723348,0.000207498662351391,0.000835214741540188,0.0046713299489736,0.000546804651102092,0.00140355227269761,0.0013963746460125,0.0107866678846882,0.00354248502486069,0.000298850274707349,0.000137027418533937,0.000144857556735876,0.026001278922573,0.000470460803633184,0.0050543542093518,0.0471942004776384,0.0360140681483028,0.00165868427577747,0.000136374907017109,0.000472418338183669,0.00170240254740496,0.000542889582001122,0.000275359860101531,0.000137027418533937,0.002792749292025,0.000980072298276065,0.0076533075808788,0.000965717044905843,0.0134769728685711,0.000160517833139755,0.0618900648596448,0.00686507366855025,0.0105295783470578,0.00548501181045846,0.0125771594868649,0.0953410677698461,0.000214676289036501,0.000752345778902998,0.00180288932099652,0.0375996711341955,0.054057969123155,0.00423936732483328,0.00107207642214885,0.049012097563522,0.00875735706735224,0.000477638430318295,0.000116147049995432,0.003415897790596,0.00330105576363423,0.000548762185652577,0.00044175029689274,0.0949417307215472,0.0180275881869315,0.000304070366841975,0.000935701515131742,0.00348441149986297,0.00174873086509977,0.00344787085492059,0.000692314719354797,0.00376238140603182,0.000239471726675976,0.000649248959244131,0.000161170344656583,0.00065707909744607,0.000271444791000561,0.00310464979706892,0.00326321009565819,0.000730160387330836,0.00801284142665118,5.93785480313728e-05,0.0249644381223329,0.00209912954963655,0.0113706656922495
1.58556082607719e-05,0.0732370545565054,1.58556082607719e-05,0.000397711507207695,0.132780148778458,0.000939444789450735,0.000920946579813168,0.00023122762046959,0.00489145514844813,0.000272187941809918,1.71769089491696e-05,0.000175732991556889,0.00676241692321922,0.000702931966227554,9.38123488762338e-05,0,0.137518333047052,0.000827134230936934,4.75668247823157e-05,1.58556082607719e-05,0,0.00185907006857551,0.000544375883619835,0.00289496980827927,0.00248668789556439,0.000306541759708257,7.13502371734736e-05,0,0.00263467357266493,7.92780413038595e-05,7.92780413038595e-05,0,3.17112165215438e-05,0.000278794445251906,0.000347502081048584,0.0513985967786689,0.00179564763553242,0.000973798607349074,0,0.000161198683984514,0.0820818413646394,0.000223299816339204,0.000319754766592233,0.00218146743654453,0.00165823236393906,0,0.111155741712141,0.00628806997608446,0.00142171954071588,0.000609119617351321,0.000181018194310479,0.000552303687750221,0.00384630630392558,0.0115085289959436,0.00012420226470938,9.90975516298244e-05,0.000298613955577871,0.0229549568595325,0.0178045267761585,0.000402996709961286,0.00381855898946923,0.000118917061955789,3.43538178983391e-05,6.47437337314853e-05,0,0.000126844866086175,0.000631581729054081,0.000737285784125894,0.0122378869759391,0.159054212967245,0.0122431721786927,0.00220921475100089,0.114419354412484,0,0.000157234781919321,0.000943408691515928,0.000228585019092795,0.000647437337314853,0,0.000837704636444115,0.00182471625067717,0.00014666437641214
0.00131312072696336,0.000524400618954559,7.20521056168277e-05,0.00200705571207516,0.000110967948757467,0.386338766652898,0.000991776042019863,0.00261275576570967,0.000685458266803938,0.000521703481311148,0.000425377136903624,0.000266246015942395,0.000845359998520428,0.0346193028746864,0.00093629206764113,0.00106459875839195,0.0566996128451566,0.00476892465892768,0.000117518140177179,0.00073285082825244,9.59410390298935e-05,0.0181736987466787,0.00065116608819486,0.00595797705429415,0.0313731050681528,0.00150423219426789,0.0121795029868873,0.000865395878157192,0.000683531739915788,0.00266978096159893,0.000216926927605743,0.000179937611353254,0.000119829972442959,0.00113356842098774,0.000118288750932439,0.0210476915584215,0.00403530321991998,0.00270368783483037,0.000149883791898107,0.000479705195149468,0.00698943955020992,0.028474067406864,0.00206292499183153,0.00326392185390453,0.0254528879408664,0.000171460893045392,0.0020818049553354,0.00077369319828123,0.00416129807840502,0.00147918734472193,0.000380296407720903,0.000318647547300088,0.00971354857005468,0.0129366280539304,0.000566784210493869,0.000338683426936853,0.00109812032624577,0.00115899857591132,0.000492034967233631,0.00457280422171396,0.0254135867923481,0.00128345221288584,0.00287322220098761,0.00175429538434982,0.000178396389842734,0.00139904382617487,0.0860410026570659,0.00864625267401932,0.00565435641672164,0.000568325432004389,0.000209606125430771,0.0128437694579216,0.00193384769032544,0.000418056334728653,0.00560195488536394,0.112669842610459,0.00012329772084163,0.00146223390810621,7.78316862812791e-05,0.000860772213625631,0.00202940342397771,0.0214769217491015
0.000244697972787873,0.00580355104556661,7.2767327184732e-05,0.00266385489909597,0.000579284996803945,0.0026053556752808,0.175771619030226,0.00296348506985663,0.0881790190393571,0.0071675817276961,0.000136973792347731,0.000386665601314948,0.0149586795726418,0.000772617797461419,0.000604967582869144,0.000155522326728153,0.0259344180896722,0.00201108916993882,8.4895215048854e-05,0.000104870559766231,0.000112004611451009,0.0677463816089855,0.00022329581773354,0.0013989875353849,0.00459290247465985,0.00169576408547165,0.000253972239978084,2.92496119075883e-05,0.00514507807506164,0.000682015341064743,0.000199040042005296,2.78228015706328e-05,0.000131266550999909,0.000518645557483335,0.000687722582412565,0.142571882704776,0.00137473175965665,0.0024448395123733,2.63959912336773e-05,0.0016265637841293,0.136629931056525,0.0033494372660031,0.000920292667336316,0.0108972639484979,0.00812069103278239,0.000406640946032326,0.00873279266733632,0.0123718724317414,0.0108872762761392,0.00473701031869236,0.000901744132955894,0.00185057300703132,0.0234710300429185,0.0199796251483883,0.000281081636380239,8.34684047118985e-05,0.000947402063738471,0.0813845482147749,0.00545326910784403,0.00130339124280888,0.00417484704593188,0.000796873573189663,0.000161942973244453,0.00036383663592366,6.27796548260433e-05,0.000266100127842206,0.00160801524974888,0.00209598438498767,0.0089289790886677,0.00382670532371473,0.00248693041731349,0.000735520728700575,0.016874885855173,0.000148388275043375,0.00081684891790704,0.00134619555291754,0.000733380513195142,0.0292232159163547,9.27426719021094e-06,0.00563162039996347,0.0233119406903479,0.000995913615194959
0.000949046924103106,0.000737152799539205,0.000107439274426767,0.0235580505342617,6.46625262753689e-05,0.0150842751678987,0.00477408405531531,0.0980433119549073,0.00310081683692807,0.00439108293814582,0.000148226406385076,0.000210899316467357,0.0029685073600877,0.00262430375868343,0.00100575098560612,0.000948052116006562,0.0367213512677337,0.00445972469680736,4.87455967306627e-05,0.00062772390891935,6.46625262753689e-05,0.142561969083354,0.000364099763335154,0.00354251163179367,0.0339458366783756,0.0251228836701256,0.006311062564476,0.000292473580383976,0.0010863304414262,0.00171902839082827,0.00014922121448162,4.87455967306627e-05,0.000150216022578165,0.000659557768008762,0.00025964491319802,0.0249905741932852,0.0034868023783872,0.00308291029119028,0.000100475617750958,0.00320626649516175,0.00973917126516709,0.152651312798505,0.00240544597744372,0.00839220110244633,0.0717773937818525,0.000153200446867797,0.0031038012612177,0.00144744578047172,0.0829351613926916,0.00641949664699931,0.000416824592451993,0.000422793441031258,0.0311076491789351,0.0256620696584525,0.000333260712342286,0.000318338590894124,0.00180657150332415,0.0019518134854196,0.00234973672403725,0.000642646030367512,0.0335598511369164,0.00123654646400436,0.000496409240175524,0.00170510107747665,0.000277551458935814,0.00151509273103672,0.0175832331064176,0.00756849999850779,0.0106106231577398,0.0006108121712781,0.0011360708462534,0.000902290943565532,0.0013817884460998,5.57092534064716e-05,0.00273870668978601,0.02535765838091,0.000402897279100375,0.010346004204059,1.29325052550738e-05,0.00520682557731201,0.00904877444616546,0.0124918052683047
0.000105808637704171,0.00604391763855641,4.29647195526026e-05,0.00281130344057627,0.00160508497074872,0.000991394872064532,0.0441484937659475,0.000733606554748916,0.195960803350479,0.00536097097701131,0.000153903473024248,0.000622667801277271,0.0568269336207908,0.000706673446969673,0.000225083829297963,0.000104526108762302,0.0116844799248951,0.00463698338932641,1.73141407152279e-05,8.59294391052052e-05,7.95167943958615e-05,0.0112343122662992,0.000420028228462011,0.00361865540948264,0.00497108217868321,0.00108758454270469,0.000238550383187585,9.61896706401551e-06,0.0130458843966888,0.00104461982315208,0.000236626589774782,6.79740339190429e-05,7.24628852155835e-05,0.00124982445385108,0.00100678521936696,0.0221537636773696,0.0017128174018657,0.00250734408135338,0,0.00170319843480168,0.286772188872907,0.00331213099237601,0.000408485467985192,0.0260488040738249,0.00641264470934367,0.000250093143664403,0.00491400964077006,0.0698337008847526,0.00574380586615913,0.00479409318470533,0.000530966981933656,0.00344936158915596,0.0419688358292415,0.00296392438465865,0.000159674853262657,2.62918433083091e-05,0.000173782671623214,0.0717568530330848,0.0074021157879954,0.000292416598746071,0.00422978045028309,0.000750920695464144,6.09201247387649e-05,0.000241115441071322,0.000166728762442935,0.000834926341156546,0.000614331363155124,0.000493773642619463,0.00134857918237497,0.00360583012006395,0.00267279031485444,0.000271254871205237,0.021651653596628,4.16821906107339e-05,0.000365520748432589,0.000969591880052763,0.000623950330219139,0.016356091595652,0,0.00502751345212544,0.00263623824001118,0.000493132378148528
8.1839757754317e-05,0.00253703249038383,0.000235145219463108,0.0567956392088516,4.8412251065934e-05,0.00242407057122998,0.0184854111986758,0.00430869034486813,0.0212633522717449,0.0874175406806993,3.458017933281e-05,0.000982077093051805,0.0304109623779176,0.000399977407616169,0.0010201152903179,0.000404588098193877,0.0104236187235534,0.00162065773806436,0,0.000180969605175039,0.000102587865354003,0.0251801339175078,0.000835687667209576,0.00462913334001883,0.0166757151469254,0.004294858273135,0.00117342075202669,0.000108351228576138,0.00291049842717818,0.00162757377393093,0.000659328752612244,7.8381739821036e-05,7.9534412465463e-05,0.00195608547759262,0.00290242971866719,0.0090035260256193,0.00109619168485008,0.011494451610226,0.000411504134060439,0.0115981921482245,0.038156922548467,0.00453691952846467,0.00178203190828414,0.057374280876354,0.0264699746066216,0.000215549784507849,0.00071119902161146,0.00807677721949999,0.0423664830459144,0.0342078660686601,0.0050844390345675,0.00767910515717268,0.198093709980647,0.00617947804677315,0.000329664376306122,0.000176358914597331,0.00158261954079827,0.00808254058272213,0.00187194037454945,0.000122183300309262,0.0402029164923249,0.0051397673215,0.000306610923417582,0.00066855013376766,0.00135784837513501,0.00103510003469545,0.00144775684140031,0.000636275299723704,0.00298311680377708,0.00235491021256436,0.00302576569162088,0.000171748224019623,0.00225578036514364,3.458017933281e-05,0.0051997062990102,0.00347761336823626,0.000786122743499215,0.0744845536102284,6.45496680879121e-05,0.0688353049798916,0.00221774216787755,0.00432136974395683
0.0763907824365611,0,0.00246477285658157,0.000468049200988486,0,0.00595152470247744,0.000354257422766514,0.000283405938213211,0.000193231321509008,0,0.128187511674392,5.36753670858355e-05,0.000708514845533029,0.00275032580947821,0.0300582055680679,0.00325916828945193,0.00542335909035282,0.00858376470436681,0.0057690284543856,0.000369286525550548,3.22052202515013e-05,0.00107994838576701,0.000921069299192937,0.0121800142991178,0.123330964460466,0.00276106088289538,0.00122809239892392,0.00129894388347722,0.000143849983790039,0.00676739028218214,0.000568958891109856,0.047822605058796,0.00170472965864614,0.00354257422766514,6.01164111361358e-05,0.000556076803009256,0.00553285683920792,0.00153296848397146,0.00144923491131756,0.0023509810783596,0.0032119339664164,0.00229301168190689,0.0310501263518141,0.000541047700225222,0.0504269338698007,0.00272885566264388,0.000150291027840339,0.000427255922003251,0.00157161474827326,0.000850217814639634,0.00124097448702452,0.000377874584284282,0.00439279204230478,0.00234883406367616,0.000725690963000496,0.00025764176201201,0.0169635630138075,6.44104405030026e-05,0,0.000184643262775274,0.0638844219055614,0.00194090127382381,0.00160381996852476,0.0032054929223661,0.000564664861742989,0.00192157814167291,0.00570676502856603,0.000186790277458708,0.0016252901153591,0,5.15283524024021e-05,0.000755749168568564,6.44104405030026e-05,0.000856658858689935,0.286282937889012,0.0132642567142517,3.22052202515013e-05,0.000246906688594843,0.00329352052438687,0.00150291027840339,0.000695632757432428,0.00637233958043039
0.000423500423500423,0.000817323733990401,0.00020292728626062,0.00250571083904417,0.000109083442416776,0.000261479428146095,0.000498896332229666,0.000305594055594056,0.000319229485896152,0.000537396370729704,0.000190896024229358,0.137115480865481,0.00462401504068171,0.000149989733323067,0.000514938014938015,0.00162422037422037,0.00177902261235595,0.0397544980878314,4.65208798542132e-05,0.00471625471625472,0.00253619003619004,0.000692198608865276,0.00163544955211622,0.0238980968147635,0.0149139524139524,0.000474031724031724,0.000162823079489746,0.000155604322270989,0.000265489848823182,0.0124972729139396,0.0253097648930982,0.000173250173250173,0.00044676086342753,0.0969102114935448,0.00775855984189317,0.00220733554066887,0.0327739598572932,0.354927844511178,0.000498896332229666,0.0012624804291471,0.00367755576088909,0.000774813274813275,0.00182233515566849,0.00594023510690177,0.00746178871178871,0.000875073791740458,0.000676156926156926,0.00164587664587665,0.000584719334719335,0.0209769063935731,0.0226957726957727,0.00445236903570237,0.00673830882164215,0.000983355150021817,0.00436815020148354,0.00157689741023074,0.00198275198275198,0.000434729601396268,0.00082694874361541,5.29375529375529e-05,0.0393358101691435,0.0154152549985883,7.45938245938246e-05,0.00156647031647032,0.00289953414953415,0.00631240214573548,0.000439542106208773,0.000105073021739688,0.000782032032032032,0.000414677498010831,0.000844594594594595,8.02084135417469e-05,0.000407458740792074,0.000154802238135571,0.00126328251328251,0.000368156618156618,0.0595764033264033,0.000451573368240035,9.86563486563487e-05,0.00377541002541003,0.000242229408896076,0.000847000847000847
0.000160783255925717,0.0041762420064808,7.65634552027224e-06,0.00210490606841946,0.000187285990418967,0.00184517927038561,0.00499075937990669,0.000662568362331251,0.0342220976266507,0.00572223485192039,0.000110722535216245,0.0012079357432368,0.253426214620322,0.000809216826527235,0.00035395874289874,0.000288585331148723,0.00964110585898896,0.0047905164970688,4.00485765675779e-05,0.00073559811960154,0.000166672752479773,0.00421570163339297,0.000631942980250162,0.00687422037789366,0.00819817920324535,0.00039106257118929,0.000232046164229789,3.35701303581167e-05,0.0055219919690825,0.00177803900966938,0.000381050427047395,3.06253820810889e-05,0.000371038282905501,0.00255250780652768,0.00218794796983164,0.0069419495882653,0.00308197354673728,0.00754150033746815,0.000213199775256812,0.00209371602496675,0.11644535901782,0.00289409860666291,0.000672580506473146,0.176690197168566,0.00721934487596131,0.000575992762986634,0.00234696437679114,0.0560815530366833,0.00416799671130512,0.00693664904136665,0.00120499099495977,0.0107512759594284,0.153585702187006,0.00193528856766266,0.000282106884939262,0.00045466913397309,0.00044406804017579,0.0110516402836853,0.00362616302833201,9.18761462432668e-05,0.0139486836386252,0.0018657925083248,0.0001272131255676,0.000651967268533951,0.000548901078837979,0.00163492424340583,0.00113196123768948,0.000165494853168961,0.00130982403362196,0.00115375237493949,0.00238701295335872,0.000161372205581123,0.00379931422702125,3.88706772567667e-05,0.00127389810464222,0.00426340655548083,0.00103772929282459,0.0146666132685646,0,0.0120616889427058,0.000355725591864956,0.00103478454454756
0.000440580449790774,0.00274415832188688,0.000124598543492866,0.00109846075943311,0.000251190663681618,0.098680052869654,0.000875180169493891,0.00124299506988483,0.000618008775724615,0.000206335188024186,0.000316978694645851,0.000192380151152985,0.00319370986680914,0.290642549704851,0.000859231555926804,0.000375789207174484,0.160836783882331,0.00256772678430098,1.29582485232581e-05,0.000280097525771963,5.08362057450893e-05,0.0119863798840137,0.000179421902629727,0.00303920767287799,0.0148023069669525,0.00269232532779385,0.00300033292730821,0.000263152123856933,0.000501384539015293,0.0018809396125683,9.56916814025211e-05,1.49518252191439e-05,0.000166463654106469,0.000254181028725447,8.2733432879263e-05,0.0527948948487972,0.00113932908169877,0.00207431655206923,0.000162476500714697,0.000573153300067184,0.00858035409909272,0.0224696029393295,0.00107254426238659,0.00274714868693071,0.0127568972769736,0.000157492558974983,0.00480252626038903,0.00144534310451725,0.00276808124223751,0.00120013317092329,0.000618008775724615,0.000817366445313201,0.0132822047363395,0.0723189882199553,0.00022826453167893,0.000159486135670868,0.000985823676115556,0.00280994635285111,0.000513345999190608,0.0298587949626304,0.00974061573609829,0.000592092278678099,0.000632960600943759,0.000760549509480454,9.6688469750464e-05,0.000742607319217481,0.0285709444170881,0.0247990973084721,0.0170081995809502,0.000974859004288183,7.07719727039479e-05,0.0336804814886436,0.000867205862710347,0.000192380151152985,0.00226470312652633,0.0243664911654649,8.2733432879263e-05,0.000668844981469705,8.37302212272059e-05,0.000797430678354342,0.0036432614117314,0.0084567523439478
0.00996938507506025,0.00010838479930916,0.00205124534134406,0.00113778833507337,0,0.00154612176502881,0.000179969178387769,0.000834310897007722,0.000275751094056329,0.000422448659632913,0.00627623605301882,0.000375061817144257,0.000651821141891834,0.000881193624150755,0.169352509208927,0.00451082411264357,0.00233405405023913,0.0159895305325021,0.00452443522697541,0.00131322047535052,0.000165853948710296,0.00213039145060703,0.000867078394473283,0.0108016795106855,0.219823529382111,0.0014367287350284,0.000839856165809587,0.00059838491525569,0.000250041211429505,0.0031421509492744,0.00076978413276785,0.00404149272586762,0.00336043289392959,0.00480926039725297,0.000205174945668969,0.00406064910900133,0.00953382941644112,0.00379094739909249,0.0134235834232759,0.00149621434581204,0.000921522851800675,0.00102133769023423,0.12028847496538,0.00132985628175612,0.0712430929896208,0.00352527861194864,0.000263652325761353,0.000342294319678697,0.00289815912199238,0.00141303531378408,0.00188287081590565,0.000170895102166536,0.00609072160582919,0.00281044305185381,0.000726430213044186,0.000561080379679514,0.0310015814098392,0.000375565932489881,7.41049558067282e-05,0.0001512346036872,0.173235709716269,0.00569700752089684,0.00016131691059968,0.0198399635423782,0.00255031953351182,0.00381060789757183,0.00133237685848424,6.55349949311202e-05,0.000908919968160075,0.000150730488341576,7.15843790786082e-05,7.10802637329842e-05,0.000265668787143849,0.00285581343295997,0.0239953863363568,0.00141202708309283,0.000703745022491106,0.000616533067698154,0.000523775844103338,0.00120181098396762,0.000847417895993947,0.00430968208973959
0.00238552412772709,0.000134969606372603,0.000420825046284389,0.000827643812662186,5.72984177996898e-05,0.000492129743990669,0.000403635520944482,0.00031832454333161,0.000284582141738459,0.000182718287872344,0.000364799926658025,0.00221681211976133,0.000772891991209149,3.24691034198242e-05,0.00270066542562538,0.104202902610516,0.00238616077681375,0.210337398549968,0.000876665792335254,0.00367983172091341,0.00147638923197201,0.000957520226341483,0.00748571996098614,0.0468363633585531,0.0231078152495282,0.000742332835049315,0.000513139163850556,0.000443107764317601,3.31057525064874e-05,0.00876347467791923,0.00791354814722383,0.000367346523004678,0.0235292769448993,0.121516574522322,0.000569800932563582,0.00131086046943957,0.132840651826801,0.00714065615601468,0.00651610340199806,0.00113196207608721,0.00156806670045151,0.000192268024172293,0.00741186866693321,0.00141463427056568,0.017183795498127,0.0265991988407893,0.000152795780799173,0.000448200957010907,0.0015145881771718,0.00241799323114691,0.00328829253261553,0.000622642806756629,0.0025548727847795,0.00132359345117283,0.0105365423842763,0.00692801536106916,0.00579477998680863,0.000314504648811631,0.000147065939019204,2.41926652932024e-05,0.0580038249877127,0.00650910026204476,0.000138789500892582,0.0504773594851801,0.0261917434253249,0.0189218475047176,0.000522052251063841,4.07455415464461e-05,0.00047048367504412,0.000663388348303076,1.59162271665805e-05,7.44879431395968e-05,0.000349520348578108,0.00286746748633114,0.00574193811261558,0.00228429692294763,0.00595585220573443,0.000616276315889997,9.80439593461359e-05,0.000717503520669449,0.000275032405438511,0.0023524183752206
0.000261623738705594,0.00601047270027944,6.14940090138079e-05,0.00171605576402504,0.00266632465955827,0.00815596284591934,0.00104430135164709,0.00127638456759219,0.000935717994470511,0.000329625437139413,0.000115749127549177,0.000397480895361546,0.0046750802072721,0.00516739787991178,0.000430604303308341,0.000385781678426695,0.675241729585908,0.0028904377839665,4.41645439290606e-05,0.000222138881550474,4.46763846699603e-05,0.0085304109079404,0.000326627512799857,0.00365578593182325,0.00721761252763849,0.000962553073314825,0.00032384894877783,7.69954714524848e-05,0.00190134211223073,0.00125203557234653,0.000108437116964896,6.14940090138079e-05,0.000116480328607605,0.00073675818647221,0.000287362015962265,0.0256604043439485,0.00144763185547606,0.00225875318959042,0.000112093122257036,0.000419197566796862,0.0151440513613172,0.00285300028977498,0.00140207802953599,0.00373987405354249,0.00997241251526656,0.000200860930750214,0.0344121498122751,0.00264182942410093,0.00586306256690033,0.00122505425329053,0.000293065384218005,0.000611284084845938,0.00746702520866833,0.0276532197085886,0.000238225304835893,0.000222138881550474,0.00143425087610683,0.00269528022147203,0.00154663647878724,0.00157763940366459,0.00676924003861034,0.000569751864727219,0.000218848476787547,0.000681844986984256,0.000116919049242662,0.000784871216116783,0.00289614115222224,0.00195318426727329,0.0619546656806177,0.00515204265768479,0.00304428248665978,0.00794457261992776,0.00676785075659933,5.97391264735804e-05,0.00109504670510201,0.00514378008572455,0.000460144826068839,0.000502554487457672,1.65251439204763e-05,0.000667513446239064,0.00318109020469169,0.00129722379775739
0.00175342632501803,0.000445771054977742,0.000543126318648033,0.00042346316012349,4.06184212664127e-05,0.000708823687941177,0.000267307896143726,0.000298771054204058,0.000203221053701163,0.000115923684820651,0.000206960527405055,0.00212273159011964,0.00126987369089407,0.000211086843216247,0.00157161053458742,0.0131969895431421,0.00355314475554287,0.426350162770264,0.000427460528565582,0.00597348687354467,0.00355082370289907,0.00134040790179162,0.00868125267726975,0.0757804346093707,0.0164508474550045,0.000502250002643421,0.0003725289493291,0.000121855263799238,0.000192647369434986,0.0210800580056845,0.00384172896758805,0.000197031579984377,0.00430297370685776,0.0643090187595211,0.00060966316110349,0.00340279212317259,0.139113450732176,0.0102715605803766,0.00222098948537363,0.000692963161541911,0.00300370001580895,0.000437131581248061,0.00459065528731924,0.00217276316933033,0.0131023421742229,0.0173685658808872,0.000283168422542992,0.000648863161309806,0.00123015790121136,0.00233485001228868,0.00197856843146615,0.000784644740971814,0.00445010265500054,0.00157947632410251,0.0165414974554816,0.0167190579827319,0.00538187634411514,0.000647960529726108,0.000290131580474377,5.29973686999861e-05,0.0312017817431673,0.00221505790639504,8.83289478333102e-05,0.00905739215293364,0.00357274475564602,0.0256022422400118,0.000922102636432119,0.000227721053830111,0.00113177105858827,0.000185297369396302,0.000297223685774861,3.06894738457341e-05,0.000394707896814252,0.00233446317018138,0.00204381580023061,0.00136103948084758,0.00595401582081061,0.00015357631659777,0.000183234211490706,0.000624878950657258,0.000327010528036897,0.00177315527249029
0.131962049218267,2.90498941615523e-05,0.0416788514833844,0.00102836625331895,0,0.000356345368381708,0.000116199576646209,0.000726247354038807,0.000536454712183332,0.000455115008530986,0.00862007192753794,7.16564055984956e-05,2.90498941615523e-05,0.000183982663023164,0.0234316446307081,0.00416188150354506,0.00150865783678995,0.0148406225973317,0.128156513083104,0.000863750186403488,0.00051515145646486,0.00167133724409464,0.00163841403071155,0.0232728385426249,0.043005463316762,0.00125108210855752,0.000627477713889529,0.000305992218501684,6.97197459877255e-05,0.005982341537669,0.00038345860293249,0.0200947801213511,0.00324196818842923,0.00459762991596834,5.80997883231045e-05,0.00304830222735222,0.016413190201277,0.00121234891634211,0.0121002492480919,0.000650717629218771,0.00905582033996123,0.000571314585177195,0.221561606110548,0.000414445156704812,0.0218125971961042,0.00637742009826611,5.22898094907941e-05,0.000242082451346269,0.00156869428472382,0.000720437375206496,0.000489974881524848,0.000100706299760048,0.00360799685486479,0.00215356548717641,0.000985759741882007,0.000408635177872502,0.121649336790916,5.03531498800239e-05,5.80997883231045e-05,0,0.0503841364337963,0.00106128946670204,5.03531498800239e-05,0.00598040487805823,0.000983823082271237,0.00296889918331064,0.00148348126184994,0.000468671625806377,0.000873433484457338,0.000145249470807761,8.71496824846568e-05,0,0.000197539280298555,0.00932114270663674,0.0183788997062087,0.001466051325353,8.32763632631165e-05,0.000460924987363296,0.011122236144653,0.00108452938203128,0.000495784860357159,0.00212451559301486
0.00082608230591962,0.000523269156698021,0.000178273081216696,0.000384165935579641,1.20522646456358e-05,0.000129561844940585,0.00027820644223676,9.54137617779501e-05,0.000178775258910264,8.53702079065869e-05,9.13963402294048e-05,0.00235069378359255,0.00122983317154842,0,0.00073619249877092,0.00235119596128612,0.000888352339922072,0.0366634912297177,7.63310094223601e-05,0.410277166934411,0.0220305354168351,0.000612656786153153,0.00379345029721387,0.116322934405047,0.00326063976433805,0.000109976914891427,0.000354035273965552,4.21829262597253e-05,0.000227988672879944,0.267055586551079,0.000752764362658669,3.86676824047482e-05,0.000375126737095414,0.00880417932363695,0.000534819243650089,0.00124640503543617,0.0218818908195389,0.00788971374364933,0.000721629345657443,0.000183294858152378,0.000863745632937232,0.000117509580294949,0.00262940240352288,0.00186759884237998,0.0018168788953296,0.00147338935292898,7.88418978902009e-05,0.000825580128226052,0.000981255213232181,0.00177067854752133,0.000966189882425136,0.000813527863580416,0.00361618157138431,0.000481588408131864,0.00538183834196995,0.0118965895606297,0.000733681610303079,0.000468029610405524,0.000223971251331399,6.0261323228179e-06,0.00801224510087997,0.000455977345759888,2.05892854362945e-05,0.0028277625924823,0.000575495636829109,0.0250260253589692,0.000109474737197859,0.000225979962105671,0.0001009377164072,8.43658525194506e-05,0.000675931175542741,0,0.000193338412023741,0.00040626175409664,0.0015502225400449,0.000394711667144572,0.00528240715864346,0.000122531357230631,6.6789633244565e-05,0.000374624559401846,0.000260630222961874,0.00262689151505504
0.000737243673779057,0.000127342089107292,0.000443686647310669,0.000782818737249036,0,0.00028551436820898,0.000418218229489211,8.84692408534869e-05,0.000415537343402741,0.000241279747782237,6.83625952049671e-05,0.00602663192238299,0.00192889753921466,9.11501269399562e-05,0.000373983609062467,0.00537919793250065,0.00178412969054532,0.167933385342523,0.000320365887333081,0.173848760492318,0.0969421813297731,0.00025066284908488,0.00420094849749739,0.0767551090986593,0.0050521298299514,0.000266748165603695,0.000159512722144923,1.74257595620504e-05,0.000124661203020822,0.096410025441609,0.00252137336432438,3.61919621673355e-05,0.000855202661583707,0.0526887947004244,0.00272512070689604,0.00130559152411055,0.0747055716855535,0.0121082220095386,0.00334306494982722,0.000217151773004013,0.00067156196466056,0.000108575886502007,0.00226668918610979,0.00167555380404331,0.00337791646895132,0.00314467937942849,6.03199369455592e-05,0.000178278924750208,0.000237258418652533,0.00678130135572409,0.00109648240936594,0.00120505829586795,0.003558876279788,0.000261386393430757,0.00793676325899236,0.0597046735887145,0.00900107503532067,0.000281493039079277,5.3617721729386e-05,3.21706330376316e-05,0.0193358908986598,0.00076673342073022,3.21706330376316e-05,0.00366879260933324,0.00226534874306656,0.0199658991289801,0.000168895823447566,0,0.000273450380819869,0.00021044955778784,0.000966459434172183,1.60853165188158e-05,0.000301599684727796,0.000965118991128948,0.000877990193318696,0.000548241204682972,0.0536539136915533,9.38310130264255e-05,1.74257595620504e-05,0.00136323057496964,5.62986078158553e-05,0.000837776902021656
0.000622039947834443,0.00105961287665591,0.000141996705333242,0.00850264259729563,0.000333756606493239,0.0142524366806232,0.018106510398792,0.0227332006314778,0.00605695311963759,0.00317583567849544,0.000191759901159997,0.000277129521586931,0.00481373121010365,0.0041779634841101,0.00081165488365708,0.000809938911387192,0.0639457066373808,0.00402481295902258,6.04880225135562e-05,0.000561551925320887,0.000136419795456105,0.324721583499211,0.00078419932733887,0.00547137758253827,0.0201708250394674,0.0069355309218203,0.00174771775688105,0.000109393232205368,0.000967808360216899,0.00235474294735397,0.000172455213123756,8.665659962935e-05,0.000170310247786396,0.000527661472990596,0.000293431258150868,0.0705753655020935,0.00279960875832247,0.00250832246550896,0.00048819411078317,0.00170696341547121,0.0194226611297961,0.0449945088887364,0.00333842405106733,0.00545464685290686,0.0365326206328506,0.000391670670601963,0.00463484110096781,0.00287682751046743,0.0504084014002334,0.00487507721875215,0.000495486992930194,0.000499776923604915,0.0180854897384858,0.051955779394605,0.000694539776237216,0.00020505868625163,0.00205444780012355,0.00558677671768824,0.00107634360628732,0.00225221360422816,0.02124287871508,0.00118058892168303,0.00017974809527078,0.00142811792161439,0.000323889765941382,0.00154180108449447,0.0114777095202142,0.0253191708421992,0.0191764191090672,0.0019171700185325,0.000753311826480884,0.00183823529411765,0.00317969661610268,0.000107677259935479,0.00224277575674377,0.0103717653922713,0.000275413549317043,0.0101864403871233,7.97927105497975e-05,0.00244097055391585,0.0265971411901984,0.00491540256709452
0.000819734987611425,0.00021683312575528,0.000253613024026408,0.000390636174448259,0.000215871559787407,0.000342798267546596,0.000112743609733067,0.000222362130070548,0.000154331337843559,0.000150485073972068,9.75989457390728e-05,0.000766368076394493,0.000706750986386389,0.000143513720704991,0.000667086390211643,0.00251978361881025,0.00117671635318414,0.0287140425411208,0.000347846488877927,0.0032094668092669,0.000889208128790223,0.000726463088727779,0.295550762149206,0.415470538700506,0.00751151294952909,0.000489677469139141,0.000212746470391821,0.000125724750299348,0.000358423714524526,0.0476840563468042,0.000869015243464897,0.000109858911829449,0.000700260416103249,0.00796561247785694,0.000371885638074743,0.00377847347075553,0.0214287379855337,0.00371501011687594,0.000700260416103249,0.000444964651633064,0.00408328988257116,0.000450253264456363,0.0021464556317837,0.00143465642406598,0.00721414867396447,0.00373953004905669,0.000277411781731256,0.000268276905036466,0.000711558816225753,0.00127695960533486,0.000624777487625247,0.00048462924780781,0.00360755511996617,0.00105027042840889,0.0785659493624938,0.00125123771569427,0.00370659641465705,0.0003435194420225,0.000119234180016207,4.27896855703324e-05,0.012200349000368,0.00103296224098718,0.000133657669534297,0.00251834126985844,0.000790888008575245,0.0139720342961734,0.000347365705893991,6.44249198474668e-05,0.000284142743506365,2.54814981486249e-05,0.000214909993819535,8.99064179960917e-05,0.000467080668894134,0.00122239073665809,0.00134210569965824,0.000550256125115118,0.000442560736713382,0.000174524223168884,0.000100724035134659,0.000404098097998476,0.000340394352626914,0.00155052512319463
0.00105103883431503,0.000526761779845832,0.000287821552263962,0.000413277595371327,4.49509409045114e-05,0.000847110646131149,0.000295637142994093,0.000321071695485792,0.000560779929093166,0.000232254057477481,0.000205690084360041,0.00093597346096449,0.00103418787857897,0.000267582334650675,0.000820230435238502,0.00218348630733351,0.00302553714906134,0.0287607865881572,0.000329519761766338,0.00557685316578634,0.000903039555517868,0.00149594020720712,0.0385335277322232,0.640522717550469,0.00815676611275512,0.000421183539751518,0.000304356270224818,9.06247110094974e-05,0.000342033742299554,0.126060373495787,0.000910493731647762,0.000173117593513656,0.000702544806036238,0.00842516163025633,0.000510091531409888,0.00470981953981712,0.0139900429374098,0.00570709795234685,0.000561773819243819,0.000499971922603244,0.00391633378499617,0.000687500923301362,0.00213754147627835,0.0020357129126615,0.00708372616465064,0.00227600844499426,0.000329022816691012,0.000698614422258658,0.00112508365053865,0.00154355658078838,0.00083509361067326,0.000550344082511315,0.0041955717405045,0.00191581361903278,0.0108962887825537,0.0011949270220345,0.0024562639768626,0.000758293008122838,0.000487729003020206,8.03695717277646e-05,0.0130851059552407,0.0012707789112593,9.9434191890281e-05,0.00260015216458207,0.000794795882746804,0.0249350775141705,0.000699337251459132,9.50520398624041e-05,0.000861205815540403,0.000302323313098483,0.000278469949482822,0.000132684335112111,0.000591500170113335,0.000723461676024971,0.00220779143919947,0.00116935693906771,0.001372381590751,0.000324053365937749,0.000118860226653035,0.000688946581702311,0.000352062997456138,0.00135214237313772
0.00221268620661609,0.000547249344800722,0.000447307090996486,0.00175725112066067,0.000117374664045103,0.00260395291131678,0.000283624245145889,0.00119791673072364,0.000567034595687596,0.000408057431129012,0.0017100338867874,0.000361267986464108,0.000794190665329326,0.000648581913532144,0.0104396074199824,0.00208098060409077,0.00713632610029122,0.0113336868654649,0.000488642223254739,0.000842798214129781,0.000217156496896202,0.00407442484141988,0.000975466342373927,0.0115256037990676,0.465083176392624,0.00263250784097514,0.00160244490088365,0.000334370739988168,0.000289934135969271,0.00332889519854205,0.000688847572769484,0.00056163375693199,0.000964878559466898,0.00353508959697391,0.000251058791659116,0.00663693567317632,0.00568932910299715,0.00592739379745218,0.00130358066518976,0.00258010366295044,0.00409089472594192,0.00230642551689904,0.0104579488822911,0.00180184814563271,0.143338795310297,0.00122550913466318,0.000468856972367865,0.000561740704234081,0.00403271539360431,0.00296516742412985,0.00164244319186576,0.000295067606469649,0.00675922991311762,0.00337006990984717,0.000718632396401886,0.000352070518484264,0.00747577683712872,0.00065398275228775,0.000499604321719088,0.000120957398665159,0.17572217101526,0.00602059837122467,0.00030758044081432,0.00698585124624889,0.00102359262831497,0.00271539200009582,0.0027479574535826,0.00026694046601966,0.0016680570707166,0.000411158902889657,0.000276565723207869,0.000112722456404135,0.000842263477619325,0.00046308181805494,0.0245017873300494,0.00346733848109912,0.000486342856259778,0.000493187483593615,0.000219028074682798,0.00187778073011747,0.000879534612398112,0.011191928216543
0.000602260358407649,0.000618989812807861,0.000102467908201301,0.0815989594279363,0.00128294003431629,0.0048661800486618,0.000464242359605896,0.0173432162585203,0.00050711158650644,0.00223024538972832,0.000454832041505776,0.00117210739891489,0.000847974219910769,0.00239231197923038,0.0013780888062175,0.00122229576211552,0.0146403637819859,0.00440089209815589,2.6139772500332e-05,0.00026453449770336,2.6139772500332e-05,0.0282100424823583,0.000732959220909309,0.00815142665650352,0.0987121456884536,0.130195933278753,0.0100617212308278,0.000146382726001859,0.000371184769504714,0.000714138584709069,0.000434965814405524,0.000150565089601912,0.000555208767907051,0.00152238035041933,0.000407780451005179,0.00735259520889338,0.00266207443143381,0.00732959220909309,0.00018820636200239,0.0150502354147911,0.00290046915663684,0.0656150113394333,0.00296634138333767,0.00254705943243235,0.190671865344622,0.000830199174610544,0.00106232035441349,0.00025512417960324,0.0268727317212413,0.0175042372571223,0.00271435397643447,0.000543707268006905,0.013782979243975,0.008503790789808,0.000807196174810251,0.000126516498901607,0.00283877929353605,0.00114701321731457,0.000225847634402868,0.000262443315903333,0.0804665844832219,0.00598182553897597,0.000861566901610942,0.00220410561722799,0.000590758858507503,0.00128398562521631,0.00930785019191821,0.00183396643862329,0.00686744103128722,0.00223861011692843,9.20119992011686e-05,0.000338771451604302,0.00136658730631736,0.000209118180002656,0.0070629665295897,0.00896803314941389,0.00096612599161227,0.00208177148192644,3.13677270003984e-05,0.00264952734063365,0.0027478128852349,0.0702793923443925
0.000606538129990288,9.94644521849024e-05,0,0.00148416564926884,0,0.0289383047356781,0.000661146064523175,0.00402538488842429,0.000395907525363435,7.60610516708078e-05,0.000528526794943305,7.21604849184586e-05,0.000438813759639276,0.00214141114703966,0.000979042254839628,0.000678698614908746,0.00496152090898808,0.00243980450359437,0,0.000548029628705051,4.68068010281894e-05,0.0132989823421343,0.000333498457325849,0.00512144414583439,0.0650907076798259,0.0143131296977451,0.252604603448881,0.00099269423847285,2.34034005140947e-05,0.00219406879819638,9.94644521849024e-05,5.46079345328876e-05,0.000126768419451346,0.000514874811310083,2.34034005140947e-05,0.00464752528542397,0.000803516750983918,0.00138665148046011,0.000138470119708394,0.000577283879347669,0.00212970944678262,0.0671092509741665,0.00130473957866078,0.00677333416545424,0.0834428742496285,2.53536838902693e-05,0.000267188822535914,0.000598736996485589,0.00284351316246251,0.000801566467607743,2.34034005140947e-05,0,0.00207315122887356,0.00376014634926455,0.000347150440959071,0.000239884855269471,0.00168114427026247,0.000606538129990288,9.55638854325533e-05,0.000672847764780223,0.0423309006798688,0.000372504124849341,0.00731161237727842,0.00126378362776111,0.000146271253213092,0.00177280758894267,0.110423094475627,0.000692350598541968,0.000768411650212776,2.34034005140947e-05,0.000216481454755376,0.00150951933315911,0.000282791089545311,7.80113350469823e-05,0.0119279331286836,0.0889134191197981,0.000477819427162767,0.000756709949955728,0.000177475787231885,0.00100829650548225,0.000824969868121838,0.142458449212671
0.00336616785525478,0,0,0.00345247985154337,0,0.0313420436522921,0,0.00244910289468858,0.000485504979123286,0,0.00427244381628492,0,0.000161834993041095,0.00630077572906664,0.0065165557197881,0.00240594689654428,0.00646261072210774,0.00785439166226116,0.000302091987010045,0.000528660977267578,0,0.000798385965669403,0.0193878321663232,0.0262496358712657,0.0535781716961386,0.00713152869334427,0.0410952992329021,0.0612707283653587,0,0.000129467994432876,0,0.000722862968916892,0.00119757894850411,0.000140256993968949,0.000129467994432876,0.00166150592855525,0.0146838283685954,0.00119757894850411,0.00145651493736986,0.000399192982834702,0.00132704694293698,0.0145975163723068,0.00239515789700821,0.00323669986082191,0.0498128108580491,0.000388403983298629,0.000129467994432876,0.000161834993041095,0.00148888193597808,0.00138099194061735,0.000269724988401825,0,0.0179744732270977,0.000614972973556162,0.0021577999072146,0.00081996396474155,0.00133783594247305,0,0.00165071692901917,0.00145651493736986,0.0377614983762556,0.000528660977267578,0.0536860616914994,0.0061173627369534,0,0,0.014187534389936,0.000140256993968949,0.000550238976339724,0.000485504979123286,0,0.00110047795267945,0.000485504979123286,0.000129467994432876,0.169495182711707,0.283027824829804,0.000399192982834702,0.00120836794804018,0,0.000140256993968949,0.000140256993968949,0.0220850820503415
0.000202029521762716,0.0195479470141787,7.71530063424544e-05,0.000550013442121724,0.00179559702905248,0.000547627266667833,0.00589822802610794,0.000257309253111175,0.0115956196181801,0.000851864637038852,5.44843395304961e-05,0.000405649827161358,0.0145918605964484,0.000653812074365953,0.000246173767659687,9.7833193609504e-05,0.0191761013392807,0.00272103540925295,3.10202809005744e-05,0.00018691707722141,1.90894036311227e-05,0.00442556007514862,0.00017538389586094,0.00286062667330554,0.00219687220121504,0.0002676493467447,3.30087604454831e-05,3.42018481724282e-05,0.216770120629123,0.000398093604890705,0.000158680667683708,3.34064563544648e-05,5.20981640766058e-05,0.00207557494897561,0.000662561384363551,0.0188969188111756,0.000891634227937024,0.00234680355890115,1.78963159041776e-05,0.000383776552167363,0.373784840150106,0.000465701909417598,0.000413206049432011,0.017429420907033,0.00224220953483896,7.35737431616189e-05,0.00574750127660387,0.0803703662461165,0.00143369375187911,0.00117081675604219,0.000207994960397441,0.0013251227687271,0.0144463038937611,0.00432335222654032,0.000522174728493003,8.55046204310705e-05,0.000264467779472846,0.0317146579576565,0.0400324678940093,0.000716648027985066,0.00358324013992533,0.000374231850351802,2.306636272094e-05,8.11299654322716e-05,0.000102605544517285,0.000785847116147886,0.000498710669863081,0.000557569664392376,0.00206563255125107,0.0070328544544328,0.0425331797696863,0.000391730470346998,0.0238911840361681,1.07377895425065e-05,0.000796584905690392,0.000670515302543186,0.000384571943985327,0.00285545662648877,5.17004681676241e-06,0.00221914317211802,0.00177412144996747,0.000404456739434413
0.000573511361008722,0.000360253484405213,0.000156896866358296,0.000231917940806316,1.56896866358296e-05,0.000380741473264622,7.19745333536842e-05,0.000230927814950657,0.000272589264415699,9.49759186159198e-05,0.000220417248175198,0.00112059397802408,0.000906650629674346,0.000111884221689484,0.000497500160705043,0.00161588539643573,0.00159494042641217,0.0200666522260619,0.000169235357790356,0.0302893208681058,0.00258689420672792,0.000800250181954667,0.00995959981854801,0.255724831533894,0.00500721877912303,0.000285689391121343,0.000320419959596772,9.43666103970527e-05,9.80986232376141e-05,0.57400733789888,0.000640230610974677,0.000122775606101734,0.000311889644532632,0.00560601643121474,0.000495976890157875,0.00390330461359044,0.0109395197615411,0.00430803759797295,0.000382874052030657,0.000401305625651389,0.00136561204553604,0.000387748517781594,0.00161847495636592,0.00124877719456826,0.00484773235283455,0.00170035074827619,0.000129858814146065,0.000379142039190095,0.000576710229157775,0.00123407763378809,0.000784788985900912,0.000756608480778306,0.00503585626540979,0.000823327730744261,0.00384244995523108,0.00270289125889476,0.00137200978183415,0.000533144691508772,0.00022079806581199,4.30323929574938e-05,0.00832772008136702,0.000615325137528481,6.75570487668973e-05,0.00179464119514589,0.000551804755711579,0.0166295445634322,0.000332910778083549,9.03299434470577e-05,0.000442433930424922,4.53172987782456e-05,0.000135723405752662,4.00620153905163e-05,0.000163218439129043,0.000526061483464441,0.0013638602844068,0.00055081462985592,0.00192838434918723,0.000192084415997875,7.39547850650025e-05,0.000365204113683509,0.000220417248175198,0.000960041262352582
0.000972039850338814,0.000208411934013322,0.000524736766665953,0.00185511334149407,2.22415897958881e-05,0.00112525969115493,0.000683722945577301,0.0004357704074824,9.47326972787827e-05,0.000476134774149012,0.000311382257142433,0.0198872763278641,0.00120022208639292,0.000116974287074671,0.00151654691904556,0.0135311242217503,0.00047283972380888,0.0779485346087375,0.000448126846257894,0.00276619476054045,0.00130072112176694,0.000873188340134866,0.00342520482856677,0.0360017200162775,0.0163936992047396,0.000317972357822697,0.000227358473469078,0.000222415897958881,0.00010544161088421,0.0103373966795778,0.113007870227737,0.000170518855101809,0.00179415491020164,0.288106845302329,0.00157832911292302,0.00210965598026924,0.0546895980203337,0.0699819266488844,0.00157668158775296,0.0019234856360518,0.00163846378163042,0.000209235696598355,0.00383131978298798,0.00212036489387467,0.00981265991291182,0.00270194127890789,0.000196055495237828,0.00106265373469243,0.000937441821767432,0.0131884389863766,0.0399969685536871,0.00130813498503223,0.00725405332379965,0.000898724980270886,0.00616174413604604,0.00779938415509143,0.00245151745305789,0.000257013926530263,0.000145805977550822,0,0.0586477772414168,0.0207967102217404,2.96554530611841e-05,0.00974758266869422,0.0367118033645759,0.0134116786469205,0.000409410004761348,1.07089136054276e-05,0.000802344757822038,0.000128506963265131,0.000141687164625658,4.28356544217104e-05,5.3544568027138e-05,0.000406114954421216,0.0046031853251638,0.000576633809523025,0.0172586499190241,0.000467897148298683,0.000197703020407894,0.00376624253877039,0.000169695092516776,0.000906138843536182
0.249301365982759,0,0.00725902939547547,0.00010146575742074,0,0.00410090769575493,0,0.000177565075486296,0.000173337335593765,6.34160983879628e-05,0.0616362198932073,0.000181792815378827,0.000114148977098333,0.00151353088152604,0.0293658812935193,0.00468010806103165,0.00243517817809777,0.012814279614261,0.0295814960280384,0.000338219191402468,0.000236753433981728,0.00160231341926919,0.000253664393551851,0.0147844064041804,0.0751945817285537,0.000490417827533579,0.000363585630757653,0.00145434252303061,0,0.00123027230872648,0.000240981173874259,0.135296132040772,0.00378805494370764,0.00218996926433098,0,0.00125563874808166,0.0089078479535625,0.00172069013626006,0.002604287773799,0.000456595908393332,0.000367813370650184,0.000355130150972592,0.0857343372806331,0.0007948150997958,0.0218362765449218,0.00421082893296073,6.34160983879628e-05,0.000118376716990864,0.000997746614637281,0.000418546249360554,0.000536922966351418,0,0.00160231341926919,0.00196589905002685,0.000274803093014505,0.000503101047211171,0.0289388795643737,0.000317080491939814,0,0,0.0616489031128849,0.00164881855808703,0.000338219191402468,0.00139092642464265,0.000465051388178394,0.00125563874808166,0.00137401546507253,5.49606186029011e-05,0.000841320238613639,0.000684893862589998,0,0.00141629286399784,0,0.00101042983431487,0.109993108783975,0.00292982374552388,0.000528467486566356,0.000333991451509937,0.00770716982408374,0.000739854481192899,0.000109921237205802,0.000583428105169258
0.0023490141832109,1.83135201393781e-05,0.000883932572060649,0.00056039371626497,1.58717174541277e-05,0.00029789992760055,0.000102555712780517,0.000217320438987287,6.83704751870115e-05,0.000227087649728288,0.000404118344408943,0.000546963801496092,0.0010609632667413,0.000102555712780517,0.00655746111123998,0.0453052070221362,0.00112689193924307,0.149109901876159,0.00200227820190534,0.00451000955965751,0.0007410871149735,0.000864398150578646,0.00550382325255443,0.0455432827839481,0.0311635067705084,0.000647077711591359,0.000631205994137232,0.000247842972552917,0,0.00996621765984956,0.00261883337993107,0.000511557662559961,0.108633359664106,0.0383289767503757,0.000962070257988663,0.00189117617972644,0.144312980500985,0.00393008142191054,0.0346540637090739,0.000785039563308008,0.000487139635707457,0.000346735981305559,0.0222863331082805,0.000274702802090671,0.011052819854786,0.112609835337036,0.000114764726206769,9.64512060673913e-05,0.00158350904138489,0.00241005925034216,0.00141990826147311,0.0001452872597724,0.00198640648445121,0.00131491074600735,0.0063645586991052,0.00296556936123663,0.0129464378371977,0.000142845457087149,0.000120869232919895,0.000247842972552917,0.0604395000653182,0.00507894958532086,0.000256389281951293,0.0616433087891467,0.00870746837560297,0.0165297832778027,0.000931547724423033,5.98241657886351e-05,0.000203890524218409,0,1.46508161115025e-05,0.0001452872597724,3.05225335656302e-05,0.00601904361914227,0.00713494744630171,0.000990150988869042,0.001491941440688,0.00014772906245765,0.000904687894885278,0.000266156492692295,0.000487139635707457,0.00219640151538275
0.00150899428040972,0.000278740419572566,0.000378032870663975,0.000530344039715726,1.45879904447094e-05,0.00060234283126542,0.00039669922402871,0.000301641995969636,0.000266034750475561,0.000392150280771758,0.000219917877456802,0.00714419381509989,0.00150381789670354,7.67045949189559e-05,0.0014346425871754,0.0170348513366129,0.00128656664115598,0.161897674815497,0.000274505196540231,0.00521889279662286,0.00281124693279658,0.000811123640748304,0.00358911622973544,0.0386961348256586,0.0134590682164237,0.000376777989765505,0.000209094529707501,0.000138821199393202,0.000295524451589597,0.013832709003943,0.0251194215250034,0.000202820125215153,0.00310802626528465,0.419144337498963,0.000871671644099464,0.00256058447332727,0.0666675869126589,0.0183676917108999,0.00187416462186439,0.00108625627773777,0.00202067196676071,0.000300543975183475,0.00580476531609587,0.00184640038198575,0.0100344982445001,0.0067532984152266,0.000251760480255469,0.000845319145231602,0.000676851384612054,0.00423239955031343,0.00581574552395748,0.0010831190754916,0.00448196398899658,0.00074994819694791,0.00689274705506904,0.0143147401290676,0.00402550106217825,0.000457874667829105,0.000382424953808618,2.57250584186273e-05,0.0312600243415522,0.00489842758717618,8.92534039036521e-05,0.0103351990797958,0.0132327190743622,0.0139294916932375,0.000646734243048783,0.00018995759600584,0.000412698955484198,8.84691033421086e-05,0.000376934849877814,2.99602814509623e-05,0.000463207911647601,0.000936454870482958,0.00240027343854778,0.000643283320577992,0.0322311452968554,0.000300073394846549,0.00015356604995022,0.000961081908115425,0.000261172086993991,0.00118005862489837
0.00013223614507739,0.000809348936136315,0,0.00389379685023062,0.000404674468068157,0.000589486429863064,0.00350664765440163,0.00040308126150096,0.00160117260003346,0.00507436291652394,7.16942955238861e-05,0.00814925159121506,0.0122485720886141,0.00041582691403854,0.000455657078218476,0.000442911425680897,0.007180581998359,0.00986672827065393,0,0.00146415683525448,0.000184811961794907,0.00137493726749142,0.00360542646156787,0.0245624656464834,0.0138035416981989,0.00108497367226148,0.000860331546286634,0.00015135462388376,0.00129846335226594,0.00599045669266249,0.00291078839826978,6.69146758222937e-05,4.30165773143317e-05,0.0105008244843985,0.12080966757745,0.00241530115587136,0.0076824420670262,0.317314172369019,1.91184788063696e-05,0.00890602471063386,0.0170903268463273,0.00149124134689683,0.000608604908669434,0.0404897516987565,0.00989381278229629,0.000549656265683127,0.00138927612659619,0.00401647375590482,0.0013207682442067,0.137117729999283,0.0216899142058264,0.03954975982411,0.0369145961619654,0.00240733512303538,0.00161073183943664,0.000267658703289175,0.000323420933141086,0.000853958720017844,0.00108178725912708,0.000215082886571658,0.0294472369815108,0.0135135781029689,2.38980985079621e-05,0.00139246253973059,0.00102921144240957,0.00451355420487043,0.00121083699107008,9.55923940318482e-05,0.00315773541618539,0.000970262799423259,0.000380776369560195,6.21350561207013e-05,0.00130324297196753,6.05418495535039e-05,0.00321827726573889,0.000643655453147778,0.00205682967825193,0.00404993109381597,4.46097838815292e-05,0.0329921215935252,0.000197557614332486,0.000458843491352871
0.000518872236535421,0.00619441765415117,0.000122381906193525,0.00176432787857118,0.00123085095046792,0.00552408935691216,0.0117321651022518,0.00214675443184775,0.00486782483673848,0.00108385743441006,5.84187662713844e-05,0.000559981738726395,0.00659618190089256,0.003159616837803,0.00065680543467619,0.00054835207692237,0.0630477773552634,0.00562889154177401,0.000111157930266384,0.000493719712168575,7.34291437161151e-05,0.0150225480210372,0.0020257248119105,0.0165300767395405,0.0155387156850601,0.0013146926983574,0.000758632589774228,7.31586864648587e-05,0.00419641471049444,0.0074071479687849,0.000221774946030255,3.51594426633332e-05,0.00018756210374632,0.00142760860075696,0.000478979791975101,0.474471810511159,0.0033609722613634,0.00444307172364029,0.000151591289329217,0.000545782733035434,0.0510320378250693,0.00408092946420796,0.00245737458491573,0.00424333904358743,0.0254059428112733,0.000507918717859536,0.0261847244662661,0.00479493660752488,0.00748422828539298,0.00239381713087048,0.000975133619404983,0.000712384399809382,0.00804475093862189,0.0559695054040063,0.000718875373839536,0.000156189062600576,0.00150698780400071,0.0232560781210361,0.00459060615420066,0.00235230194280262,0.0203022792514392,0.00093848666185974,0.000165384609143294,0.00115674566362366,0.000179177928957371,0.0015898829515108,0.00191172708050593,0.0032483268162151,0.0226499834209705,0.00461778710795193,0.00326009170664476,0.00127223090991015,0.0184185444964383,7.22120860854612e-05,0.00239395235949611,0.00317178741410954,0.00064544623012342,0.0029030881349863,5.72017086407305e-05,0.00133754633608857,0.0162324385345328,0.00229631729179254
0.00221823346094623,0.000509963281728162,0.000874658746518799,0.000640887427665554,0.000177464780565485,0.000752127174038932,0.000346994764407493,0.000492872950323747,0.000364848057035319,0.000155491497331238,0.000285500089800536,0.00229513995226609,0.00141285159351318,0.000235602425789432,0.00141163085555572,0.0153547472133986,0.00287834751144175,0.240224902657592,0.000697346558197995,0.00504698849286624,0.00227560814494676,0.00195363850866716,0.00972973929767588,0.0677450055413874,0.0161306787776079,0.000566269820015921,0.000422070148791172,0.000133365621852308,0.000344095511758529,0.0152604452061849,0.00336313307279733,0.000292214148566556,0.00733297291045139,0.0462830589190701,0.000633715592165487,0.00555130586154115,0.319368548876746,0.0112303314318814,0.00320062233221071,0.000882593543242277,0.00354105563009687,0.000614336377090838,0.00605913285184376,0.00255515713720469,0.0118422263330573,0.0431334023965833,0.000322274820768964,0.0013051214687675,0.00166584953519639,0.00240607451415011,0.00161961408505766,0.000943020072136458,0.00681019188016992,0.00188848162018783,0.0207122609241932,0.00838173940815267,0.00886606719277421,0.000427868654089098,0.000322732597503011,3.64695464790637e-05,0.0305756710282108,0.00272194046064242,7.35494619368564e-05,0.00894480479103026,0.00330072284472228,0.0212475545185387,0.000930354915827829,6.37835582771908e-05,0.000769064913198665,0.000751821989549567,0.000190435121363479,8.51464725327093e-05,0.000797294478464885,0.00421124076874142,0.0028426409261861,0.00116885659426622,0.00470182483539493,0.000283821575109031,0.000269172719619533,0.000651263700303948,0.000451520452014851,0.00243842407002275
0.000721582684355844,0.00118329809117002,0.00021143672800607,0.00244785549364138,9.57234687129712e-05,0.000770013233891439,0.000830470161499631,0.000488368460921016,0.000756036632347609,0.000920505478421509,0.000119126150367755,0.0285579348823633,0.00625014118805339,0.000258892165806049,0.000780576944360612,0.00146786819934729,0.00299229287936031,0.020981316696627,9.44233197321498e-05,0.00150638511290413,0.000710206380773657,0.000871424854395503,0.00138612133217815,0.0211376596115707,0.0216442301582233,0.00057450333090043,0.000334138288071084,8.23969416595524e-05,0.000544762422964141,0.00566799948189063,0.00653617396383408,0.000121401411084193,0.000458952590229933,0.0237901260510689,0.0181105877469735,0.00673688446274837,0.0140053673400301,0.561007134405014,0.000550938130623043,0.0035827230352758,0.00629515884651432,0.00104288200124132,0.00180168145017317,0.00967717138287584,0.0133362781707749,0.00138855911151719,0.00074449781014282,0.00192210774952175,0.00142155039190553,0.0493430916015089,0.0344976655012456,0.00577704947765702,0.0133564304799776,0.00120068758378851,0.0029851420599658,0.00070858119454763,0.00132858973977681,0.000869149593679066,0.000486580756072387,4.50176584609389e-05,0.0435652295307389,0.0166631968940741,3.94920252924482e-05,0.00183158487673206,0.00183272250709028,0.00464591986434246,0.000660638200879843,8.28844975273604e-05,0.000518434406102509,0.000359166155951895,0.000616920691399726,9.55609500903685e-05,0.000871912410263311,0.000239714968338935,0.00194307265183749,0.00112771672223991,0.00782770945765748,0.000821856674501689,4.11172115184749e-05,0.00771378390321301,0.000253366532637559,0.000732146394825017
0.00688042823401453,2.13263951461125e-05,0.00360504937949076,0.000474512292001002,2.39921945393765e-05,0.000772193224248822,0.000203489353685823,0.000459406095439173,0.000244364944382539,0.000247030743775803,0.00140576488004791,0.000374989114652478,0.000279020336494971,0.000117295173303619,0.0360753745892447,0.013699543081984,0.00134978309278937,0.0601164421174978,0.00565416051311307,0.00311098789193916,0.000620242658832771,0.00344243561650165,0.00246053283998273,0.0304612010670306,0.0566695635020074,0.000789965220203916,0.000205266553281332,0.000421196304135721,0.000126181171281165,0.00409466786805359,0.00144930627013789,0.00134178569460958,0.0324072346241134,0.016209837510641,0.000330559124764743,0.00145463786892442,0.0588306382101467,0.00220195029883611,0.155582272789475,0.000909037593103044,0.00135067169258712,0.000567815270765244,0.172232855799802,0.000345665321326573,0.0254192858145705,0.0544453982082274,0.000194603355708276,0.000128846970674429,0.00142709127519403,0.00158970503818313,0.00130446450310388,0.000141287367842995,0.00135866909076691,0.00164746402503719,0.00350108320315346,0.00191670976375686,0.06413646760254,0.000273688737708443,5.68703870562999e-05,1.06631975730562e-05,0.0729389371990979,0.00245875564038722,0.000305678330427612,0.0337045903288352,0.00481354510443713,0.0101327034937967,0.000619354059035016,0.000184828757932975,0.000638014654787865,3.46553921124328e-05,0.000189271756921748,4.44299898877343e-05,0.000135955769056467,0.0233346306890381,0.00756820447747666,0.00106365395791236,0.000704659639619466,0.00014039876804524,0.000952578983193023,0.000774859023642086,0.000446077098472852,0.00164124382645291
0.000502762122306862,0.00047084071771595,0.000136279842676585,0.0559115678873125,2.39410534431839e-05,0.000911601650336617,0.00131430244671427,0.00194229469472394,0.00242479900257888,0.00349662154903527,0.000412522767021015,0.00141190827998264,0.00341559029122757,0.000125843998868018,0.00189993744632446,0.00294781893933767,0.00703068936114833,0.00812768070737833,7.61202724860206e-05,0.000931245591623332,0.00023388567594495,0.0045586221248483,0.00124247928638472,0.0129852590636838,0.0760447660866998,0.00521792190428367,0.0008232039145464,5.52485848688859e-05,0.00011786364772029,0.00391896628669964,0.00174155816970033,0.000176795471580435,0.000408225654864546,0.00461018747072592,0.00336279719901952,0.00278637029688748,0.00415162421631417,0.0281430152590453,0.000372007138117165,0.151557918012328,0.0026255355276025,0.00221239888741628,0.00476979449368048,0.00399017557386398,0.108052726793906,0.000691221184026284,0.000799262861103216,0.00115837866275097,0.00548863997014121,0.0963197689872505,0.0267759197201229,0.00170840901877899,0.0210282252742632,0.00253345455282102,0.000750153007886428,0.000251687997736036,0.00336709431117599,0.000887660596893434,0.000147329559650362,4.11295020690595e-05,0.173247898558687,0.0949047913414418,0.00011663590138987,0.00311970342559642,0.00851749016728658,0.00269920030742768,0.00150583087425975,8.04173846424895e-05,0.00188827385618548,0.00019398392020631,0.000281767782831318,7.24370334947615e-05,0.000310619821596181,0.000268876446361911,0.00471577365514202,0.00273296333151422,0.0015653765712851,0.00181645069585593,0.000128913364694067,0.0171092589875635,0.000773480188164403,0.0043278058147294
0.000551450162899928,0.0238173904609419,6.48245701008096e-05,0.000867531236175131,0.00145360026934069,0.00136210053574908,0.00493264962535616,0.00068874879851435,0.0198716238142914,0.00107740200775718,7.25721359676234e-05,0.00061058664666814,0.0203883570364717,0.000746316155018398,0.000197906176192789,0.000144359708303164,0.0227153727692282,0.00315394580097131,7.32586291456955e-05,0.00021761833744886,0.000107975569865342,0.00370510175250921,0.000498394047280354,0.00359320336448345,0.00613244355971819,0.000396891127379692,0.000247431755467992,2.34388385084622e-05,0.0425400208360487,0.00139662133556071,0.000242332091859456,7.65930245820458e-05,6.01171883083151e-05,0.00198406335508242,0.00083497184544371,0.0310376314965424,0.00176477781991538,0.0036431212255747,0.000135337226534217,0.000806825625142754,0.510133374836749,0.00182666027639588,0.000984823499171452,0.0187428328886329,0.00591923839269979,0.000226935030579839,0.00768656604441944,0.0468578667852142,0.00256660185190361,0.00201554397081972,0.000572927592328184,0.00218295023581531,0.0190895119435593,0.00382612069275792,0.000352072929896984,0.000151911133261958,0.00067227296224062,0.0466768287271112,0.0371544818540729,0.000264790225827815,0.00801049275401547,0.000702380591621782,4.96236497292128e-05,0.00028920976887638,0.000128864576569537,0.0007244464437741,0.000920587351794704,0.000394733577391465,0.00168955778168948,0.0115901623958455,0.0141675519976902,0.000592639753584255,0.0406461822986557,0.000103170117618838,0.000611567351208243,0.00118086633673805,0.000697378998467257,0.0027188071965276,4.93294383671819e-05,0.00263760486060707,0.00149243616912877,0.000463186754290656
0.000524302894171705,0.000689041526959428,2.466147197421e-05,0.0070832679804326,5.4255238343262e-05,0.031653492508338,0.00134503668147341,0.037227478403949,0.00058003782083342,0.00137463044784247,0.000593355015699493,0.000162272485590302,0.00135934033521846,0.00716563729682646,0.000700879033507049,0.000628867535342355,0.0418663012822979,0.0036962614194946,3.84718962797676e-05,0.0002747287977927,4.58703378720306e-05,0.0661992824498114,0.00156304409372543,0.00508075645612675,0.0355618425868109,0.0257569345593044,0.0163771903086334,0.00016671155054566,0.000344274148759972,0.00156107117596749,0.000249574096379005,0.00010456464117065,0.000161286026711334,0.000804457215798731,0.000193345940277807,0.0232537951539221,0.00170262802509946,0.00195072243316001,6.36265976934619e-05,0.00225208562068486,0.00420034190664745,0.355862574440653,0.0015951040072919,0.00497421889719816,0.055535661968163,0.000275715256671668,0.00150829562594268,0.000785714497098331,0.0231847430323943,0.00363460773955907,0.000271769421155794,0.000514438305382021,0.0196024176134206,0.020305762794125,0.000248094408060553,0.000156846961755976,0.00116204855942478,0.00133467886324425,0.000101112035094261,0.00174159315081871,0.0285362824507979,0.00250412586426129,0.000913954151364223,0.00202815945515903,0.000296430893130004,0.00087597548452394,0.0465080835372837,0.0130222436612619,0.0107257673910234,0.000290512139856194,0.000637745665253071,0.00146834404134446,0.00149349874275816,3.40328313244098e-05,0.00359564261383982,0.0395037322671686,0.000152407896800618,0.00288193961490618,1.9729177579368e-05,0.00204147665002511,0.00495301003130034,0.0200857824641151
0.018590251858044,0.000250986991712609,0.011314383413788,0.000849362014478748,3.3740363769322e-05,0.00141502954175422,0.000320189166382341,0.000550518792521896,0.000324320639496952,0.00024237975605717,0.00397792003051782,0.000435870413591445,0.000860723565543927,0.000168357529420392,0.0442659801076455,0.00605742816487194,0.00473225816336051,0.025859923092628,0.020992359184764,0.00280286021883725,0.000546731608833503,0.0039520983235515,0.00259869658909023,0.0190288765870451,0.0706764219927954,0.000907202638083299,0.000469266487934549,0.000717499164237418,0.000234805388680383,0.00421169255091954,0.000964698972261634,0.00559298172890444,0.00545595453726985,0.00754269274957454,0.00048338235440947,0.00457147500131691,0.0229885492779734,0.00352965519758254,0.0302327430950173,0.00070166185063141,0.00200101014517652,0.000529517137522624,0.385115266378451,0.000998439336030956,0.0325560081431335,0.0107955392484782,0.000432083229903052,0.000363569634085755,0.00283040337293465,0.00161678314551771,0.000982602022424947,0.000182129106469095,0.00753718411875506,0.00385982875732519,0.0016987240289575,0.000828360359479476,0.098610344588958,0.000520909901867185,7.23007795056899e-05,6.74807275386439e-05,0.0671780971329987,0.00273296946531508,0.000283694487203278,0.00556096281226621,0.00227850742270788,0.00445338372812428,0.00112892502856742,0.000299876090235504,0.000830081806610564,0.000258561359089396,0.000122567035733455,5.68077553258992e-05,0.000476496565885118,0.0126436848884141,0.0104736286349647,0.00177687772870888,0.000595964996782615,0.000453773463754758,0.0017693033613321,0.00138610922995194,0.000939221554721534,0.00325009218349387
0.000440273432974163,0.00370187086752718,6.50002258316003e-05,0.00140801093417696,0.000206194069858551,0.00130884140534023,0.00158533783425532,0.000594428047106508,0.00407341294388183,0.00287257795608655,8.95471389099992e-05,0.00127643948007674,0.0491770892859598,0.000316164240449778,0.000349940792845655,0.000255680646624603,0.00804353247752976,0.0040435638975785,6.00908432159205e-05,0.000490152760349469,0.000130589577577082,0.00253893631352496,0.000773129574317252,0.00824697729312353,0.00753492043854533,0.00044537919089447,0.000289849949629734,2.17976588136182e-05,0.00519353768147533,0.00386623699750014,0.000379789839148988,2.74925426478068e-05,0.000171042890330284,0.00270801545080897,0.00298745750929346,0.00501660353200623,0.00282230587810199,0.0122453748706378,0.00013981921689456,0.00130923415594948,0.0661661060151719,0.00244408704139002,0.000889383754656549,0.536093977365782,0.00693970689022031,0.000392554233949755,0.00218762089354691,0.0698004237779074,0.00318265456209289,0.0066384671729222,0.00108124242727732,0.0175520247275784,0.094167849827877,0.00107436929161536,0.000910395912251659,0.000182432657998661,0.000652162386666902,0.00372307940042692,0.00241148874082191,0.000136480836715898,0.013262402573302,0.00110814584401124,3.0830922826469e-05,0.000248414760353397,0.000241541624691445,0.00132180217544562,0.000804156872448348,0.000193822425667038,0.000835380545884072,0.000885259873259378,0.00221746993985024,0.000172613892767301,0.00332561578386148,6.73567294871266e-05,0.000758794177079467,0.00173870694716915,0.00117923370428628,0.00561574458642379,1.17825182776315e-05,0.0108905816440148,0.000464427595443308,0.000792767104779971
0.00215786602894001,0.000647023538423575,0.000307786189479389,0.00473874026237981,0.00015399199775688,0.00369808271556036,0.000572450663466165,0.00205362224882713,0.000802696887472598,0.00058629708587205,0.000971524337807211,0.000432008379063616,0.00192425710234929,0.000788949368083897,0.00390568014863145,0.00231838562583109,0.0108626172804341,0.0131544968976596,0.000434777663544793,0.00108051546274496,0.000218180055909876,0.00726877834498658,0.00146989664140189,0.0131373866756866,0.201195341865697,0.00578365063893822,0.00262369923988086,0.000291269385609512,0.000365248842463813,0.00434342490269179,0.000587681728112639,0.000430524833805843,0.000842950415466849,0.00334321868990096,0.000193157592562098,0.0175867367097834,0.00765014837925153,0.00653284099411379,0.000538922540640486,0.00655984151780526,0.00517114425351217,0.00374466603665445,0.00840636084864723,0.00279618610185132,0.36733233342383,0.00105440506620815,0.00104144877095693,0.000827027029700082,0.00705099390114544,0.00525333266079282,0.00187332204849907,0.000400952831667559,0.0164525169087071,0.00595752214314926,0.00102216268260588,0.00050302074540237,0.00652690681308269,0.000990612620123896,0.000361490527810787,0.000334490004119311,0.156496222152001,0.00607234854610092,0.000515482525567666,0.00587790521431542,0.00101158005976709,0.00383278862496619,0.00386928383830741,0.00035832563126087,0.00297074992718265,0.000434678760527608,0.000316588558008845,0.000261796286488414,0.000936908281792498,0.000347446299370532,0.0136911446689048,0.0038261621228148,0.000560087786318053,0.00104283341319752,0.000178223236967179,0.00343519849588291,0.00136189454663599,0.0229467857261187
0.00355584861578667,0.00149267965558326,0.00239804014052507,0.000432829631266266,5.60995534044014e-06,0.000402622179433127,0.000152331864244259,0.000277477021838693,0.000107452221520738,0.000125145157594434,0.00053165115226325,0.00117463834128293,0.000502306770482486,0.000152763399270447,0.00398781517700056,0.011966466276185,0.000873426893003911,0.135330678817542,0.00150217342615939,0.00263667901000687,0.000929094911382125,0.0012035511880375,0.00737407052749547,0.0475663797965658,0.015532240197574,0.000456995592732778,0.000162257169846576,0.000187286201365463,0.000207999882622473,0.00841061766039833,0.00163206546904189,0.000596812941217593,0.0283250960489085,0.0224022778144822,0.000465194758230344,0.00365337553170509,0.161491626710119,0.00508650335367446,0.0140464651024097,0.000594655266086655,0.000790140632949684,0.000257626410634059,0.0149859168544204,0.000534671897446564,0.00579163158646516,0.319230624832511,0.000118672132201618,0.000188580806444026,0.00102360108211723,0.00104647243850518,0.000488929184670668,0.000567900094463017,0.00306389868593269,0.00142018177118373,0.0214140626045124,0.003193359193789,0.0344925946431831,0.000309410613776583,9.10538905256054e-05,1.1651445707068e-05,0.0239126504061392,0.00244119364314384,0.000124713622568246,0.0128234948381938,0.00301988211326155,0.0203615486756406,0.000362920957023858,3.15020569117023e-05,0.000478572344042163,5.17842031425244e-06,0.000236481194350861,1.63983309951327e-05,3.62489421997671e-05,0.031457608804005,0.00282828056163421,0.00087558456813485,0.00153540162317585,6.90456041900325e-05,0.00082854725028039,0.00049410760498492,0.000225261283669981,0.00088119452347529
0.000330241665107192,0.0134638091030876,0.000166556665880149,0.000446544164557986,0.026690227096185,0.00251605859922972,0.00167274582543426,0.000589648886104436,0.00172826471406097,0.000328327220671788,8.51927773754786e-05,0.000358958331638252,0.00549062664073871,0.00161770554791639,0.000306789720773493,0.000369009164924123,0.397959393676303,0.00147938693745845,5.02541664293553e-05,3.58958331638252e-05,2.01016665717421e-05,0.00413184970271071,8.23211107223725e-05,0.00223846415609614,0.002717553876056,0.000438407775707519,8.85430551374356e-05,2.53663887691032e-05,0.00205611332362391,0.000552795830722908,4.88183331028023e-05,3.87674998169312e-05,0.00010960194392688,0.000461381108932367,0.000316361942950513,0.0696541891155219,0.000540830553001633,0.00157941665920831,4.25963886877393e-05,0.000474303608871344,0.0409212498067608,0.000750940829787224,0.000740889996501353,0.0027457919314782,0.00362739359398175,4.92969442116533e-05,0.238945160260537,0.00270319554279047,0.00250409332150845,0.000996468328627788,0.000139754443784493,0.000492012219898831,0.00485790275483768,0.0164225829780045,0.000364701664944464,3.58958331638252e-05,0.000483875831048364,0.00922427190088538,0.00442475970132752,0.000406340831414502,0.00151528277062228,0.000347471665025828,6.26980552594814e-05,0.000535087219695421,0.000220639721180312,0.000903139162401843,0.000665748052411745,0.000394854164802078,0.0421273498010653,0.0242751554409229,0.00499765719862217,0.00389637303715602,0.0411830500833023,4.06819442523353e-05,0.000845705829339722,0.00109171193928914,0.000318754998494768,0.000558539164029121,4.54680553408453e-05,0.00048196138661296,0.00272233998714451,0.000630330830356771
0.000180550191383203,0.00924338479798788,4.13433771573131e-05,0.00116153956456527,0.000782122495716512,0.000758049136865418,0.0036798222339449,0.000271348620962871,0.0230300927452316,0.0011866595911925,2.77366960675645e-05,0.000630617335121042,0.0378132284153554,0.000322635341993462,0.000106236779277653,9.49851006842067e-05,0.0105566911900927,0.00234401248465323,1.07283447053787e-05,0.000173223516950261,8.08550857063908e-05,0.00274253124041645,0.000497690527551959,0.00397131920959836,0.00346316200428506,0.000210380223003036,6.6725070728575e-05,2.35500249630265e-05,0.0421029962958427,0.0012146579542041,0.000127170134800343,1.30833472016814e-05,1.02050108173115e-05,0.00134392142455671,0.00111627118324745,0.014411306942652,0.000936767659640386,0.0035272704055733,2.72133621794972e-05,0.000506063869761035,0.262861976967029,0.000901180955251812,0.000249368597664047,0.10591937727454,0.00257584939706703,0.000232883580189928,0.00338544692190707,0.343867782833183,0.00161736338107185,0.0043015428929688,0.000295683646757999,0.00326403345987547,0.0265505598102601,0.00212368891777692,0.000383865406897331,3.89883746610105e-05,0.000212735225499339,0.0184169045219188,0.008933047802364,0.000111208451214292,0.0047793467327742,0.000439077132088427,2.38116919070601e-05,6.46317351763059e-05,7.87617501541218e-05,0.000800962515686933,0.000347493701676657,0.000107283447053787,0.00157706667169067,0.00380332903152877,0.0108576081757313,0.000331008684202539,0.0115688189296147,3.32317018922707e-05,0.000806719188455673,0.000560228927175996,0.000661232367572976,0.00252089933881997,2.01483546905893e-05,0.0046851466329221,0.000561537261896164,0.000320018672553126
0.000740380854054769,0.00120122104789344,0.000149147892191974,0.0306467659914227,0.000167903016359827,0.00705014048481103,0.00864432603907853,0.0413461177786074,0.0056193924411491,0.013903798716435,0.000213451175053184,0.000419757540899567,0.00660626921283851,0.00163169580260321,0.000919894185375647,0.00101545600851661,0.0334850414488244,0.00375370413702315,1.33965172627521e-05,0.000663574155081656,7.32342943697117e-05,0.146248885856314,0.000401895517882564,0.010048281048215,0.0289096842530191,0.0117210595037573,0.00190855715936676,0.000120568655364769,0.00115567288920009,0.0018790848213887,0.000631422513651051,0.000105385935800317,0.000235778703824438,0.00225865281050001,0.000399216214430014,0.0252015282746893,0.00214165655973864,0.00374477312551465,0.000345630145379005,0.00514694193234937,0.0176664338649667,0.0680319801660096,0.00239172488197668,0.0119514796006766,0.0579836991177947,0.000709122313775014,0.00204341543314513,0.00267215864334363,0.198146993732216,0.00917929362843777,0.00174244034530863,0.00164151991526256,0.0585106287967963,0.0259472677356492,0.000383140393714711,0.000221489085410835,0.00243280753491579,0.00328125362822343,0.00128070705031911,0.000806470339217679,0.0299510401949104,0.00492188044233514,0.000165223712907276,0.0015798959358539,0.00115210048459668,0.00119139693523409,0.00852911599061887,0.00421007882510757,0.00941060682650796,0.000778784203541325,0.00123962439738,0.000801111732312578,0.00165313023022361,9.91342277443659e-05,0.00368493534840769,0.0099991604849182,0.000922573488828198,0.0261500016968922,3.84033494865562e-05,0.00664913806807932,0.0110101509876806,0.00796914156903583
0.000740208735246685,0.00142013988618989,9.49371952779746e-05,0.0164997831513905,9.5238583199492e-05,0.00237041600273419,0.0037317852442282,0.0013646845086307,0.00282008678163812,0.00483727614035394,0.000300785145674345,0.00446687038480909,0.00609979014359025,0.000469863769645595,0.00110971032702699,0.00107927014695374,0.00585747425469027,0.0102209685824189,0.000146775917778964,0.000527127474733897,0.000355939135312025,0.00360369537758331,0.00126191122739327,0.0100886592848728,0.0284157574044231,0.00116154904952798,0.000297168490616136,0.000117541289391778,0.00122905994394787,0.00278361884313452,0.00458049363122114,8.31830663387968e-05,0.000247740871487286,0.0116426154082164,0.0181809249776144,0.00646567508031235,0.0067580213641842,0.121332146668624,0.000190778554320501,0.0340595476227576,0.0132041062295979,0.00174594022935018,0.00244003661260471,0.0165033998064487,0.0330568300078692,0.000674506168355896,0.000982223236225141,0.00564348883041293,0.00464288093097523,0.321140885893629,0.0559683398016204,0.00601690846517297,0.0267231628371815,0.00331556852461269,0.00151296736601725,0.000784512759709739,0.00192074522383026,0.00246053099126789,0.00133454571647896,7.02233857135495e-05,0.0747342587349001,0.0362533503034826,7.59497562223797e-05,0.00146836195363267,0.00255697512615345,0.00233183834877997,0.000764319768968075,0.000196203536907814,0.00152381733119187,0.000688370012745695,0.000984031563754245,0.000254974181603703,0.0016404544568191,0.000315251765907179,0.00449942028033296,0.00193159518900489,0.00278271467936997,0.00385866955918701,4.58109640706417e-05,0.0426949143500735,0.000881258282516818,0.0022664371698107
0.000915739773074997,0.000862111311954956,0.000210457910445878,0.00555167237426717,1.66743954742987e-05,0.000566028127451868,0.00279904514299646,0.000741334609600576,0.000825157246309213,0.00272423569303069,0.000210908569783021,0.00880453146976684,0.00362465304864282,0.000573689336183303,0.000972072190217898,0.00250972184855052,0.00214874371949881,0.0167663299790759,0.000164490658057271,0.00182922624946428,0.0004046920847546,0.00165482108598986,0.00126364878134955,0.0192061996303692,0.0332856986413973,0.000887348234834975,0.000392524282651734,9.32864827886439e-05,0.000617853951223337,0.00927366783973292,0.0198100831421411,0.000187924943588717,0.000536284611200417,0.0269368098997238,0.00520872061870119,0.00502710490583248,0.00986087695603052,0.189663136652079,0.000398833513371739,0.0168073399787559,0.00395453568343164,0.00116225043049233,0.00270215338551067,0.0047603145782437,0.0256465722174828,0.000349711645623129,0.000287069997760223,0.00122354010034381,0.00232630349833324,0.111549452426372,0.212174471861056,0.00236911613536184,0.0135517769272334,0.00172422262390991,0.00190403569943005,0.000596672962377606,0.00211449360987593,0.000827410542994929,0.000198290108343011,0.000110411537600086,0.0896190171029725,0.0811727598062345,0.000123029999040096,0.00242004064045902,0.00729977994304567,0.00563774830766152,0.000616051313874764,8.42732960457798e-05,0.00116810900187519,0.000312306920640243,0.00202300976443586,5.76843951543305e-05,0.000792259114697758,0.000188826262263004,0.00247231712356764,0.00107662515643512,0.00212621075264165,0.00274091008850499,1.17171427657234e-05,0.0145351156008799,0.000395228238674593,0.00126049416598955
0.00027356282875859,0.00281739978531265,3.56821080989465e-05,0.00264344950833029,0.000240854229667889,0.00028991712830394,0.00197143647246679,0.000627410400739809,0.0037481081048935,0.00397558154402429,0.000157595977437014,0.00264047599932204,0.0516766130542992,5.7983425660788e-05,0.000240854229667889,0.000727022952516035,0.00754527910842306,0.00355929028286991,3.71688626030693e-05,0.00107641026098489,0.000108533078800962,0.000851910330862347,0.00272968126956941,0.00783073597321463,0.00948995399981564,0.000570913729583144,0,0,0.000649711718301651,0.00268061837093335,0.000856370594374716,0,1.78410540494732e-05,0.00430712779844367,0.0213810165237896,0.00303743945192282,0.00214389999494503,0.0571582769109999,9.66390427679801e-05,0.0035518565103493,0.0568594392556712,0.0019521086639132,0.000457920387269813,0.262095491268291,0.00747094138321692,1.78410540494732e-05,0.00150608231267637,0.0163721405993999,0.00158785381040312,0.0356434524818393,0.00306568778750115,0.159487129166258,0.153846382577616,0.000929221565076731,0.00274603556911476,3.56821080989465e-05,0.000575373993095512,0.00224499930122538,0.00151351608519698,3.56821080989465e-05,0.0165654186849359,0.00259587336419836,0,0.00103775464387769,0.00138714195234654,0.00186141663916171,0.00120278439383532,6.24436891731564e-05,0.000283970110287449,0.000884618929953048,0.000612542855698581,8.17714977267524e-05,0.00125630755598374,1.9327808553596e-05,0.00111506587809208,0.00126225457400023,0.00185398286664109,0.00297350900824554,0,0.0540197381527967,0.000147188695908154,0.000529284603467706
0.00138831113783552,0.00685816239021361,0.000413614991079086,0.00646761363076286,0.000367876822380159,0.00558183090677891,0.00638303744812562,0.00251224777470009,0.0106408272299822,0.0090557631078297,0.000270486066616066,0.00172622157382673,0.0437783275996333,0.00123335337664002,0.00124813942255562,0.000966021666485948,0.0233660926395063,0.0133005411692805,0.000250574191449722,0.00184865003400791,0.000537817776770136,0.0100420909440397,0.00307254034126194,0.0234540203258845,0.0252109968752156,0.00119471250998058,0.000606425029818526,0.000221987836012893,0.00290141650319871,0.0127079164489832,0.000889331375003697,0.000141748893510897,0.000305381134976885,0.00648476544402496,0.00274862736207084,0.0178191568010883,0.00781393239819807,0.016433605725157,0.000267134562875196,0.00469210523721746,0.0595889479235463,0.00838368803414591,0.00564215797411456,0.085471625577888,0.0361361104813351,0.00229183711691819,0.00314055615247371,0.0190651276035763,0.00899070450580106,0.0137269707334865,0.00245566650566306,0.0102177491695171,0.315195915108382,0.0066144883535245,0.00192514317821128,0.000293158003686654,0.00402022731081254,0.00624030281822035,0.0046552386960679,0.000285469259810542,0.044137529941743,0.00386822675880016,0.000309324080554378,0.00197442999792995,0.000967007402880322,0.00305992291541396,0.00273147554880874,0.00099933955661577,0.00390785336185397,0.00198842745473006,0.0023026802172563,0.000437666959101797,0.00609342809545871,0.000238153912880617,0.00612477451279979,0.00488688674874565,0.00151763975277731,0.0172182518950782,0.000128540025826294,0.0231090125878538,0.00120299269569332,0.0032519443650379
0.000216564777632646,0.00193224986201684,0.000150850801759063,0.00233430285726309,0.000766231432969317,0.00989335236772635,0.00523834264820849,0.00292669978262594,0.00101095934311921,0.000695338030425895,6.47428333729883e-05,0.000289724179344123,0.0020258032562408,0.0123985763050941,0.00055419865367278,0.000485894964464277,0.173294552376143,0.00236311341811407,5.72974075350947e-05,0.000186459360114206,7.83388283813159e-05,0.0299302881541656,0.00080119256299073,0.00628847140551835,0.00913456636059492,0.00211417722379493,0.000559378080342619,7.41305442120716e-05,0.00173187079272744,0.00127025439077803,0.000211709065129672,2.03939925124913e-05,0.000131104237580301,0.000725119733777469,0.000144700232588629,0.126123571408917,0.00105530818397971,0.00148973259591246,9.90565350606721e-05,0.000704725741264978,0.0173656464814698,0.00596799438032206,0.00184063875279406,0.00256219763073601,0.0125694973851988,0.00010941538840035,0.0159047244464083,0.00259197933408759,0.0103319850638283,0.00210673179795704,0.000450610120275999,0.000269653900998496,0.00909669180307172,0.306620440283638,0.000130780523413436,0.000213651350130861,0.00143373004504483,0.00847386574602358,0.000807019417994299,0.0179237297051449,0.0112345001610478,0.000705373169598708,0.000188401645115396,0.00105336589897852,0.000196818213453884,0.00117216899821795,0.00370976435227223,0.0195500696794744,0.0961557324113954,0.00241296539981127,0.00149329345174798,0.00695046687675716,0.00653578902900317,0.000182898504278692,0.00134114779332145,0.00480812652044498,0.000268682758497902,0.0011883547065612,2.62208475160603e-05,0.000807019417994299,0.0213978301439395,0.00227668173556113
0.000937914879756161,0.000543510854342148,0.000342193116861889,0.000456963041967458,9.17218663753518e-06,0.000880294732930619,6.65571491903194e-05,0.000195202946388569,1.78740047295557e-05,0.00014440314347299,0.000145579064836776,0.000842194880743935,0.0011288845092351,0.000179915968659344,0.000653341909719813,0.00349366237180987,0.00149012755219033,0.0739967332904514,0.000430857587691396,0.0051011468761061,0.000610303187805225,0.000596427315712544,0.0787996665087012,0.154915174912423,0.00615571315514989,0.000502118422336861,0.000275165599126055,0.000142756853563688,0.000215663978118455,0.0234855014775452,0.00114699369823741,0.000225071349028748,0.00226482454665292,0.0104351261822419,0.000499766579609288,0.00252705501077732,0.0734235892177418,0.00462725056650012,0.00101058682003817,0.000243886090849333,0.00158772902538461,0.000102540342922188,0.00240828695303488,0.000655693752447386,0.00320109313649978,0.0131428027144969,0.000296802552219728,0.000307856213039322,0.000869005887838269,0.000852072620199742,0.000875591047475473,0.000583727364983649,0.00385372949340132,0.000879824364385105,0.460983517110244,0.00205551054389891,0.00483444791079931,9.28977877391383e-05,0.000409220634597723,3.03387711856933e-05,0.010098812672199,0.00129892273843864,0.000156397541383613,0.0034786105783534,0.00115099183087429,0.0242924187173755,0.000284808154309105,4.65664860059478e-05,0.000403811396324305,0.000137817983835785,0.000228128744574593,0.000120884716197258,0.000130056902834794,0.00268862660616159,0.00156162357110855,0.000320791348040974,0.000659456700811503,6.23238322806877e-05,0.000125588401652405,0.000507057292064765,0.000130292087107551,0.000934151931392044
0.000933070194113123,0.000173572153272842,0.000471809389006841,0.000120829233770045,0,0.000119870271597267,0.000229191959293974,0.000502496178535741,0.000153433947644501,0.000293442424870109,1.4384432591672e-05,0.00254412664438039,0.000979100378406473,0.00014384432591672,0.000905260291102557,0.00929522034073844,0.000613735790578005,0.342359085303521,0.000207135829320077,0.0298515334764105,0.0224857450273017,0.000466055615970172,0.00703494649950038,0.0785006434636179,0.0104785796619467,0.000225356110602861,0.000147680174607832,4.3153297775016e-05,6.13735790578005e-05,0.0259821211092507,0.0043460165670305,0,0.00181052058220511,0.0911925078203365,0.000522634384164082,0.00105389942788317,0.0976223491888139,0.00530689666415419,0.00165037389935117,0.000233986770157864,0.000700042386128037,0.000216725451047858,0.00292771151349164,0.000835256052489753,0.00427409440407214,0.00772539926390064,6.71273520944693e-05,0.000310703743980115,0.0013636442096905,0.00286825585877939,0.00144803288089498,0.000426738166886269,0.00106828386047484,0.000425779204713491,0.0111536890315825,0.114353362217274,0.00256330588783595,0.000226315072775639,0.000224397148430083,2.49330164922314e-05,0.0196970830288628,0.00161585126113115,2.49330164922314e-05,0.00611434281363337,0.00259495163953763,0.0409687819454274,0.000213848564529524,0,0.000382625906938475,0.000213848564529524,0.000181243850655067,2.39740543194533e-05,0.000484275897252957,0.00151611919516223,0.00252494740092482,0.000630997109688011,0.0282260925935516,0.000269468370550655,3.6440562565569e-05,0.000953208399741464,0.000172613191100064,0.000874573501573657
0.013307907872571,0.000127601548824932,0.0313130643978785,0.000618889742035907,1.1115117493461e-05,0.000698473983289088,0.000199627510182559,0.000732263940469209,0.000179175693994591,0.00018228792689276,0.00118264850130425,0.000697140169189872,0.000472614795821961,0.000220079326370527,0.0147261968647366,0.00231727969503674,0.00434512173054376,0.0292500985910922,0.0127232526924149,0.00245688557075461,0.000335676548302521,0.00200072114882298,0.0052281066642243,0.0287432492333903,0.0470591844438151,0.00099680373681358,0.000484619122714899,0.000318781569712461,0.000450829165534777,0.00585455468615577,0.000748714314359531,0.00150898835091226,0.00271031024960552,0.00869424490338517,0.00017650806579616,0.0037938119028681,0.0374308250662794,0.00480039694307593,0.0158759446182602,0.000526411964490312,0.00205985357388819,0.000528190383289266,0.127426819177935,0.00142051201566431,0.0212525492521971,0.0251850778213836,0.000295662125326062,0.000399255020365118,0.00267385266422697,0.00145874801984182,0.00143740699425437,9.69238245429797e-05,0.00541839747571236,0.00211231692845732,0.00381470832375581,0.000924333170756215,0.410290553617326,0.000138716666318393,5.24633545691358e-05,8.49194976500419e-05,0.0405959659237174,0.00271920234360029,0.000187623183289621,0.00323538839999662,0.00101280950600416,0.00586789282714792,0.000692694122192488,8.75871258484725e-05,0.00102259080939841,4.49050746735823e-05,0.000108928151435918,9.91468480416719e-05,9.60346151435028e-05,0.0367341295017893,0.00649789768667729,0.00181354257023309,0.00166993525221758,0.00032767366370723,0.00282857509973595,0.0010594929994767,0.000500180287205744,0.00222613573159036
0.000223726800028343,0.0147677779134611,4.0101973589986e-05,0.00067178343728187,0.00279115766558271,0.00196077544553142,0.0185087191640698,0.000674497104667659,0.0344693046528843,0.00280201233512586,1.59804857163102e-05,0.000623540461534519,0.0147303896072569,0.000686557848604497,0.000225234393020447,0.000151362336407315,0.0260159292275546,0.00197585137545247,4.52277897631421e-06,0.000201715942343614,6.90477590383969e-05,0.00760399753357786,0.000619922238353467,0.00223455433289764,0.00419110851805117,0.000559618518669278,0.000168548896517309,2.05032646926244e-05,0.0183202700400567,0.00109602010526014,0.000304533784405157,4.31171595741954e-05,5.18611989284029e-05,0.00112345829771645,0.000947069917640195,0.07822990491611,0.00128416771067481,0.00293015773945476,7.23644636210273e-06,0.000518611989284029,0.274008343019618,0.00129472086161955,0.000661833323533979,0.0107602942218483,0.00543215906915178,0.000284633556909374,0.0110569885226946,0.0231391402800203,0.00305528795779946,0.00215374734852082,0.000333781088451988,0.00176117013337675,0.0111320666537014,0.0115752989933802,0.00024845132509886,2.47245250705177e-05,0.000585549118133479,0.231985695957691,0.01654764219994,0.000575297485787167,0.00407321474606857,0.000508661875536138,3.4373120219988e-05,0.000197193163367299,0.000161312450155207,0.000484540387662462,0.000781837725705516,0.0014898033947979,0.00398878953851071,0.0187137518109961,0.00784129267053515,0.000814703252933399,0.0952090202303904,3.4071601621567e-05,0.000527356028638236,0.000708267187690805,0.000616605533770837,0.00681643095450235,3.61822318105136e-06,0.00240491234100547,0.00548190963789124,0.000626857166117149
0.00022615974379064,0.127350814268842,3.07547246945812e-05,0.000475948117529555,0.00292882494073152,0.000821001126298028,0.00157299165084236,0.000379933367263546,0.00491738043256895,0.000285793905088669,3.15048399310344e-05,0.000505952726987683,0.0130505048838128,0.000267416081795566,0.00013239533923399,3.82558770591132e-05,0.0123026399930689,0.00144434688779064,5.55085274975368e-05,0.000109891882140394,1.35020742561576e-05,0.00154711267518473,0.000307547246945812,0.00170501193245812,0.00250538488975369,0.000271541715596058,4.8757490369458e-06,2.10032266206896e-05,0.0261287640313743,0.000570837694940885,0.000130520051142857,1.01265556921182e-05,9.7514980738916e-06,0.000866758155721673,0.000629721741002462,0.0196331411413078,0.000682229807554186,0.00154336209900246,4.46318565689654e-05,0.000373182330135467,0.23850026460315,0.000564086657812806,0.000467321792310344,0.0104764844499236,0.00318686458207142,0.000117768092123152,0.00709121438781033,0.0138377508244704,0.00147585172772167,0.00119680885976108,0.000239661818046797,0.00181565392983497,0.0131956521820665,0.00234523528677093,0.000340177259731526,1.83778232931034e-05,0.0002989209217266,0.019494369822564,0.320730897284095,0.000136896030652709,0.00358480071500984,0.000279417925578817,1.46272471108374e-05,0.000108016594049261,0.000127894647815271,0.000383308885827585,0.000273792061305418,0.0003398022021133,0.0012886979762266,0.0364420984173694,0.0526607150023422,0.000534082048354679,0.0387171979295319,8.70133674285712e-05,0.000700982688465515,0.000375807733463053,0.000415563840995073,0.000931643123674874,2.2503457093596e-05,0.00194917444192364,0.0010674139814729,0.000238161587573891
0.00010023008372553,0.000490013742658146,0,0.00257925415453697,0.000289553575207087,0.0216207427271938,0.00571311477235521,0.00158808999325117,0.00527432973915678,0.00117380564718565,0,0.000325190938309497,0.00108471223942962,0.0913229702851212,0.00036751030699361,0.000204914837838861,0.160622050172953,0.000650381876618994,0,0.000256143547298577,2.89553575207086e-05,0.0274474515944379,6.682005581702e-05,0.00186205222210096,0.00792708595509247,0.00126735372532948,0.00127180839571728,6.682005581702e-05,0.00109139424501133,0.00190659892597897,0.000196005497063259,0,0,0.000476649731494742,0.000147004122797444,0.0756425305200605,0.000111366759695033,0.00431434827058559,0,0.000924344105468776,0.0270999873041894,0.00810304543541062,0.000189323491481557,0.000839705368100551,0.00711188127412482,5.56833798475166e-05,0.00541242452117862,0.000547924457699564,0.00763753237988538,0.00179523216628394,0.00161481801557798,2.6728022326808e-05,0.00452371777881225,0.204928201850025,0.000158140798766947,5.56833798475166e-05,0.00046996772591304,0.00492909278410217,0.000761748636314028,0.11816013203643,0.00290889976323427,0.00326304605906448,0.00016705013954255,0.000276189564043683,0.000271734893655881,0.000418739016453325,0.0125465791472424,0.041481890651206,0.0701343305855441,0.00114262295447104,0.000643699871037292,0.0249394721661057,0.0019934649985411,2.89553575207086e-05,0.000541242452117862,0.00987154957936775,0.000160368133960848,0.00160590867480238,0,0.000679337234139703,0.0122147062033512,0.00187764356845826
0.00205083150466792,0.000525774695668475,0.000427392272280362,0.00319895386862126,5.93499853124296e-05,0.00264562382262916,0.00044062711221066,0.00124262739283063,0.0005343049635923,0.000726830525703352,0.000769998851257253,0.000691675482138498,0.00198910338405551,0.00042356657636301,0.00753543188953293,0.00383758659385161,0.00724245596029465,0.0182915310569478,0.0005670301732637,0.00139979111700291,0.000289667219255699,0.00449669196209914,0.00177248627738384,0.0168816070156232,0.159905559077379,0.00260684987752086,0.00144363152427202,0.000305848879014228,0.000583522024583095,0.00503404714270663,0.00124748706061753,0.00042925342164556,0.0016488749403786,0.0053711219721814,0.00042697868353254,0.00748730049900516,0.00941038477918962,0.0100772966350523,0.0013318074665797,0.0060604710176134,0.00492227478360778,0.00219310603391862,0.0102081974737379,0.00288731474713753,0.118553870399691,0.00135476164208381,0.00052474072379892,0.00121031577190705,0.00444876736594529,0.0056020595892464,0.00389445504667711,0.000354704049850679,0.0120175448482713,0.00390557024427482,0.00124355796751322,0.000759865926935619,0.00701979011818609,0.000710648865944823,0.000438972757219373,0.000153389726848413,0.443284471614008,0.0191272388205152,0.000312776490540243,0.017152455946853,0.00342932280115801,0.00474163989799661,0.00258032849906679,0.000266506249377678,0.00212465709615411,0.000271262519977629,0.000489947570388411,0.000118027888909649,0.000650058114388928,0.000566875077483267,0.0135600757818663,0.0029493530593108,0.000674304754729982,0.000637236863206452,0.000173758972678638,0.00360163421321927,0.000960042880881374,0.00851274210063586
0.000919212859508843,0.000186886883120013,0.000307390868842193,0.00718542011706222,5.49667303294156e-06,0.000758540878545935,0.000845642005067933,0.00141391343247358,0.00103971684523102,0.00142363831553186,0.000305699584832058,0.00316016417293886,0.00157923644446436,0.000292169312750971,0.00292634415853758,0.00409333012553133,0.00238048224426623,0.0107764388915832,0.000186464062117479,0.000750084458495256,0.00020464536522644,0.00256567784337611,0.00172722379535125,0.0147894330266331,0.0727958235432654,0.00129721483577421,0.000517110086099041,0.000115430133691773,0.000432968706594782,0.00300329758099876,0.00704335226021081,0.000185195599109877,0.00138812135131901,0.0128038655987336,0.00181813031089606,0.0036324552327693,0.00618544844606939,0.0389337807343302,0.000415633045490889,0.0399113428921887,0.00373773766240026,0.00187563396724067,0.00430178087978057,0.002004171552011,0.0608139219734578,0.00143970551362816,0.000213101785277119,0.000766574477594081,0.00264474537084996,0.0410512683150203,0.050782070867337,0.000806319651832274,0.00928007536361549,0.00144055115563322,0.00124774477847773,0.000738668291426839,0.003740697409418,0.00118051623907483,0.000401679952407268,6.84970024105025e-05,0.248794643027026,0.247110124152931,0.000128537584770326,0.0125049311499421,0.0236196268435524,0.00349461558594323,0.000889192568328931,0.000229591804375944,0.000834648659002049,0.000209296396254313,0.000370814019222288,8.37185585017253e-05,0.00113823413882144,0.000269336978614137,0.00476307859354513,0.00106339482137293,0.00134668489307068,0.00114880466388479,0.000202108439211236,0.00780569852777955,0.000812239145867749,0.00434279451702637
0.0003948525584651,0.000222553260225784,4.66643932731482e-05,0.000735861586230414,0.000513308326004631,0.0420446183391066,0.000574330994131055,0.00224707001453775,0.00140711093562108,0.00019742627923255,0.00105892277042913,0.000373315146185186,4.30748245598291e-05,0.00257372076744979,0.00136762567977458,0.00494283611824039,0.00724374966347793,0.0121327422510185,0.000139993179819445,0.000628174524830842,0,0.00311933521187429,0.00107687061399573,0.0109553637130499,0.0540804422348655,0.00406698135219053,0.0345029344724231,0.0197139113735485,0.000452285657878206,0.00169068686397329,0.000567151856704417,0.000150761885959402,0.000789705116930201,0.00181991133765278,0.000183068004379274,0.00217527864027137,0.00716477915178491,0.000638943230970799,0.000129224473679487,0.000455875226591525,0.00568946641061076,0.0188811314320584,0.00232245095751745,0.00134967783620798,0.0676310641276451,0.00111994543855556,0.00067483891810399,0.000154351454672721,0.00194195667390563,0.000796884254356839,0.000542024875711183,0.000226142828939103,0.00812319399824111,0.0023691153507906,5.38435306997864e-05,0,0.00104097492686254,0.000524077032144588,0.00623508085503527,0.00106610190785577,0.0494247716136906,0.000186657573092593,0.0635820306190211,0.0065976272950805,0.000330240321625357,0.00105892277042913,0.0296965019652889,0.000613816249977565,0.00197785236103882,0.00197785236103882,8.61496491196583e-05,0.00254500421774324,0.000732272017517095,0.000222553260225784,0.145542653050236,0.256679289983308,0.000559972719277779,0.000653301505824075,0,0.00157223109643376,0.000498950051151354,0.092097564477628
0.00195955909554078,0.000214269545961001,0.000517543364859648,0.00097465172957645,1.09881818441539e-05,0.00056479254678951,0.00024064118238697,0.000589699092302925,0.000201083727748016,0.000257123455153201,0.00080067218371068,0.000789684001866526,0.000635483183320233,0.000103655182063185,0.0175939104961311,0.0267236245177104,0.00220715945976238,0.0592618285946189,0.000438062182853601,0.00109625427531842,0.000506188910287356,0.00222217664161605,0.00201376745930527,0.0227195310537007,0.106190888160088,0.00123763554837987,0.000931065274927972,0.000668814001580833,0.000312796909830247,0.00544024883104059,0.00421982810088323,0.000477985910220694,0.0168192436761182,0.0268173903361138,0.000350889273556647,0.00362207100856126,0.0338637450800416,0.00651489301539884,0.00989266011429174,0.00315360818927217,0.00239798755112252,0.0010189707296812,0.0138180049417516,0.000921542183996372,0.0583750823197957,0.00750419565410082,0.000263716364259693,0.000416452091893432,0.00233865136916408,0.00261921627891815,0.00284007873398564,0.000292651909782632,0.00478352182948832,0.00191230991361091,0.0030986672800514,0.00169327882218411,0.0065811883791919,0.000533293092169602,0.000187897909535031,3.07669091636309e-05,0.273834648374518,0.0180810532245552,0.000288622909773109,0.172280772952664,0.0271550937914575,0.00823747365583403,0.00117646800278074,0.000124166454838939,0.000855246820203311,0.000115742182091754,0.000310233000733278,2.38077273290001e-05,0.00019778727319477,0.00113471291177296,0.0099703099326571,0.00213610255050352,0.00272836555190341,0.000284593909763586,0.000203647636844985,0.00143395773066208,0.000608745274166125,0.00403486037317331
0.00157877147763023,9.21910351900864e-05,0.000710639229590249,0.0020282027741819,0,0.000962243929796527,0.00058195590963742,0.000535860392042377,0.000209350475744155,0.000327790347342529,0.000492325736535947,0.00389251037469254,0.000684390393181961,0.000151090863228197,0.0044354131374786,0.0413259119550005,0.00114470535361024,0.0787951656045491,0.000304102373022854,0.00167544402147539,0.000662623065428746,0.00136301884666454,0.00235983441465735,0.0292175157845137,0.0474982298040812,0.000797068325080955,0.000871333325650747,0.000421261813576922,0.000128683319952829,0.00611917996074198,0.0356004645403829,0.000299620864367781,0.00637526616960333,0.137563109245096,0.000683109962137654,0.00136301884666454,0.0473849116566601,0.0140969055822952,0.00404360123792073,0.00561212926719651,0.00151218906332628,0.000498727891757481,0.00872997886008346,0.00103010677514478,0.0300811665238986,0.00463387994934615,0.000103714914588847,0.000629972073798924,0.00141359587291466,0.00833688652948128,0.0161366322358759,0.000885418067138121,0.00915892325992622,0.00142191867470265,0.00409225761760439,0.00336753364652677,0.00394180696989835,0.00015173107875035,0.000258647070949965,1.66456035759878e-05,0.165857434246665,0.0573389825951008,0.000156852802927578,0.0707995139483756,0.0960937890131334,0.0096947836519686,0.00132588634637965,2.75292674525952e-05,0.000921910351900864,0.000158773449494038,0.000227276510364449,0.000106275776677461,0.000280414398703179,0.000839962765065232,0.00482082288181493,0.000944958110698385,0.00551353607678489,0.000341875088829904,0.000235599312152443,0.00228172812095464,0.000256726424383504,0.00298468476427905
0.000741020728031071,0.000436517252394774,0.000424063122511898,0.000561058551223525,0,0.000662559709768957,0.000196152545655283,0.00076904252026754,0.00024534635869264,0.000390436971828136,0.00019054818720799,0.00133446001695007,0.00162962289517421,0.00016252639497152,0.00101376617246604,0.00434462320964099,0.00209042570084059,0.0922757618346926,0.000481352119973124,0.0255776692469548,0.00360796142706893,0.00263529388321638,0.0292205022376958,0.366876248915712,0.007714710755947,0.000838162941117497,0.000265895672999384,6.84977143558133e-05,0.000853107896976947,0.0942889719302594,0.00253379272467095,0.00022043809892689,0.00124354486880508,0.0152089834129671,0.00109035907124572,0.0028576001016257,0.052010314510369,0.00744258801800618,0.000650105579886082,0.000556699605764519,0.00231335462574406,0.0013761813520577,0.00242419638170164,0.0022143442931752,0.0100492374024919,0.00595307408401432,0.000253441543116509,0.000532414052492912,0.00248210808565701,0.00238185234009987,0.00172614240176649,0.00111028567905832,0.0043334144927464,0.0018301343862885,0.0365653253361214,0.00883620515189991,0.00353510476725411,0.000158790156006658,4.3589454590063e-05,5.72889974612256e-05,0.0196239724564463,0.00100255745557145,4.17213351076317e-05,0.0047076610957268,0.00109907696216373,0.148749636495084,0.000633915211038344,0.00010274657153372,0.00273056797682037,7.09885403323883e-05,3.05126182130441e-05,4.54575740724942e-05,6.97431273441008e-05,0.000853107896976947,0.00201632362803748,0.00105424209458538,0.00193599449029294,0.000186811948243127,0.000291426639259278,0.000635783330520776,0.000519337216115893,0.00171119744590704
0.000525770399682869,0.000210725437968134,8.69329364555008e-05,0.00226929737323439,0,0.150322347328377,0.00153001968161681,0.00729332563687069,0.000816474139190063,0.00101815855176683,0.000415887168003116,6.25917142479606e-05,0.00105293172634903,0.0196155477818192,0.00040962799657832,0.000787264672541015,0.0343051276523239,0.00366370167398062,2.99049301406923e-05,0.000365118333113103,0.000100842206288381,0.0236944411603113,0.00102024494224176,0.00399126497854495,0.0339761734207763,0.00352043619470196,0.037331089304467,0.000753186961450459,0.000327563304564327,0.00194521138612829,2.99049301406923e-05,0.000155088358636613,0.000214202755426354,0.000815083212206775,0.00020307533956005,0.0122672805291086,0.00137632224996349,0.000952784983552289,8.20646920139927e-05,0.000783787355082795,0.003979442099187,0.0760148551001815,0.00154045163399147,0.00384174032784149,0.0286663096620743,0.000307394863306651,0.00122610213576838,0.00041658263149476,0.00676060060227138,0.00144934591658611,0.00020307533956005,0.000307394863306651,0.0119014667325039,0.0109584182378346,0.000242021295092114,0.000318522279172955,0.00113986466280453,0.00100285835495066,0.000534811425074241,0.00483208033994255,0.0296350903059344,0.000705895444018666,0.00367135177238871,0.00142570015787021,0.000253148710958418,0.00114821022470425,0.232154059072669,0.0122380710624596,0.00364005591526473,0.000464569612418196,5.00733713983684e-05,0.00810632245860254,0.000872111218521584,8.34556189972807e-05,0.00515755725403195,0.152103429330477,0.000629394459937826,0.00168232618628685,4.24232729902844e-05,0.00105640904380725,0.00254817823338364,0.0383680253705082
0.000596106971799643,0.000749457508065316,0.000186787871240894,0.00417159579104663,0.000330914315099609,0.0445984867876406,0.00648338395054042,0.00872829744008375,0.00111726819279276,0.000808261097159671,0.000100312004925665,0.000432379331576144,0.0013974499996541,0.0408096908314827,0.00032514925734526,0.000401248019702661,0.105468272581155,0.0025089531346925,1.72951732630457e-05,0.000701031022928788,0.000155656559367412,0.122938703599933,0.000225990263970464,0.00256314467758338,0.00875481670575376,0.00347402380277046,0.00127984282146539,0.000171798721079588,0.000505019059280936,8.87818894169682e-05,3.45903465260915e-05,4.38144389330492e-05,0.000107230074230884,0.00116684768948015,0.000111842120434362,0.0685488427223064,0.000971988737383171,0.000876288778660985,0.000110689108883493,0.000470428712754844,0.0125113283384873,0.0553549315457042,0.00142858131152758,0.00607982990773601,0.0163623869183921,0.000174104744181327,0.00441603423983101,0.000906267078983597,0.0123360705827551,0.0019416714516646,0.000505019059280936,8.41698432134893e-05,0.00447137879427276,0.126657165851487,0.000168339686426979,0.000503866047730066,0.00107230074230884,0.00583539145895164,0.00131328015644061,0.0213745281300228,0.00838815903257719,0.000636462376080083,0.000439297400881362,0.00040586006590614,0.000103771039578274,0.000373575742481788,0.0285035985490503,0.153468143443861,0.0379202438850032,0.00242939533768249,0.000879747813313594,0.00841929034445067,0.00288368188872516,1.72951732630457e-05,0.0013213512372967,0.0110331675302723,0.00242363027992814,0.0019036220704859,0,0.000973141748934041,0.0279017265194963,0.00354551051892438
9.99650287358218e-05,0.00357399721549557,2.21044783013203e-05,0.00153378686004236,0.00192704862325391,0.00693057874143039,0.00324243004097576,0.0016961063126431,0.00103099245808397,0.000339815114184477,7.48912921552196e-05,0.00020025997505823,0.00133847564878293,0.00444234030339221,0.000300225003794052,0.000491907121601024,0.387911819627457,0.00201942554749824,0,0.000111512144266362,3.59610169379689e-05,0.0111023866238214,0.00028570862998423,0.00218966302217706,0.00481910618727442,0.0010478182549999,0.000134606375327443,3.26618410721002e-05,0.00115735089374674,0.000933336852454257,4.65183797087488e-05,1.31967034634748e-05,8.90777483784551e-06,0.00122960284520927,0.00021081733782901,0.0401737346010966,0.00115636114098698,0.000892097154130898,3.49712641782083e-05,0.000379735142161488,0.0121478954557152,0.00295111281201956,0.00112897798130027,0.00165486661431974,0.00950492566956774,2.11147255415597e-05,0.0353602370127942,0.00124049012556663,0.00783059391763937,0.00162682361945986,0.000266573409962191,0.000305503685179442,0.00656931898411777,0.0778476836486246,0.000446378494652036,5.01474731612043e-05,0.00081390668610981,0.00330379471208092,0.00146582383720547,0.00434897362638813,0.00593587721787098,0.000637730694872421,0.000175516156064215,0.00073802564119483,0.000115471155305405,0.000580325034806305,0.00156314952524859,0.00249450687218333,0.304965589595719,0.00338561427355447,0.0017538418902958,0.00824497040639248,0.00493622693051276,3.03524179659921e-05,0.00100096995770457,0.00345984573053651,0.000222034535772964,0.000735056382915548,4.02499455635982e-05,0.000527208303365819,0.00504180055822056,0.00135827070397815
0.000106619822832612,0.107999774548392,9.48775515955398e-05,0.000547189839647544,0.0298991104055311,0.000825716513390886,0.00184118812997285,0.000379510206382159,0.00443200285572036,0.000685278949395508,2.67723784205236e-05,0.000474387757977699,0.00893680779311057,0.000547659530497027,0.000190224794040562,2.58329967215579e-05,0.0360116671207011,0.000976017585225405,3.05299052163866e-05,9.11200247996768e-05,1.87876339793148e-05,0.00200886776323824,0.000334889575681287,0.001439602453665,0.00159553981569331,0.000308117197260763,2.01967065277634e-05,0,0.00780673160925479,0.00139873934975999,0.000214648718213672,7.04536274224306e-06,3.05299052163866e-05,0.000694672766385165,0.000588992325251519,0.0275793072999352,0.00037152546194095,0.00140014842230844,5.63629019379444e-05,0.000143725399941758,0.139979145726283,0.000640188627845152,0.000357904427305947,0.00637746235427841,0.00209341211614515,4.18024856039755e-05,0.0257244981353273,0.00906315463162147,0.00135646717330653,0.00127708941974392,9.58169332945056e-05,0.000911669938846251,0.00816792387250712,0.00398062994936733,0.000150301071834518,4.08631039050097e-05,0.00118080279559994,0.0290207885169981,0.0645383408640433,0.000303889979615417,0.00167444787840643,0.000263966257409373,4.64993940988042e-05,9.72260058429542e-05,0.000116953021521235,0.000360722572402844,0.000369646698543019,0.000214179027364189,0.00566588071731186,0.325998797591425,0.0161103961372625,0.000875973434285553,0.107510826374081,4.88478483462185e-05,0.000100983532638817,0.000942669534912121,0.000439160944266484,0.00118690877664321,7.04536274224306e-06,0.000832761876133129,0.00138652738767343,0.000306708124712314
3.27971117123171e-05,0.199731733012769,2.87811388495844e-05,0.000477900770665192,0.0022656780233917,0.000646571630899966,0.00165926612111906,0.000315923198534973,0.00356216792924391,0.000528769760259807,6.69328810455451e-05,0.000900916578873038,0.0125258193588633,0.000362776215266855,0.000279779442770379,8.70127453592087e-06,0.0213556050263916,0.00108966730342147,8.03194572546542e-06,1.74025490718417e-05,3.01197964704953e-05,0.00132326305827043,0.000390218696495528,0.00296914260318038,0.00269471779089365,0.000204145287188913,1.80718778822972e-05,0,0.0454239997215592,0.000181388107633427,0.000172017504287051,0,0,0.000613105190377194,0.000896231277199849,0.0115151328550756,0.000395573326979172,0.00245309009031923,0.000180718778822972,0.000414314533671924,0.155954951493741,0.000613105190377194,0.000469868824939727,0.00677829286348236,0.00165324216182496,3.48050981436835e-05,0.00654670509506477,0.0178804498425069,0.000564913516024401,0.000901585907683493,0.000246982331058062,0.00138617996645324,0.0103545166977458,0.00369670302014546,0.000517391170482064,4.01597286273271e-05,0.000382186750770063,0.011711246196539,0.109381044875819,0.000232926426038497,0.00182258235087019,0.000725552430533709,0,8.63434165487532e-05,7.63034843919215e-05,0.000717520484808244,0.000158630928077942,0.000673344783318184,0.00153410163356389,0.0187224654860599,0.312089283108684,0.000469199496129271,0.012997026841424,6.62635522350897e-05,0.000152606968783843,0.000129180460417902,0.000694093976442303,0.00082260510804975,0,0.00156221344360302,0.0011539228692252,0.00025903024964626
0.00143381218798292,0.0164352532416466,1.73795416725202e-05,0.00119339519484639,0.00499951482112831,0.015913866991471,0.00684029794327607,0.00155836556996931,0.00452447401541276,0.00135705254559595,0.00030124538899035,0.000454764673764278,0.00339045892128081,0.0341681789281747,0.000440281722370512,0.000634353271046987,0.361617571875267,0.00489089268567506,5.35869201569373e-05,0.000672008944670781,8.40011180838476e-05,0.0129405170703307,0.000574973170332543,0.00963116267685494,0.00848411292646861,0.00191174958397722,0.00110070430592628,0.000334556177196014,0.0053108982760943,0.0013729837921291,0.000337452767474767,0.000217244270906502,5.35869201569373e-05,0.00175243711864579,0.000414212409861731,0.0390836926312192,0.00153374455259991,0.00275610565023383,9.1242593780731e-05,0.000989185580194274,0.0437645825216846,0.0105088295313172,0.00195230184787977,0.00503427390447335,0.0130230698932751,1.73795416725202e-05,0.0200516462046702,0.00426233259518558,0.00650719006121944,0.00735733930803355,0.00169885019848885,0.000821183344026579,0.0104566909062996,0.0523906283718121,0.000373660145959184,0.000136139743101408,0.00102394466353931,0.00867383958972695,0.00433040246673628,0.00961812802060055,0.0100048228228141,0.00115573952122259,0.000428695361255498,0.000983392399636768,0.000521386250175606,0.00168002236167695,0.00672008944670781,0.00487206484886316,0.0873770940537347,0.0135488010288689,0.00762961879423636,0.0759239760915438,0.0113560821878526,2.17244270906502e-05,0.00207395863958741,0.0107709709515444,0.000451868083485525,0.00215940805281063,7.82079375263409e-05,0.00285603801485082,0.00450854276887961,0.00300376411906724
0.000214699888844856,0.0267579790862509,2.2583705887139e-05,0.0005915074747426,0.0112234830942399,0.00128665250389878,0.00458665785592771,0.000720822393384026,0.0101342059924781,0.0011192855876667,5.16640942897564e-05,0.000673798786605326,0.0125002358914485,0.000495294700346706,0.000286163396515118,0.00035824563585352,0.042838196409562,0.00171512418408628,9.28097502211192e-06,0.000153754819532987,5.93982401415163e-05,0.00377983176067212,0.00024934886226074,0.00321647657682992,0.00273819699735709,0.000443011874388809,0.000125602528632581,4.02175584291517e-06,0.0172149712026813,0.00133027308650271,0.000161488965384747,4.02175584291517e-06,7.27009710065434e-05,0.00128170265055366,0.000771867756005642,0.063637480165783,0.0011443442202264,0.00223238385865199,4.11456559313629e-05,0.000464358116939667,0.248415196173516,0.000920982088027573,0.000401556852623376,0.00860067955299112,0.00446291152229955,0.00016334516038917,0.0259199070417542,0.0167332885990337,0.00234592111975582,0.00140637708168403,0.000336280661634522,0.00135038186571728,0.0105960891827452,0.0088234229535218,0.000314934419083665,4.5167411774278e-05,0.000468998604450722,0.0877559499557452,0.0404631949014036,0.000354842611678746,0.00238242628817613,0.000573564256366517,7.17728735043322e-05,0.000280904177335921,0.00053736845378028,0.00061470991229788,0.000553764842986011,0.000473020360293638,0.00413560246985307,0.0539546389252136,0.0112389513859435,0.000844568727012185,0.23987948344568,3.80519975906589e-05,0.000313387589913313,0.00115640948775515,0.000681842298291156,0.00211265928086674,3.71239000884477e-06,0.0016804752106704,0.00329258057201124,0.000588413816401896
0.00536618596621226,8.58328996417834e-05,0.00934492113694911,0.000510651428248585,1.41244012068758e-05,0.00025749869892535,0.000255325714124293,0.000223817434508954,0.000115168194456064,7.71409604375522e-05,0.00119731462538285,0.000610608729097244,0.000254239221723764,5.75840972280319e-05,0.00947312724021152,0.00445679182696957,0.00177315559766317,0.062980704981459,0.00427969356568335,0.00212191965823295,0.000617127683500418,0.00114516299015747,0.00324535280037984,0.0397069512697293,0.0237159561187449,0.000342245106166605,4.02002188195695e-05,0.000157541398076691,0,0.00570299861037622,0.000926778017651155,0.000888750783632644,0.00936556449255916,0.012195877195937,0.000217298480105781,0.00278250703775452,0.0849169865481376,0.00283683165778097,0.0330054661432671,0.000918086078446924,0.00457304651382616,9.88708084481303e-05,0.0712978043075078,0.000264017653328524,0.0114701002723836,0.149675193096862,0.00022816340411107,0.000305304364548622,0.00117558477737227,0.000517170382651758,0.000131465580463997,0.00014884945887246,0.000598657312691426,0.00124186081380454,0.00989468629161673,0.0016688523272124,0.208027440452068,0.000191222662493087,2.71623100132226e-05,1.30379088063469e-05,0.0214962521444644,0.00174056082564731,0.00015862789047722,0.00562042518793602,0.00220449308067315,0.0144644733282413,0.000123860133660295,0.000114081702055535,0.00047588367143166,3.04217872148093e-05,6.08435744296187e-05,9.1265361644428e-05,0.000210779525702607,0.157323013104185,0.00303022730507511,0.00134073162225267,0.000863761458420479,0.000104303270450775,0.00149718652792883,0.000324861227758142,0.000250979744522177,0.000740987817160713
0.00951975187921626,0.000406836388632519,0.00119113568844568,0.00116835065453441,2.60792556815717e-05,0.00436923614134627,0.000165260125476907,0.000839477514465751,0.000294009292999614,0.000218516710763485,0.0183485407421113,0.000316245289949165,0.00102642459993049,0.00054491918450442,0.00725360181972811,0.00292060211785518,0.00926664583986459,0.0123105067556253,0.00131988485596839,0.0017931547169687,0.000184201900656154,0.00276165591743802,0.00132564974406642,0.0181854767644813,0.140180666102623,0.00192574714322343,0.00105003318928434,0.00464951951030295,0.000451582901012479,0.00559551019534186,0.000505937560222492,0.00478513163984713,0.000399424389649336,0.0034276377520011,0.000140827980680487,0.00406095188734201,0.00719952167899895,0.00377627622269159,0.000865556770147323,0.00179754701266244,0.0038385919178465,0.00185903915237478,0.00951041825086707,0.00123752931171079,0.0615780639968463,0.000966579571103306,0.000411503202807116,0.0016882886572807,0.00305758683980364,0.0020089262429236,0.0013583174432886,0.000227575820631821,0.00858419289644998,0.0033513216143224,0.000846614994968076,0.000579233994611751,0.00598889517841231,0.000542723036657551,0.00067504094443142,8.07084333724431e-05,0.0967894514626619,0.00344575597173777,0.00375102052245259,0.00524659720617052,0.000748611897301538,0.00290111130571421,0.00176789901672971,0.00029483284844219,0.00146510513234261,0.000541350444253258,0.000214673452031464,0.000437033421526971,0.000447739642280458,0.000472171787076878,0.468761443989171,0.00953512491414435,0.000235536856576722,0.000614372360161658,0.00122599953551473,0.00161718837073831,0.00063029443205146,0.0138974980934692
0.00078340040718352,0.000199774799317133,4.09399819864079e-05,0.00131592799242025,5.50996750042633e-05,0.0891297267979578,0.000496512713865233,0.00341864240557178,0.000461729120147458,0.000609174619181213,0.000610713716248371,0.00011081498883539,0.000365689463156787,0.0100185984489595,0.000646420768206441,0.000832651513332582,0.0191405189465927,0.00409923112866913,9.72709346443978e-05,0.000329366772371853,8.83441716548803e-05,0.0061382269232403,0.000758159215282126,0.00584795321637427,0.0360025585949644,0.00196111748297297,0.0176925364258103,0.00398225975156511,0.000553767124763518,0.00219875407014219,6.31029797534859e-05,0.000212395395267831,0.000181613453924667,0.000735380578688184,0.000108044614114505,0.00884980813615961,0.00409953894808256,0.00205715713996364,0.000171455413281423,0.000446953788302739,0.00330536486142893,0.0244171593316379,0.00129037898110543,0.00364612095209776,0.028532089250392,0.000237328767755793,0.000731994565140437,0.000889598104817435,0.0042254370881761,0.00104412345036012,0.000280731305049654,0.000230248921246866,0.00983975536975576,0.00467023614058482,0.000391546293885044,0.000231172379487161,0.000944389960408267,0.000762160867656737,0.000140365652524827,0.00163729146004289,0.0256530542765659,0.000808333779671483,0.00895292763965921,0.00206639172236659,0.000271496722646705,0.00128576168990395,0.0530357458372042,0.00201929535211155,0.00195434545587747,0.000404782528662605,0.000584856885520113,0.00559954294973494,0.000386621183270138,0.000116047918863728,0.0128920926733439,0.539476608494954,8.31112416265424e-05,0.00138949683223042,0.000112354085902548,0.000958241834012691,0.00100626166250803,0.0285838029118485
0.000857284564021128,1.98683976210905e-05,0.000420915682935696,0.000138342916769075,8.8303989427069e-06,8.68322562699512e-05,5.22465270776825e-05,4.7831327606329e-05,0.000183230778061168,0.000119946252305102,0.00018175904490405,0.0262152468611611,0.00150411128657441,6.32845257560661e-05,0.000901436558734663,0.00594874542107022,0.000371612622172249,0.103195721377366,0.000128776651247809,0.0118467160482199,0.018119242763856,0.000179551445168374,0.00214137174360642,0.0239657027305065,0.00953903845785913,0.000191325310425316,0.002292224392211,0.000130984250983486,0.000223703439881908,0.0143987013426622,0.0114809903586761,6.91714583845374e-05,0.00131425770930621,0.219761402620568,0.00115015946228757,0.00100225027999723,0.055862575444721,0.0435927361138297,0.000924984289248548,0.000372348488750808,0.00140476929846896,0.000261232635388412,0.00306120496680506,0.00483096408823923,0.0041635331014863,0.00269915861015408,0.00020898610831073,0.00100298614657579,0.000105228920733924,0.00289269152031507,0.00201848202498709,0.00134737170534136,0.00430923468404097,0.000192797043582434,0.00582511983587232,0.0191810982367165,0.00296848577790664,0.000192061177003875,4.70954610277701e-05,3.31139960351509e-05,0.0163538988418932,0.00243203904213719,5.29823936562414e-05,0.00560215226256897,0.00415543856912216,0.00620409112383016,0.00042459501582849,0,0.000160418914125842,9.56626552126581e-06,0.000130248384404927,2.86987965637974e-05,4.70954610277701e-05,0.000395160352686134,0.0010618554728605,0.000258289169074177,0.344844003644011,0.000225175173039026,0.00010817238704816,0.000791792438529385,0.000100077854684012,0.0008631714966496
0.000941775194599112,0.00416991389752209,1.22064581553225e-05,0.0115792339978028,0.000113613956676463,0.00262157162843541,0.0409047802368053,0.00547694387846123,0.0574482868705458,0.0377911944488784,0.000185913747288758,0.00133801560548727,0.0441817447723496,0.00049013624285218,0.000756800405629994,0.000262908329499254,0.0115829898310814,0.00275396475150468,2.34739579910048e-05,0.000619712490962526,0.000123003539872865,0.0507704153012648,0.000928629778124149,0.00612764199397189,0.00915766049145078,0.00279621787588849,0.000252579787983211,7.69945822104957e-05,0.00228448559168459,0.00411075952338476,0.000575581449939437,0.000356804161463273,0.000318306870358025,0.00182345705674125,0.00163942122609177,0.0237875700697646,0.00259528079548549,0.00719523760340279,0.000182157914010197,0.00292109933240063,0.0829034469159914,0.00881024591318391,0.00121876789889297,0.0587355987267725,0.0157106506042197,0.000734265405958629,0.00244692538098234,0.0149576060318682,0.0487788847053079,0.0141998666679186,0.00255866142101952,0.00490511826180036,0.17487065849147,0.00717364156205106,0.000241312288147529,0.000155867081060272,0.00127886123134994,0.0203030957455799,0.00260842621196045,9.95295818818603e-05,0.0145669993708979,0.00155022018572596,0,0.000414080618961324,0.000522999784039587,0.00138120768819072,0.00240279433995925,0.00100938019361321,0.00505253471798387,0.00273236871015296,0.00339057849222073,0.000185913747288758,0.0077539178035887,7.22997906122947e-05,0.00131078581421771,0.00377649036159285,0.00123848602360541,0.115628022272091,8.92010403658182e-05,0.0280757927155614,0.00291452662416315,0.00196148392972836
0.235002029172336,0.000161140156126907,0.109533529088782,0.00205304495213541,0,0.000865382319940796,0,8.95223089593927e-05,0,0.0002506624650863,0.00524003915108978,0.000501324930172599,0.000805700780634534,0.000614719854854496,0.00494163145455848,0.0040344720571033,0.00526391176681229,0.036608656210461,0.0184893408770799,0.000996681706414572,0.00238726157225047,0.00446417914010838,0.00198739525889852,0.0221060421590394,0.0322041586096589,0.00106233139965146,0,0.000268566926878178,0,0.00258421065196114,0.000399866313351954,0.00728711594929456,0.00586669531380553,0.00913127551385805,0,0.00161736971519969,0.0425410012175034,0.00296020434959058,0.00168898756236721,0.000161140156126907,0.00187400033421662,0.000268566926878178,0.0609109790159708,0.000304375850461935,0.0381484399245625,0.00991310367877008,0.000942968321038936,0,0.00153381556017093,0.000644560624507627,0.0022798348014992,0,0.00929241566998496,0.00363460574375134,0.000304375850461935,0.00219628064647043,0.117369715199694,0,0.000471484160519468,0.000155172002196281,0.0242724820358567,0.00105039509179021,7.75860010981403e-05,0.00193368187352288,0.00110410847716584,0.000578910931270739,0.000948936474969562,0,0.00123540786363962,0,0,0.000155172002196281,0.00223805772398482,0.00574733223519301,0.00928644751605433,0.000477452314450094,0,0.000167108310057533,0.131544080784932,0.00182028694884098,0.000972809090692067,0.00197545895103726
0.00166803347213707,0.00108282841150664,8.70129973532125e-05,0.0243005121823883,7.1657762526175e-05,0.002047364643605,0.00703724724999118,0.00144623563574653,0.00291749461713712,0.0251154770530233,0.000410041641122001,0.00190291169375065,0.0209627391009112,0.000549376179367342,0.00110102720833869,0.000586911197833433,0.00558304964063063,0.00518040126072165,2.10423588370514e-05,0.000571555963006396,0.000392411556690958,0.00813201862191886,0.000759799767737855,0.00846983378811368,0.0246707439554402,0.00160092540881891,0.00038103730867093,0.000147865224260361,0.000804159335015964,0.00303919907095142,0.00195580194704378,8.41694353482055e-05,0.00016777015829541,0.00529584987812493,0.0180651494178091,0.00644806120255375,0.0020064173507329,0.0418361903548652,0.000420847176741028,0.0175487585576999,0.0158733318243498,0.00324564167251493,0.00208205610006608,0.0457779360062058,0.0234064962880142,0.00028265006329769,0.000707478226845728,0.00807230381981371,0.00731819117608587,0.127619062784712,0.015164147460301,0.0240138811322836,0.126179082985376,0.00319786983083081,0.000809846459025978,0.000564731414194379,0.00269399064354358,0.00313872374112666,0.000683023593602668,0.000220660411588539,0.0589026807965158,0.0107668631757583,8.53068601502083e-05,0.000905958854795212,0.00129893912388717,0.00138765825844339,0.00131713792071922,0.000375350184660917,0.00118462793128589,0.000644351150334573,0.000382174733472933,0.000129666427428317,0.00136263491279933,6.99516253231708e-05,0.00279180917651582,0.0050768956037394,0.00167315188374609,0.0128335640409973,1.53552348270375e-05,0.24064610278453,0.00136775332440834,0.000861030575116103
0.000146943398119841,0.00127589877391862,3.40478605399632e-05,0.001856504395758,0.000728445016289213,0.00581322418903372,0.02774363036209,0.00593955967156359,0.00279102856794699,0.00152408975732835,0.000124543489869866,0.00025894293936972,0.00118629914091872,0.00506596324981453,0.00062002946035933,0.000368254491629602,0.0878183922958652,0.00228479064149753,1.07519559599884e-05,0.000260734932029718,2.23999082499758e-05,0.127525365656102,0.000723965034639218,0.00354097749615618,0.0117259039706973,0.00155903361419832,0.00117823517394873,1.34399449499855e-05,0.00122213899411868,0.00109221952626882,7.61596880499178e-05,0.000146047401789842,5.37597797999419e-05,0.00044441417967952,0.000153215372429835,0.232860486203449,0.000628989423659321,0.00132338657940857,2.23999082499758e-05,0.000439038201699526,0.0339663248739333,0.00829603001946104,0.00165400922517821,0.00118629914091872,0.0144112049717044,7.25757027299216e-05,0.0127437558015762,0.00151960977567836,0.0152856973897835,0.00274712474777703,0.000338686612739634,0.000161279339399826,0.00424971059318541,0.116985760826324,0.000113791533909877,0.000125439486199865,0.00109938749690881,0.0214797200190668,0.00230987853873751,0.00310462728344665,0.00969288829792953,0.000562685695239392,2.6879889899971e-05,0.000702461122719241,0.00011110354491988,0.000744572950229196,0.00327934656779646,0.0300821807833875,0.0338283414391135,0.00279013257161699,0.00101157985656891,0.00154469767291833,0.00921711424670005,0.000142463416469846,0.00173912887652812,0.00234840638092746,0.000199807181589784,0.00392535992172576,2.23999082499758e-05,0.00115673126202875,0.122238987309108,0.00217816707822765
0.00176604034338563,0.000534904162211115,0.000396419187830835,0.00462092474650349,1.18973345687526e-05,0.00527527814778488,0.000111834944946274,0.00252651796902029,0.00051063359969086,0.000239850264906052,0.000907052787521695,0.000131822467021778,0.000394515614299835,0.00153523205275183,0.00245703753513878,0.00156093029542034,0.0048831420003988,0.00686000311234272,0.000438773698895594,0.000522530934259612,0.000222242209744298,0.00655162420032066,0.000822819658774927,0.00927421024303399,0.144737737536233,0.0176737284485733,0.0259533215216596,0.00137295240923404,0.000153713562628283,0.00218482652020572,0.000321703926739069,0.000361678970890078,0.000366913798100329,0.00199637274063668,0.000134201933935529,0.0060514602550503,0.00415883227185314,0.00216959793195772,0.000432587084919843,0.00365962011334829,0.00132155592389703,0.010295001549033,0.00518009947123486,0.00156330976233409,0.188177285513663,0.000313137845849567,0.000293150323774063,0.000367389691483079,0.00626323281037409,0.00310425253567892,0.000670533776294894,0.000118021558922025,0.00508825204836409,0.00450099961405047,0.000202730581051544,0.000392612040768834,0.00309901770846867,0.000545373816631617,0.00032551107380107,0.000266024400957307,0.0833208411320361,0.00337551176384648,0.00412647152182614,0.0037024505177958,0.000494929118060106,0.00226287303497674,0.0143500890634466,0.000499212158504857,0.0021001174980762,7.80465147710168e-05,0.000204634154582544,0.000422117430499341,0.000166562683962536,0.000168942150876286,0.0332468635056876,0.00939794252254902,0.000191309139865541,0.000955118019179455,7.51911544745162e-05,0.000906101000756195,0.0011854504164305,0.342396246914426
