0.332029258757904,0.000639551817240863,3.77957838262092e-05,0.000169425068854746,0.0359694298262322,0.00357572046044301,0.0307064811786664,3.27599823512054e-05,7.09016033644109e-05,0.000444562407167777,0.000161747424962528,4.90424381686969e-06,0.00324056915680404,5.56756456266736e-05,0.0017497729531533,0.00045688396288013,0,0.00630832372786361,0.00378716865321506,3.87392910543961e-05,0.000266884282686429,0.000171972704725602,6.76947003110651e-05,7.32487440814703e-05,0.00148054663507793,0.0002816505397992,5.43210094139791e-05,0.000145652390915044,0.00148878034987276,0.00249526511786,5.16642631479451e-05,0.00408295233812111,0.00650611381133755,3.04006459140632e-05,1.79489333706969e-05,7.76169913707116e-05,0.000720401052803614,4.69505341939343e-05,0.000107031447010805,4.54146441847656e-05,7.43280692578136e-05,7.35558355351626e-06,0.000148199384779828,9.18803996336975e-05,0.00556846546324284,2.92178205802945e-05,0.400448499916245,8.23876326685693e-06,6.42196130261029e-05,0.000503677735401425,8.16583958897496e-05,0.000182061651450851,0.0160353453822343,0.00378200646199312,9.65415973510497e-06,4.69591116300677e-05,0.000364770298327095,0.000134832145290503,7.56487664801116e-05,0.000717053415349218,0.000664465666360065,0.00543215924279582,0.000952529133527138,3.08906123638949e-05,0.00977810207232533,2.33368294070032e-05,0.000228912865509282,2.10170473284909e-05,7.76160212566141e-05,0.000259873867974746,0.00378398954782285,0.00167163723191807,0.0377705879334313,9.21093920807214e-05,0.00321096577436418,0.0163694818269148,0.000539218145976728,0.0300405350362307,0.0011993565781645,0.000549837772580688,4.64183174390269e-05,0.00330057283304604,0.00095252273395134,0.000107486286011282,3.58762281037627e-05,0.000316548287662382,0.00893411556150681,0.000117663341476024,0.000254058175650777,0.00359825536317308,6.08594607699169e-05,4.36614505922646e-05,0.000438747757045905,0.00128947321481576,0.00174086277142877
0.000940603546284892,0.352105433827644,0.00067171700853438,0.00027525256096053,0.000539480422379485,0.00127099999651657,5.4864274446511e-05,0.00348651756784857,0.000494554176281446,0.00013695215011932,0.00083582120779883,0.00010974817555902,5.83085930169965e-05,0.000152010194689281,0.000156861715940603,0.0718675073138346,0.000145603403308797,0.00152693804328225,0.0639954540790398,0.000397021027858244,0.00165502450296851,0.0028237469656397,0.00052879005452548,0.000191510520136165,0.00016505090814285,0.0234669233017885,0.000148580094020916,0.00385006614797889,1.60179148094047e-05,0.000259317774247574,0.00247756651922044,0.000225854133521313,0.00443708561476494,0,0.000140329112860763,0.000289282521623294,6.3258054237403e-05,7.05315052182253e-05,0.000326132530336341,0.000962848590281905,0.00069445175985486,0.000278053436400318,0.000593806777471368,0.000195118555568769,0.000373015755445999,1.09027304739547e-05,0.00334227125790233,1.56330614427386e-05,7.74149397757318e-05,0.00287227777201551,0.000468521659000335,0.021355182198037,0.000231837538232141,0.000553039317419286,0.000183635281946008,0.00036555865754205,0.00139269493285579,0.00300747817489211,0.0348146047938457,0.0215971929993756,6.89054414954238e-05,0.000219063044286155,0.0035734795292425,0.00953768774119297,4.98709149592211e-05,8.3524163679601e-05,0.000412466115794071,0.000121850285267813,9.41928719073757e-05,0.000327339329929443,0.00329443002031353,0.00026248822861083,0.000403285306910324,0.00239763231012639,0.255923533323699,0.000225819835997262,0.000211424428565617,0.0046074218637713,0.00305501448019724,0.000896472695076651,0.000120481493036353,0.000364633121148595,0.00645778522875001,0.000119041946738068,0.000239731813390951,1.10732277872534e-05,0.000109164491630873,0.000177653798024722,0.00559587349753517,0.000896740099320387,0.000365813430297719,0.000525170132204538,0.00129073118850548,0.0493872675237829,0.0148306794256603
0.000219021957740785,0.00160206035809281,0.257682823176619,9.86445903023942e-05,0.000571119572983297,0.000522685281634256,0.000120746707228521,7.58939999181774e-05,0.0794699125835451,2.15801472036604e-05,0.00331702493510136,0.00202467880499857,4.41998718793064e-05,0.000100571115314029,0.000141855761353827,0.000874983443310139,0.002681727693259,0.0015301131025944,0.0447566509413529,0.0208285374315558,0.000397624452757655,0.0421426631622596,0.00492288300027816,0.00287196720184485,0.000165951684605262,0.000485169047694207,0.0253001908459037,0.00090523800291376,8.77745276361055e-05,0.000352555713683967,0.000257525699323283,0.000551010251760942,0.00287454455408473,0,0.000608829487650419,0.00550458050762288,4.48250880018138e-05,0.00151199552081331,0.025972325392659,0.160981404439535,0.00434603946904507,0.0112455120287252,0.066991050389201,1.07900736018302e-05,0.000299763081104588,0,0.00249731829730495,0.000400780356485682,0.00265900709551389,0.000752268860348856,0.0007138715469942,0.000153404603083977,0.000301886742516931,0.000257746093059574,0.00328629798491173,1.07900736018302e-05,0.0812791137522476,0.000580721318663471,0.00132353608187834,0.00488569650280434,6.64052352054742e-05,0.000413359236724555,0.0222764817220443,4.35237791126868e-05,0,0.00702749915851328,0.000110110756670844,0.00396047670606566,0.000222421995030968,6.60926271442205e-05,0.00138397716343579,0.000310177444740548,0.000329451177557647,0.00221305731596908,0.00743527736495365,2.22562399702801e-05,8.7672774347881e-05,0.00252908895873465,0.0179663999781296,0.00074718542098766,0.00695549170909222,0.000343412353331363,0.00457450233367878,0.00416435168992499,4.455381762141e-05,0,3.29154478635396e-05,0.000201191627200631,0.000100038113516483,0.000189283467133895,0.00165984774962373,0.0225938449271437,0.000345913217821392,0.0127256114927968,0.00423864258980328
0.00225660385413372,0.00286560075965089,0.000282875331990547,0.142221561006512,0.00411640955798143,0.0278668783839794,0.000304582965235063,0.00109639243059008,1.99207980275033e-05,0.000163422983091082,9.92417938097438e-05,0.000120538937882784,0.000266962839990396,0.00054930695070021,0.000328101580118442,0.00236801544455663,0,0.109885395398196,0.00676662423471677,0.000399816453017454,0.000910899617926709,0.000606944459659786,0.000200028958617985,0.000124305779691621,0.00345414564585982,0.00240831582262682,0,0.000244820571152553,6.31670395635741e-05,0.000535495197401141,0.00379427214406032,0.000432945343797739,0.268281600534651,0,0,0.000281885328694635,0.000117786245791711,0.000168566170945455,0.000160187362562978,0.000574129472363571,2.23112937908037e-05,0,3.98415960550066e-05,0.000621746216254767,0.00078328577844143,2.23112937908037e-05,0.0166863123812268,0,3.70889039639334e-05,0.000244820571152553,0,0.000793016786447593,0.00257888614658595,0.00793823276937433,4.46225875816074e-05,1.99207980275033e-05,0.000498237268484247,0.0212809288220581,0.00039863327834673,0.00044122756649281,0.00613917946290505,0.00286593880955681,0.000527671756721248,5.976239408251e-05,0.00095303512405761,0.00064659288433998,0.00254083138574796,0,0.0002201429280203,0.00304655404500617,0.0339373835657217,0.119138837330396,0.0110694441693919,0.00124513438919544,0.00643567337681985,8.32568625440381e-05,0.100642915941517,0.0110335867329424,0.00171695547217412,0.00070920455620097,5.976239408251e-05,0.000804848533154837,0.00332624204931232,9.68512980464434e-05,4.2232091818307e-05,5.83860480369734e-05,0.000960906857581205,0.018895490805427,0.0114438344401997,0.000583353405510852,0.000172333012754292,0.000256386707219431,0.0175580557899956,0.00175718341097875,0.00418286051091681
0.0174208887058754,0.000384901564319598,5.96340110504139e-05,0.000168038150857897,0.436938945866448,0.00512448782115262,0.0028947491662694,2.03851352069436e-05,8.87250639355123e-05,0.000681349568252144,0.000106410169015222,0.000103995241751566,0.00161447268796001,6.38470246631036e-05,0.00291013123845345,0.000317054239228248,1.99259986993702e-05,0.00358837343550507,0.0043236229300584,3.9548854657154e-05,0.00015329611075995,0.000210960937339072,0.000173934374930829,9.43401356094578e-05,0.000400201001747133,0.00019300277401997,0.000300961629393607,0.000111655484049628,0.00147393318695501,0.00317819034991745,6.82940195188036e-05,0.00572301198941159,0.00785531782711612,0.000120319640336187,8.18882388347934e-05,9.19659200912376e-05,0.000827506023971989,3.5172018762382e-05,0.000135899357254303,0.000149597033654047,3.51669082281165e-05,1.13471827816578e-05,8.32963427874926e-05,0.000163873350917704,0.00761737116068525,8.42270815480089e-05,0.320315438398446,6.36008495459213e-06,1.14295765477612e-05,0.000179047783729635,6.08776554343284e-05,7.83936610101523e-05,0.0317020922805209,0.00785167766375532,0.000174432272926756,0.000197084475948874,0.000977827799880971,0.000294039882554146,0.000112618180603673,0.000601895680353344,0.000632748961065036,0.0275320632067377,0.000627873592292814,4.91791882651272e-05,0.000907071817663385,4.60612501457789e-05,0.000214965379529589,1.57349789082004e-05,6.94972302561771e-05,0.0012174880841399,0.00327345187521875,0.00141996873718073,0.00756026791232511,0.000150942723925518,0.00321969143541374,0.00127037211041833,0.00022827652329073,0.0650736001748845,0.00146685306794077,0.000681259175545788,5.67757783862506e-05,0.00333075423963865,0.00124816864241704,7.45971616738815e-05,6.93351445996863e-05,0.000356393866493435,0.00198271329630821,0.000139203540157572,0.000361719692553691,0.00385236929188249,1.32133473964924e-05,0.000183484798163616,0.000357089678002254,0.00119818234720778,0.00231119939932415
0.00145995823327478,0.000340544510281242,0.000109871555592762,0.000642469742087943,0.00663760193411869,0.584106923063725,0.000550339556702146,5.88654411138517e-05,8.19534941665587e-05,0.000540114845207041,0.00010249029958917,2.66049808906741e-05,0.000139194840954717,5.54291021967184e-05,0.000874176903074375,0.00197285920446412,3.51219475719738e-05,0.00136179963035703,0.00504690937727936,3.95087587956053e-05,0.000125205322541616,0.000505077592000274,8.94327814522901e-05,0.000113400047971881,0.000141185222970357,0.000655486269302845,9.59020394038952e-05,0.000319583954178988,0.000122809263701129,0.00102263550841534,0.000607202679122657,0.00102107021302298,0.211164073193631,3.56116099627676e-06,3.89303348518987e-05,8.54541341439514e-05,0.000236088072030999,3.1621436572699e-05,9.13030262487885e-05,6.77485730120667e-05,7.0310417045699e-05,3.8778691219365e-05,0.000141144406580687,2.40582873734166e-05,0.00108038422207678,1.02870398111009e-05,0.0213430786750751,5.20066202553482e-06,1.18192658493391e-05,0.00016303607942484,2.18614274273563e-05,0.000141401876056898,0.00560735859474487,0.0470533652368197,6.0243732264308e-05,3.28458431256033e-05,0.00045318178715698,0.00364256253602477,0.000192939310060646,0.000649704041088049,0.00826629079570857,0.0111814178768874,0.000890047766505591,3.9860839836907e-05,0.000260145267614405,2.08749401488167e-05,0.000192665859975132,1.8248923443361e-05,4.05360453072843e-05,0.031395356810597,0.00144623676336355,0.0126603513771923,0.00243886877858936,0.00026748171181791,0.00579697411452912,0.000565809751126615,0.000867269334117169,0.0113851858420241,0.00158257232569123,0.000110749959495757,6.45674732575713e-05,0.00130535326162212,0.00110805930780316,3.9560029600522e-05,3.50986350749648e-05,0.000163081763499538,0.000134747447180845,0.000251247877597951,0.000421947761865494,0.00162289363654575,7.27686034281884e-05,4.77668636486676e-05,0.000239328311693479,0.00215303226400584,0.00144953130093817
0.148522067209213,9.84029083950285e-05,0.000198689530253877,3.7728537309648e-05,0.0271285133041651,0.00243412274214043,0.339641276624152,2.05946954257181e-05,5.19939820726591e-05,0.000250597198650405,0.000166302461790357,6.24995777152061e-05,0.0270365864810276,5.25308248092552e-05,0.00205942117326839,0.000239569704375975,0,0.00286649792368459,0.00325229844950888,1.73407457436367e-05,0.000117899901287368,0.000161278022530494,1.09836882387931e-05,0.000246735400126627,0.00100868928698016,6.20461555050196e-05,0.000180367882378487,2.58823055554346e-05,0.00160339071262945,0.00222149762290736,1.42376379208745e-05,0.0049706278251671,0.00593948556030868,0.000197581849876192,5.1515889476413e-05,4.25620719033043e-05,0.000699529533314828,3.96658679402489e-05,7.44982012868414e-05,0.000322017877402709,1.95797600928759e-05,1.4623190482037e-05,9.45218157651153e-05,8.39579182983327e-05,0.00440256955496445,0.000125266600938202,0.316039331962227,1.27141150096872e-05,0,8.43525903681692e-05,2.0952441144744e-05,7.07379038502629e-05,0.00742691069301214,0.00218390769977554,3.51900790656185e-05,0.000109444898458057,0.000464973142159219,0.000144452744050029,0.000194742342969462,0.000465640571193633,0.000316729847240144,0.004234572257819,0.000599939500537479,2.19673764775862e-05,0.00344823132719011,1.27141150096872e-05,0.000144002458295919,1.27141150096872e-05,0.000146035017101566,0.000277185510912176,0.00221367539086876,0.000951163965930271,0.00984271614729193,0.000486173436589456,0.000973651896091396,0.0199125720436383,5.88878823140988e-05,0.0316781269446308,0.000657373269534187,0.000414370985044611,0.000168869175192638,0.0017508248278802,0.00118072621956841,0.000103956414074432,4.3993054779408e-05,0.000185049678480595,0.0088348111338416,5.08282048804977e-05,0.000174482934417293,0.00390868704469661,8.73542536702632e-05,4.51005301473339e-05,0.000203485036854735,0.000698612457730463,0.00203901815599471
0.000217782651104822,0.0249015736173187,0.000379840456649523,0.000286858672305528,0.000348352381400955,0.000662590279946819,6.35990142592951e-05,0.0944672536164277,0.000227703512258261,0,0.00105941710718647,0.000522980614137853,0,0.000271406943882935,0.000243756530138062,0.0811087536501814,0.000113287278772678,0.00423739678863355,0.0640071236182429,0.000140811490377053,0.0296618942932463,0.00202157490918201,0.000991906580918073,0.000179233064455097,0.000189963263782714,0.00992684802306265,0.000234185911984223,0.000768715945560755,0,7.29553980562816e-05,0.0027216786810985,0.000458151562757843,0.00590462859962455,0,0.000121816748126069,0.000128459521881139,4.33015913363104e-05,0.000152182356040144,0.000539053471326053,0.000380161506446271,0.000227849251968627,4.95472771848773e-05,0.000484980719656572,0.00075373900271634,0.00102670540676097,0,0.00432530695175224,1.93031190294396e-05,0.000158583814405225,0.000622883224293031,0.000358607644281128,0.00251677113766733,0.000285747520165939,0.000524336099052739,6.84205696772241e-05,0.000904702033353612,0.00127751024723946,0.00259839525740895,0.00331047902964754,0.00431993034830694,0.000135553771912885,0.000216756136623117,0.00155731849703484,0.00169087317574669,0.000210825088627518,0.000113421929592038,0.00134069701123108,9.0148459539993e-05,0.000476073549097281,0.000376868633859894,0.0177975356402417,0.0017422268860807,0.0014989753153739,0.0011732533992159,0.44761900729744,1.00813860518126e-05,0.000779474357441,0.00409569773436822,0.00142720725843623,0.0041317687652915,9.65155951471979e-06,0.00025044682771173,0.00750857927789842,2.89546785441594e-05,0.000418520017171382,7.85167409170448e-05,2.93845050812522e-05,0.00182072009139235,0.0849920596694703,0.000433384034370653,0.000212171295082583,0.000852344740666235,0.00828858499689212,0.0217338434657197,0.035268075499683
0.000345918477371696,0.000747469483389811,0.0385908807286748,5.0698486643641e-05,0.00115464215985104,0.000168248406228722,7.65862503242397e-05,7.49110995595662e-05,0.243621941020047,0,0.00103698257392369,0.00538476037624831,4.08215321350805e-05,4.04561229953381e-05,0.000145764855522005,0.00102115694893181,0.00506927535944192,0.000733924406331761,0.0162402531234182,0.00680088876116833,0.000201524268822504,0.0105528257664658,0.00784754107871426,0.00438594472870944,0.000119998632266025,0.000637997287595114,0.120479617399249,0.00135784348153515,0.000186011949282834,6.44251298181016e-05,0.000153192834727659,8.87875570901832e-05,0.00311559879243323,0,0.0027410993121551,0.00689061998663767,0,0.00350645046748785,0.0448699795246119,0.112738833046223,0.00128420198068609,0.00114954201583094,0.0108486755489817,3.57850522683387e-05,0.000178694233055753,0,0.00442976701764048,0.00233179484809795,0.00221247339136896,0.000797915294558518,0.000380952402778649,0.000411226858395887,0.000467601768337349,5.80674778967156e-05,0.00625161535121167,9.16072806628392e-05,0.177100583942739,0.000404498927354666,0.000456377315834642,0.00435007811319861,1.49134343753024e-05,9.80932654836936e-05,0.0108215090010982,4.09778763441246e-05,7.635644845737e-05,0.0155222953410449,5.81145968664004e-05,0.00128412408650189,1.99975151102826e-05,6.36448187723531e-05,0.00113514940160405,0.000151465243711389,0.000554853456093486,0.00097549516908068,0.00769373952158012,0.000723184348566162,6.02627527341135e-05,0.0016799970832915,0.0286858187910963,0.000472360162141933,0.00400449299233852,0.000251336013682703,0.0024576898798584,0.00296014314567829,6.29748803434724e-05,6.56736065835313e-05,0,0.000169327382189676,0.000295811071175637,0.000316461887740926,0.00137270874900265,0.0553361854241044,0.000317992211417014,0.00505437079674642,0.00267714940825295
0.000813274943152286,0.000134826298365073,4.94729237012462e-05,6.62231056743232e-05,0.00450018682197455,0.00068172670740829,0.000772457379649374,1.23110940813243e-05,3.85521581209778e-05,0.345840320967614,8.16061934543169e-06,3.40016186716566e-06,0.000607606081349414,8.57608870081529e-05,0.00177685783751072,0.000335546720870878,3.40016186716566e-06,0.000907832082004075,0.0021450192047102,5.0393599586282e-05,0.000110993493351054,0.000206343350969944,0.000137027703858536,1.63212386908634e-05,6.80032373433133e-06,4.71627532197723e-05,5.11728978293114e-05,4.00991949637136e-05,0.000587065770025056,0.0195561484034541,7.10531510551806e-06,0.00516699241654532,0.00202678288825768,0.000103159723536767,0,0,0.00615832958319241,2.53260899260933e-05,3.7848256357533e-05,2.00263919292158e-05,5.72182544390932e-05,4.45546610707929e-06,4.12532860915564e-05,3.37917006427118e-05,0.00501472468268175,0.0138567745853091,0.0156243515602158,0,7.10531510551806e-06,6.30804272625549e-05,1.11154597150572e-05,3.80825055049577e-05,0.000543256545740323,0.000518695294233344,6.80032373433133e-06,1.23110940813243e-05,0.000122691482682569,5.53909927815297e-05,3.48470048826254e-05,0.000242544407448797,8.57102570849274e-05,0.000586919089078312,0.00012860116342182,6.80032373433133e-06,9.42481422736943e-05,3.7051532383524e-06,0.000177496388402326,3.7051532383524e-06,1.15607812125974e-05,7.85562797424496e-06,0.00197420464753628,0.00017831250579358,0.000772329441806991,0.000154611478248701,0.00344782489742966,0.000103724311090246,2.88665819196124e-05,0.0146115511429039,0.000321469778304585,0.000339139034079934,1.67665601884035e-05,0.159918750160412,0.000453185563150292,0.000123020369734356,2.22773305353965e-05,0.0260488175618546,0.000107048282388284,9.98744761906815e-05,8.94606671073914e-05,0.358911308414933,1.11154597150572e-05,2.67327966424758e-05,0.000286891779549539,0.000430899642986541,0.000988689096371313
0.000562437315165879,0.00140297223085476,0.0018267140686887,8.84064451583104e-05,0.0018269326643309,0.000731349450512872,0.000535675447919188,0.000229862919108154,0.000664201360923933,8.35463053485155e-05,0.171775361667391,0.000263247285054108,0.000274582969476488,0.000286993495281045,0.000243525157094902,0.00274162627552652,0.000184220966899924,0.00218394384356798,0.367287702232903,0.000606136420682312,0.000927561947286771,0.0469238526744771,0.000668961932338386,0.000800608361843486,0.00031330490564346,0.000996677940790413,0.000767336182787975,0.00126549301568532,1.49090489707712e-05,0.000234262358843331,0.000311934339657269,0.000226610251989004,0.00360323262842071,7.45452448538562e-06,7.0807632504318e-05,0.000726708148829897,6.16986970907828e-05,0.0002597182833084,0.000746256732786047,0.00231883781967508,0.00413185806683948,0.00214577401327626,0.00631695138770199,0.000140597608575866,0.000404956123994952,5.24841247941268e-05,0.00528800128124511,0.000165120592329598,5.39313691021243e-05,0.00145272319083656,0.00119339454588302,0.00063272610449415,0.000319609223991009,0.000107776820863974,0.000458548168216102,0.000588421743622209,0.00275738907836166,0.000834150611411478,0.00200333537775933,0.00854769317122836,0.000140485782777168,0.000158868449115897,0.116309425900897,0.000134640661971616,2.84448306067627e-05,0.000488730238802221,0.00029654512407042,0.000649095925070276,0.000154508720656713,0.000196226318588732,0.00561129831330072,0.000225338548073668,0.000871569567172129,0.0546512299153528,0.0257349004469531,7.79690730292767e-06,0.000143037340865108,0.00384916084410267,0.00472361758148848,0.00136263918951912,0.00422523474909487,0.000525432860075386,0.0448741689379009,0.000393441234983888,0.000247594311819714,1.11817867280784e-05,4.05978528881182e-06,0.000197051745999974,0.000780772554642599,0.000854098645054487,0.000321608198397366,0.000656717287476779,0.000645370084292437,0.0571576822740265,0.0207269163837014
0.000170066265853084,0.000555754079447055,0.00495643338959861,8.76872676574711e-05,0.000153898747600098,0.0001092832148152,0.00011203759404102,0.000240758870935762,0.0102767093859781,6.19378036663733e-05,0.00139399722336312,0.154631934436951,1.66992370307384e-05,2.98559659115427e-05,3.27305045802472e-05,0.00084884833901654,0.00691607892224829,0.000695538715603995,0.0182068713150272,0.0122672656510139,0.000162864393977123,0.00575319382118876,0.00959546046017746,0.0112615432629824,2.40469013242632e-05,0.000707466883245264,0.0359866313534226,0.000699481947738475,6.90269785311049e-06,0.000244959269769263,7.64915908722946e-05,2.07080935593315e-05,0.00227944587171731,0,0.030216855801581,0.0411180058654097,0,0.00503530798288116,0.0745486538806919,0.00813678291491016,0.0014585920035108,0.000455188377551024,0.00216129175054709,7.42657190290067e-05,0.000128916977764513,0,0.00269404889036504,0.000620249516154419,0.00203359149971324,0.00252611220302814,0.00078395365714545,0.000662296424698398,0.000148895982479957,0.000102605599285336,0.0825504361651969,3.0604357411243e-05,0.367952727572887,0.000193443719116739,0.000997422951037111,0.00358232919834451,0,0.000104486229362493,0.00412867548378768,0.000160050974671076,0,0.00356737077691035,7.57431993725943e-05,0.00272797932657593,2.29532680584322e-05,0.000102987367080661,0.00210686270872333,0.00012159182752202,0.000224172833473892,0.00117001634228021,0.00644924326029864,8.01563377475441e-06,7.35173275293065e-05,0.00104978834476417,0.0391257794398181,0.000263781003635623,0.000395925570733217,0.000867600387827898,0.00496899003146115,0.00470740487755394,7.27689360296062e-05,0,0,4.62517778829952e-05,0.000611380827668465,0.00156485898170224,0.00318449215476425,0.00778395364896328,0.000467710359113003,0.00418098493342136,0.00286849967633186
0.0209316454641004,0.00030237952003505,0.00014960307884068,6.14077623791695e-05,0.0163871525183574,0.0024171535696313,0.0430633290852747,0,0.000122466447008188,0.000863448716517879,0.000114388375084391,1.26700116045514e-05,0.313597249016774,6.35555883376046e-05,0.00579225358394964,0.000489106878083779,0,0.00164776880688472,0.00374640173040416,4.72331019334987e-05,0.000250629803198551,0.000316775558367343,1.16578252428096e-05,2.53400232091027e-05,0.00021373149018846,0.000228348491506883,0.000476564005006795,0.000146576217037567,0.0254374099463524,0.00617651488777827,0.000201809300113822,0.0912834679023914,0.00380848355964912,0.00601672354497067,1.72405066245255e-05,8.08367958869712e-05,0.00872195816300302,1.72405066245255e-05,4.14041893120939e-05,0.000104995784504255,3.80921118935504e-05,5.74683554150852e-06,0.000160333097092615,3.59856620901705e-05,0.0160001968914032,0.00139069895077376,0.279510798611489,0,0,0.000150156417798288,1.1493671083017e-05,8.40667962256185e-05,0.00411963038268001,0.00270653949635371,1.1493671083017e-05,4.4933210876697e-05,0.000147569594576956,0.000158206805283302,9.06276828051625e-05,0.000476761546453324,0.000222368189017326,0.0018334033902524,0.000475871072371524,5.74683554150852e-06,0.000769604472895924,2.31514963258266e-05,0.000197050733140925,7.15316516872303e-05,2.44099139272572e-05,0.000170691803809153,0.00274617837355608,0.000579905434809662,0.00341366022345643,0.000159731971360569,0.00159964484037484,0.00183757842002004,5.44025092362304e-05,0.0496727262453703,0.00065966622287669,0.000478695723063733,7.76367578721674e-05,0.00883567526976613,0.00111793035827056,4.71510248536025e-05,1.27520886844476e-05,0.000419147504018041,0.0549980925485134,8.88088403965266e-05,0.000755068905968397,0.00729658114565191,2.65984408105333e-05,3.82562660533429e-05,0.000522450258586709,0.000789854301608599,0.00144772357417914
0.000934576446448363,0.0018276971631373,0.00060735078441593,0.000128034341932579,0.00277157896537419,0.00216893416220926,0.000281174858315955,0.00140268945040131,0.000187200334331139,3.17155522739136e-05,0.000426125804056845,0.000250490299146156,0.000203512069289716,0.195876438546646,0.00056062838407973,0.00252529178216281,0.00104663349920425,0.0106787957990498,0.0383567774634715,6.34311045478273e-05,0.00814434493126787,0.000664161420411247,0.00073167434435112,9.08815446724733e-05,0.00414348754285937,0.000687660920003409,0.000170888599372562,0.00031068728464883,0.000305391179395448,0.000448423983716869,0.000305268103934573,0.000302497714006343,0.00447666336057996,0,0,0.000633042319219738,0.000532514086546283,0.000222150005650206,0.000275737613329763,0.00063914913432611,0,0,0.000305268103934573,0.0419116822072788,0.0016767057311789,0,0.00738029904482049,0,0,0.00027250349428461,0,0.00097119749389651,0.00179465681658924,0.000584098696576679,0.00121216789880828,0.0872282373748063,0.000350043207849975,0.00118377992297016,0.000161953020147532,0.00354023166297054,9.08815446724733e-05,6.34311045478273e-05,0.00120637786409299,0.000130237467873618,0.000536071409344189,0.000113925732915041,0.15532149341341,0,0.00992498109900635,0.000372733377626166,0.208846609981607,0.000910434257656416,0.00176624278968688,0.00816621914154859,0.0187521756460685,0.00012583121599154,0.00159577779290637,0.0107233117861142,0.000454002368435871,0.0284830353462874,0.000297371935580986,0.00126896246493732,0.0433399953964461,0,0.00815532132849211,0,0.000360112700680748,0.00179349819986239,0.00151472085097409,0.000550321158094537,0.00026820016290416,0.000489698048337482,0.0116619848609897,0.00398930202209903,0.0467402119559099
0.00337290140585376,0.000182795995472165,0.000101270286477979,0.000113949426723697,0.0151376274286406,0.00174138156416683,0.00122698060326713,3.34821803963788e-05,3.48075003405374e-05,0.00183784795058043,0.00012133939549335,1.23601245175385e-05,0.00252236592078624,0.000107883152606279,0.278359289715381,0.000236192983421322,0,0.00203149955162954,0.00327537918668947,1.38604839285337e-05,0.000155021243872285,0.000157868937359209,1.45231439006131e-05,0.000144703261378775,8.89964720442505e-05,4.88430237359077e-05,7.26157195030653e-06,0.000880793553497779,0.00515624831874062,0.0780005836880689,8.90541382217832e-05,0.141128770905873,0.00517082405785826,0.000446243093450137,6.06128442151037e-05,4.78302848301553e-05,0.00452737722386833,0.000114657104051343,6.73144397264307e-05,0.000140417779734739,8.47356189159344e-05,1.45231439006131e-05,0.000132662152589416,1.15224250786227e-05,0.0915333931674477,0.000170008655889948,0.119384547326925,0,0,0.00129347593376295,4.86027986312383e-05,2.68832684181516e-05,0.00283772852641005,0.00122054914481752,6.59516218870052e-05,0.000101634319561725,0.000501462457364152,0.00023526384453693,4.18288471861745e-05,0.000600716855625746,0.000131089088080288,0.00153857200104858,0.000582197616538706,8.89814331236502e-05,0.000242330557902531,6.59891197822721e-06,0.000118567878245986,1.7283637617934e-05,0,0.000266086531056003,0.0014503774515184,0.000366833603384138,0.00219241901281904,0.000212302594401046,0.00309229711001697,0.000619320250166478,7.91494458434596e-05,0.181651952701845,0.000993088176451426,0.000576886427203137,7.98772914533718e-05,0.00879152243937585,0.000569156829580142,5.26886122927178e-05,3.2994559891136e-05,0.00146647345738794,0.00163110775314459,0.000169350776115138,0.00020655674074615,0.0240249312970184,0.000257357567150861,7.96370663487023e-05,0.000118633063883819,0.000743463034409623,0.00233326503026009
0.00073838057489984,0.0598520053121963,0.000392058900246112,0.000197726295950704,0.00125776095536092,0.00230246514959665,0.000509256496647374,0.00977468499874998,0.00054754633196068,0.000278099209551349,0.000701506780182811,0.000204525380904816,4.57563420930145e-05,0.000160099313531617,0.00012438255579241,0.368654825026815,0.000274269940207366,0.00264450933633628,0.0562460451524632,0.000260271177494115,0.00362021889569913,0.00195987706768992,0.000721717032806579,0.000266802182951532,0.000263461264618261,0.0817539203268267,0.000475810129929417,0.0021608380548655,2.30459055342887e-05,0.000297102682016892,0.014022143140045,0.000202229516321215,0.0155799104551969,0,7.25749907314714e-05,0.000380827132677462,3.09110681464122e-05,0.000152779155800529,0.0010181583790356,0.000543929294426513,0.000695197839061413,0.000116669870863917,0.00053556229052093,0.000208026627085368,0.000316211907100254,2.40419616181364e-05,0.00548851613637138,0.000235697599165837,6.13625020345783e-05,0.00194827548501035,0.00033254537644524,0.0147160781357057,0.000500355133893363,0.000970406971089934,0.000580047017349476,0.000416409675028984,0.00175203606715679,0.00979278588256535,0.00547812638804544,0.00636412419402489,0.000109241989285839,0.000520368332783438,0.00359621572723906,0.0120683733045495,0.000164436567201754,0.000178744863969315,0.000640647089647031,8.90811763368043e-05,0.0001885114382277,0.000266164080483553,0.00783219661963978,0.000993278997217154,0.000649507274713381,0.00150837289553069,0.18303865179245,0.00132889755933422,0.00130177409875923,0.00387623837654626,0.00303485695242792,0.000949341071728301,0.000187587827319947,0.00127326808356097,0.00820521822755759,0.000342611890178291,0.000236526092367407,1.93867993316198e-05,5.8412088495703e-05,0.00103033264782004,0.0445145777772805,0.00178121416386708,0.000319872958628674,0.000378383548534627,0.00306493315957484,0.0224659424826087,0.0145419230783659
2.46542731388875e-05,0.000229932205702444,0.00475969593718143,0,8.43903079703972e-05,0.000148828733945955,2.73055501478143e-05,7.5701103070515e-05,0.0110939517012183,5.74974029719721e-05,0.000513217416644747,0.00821589549555306,0.000145629600788343,0,2.46542731388875e-05,0.000301143933442059,0.215887097757289,0.000679724854217425,0.00890855212094928,0.00468894437119247,8.13555581569532e-05,0.00391728152469995,0.114777122829796,0.00560385879655483,7.77621154480801e-06,0.000502780879671164,0.1442646349772,0.000135945923463393,2.51837936894446e-05,0.000285635769081786,9.10185004927144e-06,0.000297202414259844,0.000979957122430987,9.10185004927144e-06,0.00632345842843874,0.00564071308773168,1.5552423089616e-05,0.0373451141282532,0.0138159026951235,0.0120189209882597,0.000341279987347314,0.000179962752470059,0.00228342987937353,3.35893404529305e-05,0.000272274044866223,0,0.00138643605377599,0.00965353341980373,0.027413277456672,0.000666130583224194,8.30938418108058e-05,0.00011986397982322,0.000109190628855325,1.82037000985429e-05,0.00732479247542512,0,0.25391627018432,0.000191747991225568,0.00107231640947003,0.000429895622975423,2.3328634634424e-05,0,0.000969764455944071,6.14743184853624e-05,7.77621154480801e-06,0.0131804188871696,2.50669182882766e-05,0.00124442338401647,0,0,0.00067737287087376,3.1104846179232e-05,0.000156527140676911,0.000126168505117525,0.00270904254732628,2.59799116433509e-05,0,0.000917123079395274,0.0467820754482602,0.000164764629840088,0.00049679432000103,0.000299668572935414,0.000678497755516002,0.00659779254717823,0,9.10185004927144e-06,0,2.58131289081225e-05,5.03006193117816e-05,0.000144618067630229,0.000691960569264766,0.0122807862335852,3.34225577177022e-05,0.00239146039543583,0.00177866495097433
0.0134633817708789,0.000683211310227743,0.000286864652514553,0.0108857214975608,0.0123475839266402,0.00528679592070429,0.00100463549409039,0.000461396754529714,0.000454507339766128,0.00031972148633951,0.00057249747299564,7.63718477767934e-05,0.000829031617421151,0.00162463736035385,0.000983983641875765,0.00204422282195275,0.000130966318376306,0.480306432426427,0.0160815083685636,0.000104402040138326,0.00425161466617069,0.000968639375491645,0.000168113228008324,0.000249889905251979,0.0252532573864622,0.00103969189790294,0.000336414546334312,0.000345155532404599,0.00051231479563928,0.00133215715885423,0.000808002504017572,0.00165285446537279,0.0207402652023041,6.97830178540333e-06,4.26391287245597e-05,0.000255764167699287,0.00025066961352415,0.00011816149801195,0.0003462623848516,0.000380602391004719,0.000144499230514252,2.23894137767669e-05,0.000662523448682727,0.00170995815147561,0.0021050662118365,9.51710214304888e-05,0.0834850718272405,0.000134630847829362,1.39894611870038e-05,0.000503227135998282,6.32596899318323e-06,0.000203766454675729,0.00814559200081761,0.00439819717596638,0.000430540032335939,0.000936687261894202,0.00151956128923815,0.00207054742201423,0.000301902995057874,0.000995038193805829,0.0030499448658212,0.00297187244754426,0.00192117548390522,0.000135430368091126,0.00580455867345941,0.000263441405328843,0.0138231943642594,5.96744825723179e-05,0.00171159660737062,0.000547201836990164,0.099039896849022,0.0196740255732967,0.0349277199284871,0.000649285463470163,0.0108979226430118,0.00530637166747331,0.00571277114319104,0.0179262674857035,0.00228012557457492,0.00354089946009999,0.000169516800422523,0.0013944404577513,0.00337332513964366,0.000112982816233091,0.000308311001475632,8.58299272136009e-05,0.000741347495381074,0.0029871265481868,0.00409854900822199,0.00155843578619438,6.91964002942074e-05,0.000300019460679442,0.0239234261563647,0.00353126398460448,0.0122108449299402
0.00070166829362312,0.00395303592795099,0.000752947539516738,0.000103671276540164,0.00184691154551912,0.00150783993037092,0.000255885438273385,0.000550964320342992,0.000631877272087107,0.000205179150273477,0.00881737496196818,0.000390093592410717,0.000182929798012179,0.000215325108971001,0.000286251898802728,0.00406907470891515,0.000310514914257935,0.00213807067535636,0.564375178643742,0.000483830616450883,0.0016313572091487,0.00903706704606365,0.000855292620432173,0.000638649399664718,0.000396267376206861,0.00158846505020693,0.00116109740323756,0.00142425721274477,7.53827642839334e-05,0.000618463602056101,0.000577226941992648,0.000533990198892204,0.0062313841608318,1.96782422509095e-05,0.000273023584694921,0.000642650705875539,0.000130584452872411,0.000311027999960741,0.0013297883799763,0.00132747797831194,0.00196273239045709,0.000565491985195803,0.00166122662841435,0.000361898739310246,0.000537851089967045,5.1898108516456e-05,0.00946964640148386,0.000119591174746932,0.000216235799610478,0.0016443246479594,0.000678404411272768,0.000835868261058822,0.000574883544487417,0.000333334016661156,0.000574840724875057,0.00113284933687756,0.00519779013125133,0.0010238431013255,0.00245029381945726,0.0116394919573454,9.19556277621673e-05,0.00037158392949185,0.0282561844137096,0.00027505353243254,0.000123991448864775,0.000534887696399,0.000798429016296031,0.000366236704751639,0.000120079603676307,0.000185788790185442,0.00584192716149456,0.000297040335138531,0.000681889903457373,0.0138904725204437,0.0773259767063573,0.000353527055572905,0.000201281554624353,0.00372302997937477,0.0116424048691851,0.00141441595939015,0.000583845791915089,0.00101814582111622,0.0532773295460847,0.000609722408731588,0.000640247272005948,6.83605133237214e-05,7.92494364079959e-05,0.000171342776094969,0.00146902496167467,0.00113876973205951,0.000294622254666342,0.00052495065454293,0.000909499179233449,0.0845075189494722,0.0465969596806993
0.000146798642358333,0.000668608980579635,0.031690695839487,1.32606288325575e-05,0.000779639597089829,0.000992421694139123,0.000332135157713364,0.000145867961545603,0.0150064440169904,0.000199493220413889,0.00380129224896228,0.0188073541846089,0.000185419466035476,6.62703816455975e-05,0.000160466113563614,0.00120754574374437,0.00370911254669767,0.000955177825442094,0.0318963529031764,0.152595204296611,2.65212576651149e-05,0.0173286543685634,0.00590198317435348,0.00539094655636197,2.64884951479252e-05,0.000399228179521381,0.0193519762313289,0.00193588485558151,1.33271982544076e-05,0.000226229523215679,0.000148326918392364,0.000293854853692796,0.00403283665179262,1.32606288325575e-05,0.00552381602210663,0.0708005434976674,0.000334151869919204,0.0037405842009737,0.210005117729358,0.0192116374215234,0.00257770176142371,0.00249860109614813,0.0105002872217926,0.000523246560134495,0.000402989808261465,1.32606288325575e-05,0.00443259910540519,0.00204560127904211,0.00129900066577492,0.00480088898370711,0.00618547872405426,0.000278824522626494,0.000400189780782061,0.000216590270931772,0.0199425857750973,0.000510417378456646,0.161460329811474,0.000968713646261408,0.00069452602308712,0.00885903358630021,0.000133122462441781,0.000322608411452969,0.0155199134245773,0.00014888247496209,6.62212378698129e-05,0.00191312308854039,9.28418274739678e-05,0.0228654433359838,0,0.00100486944413153,0.00266614588707035,0.000239491196435707,0.000586662507469934,0.00112584982494535,0.0123834436595198,6.62212378698129e-05,1.32606288325575e-05,0.000891759715320003,0.0287700973791583,0.00102138528891023,0.00165542721522127,0.000398802069433352,0.00332676152067869,0.00499199702270717,0.000241482317036754,0,1.32606288325575e-05,0.000377120544424882,0.000402015000022218,0.0016224125894749,0.0178920159994693,0.00636291730175638,0.000675930038066665,0.0120171767433015,0.0035155402631253
0.000586770644074667,0.00429690357621817,0.000330328204768254,0.0010495434909146,0.0014766086159332,0.000677248600063342,0.000182468661910149,0.0171043245471631,0.000165816725322035,9.01400419375149e-05,0.0011246219562299,0.000106501985216363,0.000118103019512094,0.00120162207044359,0.000209146828432775,0.0143268801480892,6.8995518922822e-05,0.0143618400684506,0.0692477988782026,9.73285791970764e-05,0.191321852750107,0.00130594094331026,0.000106078250604655,0.000313609231038501,0.00422542165940142,0.00315391600653182,5.97021048106707e-05,0.000783103194040684,4.36075181439573e-05,0.000299864955098288,0.00143895549708033,0.000866120832912246,0.00815433608694885,7.99228699927824e-06,0,0.000371618425285622,4.18163002385445e-05,0.000105774587082185,0.000168559041486434,0.000248241832297114,0.00138552070955057,0.000468712279992403,0.000457736661700491,0.00335657126709056,0.00118054175123361,1.40933388496943e-05,0.0120764276336911,1.35296052957065e-05,3.08616717385525e-05,0.00149730176092722,0.00132882586265543,0.00165958699350637,0.000629877552531505,0.00131968829107367,0.000263985361169162,0.00216757048872116,0.00126989814227461,0.00117420689134015,0.00208406919068689,0.00390598907952915,0.000189896486397396,0.00052340016739927,0.00357157488793224,0.000290473788612331,0.00013298011725209,5.73771396253927e-05,0.00672027787100265,0.000109990724419951,0.000809023406187814,0.000250099343386984,0.145684187158966,0.00107110881770968,0.00131796780159744,0.00209156452628849,0.133252666875838,0,0.00204194537664748,0.00890857603573038,0.00218134614285539,0.0176967872811262,0.000108403215789933,0.000490582441742537,0.0213606821315294,0.000337612751501934,0.0020324376083726,6.87189903385853e-05,0.000121059040376596,0.00317205545100555,0.104786310212535,0.000490363239858829,0.000107065718770351,5.66933979785405e-05,0.047208664699875,0.0187990216203884,0.0978345873329842
0.000551313015307572,0.00154018429449131,0.00735755988364046,7.96801980867151e-05,0.00086317386052361,0.00118932744794402,2.21527036348255e-05,0.000223113303141125,0.00233278435146229,0.000395911884556613,0.033090371225373,0.000597791323731758,9.07687039755859e-05,4.21589433379105e-05,0.000534972003212434,0.00212376723873151,0.000314058908856567,0.00207139376891736,0.20095029140363,0.00177932096387198,0.000571274484310292,0.34559908012411,0.000882260809522451,0.000746364757313585,0.00033257213305664,0.000827544962859383,0.000996663433706723,0.00126132856713177,7.51655759469541e-05,0.000550835547600368,0.000347189296614433,0.000406094670197944,0.00367558398804654,2.68101425244022e-06,0.000336480415309271,0.00111066289475997,3.54173472174011e-05,0.000377310152731533,0.00307583520417179,0.00518179917166177,0.0283521059183422,0.0123390334211508,0.0372381280037262,0.000161155587845936,0.000482827423046766,8.3535097315501e-05,0.00511613864991756,8.03109139649305e-05,0.000144413258093483,0.00294043363101579,0.00311547662767479,0.000690271777691205,0.000283102540630557,0.000158438393514768,0.000780657062592358,0.000381573813571943,0.00685371121566424,0.000876739127558035,0.00236499308672037,0.0199324678946689,8.73526980882391e-05,0.000132460227361758,0.0930505889117033,0.000140473963403633,6.14195563061698e-05,0.000688456147152965,0.00037965323471241,0.00345449053462937,7.08535921836629e-05,0.00022963078775937,0.00414861503729184,0.000170154898857521,0.000508132435379797,0.00705769522408155,0.0205982095363488,4.36879410763262e-05,0.000167955192196568,0.00441835102657002,0.00742032141875432,0.00099243626931113,0.00421233822015559,0.000742346839520612,0.0121630873439623,0.000570045663038094,0.000335495382774794,3.28065468047736e-05,6.06321808133966e-05,0.000155271202474914,0.000638320653471838,0.00102175068964159,0.00062603565435008,0.0017460234396848,0.000501986764828772,0.0764325157025787,0.0120226516610772
9.87881961779596e-05,0.000352768616646484,0.0038363283940894,1.3403196421902e-05,0.000456033969369681,0.00039289307028494,6.76680993332551e-05,0.000173455439163743,0.00459434311328235,0.000128982880813045,0.000409652025085434,0.00265538960366211,4.13388428904549e-05,0,6.61054203608524e-05,0.000749225698272607,0.0333651687192252,0.000431073359322951,0.00943018337455815,0.00132909759906115,0.000119837550574025,0.00312722258613316,0.534571839359802,0.00279060099930279,4.32031465240857e-05,0.000101354184883247,0.0425095804480181,5.33118560125829e-05,8.53031100791532e-06,9.30177073045198e-05,0.000163887521829689,8.86279352722922e-05,0.00101431039542749,0,0.00143757009806147,0.00185924518626159,5.76495644364423e-06,0.00616500548266084,0.00431507482844055,0.0142206988547908,0.000317341236003729,0.000131818703338609,0.00174486854438119,7.70635416678797e-05,0.000124396055887285,1.19984075174926e-05,0.00440398043812011,0.0466403103832358,0.0427284502903842,0.000398710800346429,7.4872575833676e-05,5.81042417220709e-05,6.34526995036409e-05,1.97425415956137e-05,0.0040844964010009,1.98484356954771e-05,0.0738455934134063,0.00023177870586066,0.000164043866590099,0.000636557517464779,5.76495644364423e-06,1.69547279159673e-05,0.00170705750045166,1.68488338161039e-05,8.65866422315401e-06,0.0476579387337973,2.99960187937314e-06,0.000504865366638162,2.99960187937314e-06,2.28255784594749e-05,0.00090392202998465,2.53791448240193e-05,0.000140171262312962,0.000267861679916031,0.00403807496408916,2.7887792957813e-05,1.65086924011385e-05,0.00108435893718331,0.0481873285379244,0.000222206718669874,0.00125956062418019,0.000247462134809686,0.000978214019789817,0.0241490470754755,2.53566857086439e-05,0,1.73105888391117e-05,9.44841670642448e-05,0.00037835273732036,0.000120039518614243,0.000362205467131861,0.0167820632173902,7.45837354006378e-05,0.00243756607030774,0.00115512880587169
0.000240489310240002,0.000111220713846835,0.00090427567390519,1.76630477795964e-05,0.000200494717085226,0.000233602918108739,2.81247424084146e-05,3.0654722240641e-05,0.00110984415687589,3.39647551697961e-06,0.000281743091531755,0.00201102240118933,5.57049486610705e-05,7.06521911183856e-06,0.000108744898097234,0.000333403296039314,0.00135519988172846,0.000381210576801573,0.00663220064136329,0.00125432264079884,2.18658599805465e-05,0.00134784941515758,0.00220041519090934,0.23397724244119,1.41304382236771e-05,0.00010663154927466,0.0024269845632425,0.000202015599377636,2.91169045824399e-05,0.000227353383902122,7.54789835534396e-05,0.000100115100160028,0.00172995815073795,0,0.0278292330838374,0.0114201686460162,4.36960881528008e-05,0.00863341914475203,0.0021402713648547,0.00120787680679876,0.000235705847812718,1.9598800004949e-05,0.00066662341551951,5.87676389809087e-06,8.9346624973455e-05,3.53260955591928e-06,0.00267023031320636,0.000138634268632062,0.00194958660559947,0.000329168847081457,8.35086073966872e-05,0.000139160108345319,0.000130072216840179,3.41862124681432e-05,0.00495190484081116,1.37220361068581e-05,0.0259965538397338,8.37327809319931e-05,4.61583218397036e-05,0.000902564555676127,0,5.20531404320029e-05,0.000710823918708078,2.81236230799975e-05,6.33485746602505e-06,0.000668858870050132,1.0003601060884e-05,0.000327565039672484,9.40937345401015e-06,8.48978282816674e-05,0.000504245259545397,6.66913636747294e-05,0.000328426182187372,0.00032669502651647,0.00151105017012123,0,7.06521911183856e-06,0.00112945727667607,0.619274029213485,8.00733855583846e-05,0.000118744026526608,7.92342927890903e-05,0.000669885899670143,0.0209689371652097,3.53260955591928e-06,3.53260955591928e-06,1.29419830099294e-05,5.80987944543572e-05,0.000167918398685248,0.00036137480487483,0.000543125551457723,0.00128400687164888,6.04429487965288e-05,0.00189923439414264,0.00111911189607206
0.0149483878800585,0.00151382917613545,0.000121365501980783,0.0030797239734536,0.00370341457589115,0.00288714449588397,0.00312326950846179,0.000453927108834703,6.48857443256954e-05,0.000132877514370185,0.000135099076551484,1.21412379253816e-05,0.000348391218761043,0.00345678734389787,0.000385342018257184,0.00175763469649485,1.05489012800628e-05,0.136881751194365,0.0127603509468899,3.41787129583298e-05,0.00242469370916396,0.000508413786917934,7.58874674741095e-05,0.000413632028859305,0.441215359021203,0.000342290830274401,2.26901392054444e-05,0.000419371527364454,0.00029633653526286,0.000591231769037059,0.000377714274211573,0.000605471302736172,0.00860589320533193,1.21412379253816e-05,3.16467038401883e-05,5.39711871734629e-05,0.000509527791383119,0.000133530178542681,0.000139101978566584,0.000279381128671887,0.000134562974375032,0.000806849551764745,8.54966962813497e-05,0.00213902984826724,0.000822216018012754,0.000273585798691265,0.0411543217363656,0,0,0.00279581559449398,0.00123667180582816,0.000140528750659937,0.00285375230360531,0.00271041108084483,2.26901392054444e-05,0.001907726749792,0.000326090174064285,0.00171595718830659,0.000415641958517795,0.00154431236627602,0.00104869930172913,0.00101124994095665,0.00459672617619111,0.000194970809907443,0.0157550214415194,3.4831377130826e-05,0.0336163168511454,0.000224216791429278,0.0179838560607215,0.000744405964991989,0.106432803897032,0.00323036595623556,0.0104778999192267,0.000254266454987485,0.0061901768069531,0.04073926869218,0.00203188306466406,0.00884880871462942,0.00123425538166388,0.00526575148537155,0.000311779008474924,0.00151229315170494,0.00492614823526863,0.00083577391867122,0.00155863654987156,9.72720293185029e-05,0.00036346728040637,0.00109534335738878,0.00239084768165993,0.000244059770943076,1.21412379253816e-05,0.000106594498841475,0.00819809460072238,0.00168475950019347,0.0127920167246684
0.000630197397642323,0.0531284206676468,0.000232102736923897,0.000422149230872065,0.00113014119655843,0.0022777428692414,0.000171579508841035,0.00339421661775147,0.00121175718024465,0.000155617697196916,0.000445971951395961,0.000193910457840613,0.000192752639390719,6.56868049198444e-05,0.000211502248512143,0.187997739899152,4.21432200441285e-05,0.00239506757507492,0.0453241393077126,0.000220623945589794,0.00166403533009786,0.00126730170499481,0.000393473149357176,0.000265518772709298,9.20288848718828e-05,0.33744260798287,0.0007240863432687,0.00416409116930084,4.08631761772759e-05,0.000526361218412094,0.0231957491203115,0.000460445002691095,0.0266870690604147,4.16820670048651e-06,6.48488028457085e-05,0.000266851786787673,9.9441903937531e-05,6.79027861547663e-05,0.000327715323063971,0.000473687259510362,0.000363512732635403,5.96127852986997e-05,0.000603570205488427,0.000236797766612267,0.000395222703612903,8.33641340097301e-06,0.0061258709471189,0.000266941785578593,4.04939836130035e-05,0.0023404864226814,0.000158666385425411,0.0413270903521877,0.00080598582212977,0.000782428984529847,0.000128083327029252,0.000217061532081745,0.00173014583155325,0.0194477126856171,0.00687621197635671,0.0086604314350808,0.000120651119232247,0.000454623974348927,0.00201895419768074,0.0150527364231001,0.000104167936385161,0.000169903767054014,0.000370313166652836,9.00702760689578e-05,7.77642189790114e-05,0.000499516818643728,0.0051347006722041,0.00105916490064513,0.000799606462631335,0.00106704507747581,0.108321540236056,3.20267075055661e-05,0.00237686546211978,0.00459383546142477,0.00407948790282527,0.000546187081980653,7.19918377742574e-05,0.00111312412269794,0.00445298857979144,4.16082070044321e-05,0.000153575872646398,9.98958865094216e-05,3.31409308969948e-05,0.00106972221174999,0.0182946713335513,0.00091390959487729,0.000341029370807967,0.000363708224611675,0.00294172216179064,0.0256341805461662,0.00885919504104892
0.000126732755988798,0.000243443603139619,0.00578162177183611,7.29325543492222e-06,0.00033381986318781,0.000195259445662998,0.000107919572600622,9.55232947654948e-05,0.0333971060615503,5.32586911314233e-05,0.000543673446384479,0.00579203768131791,2.16686308223395e-05,5.42220667546129e-05,0.000117861249840725,0.000520487411980611,0.0253499795743293,0.000433076151765841,0.00951277758706708,0.00345233485114643,5.44336390857806e-05,0.00429498226605044,0.0386646966791432,0.00353285163566746,5.57608828517739e-05,0.000151992281213039,0.413281267457483,0.000215643419705197,5.00307289447975e-06,3.77228304706192e-05,0.000194136979852528,0.000150672320258901,0.00196039448535813,0,0.00369647767202704,0.00393308215213254,0,0.0083454406961452,0.0149869314684536,0.0221779051006938,0.000555432030671605,0.000436208287883985,0.00254108352546499,2.90889607105844e-05,0.000100483572660127,5.21153426508308e-06,0.00263430313721409,0.00374787274499174,0.0053871242600953,0.000420765861033965,0.000295274487135511,6.41860728168351e-05,6.6307478025958e-05,0.000351997891534034,0.00575743152519808,2.90854129012796e-05,0.233246366824973,0.000218788746426166,9.49964343637598e-05,0.000878068302554943,0,0.000142900908954575,0.00325273700700342,5.68087253538856e-05,7.2087575570773e-06,0.0271024714529503,2.6671485292449e-05,0.00151034419984752,7.25111570818487e-06,8.56522457653297e-05,0.00105402631453459,1.93782298575268e-05,0.000538808602292309,0.000497183728769679,0.00860317632557345,9.54107982425711e-06,4.3632895004951e-05,0.00182584393005393,0.0351740994416529,0.00023864821091503,0.00151448532400765,0.000107021476993722,0.00150332944709472,0.00404739674028655,6.67865698228903e-05,1.47102559382326e-05,2.50153644723988e-06,0.000110005653047199,0.00022329680661626,0.000162397036578054,0.000879762755458758,0.0470054196669837,6.57246704896258e-05,0.00317734873621405,0.00218385956999472
0.000219018071256233,0.0111424474477569,0.000930105622477561,0.000164177971276365,0.000429520947579638,0.000899873082153514,9.96628304402725e-05,0.000594046414354809,0.00111613200888711,0.000886125197592,0.000704744326078915,0.000592054406370767,0.000167817632051591,4.30956681333327e-05,0.000355853118837071,0.0054484842872628,6.23043464326879e-05,0.00123736261813996,0.0472832266227159,0.00135038080848082,0.000656684651915897,0.00353390109240162,0.000106598731283375,0.000330566796719742,9.44608239912481e-05,0.00793722620579739,3.50193282402734e-05,0.358667439420814,1.40311477643409e-05,0.000553828532372138,0.000684468889108704,0.000104251436799263,0.0100712320579584,0,0.000299993677176252,0.00364569366696847,0,5.53959422823275e-05,0.0023889252782995,0.000596032261254171,0.00289080892336723,5.30374883026826e-05,0.000410470680872911,7.32389460757538e-05,0.000223307870441257,9.78375167416236e-05,0.00310783135464197,0,1.33903107451732e-05,0.115061574232784,0.00713370692732068,0.0434911807002826,0.000340370750394983,0.000320487373559464,0.000884084870730878,9.50138492545476e-05,0.00189015332056158,0.00100726786197913,0.0501660624451064,0.176881247244399,0.000103281826589764,0.000243531647205394,0.00285737523230871,0.00182403409732107,2.09881804759325e-05,0.00011959687323275,9.83992077280853e-05,0.0019823864614971,3.31360003774073e-05,0.000281286051533444,0.00206645392681169,0.000520116815576079,0.000485152276981718,0.00215448638968438,0.0225020623703488,7.01557388217044e-06,4.77980725515682e-05,0.00356608431960782,0.00197887105197947,0.000538123552639775,0.00029579497402901,0.000450827784896982,0.00343026590804641,2.0958909890643e-05,0.000354095395062561,7.39378570227468e-05,0.000153991378384277,0.000241612947436166,0.0020129894628446,7.5131719305214e-05,0.00899761900653689,0.000581209069109328,0.000851736994784592,0.0679148229241928,0.00547156970313733
0.0117840058143439,0.000165374105434525,6.33293571213288e-05,3.65210958277055e-05,0.0223712670340055,0.00388202206894828,0.00334759337027859,0,4.71299302994727e-05,0.00162100884266726,5.87180228206892e-05,0,0.0318766165904007,1.22630477427252e-05,0.01136334324096,0.000207177120570218,4.88849089035775e-05,0.0017616975276338,0.00109047108086246,3.87573327677411e-05,5.5899762211576e-05,7.75146655354822e-05,6.08799092458325e-05,8.16311159969957e-05,0.000634514734587579,6.59265730142657e-05,2.84624745645814e-05,1.07238106282914e-05,0.140187966020438,0.0122400031621594,4.56049040084163e-05,0.185348005973101,0.0044255724719417,0.00555826194782153,0,8.85666632557585e-05,0.0268203416186582,4.22505485983629e-05,9.38006468671076e-05,0.000118173671108612,1.22630477427252e-05,0,6.20581674073651e-05,6.7421337998616e-05,0.0872979506387957,0.000216529359073296,0.301118530483629,0,0.000111893912713637,2.1346855923436e-05,1.54422873047396e-05,1.42312372822907e-05,0.0056656713807987,0.00153070968543779,1.02948582031597e-05,1.42312372822907e-05,0.000190653353144828,0.000113138436741392,1.31131188122729e-05,0.00026498794293016,0.000174581106474373,0.0030857977951678,0.000189025554692125,5.99750017112754e-06,0.00063711473201781,0.000152375940788975,0.00040547999105515,7.11561864114534e-06,1.31131188122729e-05,0.000231248266963915,0.00104452605862494,0.000263085099484407,0.00334649760024036,4.96342146399784e-05,0.000938069138916801,0.00174754300390667,9.44453407819102e-05,0.0749267532476649,0.000639672779007169,0.000383555481676798,2.6166097933031e-05,0.0108712166538666,0.000175598459611245,8.95096658777373e-05,0,0.000218833569485562,0.0289870016349816,5.70178806815938e-05,0.000167882236263483,0.00748146243784039,0,8.52123078457051e-05,6.81706437350169e-05,0.000311641821295999,0.000623906494300993
0.00177444210560002,0.000128504427755162,5.63062432995643e-05,0.000132398118975781,0.00542289762884151,0.00174858572821034,0.00043107833224527,8.43823475843189e-06,5.71407938881785e-05,0.0112660941432483,5.54487895747524e-05,4.74422233706005e-06,0.00229017710101775,5.01052965793286e-05,0.0250056986190612,0.000228854454031471,0,0.00100832621378033,0.00273858489989016,0.000129595113677789,8.9771343278861e-05,0.000447680568944017,9.01628368323433e-05,4.78348050426965e-05,0.000362080311551944,0.000291989857943257,1.47439240963328e-05,1.65748675124414e-05,0.00466163343926185,0.493374254371175,9.94674930892578e-05,0.0643759373241323,0.00243875923928043,0.000372970101983756,1.0675607719328e-05,0.000100996772741672,0.0246566624305593,4.96682540886863e-05,0.000128560737607955,3.10675929099696e-05,5.2251689872551e-05,3.82845530608762e-05,6.7641403476375e-05,0.000114964043370037,0.0180944608065943,0.00084089637244981,0.0381056723070856,2.76247791874024e-06,0,5.39437199165403e-05,2.23737296089613e-06,9.97690847955341e-05,0.00231749920545533,0.00110203784079346,2.66552717405773e-05,5.06422763019829e-05,0.000427893871523364,0.000119727996874723,5.83922338422586e-05,0.000243208945083224,0.000190408763488622,0.000809210032393137,0.000374430986010186,1.3707562053336e-05,0.000153334528810116,3.18438965666183e-05,0.000214029068562687,0,1.0585124544945e-05,6.13638703484385e-05,0.00270975500965939,0.00063777482408098,0.00173788078216806,0.000159753107965307,0.00137303257840582,0.000216868503385553,0.000105296000875614,0.0347526806547989,0.000746376253471573,0.00027874535438201,5.94523325495943e-06,0.071579402114153,0.00054983516243671,2.6469741731349e-05,1.98174441831981e-06,0.00632341943342106,0.000456178203168249,4.87663395453281e-05,3.92917427438995e-05,0.167715027639212,1.62005635568085e-05,8.17836362071628e-05,0.000240354085595587,0.00118336340738727,0.0011370502315571
9.93601730010547e-05,0.0155977596851315,0.00011484714126261,0.00394515736143761,0.00300953602418427,0.00436603188549052,0.000213802980021552,0.00393209234450308,7.95341841974085e-05,0.000455040806849401,0.000156433469026976,0,0,0,3.41603126799488e-05,0.140135525858566,1.50011025906042e-05,0.00406717021607521,0.0190669755281218,3.1895977057755e-05,0.00196327801895678,0.000455889678746371,3.37897489343016e-05,0.000147484245811659,9.56879311732649e-05,0.116278095690889,0.000402545872875124,0.000423474440388983,3.1895977057755e-05,0.000269972085698502,0.204992716128253,9.98460386720054e-05,0.11009441181728,0,4.87908515249058e-05,0.000384604543421296,0,1.7265438212798e-05,0.00010916582563297,0.000430827661703508,0.000191645184022741,7.68992848295675e-05,8.14279560739552e-05,9.97307367467019e-05,0.000124166928223574,0,0.00326511582034,3.4530876425596e-05,0.000370279332071722,0.000357748136116399,3.41603126799488e-05,0.00479436018335578,0.00116771029368935,0.00247436927425977,7.72698485752147e-05,6.67974172289982e-05,0.000731029071551842,0.0853716447311863,0.00295063731180227,0.00278301742714208,0.000868272387699372,0.000730188256998211,0.00221713559846872,0.00234098790617829,4.72676433940063e-05,6.9061752851192e-05,0.00017711588724722,8.55860635726957e-05,3.00022051812083e-05,0.00118369086563338,0.00954382205894302,0.00329033594365541,0.000298060808362566,0.00212030943449387,0.078323976239978,0.000564570388443956,0.0402471809043926,0.00862412502181426,0.00187092670261745,0.00028182020776095,0.000165120247770104,0.000721383158875525,0.00375517292962621,0.000439266736145921,0.000209192777348326,0.000198950949852716,7.50055129530208e-05,0.00516802830630326,0.0728407012840253,0.00042522825237049,5.1796314638394e-05,0.000348008094602531,0.00730395435314769,0.0123882861192533,0.00634286151364836
0.00507153924728893,0.00019239635778613,5.30402841391679e-05,5.26842775903973e-05,0.0197386784676664,0.00206366135948462,0.00167430354193043,4.20979993415657e-05,4.89756003641491e-05,0.00242480408148677,0.000116820390773773,1.44252289061143e-05,0.0115437662727847,2.73594692434834e-05,0.0281055375465595,0.00031924138748756,1.97466645322193e-05,0.00145866207356468,0.00304873631794243,2.78854685673607e-05,0.000136327274092817,0.000293210284191378,4.14233075541743e-05,9.71729174689792e-05,0.000116940828996683,9.71166453633285e-05,9.80816346081964e-05,4.72938264630801e-05,0.0289025021756853,0.0399815841043591,3.59090202643041e-05,0.433502968782682,0.00323256395053345,0.00299780218635368,4.55189664000467e-06,8.27517679096397e-05,0.0313731437754773,5.23057193462642e-05,7.21713682579445e-05,2.66070979060928e-05,3.53850872718682e-05,2.24335990613575e-06,5.64667154687336e-05,4.30716526352204e-05,0.103461526180303,0.0001726950236135,0.125402528290393,2.94772206450285e-06,4.61707346773785e-06,0.000117875482066474,6.46390285483299e-05,0.000165057029000195,0.00247859791041825,0.00213562713383966,1.74381277983503e-05,0.000308096549859148,0.00043886596683871,0.000115452519247372,5.84052777828243e-05,0.000256544201255455,9.46115650366474e-05,0.00148105821347761,0.00128087844961788,2.30728646164233e-05,0.000154062522136254,1.26907006751461e-05,0.000282625607030966,9.16897010774252e-06,4.29280502289553e-05,0.000285133058983786,0.00300607252669878,0.00069585415514462,0.00217878170167014,0.000359058227165927,0.00238465801963952,0.000238565675435618,4.43585268964112e-05,0.0833096430740786,0.000920817095948183,0.00034030375529649,2.26292097689889e-05,0.0193117903220919,0.000385202968507995,2.47336321953035e-05,2.39641734336351e-05,0.00086253253717378,0.00204809754715813,7.64000859865018e-05,0.000167911849860782,0.0247884489924258,1.37208667477472e-05,5.27580382424854e-05,0.000269539472553782,0.000684958518109838,0.00154809809248546
0.00176980561354,0.000880486078865026,0.000213066951852976,0.00207239105064212,0.00329724242260201,0.0611246266077473,0.00037805022287038,0.000253353601808296,0.000242891886363984,0.000282970437232271,0.000220909216604627,0.000104962180162622,0.000199672679004976,8.91691526451813e-05,0.000299373461754944,0.00366422862020885,7.12549312973783e-05,0.00197787571460245,0.0115834800227448,0.00016693816576741,0.000348721074329342,0.000804581698110313,0.000256572511948212,0.000241575168108694,0.000180438083669989,0.00194502045677265,0.00039666417841073,0.00036315640302364,0.000119131743932325,0.000794492617569937,0.00192673046327449,0.000726751255837326,0.763060765916116,1.63891652460717e-05,4.54816490055964e-05,0.000254028020501525,0.000163063176639139,9.36592071993214e-05,0.000365020311548636,0.000387072106742751,0.000155994432481726,3.37793299591298e-05,0.000229441547970679,8.33353530942702e-05,0.000892619193210757,3.66601696488957e-05,0.0170890687807531,0.000177324166344515,5.20038228379651e-05,0.000450580473680587,9.39070379331076e-05,0.000504556591648321,0.00277129202133411,0.0102524832786815,0.000160579561355852,0.000184527873903361,0.00164280792192565,0.0129428897081718,0.000379570131742352,0.00165111281042097,0.00303984941274236,0.00317701084497213,0.00197598224180601,0.000196913028682127,0.000219991647188518,0.000146614668497663,0.000356660731058085,5.36028315977532e-05,6.6967048117231e-05,0.00465973786851376,0.00315825432986504,0.0169700974820068,0.00184230633660982,0.000664042387295019,0.0118503816326664,0.000565073728552343,0.00888024912670452,0.00577152197588691,0.0052849191933268,0.000211488354083396,8.12678679134141e-05,0.00172961733032134,0.00368569633293671,0.00038712261297851,7.94684441721772e-05,8.78899814027238e-05,0.000211794308305855,0.000745545244029853,0.00155664350397182,0.00197585370433039,0.000127329235956388,0.000190777497806092,0.000827902142003422,0.00516927502681531,0.00288555346347979
0.00813179715763993,0,0.000254474052901987,7.57929130421476e-05,0.0107513956688121,0.000742278317215969,0.00416543667957497,4.58368736451794e-05,7.57929130421476e-05,0.00141778599006078,0,0,0.116172518220602,0,0.0114768057418623,9.16737472903588e-05,0,0.0013421835068106,0.00124251583234631,0,0,3.78964565210738e-05,0,0.000163591666666436,4.58368736451794e-05,0,0,0,0.0489333627418519,0.0229598265368241,9.98045942064299e-05,0.260191355311685,0.000954176877303502,0.123397206982098,0,0,0.100657539606416,4.58368736451794e-05,0.000113689369563221,3.78964565210738e-05,0,0.000175597507248578,7.57929130421476e-05,0,0.0315603367792957,0,0.117756214543053,0,0,0.000113689369563221,7.57929130421476e-05,0,0.00306807706450318,0.0014508229298603,0,0,0.000229658329110394,4.58368736451794e-05,0,0.000562312059791456,7.57929130421476e-05,0.000915205528635088,0.000565652468470335,0,0.000227378739126443,0,4.9902297103215e-05,0,0,4.58368736451794e-05,0.00135830704367402,4.9902297103215e-05,0.00177272206844612,0,7.57929130421476e-05,0,3.78964565210738e-05,0.0357076174164827,0.00165999742631301,0.000221243951101791,9.57391707483944e-05,0.0561642471732312,0.000137510620935538,0,0,0.000303572307377891,0.0126176027842699,3.78964565210738e-05,9.98045942064299e-05,0.0165360515081545,0,0,3.78964565210738e-05,0.00106057331165574,0.00140741797972242
0,0.000369715451035005,0.00116599767496163,7.73544710848885e-05,0.000523433813155563,0.000219789571673087,6.86978572665508e-05,3.59246791180346e-05,0.00298904118068323,0,0.000581882284670522,0.0221082572132915,8.58723215831885e-05,0,9.50286823074113e-05,0.000193760942659531,0.00492322064515341,0.000373915709316428,0.00911131549538021,0.00372211677342973,7.97527876420368e-05,0.0024059617080311,0.0057998495883462,0.0829215278013255,1.71744643166377e-05,8.62609583561688e-05,0.0117089098440801,0.000166961007699823,2.61226800608038e-05,0.000173535576274069,0.000104195644728053,1.75354479024849e-05,0.000900232968201571,0,0.259852709942766,0.0331546910630224,4.29361607915942e-05,0.013713956405225,0.00847381852986268,0.0019689309772296,0.000469124484091542,0.000112605858682782,0.00103049550442168,0,8.68406886184917e-05,1.75354479024849e-05,0.00215710001996523,0.00135202851206977,0.00243451674011988,0.000608265929670116,6.04298802211933e-05,0.000104299717218081,0.000113605442958761,5.1807957232865e-05,0.0471911778414354,8.6219229883283e-06,0.242846045964809,0.000140866470615581,0.000158231937957353,0.000957071058654975,8.58723215831885e-06,8.58723215831885e-06,0.00111938390914231,8.76772395124246e-06,3.43489286332754e-05,0.00160377594662659,0.000103407769485673,0.000568274375670693,0,0.000115741551369352,0.000745327070596738,1.71744643166377e-05,9.54313943661443e-05,3.46334929162274e-05,0.00770042183483084,4.29361607915942e-05,6.01453159382414e-05,0.00069024059591935,0.20010252049639,0.00015858241031099,0.000341855328374314,0.000378199198551877,0.000527435669080917,0.00850109415280568,5.1807957232865e-05,0.000143271824815606,0,0.000171848715656405,7.00965895477201e-05,0.000155069925755624,0.00150568928697032,0.00325974432067335,0.000111772781378183,0.00277817606726656,0.000624590574052452
0.000110148529010218,0.000892390732347579,0.00557801784033297,3.28989518693549e-05,0.00183788599820086,0.000610730270519719,3.24957675912227e-05,0.000318517353109267,0.00507349008716988,6.54488509853274e-05,0.000597613086446232,0.0236500539921801,5.81825626764242e-05,1.95066815973183e-05,0.000930053450395238,0.000782364932738726,0.00143658775288942,0.000688582256713756,0.0154008870940618,0.0223553690941662,0.00017581857274975,0.00351417517198864,0.0038483859566346,0.00912915941290919,1.28808229444049e-05,0.000429905013825983,0.00807304478332528,0.00326252740944357,1.30766297645452e-05,0.000597548734918654,0.000195192018338752,0.00103482085677402,0.00379549793805697,0,0.0165305296802635,0.389812605546606,6.5383148822726e-06,0.00182928288004119,0.0483468143211211,0.00477854963616268,0.000805516918220258,0.001092731710014,0.00233575948224819,1.93315940560368e-05,0.000335373287974916,0.000129387623592644,0.00645058682622763,0.000247171799968759,0.00179338727225576,0.00981890248160357,0.00165320899538105,0.00100098934046842,0.000537154150096384,0.0002208572681946,0.101238410208335,2.59908649548412e-05,0.109466588130322,0.00027131911269869,0.000680369933574795,0.014829703203381,5.80823259387511e-05,0.000142922691489252,0.00358562385269355,9.2529435087214e-05,8.9990673069553e-05,0.00177423069033724,3.91757577688859e-05,0.00270398686069257,6.39663958688208e-06,3.91216262441361e-05,0.00133204124044252,0.000376820395641413,0.000456281703436718,0.0007512307249894,0.00708185966723293,0,7.77295605022792e-05,0.00467789023001832,0.0942226765814277,0.000336653855795491,0.000402931393105932,0.00028478540782384,0.00199449119743009,0.00638812642750807,0.000287689457444301,0.00012041396574852,6.39663958688208e-06,5.80823259387511e-05,0.000771062370630059,0.000522340763924843,0.0265409020507074,0.00431923722328291,6.52748857732265e-05,0.00821787060718436,0.0033648315821949
0.00191037685979891,0.000274158301237022,3.12442116200015e-05,6.18568216092693e-05,0.006735291608323,0.00121739338967983,0.000944449534609262,1.17718941939507e-05,4.65718335245317e-05,0.00858776847371147,0.000151638725290322,3.51309389078687e-06,0.00726696521595226,7.65711963269922e-05,0.00764560116805108,0.000243127032037954,7.72524393669073e-06,0.00158360374457617,0.00209367730984571,1.86325821868806e-05,0.000101199910563042,4.19246170971219e-05,0.000206114379973544,4.82187802930783e-05,0.000208198205198564,0.000151920972899842,2.40951578695765e-05,4.21215004590387e-06,0.0174976762310163,0.0497267059843392,0.000137601505042473,0.106944075821349,0.00282975939577216,0.00376405081375354,0,1.73999696652905e-05,0.295074180294528,6.38689882420109e-05,0.000107074162692791,8.22856220953659e-05,2.53277703911667e-05,3.34759410214301e-06,1.35558761972159e-05,8.42430009180773e-06,0.0201961945275484,0.000668824206353312,0.040765696620589,0.000464529549301726,0.00014678179498478,0,0,0.000286029879793275,0.00158590432392114,0.00125128224281343,0,0,0.000379106227515209,0.000193542876059871,2.12811201339066e-05,9.42445553482102e-05,9.88275986855777e-05,0.000631174974646714,0.00041495467821767,1.29373179981333e-05,0.000174537912332316,2.80897747247274e-05,0.000133278628715651,8.42430009180773e-06,2.98188866122491e-05,0.000110789368652056,0.00193972876754098,0.000606966171476872,0.00134988397762079,7.64798105394315e-05,0.00110713484511442,0.000802119879637701,0.000137898284332854,0.0363688272953055,0.000777946804433521,0.000304919583949163,7.55998334733964e-05,0.272742744737366,0.000532373332214716,0.000145622542220113,2.88038072814119e-05,0.00334839181154525,0.00130461943542502,6.39906023544551e-05,9.58016045784059e-05,0.0926716012068051,1.59840442398546e-05,0.000142435412416088,0.000107757797725633,0.000806933759467643,0.000756026544275105
2.09896791223211e-05,0.000219236035104984,0.00228841569807453,9.67024502421222e-05,0.000524777884104465,0.00060931950012834,0,4.04011868820617e-05,0.00424701866617406,0.000212979415339758,0.000329210871200561,0.00597541515454199,5.21322606772436e-05,1.01002967205154e-05,0.000773066112172969,0.000220842239310112,0.0595226883717159,0.000494983756418373,0.00854486258822095,0.00319848178940478,0.000114654149491476,0.00293949175889978,0.0368686762973049,0.0408138728326059,0,0.000117820095407031,0.0515831890339747,0.000172189828834435,0,0.00279616753162728,6.2232557397759e-05,0.00249977496339958,0.00498510517498898,0,0.0255038852541358,0.0111991617468312,0,0.13738506407344,0.0110007547139387,0.00455934396878826,0.000306267772520421,0.000487070921715689,0.00216269219462598,4.23677578679028e-05,0.00131936907091716,0.000625049278853153,0.00325316763373364,0.0014138151950868,0.041323617645918,0.000240549221703711,1.08832391844211e-05,0.000247577274226709,7.34454472759702e-05,0.000130210470589793,0.00945388622145864,1.04948395611605e-05,0.250527170036184,0.000105719051640742,6.29506077148097e-05,0.000698082812811735,0.000304730697163792,5.08960264432222e-05,0.00582757737482542,1.01002967205154e-05,0,0.00595132779335936,5.24741978058027e-05,0.00189774006573174,0,3.03008901615462e-05,0.000777703376305046,1.04948395611605e-05,0.00032915999547498,0.000403825065583941,0.00198716553957633,0,1.08832391844211e-05,0.00415630770643883,0.174162630349021,0.000319490235906165,0.000454270395236804,0.000264689100333808,0.000807907793239562,0.0592181927055759,0.000129822070966533,2.0595136281676e-05,0,0.000128266742486985,3.11425815549225e-05,0.00045258078096805,0.000548881768423507,0.00574554671064286,5.20796549651576e-05,0.00177779048050771,0.00160803175934152
0.00046712160958508,0.000820244880545428,0.0133177352142344,4.31194327804548e-05,0.000639721906001326,9.71841308555691e-05,0.000218671409919981,0.000186923834234592,0.0345537453915068,6.20409033182499e-05,0.00173727217756115,0.029701277789183,9.66664446294822e-05,3.27224449767306e-05,0.000105807903349203,0.000869907647394159,0.00609689408814219,0.000939401452421635,0.0188474293307892,0.0412053857528587,0.000112053337745972,0.00804969511370284,0.00722839678055438,0.00407750492176364,0.000102487386118074,0.000230052481402226,0.0330981922839043,0.000651257954036279,1.00292007419887e-05,0.00021993042702676,0.000103150804116872,0.000300582938955842,0.00219413800616102,0,0.00560890057218964,0.0391936813335413,0.000135365826700809,0.00392380316003476,0.366891172471486,0.0132187267455617,0.00185225771780993,0.00104241593938801,0.00421837301410897,5.1049365852659e-05,0.000554809736988614,1.50438011129831e-05,0.00335524943514026,0.00044448592040786,0.00131995956360947,0.0030068588836821,0.00138634439435557,0.000232068109825713,0.000167257235501714,0.000130002037884655,0.0222617375510115,3.41398658733583e-05,0.233821729066285,0.000267336541469155,0.000310783585582067,0.00375677582295683,5.92024340528199e-05,7.58105767306547e-05,0.00385252230917736,3.73694281282056e-05,7.53346252066087e-05,0.00260471179944144,3.77266116722147e-05,0.00746337683517604,3.17705419286386e-05,0.000182148529031468,0.00156411259966618,4.77453787386932e-05,0.000363921785429,0.000521065501573563,0.00730152355885632,9.54281554243251e-06,2.26932442347419e-05,0.0035634829217068,0.0308765014901418,0.000459497201205982,0.00116044230785761,0.000243260295309842,0.00176940944459072,0.00256483936902971,2.81524951032515e-05,9.45551843114244e-06,2.960121702641e-05,0.000113567439983286,0.000188826251200229,0.000117838640974176,0.00429388758982531,0.00950690410961246,0.00013458922763698,0.00498123645878441,0.00209085636811551
0.000124751067916781,0.000500943922419715,0.0565302808724872,7.9573125009356e-05,0.000550037824998442,0.0003859156403261,3.13556681200233e-05,2.63255611277962e-05,0.0642965371970104,0.000316046263567483,0.00179781916287062,0.0015426598675396,5.24764791338875e-05,0.000138865723160449,0.000137630726669883,0.00070877633790826,0.00125276063070629,0.00103179957615537,0.023156243135746,0.00580653436460626,0.00023277642432107,0.00893470924295835,0.0125064296519727,0.00202505459728668,5.87367503053355e-05,0.000335032955814729,0.0296743774865912,0.00034192628834838,8.39337952777808e-05,4.23751530585039e-05,0.000161359741272851,0.000315969051036419,0.00316998943304017,0,0.00108411757144034,0.003022799011055,1.56180815054394e-05,0.00187428794662828,0.00945535035717097,0.480361940644967,0.00113901538738293,0.00387345536458149,0.00946565217489807,0.000184255190051936,0.000320929875848664,2.08639437103007e-05,0.00448711549632434,0.00170537591328149,0.00152964663144279,0.000586048311617739,0.000323333038279222,6.92517297207129e-05,0.000157351527220429,0.000439666519389795,0.00207787543674138,0.000415082651764336,0.0613590178135972,0.000410411908513096,0.000271081908033182,0.00211308686954179,0.000164857320728646,6.82692037610317e-05,0.0583451179859622,2.65413163404303e-05,5.2458622048613e-06,0.0148115009339085,0.000190122315645157,0.00105988928467592,0.000159587990675705,7.87376731650994e-05,0.00193073559439351,0.000726357056162771,0.000359952307443589,0.0022265965435994,0.00585684791241568,0,2.10521299166547e-05,0.00130176747482105,0.0213215866341402,0.0004005766788253,0.0205103171909896,0.000222827170216564,0.00424177795134307,0.00397771681130376,5.20768517155246e-05,1.02527141914336e-05,2.58707956968729e-05,8.57971991732732e-05,0.000254851673977616,0.000389374087322591,0.00113594779889398,0.0493291603583129,0.000136744450813692,0.00448346451334393,0.00297584319044767
0.000363535582127796,0.00312556467430209,0.00498366893076808,0.000150680824679087,0.000667295957928763,0.000469494922306626,0.000103397665613219,0.000228032790214339,0.00238406249879426,2.28314778467738e-05,0.0140841110505969,0.00143802780253805,2.33245296149731e-05,0.000117496307697136,9.63883533981631e-05,0.00227525604357099,0.000679355953012003,0.001225743926047,0.165013193240339,0.00309866334631506,0.000522108671911784,0.15251660132376,0.000245652424829711,0.000606517371526645,0.000368749629235256,0.000889379130430722,0.00376790426339444,0.0025481181386835,9.00083325621738e-05,0.000449987413554053,0.000253398001177119,4.88094125888826e-05,0.00142102653239178,8.23978399465825e-06,0.00103042041699553,0.00129408304026625,0.000435544797276137,0.000746340284512589,0.00322456742576233,0.00248771120592574,0.193184751741958,0.00267914338591076,0.0197800119158238,0.000143144277499349,0.000412017110359076,0,0.00144149026135434,7.77484320499102e-06,0,0.00896286738329934,0.0310340501268396,0.000458020218139893,0.000125525906645073,0.000118759806794169,0.000805378502356195,0.000639999350129564,0.00958607967908708,0.000551839036994896,0.00400873752022412,0.0895500426448495,1.52209852311826e-05,0.000161376743776095,0.0309200401886507,0.000384110059715209,7.23886979468018e-05,0.000305695178627657,0.000261994489447064,0.0115046671100931,5.48888432246044e-05,0.000136793631402988,0.0031163982914246,8.67537470345032e-05,0.000421699724232674,0.00363499125702513,0.0269946430737986,0,0.000135705702628014,0.00372552508302755,0.00483154793413911,0.00113671453057111,0.00170777871818388,0.000920528421813989,0.0129968368422244,0.00221932445873646,0.000214484577734738,0,0,4.77151804201483e-05,0.000966229105399777,0.00034941403822694,0.00228652110210122,0.00264517881298489,0.000277484979437889,0.13833681728679,0.0121356040139894
0.000206096012623756,0.000461504572087838,0.0139145071961313,0,0.00101922230186289,0.000142512888780652,0.000335089606044643,3.17192684923007e-05,0.00477007895860986,0,0.00920382331487509,0.000222797026307995,8.00211055232607e-05,4.80126633139564e-05,6.34385369846013e-05,0.000732925867788056,0.000111815123091691,0.00131496324087178,0.0504365326437807,0.00141925106736523,0.000430203715452093,0.125262914703424,0.000442583062862939,0.000288214685042025,0.000205530736046209,0.000414204405641198,0.00151746355866464,0.000931149661727053,0,6.37277107016049e-05,0.000143748816224866,3.17323393487613e-05,0.00490125640176415,0,0.000447536595227305,0.000367440740627915,1.60042211046521e-05,0.000240524454089331,0.00116984781271307,0.0241921104992148,0.00793570790696151,0.254540609836026,0.0872325027013399,9.7482867869246e-05,0.000400579380423534,9.61591204924429e-05,0.00269780328007834,0.000143065094501738,3.17323393487613e-05,0.000286648093448938,0.000335589956133573,6.35831238431031e-05,6.35961946995637e-05,3.20084422093043e-05,0.000510598138562313,0.000252846606780577,0.00356637182004042,0.000240186673009119,0.000715812323947475,0.00550487582560787,0.000163127666531832,6.37407815580655e-05,0.288890978396307,0.000128722401854101,0.00015820179445538,0.00159172903717974,0.000402008857658236,0.0016731426852308,0.000288834450682995,0.000143617300222824,0.0020854250675423,8.02273706014311e-05,0.00039546038635028,0.0051767813297034,0.00419718778121827,0.000552690020578056,0,0.00244382604791776,0.00280999067812563,0.000273817431106056,0.0494218020663673,0.00044079492969764,0.00572808136896,0.000665722781544903,0.000190920100100732,0,1.60042211046521e-05,3.17192684923007e-05,4.75919735949116e-05,0.000188868934931351,0.00141264540133768,0.00209265251780441,0.000142788991641195,0.0144389459845967,0.00333368673526607
0.000352928946059433,0.000814681641473316,0.0518789431817853,5.93949577158654e-05,0.00110287894987852,0.000672835227203015,7.59350644626344e-05,0.000294994639271367,0.0133026880673628,0.000943329829290653,0.0105594993994662,0.00102907183522447,2.98130930357735e-05,9.87682109621065e-05,0.00038323800304454,0.00155475319112681,0.000863562089169511,0.00181917302400164,0.113247193905619,0.00646381927642659,0.000258393054499235,0.157323123072676,0.00221856551170432,0.00114415992637295,0.0003764160450712,0.000282994157069985,0.00361855598012251,0.000998093813898415,2.24465304102108e-05,0.00194657032112919,0.000144198033218958,0.000310380652102442,0.00288641751181856,7.48217680340359e-06,0.000527635805243923,0.00153153099690611,8.12634172368719e-05,0.000783626081264209,0.00613684115118075,0.0280663308048193,0.0200828302710931,0.0319462821859009,0.293228063850298,0.000143378667548004,0.000386370400403685,0,0.00324288352597508,0.000629884671999505,0.000251505187709948,0.00260549456369895,0.00384190095954321,0.000142697096769741,0.000597741856729744,0.000333790171230167,0.00134164541058222,0.00045605373456639,0.0193281394266867,0.000767473796719118,0.000973077387166157,0.0113503535294426,2.37915671601694e-05,0.000425111903036325,0.0678650855098203,9.97674291098997e-05,0.000303219666794029,0.00157320411409969,0.000301953099239556,0.0125725169936426,5.37605598952012e-05,4.4546218286899e-05,0.0032399306420146,7.5051460492682e-05,0.000559530917960756,0.00249188069015873,0.0141879347669368,0.00023229180461163,0.000109247018277533,0.0014742222334553,0.00917108791720903,0.000578599700138933,0.0091759607387489,0.000489646850337701,0.0127758739775565,0.000444752765585923,0.000486405779448078,0.000621020674682498,9.59337464671107e-05,9.94210985420557e-05,0.00034304547268948,0.00194824766091541,0.00286112862531639,0.00630023867786644,0.000366625639435419,0.0364714312402592,0.006275438569617
0.0009231229777237,0.00089993093417077,0.000155508755191756,0.00260081172214798,0.0021116840095856,0.000453246140066095,4.11186489395581e-05,0.00123588452821632,0.0001482957825246,0,0.00104904895963438,0,0.000215438803611762,0.019169646951761,0.000200426778147068,0.00283024502333464,1.3706216313186e-05,0.0300886816284983,0.035196546821982,1.44678812219122e-05,0.0152605386408025,0.000473574050432065,0.00129839714029226,2.81740975350982e-05,0.00363517876626572,0.000516901822021966,0,0.000258312452046586,9.9913274502409e-05,0.000630927703469124,0.000355229953329567,0.000225554216047262,0.00542153983454018,1.3706216313186e-05,1.44678812219122e-05,0.000130337249808017,0.000228000646539916,5.55865301614703e-05,8.49662844650612e-05,0.000177231544968425,0.000120523740961669,0.000102480825321878,0.000587514296721078,0.173998491828729,0.000724896458703015,0,0.00998048129812795,0,0,0.000606132087629759,1.76759766232928e-05,0.000688354408406161,0.000918293495984048,0.000314260722740563,1.44678812219122e-05,0.0209403511541705,0.000573715416576234,0.000204805413361273,0.00123265188683509,0.00160911801703812,0.000114107550158908,0.00315354302151778,0.00206260852935379,0.000119112580943154,0.000536127734571008,0,0.0492471329505051,6.27643858729576e-05,0.00369536097689308,1.44678812219122e-05,0.421599882718165,0.000272165955114379,0.00195649852210534,0.00108034523620363,0.0179058555321262,4.98198344684977e-05,0.00237879069163492,0.00957600905164735,0.000498359780451453,0.0314282306951744,3.53519532465855e-05,0.000202761038840785,0.0186248615289582,0,0.00314372110436439,1.44678812219122e-05,0.000263012072673131,0.00271316365446236,0.00862124067705066,0.000302210973987566,6.54933724589026e-05,0.000321480514339649,0.0277059097572893,0.00626958731476643,0.0470749887512263
0.0109413848237142,0.000236713505468698,0.000135671627546562,4.42723048436775e-05,0.0309856132531606,0.00272300845183959,0.00244680485056737,4.41589691717051e-05,0.000152089578323031,0.00200009404313096,0.000251760156886067,2.96878283384456e-05,0.00449280660426432,9.97203709805904e-05,0.0391732004355623,0.000238424394437584,6.71874658193748e-05,0.00209298323329028,0.00351798379708237,8.49471433540849e-05,0.000101244893846313,0.000453016209883769,0.000179297692097187,0.000115425446662061,0.000282641852817929,0.000120044552485789,7.91842488402327e-05,5.26948110451504e-05,0.0194048597279467,0.0197105328245648,6.20665594847206e-05,0.168269940745772,0.00537788357379408,0.000846626034169138,2.76401749537451e-05,0.000116186111044747,0.00784561847769563,0.000108234290137403,0.000404210757379761,0.000108748910274389,0.000135767999584766,2.20521346240894e-06,0.000157326941079423,0.0001178067457494,0.214567261273562,0.000204834544537834,0.249469334299533,1.61030984102362e-05,2.67819368953197e-05,0.000241732617853544,6.8154056217033e-05,9.86911307066181e-05,0.00632145712368143,0.00229831936389625,4.6198756459888e-05,7.56512596097328e-05,0.000618106074649048,0.000273134737883609,0.00020449383918337,0.000831696863416357,0.000308441363863046,0.00402307023204473,0.000461803883304165,1.15632842543346e-05,0.000630024445797359,6.62942959320215e-05,0.000222993132626091,1.21974603900879e-05,9.04589400160521e-05,0.000234224860640105,0.00269832067221744,0.00153822082650003,0.00440866165032248,0.00026832906844098,0.00235184922831032,0.000518230508766029,6.18999261196367e-05,0.144700849084602,0.00117765698943751,0.000787407188361201,2.67819368953197e-05,0.0124778500964523,0.000790151785095538,0.00022545386436774,5.45898280784876e-05,0.00105902619573405,0.0047015962687936,8.67550324262754e-05,0.000170129636146646,0.0128414791092419,0.000170557707448243,7.56703889721792e-05,0.000255487697682324,0.00129249706404036,0.00199980773763146
0.00103642836623764,0.000136675417896175,9.19291587932129e-05,2.29822896983032e-05,0.000928873260728521,0.000330332919867498,0.000612987592238168,0.000182233890528233,4.59645793966064e-05,0.192710969025624,0.000239810676543973,6.4750734637305e-05,0.00331666212792764,0,0.00145356588842145,0.00114177140923811,0,0.000577035755884944,0.00249807907983863,0,0.000169050785214827,0.000314360595566175,0,0,0.0044299181474228,4.55584726320583e-05,2.27792363160292e-05,0,0.000758782245119883,0.0126272317561034,0.000184656072909292,0.00338620089628076,0.00124021697197305,4.57615260143324e-05,0,0.000443659011458511,0.00557261276549967,4.59645793966064e-05,2.27792363160292e-05,0,2.27792363160292e-05,0,0,4.55584726320583e-05,0.00330354840335148,0.402325545119042,0.0109758990761451,0,0,3.23753673186525e-05,0,0,0.000349525181872745,0.00031214797826034,3.23753673186525e-05,0,0.00025900293854922,2.29822896983032e-05,6.83377089480875e-05,0.000163251193598209,6.89468690949096e-05,0.000285454396634798,0.000989929368876765,0,0.000114505341726968,0,4.55584726320583e-05,0,0,3.23753673186525e-05,0.000916295606551375,0.000294370578238063,0.00107705753752655,2.29822896983032e-05,0.000817487311670586,0.00193862802760513,0,0.0162862398371434,0.000618922006747454,0.000358512152728546,0,0.132218810844641,6.85407623303615e-05,0.000275787476379639,2.29822896983032e-05,0.006268176821929,0,4.74567423250607e-05,0.000241388086931194,0.182283511056145,6.83377089480875e-05,2.29822896983032e-05,0.000125390582275772,0.000607578565890516,0.00126787880383899
0.0397825808744012,0.000344876850156076,0.000145021472165459,0.000125503257863828,0.0687874892983332,0.00499936278757369,0.00709902235670456,5.17967184083171e-05,9.74725798226125e-05,0.000872390441094384,0.000206714384784802,9.22790923994744e-05,0.00349039892570776,7.0972107250137e-05,0.00282891936723921,0.000696986734905252,3.70419746436763e-05,0.00409582741902893,0.0086231560262244,7.4430787384505e-05,0.0002952441419428,0.000525603334270189,0.000213978757687711,0.000213635277482677,0.000522450875875249,0.000305111209601552,0.00020491449635287,0.000200051995637877,0.00411503851474673,0.00352921474373077,0.000122598747403363,0.00874365624299583,0.00960622283077094,0.000123731096467891,6.01767157964259e-05,0.000206477885359458,0.00129349201602657,8.29384986722502e-05,0.000170486666737877,0.00028402009703463,5.91317319839748e-05,4.74514283740573e-05,0.000145810379180533,0.000132595876557998,0.0128010540999015,0.000118314880263991,0.670449196354457,7.54724420767291e-05,2.95256539257047e-05,0.000167614676785952,2.7423562847845e-05,0.000214971198070129,0.0185771372571032,0.00466003493016884,0.000147735389932477,7.78991473898685e-05,0.000957698903621666,0.000287470254733786,0.000261918682307459,0.000686461970677914,0.000494449986714638,0.00645277329839261,0.00112866229967952,6.32496068931151e-05,0.00146935162210617,0.000106905786479617,0.000315664803028541,2.30361307194123e-05,7.47069975172827e-05,0.000457799472474696,0.00399073376270594,0.00134004730536934,0.0110840990250843,0.000362179595692668,0.00470535195386946,0.00156867803102929,0.000117675519495961,0.0477341823115396,0.00472768478178746,0.00059531294924995,4.49476266933582e-05,0.00520149790202582,0.00190181350002456,0.000189579802289626,4.97592489565641e-05,0.000270560027668395,0.00892969296484246,0.000121128595629494,0.000379768861455374,0.00537302026798277,8.3886205088547e-05,0.000140368246280294,0.000398928878787183,0.00376659073498066,0.00306970547641952
2.69185968146626e-05,0.000877977882280215,0.00237658611043618,2.49551962572168e-05,8.74877232069353e-05,4.99103925144337e-05,8.07557904439878e-05,0,0.00396287890832229,0,0.000179743978619372,0.00117491504409499,2.69185968146626e-05,0,2.49551962572168e-05,0.000193207844145267,0.0126895874866606,0.000278723032557629,0.00352493069097041,0.000367052486855175,0,0.00215035888279398,0.250215826524824,0.00154195931756296,0,3.36505295776101e-05,0.0211730401241449,0,0,2.49551962572168e-05,0,0,0.000910736479594059,0,0.0010990945042496,0.000596995930602334,0,0.00221665060874661,0.0015573705801658,0.00676419246011139,0.000238348783604278,2.49551962572168e-05,0.00122743871214675,2.69185968146626e-05,9.42196559698828e-05,0,0.00644664487247808,0.393550996740272,0.019058985229683,7.48655887716505e-05,0,0.000150861981247264,5.18737930718794e-05,0.000501067325701782,0.00175351416069763,0,0.0539902114464849,0.000199641570057735,0,0.000343218960064794,0,0,0.000407443162582938,0,8.07557904439878e-05,0.120557828513693,0,5.38371936293252e-05,0,2.49551962572168e-05,0.000282368974446374,4.99103925144337e-05,5.18737930718794e-05,4.99103925144337e-05,0.000723172673143648,0,7.48655887716505e-05,7.8792389886542e-05,0.0371278483620281,0.000166280113093477,0.00042173141157511,0,0.00062081118891846,0.0174736438851262,0,0,0.00147235657917579,0.000178621388302615,0.000301425755644048,0,0.000378568457748114,0.0266510164374691,7.48655887716505e-05,0.000523514676311502,0.000207503385674723
0.000364038540351193,0.000137194194761582,0.00330169754869713,2.28597894559061e-05,0.000325251386807676,7.26269646953856e-05,2.92797783054002e-05,1.78390582400763e-05,0.0030241834736568,1.22542938358324e-05,0.000125562753073182,0.00237507093009745,6.1271469179162e-06,1.75678669832401e-05,5.77243321655502e-05,0.000321129154190138,0.0259809001618359,0.000733414041487695,0.00430895132023447,0.00171940145928028,5.98692921746408e-05,0.00127210070594611,0.20738031131858,0.0117225038132841,0.000728070288250282,0.000143206165737702,0.0219494897107332,6.860101904246e-05,1.17119113221601e-05,4.63963833111335e-05,5.82522808960614e-05,0.000116840705073184,0.00103226860271833,0,0.00406449376067863,0.00269284442601298,0,0.0261081980149661,0.00254878761055171,0.0065099258282247,0.000253207341578976,0.000404421754369131,0.0010743611717265,0,0.000145795677375949,0,0.00126266198350922,0.0156753795095724,0.255734378935716,0.000216298131720997,2.95437526706558e-05,0,4.04276564391462e-05,3.59493077369887e-05,0.00288325842976,4.15340721412326e-05,0.0682160611553355,5.6637105161965e-05,0.000111231828017958,0.000353970508690136,0,0.000128159489699747,0.000993653056106408,0.000159816415442314,5.48023402384705e-05,0.0161869221853986,2.45085876716648e-05,0.000571051347999712,6.1271469179162e-06,4.6818777722318e-05,0.000464208177576947,6.1271469179162e-06,0.000327429844012077,0.000299859518425937,0.0049200637795653,1.75678669832401e-05,1.22542938358324e-05,0.00205292892169452,0.152467256056303,3.59030870166483e-05,0.000580974715118718,0.000103722319225779,0.001406752773021,0.133331394271234,5.13115602076367e-05,0,0,6.1271469179162e-06,6.94290265961297e-05,1.22542938358324e-05,0.00038618625531116,0.00780519438017941,8.64130452606971e-05,0.000789773351722535,0.000592944467740927
0.00072445670061643,0.00457625324924369,0.000943566338346414,1.11321575358226e-05,0.000590062600488425,0.000743599264774489,6.69742791623938e-05,0.000458846429169077,0.000599801549509925,3.69010304929921e-06,0.000739538791564461,0.00101116387710268,7.19676654298185e-06,7.44152808448381e-05,0.000514572985236972,0.00364991021414524,0.000146161080422536,0.00100849400165492,0.0348377182246846,0.00384296533452316,0.000233023280153599,0.0045938221018175,0.000639483541814201,0.000622551669047751,4.3963397102781e-05,0.0024498346669165,0.000740169802086343,0.0727579509671783,1.46388210295052e-05,0.000194170093611327,0.000935725729868764,0.000143774265137657,0.00522145509923392,0,0.00115966683672415,0.00960292852774074,0.000139306718095287,9.97585847150868e-05,0.00255939511868323,0.000984660659198406,0.00371821601078635,0.000304301074768162,0.000941122150080187,7.0073531640181e-05,0.000374454397844374,5.1661442690189e-05,0.00212168635200446,4.33373684784259e-05,3.60456811028342e-05,0.49493420329753,0.0258131580410213,0.00989266366288363,0.000318512297295127,0.000485451894176332,0.00233708886577723,4.74231265821982e-05,0.00280690926826934,0.000780463552363025,0.0118979828113645,0.154574132045395,4.00344082195434e-05,0.000293735095565468,0.00269883233085488,0.000617192433994269,2.53145279270088e-05,0.000289147198409779,0.000185223906482344,0.0029677343791803,9.2437068592176e-05,0.00027953246174767,0.00204330788058251,0.00016730238887314,0.0003399212766155,0.00268049978649393,0.0228328929334358,7.50285007036918e-06,5.55989392911879e-05,0.00324489958144729,0.00450064060872102,0.000504571307421054,0.000370913170047687,0.000447627289726374,0.00496280750567885,0.000267292399962188,6.30602046528158e-05,3.81274702106997e-06,3.69010304929921e-06,0.000176844112709409,0.00110119008960147,0.000576698707687056,0.0272231918887999,0.001145777952245,0.000118823372624516,0.0454360608946857,0.00500020221675753
0.0011688850588252,0.00467592566586804,0.00341558204179624,1.38684835642247e-05,0.00032098638755183,0.000789925795829471,0.00118503327192548,0.000180817364609634,0.00169371126034778,5.47654759340458e-05,0.000470415443162267,0.000478799174620453,0,0.000108304410197068,0.000117635372541705,0.00170525616716165,0.000573701551281057,0.00083195723566088,0.0426946295502616,0.0118570678190614,0.000554098305494172,0.0152939643405427,0.00094863098950377,0.000371201838911386,8.147373686405e-05,0.00159918121259446,0.00126359171646653,0.0140877265793823,0,6.68967949769721e-05,0.000142783331184769,4.16054506926742e-05,0.0039252100165644,0,0.000442146879945322,0.010192879116443,1.31600252413716e-05,0.000453089802317924,0.00847039020445662,0.00249910988867776,0.0309126545078768,0.000703549718177682,0.00519937691350178,8.147373686405e-05,0.000118487216505792,0,0.00121061802989953,0.000171692390152898,0.000183435498748563,0.0919541538260677,0.364663381243631,0.00250727357004388,0.000418733293733237,0.000344709126540072,0.00265463377626938,0.00012996452705721,0.00771378571512979,0.00049504531845716,0.00607840631326706,0.177073902338341,4.03109464499813e-05,0.00288023753134514,0.00373372358642937,0.000511687458847225,9.24792614833189e-05,0.00135919260004936,8.18619473113112e-05,0.0253268447888046,2.70285088055963e-05,0,0.00211100446227164,0,0.000251040752048388,0.00124630594634635,0.0180689878091226,0.000481437590080176,0,0.00337574658914179,0.00366092912744698,0.000472410253312491,0.000468269094955487,0.00111234238077149,0.00230667632940884,0.000119119559841654,0.000103058430654627,2.51479586430637e-05,2.70285088055963e-05,3.96024881271281e-05,0.000223746445198544,0.000283818402748804,0.0250156077009435,0.00311797247929065,0.000238909433005462,0.0711606648813837,0.00663712192620027
0.000327867872241692,0.0549248656958034,0.000307625888110813,7.85487634471352e-05,0.00126331121077986,0.00218734651755082,0.000157226969962415,0.00083937864711006,0.000382228232296021,3.70925202601954e-05,0.000417544382585545,0.000663917463628529,6.5854670167644e-05,2.54711001776537e-05,0.00012139171081282,0.0547774877645433,0.000515856657797645,0.000446995827997086,0.0270963814397763,0.000317424041417772,0.000347410808289028,0.0021651007938445,0.0020482015656172,0.000415186996067703,8.42439148068439e-05,0.0624679932169731,0.000481600457625829,0.0407711261069677,0.000148156718070823,0.000269203150906826,0.00318824046896679,0.0011819197803114,0.00924705678075198,0,0.000164653978379367,0.00100201298214127,0.000657353593508204,0.000118136920153904,0.000420091187400055,0.000427885653959903,0.000432501672102469,0.000130119156666309,0.000198386549661855,6.0797595151527e-05,0.000228736792396484,0,0.00660500713631826,0.0010346022893524,1.16214200825416e-05,0.0106004761051232,0.000516624583346317,0.502814330426325,0.000687203931552458,0.00124187230415258,0.000313541700792453,9.94526612078107e-05,0.0014724332622207,0.00499064467218963,0.0356764692469378,0.0314681853208531,0.000157368643350679,0.00053432021989755,0.00227071230465627,0.01842609496545,2.48053859611716e-05,0.000391534994723509,0.000149867467611364,0.000285244263351921,9.50889382810662e-05,0.000361508777807246,0.00268182825126926,0.000332621251188647,0.00052136672848458,0.00185772859810127,0.0510912640969592,1.318396587863e-05,0.000451704326675174,0.00520541869693384,0.00304109402792182,0.000306989716946422,0.000141944056239085,0.000395157540544764,0.00415134523216432,0.00032895906385783,7.19567805078202e-05,4.1712082990852e-05,0.000267659752685915,0.000401745425877951,0.00432582209769177,0.000302881396132156,0.000813327405768103,0.00166807566584391,0.00120383562361839,0.0248358884019413,0.00370754457504378
0.0326745088828736,0.000563265109914529,0.000128210503331902,0.00036740070284847,0.118849604792017,0.0133155293136186,0.00241972282877958,9.12246079060568e-05,0.000146877010574633,0.000557562906029453,5.89813717748335e-05,4.44179825617371e-05,0.000974167414209041,0.000232177885849876,0.0017040586836098,0.000770258680219564,5.35041427670399e-05,0.0067843433257227,0.0058933698420312,0.000198418289107213,0.000211991913196124,0.000222292298395356,9.5698676205752e-05,7.98306424716278e-05,0.00104805048546958,0.000647664622474931,0.000201605286211535,8.83519128263859e-05,0.00096802418000669,0.00268690417415436,9.66879471106166e-05,0.00337797016589291,0.0163721062257142,4.29439197044303e-05,6.32411978926928e-05,0.000186869071420437,0.000545122594948626,9.80984607389422e-05,0.00052902167009292,0.000284116528960494,5.47220982183693e-05,2.15975022181292e-05,7.45655989627706e-05,0.000167884850228112,0.00462442729712994,4.76944389125666e-05,0.359234772186403,0.000223595626094372,6.27440511031859e-06,0.000167141064008734,1.90905228296146e-05,0.000113464601290108,0.214192342140683,0.0263688651815515,5.97461023436969e-05,4.09279096868903e-05,0.00056895706056913,0.000459766485012091,0.000173242409512112,0.000592909443008635,0.00294348235383722,0.0705177138649831,0.00072487076170389,5.58746683830546e-05,0.00245699061421301,0.000244774940561495,0.000678038505294673,0.000184389791172132,8.77712635836669e-05,0.00168588757066285,0.0046492531399598,0.00502078875342187,0.0380767635568523,0.000176019745543406,0.00303360581377473,0.000403498624390153,0.000320114480565467,0.030618188604364,0.00118209934334159,0.000947630797756152,0.000120933165508556,0.00329378826341113,0.00102521337127801,1.5311897015129e-05,9.89705249714616e-05,0.000103631364307853,0.00164033088855166,0.00019787593088053,0.000649428918094927,0.00285948511699787,4.61817531030658e-05,0.000135252580191537,0.000411754884711325,0.00196386810866142,0.00254403286454212
0.00579564346380803,0.000694660973167899,0.000117359708276664,0.00102270722725677,0.0312098679252143,0.145442392208565,0.00139272783989064,0.000105401803906736,0.000140238557479408,0.000537238214525341,8.48254110627265e-05,6.45768035099609e-05,0.000716381790005063,0.000241029943764512,0.000727828862254609,0.00147321253662461,6.75455246917514e-06,0.00601322187496953,0.00418281329601172,4.14913392418963e-05,0.000136696574356474,0.000215152939869051,1.64219355645144e-05,5.22047651610086e-05,0.00029677147544076,0.000490290712704425,0.000147416424611724,0.000132748475013018,0.000197794155715609,0.00154976927970474,0.000268811330880028,0.00108786574291107,0.0741510209761364,1.2111957924637e-05,0,4.44600604236868e-05,0.000286785055293593,3.97619480814455e-05,6.83626347973456e-05,0.000152889029829112,2.13707859671792e-05,5.18297830109796e-06,8.8773220161766e-05,5.00886242900054e-05,0.00142212932458636,4.85170501219282e-05,0.0810843601078171,3.23756153321624e-05,2.67870272773092e-06,4.33245541415193e-05,0.000205513429977408,0.000381942674740329,0.0292021018550479,0.393875543665176,4.15188520750089e-05,0.000130125251823653,0.000737697517190882,0.00134790686150944,0.000185140751702507,0.00029531006948208,0.0212340559426407,0.0920994854707585,0.000875650955058561,0.000113407757837834,0.000632729700760416,9.34604161972412e-06,0.00049905001647112,2.67870272773092e-06,3.72685751792008e-05,0.022908885524052,0.00348871660473961,0.023696825894403,0.0116104117458005,0.000642121154917548,0.00288826701331484,0.00151763212450981,0.000696839125050606,0.0150854522459773,0.002830389921663,0.000462013549167134,4.91104148978013e-05,0.00161795445633892,0.00140362945912042,6.71518578139388e-05,6.09133190097567e-05,9.13254152830352e-05,0.000467526880156391,0.000320991008404555,0.000408366662743551,0.00204655011468368,2.59148915054898e-06,0.000135812996331631,0.000432460835442906,0.00101246975737732,0.00199260556800171
0.000146370097443577,0.000290802374211375,0.0032013235624657,1.32718344181086e-05,0.00096124643128753,0.000466217597512697,0.000140138525188747,0.000141412317445217,0.00703710639041472,0.000194939584753309,0.000566599321829273,0.0531694758734061,3.44401107634916e-05,9.68396544512982e-05,8.41147175098931e-05,0.00044339457952567,0.00388131730990573,0.000746796966608328,0.00983011243184096,0.00952231656205463,1.40805243265568e-05,0.00281554338042184,0.00670153251279173,0.0101151340839283,0.000175245354029059,0.000384357361314212,0.0122843994323599,0.00106950021795774,0,0.000486834200688089,0.000135334373328622,0.000129481973315651,0.00349638653424813,0,0.0389398453413485,0.129180998601432,0.000253449437878022,0.00203431957058827,0.0391649378354251,0.00464009843874802,0.000682170136285674,0.000172701157891077,0.00205349468122654,6.27906211037807e-06,0.000111241117371755,0,0.00221240547744426,0.000481021659268196,0.00124485684678694,0.00265363929686889,0.000523205583337385,0.000729192768378943,0.000415538927049875,0.000435417534875551,0.343384370130235,0.000230607024411888,0.205682453600818,0.0006866511825836,0.000460803847727083,0.0038288254663178,0.000141727401919962,0.000239046452751697,0.00185590711988673,0,0,0.00232496573491393,1.39855446154611e-05,0.000767235681447315,0,0.000524654953981169,0.00140714043440509,5.17074071332773e-05,0.00020962582089538,0.000815807771412095,0.00773917524828132,6.27906211037807e-06,6.99277230773055e-06,0.00314253633132865,0.0495981504017329,0.000311970650556758,0.000583794038586981,9.76008545041985e-05,0.00165246679366315,0.00235034636158129,0.000405609015019098,6.99277230773055e-06,4.14803729267699e-05,4.37048269233159e-05,0.000211732646214304,0.00101247476442159,0.0057804415067501,0.00439140292600643,0.00081264782243026,0.00285238941073579,0.00161541618009456
0.000402558608413985,0.00187031771356378,0.000159404060660482,2.83887599289693e-05,0.00307468286448758,0.000428979269618618,0.000166666667477981,0.000425665451864317,0.000182502250028398,6.54270499043519e-05,0.00121297087390115,0.000286334530622295,1.4974764652537e-05,0.0193703822768872,0.000359723052105949,0.00127649451039629,7.29818667260899e-05,0.00394642068147063,0.0842962813008815,0.000209957497655501,0.00266747417305207,0.00110114454201431,9.37806925865789e-05,0.000130556629895948,0.000595243008223909,0.000334224010192068,0.000258929818659403,0.00068672314615911,7.48738232626849e-06,0.000297157107632264,9.53765792094258e-05,0.000446644162798709,0.00356471016413949,0,0.000195625280054396,7.92719840854714e-05,0.000291300161804627,9.38495270810559e-05,0.000345026294196879,0.000177007975981929,0.000182068511125696,2.24621469788055e-05,0.000349128462728519,0.0133569857169303,0.000284972151213235,0,0.00408841363241689,2.24621469788055e-05,6.38325632805124e-05,0.000678051406555248,6.38662805282472e-05,0.000450175884507018,0.000701590773751585,0.000131513674131669,0.000330631489883066,0.333837743350325,0.00150188166125299,0.000204804363215598,0.000890685766533109,0.00329614242786158,3.66396683194227e-05,0.000309231064289542,0.0041073041177875,2.17323381623553e-05,8.80489978069589e-05,0.000152152699068357,0.00457505786266835,1.46098602443119e-05,0.000804174836004269,0.000258315522884312,0.0339195718822026,0.000129486848604135,0.000705620946482653,0.0103611837113169,0.0265164939724309,8.82877409165157e-05,0.000374065974366398,0.0121430215322855,0.000816677346486154,0.0368991312774728,5.87706281377379e-05,0.000433450536971146,0.236351374637002,4.38295807329357e-05,0.0322495072707811,3.74369116313425e-05,3.54438033515431e-05,0.000380399863054938,0.000893766253539393,0.000466288697574887,2.20635253228456e-05,0.000111555838899512,0.00250663042645577,0.0091576911333684,0.0951609235918373
0.000282722210856325,0.000863726546322088,0.00475178075155157,6.98749650311231e-05,0.000568256933429176,0.00053011850490977,4.39898980992167e-05,0.000111501189686837,0.0170060175852872,7.79917205841954e-05,0.000838785369009395,0.0224092666176007,8.65166979667144e-06,4.75564242150444e-05,0.000159583821017125,0.00102294764291278,0.0184640448867395,0.000540816315221127,0.0184062877109716,0.00651619363243817,0.000146655892810287,0.00459791294512669,0.0209235460027085,0.00787969552374404,5.69116806078568e-05,0.000523738921633872,0.0879846187838525,0.000379588402171169,4.25811359737789e-06,0.000204410354224029,0.000127753846533072,0.000126255933721452,0.00278111615206751,1.45216663629526e-06,0.0148377918507045,0.0120565294385483,2.71480574949661e-05,0.0114306948599177,0.0367860583709113,0.00922177733930306,0.000773168825976112,0.000183647858945782,0.00235455270810989,0.000209171619615438,0.000251537367212631,2.01089163615672e-05,0.00355856744780015,0.00219435640513674,0.00601135154787777,0.000959670087134005,0.000574391069268912,0.000363269208740542,0.00011923115769353,0.000495369655222097,0.020117970699516,5.37782911795116e-05,0.531792557835933,0.000306499131392724,0.000396082358379859,0.00177374015915207,1.52843884329759e-05,7.2325490555749e-05,0.00315642050092827,0.000122738602250928,8.92625586690017e-05,0.00671485398206103,0.000166095287403404,0.00211791493146698,2.67664166721778e-05,8.26008099938116e-05,0.00182004401281513,5.15616376277171e-05,0.000293633410549496,0.000505243182609047,0.00931086824571801,2.85514011683658e-06,5.05605463287043e-05,0.00161723171683394,0.066741329405815,0.000312463714340664,0.000498083996315914,0.000623003459813072,0.00275854466704882,0.00430418834047265,5.87930110685659e-05,1.38814149524346e-05,5.53791909210516e-06,8.03371563439306e-05,0.000423308105640699,0.000528012819680535,0.0013482845354401,0.0107232301267532,0.00011292650997542,0.00534388394665224,0.00458087862691888
0.00209455681811276,0.00355460440215923,0.000257195636516343,0.0073103540269517,0.00248067648737489,0.0164789626290029,0.000226329793190933,0.000555700613541134,0.000199417907973506,0.000354144925117764,0.000584876653400194,0.000135617894635775,0.000277895073428249,0.000102327347571249,0.000376252611328958,0.0266172779806929,2.94606564505304e-05,0.00551154625885003,0.0166834330895938,9.87289823189621e-05,0.00044454912268178,0.000781076477250919,7.25979679467811e-05,4.68830797720458e-05,0.000156463381826898,0.0282273873362951,5.91900360749987e-05,0.000615125343208227,4.47704921927717e-05,0.000653649824292212,0.0358992888004468,0.00061722474285855,0.414724672140949,0,7.11135430180588e-05,0.000211276781486968,0.000334893640805958,9.00784307334195e-05,0.000211470219033959,0.000228493762319853,9.19222951387556e-05,0,5.6603282833156e-05,0.000237598801143435,0.000864265766291075,0,0.0121028544997063,1.78965889840841e-05,9.66216359598724e-06,0.000464192201853047,2.23852460963859e-05,0.001000576393056,0.0028190792397175,0.00357863861422661,9.84602591450241e-05,5.36897669522524e-05,0.000685508786527929,0.272337529238,0.000639269972098842,0.00213853557798806,0.00077081575904367,0.00260926482070085,0.00413264862671979,0.0011183659473873,0.00040430526961005,0,0.000278710542403121,9.66216359598724e-06,8.19914083688304e-05,0.00258200184150638,0.00392722321300678,0.00658747576203262,0.00147366117639269,0.000685648914859349,0.0219595640327455,1.4150820708289e-05,0.0548008555303206,0.00583634790352681,0.00122570164128627,0.000347010752715909,0.000189492262423765,0.0016627382026215,0.00246298359338112,7.63437362225762e-05,6.82580666022781e-05,8.09811491026767e-05,0.000508149210314021,0.00340060219696401,0.00612228763868564,0.00192271778880087,6.6681572626589e-05,9.6616394739688e-05,0.00133924340517502,0.00454568556306925,0.00397357948758028
0.00061774684117408,0.0650405579749412,0.00053452056280227,6.53222697248185e-05,0.000612370394343677,0.00165773736315296,0.000212399819130392,0.00100723441525969,0.000365934487648844,2.18359533519794e-05,0.00116491872812857,9.44963778258657e-05,6.17850836490687e-05,0.000102979239964828,0.00024976943956812,0.0158728687200366,8.92120812547663e-05,0.00097328401350269,0.0816107288259233,0.000342566327042431,0.00059159738508176,0.00383413710210129,0.000182746996329532,0.000236022769384733,0.000123969438417804,0.010208497249371,0.000363031532281771,0.0323995997325048,1.29513998830693e-05,0.000326904612697976,0.00141678798305377,0.000385864144838775,0.00293315785574032,0,6.22624091961373e-05,0.000685110782438457,4.20045401613058e-06,9.28324438895874e-05,0.000379293491267318,0.000311432196969107,0.00321932326535968,0.000140169423260643,0.000728553450564031,0.00012703660237083,0.000213245574029396,1.36582872093873e-05,0.00341253832760349,3.57174824510358e-05,2.66764908934423e-05,0.014556520494223,0.00239691034920008,0.0338691201310314,0.000210914610312484,0.000232077948846106,0.000150859610099792,6.26772073781699e-05,0.00132608129254733,0.00152381221458165,0.260707118794932,0.147618597564373,1.78587412255179e-05,8.98085453941613e-05,0.00270256231874519,0.00380764264303176,5.01126530587525e-05,8.02378934981586e-05,0.000274649804636659,0.00108328615748557,2.66096870924566e-05,0.000414380856912123,0.00283531321742993,0.00021224016265848,0.000365318572073325,0.00296791919686592,0.101617653246715,4.20045401613058e-06,0.000563170112168989,0.0039940429231088,0.00300738647002949,0.000594569901593138,0.000160580404889356,0.000324120443861036,0.0072919001408608,0.000209919558215637,0.000125092975984952,1.89156663865135e-05,2.36445829831418e-05,0.000270266131110773,0.00134520395613917,0.00130901607171556,0.00171493746305626,0.000386695945323831,0.000451817535866759,0.155311012165407,0.010527635381304
0.000437601482513981,0.00962422365502588,0.00118512594848175,6.18521791716537e-05,0.000773476915488441,0.00237717483275251,8.15603656016405e-05,0.000659158163187509,0.000407430867612688,6.94445430600957e-05,0.00150428826691427,0.00045011264554954,5.91964071909443e-05,0.00012021575316766,0.000142809023228379,0.00441457446247116,0.000169315633727736,0.00105860502729942,0.0913688858047149,0.00177946011891505,0.000767729104165638,0.0112917187784745,0.000536559231417895,0.000529386812500031,0.000176133830314359,0.00424559164587736,0.00059885275929358,0.020571806753635,2.99194444047787e-05,0.000263644776493608,0.000656626410421508,0.000213348442741133,0.00452405595179652,4.91577830615746e-06,0.000158340424404007,0.0020708770461789,4.48451223719124e-05,0.000180449574962839,0.00112539567213277,0.000973274764159817,0.0106225825153258,0.00014160025484222,0.00157080566881886,0.000161547037943365,0.000404008612129657,1.52353436558291e-05,0.00397059793706806,3.68807595731292e-05,4.07681802290839e-05,0.0372533941854303,0.0130172452938764,0.00353151169220064,0.000292222210061911,0.000362948912662614,0.000285037529845547,0.000279979539065917,0.00294935171300659,0.0011458363532178,0.0292927646908781,0.431299345614641,3.33749729908783e-05,0.000307916097408317,0.00803289047887874,0.00101729821629387,5.71866704141343e-05,0.000310334257435808,0.000230521687184643,0.00314749718327938,4.16450532856231e-05,0.000191299995778845,0.00305621827428366,0.000143229347423644,0.000425441946429353,0.00243261088141218,0.0464969245735165,1.07740687562608e-05,0.000156856304516545,0.00485152916215091,0.00364016444056207,0.000808342495515704,0.000225460848253866,0.000262152960894793,0.00755649557281072,0.000143982622524896,0.000260155413667341,4.80066259812591e-05,3.94002470297362e-05,0.000227648550544122,0.000891657199910411,0.000477694722038385,0.00419213216936523,0.000520172630762249,0.000423673611009411,0.196956982048482,0.0100006802046083
0.00873500035294886,0.000190162008653099,8.2303645714424e-05,0.00275692493992409,0.0156906383322613,0.174895622179788,0.00119506511320403,0.0002746106335512,5.88649247668628e-05,0.000436495438493398,0.000130760839090317,1.19874828717403e-05,0.0003542964210732,0.000230245109696381,0.000296073681254377,0.000964826227205575,0,0.0105843732189113,0.00440700536652425,0.000126002425421071,0.00168817472492427,0.000488849124393044,4.50199884029253e-05,8.09818519120915e-05,0.000770739257404897,0.000334438995908819,0,0.000132200267538781,0.000270856919979765,0.000733784388291932,0.000267470801193904,0.000541675689301437,0.172782212575248,5.29158017535922e-05,1.19874828717403e-05,1.19874828717403e-05,0.000381759677976754,8.62770954833106e-05,0.00011682666588118,0.000484380692335292,2.64579008767961e-05,0,2.34387209475613e-05,0.0001694167912852,0.00180483984378649,3.00133256019502e-05,0.0622113742033799,0,3.4353714227463e-05,8.28398905103433e-05,0,0.000222240244344632,0.0193152224568714,0.202072861975053,9.53636181780028e-05,0.000226368380028527,0.000242800108395264,0.00278696853414093,0.00012257750004817,0.000618885253521213,0.0926418991979549,0.0525350629919766,0.000837627383025719,3.59624486152208e-05,0.00209298456984501,3.00133256019502e-05,0.000319659604861113,1.50066628009751e-05,0.000209825568678054,0.0111563469658154,0.00423394285895238,0.07134359179051,0.0306257930962855,0.000844508016669575,0.00428566212318264,4.63411970992032e-05,0.00366614098468212,0.0148251761739582,0.00141150935145093,0.000799365082993124,0.000115048625554129,0.00151931442942406,0.00128825881273377,0.000183219809213136,0,0,0.000404982430504772,0.000526680791817366,0.000783005098217012,0.00117674790618154,1.19874828717403e-05,0.000163349448519742,0.00084310641854181,0.00159787872444976,0.00864018034078931
0.010043846010749,0.000493666563284743,7.32996421114294e-05,0.000395758864069959,0.130216894510079,0.0321248337366814,0.00145013187793489,6.89065639996037e-05,4.6274895268047e-06,0.000248681714141808,0.000119649305102449,2.08119367909787e-05,0.000626658087969729,7.96061069517227e-05,0.000959353978213414,0.0006818584931666,0,0.00393881733533212,0.00395134311265762,3.59579697496474e-05,0.00027698503314485,0.000292854098667102,7.88840662641548e-05,0.000120990669583357,0.000610001285758776,0.000175098665261957,1.83436024586005e-05,0.000105130154797563,0.000666486035442373,0.00147133355267417,0.000154911798703494,0.00222498170125385,0.0191701126161916,3.32142152982685e-05,1.48755123750122e-05,7.14790632670202e-06,0.000239321923426599,1.64028853803114e-05,3.35301063928322e-05,2.48597265961752e-05,0.000150492301495576,4.6274895268047e-06,0.000176087920481521,2.69667993230826e-05,0.00308928483028854,2.73280609285534e-05,0.152698796409729,0,3.30534966200335e-05,0.000221037452943319,9.75244994044007e-05,0.000101445439019105,0.0854110278029409,0.134294467668083,4.41678225411396e-05,2.82757342122444e-05,0.000338568956234127,0.000845816950669129,0.00030891427350222,0.00058577843144884,0.00889678229620902,0.327001109958559,0.000362759252723211,4.07202961163648e-05,0.00114993889138663,2.07144838125524e-05,0.000243378291873382,4.50634133573114e-05,6.2459342532221e-05,0.00983213180739423,0.00321474516754175,0.00893353969146678,0.0144196744516405,0.00019155293164883,0.00164832851173132,0.000207620410903414,0.000267670831878132,0.0209158623209961,0.0011452508958091,0.000639893284056237,3.73189871063283e-06,0.00159977357645511,0.000879703038479242,0.000654819729947139,5.88769792675335e-05,1.55072945641395e-05,0.000950954100240098,0.000184177808387134,0.000735816188664259,0.00261173143831706,3.13304802228427e-05,3.38459974873958e-05,0.000215097712860189,0.000664100738299182,0.00236750529256053
0.000215678056156474,0.000734804994941383,0.000856597046416324,5.88913393891292e-05,0.000826359655916133,0.000492164732262429,7.74489772725589e-05,9.0020358687638e-05,0.00102360360315626,0.000156533198008283,0.0185644512711479,0.000166189480242562,7.98966246042619e-05,8.80662434338461e-05,0.000237477441835174,0.00140124651639989,0.000151193157502785,0.00138999483830866,0.109561490626815,0.00035871585785481,0.000342311943746609,0.0176914797315899,0.000459868210562084,0.000555823067293315,0.000196966161022301,0.000411062662301386,0.000855827547786816,0.000599822284320618,2.51206125180338e-05,0.000248513772516614,0.000262074048795312,0.000143496829434552,0.00333285950537512,0,0.000236290462505204,0.000238182337959121,6.20303329218523e-05,0.000310154600206195,0.000486002777443442,0.00629115641185694,0.00109338731805513,0.00679470111571259,0.00375673771833231,0.000150505774193978,0.00037855298767859,1.60150500847582e-05,0.00398428133574646,0.000109916223957203,0.000115757380646713,0.000502104494831937,0.000257418833263925,0.000361702534582175,0.000352987027827635,0.000175503446627803,0.000282647422486918,0.000257937857942243,0.00372713031308782,0.000732129663823265,0.000712365507141478,0.00311178757922701,6.83334421741792e-05,0.000162262310295005,0.711608224493295,7.67418936795038e-05,2.7552944821976e-05,0.000978013337937433,0.000212995510862078,0.000188480525765136,4.98008925979858e-05,0.000109138566309638,0.0023632154589722,0.000250760694973499,0.000436537471635213,0.0186042147991829,0.0125283385176137,4.5397433534901e-05,5.49852826238483e-05,0.00399382572683763,0.005516080104376,0.000527379428951469,0.0128760814876997,0.000374576972076434,0.0120838895916414,0.000323457493064016,0.000132277562210504,1.88034557828284e-05,2.74746374159833e-05,0.000114557393709978,0.000399250418607933,0.00049741658873926,0.000148919543595663,0.00101089079435847,0.000231710878070989,0.0101753140967438,0.00762966334408661
0.000237403998380089,0.138048004187778,0.000420910268779256,7.35180519797325e-05,0.00190314593151297,0.000997910032468939,2.45060173265775e-05,0.00250352692957162,0.00064850410515994,0,0.000534140083597419,0.000220554155939198,7.38770498320191e-05,5.88092715379365e-05,0.000132327323517669,0.203732156336975,5.88092715379365e-05,0.00102554813657755,0.0422194219308719,2.45060173265775e-05,0.0011513495250239,0.00112178433102269,5.88092715379365e-05,0.00023632700482323,0.000200933831940387,0.10971946749814,0.000162808952843497,0.00566921755694623,0,0.000175379278658023,0.00659050916746926,0.000183134347432257,0.01079178808224,0,0.000171529196171419,0.000176440739728433,4.97300303577281e-05,0.00020202375061187,0.000393423057003041,0.000287134028737817,0.000479235798347111,5.88092715379365e-05,0.00030377315828699,9.802406930631e-05,0.000623430984461184,0,0.00370578587372653,0,0,0.00327507101154913,0.00216224549837644,0.0835954583982394,0.000476171242495376,0.000359216089308404,2.45060173265775e-05,0.000201305754907297,0.00176602890319891,0.00649968498297907,0.0189937426759645,0.0122246106220373,0,0,0.000782303886044152,0.125569613056026,8.04588385326714e-05,0,0.000221631149496057,0,2.45060173265775e-05,0.000193178763166154,0.0033518268047421,0.000739764428460304,0.000256293401559703,0.00165182098871243,0.142326243369565,0,0.000173584289396591,0.00163567271553361,0.00107786959654508,0.0014994603334987,5.42696509478323e-05,0.000227853940344423,0.00491808198884648,0.000343058392342838,0.00063706277134612,0,0,0.000409208831001697,0.0102943048715291,0.000838703983262931,0.000403909831991322,0.000336544134572482,0.00197948817691024,0.0272082959972323,0.00763852068766073
0.208625550976457,0.00109069623820838,0.00015104490677206,0.000430132819903292,0.0272301639009273,0.00515428118454157,0.00818621483316785,8.14305875117329e-05,5.05999428854175e-05,0.000178986962236523,0.000167843754965811,2.04350210288728e-05,0.00238123640852798,0.000753264716220069,0.00120812261576942,0.000460243344179427,0,0.0419262844938541,0.00489190626322339,0.000365107972694877,0.000577093761505806,0.00013203053039715,0.000153309672424637,8.35395398599084e-05,0.026499374185429,0.00013903286357325,7.00127298326707e-05,3.07490688686535e-05,0.000950718409921947,0.00200027876083024,1.02175105144364e-05,0.00254158751689872,0.00777668999070294,2.04350210288728e-05,0.000795612366824714,0.00261037419865107,0.000285649699425545,0.000127379746837168,0.000154173772527006,0.000303468558937589,0.000116065764694374,0,7.2812119880102e-05,0.00068430276940758,0.00356831367780734,2.22121769946845e-05,0.195263435098365,4.98450210012253e-05,0,0.000159141390901669,0,1.19946664802481e-05,0.0233580571905512,0.00447139070295365,4.29145102209848e-05,0.000192326000294982,0.000654232871542152,0.000304441078014402,0.000124434296847139,0.000354036163536762,0.00218724683306837,0.00336114693436608,0.000261414359471292,0,0.11445042749973,5.31320207354212e-05,0.00211091287868031,3.06525315433093e-05,0.00114289333273826,0.000268509016341791,0.0174066841600126,0.00779851033265698,0.153614765346033,0.00025678928541573,0.00403324942481465,0.072541272576861,0.00073910025654598,0.0235585026773125,0.000679973980771271,0.00127739557767314,8.4051864476158e-05,0.00281828912869445,0.000843498748559465,7.1522573601055e-05,9.57792187589786e-05,5.05999428854175e-05,0.00146894553811457,0.000613092107561163,0.00119745698139558,0.0011018940371648,2.83877658907329e-05,9.96900420024507e-05,0.00285427355413621,0.0014773895858171,0.00335731953861046
9.25810066539091e-05,0.000281275562613154,0.00393371758103206,1.57886131755615e-05,0.000964528089191025,0.000253230284504955,1.54703263818668e-05,1.54703263818668e-05,0.013899062714517,8.37750096491152e-05,0.000570500355012086,0.00217688424645361,0.000126444073996714,5.26850308319643e-06,6.7321374997497e-05,0.00046131639651756,0.0078699706413307,0.000334364827177737,0.00963952024714916,0.00106578087767496,0.000255827016903008,0.00326340227083153,0.114188909212756,0.00208171318427861,0.000278033780766273,0.000266716160614807,0.0686341024846794,0.00011948095954653,2.10740123327857e-05,0.00019649920954249,0.000150209108561639,0.000109013338630596,0.00168934467273835,0,0.000867905066792331,0.0017820291901914,0,0.00472190371781239,0.0048172868907468,0.0274825717290863,0.000343065041137461,0.000390373851920535,0.00166456192266347,3.12420434834006e-05,0.000302038433365981,4.95021628950174e-06,0.00234773650293253,0.0431872520078869,0.0090100935744792,0.000401662160887471,0.000951147478050231,0.00013007306053591,0.000247149494869573,9.88695501870307e-05,0.00250085312695571,0.00010513351662754,0.0690508269801951,0.000380427413502259,0.000309813642798419,0.00162784648097408,0,5.65959063702432e-05,0.00569372915681348,2.53707589608703e-05,3.58739729792077e-05,0.401899957283771,5.65959063702432e-05,0.000478341626107012,2.10740123327857e-05,0.000109999252546903,0.000800086232943279,2.62580350458434e-05,0.00029212811696041,0.00101097726610065,0.00359591682991669,1.05201100923651e-05,2.63425154159821e-05,0.00111822112202371,0.0367358174731483,0.000387710875723426,0.00245142135640758,0.000212437148771468,0.00264495615569613,0.00847243347721416,5.78521574709942e-05,0,0,9.35794100433404e-05,0.000369826969617717,0.000219364670119249,0.00034545026604903,0.12208325474045,6.10526675705215e-05,0.00296540239904195,0.00175804256387907
0.00268225237949119,0.00236086544699497,7.15995283256631e-05,0.00124244363486358,0.00498745001102887,0.00153659516801137,0.0005102217642701,0.000666198812775689,1.51131737029078e-05,6.5189544558229e-05,0.000403868060001832,0.000118623541265418,0.000279396907297404,0.0192551597477339,0.000572521576539413,0.00154447440774916,2.36641850541295e-05,0.0353515640516301,0.0268457783755422,0.000212563989395527,0.00833295307471856,0.000972346403441597,8.14869306977862e-06,3.085606297677e-05,0.0230162467606963,0.00085260596619477,0.000702132861614256,0.000357137046420384,0.000198114631481449,0.000310457625156006,0.000352193773830934,0.000485093466404942,0.00756847831800524,0,0,0.000149496212360871,3.18356205315881e-05,0.000259657086751544,0.000300346334629125,0.000406965018752247,0.000143996701731993,6.40053321215795e-05,0.000457828547464905,0.0154014412474792,0.00223797921777134,0,0.0175085188498968,0,1.57428892738622e-05,0.00063286760436944,0,0.000318233733834241,0.00195115084704565,0.000928422844993366,0.000598229792406765,0.00407647664665316,0.00144404970809509,0.000718301628589532,0.000722328347326005,0.00204364296007748,0.000273924505404182,0.000650552089866457,0.00344275537158979,2.32618667726864e-05,0.00167088808083819,2.26697605543616e-05,0.322842207029026,2.40665033355727e-05,0.0168253157880206,0.000143546286874591,0.334828757122461,0.00175111998690297,0.00487505743408386,0.000554217876088415,0.0148715816284757,0.00383549591171238,0.00417211907871349,0.0135324530672634,0.00088515092751148,0.006669980141978,0.000419183236645039,0.000905718113634262,0.00612993882206066,7.55658685145388e-06,0.00100827780033863,7.95890513289703e-06,0.000346339184303349,0.0027546022867275,0.00584369113277488,0.000430980786963973,1.51131737029078e-05,6.24642862188468e-05,0.0274290861215474,0.00505811659168118,0.0253420263515462
8.03691369219161e-05,0.0022629633084593,0.0117620586474948,2.29970889433368e-05,0.000530728795395595,0.000476805193110263,0,0.000221679705491708,0.00693728917799193,0.000741656118422611,0.00364131308576935,0.00569709171670976,0.000107158849229221,0,0,0.0013444554333832,0.0018057654351324,0.000706871451679931,0.0566022356383428,0.0457568275401328,0.00012685320850625,0.0603162820828981,0.00245984532513716,0.0022851067408302,2.29970889433368e-05,0.000859120607130894,0.00425954973270619,0.00463837710887141,2.67897123073054e-05,0,7.47003142725903e-05,0.00243558160332,0.00705636368645589,0,0.00191702668608098,0.031427227192725,0.00121779080166,0.00168775105821175,0.0573035955552773,0.00761133477329059,0.0330949046293234,0.00483533409233302,0.0333087944846499,0,0.000182316292181114,0,0.00235228820827931,0.00724131499255107,0.00231670995855779,0.0215989158027273,0.0894811677117238,0.000681990703676341,0.000103366225865253,0,0.00491629212971765,0.000131110420324416,0.0480284875227006,0.000133948561536527,0.00228273413701892,0.0896373620600691,2.67897123073054e-05,0.000187769334910663,0.0143447473280749,0.000223131541116122,0.00020296513361,0.00185792410212473,0,0.17274009158073,2.67897123073054e-05,2.537064170125e-05,0.00391852686141576,0.000287101588652422,2.67897123073054e-05,0.00323736358648139,0.0158330808896524,2.537064170125e-05,0.000192059311747187,0.00223655913208,0.0230222293336822,0.000437491177743678,0.00154147739332933,0.000293132434441036,0.00208424971851804,0.00510280482205373,4.97868012506422e-05,2.67897123073054e-05,0.000107158849229221,0.000323659625769264,0.000516633194875055,0.000337250413042352,0.0421009669970893,0.00395829739919018,0.000762538321643555,0.0351674646433431,0.00402404081710065
0.00170650287971464,0.000122228660205597,0.000241932348673566,0.000753270847074967,0.0161738346176949,0.0012062606975589,0.000383340584550084,0.000490571935364796,3.63696692731327e-05,0.000558522344441025,0.000300049771503345,4.3975062036241e-05,0.001203136593163,0.0190255362009504,0.00119762233353991,0.00125700395271326,0,0.0349727711212709,0.0191018793320993,0.000502540127243719,0.00460423511581381,0.00050805438686681,0.00029261464872747,0.000197957286637325,0.101416859087952,0.000441082613705464,4.94893216593313e-05,0.000236459606937774,0.000770051692930954,0.000404712944432332,0.000494754201644832,0.00583649038697102,0.00572472592262534,0,0,0.000247446608296656,0.000494021340960053,0.000124319793345615,0.000192443027014235,0.000221207303524259,0.000252062713174302,0,0,0.00565944292118474,0.00296693571232606,0,0.0332562981951896,0,0,0.00030407700657126,0,9.34643836955723e-05,0.00935784003886806,0.00133968814699791,0.000175900248144964,0.00618825196440673,0.000386079032423043,0.000725838563907997,0.000236418089050476,0.000537505807736273,8.03447313093737e-05,0.000166203722241838,0.00114057939985331,9.89786433186626e-05,0.00323632338004093,9.89786433186626e-05,0.203582849296428,0,0.137727698270058,0,0.265226464931845,0.000706264979265965,0.00393683352251985,0.00384633479105854,0.00979012847985389,0.00184824416946182,0.00344870927653318,0.00831654374684026,0.000539163102278682,0.00623285390433465,9.89786433186626e-05,0.00364854335383083,0.0138965268519422,0,0.000772338597681865,0.00076685061717096,0.000175900248144964,0.00193376924017926,0.00464988271116757,0.00294887734175177,4.94893216593313e-05,0.000571814821419614,0.0193348938651636,0.00125289199360995,0.0168616682096056
0.00108583894009946,0.000561001017877268,3.09158952158146e-05,0.000458902091352577,0.0223967673852858,0.413621540531516,0.000920773383621699,4.77822108718282e-05,0,0,9.81316159229638e-05,0,0.000186235140228221,9.08243936882866e-05,0.00021889139281177,0.00173275349285212,9.2481698461603e-06,0.00163302028603082,0.00263309992453957,0,0.000321657487009799,0.00101885109037307,9.74202801275919e-06,0.000216231462970924,5.59828772435607e-05,0.00107688811144241,5.54890190769618e-05,0.000180306805595905,0.000571190757283901,0.000309552870345303,0.000697212085265336,0.000249756299721299,0.125063763334922,0,0,9.72124855659401e-05,3.84742538844379e-05,5.15361171110411e-05,8.55636108629594e-05,3.4946624108942e-05,0.000288724411772336,2.32977494059613e-05,0.00011483144225649,8.76782521148327e-05,0.00266737828655666,0,0.033680436296988,9.2481698461603e-06,0,0.000516814696605897,0.000280508952631146,0.000351743356379959,0.00568559453372621,0.122095011883741,0.000196747406945405,6.72064797561165e-05,0.000606640422528037,0.00254947241975453,0.000225116626517107,0.000699987516122384,0.00595235724192118,0.0297144991035231,0.00390604558237743,9.16223552458093e-05,0.000141121215916095,0,4.67347073974004e-05,2.32977494059613e-05,8.40547556261534e-05,0.174932071168329,0.00103176087291299,0.0073046079297671,0.00141780063109602,0.000149519283497495,0.00315980202562553,0.000575784568126618,0.000991134419652563,0.0129384178481492,0.00388605930421865,0.000204089172217433,2.85151903589942e-05,0.00126229328380741,0.00109394462399019,0.000179221185916394,3.74865375512401e-05,6.03590147667766e-05,8.52089612818382e-05,0.000432591799157778,0.00181422918239482,0.000531919310109242,2.92260840382776e-05,0,0.000279894309798697,0.000849821354345225,0.000757987131271505
0.00374542134255629,0.00149161195560436,0.000242288586858052,0.00109446983537961,0.00542981648997217,0.00221133047799693,0.000967625221701464,0.00169870105549753,0.000255496702068873,0.00047312553118725,0.000821011867020017,0.000126817552131162,0.000391370896351973,0.00619197560401883,0.000603425156981111,0.00508521654069448,0.000128183360847717,0.0398135996085733,0.0442219143868608,0.000221702529839639,0.0166125829707117,0.00187190695308588,0.000579069612186647,0.000325858638656819,0.00986419644052743,0.00212403120716773,0.000399825422687414,0.000401064369276763,0.000208685712078304,0.0012993683059601,0.000792806617004541,0.00135559909971182,0.0120637162826478,7.98734356729199e-05,0.000133773907679007,0.000474988232523706,0.000514122037551357,0.000188543183494942,0.000455913700260497,0.000840020345772717,0.000355202192907104,0.000159006663139411,0.000766690223758278,0.0189600243052523,0.00151433161736651,1.94481678881588e-05,0.0227501601364483,0.000183074861202652,6.51794085255527e-05,0.00115127891406376,0.00012758009825419,0.000720567409785549,0.00224920962649154,0.00200705065927951,8.89722408420984e-05,0.00388165768207847,0.00237261474288333,0.00112656395910925,0.000891908185517175,0.00285439432142618,0.000537986150390722,0.00133720454436983,0.00370238616660197,0.000271491754636944,0.00111182028357621,0.000118704470594345,0.0458719723140883,0.000271293894650304,0.00417442629392519,0.000335006552288193,0.524302812614334,0.00185585596817726,0.00416503533325634,0.00152767877300091,0.0254072258092696,0.00123390882153138,0.00303884157900957,0.00925532812522683,0.00375319941479008,0.0116092335121391,0.000270718340376765,0.00199283375819324,0.00991186587713207,0.000297721707828845,0.0011260424269695,0.000152318328008123,0.000207675399695004,0.00347689653751289,0.0136528593877686,0.00272678682251684,0.000467957886676836,0.000251780828969417,0.046779813626666,0.010329584958039,0.0364277651447708
0.00952353357345284,0.000702849529277549,0.000341754604744895,0.0148677494597597,0.00741926505461176,0.0839398202139287,0.00117526379760346,0.000350607200235522,0.000209503542570736,0.000438374266583587,0.000257151757755393,9.07198214788862e-05,0.00041461172388046,0.000291061992343457,0.000553761681575835,0.00171260328360571,1.95459043327233e-05,0.026823450221537,0.00518716988622161,0.00024227802199024,0.000359634908135564,0.00100967217164539,0.00016060880943264,0.000190634837478039,0.000854785406052863,0.00159020845197762,0.000396863330821963,0.000182264778475331,0.000267830956599673,0.00110553406595489,0.000761095179149635,0.000882502486200433,0.284982890443838,6.8862125766582e-05,0,0.000123942506212114,0.000290948895600216,6.97087097371798e-05,0.000129990508140996,0.000516899082724208,4.63638079241231e-05,6.96272108116822e-05,0.000223098891129111,8.58016574225676e-05,0.00141240631589228,4.15169263452296e-05,0.0395139347340413,1.5311915411251e-05,1.4006941087834e-05,0.000723272924788904,1.84239729913091e-05,0.000223173160561389,0.00794795885311076,0.0494671727547866,0.000459723414134797,6.14852286707278e-05,0.000360769908713166,0.00443305226346565,0.00039251145664557,0.00110283423916571,0.0220831963361609,0.0139242052194675,0.00252412403371521,9.61800505637069e-05,0.00165646087765482,2.58664217836243e-05,0.000822874763825975,3.06238308225019e-05,0.000229425569004748,0.0037795300755628,0.00698210463638103,0.306471165881927,0.0424057372521597,0.000363077263671811,0.0055472524680449,0.000480503870764351,0.00834164394104797,0.00869051468246684,0.00144386067643316,0.000615949818315192,0.000103546142196245,0.00156635416792066,0.00349315427570087,8.70796568642082e-05,0.000138622023604007,0.00016671581797023,0.000253795813353403,0.00159509006839422,0.00274601301851185,0.0017053434795606,1.85944225249478e-05,1.76429407171723e-05,0.00115080358708977,0.00156222456110873,0.00376232258617622
0.125393725134698,0.000346782395515257,0.000148324959049145,0.000655536432492117,0.0376243200827302,0.00840755121439485,0.0052717222123347,5.61486049867079e-05,6.70431220532735e-05,0.000393440554863703,0.000187713468965775,5.129457773747e-05,0.00206186244924795,0.000209164335137425,0.00149960562841273,0.00057975695416443,1.76669894739067e-05,0.0235220858478496,0.00562099629671023,6.17811101001917e-05,0.000332371660963624,0.000289390387118124,0.000402733655701057,0.000155663989492892,0.00216037325873108,0.000331144920381112,0.000271648721402119,4.21510634116682e-05,0.00106707885685631,0.0021381297138812,0.00013620359854645,0.00360149044506673,0.0137554133158235,0.000170169476291102,4.89844255417777e-05,0.000109473949090214,0.00112147662255009,7.51310149221292e-05,0.000224284108606558,6.20462549037044e-05,0.000133872367119583,4.2694389707155e-05,0.000199738859757805,0.000163661002284408,0.0038449050737609,0.000105138267823838,0.283870632050189,0.000111253906233158,6.57590338102069e-05,0.000416608574268324,2.90973345272708e-05,6.09811172743383e-05,0.0548683445960659,0.0156620838788099,4.85461465187598e-05,4.08900722635075e-05,0.00114307910360417,0.000345115165465167,0.000203114918300503,0.00132140691205739,0.0071403337859539,0.0171574967651576,0.000877590231489602,6.2668581237158e-05,0.0222031640325375,0.000133253695948184,0.000664651897615883,7.70068631176584e-06,0.000121477838047043,0.00134917003714869,0.00926826659351415,0.0186584716698879,0.27324148772458,0.000224333611955203,0.00367577227420167,0.00348035866389074,0.000399402300698293,0.0204371128913189,0.00123665078889578,0.000790714389689969,6.10257293308518e-05,0.00317970601118876,0.00161175175217271,5.65927234739194e-05,4.33141278004315e-05,0.000127760676657398,0.00228517421542298,0.000291989620880706,0.000468328573905163,0.00255111282272141,1.80287799879386e-05,8.55029071287658e-05,0.00141465131954738,0.00248889802114651,0.00283727967851463
0.000423017990608098,0.00175880189106547,0.000699368674299442,5.53009284303861e-05,0.00106274127079555,0.00071934305358973,0.000149873703008116,0.000260985887689155,0.000362988894577582,0.00012160600781739,0.0214909726253338,0.00019199112401702,3.67153549920102e-05,0.000775896193179271,0.000199375736769817,0.00270511293146939,0.000294723963093001,0.00159300033193513,0.298088935961049,0.00044229421682825,0.0010147379172308,0.00703596843176226,0.000329103440578591,0.000215454570333778,0.0001102410012292,0.000501432408064604,0.000978228380317458,0.00168250247629384,3.38375260119858e-05,0.000412868590991641,0.00029404109283453,0.000104714391670881,0.00368497653898933,0,0.000125156355632917,0.000254759040594152,0.000174641951666324,0.000262195449076028,0.000750092687083533,0.00203167164129214,0.00102179778708556,0.00126656097219041,0.00171399304532261,0.000421973571768077,0.000338511755117685,1.35341976804842e-05,0.00372500394558317,2.21270484050495e-05,2.16126197531517e-05,0.00169437674494944,0.000239946209087432,0.000897108547136968,0.000305452939892487,0.000653374780187405,0.000303774864283947,0.0021362804061837,0.00212061792041568,0.000932154391859574,0.00112853685923804,0.00518363181010012,3.89312840508307e-05,0.000239108075207272,0.0747115441225307,0.000144921370653716,4.62157722015883e-05,0.000296638152103905,0.000661881272635323,0.000431541650944368,0.000119549753529914,0.000441516388552224,0.00418267589142763,0.00026850322388225,0.000712029771857936,0.273228144446941,0.025058517942657,0.000915284213957636,5.70024225186159e-05,0.00445314749753473,0.0030796665525272,0.00159019892684251,0.0024579277197464,0.000484259810882275,0.176456460092054,0.000252646796369728,0.00117477932440635,6.39811596556791e-06,8.79142196466512e-06,0.000164124663011125,0.000542093371083961,0.000452634420607195,0.000196960021877724,0.000747380171957143,0.000378458770441123,0.0235907569829611,0.026839268535673
0.000669911138255184,0.0222634520338637,0.00055998590558125,0.000108564670463723,0.00148932860605147,0.00190733572409137,0.000179664303439061,0.00517551149275074,0.000508339590918246,0.000209334451244571,0.00191693196161522,0.000319665313445413,9.40072307089966e-05,0.000211281485240726,0.000295517505095064,0.0157625516055724,0.000227583384288222,0.00233676070156091,0.156945456674466,0.000439061784199898,0.00455040464979322,0.00356967913323627,0.000553735316132175,0.000638980934973861,0.000253393640747629,0.00502404217498125,0.000933081238222438,0.00136999151736192,4.8716640526422e-05,0.000462327921298028,0.00131272694696719,0.000486961461089895,0.00850288663903976,8.29175150699968e-07,0.000225012638282654,0.000516682824026427,9.82543516360996e-05,0.000316867997705485,0.000811227957778321,0.000668625276025192,0.000882206758047361,0.000192795765031663,0.000790271241145807,0.000346810119063711,0.000518418589549328,1.73041976244581e-05,0.00734501372754166,0.000114049850492863,0.000235591295469046,0.0014119717017275,0.000334299747447103,0.00215238837469835,0.000518955946670099,0.000554118672422339,0.000325450277996334,0.000483752759965124,0.00437053310597807,0.00202517635181704,0.00536778977994477,0.0108698697329084,8.11662149704577e-05,0.000304579290192032,0.00685610888499717,0.000865634891189519,8.14743658141571e-05,0.000360636741956091,0.000573484234957753,0.000261512584816265,8.81328106040651e-05,0.000269588111341438,0.00600780348541272,0.000309851905728723,0.000762497890310115,0.00383250823697607,0.564603059007517,0.000137343427272474,0.000331588054130494,0.00426903939151721,0.00846135377548451,0.00162397020979941,0.000261960014377282,0.000769158741563668,0.0153601664858807,0.000394778134217921,0.000649911364942323,2.06078404889872e-05,8.01495959676322e-05,0.000425433258571314,0.0061169676644193,0.000996210080898705,0.00030619378280456,0.000524031484256828,0.00147904123538108,0.0547329278695739,0.0369796869382996
0.042931245253771,0.000421066008331838,0.000203816626587893,0.000164396435008996,0.00752623582582235,0.00205812214990791,0.0383379073448322,4.92883659085499e-05,6.31653173374425e-05,0.000187642451283056,3.4327550018676e-05,4.85077914138563e-06,0.00261101777099864,0.000205697114820001,0.000738865545622237,0.000743859926601914,4.16000849930439e-06,0.00562255280058933,0.00306962346014744,9.7673841333848e-05,0.000422654669446955,0.000456950748529109,3.74991110527179e-05,6.78908998921734e-05,0.0136872710156087,6.2561469949877e-05,6.73099411899299e-05,9.55540091946484e-05,0.000625631384437912,0.000733209848518334,0.000169488212389788,0.00193824143346395,0.00283839156190537,4.92519834718095e-06,4.85822106196517e-05,2.64904306915795e-05,0.00014359428758381,0.000261174764374829,8.18776632609038e-05,3.53523799206789e-05,0.000122105579373871,2.44027341185188e-05,0.000229064870963,0.000153487957620526,0.00268324333858185,1.88611843350519e-05,0.104315064159034,0,1.9807348160658e-05,0.000260075523313394,1.38615667820757e-05,1.80959944871754e-05,0.00221663994722234,0.000954018523018652,2.87115810294138e-05,1.42657983771911e-05,0.000464762896772036,0.0002260244447318,6.10776207643818e-05,0.000148460451372012,0.000227102370976594,0.000932803473237152,0.000180825589914279,0,0.0119364178713378,3.30525635064477e-05,0.00100030226901312,3.9252748365857e-05,0.00116894121188534,0.000102261723253204,0.00780548740054474,0.00122754951959052,0.00875306194837648,4.31304646887971e-05,0.00265738803310164,0.70065100099002,5.71999044414417e-05,0.0148006293524265,0.000488268641610219,0.000324209123929424,1.40104051936663e-05,0.000990563826200536,0.000609274093213409,2.91046748483138e-05,4.16000849930439e-06,3.78712070816945e-05,0.00193540321717276,0.000136229304721817,0.000284587448192496,0.0011698379646026,8.2984179844123e-05,9.08520684648535e-06,0.000645115197981973,0.000855994019558647,0.00191469670882292
0.00130239905613835,0.000793483457402808,0.000359381838017944,0.0225901596399602,0.00490169943732873,0.0152700085914593,0.000633067375378094,0.00117161310878366,3.94433250748293e-05,0.000163444111813654,0.00012642869716921,0.000113599243339419,6.78304597857173e-05,0.000145122383341572,0.000489423007616411,0.00682094000403281,2.5108413087257e-05,0.0221814404484358,0.00666513204658543,4.74527785835288e-05,0.00181873764450162,0.000404788479092594,2.86698239751444e-05,0.000157611171382769,0.00144272914296493,0.00415563883981091,3.7476640780746e-05,0.00016048121761397,3.23205032990545e-05,0.000342744104575688,0.0133693858170732,0.00021308151163545,0.422117961355351,0,2.86698239751444e-05,4.46887309925434e-05,4.38913676956414e-05,0.000114358399741669,0.000362324422480974,7.62118709946958e-05,0.000213711999529539,0,0.000112004516745615,0.000593490635308837,0.000862357635326717,0,0.0160667986815598,0.000841812010611015,5.73396479502889e-05,0.000426435244243412,0.000197484430682214,0.000942461463178525,0.00190253418218641,0.00840814811417047,0,0.000637361780511995,0.000613184737766097,0.0524284060195286,0.000533452014336331,0.000728786485939278,0.00269377868237956,0.00201262017594105,0.000268299261358074,0.000184654976852424,0.000314175750612766,2.86698239751444e-05,0.00188735118525981,0.000191867067064221,0.000207259065719991,0.0017235898521327,0.0167462374758106,0.0266772123810865,0.00228067646178257,9.38649046780378e-05,0.0105742695803005,5.37782370624015e-05,0.267429679845495,0.00497882418592665,0.00336413579227769,0.00280753131962824,2.31417287931738e-05,0.000880108045606534,0.000848545505532243,0,0,3.6679277483844e-05,0.000463610079200735,0.00722405556911372,0.0159544096853062,0.000446104830584721,2.15470021993696e-05,0,0.00989692855949943,0.00171168008145566,0.00354999571903238
0.00970873692391213,0.00201200351754773,0.000722255508043275,0.000377306812199173,0.0632347374265624,0.0100573200884509,0.00481432380996256,0.000498218321699752,0.000696481021951776,0.00312708368895618,0.00140517271439522,0.000232622414622409,0.00298794834971113,0.000329793683035302,0.0196645805114932,0.00261579126693394,0.000229547114031474,0.00687137799420715,0.018800817339426,0.000472142341796345,0.00115506631771983,0.00276755571643039,0.000591933471231987,0.000731727432320352,0.00121923941644395,0.00138083680888902,0.00141387360955953,0.00077898643352188,0.00301037785390987,0.00765689538712453,0.000484675570661392,0.0224709744231155,0.0214540826724589,0.000135157397246225,0.000253137027701361,0.000925441442638864,0.00269944345679271,0.000273235330457277,0.00135660172154209,0.000915310021853599,0.000515578301640939,0.000199089415673106,0.000739115306371315,0.000449688949828986,0.0317888440733888,0.000528719271421116,0.192942228546697,0.000111567743408943,0.000278380718565609,0.00118929066627004,0.000210608178295658,0.000930066887957383,0.00768961387372989,0.00579459597312627,0.000465895158614608,0.000954753161851474,0.00394625617431962,0.00135682269876393,0.00119136243945917,0.00376479198903596,0.00042204988259729,0.00567895545334127,0.00842559008564891,0.000203747470275959,0.000876738695226276,0.000379805493244059,0.00133140547766001,0.000205729193735601,0.000180666901556668,0.00125090183206291,0.00870594551057099,0.00184095654281013,0.00514706053294837,0.00173697029251583,0.0163068094817589,0.00343489799696302,0.000649817932990556,0.402028675590591,0.00802894514786005,0.00162040752546614,0.000302467146681121,0.0128694879687274,0.00670228023240596,0.000513161048797304,0.00035092493330315,0.000916872001202808,0.00234899661271312,0.000263881421934401,0.00191543172480281,0.0114711660125911,0.000321370774110813,0.00046754242110403,0.00139731963158911,0.00762888145687536,0.00849405768436034
0.00013417854581432,0.00023552527758095,0.000596149744969057,2.06646878069012e-05,0.000424473231468466,0.000247015786829691,3.24507335849398e-05,1.74763567769031e-05,0.000609815146069427,4.00575012101351e-05,0.000239358653910437,0.000411988948495765,1.44527301302685e-05,1.0888917035982e-05,4.99780511348054e-05,0.000210540733450875,0.000663262723963682,0.000347304015793854,0.00704523337242715,0.000548599224947093,4.89549180993627e-05,0.00105839727073124,0.00176902411296163,0.0171289410717971,5.3398482365889e-05,0.000107232519251337,0.00182151329652534,7.96595944040645e-05,7.18973920909346e-06,0.000134697027903709,7.44713589628423e-05,9.55412288970843e-05,0.00154159378816051,3.71736772471092e-06,0.00190030125875117,0.00193935349373272,8.37234045346659e-06,0.0017145181809965,0.00116893151744965,0.000676362968163297,0.000148253860806397,5.22208867114891e-05,0.000498769209233638,2.65768614136121e-05,0.000126985618599936,6.41992499176802e-06,0.00259225665048455,0.000224797586014128,0.00127099283246611,0.000118734255286207,5.62204710022061e-05,5.2840744854461e-05,0.000105829828276267,7.90318090156021e-05,0.000746354173011385,2.50708662101665e-05,0.00896733268911184,0.000109166169889381,0.000110177926983017,0.000426049500243011,1.43518998791212e-05,4.44347505513513e-05,0.00119988524806947,1.81078421475755e-05,2.4534466675869e-05,0.000650425071577129,1.30775009630819e-05,0.000137608707975119,8.08600775841502e-06,5.0644971102085e-05,0.000423814884617513,8.15231632732995e-05,0.00014878663823698,0.000198164754146734,0.00322085412912571,0.000103130712814424,3.60467676425641e-05,0.000776099118475226,0.910642354963298,8.93760104118587e-05,0.000102920117553832,0.00020587074409343,0.000879692802900448,0.0171654388293539,1.69062021638138e-05,6.62138980841556e-06,1.96099246705734e-05,2.30644804462804e-05,4.91387946832271e-05,0.000201002517305595,0.000132925778122559,0.000940882550812745,4.34477083495683e-05,0.00226729069945289,0.00108821206699416
0.000555005986605321,0.00297162349804364,0.000194086147312528,7.75176991542852e-05,0.00323083946654945,0.00141291499324289,0.000131886649424255,0.00345262278093635,0.000906896136375611,7.71888584112109e-05,0.00206027152877569,8.44660706209283e-05,0.000313504732111344,0.00403328609084578,0.000474506194563166,0.0025131171562685,0.000193219993726046,0.00784932470226508,0.115405440692067,0.000620860583685131,0.0241104062659707,0.00214006148023724,4.55378787225379e-05,0.000216575957994648,0.00245400266466546,0.000743905390563862,0.000272457967691048,0.000781484253760691,6.92933403130298e-05,0.00024955706650475,0.000241363606570012,0.00125032698568069,0.0076205228593053,7.90246370203047e-05,1.58304117940471e-05,0.000193638796772164,9.3019270205258e-05,0.000178123334513492,0.00120720561202039,0.000210637461789735,0.000340389898201518,0,0.000625877910215312,0.0166841564912535,0.0020231356317566,0.000156583461055141,0.00779663720845009,0.000273382094625942,0,0.000502532485118487,5.50825224858011e-05,0.000815190149312787,0.00104560340383996,0.00030372334126553,9.2391120417373e-05,0.0330873133369657,0.00217746972049222,0.000761254764219579,0.00153979493255221,0.00400685291981994,4.68384758457033e-05,0.000894600607853963,0.00237501342605462,8.53967021204682e-05,0.000217056448361593,4.5856875566191e-05,0.00692006508617954,9.2644382631922e-05,0.00046759878037952,0.000249970402577101,0.0940323570859204,0.00102878526183939,0.000977869719455787,0.00503772069653703,0.0776241820913609,3.79564355182993e-05,0.000835784072031812,0.0111222498371366,0.00252392475968464,0.21543155343475,0.000164908882814908,0.000424288631713955,0.059770122963134,0.000123354886921634,0.0171326406963979,7.91520589702354e-06,7.05125623165261e-05,0.00113490955369614,0.00676173529646387,0.000160349409959263,4.64890726623534e-05,0.000359064047915591,0.00805125364682409,0.0171002609967025,0.207625842969648
0.000132119447467614,0.0003970128027935,0.00642741459772496,0,0.000852494435103031,0.000677663651549989,0.000252299026857105,3.64581855275463e-05,0.00834440448423885,0.000833780472798712,0.0138594761302634,0.000314722734548647,7.25762867986465e-05,0.000114905994259246,9.55189446249896e-05,0.000741652131947548,0.00038101171291974,0.00064601205731397,0.0584267283749078,0.00106150611824211,0.000605753670857662,0.029011086703949,0.000688141378545406,0.000423983772590912,4.839805360567e-05,0.000462729544449395,0.0070572941802967,0.000378363990586221,1.20960477997744e-05,0.000888478947340162,0.000190375145160804,0.00150937584846734,0.0036073052842002,0,0.000402488319479143,0.000621609275095831,1.20960477997744e-05,0.000438023289083357,0.00166659202336989,0.0733525596803769,0.00151652948499403,0.049819216782491,0.0139557800443734,3.62881433993233e-05,0.000530363189649043,0,0.00492534905561811,0.000958811707013923,0.000391045658108466,0.00027898737871527,6.17851263983671e-05,2.38797361562474e-05,0.000133254292738886,9.64698853614662e-05,0.000490350941255645,3.72668089489445e-05,0.0128295943340614,0.000515645923065873,0.000491370722660308,0.00208862921251178,1.19398680781237e-05,3.678440737742e-05,0.45406047330268,0.000176305616665259,1.19398680781237e-05,0.00129212754971376,7.38811741981415e-05,0.000783817978584864,1.24222696496482e-05,6.00116998339199e-05,0.000828015993498171,0.000156637764917037,0.000572057267202101,0.0106556923808403,0.00743713280848593,3.62881433993233e-05,0,0.00950913740939649,0.00439572075563557,0.000507182522122222,0.177111684612533,0.000483101998005555,0.00727585941303106,7.25762867986465e-05,3.62881433993233e-05,0.000155218285015608,1.20960477997744e-05,4.80718317557962e-05,0.000486835846321715,0.00216320190814814,0.000422011505123537,0.00620108110106648,7.30864131833156e-05,0.00746880614709578,0.00314738445990285
0.00137904580176547,0.000101463131564579,6.11536128540678e-05,3.00063362623633e-05,0.00400372489584552,0.00155180199411771,0.000524508516546888,1.59601005051518e-05,1.91243873176356e-05,0.0358124998435418,0.000140369190524738,2.62583775400168e-05,0.00117751747093263,1.81291003794519e-05,0.00205065803774345,0.000200446484235606,1.84688327611364e-05,0.00107801992986312,0.00345388987656435,3.81339216807794e-05,7.57914846610532e-05,0.000262999892192076,6.12939710389495e-05,0.000185447484216774,5.36164692325882e-05,0.000102028489607423,0.000105503833375686,4.79328838027069e-05,0.00105082668344962,0.0218479489691664,5.08915915473828e-05,0.00901474900422263,0.00343524915397422,0.000241975519408576,4.9951913512729e-05,2.4074374188461e-05,0.0417169319015109,4.53010535973138e-05,7.54204691431165e-05,0.00012472207563039,2.37932127183061e-05,3.74580367574439e-05,4.12326421865191e-05,2.88773090003446e-05,0.00626891128898953,0.00350653189228369,0.0212124023497199,2.01600309374378e-06,4.39642986326332e-05,6.57272070717771e-05,4.36283183955792e-06,5.0859327834654e-05,0.001045793849758,0.00106184456233722,1.69792976502052e-05,2.12084064865531e-05,0.000862592140947443,0.000121397012808973,8.77571256783634e-05,0.00020977533639123,0.000145949533731672,0.00049986596250183,0.000562654089903931,3.62327715415274e-06,7.57392592418209e-05,2.30625647625151e-05,0.000157511664521331,4.72917883735433e-05,1.88807725471266e-05,8.89038903865968e-05,0.00153886706708671,0.000493175984136119,0.000975250380147308,0.000168762743844056,0.00198623857510149,0.000183543948351689,8.05988739094044e-05,0.0167375130263128,0.00136779252943062,0.000315346837460327,2.15370019624446e-05,0.594144723018388,0.000532180259911333,1.58319358155532e-05,3.77627393470906e-06,0.00858263552555696,0.000239118253633757,5.79954988022392e-05,8.03823306674458e-05,0.203349291004549,5.12400786326543e-06,2.03280311952497e-05,9.0526788287195e-05,0.00120408733086754,0.00119456877744861
0.000507742031132204,0.00165603273540276,0.000676831509839477,8.16646610228835e-05,0.00128774713673636,0.0017317623032077,0.000137938244063428,0.00033334799328296,0.00030405450977625,0.000117607775375891,0.00509141948318269,0.000231827750275615,6.88845010995636e-05,0.00095178891231096,0.000352579114337139,0.0021745296933783,9.06008476571717e-05,0.00224830974026211,0.267302449778012,0.000382700898082432,0.00194051541848043,0.00411913513970129,0.000270530685926463,0.000305806439993525,0.000366477536474988,0.000624096802941566,0.000627009422653844,0.00067447758712102,4.45570538266179e-05,0.000256418378172045,0.000452784748454555,0.00028499467918775,0.00659095025209863,3.15143700349702e-05,6.19954699340744e-05,0.00029195084129305,6.50531654108185e-05,0.000222663754023083,0.000549421989556985,0.000871886987753439,0.000580767152055505,0.000187138306870902,0.000999112160940349,0.000631765855650995,0.000477048427871223,1.6859737267614e-05,0.00523038973079774,0.0002343878135042,0.00014223150035975,0.000565388479990371,0.000298437166859022,0.000498675855016037,0.00042005840057905,0.000421227452903993,0.000280129676123546,0.0104049856698945,0.00240920450971222,0.00095173914163896,0.00104920367008454,0.00439291872904086,6.71853790846086e-05,0.000279776963027306,0.0141310068109927,0.000115416251990165,8.58937567006945e-05,0.000386763176148902,0.000608230305656415,0.000165905363033878,0.000189963621172738,0.000326547566779992,0.00697602958921197,0.000309340176611187,0.000726862685668818,0.0377003359263641,0.0317135581384219,0.000498400336153429,8.39036559959787e-05,0.00344619773651221,0.00505590785097438,0.00321297780991617,0.000435207198525322,0.000724695699903269,0.461953655999184,0.000162091484918811,0.00570179691832805,0.000130128369218655,3.27037604681477e-05,0.000261249825672884,0.000781247728836106,0.000830339749784748,0.000184406653852804,0.000412138300850145,0.000818524661781547,0.0246560227947012,0.0622618579749184
6.0912171043057e-05,0.00021980554778795,0.00179328320240833,2.35648484527375e-05,0.000230711912600106,0.000208436369609974,2.76946871286087e-05,2.92811039521403e-05,0.0019712070196884,2.72775205473633e-05,0.000257087083308932,0.000858915406695354,3.62421185932332e-05,1.45943558872249e-05,5.88566873519549e-05,0.000225870363968731,0.00261309560668151,0.000353175092460437,0.0044045554272602,0.00167243974630886,6.6353089304432e-05,0.00166499248809105,0.0156231272291804,0.0250385982076805,1.87147589162626e-06,0.000137443964230795,0.00438226330949401,5.35395189632896e-05,9.03811892989357e-06,8.3284509321463e-05,4.21942821784371e-05,0.000213864518662843,0.000648782141008829,0,0.00362659449913263,0.00397083583744439,1.82083453729378e-05,0.00958993921503419,0.0024899406808223,0.00502841697816681,0.000213821116498739,9.69203542986156e-05,0.00075487938035874,9.29289830936153e-06,0.000153965744491872,0,0.00171792659503703,0.00193314749598637,0.0229175838337268,0.000121461459718154,0.000199801648664142,6.6290309987809e-05,7.94590288822252e-05,0.000187600743449672,0.00176864936875867,3.70586904317419e-05,0.0179749501627515,0.000142772713240566,0.000134897554121736,0.00058158658881564,1.85889418343342e-05,6.26438486086508e-05,0.000569427265609029,7.36008648457664e-06,3.61713470132412e-06,0.00301176377450149,3.54082203343123e-05,0.000617956861406142,1.48860860308675e-05,0.000111626408560768,0.00052847983328731,6.27731443199699e-05,0.000127233141363818,0.000129107397093984,0.00366721081064348,0.000476303594390389,9.00517165679593e-05,0.000749837120123373,0.536829911468804,0.000175729856669683,0.000438733750342044,8.70074255821197e-05,0.000838032918719042,0.309132412578252,2.2243027299833e-05,1.83467433173108e-05,2.35774293151821e-05,7.01409688479745e-05,0.000102998715610074,7.53873961911553e-05,0.000315360443826684,0.00208644933056623,7.90532859631935e-05,0.00138827717419584,0.00116370173246056
0.000357149049192549,0.00344761206820471,0.00036276440087266,2.14678289594095e-05,0.000331811268279539,0.00016753810819587,0.000193210460634686,0.00117503668076043,0.000448803002473201,4.63529977873919e-05,0.00199505069144575,0,4.44988778758962e-05,0.00367550902503966,0.000638855408290317,0.00143178494900421,0.000108120754775586,0.00640586792291877,0.111844927806626,0.000218586339486788,0.00732809084290389,0.00289912875051955,8.66529258161766e-05,0.000112319704622698,0.000109064076884733,0.00061059657116515,2.22494389379481e-05,0.000342865365502622,4.15341500923503e-05,0.000189005937155279,0.000420189126183402,0,0.0016688419583213,0,0,0,4.44988778758962e-05,4.37172678973576e-05,0.000131933413670611,0.000344266873329091,0.000545126147986259,0.000147471787062929,0.000928563070203933,0.00570435310985227,0.000112319704622698,0,0.00364732008667947,0,4.2935657918819e-05,0.000213600206028843,4.37172678973576e-05,0.000146231991367069,0.000535966568393878,0.000218748051617396,4.44988778758962e-05,0.068264499578446,0.00109333641831588,0.000216106024614153,0.000649322131972268,0.00440466187606359,6.44034868782285e-05,0.000303676045345887,0.00366789720554683,0,8.60330279682465e-05,2.22494389379481e-05,0.00309227444142434,0,0.000508701745543369,4.44988778758962e-05,0.0272285061214272,0.000724779716073579,0.000620566287709772,0.0126124069030693,0.0816430485512775,0,0.000176103293652996,0.00371249863583187,0.000328226642648063,0.0413541567105319,0.000738511953718725,0.00199308517972422,0.239167345819191,4.44988778758962e-05,0.122527380426047,0,0,0.000645644969494247,0.00297699303227912,0.000343641401848866,2.22494389379481e-05,4.44988778758962e-05,0.00213094596339683,0.012287875024907,0.20661862042434
0.00137656708918108,3.47268977504845e-05,0,1.16801435313415e-05,0.00357591634115282,0.000662529413010446,0.000166731323795346,5.93740629509859e-05,0,0.104292356031801,1.16801435313415e-05,0,0.000665408775569118,0,0.00230074756649963,0.0001207885637589,0,0.00158245301291824,0.00277937790687728,0,0.000105885615180659,4.6720574125366e-05,2.68654429480516e-05,5.93740629509859e-05,0,1.52898103645568e-05,4.63025303339794e-05,2.3360287062683e-05,0.00061108720554065,0.037427466662697,0,0.00852712831093117,0.00261638806155718,2.68654429480516e-05,1.16801435313415e-05,0,0.00912401131029007,1.52898103645568e-05,1.16801435313415e-05,0.000134321650610427,0,0,3.47268977504845e-05,1.52898103645568e-05,0.00478004173111578,0.00621190656906831,0.0237437981038325,0,0,0,2.68654429480516e-05,1.52898103645568e-05,0.000229386465287084,9.59906501565583e-05,0,2.3360287062683e-05,0.000524722154986176,9.28309914990947e-05,3.85455864793931e-05,0.000484638719118455,0,0.00019482458900807,0,0,9.29185935114987e-05,0,2.3360287062683e-05,0,0,0.000267669955926576,0.00177158045843982,1.15756325834948e-05,0.00105083511426161,0.000219517991662565,0.000805934761265354,0.00180808816952269,0,0.0146590863196139,0.000584353456174273,0.000112895926951396,0,0.106895949025078,0.00117897099829558,0,0.000140884681216273,0.238583135256418,9.7606116586839e-05,0,0.000117774780607693,0.417468116761157,0,0,0,0.00036741965781276,0.000760053909513818
0.0484816314041643,0.000102910216400947,1.23325964459348e-05,3.86842633254289e-05,0.032422334873793,0.00265572109964223,0.0113292531004348,8.16624865360535e-05,6.73910320235313e-05,0.00059956723850546,3.04323317394383e-05,7.66690786044477e-06,0.0518512737097132,2.37886960336494e-05,0.00253517694322575,0.00011391772126107,0,0.00189631991641737,0.00173809467076946,0,3.14556038940942e-05,8.23086039924e-05,3.53333200272691e-05,4.26713673052398e-05,0.000445904867664531,6.88251219321928e-05,5.41819387193763e-05,2.72281637377143e-05,0.0219221995686224,0.00408476815818625,5.10168597713637e-05,0.0156160622104553,0.003247345046076,0.000320462839150521,1.23325964459348e-05,1.14560995877146e-05,0.0018634648150604,7.25169737152206e-05,3.23321007523144e-05,6.16629822296739e-06,1.38332060834122e-05,0,0,2.95167458275067e-05,0.0151834255753731,0.000545013249899509,0.555752316054596,0,1.53338157208895e-05,5.72804979385731e-06,0,0.000163195610172324,0.00852090558554748,0.00273711498560903,1.53338157208895e-05,1.14560995877146e-05,0.000205937699963029,0.000149491766988695,3.4456823169049e-05,0.000161793037521655,0.000213947593768539,0.00315761686816039,0.000310934383444579,0,0.000897684779099376,8.03477412487233e-05,0.000149300476640533,0,3.38327103897917e-05,0.000109262378974062,0.00149396192202245,0.000320647001896756,0.00622847947001252,0.000106787932534122,0.00189720514680892,0.000842711977251161,0.000179326910926432,0.0468778503370012,0.000720522615867229,0.00034750010206386,0,0.00351279954787493,0.000672369063448976,1.53338157208895e-05,2.72281637377143e-05,0.000153285113636359,0.140561675186608,5.48842296060562e-05,0.000581066122867597,0.00297481978548822,0,3.03932426857269e-05,0.00014593918704389,0.000251456889342409,0.00148978542064341
0.000878429474409022,0.00525962995104086,0.000472079676535888,0.0348474243981565,0.00365207617718125,0.0026460792987523,3.03638705172764e-05,0.00818023795856714,0.000216687621418745,0.00109207620820235,0.000959911360998228,0.000864842813930455,0.00329930456612368,0.000899069105366368,0.000285442885730865,0.0174761106283659,0.000188817068727542,0.0493892899235172,0.0238501338466759,0.000740918945784784,0.0144476016522942,0.00810083576565029,0.000235765553304526,0.00144827411315637,0.00160838302242202,0.00697598523681069,0.000935878297476154,0.000924078293316138,3.3680793329218e-05,0.00227496899289749,0.00747685708351741,0.00117530181706582,0.0673786675500425,0,0.000808339039901232,0.000980314461804806,0.000462091903383029,0.000534047504217131,0.00272672786483148,0.0031326534657746,0.00122467611086348,0,0.000495588316066178,0.00162333842880476,0.00096355032486111,0,0.0108091232798692,0,0,0.00181591697701239,4.33375242837491e-05,0.00679719494620802,0.00125749429423482,0.00225764307005659,0.000490844568518114,0.00124497162652749,0.00835123968492405,0.00822318436156564,0.00122116966389268,0.00229434746309323,0.000647610051593402,0.00152341161959162,0.0011371944594774,0.000110699110942185,0.000591592911024474,0.000455476060053919,0.0058625393045852,0.000256178655385978,0.000934682145001231,0.00133296534318711,0.150037374649904,0.0126790577139772,0.00205817485790134,0.000571511851268838,0.0582360934928216,0.000231054952838901,0.0462155620076498,0.00553414280065039,0.00414171744945667,0.0047324089598643,0.000414061780928428,0.00217615289669677,0.00761134222649229,0.000707296659913578,0.000329880050187003,3.3680793329218e-05,0.000789460633449186,0.0809939513201107,0.113458380240825,0.00201951092936618,0.000343810825958912,0.000423796021763232,0.142161348898186,0.00845300822890523,0.0167918712647351
0.00097583199575055,0.0094310733876605,0.00015064373770656,0.00136720048676089,0.00139966434616956,0.00180178503916889,4.95081761236792e-05,0.0210653224781243,0.000153368241086461,0.000139265467326288,0.000499850285757987,2.46626677782064e-05,0.000177412600478603,0.000468563944337363,0.000280419253419369,0.0728262649034654,0.000141430050626619,0.00848632662294867,0.033882514343418,0.000146055020165494,0.0304218664268757,0.00122192334364338,0.000808449967245866,0.000247199149296452,0.000634585965224992,0.0149443802416416,6.57680736732498e-05,0.000425909104179642,4.33637256922278e-05,0.00211614120179647,0.0116423585032157,0.000270300076545783,0.0176839337288348,0,1.50534045929413e-05,0.000141754957110039,7.37447414106781e-05,0.00012668200106879,0.000334343876275312,0.000418706401046402,0.000248956113319187,0,0.000111736926420355,0.00081288267489267,0.000530079114528579,4.67121242652139e-05,0.00445350469481328,0.000201735997170444,0.000400447475291326,0.000704527554834009,6.88450358711023e-05,0.00239976949761614,0.000457898675829315,0.00054032457509215,3.64765332108007e-06,0.000752429976023694,0.000786240953797461,0.00482883444359262,0.00129192325011595,0.00217563210270171,0.00013397730771095,0.000491694324856205,0.00218634066222281,0.00148174627843198,0.000192956614753126,0.000245389154257984,0.00180737656987004,7.8154440788473e-05,0.000353969495064032,0.000352979467400927,0.0477558570920449,0.00139926833598251,0.00128849822043894,0.00104718403311383,0.138923963407252,3.64765332108007e-06,0.00741104752605964,0.00763323122483878,0.00162504367172837,0.00254349361766421,9.17672083868653e-05,0.000472939084677432,0.00628729874061731,0.000296835736281078,0.000413062325585781,3.81118988160716e-06,3.48897444663987e-05,0.00838340042258608,0.44908982224763,0.000830627901749152,5.96429272485375e-05,0.000404340182498888,0.0368089693894501,0.00817578223887084,0.0157712347851296
0.00172224060679178,0.000102665325827332,7.93315338149697e-05,0.000102137496792248,0.0045371596450181,0.00222846083593668,0.000524354146999347,6.3807964741468e-05,4.35755618184813e-05,0.0686441131546882,0.000258966240520992,3.25782897591121e-05,0.000897783012124191,2.41261452547692e-05,0.00274914681319638,0.000394363979880475,1.57410368955909e-05,0.00126625803591653,0.00393263690307286,4.62493182679718e-05,0.000107596579000611,0.000510877635707161,1.38107371753701e-05,5.51379396305533e-05,0.000109966700378709,0.000163237142446107,1.70388744986378e-05,3.67163005015242e-05,0.000970005977706654,0.0529310917470326,0.000113911063743103,0.0095416190956582,0.00616753735252481,0.000146453083746891,3.35878079629961e-05,3.39454550838666e-05,0.0121622531322129,3.11591107757123e-05,0.000215411495784566,6.15745371680246e-05,1.77348717766669e-05,8.2240714456736e-06,0.000278452912287114,4.96886273713293e-05,0.00673389851958392,0.00402678049488829,0.02808210169466,0,5.14398352612302e-06,4.31699633522102e-05,1.13867948160257e-06,4.93436031050765e-05,0.00159168529479298,0.00107049606228182,9.61966849259901e-05,5.45663083132091e-05,0.000214412141130672,0.000225015926500597,0.000102246710905592,0.000336415904443377,0.000249168926454672,0.000832188250665205,0.000637014249536754,1.86757045659676e-05,0.000199590647441545,3.46903778207142e-05,0.000109790980425197,1.13879406042972e-05,2.3120419352394e-05,0.000295421136038959,0.00198926104318855,0.000646644904607871,0.00126981073764869,0.000210353295878691,0.00245017597053924,8.33478540120412e-05,0.000289075809953464,0.0172469275024794,0.000772237204811478,0.000343624337264789,3.24039451165134e-05,0.176478897162621,0.000968235119784858,1.71042884515534e-05,4.35324733563786e-05,0.0240329116464512,0.000435707034294338,5.37609675610143e-05,0.000256558296839842,0.552781862446034,1.60880961385752e-05,5.56435801758642e-05,0.000135050490873205,0.00129813738131398,0.00160625950686839
0.000136115411579475,0.00216270734454757,0.00415141119531637,1.54768610283686e-05,0.000893422603272766,0.000832595007647335,0.000338933914351636,0.000219847466157402,0.00499670526215111,0,0.00102387883282126,0.00326029198187945,6.13780545008338e-05,3.60128324633702e-05,1.54768610283686e-05,0.000565723263646463,0.000767305556688872,0.000710359314313057,0.0224189937414519,0.0186448075654939,0.000628277490232463,0.0064290780706002,0.000901061674167589,0.00140713272173786,0.000124001731619645,0.00151297827222159,0.00539856810188155,0.0189591260211795,0,0.000183262227669917,0.000245399531587563,6.03192752755531e-05,0.000911016803280209,0,0.00211636380629283,0.11095369862401,0,0.000587660560526689,0.0154261575549008,0.00224947661626423,0.00535821622057505,0.00105796464466346,0.00326911149236058,1.49474714157282e-05,0.000141136212018746,0,0.00122188589875999,0.000330322316525968,0.000336143139307212,0.170831102578247,0.0266482181623531,0.00345537016424407,0.000156270526827171,8.13846363231951e-05,0.0103442324409606,5.97898856629127e-05,0.0157056319003705,0.000485122067375103,0.00364490431395127,0.101070660676364,0.000177005217500894,3.04243324440967e-05,0.00197861597798506,0.000378448828949168,3.09537220567371e-05,0.00148239867589322,5.40192486950552e-05,0.0171381665324628,0,7.20256649267403e-05,0.00171284559067797,0.000108220634338695,0.00029774928506586,0.00101501934195089,0.0112542380537497,0,3.60128324633702e-05,0.00212977698912072,0.0104785595135131,0.000416103710500546,0.000620411022491268,0.0004481438773828,0.00752191953892401,0.000491091423581682,2.98949428314564e-05,0,4.53718038598249e-05,6.69665545201073e-05,0.000786363582743926,9.19892303376272e-05,0.331928681818043,0.00495174602810848,6.08486648881935e-05,0.0266123717258555,0.00399617873204467
8.7189772729669e-05,0.00241557451154914,0.0117670678134594,4.45218782663056e-06,0.000317810120783971,0.00093742650152084,9.71832639051374e-06,0.000180389436792001,0.0568498457808992,2.8891680056861e-05,0.000911744070137821,0.00257243633259973,2.34818652390317e-05,8.31164166737429e-05,7.09223641103396e-05,0.00168571375209449,0.00380913021704228,0.000674889487099139,0.0138205810424758,0.0024813745635049,0.000114645012299732,0.00661969044821837,0.023135545991912,0.00351493064463711,3.97909232850574e-05,0.000647584141981279,0.115014875492158,0.000635776027409686,0.000169963276696194,6.0835026517041e-05,0.000191960999605858,0.000370211082681268,0.00276482303554807,0,0.00196289978304725,0.00430988547516419,1.78087513065222e-05,0.00283589797244732,0.0112348800170141,0.0683716369115682,0.00118623947338804,0.000899922823427253,0.00416490753599055,0.000156835733425996,0.000189686067153549,0,0.00595919010900796,0.00760343930486472,0.0030721751096254,0.00248855142964856,0.000992882047319632,0.00155029320470362,0.000321177366184296,7.67052803356636e-05,0.00353261146493951,6.99476132936755e-05,0.0927801356230838,0.000322654205256118,0.000550062055573634,0.00346277381768273,9.71832639051374e-06,0.000157352511087437,0.0113775968516169,6.16828512154253e-05,0,0.11542928641539,0.000139862131259873,0.000771607879535362,3.24939980827524e-05,3.36430860616583e-05,0.00227255915926672,0.000273657658664306,0.000179417494084318,0.000926439869234541,0.00959780430710691,0,0.00019749035439323,0.000954420773488903,0.029696434326207,0.000400391353875079,0.00374320948026732,0.000125272371059973,0.00277868176405939,0.00442472638109208,8.55737369254382e-05,2.79340530656623e-05,0,0.000147053344374074,0.000320959806701022,0.000238480942872907,0.00121929686591551,0.335815841335821,0.000414782754773581,0.00493649065687813,0.00308424963784629
0.0011163261655928,0.00118867695448906,0.000207420285244985,0.0019307403858043,0.00296437857855866,0.00320267968147882,0.000155519902110123,0.00425377933650025,7.94812531022951e-05,0.000174370969314806,0.000451336594890724,0.000680427878489989,0.000364574041760433,0.00325142765945469,0.000800046102183627,0.00761341516832957,7.99303500270946e-05,0.0519134568221193,0.029287408163369,0.000301980918444556,0.0274767230007977,0.000509142559588474,0.000414223370046579,0.000314850815159696,0.00709783429118687,0.0021692052631035,1.27317746867839e-05,0.000371477328748889,0.000161630956558834,0.000753408337315155,0.0019963830312514,0.00126895320569882,0.0151434466750773,0,0.000250790729188903,0.000361233920028451,0.000386906225788728,0.000136599353681329,0.000245651121930994,0.000192376916161894,4.33640919332747e-05,6.05278208030165e-06,8.48271345765991e-05,0.00693838730021689,0.00160277982200758,1.15899567982072e-05,0.0125242451529696,0,5.09270987471356e-05,0.000397742746173733,4.21669724628058e-05,0.000892128773935115,0.00107565395804688,0.00101580248956483,6.04359218674953e-05,0.000991537515738015,0.00263727582936849,0.00153777957982765,0.00102094221409063,0.00137402169648039,0.000662884397107024,0.000567843747349306,0.001280149484422,0.000315801339804671,0.000658083615869148,6.05278208030165e-06,0.0242041741527336,0.000102592105684532,0.00189749455820947,0.000176034336138811,0.290663372951707,0.0043812833047755,0.00305917537951394,0.00182096998038744,0.0370722644229491,0.00135195185274681,0.00641514766778084,0.0110390516990495,0.00105164986618335,0.00654858419599886,4.85328598061977e-05,0.000745810550799941,0.00394073026427334,1.84714515039952e-05,0.00111503081472081,3.69982045898828e-05,0.000165261140413756,0.0119217816433853,0.0583671983586529,0.000336539276657083,7.79127560003274e-05,0.000149614320547235,0.301436863920471,0.00317414943022833,0.0236019360433074
0.000728119225360761,0.00733183519286828,0.00119560344413749,6.17670074243888e-05,0.00246052083674518,0.00175670462748611,0.000272219349128726,0.000479289478135389,0.000735431792850102,0.000192448527916275,0.00407735697208214,0.0002760519647282,0.000192603387467995,0.000218198412532601,0.000259800607891469,0.00536618248938836,0.000218974987587706,0.00200817050765889,0.260118066295322,0.000733722562562584,0.00219705986278486,0.014224221608151,0.000360342775978361,0.000882881776314133,0.000198216717991621,0.00433397328599715,0.000817229449916612,0.00312702543003434,7.73808689865762e-05,0.000417118252883662,0.000841623321152069,0.000421645372530774,0.00922894561509393,1.45477436723887e-05,0.000163471879069731,0.00117941398354271,0.000107525092079284,0.000293378069405031,0.0011273036612888,0.000914335042297639,0.00489852554407217,0.000580775067368577,0.00221143009761633,0.000271545281786895,0.00054303050147952,2.17397311099238e-05,0.0138197556050287,0.000162066284648479,0.000195878476972281,0.00322396034455213,0.00118339898878945,0.00121452726374007,0.000667636218424016,0.000466231203622887,0.00030600787005631,0.000224422306250256,0.00484571461453837,0.00159101492123184,0.0103248335636552,0.054974411709764,5.63587446846388e-05,0.00047644260452965,0.00831187880901521,0.000784780298305992,6.1458603561147e-05,0.000531132961311179,0.000269464602521003,0.000738078133749899,0.000114217053483496,0.000343722694981436,0.00502753191430695,0.000287281026828267,0.000813101940249431,0.00306713242996621,0.0698386370624408,0.000111494357549814,0.000222541385809782,0.00403691994212391,0.0152366479963419,0.00132307253513774,0.000251413909059649,0.00121380082769843,0.0136538001950646,0.00077974468994161,0.000207341975319148,2.69187527825653e-05,0.000222336277640492,0.000255486337105068,0.00119530091082566,0.0014200148537535,0.000579071843702519,0.00064965520888571,0.000546495855829821,0.418499532293236,0.0175095778991046
0.000719062462524089,0.00411224074035163,0.000879090569244571,0.000140879501567255,0.00162177404597922,0.00126255862503576,0.000332671362278024,0.00165118196473078,0.000575035743691633,0.000197614267315643,0.0031881574132278,0.000290194492992941,0.000157247539182328,0.000624857030032913,0.000411225205574789,0.00478268583669334,0.000129392365320216,0.00455684273903854,0.262561550459606,0.000509960940361332,0.00855893966399898,0.00410550174053112,0.000268801653508015,0.000424044436621251,0.000527633949638738,0.00134469181572265,0.000414388227753874,0.000989808819196507,4.61460340281647e-05,0.000686311519402775,0.000777962542134135,0.00051707860901165,0.00598907166596541,6.71521166470567e-05,0.000119807955158092,0.000452617211251809,0.000188455830263208,0.000282465401440607,0.00108317167730178,0.000962146004195901,0.000980298629483272,0.00037649376286354,0.00113770928580724,0.00140012577728284,0.000815262175804322,3.24974594099784e-05,0.00764615284266279,4.94090092299573e-05,7.43610789919404e-05,0.00125232263607393,0.000911320724527236,0.000753430841118374,0.000635014618710294,0.000565998971997095,0.000247460847623794,0.0043735153751721,0.003505906937702,0.00144004007660684,0.00220606236829618,0.00598292777635461,0.000121949486939036,0.000398007211306636,0.0105714659968034,0.000265660578163405,0.000163155987865829,0.000315132645546263,0.00137191756395461,0.000283645111741348,0.000307376890518043,0.000160255854713807,0.0172585014942613,0.000670113889474825,0.00104448380695286,0.00632617092686925,0.119574314951079,0.000320044394838263,0.000300801424473228,0.00578968660088876,0.00656340473036566,0.0117374968178011,0.000483986969761443,0.00095528591536935,0.0706792328116985,0.000368223374644657,0.0062597894581417,7.03533448778617e-05,0.000113943062424093,0.000450493937874533,0.00278566337346927,0.00095465565180204,0.000217756022041038,0.000552683843468986,0.00248947205757222,0.0319278353099263,0.347250307128133
