0.471475443803055,0.00428673764483374,0.000246364232461709,0.0006064350337519,0.000754253573228925,0.000162979415320823,0.0015122973654188,0.0012052896295819,6.19069096955064e-05,0.00207956680324089,1.6424282164114e-05,0.000862906516776141,0.000476304182759305,0,0.000218569293414747,0.000548318343017343,0.000669605349767723,0.000140238101555127,0.000229939950297595,7.70677855393039e-05,0.0140427612503174,0.000641810410720761,0.000236256981899178,0.000707507539377217,0.000241310607180443,0,0.00114843634516766,0.000871750361018356,0.00880720545892603,0.00230950675353849,3.15851580079115e-05,0.000136447882594177,0.000576113282064305,0.00221222446687412,3.28485643282279e-05,0.00166390612385678,0.00137963970178557,0,0.000505362528126583,0.000193301167008418,0.00156030680559083,0.00615910581154273,0.01157785551938,0.000231203356617912,0,0.0021263128370926,0.00737197587904653,0.000159189196359874,0.000703717320416267,0.000703717320416267,0.000969032647682723,1.89510948047469e-05,0.00482747554992919,0.00143649298619981,0.000204671823891266,0.00028173960943057,0.000200881604930317,0.00168664743762247,0.000615278877994115,0.00125708928871488,0.000333539268563545,0.00238910135171842,0.0914971491236382,0.000552108561978292,0.000995564180409369,0.000746673135307027,0.00125582588239456,3.15851580079115e-05,0.00022488632501633,0.000608961846392533,0.00172202281459133,0.00197849429761557,0.00502709374853919,0.00028173960943057,0.000133921069953545,0.000315851580079114,0.00138090310810589,0.00121413347382412,0.00289446387984501,7.20141602580381e-05,9.47554740237344e-05,0.00176624203580241,0.00018193051012557,0.0015274582412626,0.00290330772408722,0.00541369608255602,0.000401763209860634,0.00108526602915184,0.000456089681634241,0.000639283598080128,0.000331012455922912,0.000923550020151331,0.000793419169158736,0.000284266422071203,0.00506499593814868,0.00124950885079298,0.000150345352117659,3.0321751687595e-05,0.0020340841757095,0.0225075835964377,0.00320526183464285,8.59116297815191e-05,0.000509152747087533,0.00149208286429374,0.000400499803540317,0.000127604038351962,0.000851535859893293,0.00264430942842235,0.000236256981899178,0.0116410258353958,0.00316862305135368,0.00038533892769652,0.000605171627431583,0.00198354792289684,0.000325958830641646,0,7.83311918596204e-05,0.0145342263089205,0.0530314802952833,0,0.00112569503140196,0.000496518683884368,0.00414397273063798,0.000289320047352469,0.00524945326091488,0.00236256981899178,0.000621595909595697,0.000456089681634241,0.00795693300535305,0.151617602282217,0.000995564180409369,0.00301069726131412,0.0014124882661138
0.000459439016476558,0.352326478856292,0.000864115576036771,0.00018331282526457,0.00371150623494997,0.0011734077622826,0.00275663409885935,0.0177468925519459,0.000462010023843522,0.00464786711799844,5.45053561796476e-05,0.00124976668108145,0.000125722260244564,3.54799016641102e-05,0.00761763772757915,0.00460415999276004,0.000391564421988695,0.000176114004637069,0.00012675066319135,0.000410846977240929,0.0168141310792112,0.000325489532657707,2.39103685127699e-05,0.0100251290260047,0.000801125895546141,5.96473709135766e-05,0.000131378476451886,0.000371767665263068,0.0170360090149802,0.00568192628099157,0.000509316559395669,0.0246333357843604,0.00235529984887619,0.00200615704844241,0.000280239802999131,0.000855888352462485,0.00498544038528088,0.000222649237979127,0.0246065973077439,7.8672825429114e-05,0.00060778614155041,0.00628457040780805,0.0300350222623528,0.000173285896533408,7.53305158520601e-05,0.000663319900676843,0.00276306161727676,0.00017534270242698,0.000425758819969323,0.000436042849437181,0.000415217689764768,5.73334642833086e-05,0.00730268932512599,0.0153221755041617,0.000134977886765637,0.00615679134166991,0.00025427262859279,0.000882112627605523,0.000831463782476322,0.00876944902797924,0.00986906887882997,0.00165392903916827,0.000523714200650671,0.000341686879069583,0.000189740343681981,0.0157703020882236,0.00229025336249198,0.000141148304446352,0.0014562185726487,0.00145904668075236,0.00292169277181847,0.000643523143951217,0.0100544385099881,0.000842776214890966,0.000499803832137901,0.000173028795796711,0.00274506456570801,0.00268310328816416,0.0165925102441789,0.000162744766328853,5.78476657567015e-05,0.00152537867082004,0.000404676559560214,0.000141662505919744,0.0112615264687779,0.00224834594241046,7.19882062750063e-05,0.000170200687693051,0.000521143193283706,0.00199998663076169,0.000939446091888832,0.000823750760375429,0.000318290712030206,0.000706255723705151,0.00156857159458505,0.00281293916019587,0.000323432726764135,0.000752790957047208,0.18760332235856,0.0039912318364757,0.000766160195355424,0.000290266731730293,0.000654321374892468,5.50195576530405e-05,0.00107725208675813,0.000185883832631534,8.97281571070614e-05,0.00346931734098191,0.000112353021936349,0.00218098554939599,0.0160631398273209,0.000200281473886535,0.00198276088140303,0.00974643182742576,0.00117957817996332,0.000165315773695818,8.35577394263465e-05,0.00309035085509134,0.00301064962671544,0.000245531203545111,0.000501860638031472,0.000168143881799479,0.000484377787936114,0.000494661817403972,0.0112399300068954,0.00321144530207537,0.00119011931016787,0.00771019399278987,0.0013688043221719,0.0116952554115849,0.0314909837342648,0.00150943842514486,0.00233498889067717
0.00127032074135216,0.0078882820229126,0.291228347470774,0.000120007258975665,0.00192743365940184,0.00100396316655251,0.000245868530584289,0.0161395128290687,0.0189289498486738,0.0111504305626292,3.65875789559954e-05,0.0905981630108358,0.000103908724235027,0.000289773625331483,0.000115616749500945,0.00490419908326162,0.000225379486368932,0.00103323322971731,1.75620378988778e-05,3.9514585272475e-05,0.00492761513379346,0.000150740825298701,0.00696773853637976,0.000153667831615181,6.58576421207917e-05,1.90255410571176e-05,0.000181474391621737,5.41496168548732e-05,0.00281431657329517,0.000430269928522506,0.00086932087599445,0.000311726172705081,0.00698676407743688,0.000945423040222921,0.00226403938579699,0.000263430568483167,0.00205768544048518,0.000143423309507502,0.000215134964261253,0,0.000643941389625519,0.00178401034989433,0.00699408159322808,0.00289334574384011,0.000807853743348378,0.00087371138546917,0.00172693372672298,0.000117080252659185,0.000216598467419493,0.000488810054852098,0,1.90255410571176e-05,0.00159814544879788,0.00132447035820703,0.000131715284241583,0.000196109423204135,0,0.000706872025429831,0.00015513133477342,0.0187694280044256,0.000968839090754758,0.000889809920209808,0.000481492539060899,9.07371958108686e-05,0.000283919612698524,0.000616134829618962,0.00079468221492422,0.0001580583410899,0.000744923107544066,0.00031758018533804,0.000822488774930776,0.00055174069065641,0.00182645194148329,0.00508274646856688,0,3.65875789559954e-05,0.0658517881081587,0.0293856799142973,0.00867857372836211,9.5127705285588e-05,1.90255410571176e-05,0.00149570022772109,0.000563448715922329,0.000152204328456941,0.00131422583609935,0.000765412151759423,8.48831831779093e-05,7.61021642284704e-05,0.00118251055185777,0.000386364833775311,0.00131568933925759,0.000177083882147018,0.000756631132809984,0.00108884634973042,0.00113860545711058,0.000515153111700415,0.000500518080118017,0.00878248245259713,0.00343191490607237,0.00189962709939528,0.000131715284241583,0.150156887538563,0.000698091006480392,3.80510821142352e-05,0.000131715284241583,0,1.90255410571176e-05,0.000340996235869877,0.000128788277925104,0.00199914531415559,0.0104084344614016,0.000120007258975665,0.01789278961264,0.00975863905914309,9.5127705285588e-05,4.39050947471945e-05,0.000177083882147018,0.00189084608044584,0.00194938620677543,0,0.000321970694812759,0.000144886812665742,0.000346850248502836,0.00297676542385978,0.00193914168466776,0.0843211979651452,0.0302037781797533,0.00627550154253233,0.000763948648601184,0.0058408411045351,0.00983474122337156,0.000687846484372713,0.000501981583276257
0.000974937257455795,0.00420568637233209,0.000305937342508915,0.0801987450221709,0.00149541157458714,0.00598164629834857,0.000976206707009773,0.00168709845723796,0.000182800735772961,0.00406350802228646,0,0.00117677973653844,0.002947661864339,0.000222153671946307,0.00748340512070561,0.00402669398522107,0.00240179855612808,0.000398607159949374,0.00159823698845943,0.00936345991014836,0.360296441859845,0.000123136606735953,0.000123136606735953,0.00180515726575799,0.00968843899596696,5.71252299290505e-05,0.0167059561303623,0.000548402207318884,0.00363570352259557,0.000889884137339208,0.000228500919716202,0.0012212104709277,0.000789597622574875,0.000600449639032019,0.000189147983542856,0.00170106240233172,0.0131121444430481,6.85502759148606e-05,0.00040368495816529,0.000224692571054265,0.00598037684879459,0.0187040697283251,0.0758496108502392,0.000641072024759344,8.7592019224544e-05,0.00112854065348724,0.00335261627205827,0.000823872760532306,0.000854339549827799,0.00143574744555014,0.000931775972620512,1.52333946477468e-05,0.00121232432404985,0.00454335995369048,0.00755449429572843,0.000498893674713707,0.000854339549827799,0.0177519825628409,0.00126437175576298,0.00550560271560649,0.00114377404813499,0.00435294252059365,0.000269123305443527,0.000831489457856179,0.0430216453843449,0.00163758992463278,0.000350368076898176,0.000237387066594054,0.00118693533297027,0.0691811923431881,0.0433313910755158,0.00861067632463887,0.00179627111888014,0.000385912664409585,5.20474317131349e-05,0.000335134682250429,0.00169979295277775,0.00115266019501284,0.00255794085126748,0.000176453488003067,0,0.000776903127035086,0.000534438262225117,0.000958434413254069,0.00241576250122184,0.0011793186356464,0.000468426885418214,0.00171629579697947,0.000106633762534228,0.00018407018532694,0.000771825328819171,0.000394798811287438,0.000707083401566247,0.000313554039832788,0.00184958800014726,0.00156903964871792,0.000477313032296066,3.55445875114092e-05,0.0016363204750788,0.00320789902290468,0.0121600572775639,5.20474317131349e-05,0.00132657478390795,0.000562366152412652,0.000255159360349759,1.90417433096835e-05,0.000441768444784657,0.000939392669944385,4.69696334972193e-05,0.00158427304336567,0.00300859544292999,0.0021237891038067,0.000759130833279382,0.00467919105596622,0.000180261836665004,6.85502759148606e-05,6.72808263608817e-05,0.00162362597953901,0.00308476241616872,0.00160077588756739,0.00579503721391368,0.000101555964318312,0.0005534800055348,0.000227231470162223,0.0454716830235242,0.00217710598507381,0.000902578632878997,0.000420187802367016,0.00176834322869261,0.0135526434382787,0.000347829177790218,0.00131514973792214,7.6166973238734e-05
0.000183346222197184,0.0209895574595793,0.00143860206187679,0.000653491004255886,0.309385482871468,0.0229915138354698,0.000245315196738691,0.00502409620043122,0.000181297661055316,0.077259434904409,4.86533271193645e-05,0.00476341679512852,0.000289871401574319,7.63089025345823e-05,0.00250999953907374,0.109419796270594,0.00031701483670407,0.000384105214100246,5.01897479757655e-05,0.00178429675456701,0.00449249458411648,0.000120352967084744,0.000156202787067434,0.00169876932689402,0.000642223917975612,5.88961328287044e-05,0.000570524278010233,0.00018232194162625,0.00273073200211002,0.00166240736662587,0.00114412139773327,0.000554135788875289,0.00678995590472142,0.00103452337664333,0.000471169062629635,9.57702333823281e-05,0.00148981609042349,6.19689745415064e-05,0.00176329900286286,1.28035071366749e-05,0.00264213173272423,0.00221654315550115,0.00462001751519776,0.00116563128972288,2.66312948442837e-05,0.000311381293563933,0.00131107913079551,2.50948739878828e-05,8.29667262456532e-05,0.000121377247655678,9.52580930968611e-05,0,0.000621226166271465,0.00221142175264648,0.000107037319662602,0.00100737994151358,8.70638485293892e-05,0.00242805709339902,0.000121889387941145,0.00635105168007621,0.0165697867959992,0.000496263936617518,0.00034774325383209,5.63354314013695e-05,0.00124501303397027,0.000914170409558586,0.000847592172447877,0.000159787769065702,0.00879857010432298,0.00125628012025054,0.00495137227989491,0.000890611956427104,0.00219144828151327,0.00122094244055332,0.000130083632508617,7.68210428200493e-06,0.00760425895861394,0.00576209035178916,0.00371455349049212,0.000144423560501693,7.01632191089783e-05,0.000945410966972073,0.000408175807517195,0.000163884891349438,0.00147240332071761,0.000450683451210956,4.35319242646946e-05,0.000499848918615787,0.000279116455579512,0.000518798109178066,0.000810718071894253,0.000171566995631443,0.000113695143373673,0.000699583629947915,0.000844519330735075,0.0006237868676988,0.000243266635596823,0.00469632641773235,0.0112450642479988,0.00126549864538894,0.000106525179377135,0.000587424907430643,0.00415038487342453,5.07018882612325e-05,3.94348019809586e-05,1.28035071366749e-05,4.91654674048315e-05,0.000208441096185067,8.86002693857901e-05,0.000934656020977266,0.00235891815486098,0.000173615556773311,0.00205009756272438,0.258740954322208,0.000289871401574319,2.20220322750808e-05,0.000816863755319857,0.00100328281922984,0.00145294198986987,2.86798559861517e-05,0.000373862408390906,1.94613308477458e-05,0.000157739207923834,0.000698559349376981,0.00295658586800096,0.012390209926303,0.00390302111554397,0.00118611690114156,0.000878832729861364,0.00611341858761952,0.00505840959955751,0.000446074188641753,0.000495751796332051
0.000425250999339849,0.0116445873647803,0.000971192282301863,0.00344574809750803,0.0585185875186807,0.185404575700753,0.000569431338163645,0.00308286724473802,1.05300247455582e-05,0.0602843916683204,0.000143370336920292,0.00497098168180695,0.000508681195400809,1.94400456841074e-05,0.0213192501002377,0.136725891305845,0.000263250618638954,0.000534601256312952,0.000178200418770984,0.0202419475685768,0.0222645223216275,0.000110160258876608,0.000144180338823796,0.00176823415535027,0.00516943214816555,0,0.00179577422006942,0.000157140369279868,0.00165078387934212,0.00104166244790675,0.000446311048830965,0.00146043343201857,0.00509977198446416,0.000416340978401299,0.00021546050633219,0.000481141130681657,0.00138348325118564,7.77601827364294e-05,0.000894242101468939,0.000157140369279868,0.00811459906930781,0.00277749652711684,0.0104879046465759,0.0018468043399902,0,0.00075330177025916,0.00217890512042703,9.47702227100234e-05,0.000176580414963975,0.000244620574858351,0.000203310477779623,0,0.00130815307415972,0.00146043343201857,0.00152523358429892,0.000474661115453621,7.77601827364294e-05,0.0158071871468898,0.000775171821653781,0.00534358255741901,0.0105122047036811,0.000739531737899584,0.000490861153523711,0.000100440236034555,0.00520831223953376,0.00108216254308198,0.000225180529174244,0.00022275052346373,0.0114825869840794,0.0036401485543491,0.0419726786357948,0.0028609267231778,0.00179820422577993,0.00121986286667774,4.05000951752237e-05,7.85701846399339e-05,0.00760024786058247,0.00264789622255612,0.00351378825740241,8.99102112889965e-05,0,0.000706321659855901,0.000601021412400319,0.00023895056153382,0.00227610534884757,0.000990632327985971,0.00027702065099853,0.00110889260589762,0.000249480586279378,0.000283500666226566,0.00123849291045834,2.18700513946208e-05,0.000218700513946208,0.000831061952995589,0.000924212171898604,0.000209790493007659,0.000621271459987931,0.00302616711149271,0.00616168447995853,0.00210276494149761,0.000798661876855411,0.000891002093854921,0.00400869942044364,0.000124740293139689,0.000119070279815158,5.42701275347997e-05,7.6950180832925e-05,0.000532171250602439,0.000614791444759895,0.000926642177609117,0.00261711615022295,0.000466561096418577,0.0013227331084228,0.216938759806086,0.000164430386411408,2.10600494911163e-05,0.00140697330638727,0.000818101922539518,0.00330075775678073,0,0.00086184202532876,5.83201370523221e-05,0.000696601637013847,0.000453601065962505,0.00338094794522767,0.0135456618323053,0.00305289717430836,0.0013219231065193,0.00129843305131767,0.00906959131353959,0.00502525180934175,0.000352350828024446,0.000417150980304804
0.000379714339101462,0.0030273439809819,4.42120672743916e-05,3.62065900724441e-05,0.00027127651154781,3.76621313818891e-05,0.370955255386549,0.00057766795718598,4.00273860097372e-05,0.000964660002834667,9.82490383875368e-06,0.000312759438866992,7.91450587010713e-05,1.01887891661149e-05,1.14623878118793e-05,0.000255811385134957,0.000919902107569233,3.32955074535541e-05,3.40232781082766e-05,3.31135647898735e-05,0.00370107766459125,0.000947557392448688,2.36525462784811e-06,0.00128142218030263,2.2742832960078e-05,0,0.000211781260524246,0.000173755243814996,0.318215353522783,0.00436571421501657,9.13352171676731e-05,0.000341142494401169,0.000654811646586564,0.00268638342924441,6.82284988802339e-05,0.000213418744497372,0.000217421483098345,1.4009585103408e-05,0.000453037232564753,4.96703471848103e-05,7.40506641180138e-05,0.00283266533084363,0.0049945080606968,4.45759526017528e-05,7.27770654722495e-06,0.000280919472722883,0.00179795740249192,4.58495512475172e-05,0.000623881393760859,8.73324785666994e-05,0.000264908518318988,0,0.037256581184545,0.000594224739580917,2.16511769779942e-05,0.000651172793312952,3.32955074535541e-05,0.000460678824439339,5.02161751758521e-05,0.00350894621174451,0.000309848356248102,0.000473596753560663,0.000118626616719767,0.000439755418116067,0.000277462562112951,0.00102324554053983,0.0014986617207373,2.82011128704967e-05,9.42462997865631e-05,0.000228519985582863,0.000174483014469718,0.000338777239773321,0.0416124704957228,0.000165385881285687,0.000354606251513536,0.000112440566154625,0.000568206938674588,0.000364431155352289,0.0026367130820596,8.18741986562807e-06,2.72913995520935e-06,0.00180487122371179,0.000129361233876923,3.83899020366116e-05,0.00927652865042028,0.00782189705429369,3.49329914266797e-05,0.000104071203625317,9.40643571228824e-05,0.00319837008484168,0.000254173901161831,0.000658086614532816,4.91245191937684e-06,5.00342325121715e-05,0.00129888867601597,0.0841714067279122,0.000145008302953457,1.34637571123662e-05,0.00224389887117313,0.00228283460120079,0.000226336673618696,5.45827991041871e-06,7.51423201000976e-05,5.53105697589096e-05,0.014917660937838,0.0154893247871225,5.82216523777996e-05,0.00507692808734412,1.71026103859786e-05,0.00129233874012347,0.00348201869751978,6.29521616334958e-05,0.000208142407250633,0.000785992307100294,0.00373564677069057,0.000993952771687247,2.72913995520935e-06,0.00204357999846076,0.00332263692413555,0,0.000225245017636612,0.000240528201385784,0.000406641853326194,0.000247623965269329,0.00394324334995016,0.0010319787883965,0.00033550227182707,0.000310758069566505,0.00048414942805414,0.00668166238100722,0.00019267728083778,0.00116516081821071,0.00305208818324246
0.000491834430645756,0.0553340464608576,0.00360395081072491,0.000110322545214018,0.00327298317508285,0.000571052822143047,0.000591221921818738,0.243609432917817,0.00182591102365228,0.00748176397487756,3.42631693285828e-05,0.00386007407648609,5.46752702051854e-05,8.14054023054982e-05,0.0012359041078381,0.00366470111095289,0.000431327131618684,0.000398278968294661,6.00212966252479e-05,0.000214327059204327,0.0059005551605436,0.000636663146389269,6.53673230453105e-05,0.00176856274023706,0.000128547635282414,2.18701080820741e-05,0.000572753830549431,0.000314929556381868,0.00380928682549549,0.00150101841803302,0.000226234118049011,0.00226695820330744,0.00572851031029795,0.00419930375295915,0.000407756015130227,0.000931666604296358,0.00341975590043366,5.05442497896825e-05,0.00397768665772746,0.000105219519994868,0.000482357383810191,0.00461920982813497,0.0115420710409151,0.000667038296503261,0.00132435654497005,0.000454412245705318,0.00225869616247643,0.000151389748168135,0.000221131092829861,0.000499124466673114,0.000297919472318032,2.72161345021367e-05,0.00190853143196234,0.00630758217207109,9.30694599492711e-05,0.00136226473231231,0.000204850012368761,0.00110541246294839,0.000635691141585622,0.00457255359755988,0.00917839835964469,0.00160793894643427,0.00028261039666058,0.000371548836194348,0.000212626050797943,0.00259962684735588,0.00698725653102178,6.58533254471344e-05,0.00175641268019147,0.000472151333371889,0.000611148020293516,0.000577370853366757,0.00417962065568528,0.00141596799771384,0.000212383049597031,0.000171315846642914,0.00498905765592293,0.0196449460853236,0.104232935119165,0.000136323673711595,0.000142398703734394,0.00996329223859024,0.000670926315717852,0.000102060504383013,0.00248736029253457,0.000648327204033042,0.00011931358964776,0.000262198295783978,0.00054505169364547,0.0023170164506953,0.00123031508021713,0.000320761585203754,0.000134136662903388,0.000959611742401231,0.0014028459328646,0.000364015798966078,0.000543350685239086,0.00472758836374169,0.0264079125079036,0.00256487767562547,0.00043448614723054,0.00201545196036359,0.00136736775753146,0.000115182569232257,0.000216271068811622,2.18701080820741e-05,3.25621609221993e-05,0.000791454911370172,0.00017204485024565,0.00150782245165856,0.10994978137182,0.000283339400263316,0.0073461693047687,0.00731044812823465,0.000399736975500133,0.000105219519994868,0.000226720120450835,0.00222564799915241,0.00228226727896489,2.16271068811622e-05,0.000236197167286401,5.9778295424336e-05,0.000423065090787679,0.000468263314157298,0.0035752766690173,0.00627088899073339,0.0023476346020102,0.0941559183185483,0.00103202610027299,0.00784262075823179,0.126673610020981,0.00103154009787116,0.00174329061534222
0.000295185524101898,0.0138196022867039,0.125424329190896,0.00018203107319617,0.000846198502425441,0.000118074209640759,0.00388168964193996,0.0571725162598026,0.0938640769056685,0.0103659316547117,0,0.0370507030335232,0,0,0.000191870590666234,0.00485088211274119,0.000295185524101898,0.000624809359349017,0.000191870590666234,0,0.0277621985417835,0.000201710108136297,0.00232212612293493,0.00136277316960376,0.000388660940067499,0.000295185524101898,0.000147592762050949,0.000413259733742657,0.0123387549074593,0.00325688028259094,0.000442778286152847,0.000388660940067499,0.00668103236217296,0.00244020033257569,0.0109809014965906,0.000501815390973227,0.00423099251212721,0,0.000344383111452214,6.39568635554112e-05,0.000501815390973227,0.0052247837766036,0.0355108185494583,0.00129389654731332,0.010415129242062,0.000122993968375791,0.00670563115584812,7.37963810254745e-05,0.000319784317777056,0.000388660940067499,0.000501815390973227,0,0.0097362025366276,0.00294201572354892,0.000191870590666234,0.000132833485845854,0.000368981905127373,0.000560852495793606,0.000551012978323543,0.011197370880932,0.00117090257893753,0.00195806397654259,0,7.37963810254745e-05,5.90371048203796e-05,0.0034684299081973,0.00302565162204445,7.37963810254745e-05,0.00274030561541262,0.00498863535732208,0.000265666971691708,0.000354222628922278,0.00757150869321369,0.00224340998317443,0.000122993968375791,0.000924914642185947,0.0302073186330942,0.0377050309452824,0.0185868485009495,0.000132833485845854,0,0.00391612795308518,0.000418179492477689,0.000132833485845854,0.00562328423414116,0.00316832462536037,5.90371048203796e-05,5.90371048203796e-05,0,0.000560852495793606,0.00371933760368392,0.000118074209640759,7.37963810254745e-05,0.000644488394289144,0.00187934783678208,0.00518050594798831,0.000949513435861105,0.00596274758685834,0.00946069604746583,0.00448190020761382,0.000349302870187246,0.0897905166730624,0.000206629866871329,0,6.39568635554112e-05,5.90371048203796e-05,0,0.00184490952563686,0,0.00100855054068149,0.0264486229595301,5.90371048203796e-05,0.0219667227519162,0.0128208912634924,0.000487056114768132,0.000206629866871329,0,0.00167763772864579,0.00993299288602887,0,7.37963810254745e-05,0,7.37963810254745e-05,0.000462457321092974,0.0136720095246529,0.0438891676752172,0.0081963180525627,0.0275014513288268,0.00108726668044199,0.033277248083754,0.0272062658047249,0.00397516505790556,0.00110202595664709
0.000313414668230527,0.00983767394658651,0.00250423331466852,0.00083114640185119,0.0232173576984646,0.00927599476871212,0.000284887379855301,0.00341807030241817,0.000326521800727253,0.248361271121999,0.000106591827510136,0.0297236997194495,0.000254818075892225,0.000140130666545875,0.00104799234389261,0.0868559555051402,0.000192751948481259,0.000744408025034623,6.38008949472968e-05,0.000979950906078722,0.00778448019136413,0.000118735200264456,0.000891285009777342,0.00125018913784945,0.000564184953204646,0.000107941091149505,0.000648803058587918,7.65225235470599e-05,0.00332844064637438,0.00147050461496353,0.00150173043061749,0.000273707766843388,0.0381820407227042,0.0011231656038003,0.00180801327675421,0.000303391566909502,0.000921739817637382,0.000171934738045283,0.0011087092076642,3.27678312418141e-05,0.00331475525803221,0.0023635243922772,0.00655260248862041,0.00435041147722202,4.27909325628395e-05,0.000400345796995575,0.00137451414461986,5.16575221929775e-05,0.000147069736691201,0.000180415823778459,0.000277370053864532,2.58287610964887e-05,0.00293831070264831,0.00106052122054389,0.000195643227708478,0.000631648135173086,4.25981806143583e-05,0.00145893949805465,8.24978339499789e-05,0.0145570126532017,0.003630675701593,0.00036584319821743,0.00016538117179692,0.000116614928831162,0.00144795263699122,0.000986697224275566,0.00050366084138153,0.000522357780384212,0.012039093950191,0.00136834608226846,0.00294929756371175,0.000981492921666572,0.00285504186090441,0.00368291147963142,4.64532195839835e-05,5.03082585536086e-05,0.092535584419089,0.0036368437639444,0.00550904343954287,0.000288356914927964,0.000147840744485126,0.00123823851704361,0.000882418420147205,8.98224079922668e-05,0.00136140701212313,0.000710869185998884,4.43329481506896e-05,0.000469158242603385,0.00100404489963888,0.000344640483884491,0.00130531619511509,0.000103893300231399,0.000644755267669812,0.00148284073966633,0.000760984692604011,0.000204124313441654,0.000609096157200779,0.0018945589016223,0.00507034000479952,0.00165766675693883,0.000442558473712971,0.00119429107278988,0.0045223462152673,3.6430118262958e-05,0.000142636441876132,5.18502741414587e-05,3.87431416447331e-05,0.000493059484215061,0.000219351717371673,0.000591941233785947,0.00544254401731683,0.000114494657397868,0.00153025771899272,0.156892761489703,0.000343869476090566,3.0454807860039e-05,0.00127524689115201,0.00125693545604629,0.00203719534349843,9.63759742406296e-05,0.000438703434743346,7.32457404228785e-05,0.000308788621466977,0.00168908532454127,0.0029610554325691,0.112672958732772,0.0203295480063184,0.00126387452619162,0.000817653765457502,0.00586968233515131,0.00168484478167469,0.000658633407960463,0.000572858790886302
0.000335813184542261,0.00283632982021079,0.000976441413515189,6.19962802231866e-05,0,0.000196321554040091,0,0.00370944410002067,0.000134325273816904,0.00141558173176276,0.106747261830957,0.00289832610043397,6.71626369084522e-05,0.00195804918371564,6.19962802231866e-05,0.00084728249638355,0.000144657987187435,0.0153957429220913,0.000154990700557967,0,0.00299648687745402,0,0.00335296548873734,0.000206654267410622,0,0.000588964662120273,0.000154990700557967,0.000583798305435007,0.000759454432734036,0.000144657987187435,0.0023093614383137,0.000144657987187435,0.00143108080181856,0.000284149617689605,0.0630140524901839,0,0.000439140318247572,0.00327547013845836,0.00013949163050217,0.000154990700557967,0,0.00138458359165117,0.00458772473651581,0.00165323413928498,0.000335813184542261,7.74953502789833e-05,0.000852448853068816,0,0.000154990700557967,0,0.000387476751394916,0.00013949163050217,0.000201487910725356,0.000671626369084522,0.000413308534821244,0.000346145897912792,0,0.000609630088861335,0.000144657987187435,0.105491837156437,0.00023248605083695,0.00041847489150651,0.00013949163050217,0.000377144038024385,0.000144657987187435,0,0.000299648687745402,0.00250568299235379,0.00075428807604877,7.74953502789833e-05,0.000289315974374871,0,0.00161706964248812,0.110870014465799,0,0.001245091961149,0.00905145691258524,0.0024591857821864,0.00107460219053523,0.0066439346972515,0.0012140938210374,0.00103327133705311,0.0332506716263691,7.74953502789833e-05,0,7.74953502789833e-05,7.74953502789833e-05,0.00023248605083695,0.186138665013433,7.74953502789833e-05,0.0254236412481918,0.00041847489150651,0.000857615209754081,0.195370944410002,0,0,0.0119291175862782,0,0.00257284562926224,0.000862781566439347,0,7.74953502789833e-05,0.000144657987187435,0.00023248605083695,0,0,7.74953502789833e-05,0,0.00573982227733003,0.000377144038024385,0.000645794585658194,7.74953502789833e-05,0,0.00172039677619343,0,0,7.74953502789833e-05,6.19962802231866e-05,0.000196321554040091,0.00051146931184129,0,0,0,0.0197819797478818,0.00130708824137218,0.0149101053936764,0.0097024178549287,0.00112109940070262,0.000495970241785493,0.00373527588344699,0.00183405662326927,0.000284149617689605,0.00369911138665013
0.000213673697727672,0.00433774299644809,0.0168710408287869,0.000239965578502757,0.0025586590640007,0.00150406251291119,0.000193224457124828,0.00640228163445355,0.0014013989784561,0.0432413799147559,0.000344298438721347,0.187388076924201,9.76555571646001e-05,6.76076934216462e-05,0.000174444542285482,0.00801568498487382,0.000187381816952587,0.00130332608985062,5.04971043457975e-05,0.000263753470632595,0.00417873971747496,0.000122278112176187,0.0036508154447689,0.000337203804226482,0.000120191454971816,0.00018571249118909,0.000392291554421898,0.000183208502543844,0.00241676637410342,0.000514569666598085,0.00316629364191377,7.47023279165103e-05,0.0266804163465387,0.00138554038370287,0.00264296001505732,0.0004068981548525,0.00102079270437868,0.000337621135667357,0.000178200525253351,2.87958694203308e-05,0.00121359983006264,0.00472127059061163,0.00593946106652388,0.00766679590030286,0.000128955415230177,0.000222437657986034,0.00199400962449769,1.54412633123513e-05,0.000118939460649192,0.00015316063880089,0.000269596110804836,0.000772897828499314,0.00138053240641238,0.00108339242050984,5.96783960450334e-05,0.000202405748824064,9.18129169923591e-05,0.000898514592202496,0.000160255273295754,0.0340371349862719,0.00079459906342478,0.000663556990990232,0.000173609879403734,3.21345209473257e-05,0.000630170475720283,0.000338038467108231,0.000445292647412942,0.000840922853361834,0.00262292810589535,0.000222854989426908,0.00151825178190092,0.000575082725524867,0.00145481740288802,0.00646196003049858,5.00797729049231e-06,0.000203657743146687,0.201244315424111,0.0128129098977246,0.00527632140697453,0.000557972136449019,0.000243721561470626,0.00157584352074158,0.00181664376212609,0.000119774123530941,0.000429434052659716,0.000163593924822749,0.00013688471260679,0.000333447821258613,0.00172441351369285,0.000442788658767695,0.00274937953248028,5.3418424431918e-05,0.000790843080456911,0.00307155940483529,0.00128037286060253,0.000196563108651823,0.00168059371240105,0.00382317332985001,0.00264462934082082,0.00192974058260304,0.000252902853169862,0.00775276617712298,0.0026417080207347,7.67889851208821e-05,0.00012353010649881,2.92132008612052e-05,0.000122278112176187,0.00020866572043718,0.000545452193222788,0.000660218339463237,0.00474171983121447,7.38676650347616e-05,0.00758875492085935,0.0171372982880647,0.000224524315190405,0,0.00156374090895623,0.0019873323214437,0.00151491313037392,0.000121026117853564,0.000272934762331831,5.42530873136667e-06,8.17969624113745e-05,0.00407858017166512,0.00222062059689247,0.229446322204078,0.0577653487200653,0.00227779500429225,0.000416914109433485,0.00494203892283416,0.00256283237840944,0.00105918719693912,0.00141183226447796
0.00107002043118722,0.00341747467424469,0.000366365691113015,0.00484029169687407,0.00142281702262938,0.00170776811571728,0.000781192452479075,0.000310150849619484,2.32613137214613e-05,0.00226603964503235,7.75377124048709e-05,0.000595101942707384,0.148816192975859,0,0.00132395643931317,0.00265372820705671,0.00142281702262938,0.000709470068504569,0.000608671042378237,0.00328759900596653,0.10745176185067,5.42763986834096e-05,0,0.000409011432935694,0.00125417249814879,9.30452548858451e-05,0.0507193561268362,0.000845161065213093,0.00508453549094941,0.000724977610985543,0.000643563012960429,0.000441964960707764,0.000191905838202056,0.00039350389045472,0,0.00186865886895739,0.00321781506480214,0.000116306568607306,0.000193844281012177,0.0128402451742466,0.00875594617332005,0.0102388549230632,0.0393116201892696,0.000845161065213093,0,0.00467552405801372,0.00592581967054226,0.000407072990125572,0.000976975176301374,0.00123478807004757,0.000564086857745436,0,0.00228348563032345,0.00131620266807268,0.0250291735642923,9.69221405060886e-05,0.000234551580024735,0.16682044979627,0.000755992695947492,0.00368691822485161,0.000438088075087521,0.00177367517126142,0.00054664087245434,0.00042645741822679,0.0362411267780367,0.000257812893746196,7.17223839745056e-05,0.00091882189199772,0.00209739512055176,0.00749208146112065,0.0111363539441496,0.0159126770282896,0.00361907272649735,0.000988605833162104,8.14145980251145e-05,0.000515625787492392,0.00113398904392124,0.00147127809288243,0.00124835716971842,0,2.5199756531583e-05,0.000220982480353882,6.97839411643838e-05,0.00783130895289196,0.00288052601584096,0.00235714645710808,0.00122509585599696,0.00603049558228884,0.000133752553898402,0.000655193669821159,0.000211290266303273,0.00057959440022641,0.0002403669084551,0.000540825544023975,0.00563893013464424,0.000317904620859971,0.000162829196050229,0.00018609050977169,0.00103706690341515,0.010808757109239,0.0432233977800953,5.23379558732879e-05,0.00620689387800992,0.034781479342015,0.000168644524480594,0,0.00529970264287293,0.000629993913289576,2.90766421518266e-05,0.00688147197593229,0.00122315741318684,0.00536367125560695,0.00049236447377093,0.00350276615789004,0.000145383210759133,2.90766421518266e-05,5.23379558732879e-05,0.015790555131252,0.0103241464067086,2.5199756531583e-05,0.0247325918143437,0.000759869581567735,0.00305110898313167,0.00169226057323631,0.0329767890857916,0.00104288223184551,0.000984728947541861,0.000124060339847793,0.0105586979867333,0.0231275611675629,0.000399319218885085,0.00321006129356166,0.000189967395391934
0,0.000580528489748869,0.000306274023368708,5.98626500220657e-05,5.0117567460334e-05,0.000215783971009772,1.67058558201113e-05,0.000368920982694126,0.000150352702381002,0.000625077438602499,0.0022399768345466,0.000577744180445517,5.29018767636859e-05,0.356885805730387,0.000169842867504465,0.000627861747905851,1.67058558201113e-05,0.00148403685868656,0,2.08823197751392e-05,0.000270078002425133,0,0.000446881643187978,0.000496999210648313,8.07449697972048e-05,0.0427377556517999,3.48038662918986e-05,0,0.000274254466380161,0.000265901538470106,0.000175411486111169,7.09998872354732e-05,0.000441313024581275,0.0001099802174824,0.00368364120833455,0.000413469931547756,5.29018767636859e-05,0.00015452916633603,0,0,6.82155779321213e-05,0.000118333145392455,0.000467763962963118,0.000396764075727645,1.80980104717873e-05,4.17646395502784e-05,0.000182372259369549,0,0.000425999323412839,5.150972211201e-05,0,0.000762900749118418,0.000299313250110328,0.000238058445436587,3.89803302469265e-05,8.35292791005567e-05,0,1.80980104717873e-05,0,0.00454538493772196,5.0117567460334e-05,2.08823197751392e-05,0,0,0.000112764526785752,5.0117567460334e-05,8.07449697972048e-05,0.000374489601300829,0.000311842641975412,1.67058558201113e-05,0.000396764075727644,1.80980104717873e-05,0.000299313250110328,0.00146037022960807,0,0,0.00244601572299464,0.000672410696759482,0.000703038099096352,0.114358543861921,0.00472218857848481,0.000123901763999159,0.00512591342747083,3.34117116402227e-05,0.000277038775683513,0.00106082184457707,0,0,0.273277173814685,0.000132254691909215,0.0896798183516611,0,0.0179587950066197,0.00321170078141641,0.00024362706404329,3.48038662918986e-05,0.040765072510375,0,0.00041903855015446,0.000283999548941893,0,0.000175411486111169,0.0001099802174824,1.80980104717873e-05,1.67058558201113e-05,0,5.0117567460334e-05,9.32743616622883e-05,0.000672410696759482,0.000325764188492171,0.000975900410824838,0,8.90978977072605e-05,0.00076568505842177,3.75881755952505e-05,2.08823197751392e-05,0.000246411373346642,9.88429802689921e-05,0.00057356771649049,0.00788794825639591,4.17646395502784e-05,0,0,0.000645959758377639,0.000101627289572344,0.00232350611364715,0.00207431043099716,4.17646395502784e-05,6.68234232804454e-05,0.00141582128075444,0.000300705404762004,0.000175411486111169,1.67058558201113e-05
1.93864631783957e-05,0.116694578202756,0.000653174682472102,0.00498977736883939,0.00920409621054295,0.0374635944590506,0.000985727089301506,0.00539838436198404,0.000507030575434965,0.0105522010346406,0,0.002796124496884,0.000580102628953534,0,0.191903616470143,0.0179608125015845,0.00107371180680346,0.000156582971825504,0.000353430136406137,0.00675245425167506,0.0669399660886021,0.000110353713477022,0.000820196519085973,0.00269770091459368,0.0393053084609982,0,0.00109608080277853,0.00047124018187485,0.00370281446707358,0.0018342576699559,0.000196847164580634,0.0375530704429509,0.00222198693352382,0.000602471624928606,7.75458527135829e-05,0.00104239521243835,0.0134974521713584,4.17554591534677e-05,0.00435748041594402,0.000181934500597252,0.00331657646990401,0.0107893123919764,0.0352550289231118,0.000553259833783447,0,0.000380272931576224,0.00293332100553111,0.000256497820514159,0.000274393017294216,0.000703877740015599,0.000350447603609461,5.36855903401728e-05,0.000861951978239441,0.0128875242144381,0.00304218345260979,0.000970814425318124,0.000134213975850432,0.00821091278924976,0.000504048042638289,0.00225032099509224,0.010681941211296,0.00161205897660352,1.93864631783957e-05,0.00051150437462998,0.00862250231519108,0.006214107081875,0.000301235812464303,0.000384746730771238,0.00161951530859521,0.0372100791713331,0.0760665164464315,0.0022995327862374,0.00460204810527148,0.000556242366580124,0,0.000110353713477022,0.00186110046512599,0.00143310700880295,0.00204303496572324,3.87729263567914e-05,3.72816599584533e-05,0.000408606993144648,0.000216233627759029,0.000536855903401728,0.00433362015357061,0.00145249347198134,0.000298253279667627,0.000489135378654908,2.2368995975072e-05,0.000165530570215533,0.000410098259542987,0.000283340615684245,0,0.00039965939475462,0.00228163758945734,0.000214742361360691,0.000167021836613871,0.000493609177849922,0.0664925861691007,0.0031286769037134,0.00177311574762404,0.000280358082887569,0.00230251531903408,0.000162548037418856,0.000348956337211123,5.81593895351872e-05,0.000425010923526368,0.000773967260737491,4.4737991950144e-05,0.00191329478906782,0.00198040177699304,0.000483170313061555,0.000627823153700354,0.0367313826574666,0.000712825338405627,9.99148486886549e-05,7.75458527135829e-05,0.00253664414357316,0.0026201550618801,0,0.000961866826928096,4.02641927551296e-05,8.9475983900288e-05,0.000641244551285397,0.0152824980501692,0.00312271183812005,0.000638262018488721,0.0030660437149832,0.000597997825733591,0.00668236473095317,0.00752194771321754,0.000538347169800066,0.000320622275642699
0.000152843271088785,0.0106546106248696,0.00117225822898239,0.00124785219338371,0.0556757824527096,0.0315877932852695,0.000300444624938063,0.00288802050858736,0.000102079440979874,0.10483806889976,6.75931433515384e-05,0.00558540076388529,0.000170500255474493,0.000100975879455768,0.00265516902700084,0.28930555080411,0.000216298058724923,0.000239748741112191,9.7941085264474e-05,0.0066130924332097,0.00798233639424515,0.000105114235171168,0.000155602174899052,0.00138359026084884,0.00108838755315028,6.6213691446405e-05,0.00084284511403653,5.26950627760973e-05,0.00218091346201596,0.000804220460692794,0.000303479419129356,0.000688898281423638,0.00968789072975213,0.000850845935086304,0.000660757462558916,0.000230644358538311,0.00067041362589485,3.03479419129356e-05,0.000883401000047453,6.40065683981915e-05,0.0117261688647773,0.00196516718405309,0.00621553439415024,0.00221346852697711,3.5313968771416e-05,0.00035727804342956,0.00144814861000908,5.35227339191774e-05,0.000136289848227184,0.000230644358538311,0.000145946011563118,4.52460224883767e-05,0.00108700810124515,0.0013449656075051,0.000582404594347337,0.000536882681477934,8.41465662131397e-05,0.00383901465198636,0.000161119982519585,0.00565933938600044,0.00627043657997455,0.000477842139938223,0.000169120803569359,8.911259307162e-05,0.00157367873337623,0.00111680426239603,0.000348725441617733,0.000429837213639579,0.0302500008276711,0.000965340443212379,0.00768603012502248,0.0012870286274895,0.00228630358756816,0.0012384719204288,1.24150671462009e-05,2.23471208631617e-05,0.011257706997794,0.00234479234834582,0.00307562596768551,5.76610896345777e-05,0.000112839165839915,0.00067124129703793,0.000468185976602289,0.000133806834797943,0.00139572943761401,0.000376866260482455,5.07638301089105e-05,0.000473152003460769,0.000502672274230624,0.000171052036236546,0.000894712505669547,9.84928660265274e-05,0.000455770909456088,0.000879538534713079,0.000930026474440963,0.00022071230482135,0.000397006258297403,0.0012053650747056,0.00594488593036306,0.00181204802258328,0.00039810981982151,0.000871261823282279,0.00841162182712267,4.08317763919497e-05,0.000188709020622254,4.08317763919497e-05,8.35947854510863e-05,0.000467634195840235,0.000332723799518185,0.000982445646836034,0.00275173066036018,0.000101527660217821,0.000640893355124995,0.271814100647018,0.000494947343561877,9.29750584059937e-05,0.00139793656066223,0.00153146750507914,0.00158885270433269,1.24150671462009e-05,0.000465151182410995,4.8556707060697e-05,0.000248301342924019,0.0009769278392155,0.00201124087768455,0.0207058489864339,0.00451163540092942,0.000731385400101748,0.00103431303846905,0.00538979448373737,0.00203938169654927,0.000791805393546593,0.000374659137434242
0.000584408807875604,0.00422594821488619,0.00051077793624842,0.000464976055472455,0.00021741399102515,0.000325831101216359,0.00302756229635556,0.00161350169872798,0.000126969770758688,0.00115954128546747,2.14515137811482e-05,0.000514836330747556,0.000171612110249185,3.47862385640241e-05,0.000551941651882515,0.000675432798784801,0.0793700212196055,0.000108996880833942,0.000413956238911886,0.000418014633411023,0.0364954024188031,0.000344383761783838,0,0.00933140849479946,0.000460337890330585,5.62377523451723e-05,0.00134448812049953,0.00783907886040282,0.0224603146995049,0.0059722173908002,0,0.000814577753040897,0.000448162706833177,0.00185178743289155,5.33388991315036e-05,0.00167321807492956,0.00402650711378579,4.75411927041662e-05,0.000638907248292575,0.000223791468095222,0.00189816908431025,0.103706473718997,0.0957259308217669,0.000107837339548475,4.40625688477638e-05,0.000314815459004418,0.00383808165489732,0.00198687399264851,0.0147928479493512,0.00849421968669195,0.00146392087290268,0.000133927018471493,0.00340731206734616,0.00975811968785148,6.60938532716457e-05,0.000859799863174128,0.000504400459178349,0.00102503449635324,0.00174858825848494,0.00281478647047228,0.000532809220672302,0.0030385779385675,0.000264955183729317,0.00231386463515033,0.000860959404459596,0.00934184436636866,0.000627891606080634,5.91366055588409e-05,0.000357718486566714,0.00237821917649378,0.00060238169780035,0.00210514720376619,0.0407862849456755,0.000522953119745829,0.000243503669948169,0.00275333078234251,0.000494544358251876,0.000827912477823773,0.00224487192866502,7.71094954835867e-05,0.000113635045975812,0.00118852981760416,0.000137405642327895,0.000234227339664429,0.233579735856495,0.0689811110724597,9.16037615519301e-05,0.000371632981992324,0.000138565183613363,0.00217124105703784,0.000648763349219049,0.00518662816989599,0.000143203348755232,0.000204659036885008,0.00233995431407335,0.00250982711239434,0.000422073027910159,6.37747707007108e-05,0.00192889692837513,0.00410593569184031,0.00215094908454216,0.000197701789172203,0.000426711193052029,0.000273651743370323,0.00132999385443119,0.000102619403763871,0.000253939541517376,0.0846157859950604,7.53701835553855e-06,0.00267100335107431,0.00316264885611252,0.00105982073491727,0.000174510963462854,0.00165118679050568,0.00403810252664046,0.00151378114817778,3.30469266358229e-05,0.00280261128697487,0.00391924954488005,3.01480734221542e-05,0.00127549541401422,8.40667431963915e-05,0.00109460697348129,0.000115374357904013,0.0330127201679016,0.000464976055472455,0.000432508899479366,0.000714277431847961,0.00144594798297793,0.0120406767082942,0.00112359550561798,0.00114910541389826,0.000325251330573625
5.74100050329438e-05,0.00144960262708183,0.000722409229997876,3.92301701058449e-05,0.000627682721693519,0.000299488859588523,0.00011864734373475,0.00221889669452328,1.43525012582359e-05,0.00354985197787036,0.00291068725517025,0.00426460654053051,0.000159791180675027,0.00072815023050117,2.4877668847609e-05,0.00225717003121191,0.00015022284650287,0.321684524367677,0,2.87050025164719e-05,0.00158834347257811,4.78416708607865e-05,0.000260258689482678,0.000290877358833582,1.24388344238045e-05,0.000208589684953029,0.000422920370409352,6.0280505284591e-05,0.000700402061401914,0.000415265703071627,0.019089783506871,9.85538419732202e-05,0.00485688642578704,0.00123622877504272,0.00416988003222615,0.00064299205636897,0.000232510520383422,0.0544399941059061,0.000131086178158555,1.43525012582359e-05,0.00105538725918895,0.000897509745348354,0.000975013252142828,0.00870527042982871,0,4.78416708607865e-05,0.000349244197283741,1.14820010065888e-05,1.14820010065888e-05,0.000123431510820829,0,0.000296618359336876,0.000612373387018067,0.000285136358330287,2.87050025164719e-05,0.000158834347257811,0,0.00110609943030138,4.87985042780022e-05,0.0686336610168843,0.000257388189231031,0.000143525012582359,0.000106208509310946,0,0.000244949354807227,0.000274611190740914,0.000425790870661,0.0248948918491189,0.00159791180675027,0.000169359514847184,0.000336805362859937,0.00026887019023762,0.000939610415705846,0.0638915946011631,3.5402836436982e-05,0,0.0120733240584281,0.00198829984097429,0.00274037090690585,0.00110227209663252,0.000405697368899469,0.00130512078108226,0.00787856635735432,7.55898399600426e-05,0.000325323361853348,0.000284179524913072,8.70718409666314e-05,0.000148309179668438,0.00743459565176622,0.000547308714647397,0.0131803803221467,6.60215057878853e-05,0.00109461742929479,0.0813633727995224,0.000499467043786611,0.00024877668847609,0.00547787131356005,0.000221985352794049,0.0010161570890831,0.00087837307700404,7.46330065428269e-05,0.000161704847509458,0.00192036466835197,8.42013407149842e-05,2.58345022648247e-05,2.58345022648247e-05,0.000152136513337301,4.01870035230606e-05,0.196346044546337,0.000172230015098831,0.00162565997584952,0.000126302011072476,0.000453539039760256,0.00275376657474687,0.000221985352794049,0,0.00265329906593922,0.000361683031707546,0.000418136203323274,0.000288006858581935,0.000191366683443146,0,1.24388344238045e-05,0.0127995606220948,0.000680308559640384,0.0187740284791898,0.00710353128940958,0.000856365908408078,0.000433445537998726,0.00215096152190096,0.000735804897838896,0.000154050180171732,0.000599934552594262
0.000429788914241388,0.00219087519698659,8.73554703742658e-05,0.000880543141372599,0.000520638603430624,0.000377375632016828,0.000345927662682092,0.00102730033160137,0.000129286096153913,0.000125791877338943,5.24132822245595e-05,0.000352916100312034,0.000146757190228766,0,9.78381268191777e-05,0.000363398756756946,0.00292815536694539,0,0.0593073759464965,4.54248445946182e-05,0.0872191958404819,0.000157239846673678,0,0.000209653128898238,0.000146757190228766,0,0.00412317820166534,0.00109369048908581,0.000988863924636689,0.000807164546258216,0,0.000628959386694713,0.000345927662682092,0.000398340944906652,0,0.0051399958768218,0.00471020696258041,0.000157239846673678,0.000377375632016828,0.000132780314968884,0.00285477677183101,0.087799236163767,0.214604436959051,0.000335445006237181,4.54248445946182e-05,0.00275693864501183,0.0763626579823682,0.00262066411122797,0.000793187670998333,0.0102031189397142,0.00333697896829695,0,0.00156191581029187,0.00156890424792181,4.54248445946182e-05,0.000132780314968884,0.000908496891892364,0.00251583754677885,0.00444814055145761,0.00266259473700762,0.000129286096153913,0.0603416647157278,0.000880543141372599,0.00077571657692348,0.000765233920478568,0.000342433443867122,0.000356410319127004,0,0.000181699378378473,0.00316925646517836,0.000877048922557628,0.0334466624968989,0.0199345183394074,0.000227124222973091,0,0.000628959386694713,0.000286525942827592,0.000227124222973091,0.000506661728170742,5.24132822245595e-05,0,0.000283031724012621,0.000104826564449119,0.000531121259875536,0.00532169525520027,0.00270801958160224,0.00292466114813042,0.00206158910083267,0,4.54248445946182e-05,0.000136274533783855,0.000621970949064772,5.24132822245595e-05,0.000419306257796476,0.0178309986127951,0.000230618441788062,0,0,0.00366543553690419,0.0078165674890893,0.0181559609625874,0,0.000352916100312034,0.000129286096153913,0,0,8.38612515592951e-05,0.00454947289709176,0,0.00799826686746777,0.000440271570686299,0.0218074196242317,0.000373881413201857,0.000471719540021035,0.00156890424792181,0.00175060362630029,4.19306257796476e-05,0.0193614664537523,0.00971742252443332,0,0.0089591770415847,0.000649924699584537,0.00226425379210097,0.000712820638254009,0.0675712034439021,0.000590522979730037,5.24132822245595e-05,0.000531121259875536,0.00434680820582346,0.0446631048929546,0.000391352507276711,0.0227473644854588,0.000230618441788062
4.364791843077e-05,0.00591691182247519,0.00095850828873971,0.0141297041544089,0.0155089783768212,0.0556266531649106,0,0.000698366694892321,0.000172845756985849,0.0202404127347167,0,0.00207240316709296,0.00318280621197175,2.6188751058462e-05,0.0108840449398968,0.0750412472829171,0.00087121245187817,0.00113135404572556,0.000118722338131694,0.170061019789966,0.0580726825137709,4.364791843077e-05,2.6188751058462e-05,0.000639005525826473,0.00940874529693679,0,0.00485539444623886,0.000214747758679389,0.00252459560203574,0.000495840353373548,0.000115230504657233,0.000577898440023395,0.00169353923511388,0.00047838118600124,0.000371880265030161,0.000300297678803698,0.0018820982427348,0.00052202910443201,0.000518537270957548,0.000471397519052316,0.0982043246357581,0.00340628355433729,0.0176599477970896,0.00199383691391757,4.19020016935392e-05,0.000466159768840624,0.00153989856223757,0.00026188751058462,0.00052377502116924,0.00125706005080618,0.00015364067287631,2.26969175840004e-05,0.00048012710273847,0.00137403647220064,0.0266007874084485,0.000506315853796932,6.28530025403088e-05,0.0774034726283903,0.000356167014395083,0.00291393503443821,0.00180353198955942,0.00071931769573909,0.000347437430708929,0.00013094375529231,0.0239679449687044,0.000928827704206786,0.0003910853491397,0.000846769617556939,0.00763838572538476,0.00635164509004566,0.0944645709846097,0.00325613471493544,0.00129896205249972,0.000281092594694159,0,0.000186813090883696,0.00422686442083577,0.000878196118827093,0.000663448360147704,7.33285029636937e-05,5.2377502116924e-05,0.000279346677956928,0.000432987350833239,0.000640751442563704,0.00104755004233848,0.000406798599774777,0.000581390273497857,0.00137054463872618,0.000167608006774157,0,0.00060932494129355,0.000511553604008625,5.2377502116924e-05,0.000350929264183391,0.000492348519899086,0.000171099840248619,0.00080661353260063,0.000626784108665858,0.00310423995879636,0.00641624400932319,0.00302567370562098,4.364791843077e-05,0.0124937801716236,0.00117674788089356,0.00043473326757047,0,0.000371880265030161,0.000263633427321851,0.000918352203783401,0.000843277784082477,0.0012186498825871,0.000553455605702164,0.000146657005927387,0.0829781847703683,6.45989192775397e-05,0,0.00104405820886402,0.00067566977730832,0.00299773903782529,6.80907527520013e-05,0.00122737946627325,4.53938351680008e-05,0.000717571779001859,8.55499201243093e-05,0.00978062556196695,0.00599024032543888,0.000832802283659092,0.000219985508891081,0.00218414183827573,0.00644068684364443,0.000911368536834478,0.000254903843635697,0.000288076261643082
0.000505489513214885,0.00536791276048466,0.000487482253202141,0.00398274287099007,0.000464998902843372,0.00113636100543279,0.000891770965145405,0.00146568806640872,0.000114268927109441,0.00224313865513036,1.74413175552006e-05,0.000714373729362715,0.00114315231492331,7.63507824540345e-05,0.00075733390682169,0.00123992847516323,0.00265277809576312,0.000105213847788747,0.000991891330816261,0.000531574315576203,0.472559585380266,0.000135620392553123,2.12485668150379e-05,0.000648004113887173,0.00138722786206748,1.13188491508677e-05,0.00971862112750658,0.00119624800730374,0.00547837443833427,0.00101154496888731,0.000126256617346496,0.000540114901753676,0.0011835914759805,0.000618935251295172,9.7393552011784e-05,0.00165862299511669,0.00864924712932119,2.97891529925108e-05,0.000387670583417217,0.000371721295977358,0.00122552266715303,0.0274769179082458,0.125852482982496,0.000344504608700954,2.93775584779338e-05,0.00151770332318839,0.00648117302378682,0.000512435170648372,0.000694102699519798,0.00186565503594892,0.00134442203255147,1.35826189810412e-05,0.00184903690742288,0.00275279556280534,0.000750388249388203,0.000229978435019902,0.000683915735284017,0.00360639113672372,0.00197313265356784,0.00406984656013743,0.000769733191573323,0.004206495938977,0.000479661957425178,0.000766543334085351,0.00297474790479099,0.000838623823450649,0.000612555536319229,0.000103258773844506,0.000420443796640411,0.0155837915109146,0.00382571956367895,0.0138543228099763,0.00478833623464592,0.000471275719190671,4.04391610571908e-05,0.000530185184089505,0.00128103647730661,0.0007643310135695,0.00191314275306824,9.77536972120388e-05,3.91014788848155e-05,0.00044920396334648,0.000173332739951242,0.000523959817056528,0.00587278488192768,0.00302311026025378,0.000766388986142385,0.00171233607926899,0.000239908152684072,0.000306535014731225,0.000324439376115325,0.000547163457815807,8.95218069204987e-05,0.000181924775443036,0.00332882208595586,0.000714888222505937,0.000153267507365612,7.50131002816593e-05,0.00319109227151552,0.00423494740979713,0.0273908946546992,0.000193089276650938,0.000768292610772303,0.000537130841522992,0.000373419123349988,4.94427910635628e-05,0.000259819037326735,0.00255018816300481,7.51674482246256e-05,0.00381388622138486,0.00400116172551739,0.00871288993113766,0.00043469525670764,0.00257935992422545,0.000345070551158497,6.4260193588335e-05,0.000120031250313519,0.00477490796360784,0.00520054814099479,4.21884377441431e-05,0.0128420575506885,0.000195764640995688,0.000780125953066392,0.000509862704932266,0.107813941786644,0.00175447306769881,0.000684275880484272,0.000598509873509288,0.00237510614636661,0.01255352979597,0.0010566145682335,0.00192878334462217,0.000355977805794788
0.00110982327854327,0.00310273174646505,1.93920734154066e-05,3.72924488757818e-05,0.000735407091830418,7.75682936616262e-05,0.00341598831702162,0.0014931896529863,0.000137236211862877,0.00165876812599478,0,0.000443034292644288,0.000135744513907846,0,2.23754693254691e-05,0.000401266749903413,0.000838334250727576,4.17675427408757e-05,0.000256572048265379,1.79003754603753e-05,0.00152004021617687,0.135153801517653,3.58007509207506e-05,0.00389034826672156,0.000417675427408757,0,0.00018795394233394,0.000284914309410973,0.0549317771940266,0.0194159405826871,0,0.000295356195096192,0.000278947517590848,0.185582142585441,0.000138727909817908,0.000638446724753385,0.000281930913500911,0,0.000438559198779194,8.50267834367826e-05,3.72924488757818e-05,0.00202572582293247,0.00177512056648722,0.000393808260128256,0,5.51928243361571e-05,0.00105313875625208,0,0.000451984480374476,0.000477343345610007,0.000362482603072599,0,0.229205357582375,0.00194069903949569,0,0.000906952356659014,0,0.000250605256445254,0.000633971630888291,0.0056714356250289,0.000390824864218194,0.000741373883650543,4.47509386509382e-05,0.000641430120663448,0.000969603670770328,0.00135297004521337,0.00359797546753543,0,7.45848977515637e-05,0.000240163370760035,0.000801041801851794,0.000307289778736442,0.0220293953999018,0.000469884855834851,0.0011590493110593,5.81762202462197e-05,0.000407233541723538,0.000857726324142982,0.00666938155694482,0,3.58007509207506e-05,0.0146335569388568,0.000289389403276067,0,0.00374267016917346,0.0064918695002961,3.72924488757818e-05,7.30931997965324e-05,0,0.0499912735669631,0.000228229787119785,0.000498227116980445,0.000126794326177658,0.000235688276894941,0.000701098038864699,0.000824908969132294,7.30931997965324e-05,0,0.00257467067038398,0.00161252548938881,0.000192429036199034,1.79003754603753e-05,7.75682936616262e-05,8.204338752672e-05,0.00266268084973082,0.000577287108597103,0,0.00173931981556646,0,0.000487785231295226,0.00960355143449134,2.23754693254691e-05,0.000569828618821946,0.00109639799694799,0.00309676495464492,0.000647396912483573,0.000135744513907846,0.00254334501332832,0.000872643303693295,0,3.72924488757818e-05,0,5.81762202462197e-05,0.000413200333543663,0.00175722019102684,0.000659330496123823,0.000453476178329507,0.00112474025809358,0.000113369044582377,0.00442586783257779,0.000583253900417228,0.000568336920866915,0.179634742838731
0,0.00248556232336885,0.0170829749512893,0.00023521564359564,0.00103565096807035,0.00199757762993909,0,0.00346504239147607,0.000772349874493145,0.0231704962347944,0.000526602187154417,0.0603486106478962,0,0,5.26602187154417e-05,0.00552230160262599,0.000150959293650933,0.00197300286120522,0,4.21281749723534e-05,0.000544155593392898,4.21281749723534e-05,0.0897610981410943,0.000196598149870982,0.000150959293650933,0,9.82990749354912e-05,0,0.00259088276079973,5.26602187154417e-05,0.00405483684108901,0,0.0285172637750356,0.00231704962347944,0.037834611806421,0.000280854499815689,0.00197651354245291,0.000459899243448191,0.000435324474714318,0.000129895206164756,0.000635433305832997,0.00174129789885727,0.00465516333444505,0.00579964542119398,0,9.47883936877951e-05,0.000238726324843336,9.47883936877951e-05,4.21281749723534e-05,8.42563499447068e-05,0,0.000393196299741965,0.00205374852990223,0.000344046762274219,5.26602187154417e-05,0.000129895206164756,9.47883936877951e-05,0.000157980656146325,0,0.131366181607541,0.000182555424880198,0.000617879899594516,0,4.21281749723534e-05,0.000526602187154417,0.000147448612403237,0,0.00378451438501641,0.00416717864101529,0.000136916568660149,0.000603837174603732,0.000523091505906721,0.0014464006740508,0.0231740069160421,0,0,0.177338552546122,0.00348259579771455,0.00378451438501641,0.000193087468623286,0.000579262405869859,0.00107777914304271,0.00116554617423511,0,0.000431813793466622,0,0,0.000322982674788043,0.000758307149502361,8.77670311924029e-05,0.000698625568291527,0,0.000157980656146325,0.00416717864101529,0.00023521564359564,0.000351068124769612,0.000519580824659025,0.00143937931155541,0.00114097140550124,0.000642454668328389,0.000895223718162509,0.00978426863732907,0.00177289403008654,0,0.000259790412329513,4.21281749723534e-05,0,0.000210640874861767,0.00142182590531693,0.000193087468623286,0.000905755761905598,0,0.00104618301181344,0.0116238656111218,0.000143937931155541,0,0.00176938334883884,0.000186066106127894,0.000414260387228142,0.000157980656146325,0.000186066106127894,0,8.77670311924029e-05,0.00789552212606856,0.000477452649686672,0.188927311344766,0.09648756341168,0.00110586459302428,0.000291386543558778,0.00200810967368218,0.00120767434920746,0,0.000287875862311081
0.000302760236906909,0.0287074637739242,0.000385295137662659,8.72965296455047e-05,0.000894789428866423,0.000197607598924824,0.00655954059804472,0.00201496262518124,2.22209348188557e-05,0.00120231129466309,3.2934599820804e-05,0.000528540806762783,0.000156736950954429,7.65828646435564e-05,0.000463862014343613,0.00126937090152713,0.00351328851582408,4.60290792676297e-05,6.46787924191694e-05,0.000150784914842235,0.00546595316303103,0.00237010077987545,4.7616288897548e-06,0.257286284207344,7.97572839033929e-05,6.46787924191694e-05,0.00026546081060383,0.00047655969138296,0.0684813498900461,0.0971046915535846,4.36482648227523e-05,0.00115786942502538,0.000863838841083017,0.0070531627929493,0.000124595955948584,0.000611472509926012,0.00107652493149206,5.9520361121935e-06,0.0116703556063815,0.00010078781149981,0.00017379945447605,0.00602266694072486,0.00814794063518542,0.00017419625688353,1.50784914842235e-05,0.000150784914842235,0.00232129408375547,5.31715226022619e-05,0.00248398307082209,0.000205146844666936,0.000333314022282836,0.000227764581893271,0.0297641485850423,0.00880187100271175,1.78561083365805e-05,0.0155570351876439,5.63459418620985e-05,0.000379343101550466,0.000319425938021051,0.00242644672173755,0.000832094648484651,0.00121818339096227,8.96773440903821e-05,0.000533699238060017,0.000113882290946636,0.0447132824844275,0.00526953597132865,3.76962287105588e-05,0.000775748706622553,0.000431324216930289,0.00112334761557465,0.000525763189910426,0.11879986318253,0.000321013147650969,0.00770352193880831,0.000226574174670833,0.000573776281215454,0.00118762960558634,0.00534254761430489,0.000236494234857822,5.0393905749905e-05,0.00431601978615525,0.000204750042259456,5.31715226022619e-05,0.0710153300642106,0.0237025950083844,4.16642527853545e-05,0.000163482591881581,0.000478940505827837,0.019041357127722,0.000763844634398166,0.00173045529901839,5.31715226022619e-05,0.00057655389806781,0.00145983605711733,0.00311251808426972,0.00028371372134789,6.62660020490876e-05,0.0133043879203824,0.00179870531310488,0.000255143948009361,7.45988526061585e-05,0.000311886692278939,0.000170625035216214,0.004281894779112,0.000699562644386476,4.24578576003136e-05,0.0248775269369314,0,0.00127135491356453,0.00505645307851212,0.000124595955948584,0.000282920116532931,0.00219392051095452,0.0167085557741496,0.00339027976950542,2.97601805609675e-05,0.00186973294404372,0.00227804262134019,1.98401203739783e-05,0.000259111972084157,5.9520361121935e-06,0.000263079996158953,0.000328155590985602,0.00413349067871465,0.000855505990525946,0.00100232288129339,0.000884075763864475,0.000575363490845372,0.00783843475735136,0.00172966169420343,0.000960658628508031,0.00633574404022624
0.00122362582366192,0.0161509232280281,0.000548521920951897,0.0138654152240618,0.00287153569729091,0.0148218124195677,7.03233231989611e-05,0.0021753347976212,3.51616615994805e-05,0.00354429548922764,3.04734400528831e-05,0.00117674360819595,0.000986870635558754,0.00267931861388042,0.0536918572624068,0.00563758640978338,0.00134551958387346,0.000344584283674909,0.000492263262392728,0.0118166624081988,0.181136471785111,0.000185184751090598,0,0.00106422629107761,0.109087883057002,0,0.0032465934210187,0.000775900665961871,0.00233239021943221,0.000914203201586494,0,0.0115728748877757,0.000574307139458182,0.000646974573430442,0.000117205538664935,0.00187060039709237,0.025764121509326,0,0.00171120086450805,0.000246131631196364,0.00537270189240063,0.0204031401707919,0.09137812616473,0.000304734400528831,0,0.00135958424851325,0.00246834864428353,0.000576651250231481,0.000140646646397922,0.00223393756695366,0.000419595828420468,0,0.000607124690284364,0.00978197425697549,0.00402718230852717,0.000239099298876468,0.000229722855783273,0.0047046303220105,0.00193623549874473,0.00259493062604166,0.00132911080846036,0.0023534872163919,0.00075949189054878,0.000300046178982234,0.0150304382783913,0.00382324467125018,0.000372713612954494,9.14203201586494e-05,0.00174167430456094,0.0975454816092789,0.0930424448137721,0.00521564647058961,0.00345756339061559,0.00165494220594888,6.3290990879065e-05,0.000154711311037714,0.00213079669292852,0.000630565798017351,0.0097538449276959,0.000229722855783273,0.000105484984798442,0.000665727459616832,9.61085417052468e-05,0.000792309441374962,0.00486637396536811,0.000975150081692261,0.000276605071249247,0.000745427225908988,5.62586585591689e-05,0.000646974573430442,0.00041490760687387,0.000998591189425247,3.04734400528831e-05,0.000375057723727792,0.00191982672333164,0.00083215932452104,0.000157055421811013,0.000342240172901611,0.00770274800105954,0.00603842935201746,0.00341771350746951,9.14203201586494e-05,0.00176511541229392,0.000229722855783273,8.6732098612052e-05,0,0.000382090056047689,0.000450069268473351,0,0.00337551951355013,0.00229254033628613,0.00173229786146774,2.81293292795844e-05,0.0189005651651074,0.000424284049967065,0,0.000382090056047689,0.00355132782154753,0.00486402985459481,0,0.00171120086450805,0,0.000539145477858702,0.000201593526503688,0.0401194558850073,0.00403890286239367,0.00158696299352322,0.00116267894355616,0.00314345254699356,0.0107735331140808,0.00280590059563855,0.000628221687244052,6.3290990879065e-05
8.71714498973011e-05,0.000857185923990128,0.00103334489565759,5.44821561858132e-05,0.000187055402904625,5.08500124400923e-05,0,0.00123129672979938,0.000726428749144176,0.000602935861789666,0.000964334164488894,0.000715532317907013,0,0.0658689268286482,0.00012530895922737,0.000118044671735929,2.72410780929066e-05,0.00178701472289467,0,0,0.00165625754804872,0,0.000463098327579412,0.000185239331031765,2.36089343471857e-05,0.241063564331622,0,2.72410780929066e-05,0.000237905415344718,0.00016344646855744,0.000375926877682111,0,0.000406800099520739,0.000343237583970623,0.00172345220734456,0,0.000733693036635618,0.000252433990327601,0.000114412527990208,5.44821561858132e-05,0.0001652625404303,7.44589467872781e-05,0.00204671300071372,0.000239721487217578,2.72410780929066e-05,2.72410780929066e-05,0.000294203643403391,0,2.17928624743253e-05,0,0,0.0122421404949522,0,0.000343237583970623,0,5.44821561858132e-05,0,4.5401796821511e-05,0,0.00590404965866929,6.53785874229758e-05,2.17928624743253e-05,2.17928624743253e-05,0,0.000128941102973091,0.00016344646855744,0.000112596456117347,0.000183423259158904,0.000515764411892365,0.000326892937114879,4.72178686943714e-05,5.08500124400923e-05,0.000731876964762757,0.003695706261271,0,2.72410780929066e-05,0.000898955577065918,0.00126943423912945,0.000481259046308017,0.0734110733166376,0.0373039323404263,0.000236089343471857,0.0050958976752464,5.44821561858132e-05,0.000305100074640554,0.000181607187286044,0,0.000152550037320277,0.0428048140433206,0.000239721487217578,0.0755340613360114,2.36089343471857e-05,0.254032133575718,0.00479624581622442,0.000272410780929066,4.5401796821511e-05,0.0334120903168864,2.72410780929066e-05,0.00113141277679205,0.000265146493437624,0,0.000385007237046413,0.000317812577750577,0,0,0,0,6.71946592958363e-05,0.000121676815481649,0.00029057149965767,0.00149825929510986,0,0.000437673321359366,0.000839025205261523,0.000359582230826367,2.17928624743253e-05,7.62750186601385e-05,0.000608384077408247,4.72178686943714e-05,0.106843140424125,0,0.00024698577470902,4.72178686943714e-05,0.000519396555638086,0.00101881632067471,0.00132028425156954,0.000733693036635618,0.000256066134073322,0,0.000835393061515803,0.00108964312371626,0,0.000203400049760369
0.00046416278963638,0.00370789809314961,0.000628090915859836,0.00580653839040594,0.000687537379215595,0.00215508441397797,0.000362683473402812,0.00139308883823597,5.94464633557589e-05,0.00300114569547558,0,0.000728369293439753,0.00824384338799205,1.5612202497472e-05,0.0013126259484413,0.00096735608551644,0.00258742232929258,0.000253398055920507,0.00201217271419341,0.00203138773265184,0.231631042823071,9.18718070043546e-05,1.44112638438203e-05,0.00109165323616939,0.000646705464991437,0,0.161703987836893,0.000817238753809978,0.00301675789797306,0.00115109969952515,7.62596045068826e-05,0.000463562320309554,0.00129521233796335,0.000711556152288629,0.000157322963628372,0.00192990841641827,0.00438522749380916,0.000272613074378935,0.000416125243490312,0.00144352826168934,0.0033662310461857,0.020456789026303,0.0617774852824968,0.000288825746203232,7.80610124873601e-06,0.0034358854880975,0.00835913349874262,0.000287024338222755,0.000668922830083994,0.00165549393405886,0.000607074489420931,0,0.00134565176141672,0.00226196795415297,0.0045695715771447,0.000195753000545226,0.000729570232093404,0.0144238736996837,0.00113008327308624,0.00195873094410591,0.000481576400114329,0.00338964934993191,0.000751187127859135,0.000258201810535114,0.0252467328463927,0.000909110560814332,0.000847862689478096,0.000152519209013765,0.000838855649575708,0.00482176869441155,0.00748244828157688,0.0545388275476112,0.0035103436846239,0.000653310627586522,5.52431780679779e-05,0.000384900838495368,0.00114809735289102,0.000674927523352252,0.00164888877146378,3.42267516290733e-05,1.68131411511237e-05,0.000445548240504779,0.000292428562164188,0.00203198820197867,0.00381538210265143,0.0029248860909687,0.00221453087733372,0.00906348401910934,0.00029783278610562,0.000161526248916153,0.000496588133284976,0.000318849212544525,0.000420928998104919,0.000681532685947336,0.00326475172995213,0.000295430908798317,0.000157322963628372,0.000172935166125844,0.00196653704535465,0.0045557607826277,0.0940316951729472,0.000348872678885817,0.000579452900386942,0.00244811344546898,0.000193951592564749,5.28413007606745e-05,0.000754189474493264,0.0020373924259201,0.00057404867644551,0.00361662675547208,0.0018980835420965,0.0263173696561232,6.18483406630622e-05,0.00223374589579215,0.000224575528232867,9.60750922921355e-05,0.00014891639305281,0.00662918136815735,0.00372110841833977,9.00703990238771e-06,0.069658645197086,0.000288825746203232,0.00124177056787585,6.24488099898881e-05,0.0459401067874651,0.00108564854290113,0.000615481059996493,0.000291227623510536,0.00399732430867966,0.0109063243831379,0.000635296547781746,0.00229019001251378,0.000326054844466435
0.000443027582339619,0.00340480638455414,0.000105335229367462,0.000951115159288553,0.000528225194328008,0.000514283766911726,0.000644403756130355,0.00140343702657236,0,0.00206797840008179,2.01376173790736e-05,0.0008395837399583,0.000357829970351231,0,0.00143596702387702,0.00124078704004907,0.0183128394350314,0.000250945693493071,0.000878309927225749,0.000167297128995381,0.0337243129199855,0.000381065682711701,0.000638207566167563,0.00142512369144213,0.000316005688102386,0,0.00143596702387702,0.169631543563863,0.00653852945823613,0.00376418540239607,0,0.000387261872674492,0.00113545181068161,0.00146539892620028,0.00041979186997915,0.0296580632569033,0.00644248851381286,5.88638046465228e-05,0.000187434746374454,0.000227709981132602,0.000583990903993135,0.129824121147906,0.11096756604364,0.0003051623556675,1.85885698883756e-05,0.00049569519702335,0.00980082347364605,0.0218648053312018,0.0141180188302213,0.0456271938385087,0.0216789196323181,0,0.00207572363753528,0.00368053683789838,0.000226160933641904,0.000185885698883756,0.00270773501374005,0.000978998014121117,0.0187883970146757,0.0082440307454946,0.00069397327583269,0.00604593235619418,0.000252494740983769,0.0177350447210011,0.000630462328714074,0.00126092465742815,0.000782268982802475,2.01376173790736e-05,0.000477106627134975,0.00339551209960995,0.0015289098733189,0.00157073415556774,0.00521564290118006,0.000689326133360596,0.000235455218586091,0.0446729805842387,0.00144216321383981,0.000892251354642031,0.00197503555063991,0.000224611886151206,0,0.000285024738288426,9.91390394046701e-05,0.000351633780388439,0.0508645234045585,0.0160713677159914,0.000508087576948934,0.000695522323323388,0,0.00158932272545612,0.000844230882430393,0.0264980063758795,5.57657096651269e-05,0.000627364233732678,0.0109006471920416,0.000667639468490825,0.00028967188076052,0.000435282344886129,0.00160636224785379,0.00377502873483095,0.00151032130343052,1.85885698883756e-05,0.000142512369144213,4.33733297395432e-05,0.000185885698883756,5.57657096651269e-05,0.000258690930946561,0.0240350208656697,6.35109471186168e-05,0.00333355019998203,0.00232512028353765,0.000512734719421028,0.000425988059941942,0.000892251354642031,0.000292769975741916,3.87261872674493e-05,6.04128521372208e-05,0.011991176625493,0.00367279160044489,0,0.00120515894776302,0.000348535685407043,0.000590187093955926,0.0003051623556675,0.0378587206726584,0.000820995170069924,0.000207572363753528,0.000425988059941942,0.00207417459004458,0.0114118328639719,0.0015289098733189,0.0033567859123425,0.000525127099346612
0.000422762589795449,0.00279744786847361,7.17986561805098e-05,1.88515110230836e-05,0.000140641581620363,6.80283539758931e-05,0.0454854610863153,0.000573784139213708,5.16903777558873e-05,0.000582697878376474,6.88894723806512e-06,0.000248165014863136,3.69349975230045e-05,6.6794860044753e-06,4.9083749071214e-05,0.000303206772356461,0.000972272499383137,5.22954879862579e-05,2.02246457766169e-05,2.29941887540822e-05,0.00241681026010012,0.000793299512015837,4.11940426059975e-06,0.0019584858075352,3.93554384444869e-05,1.21022046074117e-06,0.000167894815457438,0.00028286575922785,0.620814772546745,0.00544424656305535,3.30483279663935e-05,0.000163845231608035,0.000437936892495511,0.00215742743250473,6.47467946496526e-05,0.0002468617005208,0.000153372169928544,2.73928746594684e-05,0.000596126670796622,4.71520510281079e-05,0.000105172812732487,0.00222901662745164,0.00314766705103579,4.39635855834629e-05,5.88818801091377e-06,0.000104334967798128,0.00110348832549196,2.32269234580709e-05,0.000475244265544898,0.000105847743374055,0.000305208290810763,4.37541243498731e-06,0.0714698253172442,0.000782989364629138,6.86567376766625e-06,0.000574831445381657,6.67483131039553e-05,0.000257916598960262,0.000106988143423599,0.00388499386674235,0.000254029929403651,0.000485368225168406,9.77485756752483e-05,0.000297341857815946,6.26289088433555e-05,0.00107549034060212,0.000989029398070322,9.91449838991805e-06,0.000171502203369263,0.000107895808769155,0.000245325651474474,0.000221633258608426,0.0691567681881822,0.00023759885930205,0.000277978330444087,0.000110106788457048,0.0005862819928179,0.000406215152341853,0.0017732988035714,1.24513066633947e-05,8.75082486997461e-06,0.00137178489225012,0.000112038486500154,2.13184988853637e-05,0.00693023437455271,0.00749650118282759,2.08530294773863e-05,8.25975464455848e-05,2.26916336388969e-05,0.00281497279168396,0.000193472359425795,0.000610020932624746,2.48793398563906e-05,0.000102426543225421,0.000742307338371916,0.0405851387999519,9.87493349023997e-05,2.63455684915193e-05,0.00251567596235451,0.00111926773842239,0.00021251005821207,1.89911518454768e-05,0.000191680302205082,6.00921005698789e-05,0.0396922986550401,0.00760025431386574,2.17374213525433e-05,0.00361322955289476,1.88747844934825e-05,0.000997803496410696,0.0033655067339692,5.56934146644927e-05,0.00023164085087994,0.000679724976469358,0.00861886429281303,0.00274703753158966,1.84791354967017e-05,0.00167631825241931,0.00191766414045558,8.75082486997461e-06,0.000157026104781167,6.68879539263485e-05,0.000219655013624522,0.000248583937330316,0.00312127493560347,0.00067351095987286,0.000400513152094131,0.000271671219965994,0.000398814188755013,0.00559526811247361,0.000233572548923046,0.000920605395097648,0.00187935600817904
0.000518442385597389,0.00794114154092924,0.000160986917247153,6.68579547037357e-05,0.000469765102786774,0.000403786858013351,0.00758691167565681,0.00149785277467843,6.68579547037357e-05,0.00168962953948651,2.63912979093694e-05,0.000547766049941133,5.01434660278018e-05,0,0.000349538078977425,0.0012931735975591,0.00210573233652424,3.69478170731171e-05,4.13463667246787e-05,2.69777711962442e-05,0.00435251149854188,0.00543220881967852,5.60081988965505e-05,0.0570424445379543,6.24594050521741e-05,1.14362290940601e-05,0.000324612964285243,0.000694384371659851,0.107981461579402,0.221464335826334,8.88507029615435e-05,0.000458035637049277,0.00103571182462103,0.015015182327214,0.000395576231997103,0.000482081041811147,0.000433403759000532,1.96468551103083e-05,0.00261889646253975,9.67680923343543e-05,0.000426952552844909,0.00507504658797173,0.00431673662804251,4.45719698024905e-05,5.3662305749051e-05,0.000172129909697776,0.00185442853309835,1.55415421021842e-05,0.00156060541637404,0.000111136687862789,0.000620781974157055,0.000113775817653726,0.0587024571764537,0.00348629045382769,0,0.00340271801044802,0.000113482581010288,0.000611984874853931,0.000660368921021109,0.00273296551683692,0.000613157821427681,0.00104421568728071,0.000148084504935906,0.000801415746514516,0.000125798520034661,0.00928768420759395,0.00340887597996021,5.04367026712392e-05,0.000508765576363954,0.000386192659407105,0.000703474707606412,0.000230484001741826,0.240878947515039,0.000518442385597389,0.0043064733455222,0.000269777711962442,0.000609345745062995,0.000771505608883897,0.0040707110841985,5.19028858884264e-05,5.60081988965505e-05,0.00419005839807754,0.000294409590011187,4.39854965156156e-05,0.0243101974508939,0.0369029518666712,6.21661684087367e-05,0.000153069527874342,0.000972079472995104,0.0209212615626874,0.000363613437862422,0.0017890367616118,4.691786294999e-05,0.000195002367885896,0.000954485274388858,0.00458534139343121,0.000147791268292468,8.03468403018578e-05,0.00407393668727632,0.00157878608826716,0.00014192653542372,5.10231759581141e-05,0.000289424567072751,9.20763060393553e-05,0.00756403921746869,0.0010644490156779,7.03767944249849e-06,0.0146474635763434,1.93536184668709e-05,0.00123951129181005,0.00560052665301161,9.47154358302922e-05,0.000230484001741826,0.00207992751190174,0.03052446839862,0.0059427338159031,7.03767944249849e-06,0.0016151474320534,0.00216936468815016,3.07898475609309e-05,0.000160693680603716,0.000298808139662749,9.85275121949789e-05,0.000638376172763301,0.00369918025696327,0.00061784960772268,0.000524600355109575,0.000496449637339581,0.000254822643147133,0.00565976045498598,0.000786460677699207,0.00105096013007977,0.0147729688597346
0,0.00213347144592314,0.000624398605553598,0.000216896357718618,0.000795286644968267,0.000360179406150918,7.09842625260933e-05,0.0023753437478639,0.000111734487309591,0.00680134396870383,0.000427220098536673,0.00872449167380891,0.000190605890116362,0.000156428282233428,1.57742805613541e-05,0.00113049010689704,7.62423560465446e-05,0.0440339041870199,0.000103847347028914,1.97178507016926e-05,0.00249890894559451,0.00021295278757828,0.00151958902741044,0.000402244154314529,0,0.000245815872081101,0.000437736285577575,7.22987859062061e-05,0.000663834306956984,0.000274735386443583,0.190646640341145,3.41776078829338e-05,0.0242384966059006,0.000747963803284205,0.0070852810188082,3.94357014033852e-05,0.000375953686712272,0.00430637859324966,5.25809352045135e-05,5.12664118244007e-05,0.00156428282233428,0.000646745503015517,0.0027749588554182,0.0178525420253125,5.25809352045135e-05,3.54921312630466e-05,0.00108316726521298,0,0,3.68066546431595e-05,0,0,0.000590220997670665,0.00078739950468759,0,0.000184033273215797,0,0.000895190421856843,4.99518884442879e-05,0.265244527639169,0.000283937050104373,0.000232670638279972,0,9.85892535084629e-05,5.65245053448521e-05,0.000306283947566291,0.000216896357718618,0.0191473475547236,0.0018324455918773,0.000126194244490833,0.000235299685040198,0.000152484712093089,0.00101218300268689,0.0596464983726201,1.70888039414669e-05,0.000141968525052187,0.0848419679992428,0.00179563893723414,0.00443257283774049,0.000655947166676306,6.30971222454162e-05,0.000838665916511991,0.00227018187745487,3.15485611227081e-05,0.000741391186383641,7.22987859062061e-05,0.000118307104210155,4.99518884442879e-05,0.00154719401839281,0.000395671537413964,0.00574052360095277,3.68066546431595e-05,0.000329945368408323,0.0111261258892751,0.00105819132099084,3.15485611227081e-05,0.00202568052875388,0.000349663219110015,0.00107133655479196,0.000252388488981665,3.94357014033852e-05,0.000715100718781384,0.00104110251704937,7.09842625260933e-05,8.1500449566996e-05,0,0.000211638264198167,5.91535521050777e-05,0.0191394604144429,0.00103058633000847,0.00177197751639211,7.88714028067703e-05,0.000562616006688295,0.00332442962830537,0.000120936150970381,3.41776078829338e-05,0.00311410588748731,0.000569188623588859,0.00132766861391397,0.000151170188712976,5.91535521050777e-05,3.15485611227081e-05,1.57742805613541e-05,0.0438432982969035,0.00145780642854514,0.083026611211307,0.034355068539249,0.0010345299001488,0.000373324639952046,0.00225046402675318,0.00197309959354937,0.000511349594863894,0.000168258992654443
0.000893150211626501,0.222708819210504,0.00162909216550056,0.000417206530189168,0.00352509285652587,0.00149175088537618,0.00121965967003541,0.0136002418588581,0.00031787164204889,0.00162995594713656,1.29567245400363e-05,0.000894877774898506,0.000133886153580375,0.000257406927528721,0.0215893582102444,0.00300768765656042,0.000677204802625896,8.89695085082491e-05,0.00010365379632029,0.00033946618294895,0.0188839941262849,0.000341193746220955,2.41858858080677e-05,0.00554461432149952,0.00302841841582448,3.19599205320895e-05,0.000283320376608793,0.00044657510581325,0.00787077826725404,0.00441219659670035,7.77403472402177e-05,0.187885462555066,0.000486309061069362,0.00212058391638594,0.000119201865768334,0.000573551006305606,0.0173879243327287,0.000101062451412283,0.0145858167055368,0.000284184158244796,0.000654746480089833,0.0104007946791051,0.0536512049753822,0.000220264317180617,3.88701736201088e-05,0.000388701736201088,0.00343698712965362,8.63781636002419e-05,0.000563185626673577,0.000541591085773516,0.000798998013302237,9.41521983242636e-05,0.00787423339379805,0.0391085773516455,0.000119201865768334,0.00385937634965881,0.00026086205407273,0.00171115142092079,0.00140105381359592,0.0047862140450894,0.00769629437678155,0.00266908525524747,0.00090697071780254,0.000511358728513432,0.000456076703809277,0.0250954478707783,0.00281247300682387,6.47836227001814e-05,0.000921655005614581,0.00331433013734128,0.00628919409173361,0.00071780253951801,0.00768161008896951,0.000911289625982552,0.000383519046385074,0.00026431718061674,0.00118338084132331,0.00255938498747517,0.0133393798047853,0.000228038351904639,2.0730759264058e-05,0.0016074976246005,0.000187440615012525,0.000109700267772307,0.0116239094756845,0.00126112118856353,0.000173620108836486,0.000376608793297054,0.00118942731277533,0.00141228297486395,0.00128876220091561,0.00108231838991103,0.000806772048026259,0.000510494946877429,0.00250755808931502,0.000964844087414702,0.000869828107454435,0.000144251533212404,0.13796665802885,0.00294117647058824,0.000492355532521379,0.00104172065301892,0.00042498056491319,0.000253088019348709,0.000789496415306211,6.47836227001814e-05,4.23253001641185e-05,0.00277273905156776,0.000169301200656474,0.00205493651204975,0.0109156085341626,0.000249632892804699,0.000844778440010365,0.00467046730586508,0.000765310529498143,5.52820247041548e-05,5.26906797961475e-05,0.00337565863349745,0.00376695171460655,1.0365379632029e-05,0.000554547810313553,0.000590826639025654,0.000331692148224929,0.000741988425326077,0.0138818346721949,0.00192277792174138,0.000840459531830353,0.00480348967780945,0.00104344821629092,0.00954305951455472,0.0156785004750799,0.00115228470242723,0.00202729549969768
0.000112600279803983,0.00494947640869891,0.00258178559364256,0.000468293766417661,0.00296493503889337,0.00232172522138295,0.000396106189776203,0.00395334954983025,0.000473538163011271,0.04823302396535,0.000189106771287237,0.0176489370070846,0.000169980148416424,0.00015332147688378,0.000266538744522305,0.0104122866957371,0.000140981720192932,0.00226311137710142,2.99239099753051e-05,0.000387776854009881,0.00868688021643933,0.000172448099754593,0.00106307003891651,0.000799924727484186,0.000176150026761847,2.03605985398983e-05,0.000252965012162373,5.52204111915423e-05,0.00357143408024852,0.000848666766413033,0.0069216780218136,0.000254507481748729,0.28418984098681,0.00149156809000619,0.00193703330654578,0.00122317838198025,0.000575958143545305,0.000215328754255288,0.000515801829677423,6.35497469578644e-05,0.00362757997319188,0.00148632369341258,0.0050673210850965,0.068702520858045,4.65825815079491e-05,0.00026530476885322,0.00112816225546073,8.88462481741016e-05,5.05930024324745e-05,0.000396414683693474,6.10817956196949e-05,0.00010149449878222,0.00356680667148945,0.000565469350358084,0.000162884788319186,0.000345821681261,0.000105196425789474,0.00110533370558266,8.14423941595932e-05,0.0274723088147509,0.0011423529756552,0.000283197416054949,0.000102728474451305,3.88702335761695e-05,0.000217179717758915,0.000636731445247728,0.000200212552309,0.00627044736245413,0.0153688584645332,0.000710461491475542,0.00106985690509647,0.000310036386857542,0.00339559254740395,0.00509724499507181,7.55810097314406e-05,1.94351167880847e-05,0.130033271068978,0.00301953846225037,0.0058863724354515,0.000370501194642695,0.000112600279803983,0.00122595482723569,0.001019263902664,8.42188394150338e-05,0.000688249929432016,0.000614211389286932,8.23678759114067e-05,0.000248954591237847,0.00195708541116841,0.000444539734787779,0.00153660820192778,4.62740875906779e-06,0.000298313618001237,0.00186762217515976,0.00147799435764625,0.000497909182475695,0.000583670491477084,0.000451943588802288,0.002657366603374,0.00128240921409632,0.000353842523110051,0.0012055942286958,0.00802084184905084,0.000140981720192932,9.2856669098627e-05,6.41667347924067e-05,0.000136662805351135,0.000258209408755983,0.00107540979560735,0.000571947722620779,0.00618160111428003,0.000114142749390339,0.00111829045010805,0.0186620310314031,0.000732056065684525,7.71234793177966e-05,0.0203923734133772,0.00124292199268561,0.000604031090016983,4.84335450115762e-05,0.000166586715326441,0.000503462072986576,0.000209467369827135,0.00357050859849671,0.00230475805593303,0.171384104233925,0.035318234612709,0.001346884442806,0.000981936138674186,0.00271536345982098,0.00180746586129188,0.000656475055953084,0.000977000235997847
0.00047563505964811,0.00276384941964061,0.000361179806530541,8.14992658385807e-05,0.00021287786377509,4.49804691240254e-05,0.00282619858476302,0.0029154914962419,6.19038139429656e-05,0.00105191948585097,3.07292313817599e-05,0.0011650386854302,8.39486973255326e-05,6.94747839935442e-05,7.10335131216045e-05,0.000433549373190482,0.00104546189374901,0.00023893090777267,4.52031447137483e-05,6.03450848149054e-05,0.00219201850523221,0.0347347198896954,2.42716392797959e-05,0.00338110615435248,1.49192645114342e-05,3.96362549706759e-05,0.000273445624179719,0.000198181274853379,0.0369977719080492,0.0169718880974998,0.000130487895577618,0.0001244756546551,0.00132202497618485,0.297995830622258,0.000160326424600487,0.000327555792482383,0.000284134052486418,4.23083620473506e-05,0.000407719004782626,0.000105770905118377,0.00024048963690073,0.00302482521079585,0.00233542158501375,0.000367414723042782,4.31990644062422e-05,0.000293263751665057,0.00170012812753433,8.90702358891592e-06,0.000343811110532155,0.000113341875168955,0.000323102280687925,2.13768566133982e-05,0.0804293096299622,0.00139461721843451,2.67210707667478e-05,0.000640414996043055,8.32806705563639e-05,0.000430209239344639,0.00012981986880845,0.00309563604832773,0.000438448236164386,0.000955723631090678,0.000107774985425883,0.000282797998948081,0.000182371307983053,0.00129775333690505,0.00433905654134039,4.20856864576277e-05,0.000383670041092553,0.000207979000801187,0.000259194386437453,0.000481201949391183,0.0297663821317981,0.000691630381679321,0.00131512203290344,4.56484958931941e-05,0.0011815166790697,0.00144560992848105,0.0114428532046803,0.000194841141007536,4.74299006109773e-05,0.0305417385352132,0.000538874927129413,4.29763888165193e-05,0.00629659765059439,0.00686018956818304,5.01020076876521e-05,0.000134050705013185,0.000164111909625776,0.0551994972875886,0.000636406835428043,0.000590312988355403,4.60938470726399e-05,0.000578511182100089,0.00136656009412943,0.00138214738541003,0.000486768839134255,6.14584627635199e-05,0.00240511904459702,0.00183551488608585,0.000282797998948081,0.000296381209921177,0.000120244818450365,0.000129151842039281,0.00239086780685476,0.000394358469399252,9.44144500425088e-05,0.00251022192294623,4.11949840987361e-05,0.000856855669253712,0.0133948274241912,4.5871171482917e-05,0.000466728036059194,0.000877564499097941,0.0034162888975287,0.000775579079004854,7.14788643010503e-05,0.00156874952959782,0.00186045455213481,1.51419401011571e-05,0.00018593411741862,3.58507699453866e-05,0.00023893090777267,0.000323547631867371,0.00169834672281654,0.000996918615189414,0.000627277136249404,0.00109467319907777,0.000611021818199632,0.00592962827873105,0.000834365434691699,0.00118240738142859,0.287492668406208
0.000174004014981531,0.00148440462163257,0.0016186669788714,5.69272394692663e-05,0.000546716318676538,0.000211597475008405,0.000192263695566013,0.00154025776224392,0.000370564105979186,0.00347900620077271,0.00530497425922087,0.00550797894336599,5.8001338327177e-05,0.000761536090258675,0,0.00194089663624461,4.0815756600606e-05,0.0085551974032586,0,4.18898554585167e-05,0.00031471096536783,0.000136410554954657,0.00605791755861626,4.29639543164274e-05,0,0.000274969307625135,0.000138558752670478,0,0.00198600878827686,8.48538097749441e-05,0.00506007971961723,1.61114828686603e-05,0.00376149420040322,0.000783018067416889,0.330223101073777,0.000145003345817942,0.000241672243029904,0.00145218165589525,0.000134262357238836,0,0.000183670904702727,0.0012566956637555,0.000743276409674194,0.00177333721441054,4.29639543164274e-05,0.000102039391501515,0.000556383208397735,4.83344486059808e-05,0,0.000104187589217336,0.000192263695566013,4.29639543164274e-05,0.00127280714662416,0.000179374509271084,0,1.28891862949282e-05,3.22229657373205e-05,0.000161114828686603,9.66688972119616e-05,0.31380120363518,8.80761063486761e-05,0.000166485322976156,0.000150373840107496,1.28891862949282e-05,0.000274969307625135,5.47790417534449e-05,0.000133188258380925,0.00100965292643604,0.000700312455357766,1.39632851528389e-05,0.000175078113839442,8.1631513201212e-05,0.000586457976419234,0.104582857597048,0,0,0.0188891025152173,0.00163370436288215,0.00138666162556269,0.00174433654524695,0.000529530736949967,0.000981726356130365,0.00455847555297294,2.68524714477671e-05,0.000185819102418548,0.000166485322976156,1.28891862949282e-05,0.000127817764091371,0.0236097669957347,0.000119224973228086,0.00511163646479695,1.39632851528389e-05,0.0010751729567686,0.0171565810574074,0.000369490007121275,5.37049428955342e-05,0.00246720507662084,7.08905246221052e-05,0.00139847671299971,0.000151447938965407,1.39632851528389e-05,0.00175292933611024,0.000897946645213332,0,0.000295377185925438,1.28891862949282e-05,0,6.76682280483731e-05,0.00339737468757149,0.000238449946456172,0.000777647573127335,0,0.000363045413973811,0.00260146743385968,0.000200856486429298,0,0.000503752364360111,0.000177226311555263,0.000756165595969122,0.000311488668794098,8.48538097749441e-05,0,4.83344486059808e-05,0.0342358269970452,0.000272821109909314,0.0333561400324163,0.0210673749990602,0.000506974660933843,8.59279086328547e-05,0.00263046810302327,0.00132543799066178,0.000371638204837097,0.000432861839738006
0.00178139825936784,0.0035917877272632,0.000441112388211015,0.000424163681687235,0.000532546199720881,0.000607477323299699,0.000664121684576543,0.00159451646901353,4.95080637931473e-05,0.000944221360811647,6.11045472041548e-05,0.000728348361929815,0.000301508568686194,7.35930678006243e-05,0.000110166592404571,0.000469211559553071,0.00224570361440087,0.000285451899347876,0.000957155900000847,9.85701089935635e-05,0.0170481686699592,0.000218103091845487,8.51895512116318e-05,0.00148970209972173,3.70195431966777e-05,0.000188665864725237,0.00123011927875225,0.00787267418029588,0.00335361379874481,0.00091612218946959,9.94621461790256e-05,0.000256014672227626,0.000669027889096585,0.000547264813281006,6.333464016781e-05,0.306978540707448,0.00172029371216369,0.00014763215419398,0.000528086013793571,0.000201154385321707,0.000702925302144145,0.00907826243644792,0.0207189016881358,0.00011819492707373,6.02125100186926e-05,0.00441290795648107,0.0534325813905878,0.00959296789245956,0.00151066497358009,0.0102842967111927,0.0100175775927395,1.87327808947044e-05,0.00192367819044905,0.00180057705885528,0.000138711782339359,0.000298386438537077,0.014509430840134,0.00092459654273148,0.0191118966985258,0.00270019656039382,0.000739052808155361,0.0116085259130112,0.00148524191379442,0.00259002996798925,0.000640482699161797,0.000735484659413512,0.000972766550746434,0.000172609195386919,0.000323363479730016,0.000808185690028675,0.00099194535023387,0.00180325317041166,0.00209584136724323,0.000626210104194403,4.54938964585678e-05,0.00167613787148331,0.000970536457782779,0.000874642460345602,0.00213375294762537,1.11504648182764e-05,0.000145402061230324,0.000554847129357434,0.000131129466262931,0.000442896462581939,0.0037670730342065,0.0015797978554534,0.00083182467544342,0.000355030799813921,6.69027889096585e-06,0.000408553030941648,0.000360383022926694,0.0012207528883049,7.76072351352038e-05,0.000529870088164495,0.118828719494001,0.000413459235461689,0.000119532982851923,4.14797291239883e-05,0.00171404945186545,0.0123926265990324,0.00179879298448435,7.27010306151622e-05,0.00025735272800582,0.000313551070689933,0.000249324393336661,3.83575989748709e-05,0.00019401808783801,0.00117392093606814,5.66443612768442e-05,0.0504268620941733,0.00200440755573337,0.000682854465471248,0.000417473402796269,0.00119755992148289,0.000103030294920874,1.91787994874354e-05,1.78407437092423e-05,0.130156699712184,0.0234770806655846,6.37806587605411e-05,0.000816214024697833,0.00937843294935593,0.00428044043443995,0.000718535952889732,0.0106089982467009,0.000574471947437601,0.000703817339329607,0.000583392319292222,0.00766482951608321,0.0333840456473269,0.000773842258388383,0.0213691967963377,0.000228361519478301
0.0006178384209951,0.0226382334256923,0.000716850988462264,0.00251412711312621,0.00106299892432747,0.00105983052216852,0.00121508222795703,0.00308127109957813,0.000518033752988199,0.00300047684452492,5.62391383213488e-05,0.000522786356226623,0.00064714614096538,0.000112478276642698,0.00418308295035272,0.00126102405926179,0.0029299798964883,5.30707361623996e-05,0.000758040216528604,0.000765961221925977,0.11545657467211,0.000190104129536954,4.51497307650265e-05,0.00232164668197005,0.0066496840310947,0.000396842370408391,0.00179173142088579,0.00328484093829062,0.00701642658099307,0.00222421831558236,0.000140201795533503,0.00704415009988388,0.00169826355719679,0.000743782406813332,0.00015604380632825,0.00281274901660718,0.102101759572139,9.50520647684769e-06,0.00133389730891763,0.000270106284050422,0.00100517558492664,0.0656239455161565,0.331275456131096,0.000262977379192786,0.000128320287437444,0.000369118851517585,0.00555896158787643,0.000765961221925977,0.000917252425015802,0.00441675260957523,0.00361593896390081,0.000454665709809215,0.00208243231896938,0.0219237587388492,0.000435655296855519,0.00088556840342631,0.00226461544310896,0.00166974793776624,0.00340207181817174,0.0050488488402856,0.00182896014625344,0.00495300467497739,0.000827745064025487,0.00211174003893966,0.00124676624954652,0.00493082585986474,0.000693880072809882,7.04969480366204e-05,0.000392089767169967,0.0291025659304884,0.00503221472895112,0.00211966104433704,0.00581877056491026,0.00030020610456044,9.98046680069008e-05,0.000963986356860304,0.00112240646480777,0.00102260179680086,0.00487141831938444,0.000303374506719389,0.000348524237484415,0.000567143986451912,0.000186143626838267,0.000208322441950912,0.0118323978625959,0.00350504488833759,0.000232085458143031,0.00080318994729363,0.000928341832572125,0.000431694794156833,0.000757248115988866,0.000658235548521703,0.00113428797290382,0.000578233394008235,0.00230422047009583,0.000735861401415959,0.000233669659222506,4.35655296855519e-05,0.0122997371810409,0.00262502118868944,0.00257511885468599,0.000155251705788512,0.000314463914275711,0.000356445242881789,0.00178618671710763,7.60416518147816e-05,8.39626572121546e-05,0.00355019461910261,0,0.00353752101046682,0.00832180827048015,0.000621798923693787,0.000439615799554206,0.00289275117112065,0.000231293357603294,1.18815080960596e-05,0.000178222621440894,0.00344959785055598,0.00373792244702036,0.000240006463540404,0.00185668366514425,0.000583778097786396,0.000300998205100177,0.000203569838712488,0.0758000611501617,0.00090616301745948,0.00083566606942286,0.000983788870353736,0.0013481551186329,0.0161279590895913,0.00299255583912755,0.00164044021779596,0.000125151885278495
0,0.00163734987148176,0.000279904503169507,0.000256121767606085,0.000740923684860459,0.000289051709155438,0,0.00087996121584662,2.37827355634222e-05,0.00216971725986297,0.00164649707746769,0.00162820266549582,0,0.000654939948592702,0.000594568389085554,0.00166113260704518,5.48832359155896e-05,0.141995737402011,2.37827355634222e-05,0,0.0069665120788855,0.000106107589436807,4.39065887324717e-05,0.000148184736972092,8.23248538733844e-05,0.000356741033451332,0.000314663885916047,5.48832359155896e-05,0.000301857797535743,0.000568956212324945,0.00466141617043074,0.000214044620070799,0.00313200332958298,0.00108851751232586,0.00468702834719135,2.19532943662358e-05,0.000504925770423424,0.232982995344072,9.69603834508749e-05,2.74416179577948e-05,0.000300028356338556,0.000523220182395287,0.00242766846866625,0.0021532522890883,0,0.000153673060563651,0.000592738947888368,2.74416179577948e-05,8.23248538733844e-05,4.75654711268443e-05,0,0.000545173476761523,0.000728117596480155,0.000556150123944641,2.19532943662358e-05,0.000241486238028594,0,0.000534196829578405,5.48832359155896e-05,0.033992846884919,2.19532943662358e-05,4.75654711268443e-05,0,0,0.00019392076690175,0.00065128106619833,0.000702505419719547,0.00351435653979492,0.00101716930563559,0.000528708505986846,0.00029819891514137,0.000199409090493309,0.000579932859508063,0.0232192676746888,0.000118913677817111,7.86659714790117e-05,0.0107680908866387,0.000830566303522589,0.000986068805283426,0.00146355295774906,0.000468336946479698,0.00096411551091719,0.0455073497800097,0.000148184736972092,0.000594568389085554,0.000197579649296122,0,5.48832359155896e-05,0.00576822809472846,0.000841542950705707,0.0302735929310392,0,0.00137939866267848,0.0871564080751534,0.000349423268662587,6.58598830987075e-05,0.0126908335848815,2.37827355634222e-05,0.000783000832395745,0.000111595913028365,0.000473825270071257,0.000514072976409356,0.000731776478874528,0,0,0,7.86659714790117e-05,2.74416179577948e-05,0.273073369739213,0.000376864886620382,0.00109583527711461,6.95187654930801e-05,7.31776478874528e-05,0.00553223018029143,0,0,0.000287222267958252,0.000848860715494452,0.00043723644612753,0.000477484152465629,0.000184773560915818,0,0.000133549207394601,0.00661342992782854,0.00187334778591879,0.0142367113965039,0.00451140199226146,0.00051224353521217,0.000316493327113233,0.000404306504578177,0.000292710591549811,0.000252462885211712,9.1472059859316e-05
0.000285692178581419,0.250772261670228,0.000533292066685316,0.000361876759536464,0.00147250510377173,0.000421395963407594,0.00137013207311339,0.0127942480641379,0.000109515335122877,0.00262241612256194,3.21403700904097e-05,0.0018558087767018,1.78557611613387e-05,1.4284608929071e-05,0.00398659627528822,0.00321641777719581,0.000833268854195806,0.000120228791819681,9.76114943486516e-05,0.000260694112955545,0.00710659294221281,0.000494009392130371,0,0.0316665972275955,0.00033687869391059,0,0.000236886431407094,0.000136894168903597,0.00777439840964687,0.0107694047484421,0.000194032604619881,0.0140572455702833,0.00145464934261039,0.00253670846898752,0.0017082011511014,0.000494009392130371,0.0050079458137168,4.88057471743258e-05,0.157944920928738,0.000141655705213287,0.000505913232904597,0.0057566973984156,0.016467773327064,0.000154749930064935,6.18999720259742e-05,0.000382113288852648,0.00383184634522329,3.09499860129871e-05,0.000827316933808693,0.000192842220542458,7.38038128002e-05,0,0.00342592537482219,0.0224387398594156,5.1186515329171e-05,0.0255575461422628,5.83288197937065e-05,0.00106301298113836,7.14230446453548e-05,0.00284382756096254,0.00528649568783368,0.00178319534797903,0.000158321082297203,0.000455917101652848,0.000546386291536964,0.0500211293173743,0.0071113544785225,0.000121419175897103,0.00140822436359091,0.0011808610048032,0.00226649128341259,0.0008487438472023,0.0122121502502783,0.000993970704647855,0.000930880348544458,1.54749930064935e-05,0.00198437025706344,0.00209507597626374,0.0420753156005785,0.000114276871432568,7.26134287227774e-05,0.00327712736514436,0.000465440174272229,6.42807401808193e-05,0.018966389505574,0.00286287370620131,0.000365447911768732,0.000210697981703797,0.000591620886479023,0.0054352936975115,0.000908263051073429,0.00156892621404296,0.000309499860129871,0.000594001654633868,0.00203793754054746,0.000367828679923577,0.000121419175897103,0.000308309476052448,0.120888264598573,0.00203198562016034,0.000326165237213787,0.000247599888103897,0.000623761256569432,0.000191651836465035,0.0004059209704011,0.000235696047329671,0,0.00638998172760441,8.21365013421581e-05,0.00188318761048252,0.036186485569569,0.000176176843458542,0.000732086207614887,0.00570670126716385,0.00215935671644456,0.000713040062376126,6.18999720259742e-05,0.00319141971156994,0.00237600661853547,5.83288197937065e-05,0.00051186515329171,0.000129751864439061,0.000135703784826174,0.00036425752769131,0.00560194746835066,0.00423776731562439,0.00109753411938362,0.00369971371262938,0.000532101682607893,0.00933380155107045,0.00963020718634868,0.00189390106717933,0.000941593805241261
0.00028748966045958,0.00395928742913632,0.000337926442996348,0.00139709887626848,0.000438800008069885,0.00133657473722436,0.000585066677426514,0.00173502531926483,0,0.00332378396917304,0,0.00059011035568019,0.0539068331752981,0,0.000262271269191196,0.0038987632900922,0.00223939314463252,0.00303125063045978,0.00123570117215083,0.00395424375088264,0.112519418161277,0.000186616095386043,0,0,0.000277402303952226,0,0.0302923315915831,0.000327839086488995,0.0052050759577945,0.00141222991102952,0.000226965521415458,6.05241390441221e-05,0.000186616095386043,0.000448887364577239,6.05241390441221e-05,0.00218895636209575,0.00442330582847459,0,0.000353057477757379,0.0349879960457562,0.00419634030705913,0.0123418806867472,0.0623247321806847,0.00140718623277584,0,0.0068392277119858,0.0065113886254968,6.55678172977989e-05,0.00121552645913612,0.00151310347610305,0.000181572417132366,0,0.000620372425202251,0.0051395081404967,0.00492767365384227,0,0.00119030806786773,0.0619414126334053,0.000620372425202251,0.0193172877115823,0.000151310347610305,0.00171485060625013,0.000519498860128715,0.000226965521415458,0.00924506223898965,0.000600197712187544,0.00175520003227954,0.00057497932091916,0.00197712187544132,0.00497306675812537,0.0106068553674824,0.0428460467649848,0.00957794500373232,0.0010894345027942,0.000186616095386043,0.000141222991102952,0.000514455181875038,0.00101377932898905,0.00134161841547804,0,0.000342970121250025,0.000564891964411806,0,0.0279268464906087,0.00754534266750055,0.00343474489075393,0.00442834950672827,0.0287792281154801,0.000131135634595598,0.000625416103455928,0.000968386224705954,6.05241390441221e-05,0,0.000726289668529465,0.0030262069522061,0.000277402303952226,6.05241390441221e-05,0,0.00352553109932011,0.0108539956019126,0.0638933161175782,0,0.0120190852785119,0.0783989347751528,0,0.000151310347610305,0.0148637198135857,0.00261766901365828,0.000151310347610305,0.00402485524643412,0.00142231726753687,0.0135927128936591,0.00189137934512882,0.00166441382371336,0.000665765529485343,6.05241390441221e-05,0.000751508059797849,0.00636512195614017,0.0122712691911958,0,0.050396433110739,7.56551738051526e-05,0.00258740694413622,0.000610285068694898,0.0375552282768778,0.000428712651562532,0.000226965521415458,0.000595154033933867,0.019150846329211,0.0230193475497811,0.00057497932091916,0.00160893336292291,0
0.000350450089893559,0.0024213543686334,0.000208749363210759,0.00341740679375494,0.00483579650669691,0.00287064935567643,0.000313815267873127,0.000837762345070992,3.80172681344097e-05,0.0123749663892789,0.000184556556216134,0.00131470625439359,0.00231352357174308,4.76943909322594e-05,0.00177506081034844,0.0602559875469254,0.000521873408026897,0.00125318740232154,0.000183174110102156,0.0170925637532306,0.0162423593931338,8.64028821236584e-05,6.08276290150555e-05,0.000221191378236566,0.000650440896626901,1.0368345854839e-05,0.00210200931630436,0.00025506130802904,0.00194579290542479,0.000581318590927974,0.000322109944556999,0.000360127212691408,0.0069232901388045,0.000569567798959156,0.000826702776159164,0.000693296726160235,0.000429249518390335,0.00072647543289572,9.26238896365618e-05,0.000395379588597861,0.460588189348114,0.00267226833832051,0.00798777364656797,0.0115537933975756,8.98589974086047e-06,0.000508740169944101,0.0015780622391065,3.80172681344097e-05,0.000376716566059151,0.000120272811916133,0.000189395117615059,0.000173496987304306,0.000535697869166682,0.000550904776420446,0.00338699297924741,0.000183865333159145,2.90313683935492e-05,0.0641828257336814,0.000132714826941939,0.00405264078312807,0.00145018597356348,0.00061311485154948,0.000266812099997857,3.73260450774204e-05,0.00310497397199579,0.0005280944155398,0.00025437008497205,0.00233840760179469,0.0494860410959756,0.00176192757226564,0.0101996874289336,0.00105757127719358,0.00187528815361188,0.00142599316656886,8.98589974086047e-06,7.05047518129053e-05,0.00390748394116033,0.00100642077097637,0.00273240474427857,4.63119448182809e-05,6.22100751290341e-05,0.000729931548180666,0.000224647493521512,0.00123106826449789,0.00180547462485597,0.000803892415278518,0.000212896701552694,0.000224647493521512,0.000205984470982802,0.00011336058134624,0.000449986210100013,0.000297225914505385,0.000174879433418285,0.000482473693778509,0.000872323497920455,0.000689840610875289,0.000221191378236566,0.000508048946887112,0.00133198683081832,0.00170179116630758,0.000668412696108621,0.000318653829272052,0.10597693665148,0.00157529734687854,0.000135479719169896,0,0.000935224796106479,0.000522564631083886,0.000364274551033344,0.00150202770283768,0.00129949934713982,0.000165202310620435,0.000355288651292483,0.0461460512846035,0.000264738430826889,3.31787067354848e-05,0.00431323187561303,0.00176054512615166,0.00291903496966568,1.93542455956995e-05,0.000406439157509689,0.000171423318133338,0.000577171252586038,0.000607585067093566,0.00662399055512815,0.00593207627508189,0.00188911261475167,0.000208058140153769,0.00236951263935921,0.0110899827263358,0.000738226224864538,0.000503210385488187,0.000136170942226886
0.000661365279642493,0.00736114419944032,0.000544817186884658,0.00100225803247649,0.0011068595984439,0.00065455853763399,0.000880431241834514,0.00211925828738204,0.000116687005860049,0.00179864684747133,2.9449577669441e-05,0.000748463794730887,0.000486195857750205,5.30648050458795e-05,0.000727904655603164,0.000874180152234869,0.0106557462446579,0.000112797438998048,0.00182101185692784,0.000206424869890516,0.0801767530312575,0.000301302518702913,2.52821846030107e-05,0.00129953207121519,0.000922382998703246,1.26410923015053e-05,0.00276020334099902,0.0070742886433677,0.00566473739519875,0.00220538441075493,9.26550391769676e-05,0.00131745186140084,0.00087390232603044,0.00166362331211899,0.000141135711849774,0.00354006149683035,0.0141635799017745,6.58448104495992e-05,0.000787498376453118,0.000344782319696003,0.000864456235079865,0.283887677643812,0.25289296953844,0.000176280726710003,4.86195857750205e-05,0.000880847981141157,0.00817128541155438,0.00302858345447713,0.00183976512572678,0.0133430202069944,0.00352436431628013,1.44469626302918e-05,0.00260684327615438,0.00864775735214958,0.000331307748781211,0.000454801496649763,0.00159416676101182,0.0019910414940382,0.00495072404981702,0.00477513788861808,0.00102865152189722,0.0105387814125934,0.000658170278291563,0.00206772152646051,0.0009490543143284,0.00217468461516556,0.000864178408875436,9.48776488123972e-05,0.000537315879365084,0.00629901461990944,0.00240319666830816,0.00429435964185424,0.00595034273335144,0.000362424283677224,0.00013780179739663,0.00268227309065677,0.00147178431796098,0.00133731643501749,0.00353769997409271,0.000191144428646938,5.70932850100955e-05,0.000732349874874023,0.000210870089161375,0.000275186855486616,0.0190980511186325,0.00638166791572698,0.000436881706464113,0.000832506221570565,0.000756520754659319,0.000744574227868885,0.000559819801923808,0.00182726294652748,0.000339086882505214,0.0002701859838069,0.00392735122580394,0.00078374772269333,0.00033478057633657,0.000104601565967401,0.00359007021362751,0.00447272406509746,0.00476221897011215,0.000122521356153052,0.000530648050458795,0.000387706468280235,0.00049369716526978,8.33478613286066e-05,0.000220455093214164,0.00684563767712289,7.02900297204582e-05,0.00443452296198851,0.00503948952213198,0.00214926351746034,0.000702066818591296,0.00309998478901531,0.000440076707815043,5.32037181480939e-05,3.76454507000873e-05,0.00535176617590983,0.00525022069819114,0.00042590757138918,0.00244056429280381,0.000495225209394137,0.000711235083337443,0.000464108674498124,0.087136160539094,0.00174780465206088,0.000898351032020165,0.000734433571407238,0.00171710485647151,0.0144454345861674,0.00145511474569526,0.00310443000828617,0.0014148299460531
0.000455030766442863,0.00692828647377346,0.00040367876315827,0.00100339032095183,0.000660862176545889,0.000345310467316537,0.00111807041309269,0.00176326690194634,0.000206254807067681,0.00143083979941145,1.16131738876817e-05,0.000572795607897636,0.00050196734423891,6.32676035755995e-05,0.000619248303448363,0.00106345220465219,0.00363232255977579,0.00016954024170402,0.0015108013404506,0.000356076847274908,0.115590516585427,0.000150305922452547,2.89119641578743e-05,0.000831733094424539,0.000808567231929841,1.20365708523368e-05,0.0022706779214451,0.00256215648896978,0.00845735436898489,0.00119131808797802,9.94982866939399e-05,0.000764292006483054,0.000648704635132222,0.0009049202840292,9.3631214469434e-05,0.00218363960256816,0.0150504919025935,3.00006992098445e-05,0.00053686735118262,0.000222404377005238,0.000809837422823806,0.0806018987055424,0.436183492502366,0.000390613942534628,2.24400391267184e-05,0.000681850568936647,0.00701586916017639,0.000931775748644464,0.000881089083447187,0.00405565903915019,0.00192421823379593,2.50409061953137e-05,0.00306128102501744,0.00447391475494872,0.000268373190310645,0.000339745821495356,0.000652878119498108,0.00178606985275705,0.00197932032448176,0.00339038143711575,0.00102220124323865,0.00786574783880043,0.000466039087523895,0.00112926019001572,0.000730359764029984,0.00130206663687565,0.000519145163947773,0.000106091182286426,0.000341136982950651,0.00708941926146504,0.00173701629013773,0.00427606740189348,0.00670515627340024,0.0002980109778365,6.44168239082346e-05,0.000996676454798019,0.00140876267196873,0.000860403117459754,0.00207059261300525,8.43769665276876e-05,5.70981049477685e-05,0.000392368015673914,0.000172504020456606,0.000279623452514337,0.00941725577313858,0.00385133976106379,0.000393638206567879,0.00053299629322006,0.00023631599155819,0.000338778057004716,0.000392428500954579,0.000809837422823806,0.000172745961579266,0.000194339206776674,0.00377440248405789,0.000908307459746441,0.000207524997961646,0.000190952031059434,0.00426989790326565,0.00352290468705279,0.00647222745755929,0.000126172295467209,0.000894637786316149,0.000383416194135492,0.000517754002492477,0.000153753583450453,0.000191798824988744,0.0040734417116657,7.3610586569316e-05,0.00495979301453074,0.00360371302202124,0.00265342877749328,0.000507229563656766,0.00254643031599688,0.000402529542825635,0.000142019439001441,0.000117220473928788,0.00561303404571284,0.00577791692080565,2.6976435176594e-05,0.00361992307723946,0.000227666596423094,0.000813043142699052,0.000395876161952484,0.138612000715178,0.00194024683317216,0.000824111949060748,0.000613502201785187,0.0016639500710944,0.013780180038067,0.00127757009820632,0.00226305677608131,0.000813708480786367
6.36043640972789e-05,0.00210161006639991,0.000391528660431154,0.000336684178814339,0.000842091311491519,0.000173674191786582,0.000374770624381571,0.0010157655032781,3.58012588331989e-05,0.00752283472843984,0.000253655727477771,0.00236745345645919,0.000240706335984912,8.30284513365676e-05,9.02648759943419e-05,0.00543645924026682,0.000163009987027757,0.00412209600374161,3.69438522002159e-05,0.000321068736131773,0.00232022626395583,0.000396479898354894,0.000225471757758019,0.000232708182415793,3.19926142764756e-05,0.000191574821203181,0.000178625429710322,4.49420057693348e-05,0.000854659838528705,0.000284886612842902,0.00484192982496231,8.64562314376186e-05,0.0691554635387031,0.00113954645137161,0.00074420914638373,0.000652039948111027,0.000105499454221235,0.000221663113201295,0.000151203188901914,7.8838942324172e-05,0.0072467079980774,0.000272318085805715,0.00197630566048371,0.455839908958161,5.71296683508493e-06,0.000180529751988684,0.000696601089424689,9.90247584748055e-06,0.000119210574625439,4.68463280476964e-05,8.15049935138783e-05,0.000115782794524388,0.00244134116085963,0.000292884766412021,0.000101309945208839,8.340931579224e-05,1.98049516949611e-05,0.00348300544712345,0.000202619890417679,0.0126309888079171,0.000461988584730535,0.000100929080753167,6.43660930086235e-05,5.37018882497983e-05,0.000187004447735113,0.000187766176646458,0.000129874779384264,0.0357239433486974,0.0308549721473824,0.000270794627983026,0.000401812000734307,0.000174816785153599,0.000785723372052014,0.0021499798522703,2.47561896187014e-05,1.48537137712208e-05,0.0262735536100999,0.000991390178115071,0.00198316122068581,0.000691649851500949,9.78821651077885e-05,0.000767822742635414,0.00104090255735247,0.000304310700082191,0.000453990431161416,0.000150060595534897,1.59963071382378e-05,1.56154426825655e-05,0.00330323742404611,0.000153869240091621,0.00164647704187148,1.44728493155485e-05,0.000307738480183242,0.00162971900582189,0.000868751823388582,0.000222805706568312,0.000728974568156837,0.000240706335984912,0.00123361997192267,0.000830284513365676,0.000121495761359473,0.000211379772898142,0.0618782863841719,0.000351537892585559,7.84580778684997e-05,0,0.000247561896187014,0.000126827863738885,0.00101386118099974,0.000698124547247378,0.002063142756377,9.48352494624098e-05,0.000409429289847753,0.00669178848616281,0.000150822324446242,0,0.151036751134786,0.000548063951712481,0.00106070750904744,8.4551909159257e-05,0.000216711875277555,2.85648341754246e-05,0.000201858161506334,0.00186280805269336,0.00193821921491648,0.0437339037159422,0.0110248833983469,0.000161105664749395,0.000936164832042584,0.00281154141177313,0.000417808307872544,0.000203762483784696,0.000282601426108868
0,0.0320933625091174,0.0440123333996419,0,0.00150852065512897,0.000198925800676348,0.000629931702141768,0.127295935282806,0.032988528612161,0.00512233936741595,0,0.0101286386844374,0,0,0,0.00276838405941251,0.0018897951064253,0.000248657250845435,0,0,0.00280153835952523,0.00197268085670712,0.00157482925535442,0.00484052781645779,0,0,0,0,0.0152178237517406,0.00235395530800345,0,0.000248657250845435,0.00238710960811617,0.00235395530800345,0.000497314501690869,0.00102778330349446,0.00130959485445262,0,0.0024202639082289,0,0.000497314501690869,0.00681320867316491,0.00777468337643392,0.0044426762151051,0.0349446323188117,0,0.000911743253099927,0,0,0,0,0,0.00238710960811617,0.00467475631589417,0,0.000895166103043565,0,0,0,0.00286784695975068,0.00223791525760891,0.000613354552085405,0,0,0,0.000696240302367217,0.0032988528612161,0,0.00237053245805981,0,0,0,0.0330051057622174,0.00124328625422717,0,0,0.0256282739871361,0.0190139911146476,0.109110801670977,0,0,0.00789072342682846,0.000397851601352695,0,0.015831178303826,0.00561965386910682,0,0,0,0.00233737815794709,0.00121013195411445,0,0,0.00220476095749619,0,0.00149194350507261,0,0.00205556660698893,0.0121676281413699,0.000198925800676348,0,0.0590975399509316,0.000895166103043565,0,0,0,0,0.0112890391883827,0,0.000248657250845435,0.129799084941317,0,0.00878588952987202,0.00416086466414694,0.00853723227902659,0.00497314501690869,0,0.00306677276042703,0,0,0,0,0,0,0.00555334526888137,0.0136927259465553,0.000994629003381739,0.0838472249850806,0,0.00596777402029043,0.0444101850009946,0.000895166103043565,0.00106093760360719
0.00153468569627712,0.00233155947783773,0.00069905256460007,0.000164727237994868,0.000236708888211113,0.000472494934752787,0.000570316151713325,0.00109264453661582,0.000145347562936648,0.00169618298842895,5.99847085135374e-06,0.000633069385235179,0.00115309066596408,1.70725708846222e-05,0.000129659254556185,0.000470649251413909,0.000875776744297646,0.000106588212820209,0.000530633959927446,0.000111663842002123,0.0102338526932442,0.00078533826069262,0,0.000283773813352504,0.000154575979631039,1.38426250415856e-05,0.00136857419577809,0.000644143485268448,0.0035603231606958,0.000729506339691559,9.13613252744646e-05,0.000273622554988674,0.000263009875790126,0.00105250092399522,5.76776043399398e-05,0.00507978196942718,0.00102850704058981,0,0.000263009875790126,0.000359908251081224,0.000772418477320474,0.00362215355254822,0.00879560395142346,0.000311920484270394,4.19892959594762e-05,0.186026885146356,0.018805206118994,0.000288388021699699,0.000434658426305786,0.000626148072714386,0.000215944950648735,0,0.00136026862075314,0.00103496693227588,0.000132889200399221,0.000177185600532295,0.000269469767476199,0.00251243644504778,0.000950065498687488,0.00490351921056432,0.00111017852833516,0.0026051820328264,0.00208423791042806,0.000161035871317112,0.00081440777327995,0.000361753934420102,0.000808409302428596,0.000159190187978234,0.000267162663302601,0.000266239821633162,0.00139118381667935,0.0063851415108487,0.00227111334848947,0.000422200063768359,2.3993883405415e-05,8.9054221100867e-05,0.000699975406269509,0.000652910481128119,0.0013215092706367,1.98410958929393e-05,1.1535520867988e-05,0.000669521631178021,0.000145347562936648,0.0109052200077611,0.00167818757587489,0.0014184076459278,0.00960124472884374,0.00589741968855016,0.000119969417027075,0.000704128193781985,0.000195181013086356,5.58319210010617e-05,8.62856960925499e-05,9.45912711175013e-05,0.0272095252025753,0.000444809684669616,9.78212169605379e-05,7.38273335551229e-05,0.00117939165354309,0.0885425053951631,0.00191305078074712,4.38349792983542e-05,0.000669521631178021,0.00184476049720863,0.000365906721932578,5.30633959927446e-05,0.010572997006763,0.000729967760526278,0.000263932717459565,0.0758206715611113,0.00351325823555441,0.000962062440390196,0.000237170309045832,0.00137872545414192,0.00016288155465599,1.93796750582198e-05,0.000213176425640418,0.118111736746494,0.0523643434281445,5.99847085135374e-06,0.00147147104192054,0.00537324562030879,0.0268569996848496,0.000455422363868165,0.00592095215112086,0.00224250525673686,0.000643682064433728,0.00049787308066236,0.159196186449085,0.0798890190608333,0.00063214654356574,0.00536309436194496,0.000662138897822509
0.00185526913115408,0.00698343603509784,0.000773058382945012,0.000454322649297344,0.000940589859873407,0.000445449160053255,0.00226699903207979,0.00245440712491495,0.000260170704636682,0.00204232228441947,1.52624014998326e-05,0.00108859966046481,0.000509338282610694,2.69754073020298e-05,0.000473489386064576,0.00151559196289036,0.00304325187115268,0.00015297895456809,0.00488361354037668,0.00023000084120678,0.0257568997590315,0.000323349948054594,1.38426432207784e-05,0.000717332870492134,0.000208349527451204,2.98149238601382e-05,0.00120324514149843,0.00183219805911944,0.0133130733826912,0.00234721537484636,0.000355294509333313,0.000286436232799185,0.00103287414801193,0.00142046815819373,0.000164691960370287,0.022573801697392,0.00246150591631022,4.15279296623353e-05,0.000400016895123521,0.000340741986973008,0.00112586831528998,0.0178868246786643,0.0437927990569965,0.000649539412667296,4.01081713832811e-05,0.00516437074005965,0.262886347284943,0.00278698550178339,0.00126500462663729,0.00639814068455775,0.00235466910581139,9.58336838361585e-06,0.00569252081986781,0.00206255383989599,0.000298504178171145,0.00038297979577487,0.00176298484301555,0.00214489982008113,0.00352348510904276,0.00500855226893345,0.000966500448466146,0.0205325442316818,0.0013973970861591,0.000477038781762211,0.000489461666703935,0.000964370811047565,0.00094484913471057,3.76235943949363e-05,0.000335772832996318,0.00099383079533794,0.0020838502140818,0.00440515500033542,0.00870169849232319,0.000496560458099206,0.000111096085335991,0.000317670914938377,0.00192483728682773,0.00157380205233158,0.00287146111938712,2.98149238601382e-05,5.64353915924044e-05,0.000613335576551414,0.000342516684821826,0.000296729480322328,0.00831871869654832,0.00521690179638466,0.00358630941289091,0.000743953338224401,0.000156173410695962,0.000772703443375248,0.000592749081505128,0.000538798266901069,4.29476879413895e-05,0.000403211351251393,0.0744255036858699,0.00138035998681045,0.000308797425694288,5.57255124528773e-05,0.00424046303996513,0.016829104760769,0.00225102675144043,0.00011500042060339,0.000832688230665288,0.000328674041601047,0.000888413743118165,0.000227871203788199,0.000132392459521804,0.00421419751180263,0.000418118813181462,0.0443766746492576,0.00508166982030474,0.00147867824763495,0.00069994083157372,0.00304751114598984,0.000661962297609021,0.000116420178882444,0.000221837231102219,0.106668569142761,0.0254757876197788,8.5185496743252e-06,0.00142224285604254,0.00546997370962607,0.00425253098533709,0.000590619444086547,0.0220389077657583,0.00220062533253401,0.000816361010456165,0.00104920136822105,0.00773022888988035,0.041094548447654,0.0017839262776316,0.0746097173225772,0.000643860379551079
0.000768429445959154,0.00523432275322805,0.000491923452852513,0.000842378723185349,4.17974175626318e-05,0.000308657852770204,8.03796491589073e-05,0.00190017490611657,4.17974175626318e-05,0.000315088224702917,4.17974175626318e-05,0.000868100210916199,0.000829517979319924,0,0.00100635320746952,0.000758783888060085,0.0145872987293585,0,0.00269754102577293,0.000167189670250527,0.0410482792324708,8.03796491589073e-05,0,0.00111566953032563,0.000337594526467411,0,0.00217346571325685,0.0630176449405834,0.00182944081485673,0.0011253150882247,0.000144683368486033,0.000389037501929112,0.000144683368486033,0.000411543803693606,0,0.0743479602860229,0.00485814599516436,0,0.000356885642265549,0.000324733782601986,0.00052086012654972,0.123546735943207,0.114891455321776,0.000205771901846803,0.000253999691342147,0.00143075775502855,0.0527161891043778,0.0845433149853388,0.00535328463398323,0.0679047276094449,0.0114942898297237,0,0.00112853027419106,0.00301262925047585,9.64555789906888e-05,0.000350455270332836,0.00468131076701476,0.00145004887082669,0.0284158135706569,0.00597060033952364,0.000324733782601986,0.0294221667781264,0.0010963784145275,0.00696409280312773,0.00045977159318895,0.000855239467050774,0.00108673285662843,0,0.000176835228149596,0.00249819949585884,0.000482277894953444,0.002707186583672,0.00185516230258758,0.000620530891506765,0.000122177066721539,0.0128543134934925,0.000601239775708627,0.0012282010391481,0.00355599567879006,0.000488708266886157,0,0.000157544112351458,4.82277894953444e-05,0.000180050414115952,0.0134394773393693,0.00473275374247646,0.000540151242347857,0.000356885642265549,0.00165260558670714,0.000205771901846803,0.000987062091671382,0.00711199135758012,0.00019934152991409,0.000241138947476722,0.02903955964813,0.000167189670250527,0.000408328617727249,3.85822315962755e-05,0.00148863110242296,0.0034498945419003,0.00162688409897628,8.68100210916199e-05,0.000282936365039354,0.000122177066721539,0,0,4.17974175626318e-05,0.00463629816348578,0,0.0122980863213128,0.000938834302176038,0.00116711250578733,0.00119283399351818,0.00166546633057256,0.000440480477390812,4.17974175626318e-05,3.85822315962755e-05,0.0331324913833016,0.00705411801018571,0,0.00154650444981738,0.00180050414115952,0.000977416533772313,0.000614100519574052,0.0386979782910644,0.000501569010751582,0.00126678327074438,0.000591594217809558,0.00335343896290961,0.00675189052934822,0.000925973558310613,0.0157061834456505,0
0.00195575548150257,0.00662917413823622,0.000266475291872215,0.000116402564319632,0.000281867366492993,7.50363637762916e-05,0.0102645897627312,0.00201347576133049,7.79223777676874e-05,0.00116017762454112,0,0.000554114686347999,0.000215489044690889,7.79223777676874e-05,0.000402117949467819,0.000405965968123013,0.0269861548288786,8.46564104142777e-05,0.000132756643604208,7.98463870952847e-05,0.00868016808145486,0.000674365269322826,0.000405965968123013,0.00631844663182927,0.000236653147294458,1.15440559655833e-05,0.000665707227348638,0.0124541123775368,0.0542868851828194,0.00818377367493478,0,0.000332853613674319,0.000557962705003194,0.00364792168512433,2.88601399139583e-05,0.00437904522961127,0.00107071119080785,1.44300699569792e-05,0.000999522845686756,0.000258779254561826,0.000405003963459215,0.022665791883759,0.0210784841884913,0.000277057343174,0.000115440559655833,0.00120635384840346,0.00403272355064377,0.000765755712383694,0.104497756605124,0.0016633060637078,0.00144493100502551,3.75181818881458e-05,0.00796347460692489,0.0039432571169105,7.69603731038888e-05,0.0011736456898343,0.000197210956078715,0.00161712983984546,0.00109668531673042,0.00435114709436111,0.000793653847633853,0.00150553729884482,0.000119288578311028,0.00233863333769442,0.000192400932759722,0.010628227525647,0.00196633753280436,0,0.000232805128639264,0.000631075059451888,0.00109187529341142,0.000992788813040166,0.0453075336509231,0.000676289278650423,0.000189514918768326,0.00612412168974195,0.00151900536413801,0.00119096177378268,0.00369217389965907,3.65561772243472e-05,1.44300699569792e-05,0.000703225409236784,0.000238577156622055,0.000114478554992035,0.177841954177794,0.145053949221546,0.000194324942087319,0.000428092075390381,0.000106782517681646,0.00162482587715585,0.000419434033416194,0.0312728476107652,0.00157287762531073,0.00031842354371734,0.00414912611496341,0.00910729815218144,0.000169312820828555,3.75181818881458e-05,0.00376240024011636,0.00451661189653447,0.000481002331899305,3.75181818881458e-05,0.000148148718224986,0.000169312820828555,0.00123040396499842,0.000759021679737103,2.69361305863611e-05,0.139938970424129,1.44300699569792e-05,0.00434922308503352,0.00407408975118711,0.000284753380484389,0.000342473660312305,0.000957194640479617,0.00443772751410299,0.000446370164002555,5.77202798279166e-05,0.00619434803019925,0.00515826900728815,0.000500242425175277,0.000692643357934999,8.85044290694721e-05,0.000424244056735187,0.000227995105320271,0.0102299575948344,0.000928334500565659,0.00182107482857077,0.000661859208693444,0.00247427599529003,0.0138490191400448,0.0015228533827932,0.00142665291641334,0.00157191562064693
0.000775963801157748,0.00579834367951735,0.000399765377874296,0.000835317612719871,0.000514981600318416,0.00046784769113673,0.000844046114420183,0.00234534840687387,0.000101250619723621,0.000890307173431837,0,0.00061885077055213,0.000691297334664721,0,0.00127872549909573,0.000418968081614982,0.0131206837559092,0.000127436124824557,0.00283763590277147,0.000102996320063683,0.0532272762186734,0.000243525197438708,1.13470522104058e-05,0.000548149906779602,0.000694788735344846,6.72094630924034e-05,0.00179021569873402,0.0295259027016458,0.00610384123902827,0.0018120369529848,1.04742020403746e-05,0.000565606910180226,0.00029502335747055,0.000767235299457436,9.95049193835583e-05,0.0264124461451445,0.00784430447807051,0.000119580473294276,0.000423332332465138,0.000275820653729863,0.000490541795557542,0.193729968088598,0.162371952880056,0.000578699662730694,2.4439804760874e-05,0.00116700067733173,0.0397277754889707,0.0227735337862844,0.00210618746028532,0.107481897087474,0.0108041394046464,0.000142274577715088,0.00217601547388781,0.00523622817001725,0.000139656027204994,0.000296769057810612,0.00311432940667137,0.00253475689377064,0.0159452269061302,0.00303315434085847,0.000950533835163991,0.0254566752089603,0.000812623508299059,0.00557751258649945,0.000681695982794378,0.00115128937427117,0.000446899287055981,3.75325573113422e-05,0.000133546076014776,0.00535930004399165,0.00241692212081643,0.0035263146869261,0.00617977920382099,0.000514981600318416,0.000113470522104058,0.010401755476262,0.000606630868171693,0.00108058851049864,0.00145940548429219,0.00017282433366618,7.68108149627468e-05,0.000371834172433297,0.000209484040807491,0.000229559594718209,0.0128003477435077,0.00554434428003827,0.000657256178033504,0.00070526293738522,0.000112597671934026,0.00020861119063746,0.000894671424281994,0.00462174165031527,0.000344775817162329,0.000333428764951923,0.0168206956266715,0.000252253699139021,0.000103869170233714,5.58624108819976e-05,0.00217077837286763,0.00633165513340642,0.00287167705940269,0.000131800375674713,0.000171951483496149,0.000232178145228303,0.000379689823963578,2.18212542507803e-05,0.000151875929585431,0.00578350522662682,0.000156240180435587,0.010040395505869,0.00387545475493859,0.00215506706980707,0.00055425985796982,0.00130665670453673,0.000505380248448072,6.63366129223722e-05,7.7683665132778e-05,0.0176979100475529,0.00630896102898561,2.61855051009364e-05,0.0015353434490849,0.00157462170673631,0.00128308974994588,0.000465229140626637,0.0535973646907666,0.000755888247247031,0.000433806534505513,0.000261855051009364,0.00220307382915878,0.0128300246492888,0.000993303493495521,0.014288557283411,0.000454754938586262
0.00201671603318362,0.00672756282099559,0.000205747737745393,0.000658004557506493,0.000692942852595333,0.000854047213282763,0.00189443200037268,0.00151011075439543,5.24074426332605e-05,0.00351712170560993,0,0.0002698012787416,0.000164986393475079,0,0.000254273147591005,0.000477490032880818,0.00347636036133961,0.00218558445944634,0.000473608000093169,0.000242627049228058,0.0403886691226994,0.000310562623011914,0,0.00160522055769283,0.000106755901660345,2.5233213119718e-05,0.00125195557401678,0.0332884311540895,0.0132862572157284,0.00273295108250484,0,0.00225934308241167,0.00105008986905903,0.00123836845926001,4.65843934517871e-05,0.0656626435866877,0.00473608000093169,0.000314444655799563,0.00066965065586944,5.82304918147339e-05,0.000564835770602918,0.0642049402749256,0.0853037884757975,0,0,0.000916159737885146,0.0162676583966428,0.00560371432897122,0.00573182141096364,0.0167470894459175,0.195159493317081,0,0.016807260954126,0.00151787481997073,0.000164986393475079,0.000444492754185802,0.00829590406720575,0.000859870262464237,0.0473336257798033,0.00220111259059694,0.000646358459143546,0.00963326436255081,0.00120343016417117,0.0649172932914591,0.000366852098432823,0.00182455541019499,0.00103650275430226,0,0.000337736852525456,0.00422753370574968,0.000644417442749721,0.00304933675469823,0.00613555282087912,0.000149458262324484,7.76406557529785e-05,0.029711137940271,0.0010869691805417,0.00121895829532176,0.00205359534466628,5.0466426239436e-05,0,0.000700706918170631,0.000168868426262728,9.89918360850476e-05,0.0197051984301059,0.00557654009945768,0.000347441934494579,0.000180514524625675,7.37586229653296e-05,0.000935569901823391,0.000155281311505957,0.00984871718226532,0.000283388393498372,5.82304918147339e-05,0.0201962755777435,0.00130824504943769,2.5233213119718e-05,2.91152459073669e-05,0.00269995380380983,0.00393832226306983,0.004157657115572,0,8.15226885406274e-05,5.24074426332605e-05,0.000430905639429031,0.000194101639382446,4.65843934517871e-05,0.00787664452613967,0.00372092842696149,0.00934599393626478,0.00515339852560395,0.00250973419721503,0.00039596734434019,0.00584440036180545,0.000743409278834769,7.18176065715051e-05,0.00014363521314301,0.0344025745641448,0.00602297387003731,2.32921967258935e-05,0.00117819695105145,0.000153340295112133,0.001094733246117,0.000401790393521664,0.0268636668905306,0.00121507626253411,0.000256214163984829,0.00115490475432556,0.00130242200025621,0.0209222157090339,0.000863752295251886,0.00562312449290947,0.000221275868895989
0.000100526928651012,0.000552898107580568,0,0,1.67544881085021e-05,6.98103671187586e-05,1.67544881085021e-05,0.000586407083797572,3.49051835593793e-05,0.000416069788027801,0.000170337295769771,0.00061014260861795,0,0.00187510646080986,0,0.000138224526895142,6.84141597763834e-05,0.000818177502631851,0,0,0.000552898107580568,0.000100526928651012,2.09431101356276e-05,0,6.98103671187586e-05,0.00674088904898733,0,0,0.00154001669863981,0.000413277373343051,8.51686478848855e-05,0,0.000203846271986775,0.00111696587390014,0.000115885209417139,1.67544881085021e-05,0.000516596716678814,0.000390938055865048,1.67544881085021e-05,0,1.81506954508772e-05,0.000181506954508772,0.00133477421931066,8.79610625696358e-05,0,3.90938055865048e-05,3.63013909017545e-05,0,3.49051835593793e-05,0,0,0.494808901101049,0.000397919092576924,7.39989891458841e-05,0,0,0,1.81506954508772e-05,0,0.00768053659040582,0,2.09431101356276e-05,0,0,7.39989891458841e-05,7.12065744611338e-05,0.000480295325777059,0.00012426245347139,5.16596716678814e-05,0.000145205563607018,0.000192676613247774,4.18862202712552e-05,0.000737197476774091,0.00335508624372754,0,0,0.00228000659009866,0.000272260431763159,0.000706480915241837,0.0115759550756326,0.110821165386345,0.000751159550197843,0.00457397525362106,1.67544881085021e-05,5.16596716678814e-05,5.86407083797572e-05,0,5.44520863526317e-05,0.00744457754954442,0.00012426245347139,0.0238807303839849,0,0.199767950339697,0.00306746753119825,3.63013909017545e-05,7.67914038306344e-05,0.0163691348820065,0,0.000174525917796897,2.09431101356276e-05,6.28293304068827e-05,1.81506954508772e-05,0.000178714539824022,0.000208034894013901,0.000316939066719164,0,1.67544881085021e-05,0,0.000100526928651012,0.000166148673742645,0.000421654617397302,0,1.67544881085021e-05,0.000565463973661945,0,0,1.67544881085021e-05,0.000157771429688394,0.000184299369193523,0.0821947262456264,6.28293304068827e-05,0,0,0.00205521720797625,0.000474710496407559,0.00100806170119487,0.00110440000781876,8.79610625696358e-05,0.000129847282840891,0.000614331230645076,0.000167544881085021,3.49051835593793e-05,0.000127054868156141
0.000538214835044047,0.00378069509279028,8.48179306418533e-05,3.64699195089179e-05,0.000215059116187612,9.56216220184722e-05,0.0157051649941538,0.000938727371713178,6.08229917832853e-05,0.00131906505929227,1.28928029687828e-05,0.000482166955471422,7.62227286626648e-05,8.95333539498803e-07,5.03177449198327e-05,0.000559165639868319,0.00115521902156399,0.000185393731578885,2.9665384608727e-05,2.990414021926e-05,0.00230238004127249,0.00590764944922363,9.3711577134208e-06,0.00230064906309612,3.07994737587588e-05,1.00277356423866e-05,0.000124869184308766,0.000204434491518893,0.240742833168383,0.00877337335354877,1.62950704188782e-05,0.000189452576957947,0.000930490303149789,0.00996082438253472,7.16863720625375e-05,0.0002489624128833,0.000240964099930445,1.27734251635163e-05,0.000710835141459416,0.000107440024739856,0.000114423626347947,0.00334830868211499,0.00393737846220257,0.000164502615657247,1.2713736260883e-05,8.66085977208509e-05,0.00144590397738793,2.25027162927366e-05,0.00036123723873645,0.000131196207987891,0.00027904561981046,6.91794381519408e-05,0.519532805408865,0.00149293883266294,1.04455579608194e-05,0.000594143336811406,4.71542330802703e-05,0.000242874144814709,9.51441107974061e-05,0.00776546654368365,0.000250096502033332,0.000727846478709894,0.00011006633645572,0.000271942640397103,6.15989475175176e-05,0.00127925256123589,0.00104921153048733,2.24430273901033e-05,0.000350015725041399,9.95014006896336e-05,0.000391857645787309,0.000214939738382346,0.0575010059072316,0.000505326249693124,0.000289670244479179,6.19570809333172e-05,0.000819827077667737,0.000817379832659774,0.0027421678758743,5.73610354305566e-05,2.59646726454653e-05,0.0022422733163208,0.000188616932321081,2.74568952112966e-05,0.00587714841997804,0.00488828237005293,2.39949388585679e-05,0.000108693491695155,0.000116035226719045,0.00414497646556103,0.000247947701538535,0.000513205184840714,0.000357894660188988,0.000213925027037581,0.000813858187404412,0.00592263136378458,0.000150535412441065,3.56342748720524e-05,0.00331446507432194,0.0010507634419558,0.000161040659304518,5.19890341935638e-05,0.000166293282736244,9.13837099315112e-05,0.0102263206214474,0.00215268027346829,2.06523603111057e-05,0.00281069073609728,0.000103202112652895,0.000842329793960474,0.0075562569399541,5.81966800674222e-05,0.000441518812778176,0.00127632780500686,0.0080811014608083,0.00268200146201998,3.53955192615194e-05,0.00225773274210282,0.00181752708518257,0.000113170159392649,0.000133583764093221,3.71264974378837e-05,9.70541556816702e-05,0.000700150827888064,0.00429879476764692,0.00111110892251801,0.000542154302617842,0.000505326249693124,0.000278448730784128,0.00530956664483844,0.000305249048066459,0.00107613122557493,0.00876513628498538
0.000409540237196873,0.0878350777784729,0.000669248680297329,0.000883218996778879,0.00132535422076164,0.000864292875419332,0.00151514115995043,0.00744585157820194,0.000135637203076756,0.00161713192505466,8.88476252712087e-05,0.000789639841167784,0.000201878627835172,0,0.0039071926095599,0.0023752282306232,0.00635812532562129,6.93957783183405e-05,0.000334361477352004,0.00075231332404201,0.0427504280720644,0.0007039465694565,2.83891820393211e-05,0.0173610362682315,0.00200196305936546,1.57717677996228e-05,0.00114976187259251,0.00134165171415458,0.0185160553967572,0.0090829610758028,2.68120052593588e-05,0.0200559056595937,0.000313332453619174,0.00231056398264475,0.00103515369324858,0.00191206398290761,0.0230935481378011,7.25501318782651e-05,0.00987680672171715,0.000272851582933475,0.00062824208401831,0.0690682512737017,0.139979696477586,0.000226062005127927,8.35903693380011e-05,0.000770187994214916,0.00433408179133636,0.000281788918019928,0.00214758904871531,0.00217808113312792,0.000914236806784804,0,0.00801889247492158,0.126425964956183,0.000162449208336115,0.00416216952232047,0.000494707783314837,0.000925802769837861,0.00177590105423753,0.00419318733232639,0.00259498152863128,0.00366378165985239,0.000288623350733098,0.000622459102491782,0.000515211081454346,0.037552579130902,0.00187421174018851,3.62750659391325e-05,0.00100729023680258,0.00691907453369454,0.00190102374544787,0.00202088918072501,0.0184498139719988,0.00106722295444115,0.000549383245020196,0.000375368073631024,0.00151093535520387,0.00186159432594882,0.00718193733035492,8.04360157780765e-05,0.000251296833607324,0.00119129419446485,0.000238153693774305,0.000104093667477511,0.0825552156447525,0.0116732110740942,0.000209238786141663,0.000334361477352004,0.000481038917888497,0.00200091160817882,0.000493130606534874,0.00149726648977753,0.000238679419367626,0.000471575857208723,0.00189524076392135,0.00106722295444115,0.000293880606666306,0.000127751319176945,0.051685660256144,0.00311755276839212,0.00184950263730244,0.000209238786141663,0.000717089709289519,0.000265491424626985,0.00139948152941987,0.000191364115968757,0.000133534300703473,0.0192384023619799,5.25725593320761e-05,0.00238994854723618,0.00713672492932934,0.000661362796397518,0.00054517744027363,0.00397606266228492,0.0019194241412141,0.000237627968180984,6.99215039116613e-05,0.00361383772848691,0.00398447427177805,2.99663588192834e-05,0.000975220975610013,8.09617413713973e-05,0.000618253297745216,0.000714461081322915,0.0325460943057084,0.00144784828400538,0.000813297492867218,0.00320166886332344,0.00130590237380877,0.0116301015754419,0.00822234827953671,0.00156508509131591,0.0019877684683458
0.000245439983465096,0.00340386503384488,2.79887700442653e-05,0.0181991594757057,0.0032316264489571,0.00857102258047848,0.000398301727553006,0.00117983430648134,0,0.00493032949241289,2.79887700442653e-05,0.00191400127456553,0.0190754232763224,0,0.00396579341704129,0.00824161628688059,0.00102912554470452,0.000176544549509981,0.000357395063642157,0.0466637386107236,0.130143474741212,9.68842039993799e-05,0.000105496133243769,0.000163626655643397,0.00463106495117036,0,0.0184338345476154,2.5835787733168e-05,0.00315411908575759,0.000282040682753751,9.25782393771853e-05,0.00038753681599752,0.00114538658950378,0.000790144508172721,0.000200227354932052,0.000740625915017482,0.00251253035705059,2.5835787733168e-05,0.000376771904442033,0.00143603920150192,0.0212542413751529,0.00770337070910625,0.0285076387812398,0.000981759933860383,0,0.00135853183830242,0.00310675347491345,0.000215298231109733,0.000307876470486918,0.000790144508172721,0.000667424516440173,0,0.000841816083639057,0.00103558449163782,0.152894038822577,0.000490879966930192,0.000111955080177061,0.13824299419556,0.000245439983465096,0.00373973027437607,0.000660965569506881,0.000850428012883446,0.000607141011729448,5.1671575466336e-05,0.118924283918083,0.000968842039993799,0.00207762793020893,0.000363854010575449,0.0028204068275375,0.0109393031226855,0.0856994608932293,0.00547288103480942,0.00176975145972201,0.000223910160354123,9.68842039993799e-05,2.5835787733168e-05,0.00199366162007613,0.000490879966930192,0.00482268037685802,0,9.68842039993799e-05,0.000361701028264352,0.000589917153240669,0.00173960970736664,0.00178697531821079,0.000824592225150278,0.00061359995866274,0.00199150863776503,0.000316488399731308,0.000803062402039305,0.000473656108441413,2.5835787733168e-05,2.5835787733168e-05,0.000482268037685802,0.00114969255412598,0.000480115055374705,0,0.000353089099019962,0.00190538934532114,0.00308091768718028,0.0168729223720698,0,0.00215728827571953,0.00355672677793279,0.000109802097865964,8.3966310132796e-05,0.00103989045626001,0.00045212628533044,0.000107649115554867,0.00105926729705989,0.00284193665064848,0.00216374722265282,0.000521021719285554,0.0145929141046177,0.000342324187464476,0.000189462443376565,0.000454279267641537,0.000600682064796156,0.00257711982638351,2.5835787733168e-05,0.00972502109922665,0.00022606314266522,0.00134776692674693,0.00035524208133106,0.0181776296525948,0.00174176268967774,0.00151354656470142,0.000719096091906509,0.00299049243011419,0.00583673504538487,0.000777226614306137,0.00158028901634544,0.00041983155066398
0.000778709175026339,0.124891209747607,0.000657649345295353,0.00029610579974741,0.0022608741174084,0.000719815203805859,0.00206783276729683,0.00631801435704143,0,0.00128748764862548,8.34331258956791e-05,0.000754170020351139,0,0.00033046061629269,0.00281545901306792,0.00163921553230334,0.00121223424095487,0.00037463109470805,9.3248787765759e-05,8.17971822506658e-05,0.010196836739368,0.00181426150231977,0,0.163416046644025,0.000145598984406185,9.8156618700799e-05,0.000363179489192956,0.000497326868084048,0.0242381410445173,0.0412486830653658,0.000579124050334714,0.00479004299259899,0.00136110511265108,0.00599900534626383,0.00285472166054824,0.00069036821819562,0.00333732503582717,9.8156618700799e-05,0.059216252118547,4.41704784153595e-05,8.01612386056525e-05,0.00511559577795664,0.011921121341212,0.000170138139081385,0.000219216448431784,0.000269930701427197,0.00388373021326161,4.58064220603729e-05,0.00147234928051198,0.000426981291348476,0.000783617005961379,0.000343548165452796,0.010934647323269,0.0159144597786895,0.000196313237401598,0.081946053122362,8.83409568307191e-05,0.000196313237401598,0.000487511206213968,0.00588612523475791,0.00168829384165374,0.00183716471334995,0.000170138139081385,0.000696911992775673,0.000561128670239568,0.0747479010843034,0.010321168456389,0.000196313237401598,0.000765621625866232,0.00134147378891092,0.00204002172533161,0.000433525065928529,0.0441982894573248,0.000423709404058449,0.00772656183539789,0.000698547936420686,0.00104700393280852,0.00125149688843519,0.0243542930433132,4.41704784153595e-05,1.96313237401598e-05,0.00509105662328144,0.000394262418448209,4.25345347703462e-05,0.0407546280845717,0.00796213772027981,0.000178317857306451,0.000229032110301864,0.000274838532362237,0.0181344353049726,0.0006265664160401,0.00170138139081385,0.00132184246517076,0.000289562025167357,0.00198112775411113,0.000677280669035513,0.000790160780541432,0.000220852392076798,0.05098745558413,0.00202857011981651,0.000580759993979727,0.000279746363297277,0.00030592146161749,0.000134147378891092,0.000682188499970553,0.000443340727798609,4.90783093503995e-05,0.0123677339563007,2.12672673851731e-05,0.00160158882846804,0.0205916226597826,9.97925623458123e-05,0.00034027627816277,0.00485711668204454,0.0050125313283208,0.000798340498766499,0.000127603604311039,0.00240483715816958,0.00119096697356969,0.000145598984406185,0.000510414417244155,0.000451520446023675,0.000168502195436372,0.000801612386056525,0.00550658630911482,0.0010813587493538,0.0010682712001937,0.00218234882244776,0.000494054980794022,0.0090663996806638,0.00609061819038458,0.00101101317261823,0.00325062002264146
0.00245226099989703,0.00276689790890403,0.000688387419100177,0.000722711445537305,0.00114032043385569,0.000871448893431525,0.000415702097960771,0.00190307657690298,0.000511046615841682,0.00187065944082347,2.47895746490368e-05,0.000486257041192646,0.000144923667178985,0.000259337088636078,0.000722711445537305,0.00107739305205429,0.00252662972384414,0.000305102457218915,0.000846659318782489,0,0.0587646401507206,7.24618335894923e-05,0.00024598885613275,0.000463374356901227,0.000411888317245535,0.000154458118967076,0.00116511000850473,0.0111038225524109,0.00538696526027147,0.001967910849062,0.00311776573470579,0.000633087598729248,0.00124329251316708,0.000928655604160072,0.000150644338251839,0.23683768930654,0.00451360947648232,0.000205944158622768,2.86033553642733e-05,5.14860396556919e-05,0.000129668544318039,0.0285842864606971,0.0578531465597791,0.00027840599221226,5.14860396556919e-05,0.00326841007295763,0.037510440224708,0.00853142745998391,0.0017066668700683,0.0166376183702189,0.0271503049117682,0,0.00126045452638564,0.00285080108463924,4.57653685828372e-05,0.000255523307920841,0.0574355375714607,0.00125473385531279,0.043688764983391,0.0102266529879065,0.000450026124397899,0.0107682098494701,0.00248658502633416,0.00647579965447147,0.00084475242842487,0.00108502061348477,0.000347054045086516,0.000244081965775132,9.53445178809109e-05,0.00344575087621612,0.0011727375699352,0.00321501714294432,0.00204609335372435,0.00105641725812049,8.00893950199652e-05,0.00371652930699791,0.000644528940874958,0.00117083067957759,0.00253235039491699,0.000903866029511035,0,0.00184396297581682,4.76722589404554e-05,0.00061020491443783,0.00337710282334186,0.00170285308935307,0.000329892031867952,0.000324171360795097,0.00233784757843993,0.00165899461112785,0.000726525226252541,0.00129668544318039,0.00569016082713276,0.000333705812583188,0.0693345334029984,0.000255523307920841,0.000476722589404554,5.14860396556919e-05,0.00118989958315377,0.00703642541961122,0.00682857437063084,8.00893950199651e-05,0.00010678586002662,7.81825046623469e-05,0.000167806351470403,4.95791492980737e-05,0.000469095027974082,0.00159797411968407,0.000150644338251839,0.0280789605159283,0.00167806351470403,0.00211855518731384,0.000305102457218915,0.0031921344586529,0.000215478610410859,0,0.000114413421457093,0.0772938937556968,0.0120858710865843,0.0025228159431289,0.00164755326898214,0.00551854069494712,0.00236454404344659,0.00150835027287601,0.0223983341405836,0.00219673769197619,0.00106023103883573,0.00107167238098144,0.00456890929685325,0.0178294248437303,0.00147784002715412,0.0136418936184007,0.000272685321139405
0.000596770500107558,0.00365464104717031,0.000340791422542042,0.00478110319272218,0.00285740500439097,0.00680734721634318,0.0003808845310764,0.00205554283370381,0.000303011377961589,0.00550277914634062,6.93919186171578e-05,0.00131921747504397,0.0404817032786139,2.31306395390526e-05,0.00351739925257193,0.0107341587887564,0.00134543219985489,0.00124674147115494,0.000380113509758431,0.0244244133106036,0.0682353866402052,0.000191984308174137,1.15653197695263e-05,0.00177412005264534,0.00122283981029791,1.00232771335895e-05,0.0163849740281469,0.000774876424558263,0.00398926429916861,0.00117657853121981,0.000191984308174137,0.00115421891299873,0.00219278462830219,0.000966860732732399,0.00134389015721896,0.00223904590738029,0.00253203400820829,0.000433313980698252,0.000414038447749042,0.00260373899077936,0.0946305304395361,0.0112461169438874,0.0322903727965174,0.00394146097745457,0,0.00120433529866667,0.00354669806265473,0.000360837976809221,0.000738638422613747,0.000876651238530094,0.000594457436153652,0,0.00203395423680069,0.00122823695952369,0.0296974281041897,0.000213572905077252,0.000143409965142126,0.330977092185622,0.000962234604824589,0.00335240069052669,0.000655368120273157,0.00155437897702434,0.000715507783074694,0.000284506866330347,0.0204621347575639,0.000690835100899705,0.000909034133884768,0.00204089342866241,0.00812502264875122,0.00494070460554164,0.020654890087056,0.00608104513481693,0.00388055029333506,0.000984594223045673,0.000111027069787453,0.000431000916744347,0.00279186819236365,0.000794922978825442,0.0035181702738899,0.000229764352754589,4.00931085343579e-05,0.000441795215195905,0.0003515857209936,0.00268778031443791,0.0036037536401844,0.00273635465746992,0.000790296850917631,0.00152508016694154,0.000732470252069999,0.000324599974864705,0.000780273573784042,0.000265231333381137,0.000195839414763979,0.000363922062081095,0.00221822833179515,0.000208946777169442,0.000316889761685021,0.00064919994972941,0.00195222597709604,0.00913043444738204,0.0210296064475887,0.000572097817932568,0.0199440084318891,0.00759147589671707,0.000406328234569358,1.15653197695263e-05,0.00158290676578917,0.00115421891299873,0.000386281680302179,0.00259602877759967,0.0027124529966129,0.00309719263427915,0.000214343926395221,0.0129261723957406,0.000188900222902263,9.1751536838242e-05,0.00233002642290057,0.00363459449290313,0.0093362971392796,0.00013647077328041,0.00799626208865049,6.93919186171578e-05,0.00204089342866241,0.000815740554410589,0.0185461467824124,0.0025050482620794,0.00067849875981221,0.000589060286927873,0.00758684976880926,0.0205176482924576,0.000777960509830136,0.00143101556614939,0.000627611352826294
0.00231096396699091,0.00940365656780876,0.000320967217637627,0.00164034735482038,0.000411111202165641,0.000510815912325414,0.000671982430117925,0.00174141788292755,0.000255407956162707,0.000928756204228026,0,0.000536766453325903,0.00046984137390359,0,0.00132757504486712,0.000725249330066297,0.00425588872408019,0,0.00148737574471224,0.000142045066528992,0.0782641000215799,0.000120191979370686,0,0.00146279102165914,0.000972462378544639,0,0.00185614659050866,0.0260994151567549,0.00970277069828808,0.00293377695100265,6.82908973697078e-05,0.00232052469262267,0.000753931506961574,0.000505352640535838,6.69250794223136e-05,0.144144328714137,0.00712956968539749,0,0.000334625397111568,0.000195311966477364,0.000222628325425247,0.048931793783343,0.074733460627566,0.000389258115007334,0,0.0028286089690533,0.0355590702604069,0.0152193093878131,0.00283270642289548,0.0241954649380875,0.0462042553423969,0,0.00282041406136893,0.00361941756059451,0.000114728707581109,0.000314138127900656,0.0186406833460354,0.00121148051933862,0.125025609086514,0.00100114455543992,0.00113772635017933,0.0189916985585157,0.00167176116761045,0.0108254730510461,0.00101207109901907,0.00110631253738927,0.000508084276430626,0,0.000184385422898211,0.00891059628879947,0.00146552265755393,0.00286275441773815,0.00386253315523067,0.000464378102114013,2.04872692109123e-05,0.00534034817431115,0.00139996339607901,0.000655592614749195,0.00201867892624856,2.04872692109123e-05,0,0.000430232653429159,0.000109265435791532,0.000173458879319058,0.00752975434398398,0.00281085333573717,0.000506718458483232,0.000308674856111079,0.000142045066528992,0.000488962825167108,0.000389258115007334,0.00268383226662952,8.19490768436494e-05,0.000167995607529481,0.0397808135358022,0.00178648987519156,0.000109265435791532,4.09745384218247e-05,0.00307582201753164,0.0111013682764197,0.002851827874159,0.000127021069107657,5.32668999483721e-05,0.000199409420319547,0.000318235581742838,0,3.55112666322481e-05,0.0039499455038639,1.63898153687299e-05,0.0167940974811585,0.00550424632799845,0.0014245481191321,0.00038106320732297,0.00154064264466061,0.000159800699845116,0,0.000122923615265474,0.0505584829586895,0.00931078094738596,4.09745384218247e-05,0.00134259904228846,0.00265924754357642,0.00229867160546436,0.000415208656007823,0.0282150671572685,0.00183429350335035,0.000361941756059451,0.000708859514697567,0.00314957618669092,0.0113417522351611,0.000816759132541705,0.0111655617199472,0.000189848694687788
0.000291805057751443,0.00577022124015001,0.00103581844426371,0.000272470734906562,0.000810609387422414,0.000798793967906098,0.00264826516522522,0.00374369777159398,0.000257790971265079,0.00734865387462515,0.000483895135645492,0.0101888300962366,0.000116543001592754,0.000319195348448358,0.000128716464124716,0.00250898643213894,0.000361086381278933,0.00515062780157471,6.67750224179683e-05,0.000159866206485913,0.0123920477930139,0.000515044878006689,0.00220948344955111,0.000829406645743826,9.18380335131843e-05,0.000220733519145724,0.000389729822530609,0.000273723885461323,0.0243940077204815,0.00129880103925566,0.0144352202617975,0.000351777262872139,0.00700546964412851,0.0016280215921421,0.0242473891055745,0.000676164235047363,0.00132475915788999,0.00102597226133345,0.000322417735589171,5.83610115502887e-05,0.000807028957265955,0.00489659628197391,0.0107505995877851,0.00305142160084255,3.84896241819388e-05,0.000653965568077314,0.00286416510365972,8.71834743097871e-05,0.000189583776784527,0.000317584154877951,0.000232727960169863,0.000159508163470267,0.013982653890021,0.00111261867111977,0.000281242788789888,0.000255105648647734,0.000127642335077779,0.000560516340993723,0.000287329520055869,0.464016766438337,0.000582715007963772,0.00064465644967052,0.000193343228448809,0.000208560056613762,0.000739895891832341,0.000651101223952147,0.000365382897466684,0.00192018469290919,0.00153224508545681,0.00111351377865888,0.000964209841134524,0.000656471869186836,0.010689016189094,0.0558106711498426,3.32980004550727e-05,0.000180095636869909,0.0417381484628945,0.00381799169734051,0.00416636755156401,0.000743118278973154,0.00034765976819221,0.00206268581313628,0.00268657576789933,0.000202652346855604,0.00289782114713044,0.00241374698997712,9.07639044662465e-05,0.000214288744864097,0.0040906414537549,0.00119210422059317,0.00451581753483445,0.000175620099174335,0.00103295410013854,0.00793262203314368,0.00239602386070265,0.00129378843703661,0.00204442561933833,0.000312571552658908,0.0041171366369127,0.003360412723345,0.000624427019286524,0.00045185028574518,0.00165702307640942,0.000140710905148855,0.00171001344272502,0.000308096014963334,0.000183497045518546,0.00157288296773263,0.00214682592181307,0.00168763575424715,0.00751138442523623,0.000133012980312468,0.000988556766198448,0.0060054555014294,0.00141015241712155,0.0001036534530295,0.000819560462813563,0.00297838082565077,0.00350470405865031,0.000165952937751894,0.000296817659970487,0.000377914403014293,0.000452387350268649,0.0420054275740742,0.00499720636937042,0.0574266983009606,0.0315842275606834,0.0014276965248882,0.00113428027356635,0.0112887382403009,0.00183353828312287,0.00123310014588463,0.000881143861504665
0.000461713174516005,0.165279169276396,0.00117678984591127,0.000718934998758905,0.103289995742979,0.0124238141109321,0.00149445879885125,0.0511318403321248,0.000555599140364663,0.0177045781626388,0,0.00238573241985289,0.000136327566848737,0,0.0115402571446577,0.026435972986564,0.000686782270728542,0.000280371788424761,6.30193469395104e-05,0.00073179608997105,0.0122116061059317,0.000210921895879178,1.5433309454574e-05,0.00285130392173254,0.000821823728456065,0,0.000253363496879256,0.000212208005000392,0.0143774138660569,0.00324485331282418,0.00020577745939432,0.00793143495052981,0.00285516224909619,0.00144301443400267,8.87415293638004e-05,0.000631479578516319,0.00419786017164412,0.000259794042485329,0.00756746606922611,1.5433309454574e-05,0.00182370273388216,0.00561000798673764,0.0231731141460428,0.000810248746365134,7.07360016667974e-05,0.000830826492304566,0.00131311741276,5.53026922122234e-05,0.000653343433576965,0.000394835500212851,0.000275227351939903,0,0.00486535080555445,0.00706331129371003,7.33082199092264e-05,0.00284615948524769,0.000144044221576024,0.00218767161518586,0.000430846555606857,0.00456697348943268,0.0843571833695802,0.00176454171430629,0.000285516224909619,0.000150474767182096,0.00087198198418343,0.00345320299046093,0.00197289139194304,0.000311238407333909,0.00365640823161282,0.00167451407582128,0.00337346422494563,0.000788384891304488,0.00425959340946242,0.00096072351354723,0.00014018589421238,0.000492579793425153,0.003903341182886,0.00565116347861651,0.0109100636752626,0,1.5433309454574e-05,0.00353680008333987,0.000390977172849208,0.000119608148272948,0.00315868400170281,0.00158191421909383,9.51720749698729e-05,0.000369113317788561,0.000108033166182018,0.000796101546031774,0.000619904596425388,0.000401266045818924,0,0.000444993755940217,0.0018802915352156,0.00079481543691056,0.000230213532697395,0.00212465226824635,0.0804011117127244,0.00784912396677209,0.00179283611497301,0.000824395946698494,0.00222882710706473,3.21527280303625e-05,0.000968440168274518,0.000171052513121528,0.00015433309454574,0.000851404238243998,3.21527280303625e-05,0.00197417750106426,0.0164351884600001,0.000123466475636592,0.00227512703542845,0.0783626287555994,0.000596754632243527,0,0.000416699355273498,0.00395478554773458,0.0036371165947946,0,0.000686782270728542,0.000138899785091166,0.000868123656819786,0.000801245982516633,0.0080986291362877,0.00415413246152283,0.00118064817327491,0.015685386842332,0.00178383335112451,0.0168660350156069,0.0870708736153428,0.000559457467728307,0.000298377316121764
0.00105061125380155,0.00521218580833357,0.00167969579555153,0.000832635463539142,0.000310936053756677,0.000552151909892655,0.000571385067856985,0.00276556783895436,0.00011620032936783,0.00138158184710441,4.80828949108263e-05,0.000925595727033405,0.000699606120952522,4.48773685834378e-05,0.000395081119850622,0.000573789212602527,0.00412150547543966,8.4145066093946e-05,0.0108218568812633,7.61312502754749e-05,0.0746206459936931,0.000106583750385665,3.20552632738842e-05,0.000498459343908899,0.000474417896453486,2.24386842917189e-05,0.00310134672174829,0.00532357784821031,0.00317587520886007,0.0012862174388646,7.93367766028633e-05,0.00029891533002897,0.000540131186164948,0.00067796881824265,0.000226790987662731,0.0194319005966286,0.00688707331439402,1.20207237277066e-05,0.000809395397665575,0.000521699409782465,0.000615461054858576,0.112971562974568,0.189514723383112,9.13575003305699e-05,6.49119081296155e-05,0.00308531909011135,0.069599990383421,0.00858279674158249,0.00146492553161651,0.0203671129026442,0.00590457949504947,6.81174344570039e-05,0.00140802743930536,0.00373283540824381,0.000160276316369421,0.000519295265036924,0.00286093224719416,0.00330329488037376,0.0105950658936006,0.00264936750958653,0.000855875529412707,0.0922149786231463,0.00105622092487448,0.00219177862635183,0.00119966822802512,0.00160196178211236,0.000970473095616843,4.08704606742023e-05,0.000238811711390437,0.00551510804627177,0.00145931586054358,0.00911090720401973,0.00429620666028233,0.000472013751707944,9.37616450761112e-05,0.00178708092751904,0.000729257239480865,0.00156670099251109,0.00281605487861072,0.000466404080635015,3.045250011019e-05,0.000666749476096791,9.13575003305699e-05,0.000484835857017498,0.00831673805640925,0.00345235185459733,0.00179509474333751,0.00111712592509486,0.00189045915157732,0.00140001362348689,0.000449575067416226,0.00238811711390437,6.8918816038851e-05,0.000582604410002845,0.0278351878638773,0.000349402369685338,0.000307730527429288,4.08704606742023e-05,0.00231118448204705,0.00930804707315412,0.0073190179870096,0.00231358862679259,0.000366231382904127,0.000715633752589464,0.000164283224278656,2.00345395461776e-05,0.000230797895571966,0.00275114297048111,2.40414474554131e-05,0.0168594657188994,0.00340827586759573,0.00473376100397085,0.000556960199383738,0.00199143323089005,0.000242818619299673,2.00345395461776e-05,3.44594080194255e-05,0.0334432561736434,0.0114910105021056,0,0.00422568508107978,0.00409986817272979,0.00216613441573272,0.000247626908790755,0.0640183676658559,0.000393478356686928,0.000449575067416226,0.000408704606742023,0.00577155015246285,0.0261378616735252,0.00230477342939227,0.0228017101482957,0.000767723555409526
0.147429878172178,0.0133079694013842,0.000866151293155786,0.000540332699235035,0.000839842959485166,0.000155826284049055,0.00213704618124418,0.0017909904075768,0,0.00141255514631481,4.85692313919132e-05,0.00102602501315417,0.000769012830371959,0,0.000507953211640426,0.000766989112397296,0.00140446027441616,9.71384627838264e-05,0.000248917310883555,7.48775650625329e-05,0.0250819605779738,0.000465455134172502,0,0.000839842959485166,0.000202371797466305,0,0.000874246165054438,0.00109280770631805,0.0111405674505201,0.00216740195086413,0.000993645525559558,0.000943052576192982,0.000807463471890557,0.00442384749261343,0.00016594487392237,0.0055814141741207,0.00443194236451208,7.28538470878698e-05,0.000317723722022099,0.000512000647589752,0.000534261545311045,0.0092888655037034,0.0248957785243048,0.000406767312907273,0,0.00496418019184846,0.00636661674828996,0.000932933986319667,0.000890435908851742,0.00188205771643664,0.00153195450681993,0,0.0070324199619541,0.00234144169668515,0.000127494232403772,0.000129517950378435,0.000509976929615089,0.00253369490427814,0.00307402760351317,0.00184967822884203,0.000629376290120209,0.00397255838426357,0.13123406322095,0.000388553851135306,0.00031165256809811,0.00142874489011211,0.000497834621767111,0.000271178208604849,0.000912696806573036,0.00201359938478974,0.000813534625814547,0.00256000323794876,0.00775286356093415,0.000228680131136925,9.91621807584895e-05,0.00033796090176873,0.00264297567490994,0.00057068846885498,0.00121423078479783,2.63083336706197e-05,0,0.00149350386530133,8.29724369611851e-05,0.00234144169668515,0.00580807058728296,0.00176468207390618,0.000657708341765492,0.000675921803537459,0.000101185898733153,0.000860080139231797,0.000317723722022099,0.000675921803537459,2.42846156959566e-05,0.000208442951390294,0.00542558789007164,0.000522119237463067,0.000303557696199458,0,0.00804225523131097,0.0395191646092201,0.00118185129720322,0,0.00145910065973206,0.00144898206985874,0.000190229489618327,0.000190229489618327,0.00239810579997572,0.00225442182377464,9.71384627838264e-05,0.019417573966892,0.00212288015542154,0.00141660258226414,0.000315700004047436,0.0017140891245396,0.00035819808151536,0,0.000159873719998381,0.0163739021329987,0.0832173068361193,0,0.00150969360909864,0,0.00927874691383009,5.46403853159024e-05,0.0118731533573481,0.000870198729105112,0.000823653215687862,0.00078925001011859,0.0180353745901971,0.285394827376857,0.000817582061763873,0.00177277694580483,0.00490144493463391
0.00465548335785087,0.00424539072973187,0.000689701238200128,0.000570090888332088,8.85427265256921e-05,0.000186405740054089,0.00332268231646413,0.00221667492547654,0.000644653184353723,0.000442713632628461,2.01939551725263e-05,0.000773583821224468,0.000105629919363984,4.03879103450526e-05,0.000433393345625756,0.000639993040852371,0.00621197128730251,1.86405740054089e-05,0.000775137202391586,6.99021525202833e-05,0.0410527574845788,0.0016419238936431,4.03879103450526e-05,0.0032217125406015,0.000274948466579781,0,0.000798437919898347,0.0548887235400935,0.035789902090385,0.00653662795123004,0.000723875623876711,0.000804651444566816,0.000237667318568963,0.00231764470133917,0.000158444879045975,0.0408616916010234,0.00443334985095308,0,0.000473781255970809,8.54359641914573e-05,0.000309122852256364,0.0568646243846669,0.0728473632131379,6.21352466846962e-05,0,0.000318443139259068,0.0109000756496628,0.00527528244353071,0.0116006505560328,0.0136728610329674,0.0868650748652053,0,0.0206677364284971,0.00212657881778373,3.88345291779351e-05,0.000764263534221764,0.00576459751117269,0.0014011498127399,0.0227554807171029,0.00706943769155131,0.000360384430771238,0.00401859707933273,0.0015797886469584,0.156975380461882,0.00024543422440455,0.00190289192971882,0.00113241487082859,2.33007175067611e-05,0.000158444879045975,0.00492887844326353,0.000772030440057351,0.0013747423328989,0.0153458525499529,0.000787564251728525,0.000172425309550032,0.0558797807247145,0.00123027788435699,0.000506402260480274,0.002302110889668,0,0,0.000776690583558703,0.00028116199124825,0,0.0294878346953897,0.0183889262563359,0.000191065883555441,0.000231453793900494,0.000102523157029749,0.00053902326498974,0.0004194129151217,0.0299522956643578,4.03879103450526e-05,3.88345291779351e-05,0.0154576959939853,0.00203026918542245,2.33007175067611e-05,0,0.00258482626208336,0.00373588170691736,0.00139804305040567,2.01939551725263e-05,0.000298249184086542,6.05818655175788e-05,0.00206599695226615,0.000660186996024898,2.33007175067611e-05,0.0185116433685381,0,0.00678050879446748,0.00363335854988761,0.001124647964993,0.000259414654908607,0.000605818655175788,0.00153940073661335,0.000164658403714445,0,0.015996719258975,0.00406675189551337,2.01939551725263e-05,0.000714555336874007,0.000340190475598712,0.000557663838995149,0.000385238529445117,0.0233053776502624,0.00280695976898115,0.0009460091307745,0.00101280452096055,0.00117746292467499,0.00968067143347568,0.00345161295333488,0.00337549727614612,0.00124115155252681
0.000310794685785325,0.0027459771434848,0.000590385085849231,0.0355479222938395,0.00120074091456017,0.0097432261736556,0.000615348514426365,0.000742662000169751,9.36128571642544e-05,0.00437608902957168,0,0.00203202308617875,0.0112634989740031,0.00041938560009586,0.00702096428731908,0.00971077371650532,0.00126439765743186,0.000227167200051924,0.000446845371530708,0.0163298268037325,0.214117567763227,0.00014104337146081,7.48902857314035e-05,0.000782603485893167,0.008520018173376,0.000139795200031953,0.0354692874938215,0.000614100342997509,0.00333885857219174,0.000906172457349982,1.49780571462807e-05,0.000742662000169751,0.00105470485738393,0.00126564582886072,0.000215933657192213,0.00117452931455418,0.0054944506298273,1.62262285751374e-05,0.000182233028613082,0.000589136914420374,0.00536339262979735,0.0109040256024923,0.0428896666383748,0.00116704028598104,1.87225714328509e-05,0.00185977542899652,0.00320530422930407,0.000175992171468798,0.00159266674322118,0.00100477800022966,0.000294568457210187,3.37006285791316e-05,0.000941121257357971,0.00271352468633452,0.0396718806947821,0.000333261771504746,0.000516742971546684,0.0360871323511056,0.00106968291453021,0.00217805914335498,0.000448093542959564,0.00210316885762358,0.00027834222863505,0.000151028742891664,0.202680572960613,0.00151528011463206,9.86055428796813e-05,5.61677142985526e-05,0.00085000474305143,0.0215247162906342,0.0781667357321524,0.01207481040276,0.00242394891483976,0.00145911240033351,1.49780571462807e-05,0.000179736685755368,0.00125066777171444,0.000771369943033456,0.00643307554432756,0.000742662000169751,0.000688990628728912,0.000322028228645035,0.000587888742991517,0.000966084685935105,0.00388306131517327,0.00324899022931405,0.000483042342967553,0.00252130628629058,0.00015227691432052,0.000232159885767351,0.00170125765753172,0.00057540702870295,0.000976070057365959,0.000317035542929608,0.00101975605737594,0.000146036057176237,0.000731428457310041,0.000604114971566655,0.00144038982890066,0.00466316845820872,0.0208007768618973,0.000146036057176237,0.000770121771604599,0.00184105285756367,3.24524571502748e-05,0,0.000195962914330506,0.00124567508599901,0.000408152057236149,0.00175867354325913,0.00117702565741189,0.00270353931490367,0.000356977028653023,0.0103510856595088,2.99561142925614e-05,0,0.000384436800087871,0.00199957062902847,0.00395420708661811,6.86494285871199e-05,0.011578038174075,0,0.000555436285841243,0.00131058000029956,0.0304628718926772,0.00266983868632453,0.00070521685730405,0.000471808800107842,0.00223422685765354,0.0104896326881119,0.000260867828631056,0.000731428457310041,0.000264612342917626
0.00040024210893516,0.0688728304336476,0.000310144318179193,0.000244881174875191,0.000774494470536867,0.000274913771793847,0.00273238876965691,0.00320944502071094,7.79692420003558e-05,0.0020399063907056,0.000168067032756322,0.00089462485821149,5.60223442521075e-05,3.75407461483194e-05,0.00106153679108633,0.00154148079184407,0.00454936088323557,0.000120707937615366,3.11876968001423e-05,7.10386427114353e-05,0.00849113922880912,0.00120534672633143,6.93059928892051e-06,0.0954990378017987,0.000277801521497564,5.94876438965677e-05,0.000488029699928153,0.00155187669077745,0.025132085671448,0.0287544788997905,0.000238528125527014,0.00612895997116871,0.000746772073381185,0.00372577466773552,0.000389268660061036,0.000678621180373467,0.00336191820506719,0.000157093583882198,0.02151315774275,0.000147275234889561,0.000302636168949529,0.0100851770652608,0.0169522458606996,0.000116665088030162,8.72100410522498e-05,0.000173264982223013,0.00226110801801032,8.43222913485329e-05,0.00390250494960299,0.000956422701871031,0.000323427966816291,8.66324911115064e-05,0.0108169328401827,0.0276964074083486,2.36795475704784e-05,0.0147852784830304,0.000270870922208643,0.000584480540032297,0.00036096871296461,0.00156804808911827,0.00138958515742856,0.00110716323640505,0.000145542585067331,0.00071673947646253,0.000228709776534377,0.175234427520948,0.00415316162388562,4.9091744963187e-05,0.000950069652522854,0.00166449892922241,0.00108637143853829,0.000926967654893119,0.0483178280425908,0.00040370740857962,0.00200294319449803,0.000553870393172898,0.00125443847129461,0.00112217953486438,0.0111588424051028,2.36795475704784e-05,8.43222913485329e-05,0.00224320396984727,0.000362123812846097,9.24079905189402e-05,0.174138815283358,0.0387501357242361,8.77875909929932e-05,0.00022582202683066,0.00054231939435803,0.00485257460212585,0.000348840164208999,0.00244650154898894,0.000103958989333808,0.00058332544015081,0.00100724709665645,0.00182332516292684,0.000221779177245456,0.000453954253424294,0.0307048650496808,0.00203297579141668,0.00134164851234686,6.2952943541028e-05,0.000854196362359453,0.000150162984593278,0.00149874209622906,0.000133991586252463,3.69631962075761e-05,0.0578416265654491,0,0.00106904494031599,0.00724016605715896,0.000262207673097493,0.000494960299217073,0.00229691611433641,0.00585577884919709,0.00145715850049554,6.93059928892051e-06,0.00198677179615721,0.00206820633780203,0.00022062407736397,0.000696525228536512,1.73264982223013e-05,0.000235062825882554,0.000324583066697777,0.00509918842682327,0.00131161591542821,0.00100320424707124,0.000866902461055808,0.000747349623321929,0.00729907615111479,0.00352247708859385,0.000870367760700268,0.002070516537565
0.000353046964827973,0.0189259706948908,0.000556472773371856,9.72906040862054e-05,0.00107830419528878,0.000163625106872254,0.00161561366785577,0.0218859636192105,0.000246174710339338,0.00246101005336242,3.02190512692002e-05,0.00160308381732952,7.73902532503906e-05,4.42230018573661e-05,0.000371473215601875,0.00103702939355523,0.000507090421297798,0.000362628615230402,9.21312538695127e-05,0.00014741000619122,0.00392921371502698,0.0037626404080309,4.05377517025856e-05,0.0108773843568501,0.000151832306376957,0.000344202364456499,0.000344202364456499,0.000283764261918099,0.0157927710132964,0.0108147351042189,8.77089536837761e-05,0.0004952976208025,0.00122939945163478,0.0193438780624429,0.000444441168666529,0.000919101388602258,0.000976591291016834,7.81273032813467e-05,0.0102464695303517,0.000101712904271942,0.000517409121731183,0.00336537044134556,0.00490875320616763,0.000352309914797016,7.07568029717857e-05,0.00022111500928683,0.00158170936643179,0.000126772605324449,0.000679560128541525,0.000444441168666529,0.000564580323712374,8.84460037147322e-06,0.0114942952327604,0.00533476812406026,0,0.0047782953506884,0.00014372475603644,0.000327250213744509,0.000271234411391845,0.00214776379020608,0.00159718741708187,0.00106430024470061,0.000490875320616763,7.2967953064654e-05,0.000100975854240986,0.00622954686164097,0.305447536778797,2.06374008667708e-05,0.000551313423155164,0.00064270762699372,0.000549102273062296,0.000213744508977269,0.0165946814469766,0.000627966626374598,0.00574751614139568,6.11751525693564e-05,0.00240867950116454,0.00183304342698782,0.127115333588844,9.4342403962381e-05,0.000201951708481972,0.0490175123087355,0.000376632565818568,0.000124561455231581,0.00853798755859548,0.00205710663639848,8.99201037766443e-05,0.000100975854240986,0.000192370058079542,0.0765573867154102,0.000514460921607359,0.000992069341666912,0.000446652318759397,0.000604381025384003,0.00056900262389811,0.00166647011999175,0.000358943365075621,0.000874141336713936,0.00928904154013975,0.00163772516878446,0.000176154957398508,2.94820012382441e-05,0.000474660219935729,9.50794539933371e-05,0.000944161089654766,0.000305875762846782,2.8744951207288e-05,0.00260178660927504,5.52787523217076e-05,0.00183451752704974,0.136332881275981,0.000102449954302898,0.000572687874052891,0.00196202718240514,0.00141882130959049,0.000163625106872255,7.44420531265662e-05,0.00241383885138123,0.00168710752085852,0.000138565405819747,0.000167310357027035,0,0.00020416285857484,0.000559420973495681,0.00256198590760341,0.0026813880126183,0.00157139066599841,0.00805300863822636,0.000914679088416522,0.00807733128924791,0.00886818597246381,0.000270497361360889,0.0197264070285091
0,0.00214249476409142,0.000209436343059332,0.000407165064456961,0.000385050667984858,0.000405864217605661,5.85381083085088e-05,0.00142052476161981,0.000158703315858624,0.00423165480727954,0.000515135353114878,0.00212298206132192,0.000306999856906846,0.000123580450873519,8.19533516319124e-05,0.00244429123359307,0.000241957514341837,0.0583182651906391,1.95127027695029e-05,0.000234152433234035,0.00186671523161578,1.95127027695029e-05,0.000385050667984858,0.000175614324925527,0,1.95127027695029e-05,0.000353830343553653,0.000245860054895737,0.000790914885590519,0.00020163126195153,0.0385909226906716,0.000140491459940421,0.043337712851066,0.000643919191393597,0.00238185058473066,0.00020033041510023,0.00013138553198132,0.00338220181338051,5.33347209033081e-05,0,0.0052814382162788,0.000283584613583443,0.000888478399438034,0.259923510205144,0,0.000316105784865948,0.000511232812560977,4.94321803494075e-05,0.000165207550115125,3.12203244312047e-05,4.68304866468071e-05,1.56101622156024e-05,0.000221143964721033,0.000106669441806616,0.000173012631222926,1.95127027695029e-05,1.56101622156024e-05,0.0046661376556138,9.36609732936141e-05,0.0637896270472077,0.000519037893668778,0.00013008468513002,0.000404563370754361,3.38220181338051e-05,0.000574974308274687,0.000184720252884628,1.95127027695029e-05,0.215965293406007,0.00998009704317511,0.000240656667490536,0.000947016507746543,0.000110571982360517,0.00079351657929312,0.0138787350565218,0,8.45550453345128e-05,0.0210880283064275,0.00123970704928909,0.00104848256214796,0.000379847280579657,0.000288788000988644,0.00026277106396264,0.00105498679640446,0.000357732884107554,0.000563266686612985,0.000148296541048222,5.20338740520079e-05,3.38220181338051e-05,0.00205663887190561,0.000453995551103769,0.0033132569302616,0.000173012631222926,0.000914495336464038,0.00882884757977443,0.000656927659906599,6.76440362676102e-05,0.00229599469254485,7.15465768215108e-05,0.0013411731036905,0.00124751213039689,5.46355677546083e-05,0.000256266829706139,0.0212909604152303,0.000467004019616771,0,0,0.000189923640289829,0.000238054973787936,0.0255889584119262,0.000914495336464038,0.000578876848828587,0.000136588919386521,0.000152199081602123,0.0026615326577602,4.81313334981073e-05,1.56101622156024e-05,0.0883275012032833,0.00136719004071651,0.00128913922963849,0.000174313478074226,0.000191224487141129,0.000273177838773041,0.000124881297724819,0.00735758979095391,0.000826037750575625,0.0363547669532866,0.00821875040651464,0.000658228506757899,0.000545054830694782,0.00509801881024547,0.00052944466847918,9.75635138475147e-05,0.000820834363170424
0.000155139148641053,0.0037624530391825,0.000412827904010939,0.000856223479258356,0.00873446554234608,0.00300089073536614,0.000221862129942184,0.00158064441909921,7.0995881581499e-05,0.0235653737308664,8.90735366138251e-05,0.00232412906788324,0.000635347403227026,4.89740109057563e-05,0.000298774334988808,0.0744727076711707,0.000177161019316796,0.00132131224054456,0.000126872269863234,0.00150570432187429,0.00384659630624205,5.75198114664922e-05,0.000278395887497822,0.000533126481135145,0.0001899797201579,4.20716335297772e-05,0.000528196211580874,1.67629164845206e-05,0.00195041463566951,0.000730994632579879,0.00102615343656222,0.000188007612336192,0.0320714034505313,0.000671174028654727,0.000750715710796962,0.000351035192264078,0.000226135030222552,0.000145607294169463,0.000547917289797958,0.000115368307569936,0.0349418063850278,0.000756960718899038,0.00323392814296467,0.048414918338302,4.272900280368e-06,0.000288913795880267,0.00109846405669153,4.60158491731938e-05,7.13245662184504e-05,0.000119641207850304,6.77090352119852e-05,1.7091601121472e-05,0.0009140719753618,0.00030633408163869,0.000575855483938825,0.000263276394198059,6.44221888424713e-05,0.00809221576174308,0.000101892237454929,0.00642446991385176,0.00215584253376413,0.000181762604234115,7.82269435944295e-05,4.272900280368e-06,0.000716532508554018,0.000396722356800321,0.000455228222177667,0.00485532945704585,0.26885778801813,0.000428604766584605,0.00267779373724293,0.000379630755678849,0.00159444917385117,0.00110931064971092,7.88843128683322e-06,0,0.0105034462584184,0.00101497815890587,0.00176405044651808,8.74301134290682e-05,9.56472293528528e-05,0.000388833925513488,0.000368784162659453,0.000347748345894565,0.000777339166390024,0.0004036247341763,5.35755958230756e-05,8.6444059518214e-05,0.000594261823608103,0.000200826313177296,0.000880217457755807,1.7091601121472e-05,0.000157111256462762,0.000820725538467607,0.000656054535354963,0.000258346124643788,0.000486124578051097,0.000376015224672384,0.00268601085316671,0.00194219751974573,0.000225806345585601,0.000168286534119109,0.294099124712812,0.000549560712982714,0.000116683046117741,2.5637401682208e-05,0.000270507456210989,0.000247170846987441,0.000174860226858136,0.000322439628849308,0.00234220672291556,0.00014725071735422,0.000306005397001739,0.0610630318528282,0.000130159116232748,2.92529326886732e-05,0.0213622006093813,0.000894350897144717,0.00246776425423099,3.2539779058187e-05,0.000208714744464129,2.36652938604997e-05,0.000505188286994278,0.000939709377044008,0.00151885170735235,0.0174265307665254,0.00343541182541587,0.000518335672472333,0.00112410145837373,0.00458416463156096,0.00124012713521757,0.000757618088172941,0.000444381629158272
0.000957466651806107,0.00716540785018708,0.000678542410055594,0.0123361897562618,0.00110414730895855,0.00290589396374447,0.000350532121620209,0.00178846454803589,0.00021366867380474,0.005514961715771,8.66224353262461e-06,0.00118730484687175,0.0017422659158619,3.29165254239735e-05,0.00612016379725037,0.00137556427298079,0.00216498340025398,0.00011838399494587,0.000771517157305765,0.00110876717217595,0.324925374771966,0.000218866019924315,2.2521833184824e-05,0.00136690202944816,0.0147315888344836,4.4466183467473e-05,0.00344179809696284,0.00220251978889535,0.00334247103778875,0.00161348722867688,0.000757080084751391,0.00192301806424266,0.00270492991378758,0.000858717075534186,0.000154187934880718,0.00196575179900361,0.025152267804231,2.59867305978738e-05,0.000565933244131474,0.000375941369315908,0.00247451423581976,0.0332959316907025,0.13354754099118,9.47071959566957e-05,3.00291109130986e-05,0.00128085707702409,0.00541621213949908,0.000505875022305277,0.000600004735359798,0.00243928777878709,0.00218173040441705,1.55920383587243e-05,0.00145005956736136,0.00695462659089321,0.00130626632471979,0.000394998305087682,0.00129587163248064,0.00491553446331338,0.0028683575751031,0.00585971900836946,0.00101694739073013,0.00505932770595495,0.000932057404110408,0.00255882673953731,0.00492130929233513,0.00261137768363523,0.000315883147489711,9.41297130545207e-05,0.000737445666077442,0.16439205776215,0.0107740985058785,0.0050373833556723,0.00372360975322423,0.000638118606903346,9.70171275653956e-05,0.000906070673512534,0.00119712205620872,0.00124158823967619,0.00139115631133951,0.000176132285163367,6.92979482609969e-05,0.000201541532859066,9.35522301523458e-05,0.00033782749777236,0.00622988554866362,0.00214708143028655,0.000385181095750708,0.00180001420607939,0.000115496580434995,0.000534171684511851,0.000636386158196821,0.0016082898825573,0.000179019699674242,0.00022406336604389,0.00326682077760383,0.000488550535240028,0.000124158823967619,0.000196344186739491,0.00321253738479938,0.00366932636041978,0.00703200929978466,0.000200964049956891,0.000747262875414416,0.000406547963131182,0.000191146840619916,2.59867305978738e-05,0.000206738878978641,0.00153668200268761,6.29456363370721e-05,0.00337192266579967,0.00272340936665718,0.00219501251116708,0.000464296253348679,0.00347067224207159,0.000262177237587438,3.46489741304984e-05,0.000154187934880718,0.00410821336607276,0.00310050570177743,2.94516280109237e-05,0.00351340597683254,0.000368434091587633,0.000284699070772262,0.000792306541784064,0.0682301823748753,0.00134091529885029,0.00197961138865581,0.000831575379131962,0.00131030870503502,0.0131908644514808,0.00102791956587145,0.0022152244127432,0.000281234173359212
0.00126443027488771,0.0149774663515249,0.000940485328428876,0.0179043706918172,0.00892226081273132,0.0399468768287215,0.000521541863946923,0.00189522043456122,5.0349214552253e-05,0.0150240156253562,1.23498073430054e-05,0.00267515826753103,0.00286515530357726,0.00027169576154612,0.0317931540267972,0.0314939086950244,0.0014924267181432,0.000259345954203114,0.000381894042452938,0.0386102476801362,0.127284714358456,0.000412293568220336,0.000208996739650861,0.00240441249116514,0.0323460454016917,4.93992293720218e-05,0.00787442715893632,0.00108298310546355,0.00648839878097902,0.00309410173201298,0.000180497184243926,0.00383224021705261,0.00196076941199717,0.00125588040826563,0.000510142041784148,0.00163967442107903,0.00526291789848078,0.000101648414284737,0.000968984883835812,0.000482592471557444,0.0129378481695686,0.0167947880013072,0.0439045150895646,0.00177362233149163,0,0.00222676526246191,0.00471667641984785,0.000375244146191319,0.000855936647388301,0.00176697243523001,0.00067163952242345,0,0.0051536696027542,0.00350354534469262,0.0155911567779543,0.000471192649394669,0.000510142041784148,0.021248318526231,0.000818887225359284,0.00887001162781861,0.00182587151640434,0.0016083249101314,0.000612740441249117,0.000529141745388772,0.0387280458424849,0.00277585669663553,0.000584240885842181,0.000189047050866006,0.00342279660437297,0.0205529293743018,0.165876912320168,0.00524581816523662,0.00579300962904979,0.00105638352041708,5.0349214552253e-05,0.000294495405871668,0.00400988744575585,0.00111813255713211,0.00453712922078416,0.000369544235109932,6.07990515347961e-05,0.000459792827231895,0.000384743997993631,0.000740988440580327,0.00523726829861454,0.0032774488717976,0.000641239996656052,0.0014192778592654,0.00138412840759684,0.000473092619755132,0.000851186721487145,0.000718188796254778,0.00023179638397641,0.000778987847789575,0.0025554601348219,0.000270745776365889,0.000284995554069356,0.000736238514679171,0.00872751385078393,0.00907615841192877,0.00717238811074547,0.000280245628168201,0.00345699607086129,0.00123593071948078,0.000441743108807503,0.000118748147528899,0.000416093508941261,0.00226001474377,0.000982284676359049,0.00218021598863058,0.00598490663545649,0.00175842256860793,0.000955685091312576,0.0542641034799857,0.000497792234441143,5.98490663545649e-05,0.000445543049528427,0.00421698421504625,0.00512422006216703,3.70494220290164e-05,0.0042065343780637,0.000458842842051664,0.000905335876760323,0.00112763240893442,0.0231815383680015,0.00489337366337085,0.00167102393202666,0.000704889003731542,0.00389493923894787,0.0146934207826358,0.00164917427288134,0.00151047643656759,0.000788487699591886
0.000839016321721744,0.0026364972579661,0.000701818684207497,0.0015048566044832,0.000493623667839722,0.000731081117383612,0.0010947028279983,0.00187423485932925,4.94103379859003e-05,0.00175814455066335,2.06276168290652e-05,0.000796321952005772,0.00220427672859429,0,0.00034443322984346,0.00137533435927744,0.00298956530415661,8.82670115476277e-05,0.00454383224662571,0.000302218572146769,0.225920375480192,0.000189006535596551,1.82290567326622e-05,0.000251848810122307,0.000493623667839722,0,0.0334450422722231,0.000726763709210087,0.00472228511779808,0.00085196854624232,5.75654423136703e-06,0.00012280627693583,0.000528162933227925,0.00103713738568463,0.000116090308665902,0.00190205815644752,0.00417253514370253,4.17349456774109e-05,0.000225464649061875,0.0014233055612055,0.00057373557505958,0.0291549776837969,0.0815136257401956,0.000519528116880874,0,0.00688674574879208,0.013432895963895,0.000724365149113684,0.000416390032735548,0.00219324335215084,0.000673035963050661,6.23625625064761e-06,0.00087643385922563,0.00192364519731515,0.000626503897180445,0.00016358179857468,0.000612112536602027,0.00552580275009306,0.00181475056893845,0.0024436530262153,0.000539196309671378,0.0059623406876384,0.00074547247796203,0.000265280746662164,0.00356953713546684,0.000560783350539004,0.000709014364496705,6.66799706800014e-05,0.000381850767347346,0.00368850571624842,0.00301594946521704,0.139031576563957,0.00400271708887721,0.000443733617834542,1.29522245205758e-05,0.000246571977910221,0.000650969210163755,0.000792004543832247,0.00246476035506365,2.63841610604322e-05,5.51668822172673e-05,0.000568458742847494,0.000302218572146769,0.00227191612331285,0.005799238601083,0.00263745668200466,0.00608898466072847,0.0106510459640868,4.22146576966915e-05,0.000231700905312523,0.000713811484689511,0.000812152448642031,0.000212512424541299,0.000433179953410369,0.00453088002210513,0.000635618425546776,0.00020483703223281,0.000279672107240581,0.0010452924900124,0.00819635956142808,0.0894528596592893,0.000260963338488639,0.000710933212573828,0.00277705287961531,0.000382330479366627,1.19928004820146e-05,0.0011018985082875,0.00247627344352638,6.76393947185626e-05,0.00615710376746632,0.00277993115173099,0.0546953253023145,0.000331001293303604,0.00392500374175375,0.000251848810122307,9.64221158753977e-05,0.000246571977910221,0.00850433467780622,0.0068493282112882,1.15130884627341e-05,0.0590563872695943,0.000242734281755976,0.00187903197952205,0.000350189774074827,0.0578259259401396,0.0012923441799419,0.000630341593334689,0.000832300353451816,0.00667279418819294,0.0214987738560787,0.000945512390002034,0.00371297102923173,0.000457645266393679
0.000351445502558668,0.00264974611389434,0.000192147710922125,6.56998385711638e-05,0.000176894383663006,6.53903507717034e-05,0.0208861820594698,0.00071345780284177,4.24882536116342e-05,0.000809089532875032,7.11821938758908e-06,0.000433194494158993,9.14315384691566e-05,5.34971767638682e-06,7.19338071031518e-05,0.000510389593852971,0.00179025428225004,4.12503024137926e-05,2.96666162054178e-05,3.64311352507665e-05,0.00292253750284729,0.00110478301898805,4.99601733414637e-06,0.00519293999968874,3.24962189433415e-05,4.8633797058062e-06,0.00025108303044794,0.00032133676092545,0.215563292554042,0.0208301647677674,1.2556362149536e-05,0.000205544111384482,0.000526438746882132,0.00335537829666404,8.79829601323122e-05,0.000228755696344012,0.000161994756746127,1.04341600960933e-05,0.000636881678746712,0.000128437436776064,0.000103368925019772,0.00390051894914214,0.00375280484371397,7.71066746084184e-05,1.00804597538529e-05,0.000115041036313707,0.00122101779395682,2.22831215611484e-05,0.00098801769350592,0.000123131931642457,0.000265938444822039,1.4148013689618e-05,0.0451868987978433,0.0014392066925764,2.56874873552128e-05,0.000621186226059792,4.26651037827544e-05,0.00038425120930147,0.000156291338727499,0.00322517235817677,0.000242373159520269,0.000798611160236159,9.8770820570646e-05,0.00022729668243227,9.70907439450038e-05,0.00217733509428944,0.00106751184542446,1.27774248634363e-05,0.000185869529847357,0.000175744857550724,0.000386417623897693,0.000388097700523335,0.459981414815517,0.00030590658349521,0.000427004738169785,0.000143292851150163,0.00057264085408729,0.000537978220547726,0.00183937441727869,0.000104076325704253,2.25926093606088e-05,0.00151454486547361,0.000149615244767711,3.96586508737106e-05,0.0175754584310136,0.0273482873122028,3.85533373042092e-05,0.0001414359243534,0.000114245210543666,0.00437783756099562,0.000307365597406952,0.000951586558255154,6.87062914802076e-05,0.00019568471434453,0.000839330912136591,0.0168646533807386,0.000191130822438184,9.28463398381184e-06,0.00169687739189856,0.00155725418179915,0.000315765980535163,3.07719297749193e-05,0.000141833837238421,0.000104341600960933,0.0128109821834064,0.00180979622615883,2.99318914620982e-05,0.00922790929142503,1.93650937376647e-05,0.00133681044349779,0.00358484139369253,0.000119506503134492,0.000183260989823334,0.001032628149171,0.050806401410274,0.0108451156812339,1.45901391174186e-05,0.00207330298112796,0.00299867150151455,1.83482052537234e-05,0.000247722877196656,2.42284734434709e-05,0.000240693082894627,0.000493279339797089,0.00332615380588642,0.000559598153967174,0.000353567704612111,0.000393801118541962,0.000599654717725905,0.00713683286809948,0.000271597650297886,0.000634140501094349,0.00221358937936908
4.13608982000644e-05,0.00168219872268481,0.000743362992308006,7.36563940549091e-05,0.000328054247367634,0.000360349743222479,0.000299158277392246,0.00293889012279087,0.00010651847755633,0.00405393461125288,0.00284936927463183,0.00552026344059215,9.91528381508392e-05,0.000905973646875382,4.53270117260979e-05,0.0012272288424841,0.000121249756367312,0.0207138777711802,2.2663505863049e-05,6.91236928822993e-05,0.00157114754395587,0.000177341933378358,0.000956399947420666,0.000174508995145477,2.20969182164727e-05,0.000393211826723899,0.000163177242213953,4.75933623124028e-05,0.00211110557114301,0.000428906848458202,0.0120960796667558,6.23246411233847e-05,0.0034958457793753,0.0012249624918978,0.0312331440175144,0.00027309524564974,0.000528059686609041,0.00276098160176594,7.47895693480616e-05,4.41938364329455e-05,0.000389812300844442,0.000568287409515953,0.00258987213249992,0.00229921266980632,6.79905175891469e-06,0.000248165389200386,0.00068727081529696,6.74239299425707e-05,0.00019207321218934,0.000147312788109818,9.23537863919245e-05,8.66879099261623e-05,0.000653842144148963,0.000835716778699931,4.13608982000644e-05,0.000108218240496059,5.21260634850126e-05,0.000168276531033139,5.0426300545284e-05,0.234639242313672,0.00016657676809341,0.000164310417507105,7.47895693480616e-05,1.69976293972867e-05,0.00031955543266899,0.000224368708044185,0.000223235532751032,0.00179834919023294,0.00109238098259896,4.41938364329455e-05,0.000609081720069441,0.000513894995444635,0.00092580421450555,0.345438856127532,1.69976293972867e-05,1.52978664575581e-05,0.022425539051487,0.00241366337441471,0.00216493139756775,0.00151335560400509,0.000423807559639016,0.00143516650877758,0.00650159324446217,8.72544975727385e-05,0.000527493098962465,0.000214170130405813,3.73947846740308e-05,9.97194257974155e-05,0.0108467539060552,0.000445337890208912,0.00621206695706172,0.000121249756367312,0.000718433135858652,0.0449054705170452,0.000558088831877581,0.000179041696318087,0.0032289829978379,0.000260063729778487,0.00136774257883501,0.000926937389798703,0.000128048808126227,0.000321255195608719,0.00248052071671071,6.0624878183656e-05,0.000154678427515309,5.09928881918602e-05,4.13608982000644e-05,0.000144479849876937,0.00929317057914323,0.000902574120995925,0.000936569379790498,8.8387672865891e-05,0.000781324364628613,0.0038510962337786,0.000385279599671832,2.15303305698965e-05,0.000594350441258459,0.00113997434491136,0.000886143079245215,0.000144479849876937,9.80196628576868e-05,0.000143346674583785,0.000199438851594831,0.112796268680395,0.000656675082381844,0.0363652949202018,0.0195212107751372,0.000722965837031262,0.000645909917096896,0.00129918547359928,0.00110427932317706,0.000304257566211432,0.000512195232504907
0.00146658667103007,0.015514305280318,0.000466641213509566,4.54520662509318e-05,0.000145446612002982,4.54520662509318e-05,0.00534819312885964,0.00273924452605615,0,0.000542394657261119,0,0.000475731626759753,0.00015756716300323,0,0.000378767218757765,0.000490882315510063,0.00125144689077565,0,4.54520662509318e-05,9.09041325018635e-05,0.00313013229581417,0.00742989776315231,0,0.129299007932901,0.00015756716300323,0,0.00011514523450236,0.000812076917016648,0.0559878552078978,0.13611681787054,3.93917907508075e-05,3.63616530007454e-05,0.000369676805507578,0.0364737680974977,0.000209079504754286,0.000112115096752298,0.00136053184977789,4.54520662509318e-05,0.00725414977364871,7.27233060014908e-05,0,0.00320588573956572,0.0032392172548164,0.000272712397505591,0,0.000360586392257392,0.00162718397178336,0,0.000854498845517517,0.000136356198752795,0.000645419340763231,9.09041325018635e-05,0.0383948754310371,0.00502093825185293,0.000136356198752795,0.0143598227975444,7.27233060014908e-05,0.000136356198752795,0.000445430249259131,0.0051754752771061,0.000542394657261119,0.000851468707767455,4.54520662509318e-05,0.00142719488027926,0.000130295923252671,0.0135568362937779,0.0304104624596234,0,0.000190898678253913,0.0010878194522723,0.000551485070511305,0.00035755625450733,0.103336787690368,0.000318164463756522,0.0560333072741487,3.93917907508075e-05,0.000778745401765964,0.00180293196128696,0.0119781345259956,0,4.54520662509318e-05,0.0181141634698713,0.000245441157755032,9.09041325018635e-05,0.0164566781205874,0.00916616669393791,0,0.000203019229254162,0.000318164463756522,0.133026077365477,0.000503002866510312,0.00122720578877516,4.54520662509318e-05,0.000272712397505591,0.00121811537552497,0.00340284469331976,0.000181808265003727,0.000484822040009939,0.00634510844863007,0.00322103642831603,0.000118175372252423,4.54520662509318e-05,0.000290893224005963,3.93917907508075e-05,0.00439369973759007,0.000493912453260125,0,0.00770867043615803,0,0.00140598391602882,0.0121811537552497,7.87835815016151e-05,0.000839348156767207,0.00181202237453715,0.0115933070317377,0.00177869085928646,4.54520662509318e-05,0.00229078413904696,0.00239077868479901,0,0.000172717851753541,0,0,0.00087267967201789,0.00126962771727603,0.000590876861262113,0.000524213830760746,0.000781775539516027,0.000218169918004473,0.00818137192516772,0.00280287741880746,0.00141810446702907,0.0352526225842227
0.00209494637305223,0.00492346891844657,0.000988833084975256,0.000351840609305149,0.000795665691631253,2.75953419062862e-05,0.000416229740419817,0.00172010964549184,5.51906838125724e-05,0.00257786485641224,3.44941773828578e-05,0.000761171514248395,0.000204665452471623,0,0.000174770498739813,0.00081176297440992,0.00974115569291903,0,0.000926743565686112,0.000172470886914289,0.0196317861544971,0.000225361958901337,0,0.00159133138326251,0.000103482532148573,0,0.000292050701841529,0.114088341887889,0.00422438692348732,0.00311137479993377,0.000965836966720018,0.000512813437091819,0.00114980591276193,0.00142345971999926,0,0.0211311330647387,0.00450493956620122,0,0.000181669334216384,0.00011957981492724,0.000269054583586291,0.0948451901319057,0.10193259377817,0.000724377725040013,0,0.00109231561712383,0.00624574571812278,0.00859134978015711,0.020868977316629,0.0278551980425704,0.0466453262689258,0,0.00354370182313225,0.00194087238074213,0.000294350313667053,0.000361039056607245,0.00348161230384311,0.000827860257188587,0.0176978126092316,0.00796815497544015,0.000607097521938297,0.0027089427304671,0.000722078113214489,0.0471259451404603,0.000540408778998105,0.00271354195411815,0.00111761134720459,0.000133377485880383,0.000317346431922291,0.0023433044502088,0.00248128115974024,0.00157293448865831,0.0047142042423239,0.000420828964070865,6.2089519289144e-05,0.152158415659437,0.0012923818459444,0.00115210552458745,0.00272274040142024,0,0,0.000446124694151627,0.000140276321356955,2.75953419062862e-05,0.0403811836561988,0.0187395367661939,0.000147175156833527,0.000121879426752764,0.000223062347075814,0.00243528892322976,0.000229961182552385,0.0526404142980665,8.96848611954302e-05,0.000275953419062862,0.0106816969295583,0.000634692863844583,0.000200066228820575,5.51906838125724e-05,0.00355290027043435,0.00342412200820501,0.000634692863844583,0.000632393252019059,0,6.2089519289144e-05,0.000142575933182479,3.44941773828578e-05,0,0.0185762643265817,0,0.0032976433578012,0.00253417223172728,0.00181669334216384,0.000287451478190481,0.00226051842448995,0.00048981731883658,3.44941773828578e-05,0.000206965064297147,0.0099688172636459,0.00560875324245267,5.51906838125724e-05,0.000956638519417922,0.0022559192008389,0.000239159629854481,0.000312747208271244,0.0266203064922641,0.00203515646558861,0.00111531173537907,0.000827860257188587,0.00137056864801222,0.0083199955847453,0.0013590705888846,0.00273883768419891,0.000630093640193535
0.000132156412498342,0.00406438073055086,0.00295589842621291,0.000232986860552632,0.00205038226650205,0.00110570865123613,0.000588014457585215,0.0038630461465719,0.000404300728606039,0.0340854229682298,0.000269207506941067,0.0449436222375843,3.98100798143153e-05,0.000165929717914585,0.000157282446479508,0.00572596209460409,0.000146350990137053,0.00207518198835359,4.0789016203192e-06,0.000272470628237322,0.0043102569202237,0.000140640527868606,0.00317925907894159,0.000598619601798045,0.000166419186109023,0.000167887590692338,0.000217650190460232,6.36308652769794e-05,0.00364458017578761,0.000475926241058844,0.00521055208586055,0.000156629822220257,0.0391802974041381,0.00097143120989522,0.00312786491852557,0.000317012233931208,0.000742196938833281,0.000282423148190901,0.00012611963810027,1.06051442128299e-05,0.00119642342327203,0.00110978755285645,0.00410402765430036,0.008947641750397,4.48679178235111e-05,0.00036840639434723,0.00134603753470533,8.40253733785754e-05,7.74991307860647e-05,5.15573164808346e-05,0.00016266659661833,4.24205768513196e-05,0.00134016391637207,0.000889853177488836,1.68050746757151e-05,0.000136398470183474,4.27468889809452e-05,0.000483268263975418,6.16729924992262e-05,0.050315209359415,0.000592909139529598,0.000397448173883902,0.000138193186896414,8.0109627823069e-05,0.00042502154883726,0.000373627388421238,0.000365959053375038,0.00122644413919758,0.00333050475102303,0.000444926588744418,0.00109559297521774,0.00034425929675494,0.0023628261306185,0.00927705384525398,4.01363919439409e-05,5.0578380091958e-05,0.282025047392758,0.00467295285230248,0.00411577489096688,0.000289275702913037,0.000100014667730227,0.00165668668210884,0.00113295571405986,5.57993741659666e-05,0.00200355647590079,0.000342790892171625,4.87836633790176e-05,0.000278996870829833,0.00133298504952031,0.000574798816335381,0.00239284684654405,9.95251995357884e-06,0.000331043655505106,0.00310959143926654,0.000819859225684158,0.000619503578094079,0.00140738421507494,0.000777764960962464,0.0030311133720916,0.00116313958605022,0.000195787277775321,0.0015078883509996,0.00246822494848755,1.46840458331491e-05,0.000302165032033246,0.000155487729766568,8.48411537026393e-06,0.000470542090920022,0.000650503230408505,0.000739912753925902,0.0049300868104474,7.83149111101286e-05,0.00176175918784827,0.0127911091691914,0.000366448521569476,1.58261382868385e-05,0.00176126971965383,0.00113181362160617,0.00143071553234316,0.000144719429488925,0.000166092873979398,7.0972888193554e-05,0.000243592004765462,0.00504870126956629,0.00231502140362836,0.29505110129528,0.0864722248825725,0.00126543843868783,0.000398590266337592,0.00490626602498474,0.00170579665761749,0.000898826761053538,0.000499747026521508
0.000358005493117876,0.0178382943767235,0.015746691224425,0.000451438451270087,0.0126227001384843,0.00124238081978633,0.000814994417149481,0.0794207896657598,0.00534418019054773,0.0138937584008718,0.000178540207162145,0.0322056931199115,0.000109159297643177,1.38761819037937e-05,0.000536545700280021,0.0064755515551037,0.000575399009610644,0.000791867447309825,5.92050427895196e-05,0.000251621431855458,0.0114571008585656,0.000675307519317958,0.000495842233362227,0.000794642683690583,0.000302500765502702,2.22018910460698e-05,0.000731737325726719,0.000532845385105676,0.01030260252417,0.00149492733043537,0.00101943683053204,0.00145329878472399,0.00794735191569942,0.00386497919960333,0.000666981810175682,0.000597600900656713,0.00328495479602475,0.000222943989254285,0.00152267969424296,0.000110084376436763,0.000812219180768722,0.00595750743069541,0.012024174159034,0.00325072688066206,0.000227569383222216,0.00117485006785453,0.00195654164843491,0.00014523737059304,0.000173914813194214,0.000544871409422297,0.000424611166256086,8.04818550420032e-05,0.0086208092774302,0.00314434281939964,9.62081945329693e-05,0.000802043314039273,0.000428311481430431,0.00148197622732516,0.00041628545711381,0.012384029809739,0.00321094849253785,0.00178447699282786,0.000132286267482833,0.000519894281995469,0.000255321747029803,0.00202314732157311,0.00153933111252751,0.00021184304373125,0.0023802277358974,0.000864023593209552,0.00167901801035903,0.000972257812059142,0.00474010373833591,0.00312584124352792,0.000103608824881659,0.000508793336472434,0.0287468235106925,0.145006100894644,0.0252268987010969,4.99542548536572e-05,0.000175764970781386,0.00631828816019404,0.00226921828066706,0.000308051238264219,0.00322389959564806,0.00179927825352524,0.000139686897831523,0.000390383250893395,0.00128585952308488,0.00196116704240284,0.00412492634060106,0.000686408464840993,0.000376507068989601,0.00267070247708349,0.00140704484504468,0.000443112742127811,0.00118317577699681,0.0813505040291807,0.00954311283463569,0.00647185123992936,0.000252546510649045,0.00669201999280289,0.00249308734871493,0.00019704178303387,0.000798342998864928,0.000178540207162145,0.000177615128368559,0.000950055921013072,0.00018964115268518,0.00261334759188114,0.034791288347985,0.00040888482676512,0.124068792559406,0.0193184204464615,0.000681783070873062,6.38304367574508e-05,0.000459764160412363,0.00203054795192181,0.00386497919960333,9.34329581522106e-05,0.000399634038829257,0.00050231778491733,0.00116282404353791,0.000702134804331959,0.00405832066746285,0.0473640342316157,0.0116125140958881,0.0332140290049205,0.00374934435040505,0.0114173224704414,0.0431678768239085,0.000761339847121479,0.00177707636247917
0.000722095028362823,0.0276726433700083,0.00189758219023132,0.000112644008324392,0.0013925615529103,0.000348727075770931,0.00179010103228847,0.0595337664495453,0.000704025052027451,0.00567420724432391,8.40136562086092e-05,0.0024089390530206,8.87071565554589e-05,0.000110297258150967,0.000554302390962947,0.00270040542455996,0.00054515006528659,0.000401763629690332,6.68823799426079e-05,9.01152066595138e-05,0.00604968727207189,0.00133107669836657,5.79647292835935e-05,0.00338682985028673,0.000117102833653899,6.19542045784157e-05,0.00036937847729707,0.0003684397772277,0.00971155624268401,0.00318735608554561,0.000360695501655398,0.00125903146804243,0.00477798335309297,0.00950973572776947,0.000195014939411604,0.000689005850917532,0.00231741579625703,6.75864049946353e-05,0.00895120918649436,0.000103257007630693,0.000402937004777045,0.00376160585298267,0.00986691110416473,0.000851400962918531,0.000390733903875235,0.000445647857933377,0.00237725792567936,7.93201558617595e-05,0.000444943832881349,0.000190790789099439,0.000183046513527137,3.70786527401124e-05,0.00576925062634762,0.00577535217679853,9.99715573878981e-05,0.00268961037376221,0.000125081784243544,0.000476390285205242,0.000349900450857643,0.00555405363544456,0.00294493679263083,0.00139678570322246,0.000447055908037432,0.000354359276187151,0.000489532086176421,0.00395826351751567,0.0310289654680406,0.000128601909503681,0.00127686676936045,0.000277620545516158,0.000702617001923396,0.000474512885066502,0.0104653323983881,0.00149018636012477,0.000550078240650782,0.00017764898812826,0.00371584422460089,0.00491714563837706,0.277697753596864,0.000143151760578915,9.29313068676236e-05,0.0358801674265444,0.000562516016569934,0.000141978385492203,0.00497323296752192,0.00267881532296445,4.9985778693949e-05,0.000240541892776046,0.000843891362363572,0.00736856086953665,0.00102928462606413,0.000454800183609734,0.000155589536498067,0.00101379607491953,0.00178517285692427,0.000741573054802249,0.000348492400753588,0.000930955793797633,0.0131291285202426,0.00390733903875235,0.000379000153008111,0.000729839303935125,0.000796956358895075,8.42483312259517e-05,0.000455034858627076,0.000163803162105054,0.000110297258150967,0.00186590106289009,0.000158640311723519,0.00171547437677356,0.290126377190339,0.000141978385492203,0.00162465514506202,0.00449543463221262,0.00101238802481548,0.00021261556571229,0.000383458978337618,0.00267506052268697,0.0026602759965944,3.26198274106052e-05,0.000277620545516158,0.000137050210128011,0.000272927045169309,0.000409038555227949,0.00347835310705029,0.00467355297037556,0.00244296693053526,0.0191170962627534,0.00115859056061984,0.0112242714044737,0.0215980805460982,0.00117994598719801,0.00559793786368761
2.08314382511035e-05,0.00138390188114831,0.000582585889755862,2.84696322765082e-05,0.000145820067757725,0.000134709967357136,0.000145125686482688,0.00066730040531035,0.000101379666155371,0.000598556659081708,0.00117072682971202,0.00146375572777754,1.66651506008828e-05,0.0362946148648977,4.93010705276117e-05,0.000165957124733792,5.20785956277589e-05,0.00146375572777754,2.08314382511035e-05,2.98583948265817e-05,0.00104921010658058,9.0269565754782e-06,0.000221507626736734,0.000197898663385484,9.0269565754782e-06,0.0102782316330945,4.79123079775382e-05,8.33257530044142e-06,0.00252129840965857,0.000169429031108975,8.4020134279451e-05,9.09639470298188e-05,0.000309694048666406,0.000599945421631782,0.00147972649710339,5.62448832779796e-05,0.000259698596863758,0.00048815003635086,8.88808032047085e-05,1.04157191255518e-05,0.000204148094860815,0.000393714182945857,0.000520785956277589,0.000418711908847181,1.04157191255518e-05,1.80539131509564e-05,8.47145155544877e-05,4.16628765022071e-05,0.000193732375735263,0.000102074047430407,2.49977259013243e-05,0.00361217139274135,0.000301361473365965,0.000610361140757334,5.41617394528692e-05,5.90224083781267e-05,0,0.000299278329540854,1.04157191255518e-05,0.00616263381595147,0.000219424482911624,6.04111709282003e-05,1.04157191255518e-05,4.58291641524278e-05,0.000113878529106033,0.000511064618427074,1.73595318759196e-05,0.000467318598099756,0.000186788562984895,0.000368716457044533,5.55505020029428e-05,6.94381275036785e-05,0.000622165622432959,0.00316429547034263,5.13842143527221e-05,9.0269565754782e-06,0.00278099700652232,0.000504815186951743,0.000916583283048556,0.351879099887441,0.0232624670950073,0.000462457929174499,0.0133682283070082,2.98583948265817e-05,0.000845062011719767,0.000341635587318098,0,1.04157191255518e-05,0.196664053478468,0.00159429940748446,0.167777098055663,0,0.0541409080146181,0.00750278967677246,2.5692107176361e-05,0.000705491375437373,0.0691485705119881,2.98583948265817e-05,0.0010325449559797,0.000114572910381069,0.000113184147830996,3.68022075769496e-05,0.000409684952271703,8.33257530044142e-06,0.00023331210841236,4.58291641524278e-05,0,0.000227062676937029,0.000483983748700639,4.30516390522807e-05,0.000335386155842767,3.12471573766553e-05,0.000236784014787544,0.00052703538775292,8.19369904543406e-05,2.70808697264346e-05,6.66606024035313e-05,8.95751844797452e-05,0.000268031172164199,0.015214588117331,2.77752510014714e-05,7.56875589790095e-05,4.30516390522807e-05,0.0007041026128873,0.000308999667391369,0.00305666637271193,0.00144014676442629,0.000120127960581364,9.72133785051499e-05,0.000250671640288279,0.000236089633512507,1.80539131509564e-05,0.00039301980167082
0.000101274895122056,0.00156391809198098,8.76417361633175e-05,0.000185021443011448,0.00109649549910995,5.45326358349531e-05,0.000264872802626915,0.000872522173359249,0,0.000364200103612008,0.000107117677532944,0.00103417248672715,0.00031356265605098,0.00266430877936485,0.000759561713415418,0.00542794485971479,0.00013438399545042,0.00122503671214948,5.25850416979905e-05,2.92139120544392e-05,0.00340439455141064,2.33711296435513e-05,0,0.000142174371998271,0.00143342928480448,0.00723920740709002,0.000188916631285373,0,0.000222025731613738,2.33711296435513e-05,5.25850416979905e-05,0,0.000496636504925466,0.000196707007833224,0.000175283472326635,0.0012970976952171,0.000354462132927195,0.000539483575938643,0,2.33711296435513e-05,8.17989537524296e-05,0.000233711296435513,0.00388350270910344,0.000457684622186213,0,2.33711296435513e-05,0.000560907111445232,0,2.53187237805139e-05,4.67422592871026e-05,0,0.0745071613036416,0.000144121966135233,0.000235658890572476,2.33711296435513e-05,0,0.000208392572654999,0.000475212969418877,0.00102832970431626,0.00670946180183619,8.17989537524296e-05,5.25850416979905e-05,0,0,0.000329143409146681,0.000105170083395981,8.17989537524296e-05,0.000582330646951821,0.00135552551932598,0.000301877091229205,0.00107507196360336,8.17989537524296e-05,2.92139120544392e-05,0.00474239172350396,0,0,0.000958216315385604,0.000681657947936914,0.000276558367448691,0.0623074316297078,0.40593509837298,0.000218130543339812,0.0113797925422725,2.53187237805139e-05,0.000146069560272196,4.67422592871026e-05,4.67422592871026e-05,2.53187237805139e-05,0.00926470530953114,0.000128541213039532,0.0844710529083423,0,0.147974307338145,0.00466643555216241,2.92139120544392e-05,4.86898534240653e-05,0.0651178099693449,0,0.00147627635581766,0,0.000264872802626915,2.92139120544392e-05,0.000196707007833224,2.33711296435513e-05,4.86898534240653e-05,0,0,0,0.000391466421529485,0,0.00133020679554546,2.33711296435513e-05,0.000204497384381074,0.00718077958298114,2.53187237805139e-05,0,0,5.06374475610279e-05,0.000299929497092242,0.0564529636539982,5.25850416979905e-05,0,0,0.00309083189535966,0.00173335878189672,0.000751771336867568,0.000683605542073876,0.000284348743996541,0,0.00126788378316266,0.000518060040432054,0.000227868514024625,2.92139120544392e-05
0.00116826427840538,0.00740998675596409,0.00132269247485515,0.000163839333075525,0.000665196247865383,0.000630546153925128,0.00312920292806127,0.0129475851023418,0.000177528259076614,0.00235834528262499,1.11222523758842e-05,0.0017761381486412,5.56112618794211e-05,0.000200200542765916,0.000302867487774078,0.00260816818214485,0.000944963673012625,0.000405106653844706,8.08502191939276e-05,8.85502400695397e-05,0.00307530278193199,0.0114803033466002,0.000148011512386767,0.00463926257755632,2.90889677523126e-05,6.03168301922952e-05,0.000148011512386767,0.000635251722238003,0.0286817222037802,0.0143827834377684,4.53445673786049e-05,0.000375162128217325,0.00181977160026967,0.106685500347357,0.000467134599787137,0.000686585194742084,0.00104591950227065,6.41668406301013e-06,0.0014993651760567,8.59835664443357e-05,0.000189506069327566,0.00230102290499543,0.0025961903718939,0.000533440335104908,8.08502191939276e-05,0.000305434161399282,0.0019207274295277,8.64113453818697e-05,0.000468845715537273,0.00029345635114833,0.000245117331206987,7.18668615057134e-05,0.0258382756059916,0.00252731796295092,3.76445465029927e-05,0.00138728709442279,8.42724506941997e-05,0.000878657937694853,0.000318267529525302,0.00400529419213092,0.00127905902322669,0.00101768609239341,0.000525740314229296,0.00019421163764044,0.000131328133822941,0.00249908455307368,0.0264324605502264,5.81779355046252e-05,0.000387139938468278,0.000446173431847971,0.000472267947037545,0.000447884547598107,0.0305254494245518,0.000869246801069105,0.00214531137173305,0.000174961585451409,0.0017508991913267,0.00303851379330406,0.0785628852149332,0.000165550448825661,2.60945151895745e-05,0.248819330132406,0.00042050669559593,3.63612096903907e-05,0.00428292272259049,0.00488437990876331,0.000104378060758298,0.000177528259076614,0.000408956664282512,0.0822328007200375,0.000961647051576451,0.00106773622808489,4.19223358783328e-05,0.00092528584188606,0.00101212496620546,0.00141423716748743,0.000334950908089129,0.000288323003897922,0.0048980688347644,0.00210424459372979,0.000170683796076069,0.000415373348345522,0.000434623400534553,0.00012063366038459,0.00255811804645337,0.000393556622531288,7.87113245062575e-05,0.00133509806404364,2.18167258142344e-05,0.00116954761521798,0.0941370329937339,0.000106516955445968,0.000516756956541082,0.00278141865184612,0.00407630549576157,0.000666051805740451,4.32056726909349e-05,0.00106901956489749,0.00216969477117249,2.69500730646425e-05,0.000156994870074981,6.45946195676353e-05,0.000359334307528567,0.000294311909023398,0.00164694890950593,0.00214787804535826,0.00118451987803167,0.00347057052021341,0.000710113036306454,0.00653047326039417,0.00508073044109142,0.000890635747945806,0.102992057000688
0,0.00112321097154622,0.000331512546096775,2.23391203569255e-05,0.000149225323984263,0.000195690694326668,5.54010184851753e-05,0.00133856009178698,7.05916203278847e-05,0.00187023115628181,0.00295769953525694,0.00176121624894001,7.95272684706549e-05,0.00214098129500774,7.32723147707157e-05,0.000963262869790629,0,0.0100722625865306,0,3.39554629425268e-05,0.00117146347151717,0.00010812134252752,0.000226071898012086,0.000177819398041127,1.16163425856013e-05,0.000829228147649076,0.00029398282389714,4.82524999709591e-05,0.00162986222124129,0.000493247777480916,0.00175138703598296,3.84232870139119e-05,0.000872119258734373,0.000368148703482133,0.00208468671170829,0.000317215509068343,0.000240368935040519,0.012350852862937,0,2.41262499854796e-05,0.000414614073824538,0.000416401203453092,0.00200515944323764,0.0011473372215317,3.48490277568038e-05,0.000114376296227459,0.00136268634177246,1.16163425856013e-05,2.32326851712026e-05,3.66361573853579e-05,2.68069444283106e-05,0.00116878277707434,0.000168883749898357,0.000263601620211721,0,0,0,0.000420869027524477,0,0.0162110528606137,6.88044906993306e-05,9.47178703133643e-05,3.57425925710809e-05,0,0.000226071898012086,0.000354745231267977,0.000183180786926789,0.000621921110736807,0.000310960555368403,3.39554629425268e-05,0.000233220416526303,9.65049999419183e-05,0.000532564629309105,0.0111338175858917,0,0.000145651064727154,0.00427838833075838,0.00153246365648509,0.00145919134171438,0.0161350998514002,0.00261457064657456,0.000556690879294584,0.430472168583512,0,0.000184967916555343,5.09331944137902e-05,2.68069444283106e-05,2.68069444283106e-05,0.023379229800744,9.02500462419792e-05,0.235540110784166,3.48490277568038e-05,0.00780260795826695,0.0810186281456832,0.000232326851712026,0.000173351573969742,0.0778196661105715,0.000136715416584384,0.00117950555484567,0.000488779953409531,0.00015011888879854,0.000520054721909226,0.000322576897954005,7.14851851421617e-05,0.000100972824013303,0,0,1.16163425856013e-05,0.00475733907121086,0.000122418379555952,0.00097487921237623,1.16163425856013e-05,0.000263601620211721,0.00255202110957517,8.84629166134251e-05,0,0.0003538516664537,0.000618346851479699,0.000701448379207462,0.0029398282389714,0.000117950555484567,1.07227777713243e-05,9.56114351276413e-05,0.00323559819249709,0.000468227962681159,0.00684738717180481,0.00249662009109,0.000410146249753153,0.000168883749898357,0.00118576050854561,0.000438740323810017,0.000503076990437963,5.18267592280672e-05
0.00173856875948893,0.0031647384450072,0.000585559616911203,0.000561412828584968,0.000413513750086778,0.000842119242877452,0.000418041272897947,0.00110622474019565,0.00014940825276858,0.00109566052030292,5.58394480044189e-05,0.000931160524830444,0.00447772006024624,0,0.000879848599637195,0.000916068782126547,0.00112131648289955,0.000140353207146242,0.00065196328480835,0.00204493113637804,0.021713999402367,0.000181100912446764,0,0.000393894484571711,0.000156954124120529,0,0.00290365129622978,0.000928142176289665,0.00174762380511127,0.000819481628821606,3.92385310301322e-05,0.000172045866824426,0.000789298143413813,0.00131147244096865,0,0.00339564210837682,0.00124657794734189,0,0.000792316491954592,0.00355410540676774,0.000888903645259533,0.00467240354112651,0.015583733516044,0.000291270634185212,3.77293567597425e-05,0.0909911351103357,0.014243586763938,1.96192655150661e-05,0.000304853202618719,0.000377293567597425,0.000119224767360786,0,0.00055084860869224,0.00115149996830734,0.000226376140558455,8.45137591418231e-05,0.000470862372361586,0.00692861907535911,0.000359183476352748,0.00190005040642063,0.000811935757469658,0.00135071097199878,0.00213397241833103,4.07477053005219e-05,0.0030772063373246,0.000372766044786256,0.000433133015601844,0.000205247700772999,0.000470862372361586,0.000935688047641613,0.0032824540380976,0.0143854491453546,0.0018170458215492,0.000280706414292484,0,0.000188646783798712,0.000639889890645232,0.00143069720832943,0.00157557793828685,7.54587135194849e-05,0.000122243115901566,0.000336545862296903,0.000114697244549617,0.0985868092132071,0.0018759036180944,0.00135976601762112,0.0095817474427042,0.0156410821383188,0.000344091733648851,0.000327490816674565,0.000339564210837682,0.000324472468133785,0,9.35688047641613e-05,0.00874113737409714,8.75321076826025e-05,0.000111678896008838,5.88577965451983e-05,0.00135222014626917,0.0956212817718913,0.0136459537528637,1.81100912446764e-05,0.000312399073970668,0.0148668757376089,5.88577965451983e-05,6.18761450859777e-05,0.0753953282001286,0.00115451831684812,0,0.0247806415197989,0.00137636693459541,0.00186684857247206,0.00103529354948733,0.00229847241380351,0.000224866966288065,3.77293567597425e-05,7.84770620602643e-05,0.0415958612404809,0.0439456455794776,0,0.00684712366475806,0.00316021092219603,0.0251624626102075,8.14954106010437e-05,0.00944441258409874,0.00127827060702008,0.000756096309465239,0.000431623841331454,0.183637834395289,0.0711545485003335,0.000304853202618719,0.00462712831301482,0.00118922932506708
0.000485552098360371,0.00652926308829006,0.000202893759098353,0.000155981147700612,0.000300004178770427,0.00014205191294386,0.00578010679255191,0.00124508961622856,8.22613297898762e-05,0.00109764998040709,1.9711181259555e-06,0.000501058227617888,0.000180291604587396,1.26151560061152e-05,0.000197374628345677,0.000683583766081367,0.0170077270458695,4.06050333946833e-05,0.000138241084567012,8.2786961290131e-05,0.00893626113583185,0.00059488345041337,1.5768945007644e-06,0.0138622167404697,8.85689077929338e-05,2.57559435124852e-05,0.000420768015953967,0.00203892458948837,0.0451053588919898,0.00911904949004546,6.32071879056397e-05,0.000648629271314423,0.00049475064961483,0.00226626021334857,8.17356982896214e-05,0.000648235047689232,0.00109213084965441,1.02498142549686e-05,0.0012239329483433,0.000162025909953542,0.000384499442436386,0.0179296846973164,0.0209206593416413,0.000263867013127909,9.5927748796501e-06,0.000295404903143198,0.00219372306631341,0.000255982540624088,0.0107180205138206,0.00069041697558468,0.00058529067553372,3.1537890015288e-06,0.00815477850282803,0.0112833371923446,0.000123654810434942,0.00148766855359615,0.00017332698720902,0.00098095978735052,0.000467286403726517,0.00248452869382937,0.000569258914775948,0.0014498230855778,0.000168859119456854,0.000847975017786056,0.00025217171224724,0.0237824600447785,0.00160265044427688,6.20245170300664e-05,0.000290937035391032,0.00073483283735621,0.000646658153188467,0.000598168647289962,0.06043329907092,0.000287783246389503,0.000413146359200273,0.00103023774049941,0.000768998884872772,0.000795149052010448,0.00280214152785834,4.77010586481231e-05,3.11436663900969e-05,0.000981879642475966,0.000169910382457364,7.27999627852898e-05,0.41291376726141,0.100597064821139,7.13544761595891e-05,0.000198031667720996,0.000140343610568032,0.00191894919955521,0.000409729754448616,0.00426536821669264,0.00019711181259555,0.00023903092474087,0.00123799359097512,0.00441372770763955,0.000191461273967811,5.05920318995245e-05,0.0032746842465874,0.00198057949296009,0.000642190285436302,4.53357168969765e-05,0.000411832280449636,0.000153615805949465,0.00217834834493095,0.000440216381463395,4.24447436455751e-05,0.118261437018702,5.63739784023273e-05,0.00185784453765059,0.0040233149108253,0.000305260493772975,0.000402239505569986,0.00162498978303771,0.00426786496631885,0.000707762815093088,9.48764857959914e-05,0.00332869288323858,0.00307021359298829,7.70050147873282e-05,0.000363999813926449,5.74252414028369e-05,0.000312225111151351,0.000293433785017242,0.0109230167989199,0.000696724553587737,0.00032851968765925,0.000442450315339478,0.000727211180602516,0.00819341241809676,0.000758486254867676,0.000985690470852813,0.00182827776576126
0.000385370932795039,0.0048105345793161,0.000239580657618958,0.000113120185500769,0.000357465231197376,8.75286152551078e-05,0.0121927497175739,0.000920479776601927,4.19266150833176e-05,0.000548449130424307,3.67538508847264e-06,0.000447716353925427,0.00014919340951726,1.83769254423632e-05,7.74553376052198e-05,0.000713705334031929,0.00760872776000661,4.77800061501444e-05,9.65128899158187e-05,5.52669017007368e-05,0.00599455307929888,0.000601810276893984,1.66072955849505e-05,0.00763568058398874,0.000103727534719117,5.25443942277941e-05,0.0005036638824944,0.00180148319484618,0.095049542149112,0.0147355716973024,5.58114031953253e-05,0.000331873660951715,0.00029266955334134,0.00214411076031602,7.81359644734555e-05,0.000638836378526005,0.000491820974987099,2.24606866517773e-05,0.0010645004219206,0.000215894842604356,0.000249653935268846,0.0105766692816351,0.0116633581394602,0.000330648532588891,3.68899762583736e-05,0.000254282197972848,0.00206025753014939,0.000148104406528083,0.00890967795595228,0.000552532891633721,0.000617873070984346,4.27433673252004e-05,0.0131091457329664,0.00276593146713614,1.52460418484791e-05,0.00123629064346328,6.00312897783865e-05,0.000674773477168848,0.000397894467170576,0.00314980502082106,0.000447307977804486,0.0013564893483937,0.000153413296100321,0.000766658104380664,0.000184313755918221,0.00799600444803271,0.00150908589225214,1.90575523105989e-05,0.000176418484246687,0.000337046425150306,0.000628082474007881,0.000768836110359018,0.148170155083554,0.00037012489094656,0.000423213786668943,0.000544229243841246,0.000859903985328952,0.000872019143583547,0.00181400672922172,2.0146555299776e-05,2.00104299261288e-05,0.000976018929049958,0.000200104299261288,8.80731167496963e-05,0.135471291226761,0.301907021197035,6.27537972513292e-05,0.000197517917161993,0.000189350394743165,0.00172593361247202,0.000290627672736633,0.00368205523178135,0.000110261552654179,0.000201057176876818,0.00135281396330523,0.0111679979047582,0.000293894681704164,4.66910031609673e-05,0.00212981759608307,0.00225015242638714,0.000561517166294432,5.73087823054438e-05,0.00017056509317986,0.000163214323002915,0.00419402276206823,0.00093504519158217,4.04292359731991e-05,0.0959411633465007,1.2115158254595e-05,0.00199369222243594,0.00267813060113373,0.00027129786967874,0.000403883983611049,0.00110438515639921,0.0101433822173163,0.00196496976859639,0.00013163323631678,0.00304199372489253,0.00435192819549891,3.85234807421392e-05,0.000438595953891069,9.43348839374645e-05,0.000329015028105125,0.000611611303796577,0.00838491464054258,0.000809945973200453,0.000539873231884537,0.000255915702456614,0.000749097931180184,0.00958826294358325,0.000486375960041213,0.00082342238519152,0.00131075122284826
0.00184820300599431,0.00152067335936241,0.000189759239715309,0.000803227466740144,0.000270341930553317,0.00121913812912986,0.000460101170268626,0.000774633608700851,0,0.0018689985391138,0,0.000324930204991968,0.000613468227024835,0,0.000304134671872482,0.000917602898897317,0.00096439284841616,0.00052508721126702,0.00290877519508809,0.000369120712870875,0.0572267077031854,9.61793406776224e-05,3.89916245990361e-05,0.00125553031208896,0,0,0.00651420074967897,0.000405512895829976,0.00353524063031261,0.000395115129270233,0.000629064876864449,0.000213154214474731,0.000953995081856417,0.00210554772834795,0.000356123504671197,0.00561739338390114,0.00111775990517237,3.11932996792289e-05,0.000109176548877301,0.000462700611908562,0.000668056501463486,0.0175020405616873,0.0287316284462098,0.00111516046353243,0,0.121219761995123,0.099069919781231,3.11932996792289e-05,0.000239148630874088,0.00206135722046904,0.000512090003067341,0.000181960914795502,0.000363921829591004,0.000998185589735325,0.00022615142267441,0.000215753656114667,0.000465300053548498,0.00171823092399753,0.00244607458317953,0.000850017416258987,0.000389916245990361,0.00566938221669985,0.0016220515833199,0.000428907870589397,0.00171563148235759,0.00118014650453083,0.00130751914488768,0.000314532438432225,0.00029893578859261,0.000761636400501172,0.00169223650759817,0.0466625768784865,0.00305954281020437,0.00143749122688446,0,0.000184560356435438,0.000896807365777831,0.000483496145028048,0.00181441026467515,0,3.89916245990361e-05,0.000254745280713703,0.000228750864314345,0.00862494736130679,0.00332988474075768,0.00240968240022043,0.053358738542961,0.024796073803347,0,0.000673255384743357,0.000436706195509205,0.000371720154510811,0,3.37927413191646e-05,0.0228464925733952,0.000319731321712096,3.37927413191646e-05,3.89916245990361e-05,0.000428907870589397,0.0463870360646533,0.0391085994728332,0,0,0.00132311579472729,0.00052508721126702,0,0.00584874368985542,0.00267482544749388,3.37927413191646e-05,0.0431559301062132,0.000363921829591004,0.0185132233596224,3.11932996792289e-05,0.000673255384743357,0.000184560356435438,0,0.000304134671872482,0.0671071853765811,0.0215441723117874,0,0.0174032617793698,0.00163244934987965,0.0131973652059538,3.37927413191646e-05,0.0146166603413587,0.000751238633941429,0.00010397766559743,6.75854826383293e-05,0.0752070455266209,0.0308891650073564,0.000553681069306313,0.0312998767864663,0.00275800757997182
0.000665340720746318,0.00321778661741725,0.000158639958327414,0.000963678552824738,0.000258085902353554,0.00112942179286831,0.000485390917270446,0.00109390538428754,0.000146801155467159,0.00214045555713406,0,0.000821612918501681,0.00567552209120614,0.00024861486006535,5.68262537292229e-05,0.00225884358573661,0.00219017852914713,0.000146801155467159,0.00175451058388976,0.000651134157314012,0.116238102003125,0.000189420845764076,0,0.00179002699247052,0.000277027986929962,0.000355164085807643,0.0333830563053464,0.000466448832694038,0.00290524222190652,0.000544584931571719,0,0.00134962352606904,0.00039778377610456,0.00139934649808211,3.07808874366624e-05,0.00216176540228252,0.0017426717810295,0.000246247099493299,0.000163375479471516,0.00502912345503623,0.000468816593266089,0.0197873751006298,0.0419827627030355,5.68262537292229e-05,0,0.0484278069801582,0.0255386655301416,0.000409622578964815,0.000904484538523465,0.00141118530094237,0.000895013496235261,0.000681915044750675,0.00174977506274566,0.00150352796325236,0.000156272197755363,0.000364635128095847,0.000426196902969172,0.010316332812426,0.000980252876829095,0.00569446417578254,0.000241511578349197,0.00341431074489748,0.00052090732585121,2.84131268646115e-05,0.00469290145380499,0.000423829142397121,0.00126438414547521,0,0.00163138703414311,0.00238670265662736,0.0027371312212909,0.0874792820949946,0.0029833783207842,0.00057063029786428,0,0.00125728086375906,0.000852393805938344,0.000144433394895108,0.000556423734431974,0.000433300184685325,7.10328171615286e-05,0.000203627409196382,0.000279395747502013,0.0229601742671781,0.00449164180518066,0.00315622484254392,0.0246791684424871,0.062267367523796,0.000265189184069707,0.000265189184069707,0.000940000947104229,0.000511436283563006,0.000291234550362267,0.000352796325235592,0.00641426338968604,0.000383577212672255,9.47104228820382e-05,5.68262537292229e-05,0.00171662641473694,0.0216460671496898,0.0783491973291661,0,0.000667708481318369,0.0158142728607283,6.15617748733248e-05,0,0.0156366908178245,0.00127622294833546,0.00027229246578586,0.0124875692569967,0.000279395747502013,0.0255907562627267,5.68262537292229e-05,0.00144906947009518,0.000329118719515083,0.000144433394895108,2.84131268646115e-05,0.0222687881801392,0.0131102902874461,3.07808874366624e-05,0.0734360941421603,0.000277027986929962,0.00529904816025004,0.00163375479471516,0.0280769048633802,0.00106075673627883,0.000217833972628688,0.000852393805938343,0.0482762703035469,0.0287209357389781,0.000182317564047923,0.00674101434862907,0.000217833972628688
7.31221516140125e-05,0.00145714432564155,0.000445621228314381,7.20624102862732e-05,0.000124519606009369,0.000115511804723585,0.000280831451850918,0.00138455204469141,2.75532745212221e-05,0.00129023506652261,0.012976002687504,0.00151066126269239,0,0.0316163227717746,1.43065079244807e-05,0.000556894067727009,8.63689182107539e-05,0.0051879636699478,0,6.88831863030553e-06,0.00132043769436318,2.17246972186559e-05,0.000160550811152506,0.00010809361542941,2.91428865128311e-05,0.00283321843971105,0.000111802710076497,4.13299117818332e-05,0.00116147649520229,0.000192343050984685,0.000366670499397802,3.07324985044401e-05,0.00140627674191007,0.000596634367517233,0.0103563221253324,0.000280301581187048,0.000437143297692466,0.000954297065629251,0.000155781975177679,1.32467665967414e-05,0.00027712235720383,0.000210358653556253,0.00123300903482469,0.000419127695120898,6.35844796643587e-06,4.7688359748269e-05,0.000294078218447659,4.39792651011815e-05,2.54337918657435e-05,1.48363785883504e-05,0,0.00113922192731976,0.000174327448413117,0.000268114555918046,6.88831863030553e-06,0.000130878053975805,2.86130158489614e-05,0.000377797783339065,0,0.0242585387332806,7.15325396224036e-05,0.000143594949908677,2.54337918657435e-05,7.94805995804484e-06,4.18597824457028e-05,0.000333288647574014,9.00780128578415e-05,0.000372499076700368,0.000283480805170266,7.10026689585339e-05,0.000134587148622893,0.000176446931068595,0.000583917471584361,0.0126331763679803,7.94805995804484e-06,2.86130158489614e-05,0.00572949148842259,0.000976021762847906,0.000703138370955034,0.0846616749317659,0.00274525990950869,0.000655450011206765,0.0128859246746462,0,0.000511855061298088,0.000121870252690021,0,6.19948676727498e-05,0.614386094498194,0.000244800246707781,0.0657272766290476,2.54337918657435e-05,0.00660907679044622,0.0206797922695049,0.000529870663869656,0.000110213098084888,0.0296097025677002,0.000135117019286762,0.00114293102196685,0.000313683433010836,0.000546826525113485,0.000194462533640164,0.000285070417161875,3.97402997902242e-05,6.88831863030553e-06,6.35844796643587e-06,0,0.000289839253136702,0.000819180046342488,0.000559013550382487,0.000972312668200819,1.96052145631773e-05,0.000372499076700368,0.000644852597929372,5.40468077147049e-05,2.86130158489614e-05,7.57715049333608e-05,0.000479532950802039,0.000578618764945664,0.00199496304946926,6.51740916559677e-05,0.000162140423144115,0.00026175610795161,0.00408424307710731,0.000370909464708759,0.00942004066227475,0.00473651386433086,0.000313153562346967,0.000285070417161875,0.00113180373802559,0.000520332991920002,0.000128758571320326,0.000219366454842038
0.000646104668956371,0.00323435495141762,5.02898370944544e-05,4.35845254818604e-05,0.000307007481690907,2.01159348377817e-05,0.00413095090418732,0.00252215506799425,4.40634763113314e-05,0.00145984212822759,1.72422298609558e-05,0.00097801759377977,3.11318039156146e-05,2.29896398146077e-05,0.00020259620086623,0.000426745189058656,0.00130849366611476,0.000134585183081349,4.88529846060414e-05,2.01159348377817e-05,0.00378083784784403,0.0237339294036056,2.58633447914337e-05,0.0112515128859326,6.22636078312292e-05,2.01159348377817e-05,0.000369750040351607,0.000435366303989134,0.057172839464782,0.0460243010071857,5.07687879239254e-05,0.000188227675982101,0.000714594637570723,0.111547648183795,0.000523014305782325,0.000345802498878058,0.000122611412344574,1.29316723957168e-05,0.00173954941263865,0.000122611412344574,9.05217067700179e-05,0.00316442813031486,0.00480675052457089,0.000249533382154388,0,5.79530503659903e-05,0.00150630035868628,5.36424929007513e-05,0.000622157127482821,0.000151827412942305,0.000210738364967237,1.19737707367748e-05,0.0434144979373983,0.00167728580480742,7.18426244206491e-06,0.0018626397758127,5.41214437302223e-05,0.000222712135704012,0.000174817052756913,0.00211456791211444,0.000310360137497204,0.00086259044387726,0.000175296003586384,0.000316586498280327,0.000127879871468755,0.00296566353608439,0.0194875513495158,4.69371812881574e-05,0.000430576795694424,0.000288807350171009,0.0002988653175899,0.000257196595425924,0.083220580325562,0.000839121853233181,0.0067436276789516,0.000251928136301743,0.000864506247195144,0.00117342953220394,0.00954501108052744,3.16107547450856e-05,1.19737707367748e-05,0.0442646356597093,0.000193017184276811,1.19737707367748e-05,0.00664352695559216,0.00794531531009432,6.22636078312292e-06,0.000102974428336264,0.000156137970407544,0.292198322043664,0.000536424929007513,0.00112313969510948,0.000112553444925684,0.000272044071139525,0.000631736144072241,0.00199722495889405,0.00025049128381333,8.71690509637209e-05,0.00243211231205371,0.00246180726348091,0.000247617578836504,3.59213122103246e-05,0.000377892204452614,0.000150869511283363,0.00502323629949179,0.000763447622176764,5.74740995365193e-06,0.00375545345388206,2.15527873261947e-05,0.000792184671945024,0.0107217932685377,0.000116864002390923,0.000308923285008791,0.00138177314302382,0.0100230040083395,0.00209397302644719,0.000128358822298226,0.00111020802271376,0.00100052828276491,5.55582962186353e-05,0.000116385051561452,2.01159348377817e-05,7.04057719322361e-05,0.00101345995516062,0.00193544030189229,0.000994780872811254,0.000814695360930161,0.000787874114479785,0.00022175423404507,0.00766225536987696,0.000582404208636729,0.000473682370346813,0.12316747425759
6.58281227714438e-05,0.00215337753126587,0.000486729150188857,0.000106222652653921,0.000426386704315033,0.000497201806084314,0.000407934882023038,0.00219676424854704,0.000113204423250892,0.00209403248119161,0.00175791009673742,0.00331883452306029,4.23893214816115e-05,0.0106112939115968,0.000133651037142022,0.0012272955313676,0.000141630203538561,0.00546124070053091,3.93971340829095e-05,1.84518222919956e-05,0.00277425641649653,0.000122679683346782,0.000114201819050459,0.000574998678450566,4.83736962790155e-05,0.00607763130466352,0.000347592436149214,0.000170554681726013,0.00153648822923347,0.000279270823878852,0.000997894497467114,0.000165069004828393,0.00087222262672163,0.00114002339890546,0.00223865487212887,0.000999390591166464,0.000355072904645969,0.00398060663607321,0.000142128901438344,2.69296865883179e-05,0.000367540352140561,0.00133351818402152,0.00275630329210432,0.00116396089809507,1.94492180915629e-05,0.000124674474945916,0.00139585542149448,5.18645815775011e-05,5.08671857779338e-05,0.000478749983792318,8.22851534643047e-05,0.00433567954071918,0.000754529922372685,0.000509669253578905,7.48046849675497e-06,0.000142128901438344,8.37812471636557e-05,0.000468277327896861,0.000320662749560897,0.0183221608380518,0.000245858064593347,0.000202970045211952,7.23111954686314e-05,3.69036445839912e-05,0.000160082025830556,0.00102432548615565,0.00043137368331287,0.00109414319212536,0.000439851547609192,0.00019598827461498,0.000387986966031691,0.000348091134048998,0.00119787235528036,0.00815371066146292,2.64309886885342e-05,3.14179676863709e-05,0.00567967038063616,0.00228403638100919,0.00187061582208853,0.0696441591005884,0.0157972533714472,0.00110960282701865,0.0911495086329594,3.24153634859382e-05,0.00115847522119745,0.000812877576647374,3.59062487844239e-05,5.73502584751215e-05,0.0306993440127826,0.000682218726904054,0.421822621136213,1.1968749594808e-05,0.0264743754058154,0.0243718650603275,0.000748046849675497,0.000143126297237912,0.159401801895252,0.000533108054868738,0.00144273302407414,0.000652296852917034,0.000144123693037479,0.000313182281064142,0.000471269515295563,7.97916639653864e-05,0.000222917961203298,2.84257802876689e-05,2.54335928889669e-05,0.00180229420981817,0.00153299734393499,0.000506677066180203,0.00231296085919664,5.53554668759868e-05,0.00135097261051395,0.00294580849402211,0.000100238277856517,2.04466138911303e-05,0.000264309886885342,0.000846290335932879,0.000746550755976146,0.00757921068091214,0.000279270823878852,0.000146118484636614,9.87421841571657e-05,0.00306699208366954,0.00125223042635678,0.00755377708802317,0.00396315220958078,0.000653294248716601,0.000226907544401568,0.00166664838107701,0.000795423150154946,0.000527123680071334,0.000723111954686314
0.00241716770886088,0.00659431912696345,0.000220824402286524,0.000275038776500581,0.000302807114512659,0.000182477649793655,0.00547300719199954,0.0022637806988894,3.30575452524737e-05,0.0015074240635128,0,0.00023933662762791,9.12388248968274e-05,0.000238014325817811,0.000971891830422727,0.00074181131546551,0.0172190141711085,3.57021488726716e-05,0.000206279082375436,3.96690543029684e-05,0.0153268002808569,0.00122180687253143,5.28920724039579e-05,0.00749612896145094,0.000329253150714638,0,0.000359666092346914,0.056287743452292,0.0367256104736882,0.00914239471502413,0.000612225738075813,0.000909743645348076,0.000204956780565337,0.00500755695484472,1.58676217211874e-05,0.00914636162045442,0.00247799359212543,3.57021488726716e-05,0.00106445295712965,0.00021421289323603,0.000809248707780556,0.0458838728104335,0.0367983370732436,0.000227435911337019,9.12388248968274e-05,0.000740489013655411,0.00333087825963925,0.00329385380895648,0.0656231942315906,0.00905512279555759,0.0137360712033079,0,0.0135192137064516,0.00382277453299606,3.30575452524737e-05,0.0012614759268344,0.000321319339854044,0.000609581134455615,0.00417318451267228,0.000924288965259165,0.000585779701873834,0.00110279970962252,0.000759001238996796,0.0239389519700314,0.000335864659765133,0.00793248855878359,0.00249782811927691,1.58676217211874e-05,7.27265995554421e-05,0.00122841838158192,0.00102081699739639,0.00103536231730748,0.0236930038333529,0.000111073352048312,0.000625448756176802,0.0455572642633391,0.000810571009590655,0.000466772538964929,0.00425648952670851,5.95035814544527e-05,1.58676217211874e-05,0.00172163695674883,9.12388248968274e-05,1.71899235312863e-05,0.1167936296788,0.07764291768539,0.000222146704096623,0.000366277601397409,3.57021488726716e-05,0.00265253743105849,7.40489013655411e-05,0.123365469674991,6.87596941251453e-05,0.000185122253413853,0.00573878985582943,0.00650836950930702,3.43798470625726e-05,0,0.00381748532575566,0.00497978861683264,0.000383467524928695,4.76028651635621e-05,0.00374343642439012,0.000327930848904539,0.00151535787437339,0.000358343790536815,7.6693504985739e-05,0.0826570861492852,0,0.00269485108898166,0.00435830676608613,0.000768257351667489,0.00023933662762791,0.00148362263093102,0.00222543394639653,0.000309418623563154,1.98345271514842e-05,0.0050273914819962,0.00501152386027501,1.71899235312863e-05,0.000445615710003345,0.000109751050238213,0.000384789826738794,5.95035814544527e-05,0.0156930778822543,0.000889909118196592,0.000259171154779394,0.00031470783080355,0.000889909118196592,0.0132904554933045,0.001002304772055,0.00164891035719339,0.00337054731394222
5.10891414287322e-05,0.00174858668580482,7.29844877553317e-06,1.82461219388329e-05,0.000104611099115975,0.000145968975510663,0.000256662115272916,0.00110997241794567,0,0.00107956221471428,0.000110084935697625,0.000838105201057059,5.35219576872432e-05,0.00768709117283031,7.17680796260761e-05,0.000316874317671065,5.29137536226155e-05,0.00112396111143211,3.95332642008046e-05,7.29844877553317e-06,0.00161478179158671,0.000107043915374486,9.12306096941646e-06,0.000371004479422936,1.52051016156941e-05,0.0394870406918929,5.35219576872432e-05,0,0.00243403266664031,0.00016603970964338,7.90665284016093e-05,6.02122023981486e-05,0.000485346843572956,0.00119025535447653,0.00027734105347026,0.000443988967178268,0.000392291621684908,0.000272475420953238,4.62235089117101e-05,1.64215097449496e-05,0.000102178282857464,0.000528529332161527,0.00117991588537786,0.000493861700477744,0,8.33239568540037e-05,0.00040810492736523,0,9.12306096941646e-06,7.90665284016093e-06,0,0.0530901328013575,0.00133561612592257,0.00033451223554527,2.37199585204828e-05,0.00012772285357183,3.77086520069214e-05,9.18388137587923e-05,0.000227468320170784,0.00622922602991756,0.000150226403963058,3.52758357484103e-05,7.29844877553317e-06,7.90665284016093e-06,0.000290721542892071,0.0002584867274668,0.000105219303180603,0.000470749946021889,0.000155700240544708,0.000147793587704547,7.11598755614484e-05,5.47383658164987e-05,0.000983465972503094,0.00143536159252152,7.29844877553317e-06,0,0.00166465452488619,0.000635573247536013,0.000642871696311546,0.0572727521538026,0.075156992674182,0.000333904031480642,0.00584544926513744,3.52758357484103e-05,0.000385601376974002,0.000394116233878791,0,2.55445707143661e-05,0.0222335077865325,5.77793861396376e-05,0.0578298670770017,0,0.444353889617044,0.00569948028962678,0.00025301289088515,0.000317482521735693,0.0271015731198132,1.82461219388329e-05,0.00130459771862655,0.00042695925336869,6.87270593029373e-05,7.90665284016093e-06,0.000232333952687806,7.90665284016093e-06,2.61527747789938e-05,0,9.12306096941646e-06,5.71711820750098e-05,0.00036978807129368,0.000447029987501406,0.000740792550716616,3.3451223554527e-05,0.000137454118605875,0.000554682106940521,0.000110084935697625,2.3111754455855e-05,0.000170297138095774,0.00250154331781399,0.000507850393964183,0.151534650906072,4.43988967178268e-05,0,0.000158741260867846,0.000982249564373839,0.000499943741124022,0.00163971815823645,0.00158923722087235,0.000440947946855129,0.000277949257534888,0.000871556424611586,0.000717072592196134,0.000192800688487001,0.00221933663182671
0.000186746918262692,0.00200215833163939,0.000627998486193123,0.000142125973191075,0.00112626570615951,0.00101058177449235,0.000292515084358376,0.00252934653452256,0.000118162873060022,0.00402662713581459,0.0138539771309393,0.00512066660386682,5.28840830478419e-05,0.00580981231108401,0.000124773383441002,0.00170881693348339,0.000314825556894184,0.0595631774740248,1.23947069643379e-05,8.09787521670079e-05,0.00324328165566843,0.000204925821810387,0.000661877351895646,0.000361925443358668,6.19735348216897e-05,0.000784998107741403,0.000344572853608595,5.94945934288222e-05,0.00225996823649762,0.000456951530085259,0.00723272467059,0.000152041738762545,0.00328790260074005,0.00208644233899689,0.0154710732328866,0.000101636597107571,0.000337962343227615,0.0215271270556621,0.000294167711953621,6.52787900121799e-05,0.00110643417501657,0.000731287710895939,0.00186746918262692,0.00317139235527527,2.14841587381858e-05,0.000209883704596123,0.000313999243096561,1.23947069643379e-05,0.000141299659393453,0.000203273194215142,4.95788278573518e-05,0.00128491795530303,0.000701540414181528,0.00061064589644305,0.000247894139286759,0.000126426011036247,0,0.000429683174763716,9.91576557147036e-06,0.107525735543227,0.000423072664382735,0.000164436445726883,6.03209072264447e-05,6.94103590002925e-05,0.000628824799990745,0.000245415197893891,0.000569330206561923,0.00335400770454985,0.00169476959892381,0.000413156898811265,0.00125351803099338,0.000361925443358668,0.000924645139539611,0.108381796637564,9.91576557147036e-06,3.30525519049012e-05,0.0135581567913905,0.00263015681783251,0.00288383515370263,0.0055784444477497,0.00105355009196873,0.00177740097868606,0.0770017038590507,9.99839695123261e-05,0.00165097496764981,0.000457777843882882,1.23947069643379e-05,7.93261245717629e-05,0.0403158501860032,0.00076103500761035,0.0404802866317301,0,0.00332839197682355,0.259807105307083,0.000285078260179773,0.000178483780286466,0.0166295651771534,0.000607340641252559,0.00133614941075563,0.0010527237781711,9.33734591313459e-05,0.000686666765824322,0.00251034131717725,7.43682417860277e-05,0.000311520301703694,2.31367863334308e-05,0.000101636597107571,0.000665182607086137,0.0462173833286233,0.000516446123514081,0.00142787024229173,9.50260867265909e-05,0.00034622548120384,0.00323915008668032,2.06578449405632e-05,0,0.000965960829420737,0.000521404006299816,0.000737071907479297,0.000461909412870994,0.000162783818131638,0,0.000373493836525383,0.0296307864689463,0.000781692852550913,0.0257933851927873,0.0110792153985229,0.000807308580277212,0.000733766652288807,0.0028094669119166,0.00178731674425753,8.01524383693854e-05,0.000325567636263277
0.00128757790944842,0.00520165676915204,0.000823743766071581,0.000261909540246313,0.000649466541364798,0.000355713145612571,0.00183460103968954,0.00185163379961131,8.49169480157699e-05,0.00180226348099749,1.9994979038597e-05,0.000683778912801403,0.000288322660704707,2.2463494969288e-05,0.000278448596981943,0.00138459058552457,0.00174277224706784,0.000132559305478106,0.0010520814896605,0.000169340192845402,0.0140266012213723,0.000198221829234486,1.77733147009751e-05,0.00075018199133699,0.000122685241755342,2.96221911682918e-06,0.000887678328676478,0.00140606667412158,0.0101883058007409,0.00196567923560923,9.38036053662574e-05,0.000369783686417509,0.000823743766071581,0.00176474203885098,0.000198962384013693,0.0314550642468299,0.00162378977920853,2.29571981554262e-05,0.000333249650643283,0.000172055560369162,0.000630458968698477,0.00676941123673389,0.020738249185328,0.000238952342090887,1.90075726663206e-05,0.00906858697457947,0.0667726153704119,0.000891381102572515,0.000979013418112044,0.00149048991895122,0.00129498345724049,1.20957280603858e-05,0.0036074891811118,0.00155837410704522,0.000196493868083002,0.000220191621017636,0.00166229862772731,0.00160922553521745,0.00186274212129942,0.00467734398547328,0.000802020825881501,0.00694294790666146,0.00128708420626228,0.000479632645333258,0.000295481356903711,0.000632927484629168,0.000537889621297566,9.89874888207085e-05,0.000343617417552185,0.000626262491616303,0.00127696329094645,0.00178177479877275,0.00728162829235227,0.000470499136389702,6.93652976524167e-05,0.000274992674678976,0.00178868664337869,0.000929889951091294,0.00224017820710207,4.09773644494703e-05,0.000146136143096906,0.00050925483650155,0.000110589513694956,0.000623793975685612,0.00617153667832053,0.00392370607183332,0.00125425294438409,0.00047642357462336,3.90025517049176e-05,0.000868177052824019,0.00033399020542249,0.000453713228061003,0.000130337641140484,0.000268080830073041,0.223703825483823,0.00131349732672067,0.000361884435439298,3.65340357742266e-05,0.00315747872694684,0.0199073467230574,0.00133670137646917,0.000193531648966173,0.000519622603410452,0.000664771340135082,0.000637617664897481,0.000115773397149407,0.000415204379542224,0.00288766993572231,5.52947568474781e-05,0.102936126903442,0.00332040077837244,0.000663537082169737,0.000437421022918442,0.00482051790945335,0.000564549593349028,0.000111576920067232,7.65239938514205e-05,0.189024385728325,0.0370919203745627,4.19647708217467e-05,0.00086521483370719,0.0292094553046803,0.00626311861934917,0.000418413450252122,0.00949391226943753,0.00168698378703422,0.000650453947737074,0.000556650342370817,0.0126780509684358,0.0556635531275233,0.00127671643935338,0.0312691849972488,0.00141026315120376
0.000315504558210591,0.00309443549592335,7.97064147058335e-05,6.47614619484897e-05,8.46880656249481e-05,5.89495358761894e-05,0.119741452317298,0.000686360793300233,8.96697165440627e-05,0.000592262942605846,3.07201806678733e-05,0.000228325667126086,7.72155892462762e-05,2.18639123672252e-05,0.000187918943004378,0.000152493869801786,0.00099217880805699,3.65321067401737e-05,2.73990800551303e-05,2.98899055146876e-05,0.00453883750408219,0.000353973973641531,0,0.00204579797744973,4.0129965737312e-05,0,0.000323807309742449,0.000734239993800612,0.38652684833087,0.00357488805123351,1.43914359885533e-05,0.000313290491135429,0.000383033604003033,0.00149836989311591,0.000142530567963556,0.000295301196149737,0.000275097834088884,5.64587104166321e-05,0.000424270603277926,2.10336372140394e-05,8.35810320873671e-05,0.00191655181193714,0.00333742935742238,6.31009116421182e-05,1.77125366012963e-05,0.000248529029186939,0.00109319561836126,2.21406707516204e-05,0.000718188007505687,6.53149787172802e-05,0.0002274953919729,0,0.0200074171247018,0.000695493819985276,1.1900610528996e-05,0.000477684971466211,5.39678849570748e-05,0.000349269081106812,6.86360793300233e-05,0.00186784233628358,0.000122880722671493,0.000383033604003033,0.00016854585609671,0.000267625357710212,2.18639123672252e-05,0.0011900610528996,0.000736454060875774,1.0793576991415e-05,5.45214017258653e-05,9.52048842319678e-05,0.000139209467350813,0.000175464815706592,0.0555830468884055,0.000272607008629326,0.00036864216801448,0.000176018332475382,0.000404343999601468,0.000278695693086022,0.00170593868141235,1.10703353758102e-05,0.000104614669301406,0.00124513597139425,0.000202863895761722,2.24174291360157e-05,0.00821944725815469,0.00771436320663335,1.4114677604158e-05,6.33776700265135e-05,0.000234691109967176,0.00192097994608747,0.000608591687285166,0.000565970896088297,7.6938830861881e-05,0.000203417412530513,0.000784333261376153,0.303693894156523,0.000147788977267066,7.19571799427664e-06,0.00204303039360577,0.0015575961873765,0.0003033271892972,5.06467843443317e-05,3.23807309742449e-05,8.24739985497861e-05,0.0127187083132684,0.0055180086680726,2.43547378267825e-05,0.00609200555730836,0.000136995400275651,0.000941255265328263,0.00116764362376358,7.94296563214383e-05,0.000260429639715935,0.000736454060875774,0.00329204098238156,0.00108876748421093,1.24541272977865e-05,0.00164698914553616,0.00222624444407543,2.18639123672252e-05,0.000186535151082402,3.57018315869879e-05,0.000266241565788236,0.000103507635763825,0.00273658690490028,0.000522243071353847,0.000376114644393152,0.000316888350132567,0.000598905143831332,0.00550500102400602,0.000408218616983002,0.000694386786447695,0.000740328678257308
0,0.00200915346682385,5.76154302986252e-05,1.92051434328751e-05,0.000134436004030126,0.000138867960206943,0.000951393259290119,0.00171073508425149,0.000505243004157175,0.00218052243899412,0.00106366948243616,0.00157186712404454,0.000197960709231174,0.00852265172801971,0,0.00114344469361887,5.61381115730194e-05,0.00236814191714606,0,0,0.00317032598514999,0.000137390641481337,0.000161027741091029,0.000127049410402097,0,0.00426501916082387,0.00017136897217027,3.84102868657501e-05,0.00360022573430127,0.000289554470218732,0.000203869984133597,5.9092749024231e-05,0.00162948255434317,0.00170925776552588,0.000395921418462348,1.92051434328751e-05,0.000385580187383107,0.00195301535525083,0.000212733896487232,0,0.00011523086059725,0.000830253123790445,0.00170925776552588,0.000692862482309108,0,0.000217165852664049,0.000400353374639165,0,5.76154302986252e-05,1.92051434328751e-05,5.61381115730194e-05,0.00468014572271909,0.00104003238282647,0.000459446123663396,0,0.00023784831482253,1.92051434328751e-05,0.0012025374426431,9.30710797131638e-05,0.00742352659616902,0.00018171020324951,0.000121140135499674,5.9092749024231e-05,3.84102868657501e-05,5.76154302986252e-05,0.000228984402468895,0.000722408856821224,0.000336828669438117,0.000644110964364118,5.9092749024231e-05,0.00017136897217027,0.00011523086059725,0.00102082723939359,0.00402126157109892,0,8.12525299083176e-05,0.00517947945197385,0.00146402285707532,0.00307725490543683,0.0351099568327468,0.0156329867543603,0.000921846884778004,0.0362371510203841,1.92051434328751e-05,0.000873095366833013,0.000401830693364771,0,0,0.0263036599094108,0.000189096796877539,0.266193629210728,0.000155118466188606,0.0251498739847127,0.0109129534260499,0.000330919394535694,0.00202540397280552,0.461886654198097,3.69329681401444e-05,0.00119662816774068,0.000715022263193195,0.000119662816774068,8.12525299083176e-05,0.000880481960461042,4.43195617681732e-05,1.77278247072693e-05,5.61381115730194e-05,7.82978924571061e-05,0.000497856410529146,0.00161766400453832,0.000955825215466936,0.000924801522229215,3.69329681401444e-05,0.000570245028083829,0.00190721847475706,0.000101934992066798,0,0.000110798904420433,0.00101934992066798,0.00130151779725869,0.0047333291968409,0.000326487438358876,1.77278247072693e-05,0.000121140135499674,0.00361056696538051,0.00135913322755731,0.00802479531749057,0.00453093653143291,0.000654452195443358,0.00035307917541978,0.00079036551819909,0.00129117656617945,0.000446150255132944,0.00113310346253963
0.000123141043857156,0.0209876543209877,0.0153357961542105,0,0.0199330617915443,0.000868302232326103,0.000738846263142938,0.0589561428436109,0.00277856714344353,0.0153452685421995,4.73619399450602e-05,0.028322440087146,0,0.000315746266300401,0.00012629850652016,0.00652331786176628,0.000217864923747277,0.00148716491427489,0,0,0.00282592908338859,8.84089545641123e-05,0.00110826939471441,0.000688326860534874,0.000217864923747277,0.000116826118531148,0,9.47238798901203e-05,0.00134823655710271,0.000555713428688706,0.00287013356067065,0.000562028354014714,0.00671276562154653,0.00160083357014303,0.0011777335733005,4.73619399450602e-05,0.00214075968551672,0.000659909696567838,0.00114931640933346,0,9.47238798901203e-05,0.00245650595181712,0.00483091787439614,0.00251018281708819,0.000252597013040321,0.000164188058476209,0.00176186416595624,4.73619399450602e-05,0.000688326860534874,0.00014208581983518,0,0,0.000211549998421269,0.00162925073411007,7.89365665751003e-05,0.000552555966025702,4.73619399450602e-05,0.000454674623472578,4.73619399450602e-05,0.0116794543904518,0.00261122162230432,0.000893561933630135,4.10470146190521e-05,0,0.000119983581194152,0.00131350446780967,0.000846199993685075,0.000359950743582457,0.0027533074421395,0.000221022386410281,0.00272804774083546,0.000423099996842537,0.00125035521454959,0.00509614473808847,0,0,0.0242335259385558,0.137024407186385,0.0114710618546936,8.20940292381043e-05,4.73619399450602e-05,0.0037763253449528,0.000505194026080642,0,0.00185343058318335,0.000236809699725301,8.20940292381043e-05,0.000116826118531148,0.000214707461084273,0.000173660446465221,0.000915664172271163,0,0.000161030595813205,0.0011777335733005,0.000451517160809573,0.000214707461084273,0.000492564175428626,0.242679422815825,0.0151179312304632,0.000378895519560481,4.73619399450602e-05,0.0110637491711661,0.000805152979066023,0,0.000189447759780241,0,0,0.000694641785860882,0.000385210444886489,0.00155662909286098,0.0177765147927126,0.000170502983802217,0.118398534937324,0.0248144990685485,0,0,0.000628335069937798,0.000792523128414007,0.00360266489848758,4.10470146190521e-05,0,0,0.000284171639670361,0.0029932746045278,0.00246597833980613,0.0450159451864482,0.0073189984528433,0.0279782766568785,0.000363108206245461,0.0107637902181807,0.0371159736036121,0.00062202014461179,0.000325218654289413
0.00062015691665733,0.26308037512226,0.000457850223625919,0.000179869730710183,0.00645532477993211,0.00215480303658865,0.00512901262419036,0.0124673342639725,0.000624396270579792,0.00298753327135802,1.57461717120025e-05,0.00128452423850605,8.96320543606297e-05,0.000159278583086795,0.00541849993489564,0.00407341349749727,0.000417273550368067,0.000162912315020334,0.000111434445961864,0.000284036712804969,0.0169144165286353,0.000332486471918822,5.87453329255479e-05,0.00594236295531418,0.0007709567918992,0.000207122720211725,0.000488131323072078,0.000290698554683123,0.0360423814267848,0.00637235456744964,0.000867250688137985,0.0145306883802337,0.00149649193462916,0.00269744033866382,0.00113493560724203,0.00129724230027344,0.00532220603865685,0.000126574995684943,0.0149370607348012,0.000107195092039402,0.000637114332347179,0.00600413639818435,0.0324922253277172,0.000717056434885038,0.000148983009275101,0.000798209781400743,0.00377423623496922,8.66039444160139e-05,0.00045421649169238,0.000250727503414194,0.000496610030917003,0.000225897001868344,0.012439475652482,0.0142829889867641,0.000103561360105863,0.00401830189650526,5.26891130363161e-05,0.000443315295891763,0.00032824711799636,0.00820557232792008,0.00631300361253516,0.000878151883938602,0.000382147475010523,0.000184714706621568,0.000408189220534219,0.00996248171778621,0.00252907742574317,0.000247699393469578,0.00168060101926181,0.00219477408785758,0.00242854417558193,0.00122638452756943,0.0156347372660407,0.00112161192348572,0.000621368160635176,8.23645904935517e-05,0.00542637302075164,0.00228864549614067,0.0103464460587635,0.000405766732578526,0.000155039229164332,0.00219537970984651,0.000694042799305957,6.90409067372418e-05,0.00840603320625365,0.00264717371358319,6.05621988923174e-05,0.000216812672034496,0.000651043638092412,0.00286762011755123,0.00202883366289263,0.000376696877110214,0.000944770302720151,0.000832124612780441,0.00324128888471683,0.00324916197057283,0.000521440532462853,0.00054384854605301,0.275949236764888,0.00342055299343809,0.00121306084381312,0.000124758129718174,0.00201793246709201,0.000199249634355724,0.00160792638059103,0.00058381959732194,2.36192575680038e-05,0.00316437489212358,0.000201672122311417,0.00226805434851729,0.0126229791151257,0.000654071748037028,0.000958699608465384,0.0137215774030323,0.00237767192851238,0.000637719954336102,0.000420301660312683,0.00545180914428641,0.00431445104908869,0.000201066500322494,0.000546271034008703,0.000204700232256033,0.000411822952467758,0.000549904765942242,0.0159720687138709,0.00539185256738302,0.00174116321815412,0.00515384312573621,0.00223777324907113,0.0184060634873531,0.0159308864186241,0.00264596246960535,0.00253876737756594
0.00162376959912072,0.00219460552369898,0.000328689710256326,6.15973149423162e-05,0.000276017421944607,0.000369657045609885,0.00072278084516637,0.0008192735511152,3.5773262478376e-05,0.00111050741190541,1.77037413492168e-05,0.000322251986129338,0.000506678151176344,2.18736308405612e-05,0.000138045288950298,0.000776111537081986,0.000708588589704601,9.45174951371407e-05,0.00010139415500006,0.000105564044491404,0.00444085915232584,0.000122755694148701,1.71916496572973e-05,0.000221296766865209,8.14957349711879e-05,2.50193369480667e-05,0.000594392142406554,0.000337614736886923,0.00335866309538798,0.000459273091695797,0.000168185542817559,4.66003439646739e-05,0.000591465904167014,0.000496436317337954,0.000158016864935158,0.00193087830236044,0.000704638168081222,4.22109866053639e-05,0.000246242947857288,0.000185084568650902,0.000567617062514764,0.00293435855065468,0.00558267731339434,0.000296866869401329,9.29080641053937e-06,0.00736336643811039,0.00637919936219711,8.99086699098653e-05,0.000363438789350863,0.000217712125021773,0.000194887466753361,7.97399920274639e-06,0.00143173521465091,0.000638724651735585,6.10852232503967e-05,0.000104832484931519,0.000147116627492871,0.00191427190035105,0.000380776750920137,0.00296464511643392,0.000401626198376859,0.0021639531781398,0.00171345880116262,0.000152895948015963,0.000497753124545747,0.00023395274725122,0.00070376029660936,0.000111270209058507,0.00027587111003263,0.000240390471378208,0.000956367812637647,0.00171082518674704,0.00250069004355486,0.000265190340458309,3.77484732900655e-05,9.14449449856237e-05,0.000769527501043021,0.000493583235054403,0.00148806530076206,3.8114253070008e-05,9.36396236652787e-06,0.000411502252435307,0.000120341547601081,0.00154095705694174,0.00157636453964018,0.00131066210748995,0.000510482260887746,0.000961708197424808,8.22272945310729e-05,0.000300963602936685,0.000194521686973419,0.000113318575826185,4.20646746933869e-05,0.000133802243502965,0.00749841233286516,0.000486999199015438,9.91263203644161e-05,3.70169137301805e-05,0.00128059500957868,0.366781284979978,0.000516554205234792,4.76245273485128e-05,0.000469002833842267,0.00118022503796245,0.000293135915645916,4.42593533730419e-05,0.00146494801866969,0.000921984513323053,3.9577372189778e-05,0.0188786260023921,0.00252431941733915,0.000264531936854412,0.000406088711692158,0.00205612129901275,0.000154944314783641,2.42877773881817e-05,6.78887271573271e-05,0.0229668002908973,0.119111722824958,1.54359067135733e-05,0.000623215589066023,0.000738143595923955,0.0442959313510361,0.0002709696609814,0.0036428739844033,0.00153130047075126,0.000442739845642396,0.00026511718450232,0.0465252859538297,0.272227943424402,0.00059461161027452,0.00251202921673308,0.000329348113860222
0.000793347182608668,0.00327830748296684,0.000192082023866595,0.00179168946631866,0.000598843956760561,0.000656952804316842,0.00119849498084829,0.00116136988379845,5.64947129019397e-05,0.00202493192387095,1.04918752532174e-05,0.000479397992339317,0.00251885712809934,0.000192889091193766,0.000309106786306327,0.00100802709163604,0.00246881895381477,0.000172712408014501,0.00255517515782202,0.00019853856248396,0.288970456493422,0.000246155534787023,0,0.00091117901237557,0.000373672172479973,0.000121060099075585,0.0386189786724388,0.00059803688943339,0.00406035572299512,0.000818366269750955,6.45653861736454e-05,0.000347846018010514,0.000995114014401309,0.000879703386615918,4.35816356672106e-05,0.00182397215940548,0.00478752338477581,3.22826930868227e-05,0.000353495489300708,0.000879703386615918,0.000905529541085376,0.0226261325172269,0.0847025230538782,0.000262296881330434,1.93696158520936e-05,0.00267865645887911,0.0096412262903796,0.000547191647821645,0.000539120974549939,0.00163269720286606,0.0010282037748153,0,0.000769135162793551,0.00292400492633897,0.000724746459799169,0.000221136447644735,0.000375286307134314,0.00558732710600184,0.0021936089952496,0.00171259686825594,0.000348653085337685,0.00496830646606201,0.00037044390317129,0.000486661598283852,0.00571807201300347,0.00158023782659997,0.000315563324923692,7.10219247910099e-05,0.000374479239807143,0.00548321542079683,0.00448568020441401,0.0571637717161641,0.00372058037825631,0.00024212019815117,1.21060099075585e-05,0.000508452416117457,0.000715868719200293,0.000535892705241257,0.000824015741041149,4.19675010128695e-05,6.53724535008159e-05,0.000262296881330434,0.000277631160546675,0.00125176142444155,0.00542994897720358,0.0037593196099605,0.00216697577345297,0.00525481536720756,0.000173519475341672,0.000158185196125431,0.000423710346764548,0.000490696934919705,0.000143657984236361,0.000112989425803879,0.00449455794501289,0.000460835443814394,0.000211451639718689,2.90544237781404e-05,0.00151567244042633,0.00604332014585321,0.175772807319132,7.42501940996922e-05,0.000330090536812762,0.00172793114747218,7.18289921181805e-05,2.17908178336053e-05,0.000516523089389163,0.00212178000313142,0.000485047463629511,0.00328799229089289,0.00199426336543847,0.0327782324257054,0.000197731495156789,0.00223396236160813,0.000323633998195397,5.32664435932574e-05,3.14756257596521e-05,0.00505546973739643,0.0049933255532043,7.58643287540333e-05,0.0516797492280401,0.000297000776398769,0.00127435930960233,0.000778819970719598,0.0618730095702044,0.00125498969375023,0.000609335832013778,0.000612564101322461,0.00410797269529819,0.0153375074855495,0.000693270834039517,0.00281101550053509,0.000146886253545043
0,0.00518599934981501,0.295195597318761,0,0.00234144000495379,0.00214406241775934,0.000139325355666672,0.0152135548090469,0.0236195179342694,0.00844853476167624,0.00011610446305556,0.0816756196108178,0,0,0.000282520860101862,0.00216341316160193,5.80522315277799e-05,0.000328962645324086,0,0.00132359087883338,0.00189250274780563,5.03119339907426e-05,0.00647475888973172,5.80522315277799e-05,0,0.000270910413796306,0.000100623867981485,0.000193507438425933,0.0012655386473056,0.000332832794092605,0.000468288000990758,0.000104494016750004,0.00649797978234283,0.000921095406907442,0.002074399739926,0,0.00135842221775005,0,0.000592132761583355,0,0.00017415669458334,0.00108364165518523,0.0076938557518151,0.00297227425422233,0.000328962645324086,0.000239949223648157,0.0018034893261297,0,0,0.00014319550443519,0,9.28835704444479e-05,0.000994628233509296,0.00121522671331486,0,5.80522315277799e-05,0,0.00106042076257411,0,0.00929222719321331,0.000715977522175952,0.00121909686208338,0,0,0.000158676099509265,0.000154805950740746,0.000963667043361147,5.80522315277799e-05,0.000994628233509296,5.03119339907426e-05,0.00107977150641671,0.000104494016750004,0.00100236853104633,0.00185767140888896,0,0.00014319550443519,0.062119757883493,0.0293318575166029,0.00722169760205582,0.000387014876851866,9.28835704444479e-05,0.00205891914485193,0.000332832794092605,0,0,0.000100623867981485,0,0,0.000917225258138923,0.00108364165518523,0.00163707292908339,0.000150935801972228,0.00011610446305556,0.000971407340898184,0.000367664133009273,0.00138164311036116,0.000688886480796322,0.00880071829961144,0.0034018607675279,0.0012848893911482,0,0.205737108534452,0.000247689521185194,0,0,0,0,0,0,0.000820471538925956,0.00601808133504652,0,0.0145053175844079,0.00562719630942613,0.000301871603944456,0.000104494016750004,0.000243819372416676,0.000352183537935198,0.00191185349164822,0,5.80522315277799e-05,0,0.000487638744833351,0.000994628233509296,0.00244593402170379,0.0928564794030683,0.0251095252101491,0.00552270229267613,0.000537950678824094,0.00687338421288914,0.00900970633311145,0.000634704398037061,0.000603743207888911
0.000274932762766988,0.00338544656897389,0.000182749424662763,0.000761725478019126,0.00235202283127915,0.00097250726280715,0.000442587839669994,0.000774663490384631,7.97844095872828e-05,0.00718490953364395,4.74393786735195e-05,0.00122857209087444,0.000395148460996475,6.68463972217775e-05,0.000144474471414809,0.0158377443869242,0.000244744067247476,0.000889488350128491,3.8814037096516e-05,0.00157897659244021,0.00562803537899481,8.14016611329709e-05,2.80323601252615e-05,0.000873854918520172,0.000142318136020558,3.39622824594515e-05,0.000812399359784021,8.30189126786591e-05,0.00214393646573394,0.000638814360546825,0.000941240399590512,0.000171967747691508,0.00914124482007807,0.000476550122129446,0.000341240076140203,0.000532075758531406,0.000132614626746429,2.9110527822387e-05,0.000196765604725393,0.000107816769712544,0.0306086418375428,0.00138167190386626,0.00452453074098692,0.0406356014208094,0,0.000449056845852747,0.000968733675867211,1.45552639111935e-05,7.70889903444692e-05,8.03234934358455e-05,8.19407449815337e-05,0,0.00121239957541756,0.000509973320740335,0.000362803430082712,0.000109973105106795,9.11051704070999e-05,0.00543989511584642,0.00041994631803036,0.00302102588734549,0.000957412915047394,0.000170889579994383,5.6064720250523e-05,2.21024377910716e-05,0.000421563569576048,0.000149326226051874,0.000257682079612981,0.00419892409645504,0.165485264412541,0.000387062203268034,0.00158221109553159,0.000451752265095561,0.00122587667163163,0.00106037793012287,1.3477096214068e-05,3.45013663080142e-05,0.00633854789140048,0.000284636272041117,0.00207816823620929,0.000247439486490289,0.000122911117472301,0.000398382964087851,0.000345013663080142,0.000258221163461544,0.00111967715346477,0.000270620091978486,0.000112129440501046,9.64960088927272e-05,0.000259838415007232,0.000168733244600132,0.000632884438212635,3.55795340051396e-05,0.000124528369017989,0.000394070293299349,0.000783827915810197,0.000128301955957928,0.000320215806046257,0.000233962390276221,0.00140970426399152,0.00224258881002092,0.000476550122129446,6.52291456760893e-05,0.584653145365577,0.000552021860928227,0.000107277685863982,7.65499064959065e-05,0.000219407126365028,0.000559569034808105,0.000143935387566247,0.00156711674777183,0.000960108334290207,0.000252830324975916,9.91914281355408e-05,0.0162404400218005,0.000109434021258232,0,0.0183568832112578,0.00258921972464675,0.00230835703954557,3.45013663080142e-05,0.000493800805283453,0.000121832949775175,0.000519676830014464,0.000764959981110502,0.0028878721767505,0.0109973105106795,0.00247762936799427,0.000457682187429751,0.00162749413881086,0.00473639069347207,0.000232345138730533,0.000665768552974961,0.000355256256202834
0.00153360817768863,0.00122455405823046,0.000583120980109743,0.00138782793266119,0.000950487197578882,0.00330046474742115,0.000991305666186564,0.00111376107200961,0,0.00382527362951992,7.58057274142666e-05,0.00233248392043897,0.0363634243196436,8.74681470164615e-05,0.000822200581954738,0.00407018444116601,0.00183099987754459,0.00110792986220851,0.00137616551305899,0.00514895825436903,0.0805115137237523,0.0011312547014129,0,0.00653678618703022,0.000553964931104256,0.000145780245027436,0.0172195625426407,6.99745176131692e-05,0.00831530517636494,0.00229749666163239,0.000262404441049385,0,0.000373197427270236,0.00510230857596025,6.99745176131692e-05,0.000349872588065846,0.00276399344572018,6.99745176131692e-05,0.000233248392043897,0.0440198027884845,0.00565044229726341,0.0106827763556105,0.0475418535083474,0.00088634388976681,7.58057274142666e-05,0.00721320652395753,0.00753975427281898,0.000174936294032923,0.000781382113347056,0.000938824777976687,0.000285729280253774,0.00469412388988343,0.000221585972441702,0.00209923552839508,0.00484573534471197,0.000594783399711938,0,0.0414249144269962,0,0.00467079905067904,0.000414015895877918,0.00176685656973252,0.000244910811646092,0,0.010595308208594,0.00236747117924556,0.000688082756529497,0.00172603810112484,0.00246077053606312,0.00104378655439644,0.006583435865439,0.0356286918847053,0.0265669918537999,0.00102046171519205,0,7.58057274142666e-05,0.000664757917325107,0.00127703494644034,0.0020409234303841,0.00110792986220851,0.00150445212868314,0.000775550903545959,6.99745176131692e-05,0.021184785207387,0.00482241050550758,0.00600614609513036,0.00253657626347738,0.0190563936299864,0.00025074202144719,0.00183683108734569,0.00131202220524692,0.000221585972441702,0.00100296808578876,0.000938824777976687,0.000985474456385466,0.000379028637071333,0.00025074202144719,0.000151611454828533,0.000507315252695477,0.0236047372748424,0.049851012589582,0,0.00261821320069275,0.143185356665947,0,0,0.0145663620831414,0.00128869736604253,0.00083969421135803,0.00661842312424559,0.00251325142427299,0.00912584333871748,8.74681470164615e-05,0.00791878290989032,0.000320716539060359,0.0013586718836557,0.000734732434938277,0.0159017091275927,0.033995953140398,6.99745176131692e-05,0.0347190231557341,0.00211089794799727,0.00459499332326478,0.000402353476275723,0.0333836761112828,0.000705576385932789,0.00125954131703705,0.000139949035226338,0.0149687155594171,0.0537695855759194,0.000239079601844995,0.00040818468607682,0.000157442664629631
0.000521514904219925,0.00168140268193868,5.89118688100285e-05,1.44865251172201e-05,0.000369889274659687,0.000270415135521442,0.0313691214888285,0.000563042942889289,7.24326255861006e-05,0.000628715190087354,0,0.000156454471265977,7.91930039741367e-05,0,0.00017480406974779,7.53299306095447e-05,0.000629680958428502,3.86307336459203e-05,6.18091738334726e-05,1.15892200937761e-05,0.00248781924679727,0.00120045004804697,0,0.00139263794793543,9.46452974325049e-05,1.44865251172201e-05,0.000240476316945854,0.000148728324536793,0.551382255938268,0.00624465809386303,0,3.76649653047723e-05,0.000722394719178711,0.00213724533896054,0.000115892200937761,0.000136173336101869,0.00021343480339371,0,0.000343813529448691,6.37407105157686e-05,0.000105268749185133,0.00321311127099942,0.00320345358758795,4.82884170574004e-05,0,0.000647064788569166,0.00126612229524504,3.47676602813283e-05,0.00044618497361038,0.000100439907479393,6.37407105157686e-05,3.76649653047723e-05,0.052670108021189,0.000981220634606377,8.69191507033208e-05,0.000512822989149593,8.40218456798768e-05,0.000177701374771234,0.00017480406974779,0.00118016891288287,0.000201845583299934,0.000652859398616054,8.69191507033208e-05,0.000214400571734858,0.000168043691359754,0.00142547407153446,0.00151625629560237,3.57334286224763e-05,5.89118688100285e-05,0.000193153668229602,0.000966734109489157,0.000225024023487486,0.0724693247830643,0.000258825915427666,0.00019894827827649,6.95353205626566e-05,0.000471294950480228,0.000385341568118055,0.00229273404188537,0,5.60145637865845e-05,0.00157903123777699,8.59533823621728e-05,1.25549884349241e-05,0.00493700775994862,0.00968955376673797,5.21514904219925e-05,0.000113960664255465,3.66991969636243e-05,0.00400214400571735,0.000160317544630569,0.000671208997097866,2.60757452109962e-05,8.78849190444688e-05,0.00111546243402595,0.0147192752874368,0.000139070641125313,1.15892200937761e-05,0.00123618347666945,0.00187262481348599,0.000177701374771234,5.31172587631405e-05,0.000670243228756718,0.000105268749185133,0.167769413150867,0.00681156411011691,1.15892200937761e-05,0.00249940846689105,0,0.000878849190444688,0.00159448353123536,0.000141002177807609,0.000745573159366263,0.00109131822549725,0.00965864917982123,0.00293593575708995,3.47676602813283e-05,0.0017441776241133,0.00113284626416661,1.44865251172201e-05,0.000182530216476974,3.95965019870684e-05,2.41442085287002e-05,0.000275243977227183,0.00274471362554264,0.00047515802384482,0.000371820811341983,0.000328361235990323,0.000303251259120475,0.00428028528796797,0.00024723669533389,0.000547590649430921,0.000825731931681547
0.000518849459091672,0.00261599547637837,4.66032448285933e-05,0,8.38858406914679e-05,0,0.150562656509231,0.000236123107131539,0,0.000273405702994414,0,0.000254764405062977,0.00027961946897156,0,4.03894788514475e-05,0.000329329596788726,0.000553025171965973,0,0,0,0.00440245319480778,0.000900996066686136,0,0.00106255398209193,4.03894788514475e-05,0,0.000177092330348654,0.000304474532880143,0.511380512387142,0.00738506086383775,0,0.000425642969434485,0.000233016224142966,0.00345796076628162,9.32064896571865e-05,7.45651917257492e-05,8.69927236800408e-05,0,0.00114333293979482,0,0,0.00410729931089335,0.00314416558443576,0,0.000124275319542915,7.76720747143221e-05,0.000888568534731845,0,0.000167771681382936,0.000419429203457339,0.000810896460017523,0,0.0434963618400204,0.000994202556343323,0,0.00144780747267496,7.45651917257492e-05,0.000242336873108685,0.000214374926211529,0.00280862222166989,0.000155344149428644,0.000481566863228797,0.000375932841617319,0.00150994513244642,0.000130489085520061,0.000155344149428644,0.0022462764007382,0,0.000428749852423058,4.03894788514475e-05,0.000410108554491621,8.0778957702895e-05,0.0469605363722791,0.000326222713800153,0.000795362045074659,0.000341757128743017,0.00424400216239056,0.000413215437480194,0.000658659193577452,0,0,0.00297639390305282,0.000217481809200102,0,0.00966551297745024,0.00505800550539666,7.76720747143221e-05,4.66032448285933e-05,0,0.0108616629280508,0.000158451032417217,0.000298260766902997,0,0,0.000347970894720163,0.0305872630225,4.03894788514475e-05,8.38858406914679e-05,0.00193558810188091,0.000680407374497462,0,0,0.000708369321394618,7.76720747143221e-05,0.0287417745272878,0.0668911907439742,0,0.00251346833775546,0,0.00020505427724581,0.00397681022537329,0,7.45651917257492e-05,0.000304474532880143,0.00535315938931108,0.00152858643037786,0,0.000863713470823262,0.000615162831737431,0,3.72825958628746e-05,0,0,0.000282726351960132,0.00279930157270417,0.0035635947878931,0.000761186332200357,0.000596521533805994,0.000341757128743017,0.00114954670577197,0,0.000540597640011682,0.00930200766778722
0.00260569802776829,0.00401066223463254,0.000890867028412672,0.00132045508163934,0.000147890969143606,0.00256696467870687,0.000838048825147099,0.000408460771920435,0,0.00157750367086513,0,0.000246484948572676,0.00350360748328304,0.000450715334532893,0.00051761839200262,5.28182032655734e-05,0.000964812512984475,0.000380291063512129,0.00027817587053202,0.000105636406531147,0.0240111552045297,0.00102819435690316,0,0.00210216448996982,9.1551552326994e-05,0,0.00538041430598642,0.000253527375674753,0.0032148679720979,0.000985939794290704,0,0.000309866792491364,0.000137327328490491,0.00533111731627188,0.000947206445229284,0.00142961270172152,0.00166905522319212,0,0.000242963735021638,0.00158806731151824,0.00101058828914797,0.00323951646695517,0.0133665266397411,0.00128172173257792,0,0.0725053082294282,0.00703538467497438,0.000130284901388414,5.28182032655734e-05,0.000380291063512129,0.000176060677551911,0,0.00596141454190772,0.00110918226857704,0.000330994073797594,0,0.000341557714450708,0.00597902060966291,8.80303387759557e-05,0.00715862714926072,0.000848612465800213,0.00109509741437289,0.00176764920262119,0,0.0027359829291567,0.000401418344818358,0.000242963735021638,0.000285218297634097,0.00049649111069639,0.000961291299433437,0.00243315856376742,0.00956361600461983,0.00125355202416961,0.000183103104653988,0.000436630480328741,4.22545626124588e-05,0.00104932163820939,0.000478885042941199,0.00173243706711081,0.00140848542041529,0,0.000883824601310596,0,0.0535189247622301,0.00192610381241791,0.0022747039539707,0.00416559563087823,0.00787343350012148,0.00017958189110295,0.00247893433993091,0.00140848542041529,0.000126763687837376,0,0.000242963735021638,0.00597549939611188,8.80303387759557e-05,4.22545626124588e-05,0.000105636406531147,0.00197187958858141,0.107661104322994,0.00960939178078333,0,0.0002394425214706,0.00822907606877634,0.000327472860246555,9.50727658780322e-05,0.122531189149028,0.000866218533555405,0,0.0223491424084396,0.00219019482874578,0.00159510973862032,4.5775776163497e-05,0.000440151693879779,0.000929600377474093,0,0.000228878880817485,0.027542932396221,0.049920244513069,0,0.00552830527513002,0.000686636642452455,0.0308986489103605,0,0.00894740363318814,0.000426066839675626,0.000105636406531147,0.0002394425214706,0.21519544495815,0.0782589711718247,0.000250006162123714,0.00291556482025965,0.00133101872229245
0.000447733833775352,0.00483143711350811,0.000373221428448968,6.33025744365741e-05,0.000131220961592482,0.000200458152382485,0.00692899429353668,0.00105372410364214,9.36350580207659e-05,0.000656104807962409,3.69265017546682e-05,0.000563788553575738,0.000152981221555054,0,0.000164191052444864,0.000642916771621456,0.0117287801198265,8.57222362161941e-06,3.82453053887635e-05,9.89102725571471e-06,0.00772423288489614,0.000425314171995732,1.71444472432388e-05,0.0126334794128159,7.51718071434318e-05,0,0.000576976589916691,0.00311897059463537,0.0489724541484947,0.0115342565837974,0.000167488061530102,0.000247275681392868,0.000299368424939632,0.00170587250070226,4.22017162910494e-05,0.00118362626160053,0.000653467200694218,7.91282180457176e-06,0.00140320706667739,0.000113417112532195,0.000121329934336767,0.0130535183702752,0.0219673121331253,0.000271014146806583,0,0.000296071415854394,0.00177115328058998,0.000181335499688103,0.0161118239977422,0.00118494506523462,0.00124758823785415,0,0.00800579746077548,0.00519476751470136,1.84632508773341e-05,0.00123571900514729,0.000274970557708869,0.000338273132145443,0.000391025277509255,0.00169795967889769,0.000532796668174499,0.00132935406316806,9.36350580207659e-05,0.000950857420182707,0.000114076514349243,0.0168338689874094,0.00150343614286864,8.57222362161941e-06,0.000105504290727624,0.000368605615729635,0.000480703924627735,0.000476747513725449,0.071161984693965,0.000268376539538392,0.000487957344615259,0.000819636458590225,0.000789303975006033,0.000803151413164034,0.00230329054694743,0.000126605148873148,0,0.000861178773064227,0.000444436824690114,7.846881622867e-05,0.270560478356454,0.147136943250561,0.000117373523434481,0.000155618828823245,0.000145068399750482,0.00135243312676472,0.000597418046245168,0.00625838264559922,0.000160234641542578,0.000173422677883531,0.00148563229380835,0.00573283939741224,0.000310578255829442,3.75859035717159e-05,0.00325414796713014,0.00220174266712209,0.000351461168486396,6.65995835218123e-05,0.000152981221555054,8.70410398502894e-05,0.00202700118560447,0.000570382571746215,1.71444472432388e-05,0.213774772077762,1.78038490602865e-05,0.00225053840158362,0.00219646745258571,0.000180016696054008,0.000534774873625642,0.00167685882075217,0.0053820376307429,0.00153442802826987,6.39619762536218e-05,0.00274047395165002,0.00332734156882243,8.30846289480035e-05,0.000378496642985349,0.000174741481517626,0.00020177695601658,0.000114076514349243,0.0131155021410777,0.00215690334356285,0.00146848784656511,0.000469494093737925,0.000872388603954037,0.00800843506804367,0.000604671466232692,0.000956792036536136,0.0014295831393593
3.59011640952458e-05,0.000397904568722308,0.000107703492285737,0.00029020107643657,0.000143604656380983,0.00341958588007216,0.000107703492285737,0.00131039248947647,0,0.00261480145160373,0.00113387843267485,0.00147793125525428,4.48764551190572e-05,0.000287209312761966,0.000224382275595286,0.00545398517880276,7.47940918650954e-05,0.212618660826744,0,0,0.0136364588288442,0,0,0,7.18023281904916e-05,0.000134629365357172,8.97529102381145e-05,0,0.000403888096071515,0.000194464638849248,0.00697380112550149,3.88929277698496e-05,0.00154674181977017,0.000385937514023892,0.00364097639199284,0,0.00097232319424624,0.113121576300445,0,3.88929277698496e-05,0.000305159894809589,0.00141809598176221,0.00281524961780219,0.00441584318371523,0,0.000179505820476229,3.59011640952458e-05,0.000260283439690532,0,0.000445772787515969,0,0.000487657478960422,0.000239341093968305,0.000146596420055587,3.88929277698496e-05,0,0,0.000472698660587403,0,0.0442152753469698,3.59011640952458e-05,3.59011640952458e-05,0.000116678783309549,0,0,0.000116678783309549,0.000152579947404795,0.00788628904625566,0.00029020107643657,0.00220792159185762,3.88929277698496e-05,0.000370978695650873,0.00080777619214303,0.0361135793161427,0,0,0.00612414024191401,0.000960356139547825,0.00237246859396083,0.000840685592563672,0.00113986196002405,0.000550484516127102,0.00667163299436651,0.000350036349928646,0.000146596420055587,0.0007838420827462,4.48764551190572e-05,0.000215406984571475,0.00543902636042974,0.000149588183730191,0.00613311553293782,0,0.000403888096071515,0.0558113513497342,0.000433805732817553,0,0.00406879859746119,3.88929277698496e-05,0.000433805732817553,0.00127149956170662,0.000484665715285818,0.00012565407433336,0.00170530529452417,0.000128645838007964,3.59011640952458e-05,0,0.000212415220896871,3.88929277698496e-05,0.388360842600321,0.000143604656380983,0.00354523995440552,0.000439789260166761,0.000182497584150833,0.00318922007712767,8.0777619214303e-05,0,0.00272549670756408,0.00185489347825437,0.000179505820476229,0.000161555238428606,0.000272250494388947,0,4.48764551190572e-05,0.00718920811007297,0.00367089402873888,0.0089423816233908,0.00364396815566745,0.000520566879381064,0.000119670546984153,0.002507097959318,0.0003919210413731,0,7.47940918650954e-05
0.00151196643463845,0.00241500749302473,0.000398726356887627,0.000160989636536565,0.000223397562440922,0.000364182021922291,0.000719402070150745,0.000866215493753423,4.88834928754753e-05,0.000775129252028787,4.07362440628961e-06,0.000396119237267602,0.000267718595981353,6.17561459993505e-05,0.000146487533650174,0.000696589773475523,0.000793542034345216,5.00241077092364e-05,0.00032083865823937,0.000169136885349145,0.00669068366986631,0.00011210614366109,4.2365693825412e-06,0.00031057312473552,6.92516149069234e-05,3.91067943003803e-06,0.000672962751919044,0.000549287514944091,0.00475310495725872,0.000534622467081449,7.18587345269487e-05,0.00012644530157123,0.000427893507636661,0.000635322462404928,0.000173699344684189,0.0105031072792246,0.000793216144392713,8.79902871758556e-06,0.000239855005042332,0.000156753067154024,0.000661393658605181,0.00366430662594563,0.00876073664816644,0.00035896778268224,1.20579282426172e-05,0.0143468163240233,0.0213290085564036,0.000279450634271467,0.000418768588966572,0.000670355632299018,0.000298678141469154,1.20579282426172e-05,0.00141941368812755,0.00073944430222969,4.56245933504436e-05,0.000111128473803581,0.000424308718159126,0.00131512890332654,0.000604037026964623,0.0013724855349671,0.000403614706175175,0.00305032995542966,0.00110884056339203,0.000115039153233619,0.000221768112678406,0.000466837356960789,0.000365811471684807,3.3729610084078e-05,0.000411110175082748,0.000308943674973004,0.000645099160980023,0.0010746221183792,0.00319274386467355,0.00023447782082603,1.645744260141e-05,0.0001080325192548,0.000620983304494788,0.000481502404823432,0.00131692129806531,3.53590598465938e-05,2.62341411765051e-05,0.000338110825722038,8.92938469858683e-05,0.00110395221410448,0.00225939504070447,0.00165063260942855,0.00112855690551847,0.000591816153745755,0.000290530892656575,0.000173699344684189,0.0001645744260141,0.000161315526489069,2.06940119839512e-05,0.000131496595835029,0.0674771441155436,0.000869474393278455,0.000133126045597544,1.72721674826679e-05,0.00100406694366226,0.0353447206886837,0.00120090447497418,0.000108358409207304,0.000487042534015986,0.00086588960380092,0.000329637686956955,7.51176340519804e-05,0.000742866146730974,0.00103942600350886,2.44417464377377e-06,0.348215206644375,0.00127667388893116,0.000499100462258603,0.000191949182024366,0.00119503845582912,0.000321001603215621,9.49969211546737e-05,7.77247536720058e-05,0.204976958765633,0.073042855669369,8.14724881257922e-06,0.000895219699526205,0.0190916110874931,0.015039658363045,0.000238062610303565,0.00601560263325599,0.000654875859555118,0.00033012652188571,0.000394163897552583,0.0271516843377778,0.066003306805348,0.000480361789989671,0.00743061680702475,0.000262993191670057
0.000662540095910208,0.0218152619875525,0.00100058612211894,0.000389995192819872,0.00153438263121023,0.00045587275917458,0.00360218532827544,0.0311043752868027,0.000377572566021556,0.00269119269639891,2.67274697781959e-05,0.00265844213483971,0.00017391677517643,0.000163752807795989,0.000295507940505405,0.00275330583039049,0.000537937384690731,0.000285343973124964,4.55496315938268e-05,0.000348209993589172,0.0197681636684845,0.00152835953942923,6.02309178100189e-05,0.00226769405554721,0.000190103834337872,0.000100510344095469,0.000394136068419311,0.000511209914912535,0.032328192248055,0.00311017401841485,0.000127614257109978,0.000644094377330889,0.00187205221418265,0.0102321036062133,0.000273674232799273,0.00134277302392711,0.0027657284571888,9.2605036132904e-05,0.00484557733781602,9.82516846775933e-05,0.000418981322015944,0.00679442397220644,0.0168849849215662,0.000712230603103473,0.000208925996153503,0.00157767360338618,0.00313351349906623,0.000198009142300437,0.000513845017566724,0.000550360011489048,0.000537560941454419,0.000100886787331782,0.0239666350830791,0.00376029148752674,8.99699334787157e-05,0.00154454659859067,0.000158482602487612,0.000603062064572814,0.000468295385972897,0.0100544223986737,0.00217885345177743,0.00134277302392711,0.000357621074496987,0.00038397210103887,0.00042123998143382,0.0025628255528163,0.013634774019243,9.18521496602788e-05,0.00119407794558362,0.00136498317486955,0.00134314946716342,0.00113949367631829,0.0195129351542646,0.00109432048796078,0.00032788205882829,0.000164882137504927,0.00520432774202194,0.00413560539413042,0.148320893766589,0.000281203097525526,0.000217584190588693,0.0205560593620868,0.000353480198897548,0.000111803641184848,0.00763351594594727,0.00359691512296706,0.000120461835620038,0.000201020688190938,0.000449096780920953,0.0070496524864264,0.000669692517400147,0.000412581786998629,0.000742346062008483,0.000704325295140908,0.00333302841431192,0.00193943555348261,0.00035950329067855,0.000875230524426837,0.0132715062962013,0.00504622158277064,0.00102806647836976,0.000408064468162878,0.000934332112527918,0.00010502766293122,0.00258691791994031,0.000505186823131533,0.000106909879112784,0.00265430125924027,4.6302518066452e-05,0.00267688785341903,0.391679776302371,0.000273674232799273,0.00182236170698938,0.00394060779772049,0.00224247235871427,0.000315459432029974,0.000190856720810497,0.00469989380536304,0.00538276183603413,0.000244311660366889,0.000263510265418833,0.000595156756610249,0.00059816830250075,0.000552242227670611,0.00835139319759543,0.00558340608098875,0.00281767762379995,0.0143127482878421,0.00258578859023137,0.0221796590403031,0.0136283744842257,0.00141053280646338,0.0068230336581662
0.000466377900195129,0.00265036743282137,0.000389469916653438,0.00119798974363019,0.00118714374595124,0.000571879877617706,0.000455531902516173,0.00101755178224392,4.04259913488379e-05,0.0010727677704277,2.95799936698814e-05,0.00026917794239592,0.00137251170628249,0.000171563963285312,0.000434825906947256,0.000542299883947825,0.00210215155013957,0.000295799936698814,0.00388385316885542,0.000190297959276237,0.249415548625073,0.000139025970248442,0,0.000747387840059002,0.000451587903360189,2.46499947249011e-05,0.0255452825333095,0.00141688169678732,0.00377539319206586,0.000758233837737959,0,0.000172549963074308,0.000372707920240505,0.000533425885846861,1.47899968349407e-05,0.00185269360352357,0.0030911093385026,6.80339854407271e-05,0.00025438794556098,0.000674423855673295,0.000569907878039714,0.029664789651735,0.0944025777978484,4.14119911378339e-05,4.14119911378339e-05,0.00370834520641413,0.00949714996760991,0.000142969969404427,0.000360875922772553,0.00182902960858766,0.000286925938597849,2.56359945138972e-05,0.000906133806087366,0.00171070963390814,0.000252415945982988,5.62019879727746e-05,0.000551173882048789,0.00519917688737615,0.000659633858838354,0.000450601903571193,0.000128179972569486,0.00636660063754746,0.00029678593648781,0.000200157957166197,0.00287616138450146,0.000612305868966544,0.000559061880360758,9.95859786886006e-05,0.00070794784849916,0.00305166934694276,0.00231709950414071,0.0915717724036407,0.0026168434399955,0.000227765951258086,4.4369990504822e-05,0.000154801966872379,0.000474265898507098,0.000492999894498023,0.00162295565268749,2.95799936698814e-05,1.28179972569486e-05,0.000422993909479303,0.000126207972991494,0.00119305974468521,0.00308322134019063,0.00212187154591949,0.00325577130326494,0.00500099092978794,0.000419049910323319,0.000280023940074877,0.000340169927203636,0.000402287913910386,0.000117333974890529,0.000154801966872379,0.00321435931212711,0.000682311853985263,0.000147899968349407,5.42299883947825e-05,0.00201143956955193,0.0043137490768577,0.0844232739334194,9.66279793216124e-05,0.00112995575818947,0.00132518371641068,8.6767981431652e-05,2.66219943028932e-05,0.000423979909268299,0.000861763815582544,7.78939833306876e-05,0.00456123502389571,0.000921909802711302,0.141914949630201,6.80339854407271e-05,0.00200059357187298,0.000165647964551336,2.36639949359051e-05,0,0.00513015690214642,0.00544074683568018,1.28179972569486e-05,0.0599576611690605,5.02859892387983e-05,0.00074541584048101,0.000325379930368695,0.0741353521350347,0.00149871967927399,0.000134095971303462,0.00029678593648781,0.00312266133175047,0.00861566615624744,0.000378623918974481,0.00218694753199323,4.83139896608062e-05
0.000989677937336296,0.0215066157386614,0.00720994288485157,0,0.0058863976915464,0.000254375052166759,0.0022655278083602,0.0339988155661633,0.00240463916501389,0.0116853539589105,0,0.0255090482000978,0,0,0.000492851663573095,0.00357714917109505,0.000333867255968871,0.000504775494143412,4.76953222812673e-05,9.93652547526401e-05,0.0100756368319177,0.000397461019010561,0.000727353664789326,0.00144675810919844,0.000178857458554752,0,5.96191528515841e-05,0.000119238305703168,0.00779421058279709,0.00188793984030016,0.00138713895634686,0.000158984407604224,0.00277427791269371,0.0051789170777076,0.00238476611406336,0.000155009797414119,0.00399448324105613,4.76953222812673e-05,0.000842617360302388,4.76953222812673e-05,0.000178857458554752,0.0111249339221056,0.0181242224668816,0.000743252105549748,5.96191528515841e-05,0.00120033227741189,0.00185216834858921,0.000143085966843802,0.00104929709018788,0.000536572375664257,0.000476953222812673,0,0.00515904402675708,0.00303262757505058,0,0.000532597765474151,0.00029809576425792,0.00016295901779433,0.00114866234494052,0.0148570928906148,0.00205089885809449,0.000671709122127847,0.00146265654995886,0.000472978612622567,5.16699324713729e-05,0.00124007837931295,0.000934033394674817,0,0.00123610376912284,0.00072337905459922,0.000938008004864923,0.000206679729885492,0.0196107266779811,0.00203897502752418,0.000166933627984435,0,0.0287563047254141,0.125820260177983,0.0123650123014185,0,0.00197935587467259,0.00474568456698609,0.000759150546310171,0.000194755899315175,0.00395076252896497,0.00495633890706169,0,0.00026232427254697,0.000214628950265703,0.000747226715739854,0.00220988326569872,0.000417334069961089,0.00966227737214673,0.000794922038021121,0.00308827211771206,0.000357714917109505,0.00135534207482601,0.0585142112187347,0.0145907940078777,0.00324328191512617,0.000480927833002778,0.00403422934295719,0.000286171933687604,0.00029809576425792,0.00062401379984658,0.000302070374448026,0.000540546985854362,0.00257157279299833,5.96191528515841e-05,0.00546508901139521,0.0234184032401022,0.000119238305703168,0.263031753160809,0.0141178153952551,0.00261131889489938,0.000536572375664257,0,0.00649848766082266,0.00294916076105836,0.00526238389169982,0.000238476611406336,0.000310019594828237,0.00046105478205225,0.00256362357261812,0.00938405465883933,0.0530491222073395,0.0142132060398176,0.0215304633998021,0.00285377011649582,0.00849374197625568,0.0219279244188126,0.00117251000608115,0.00269876031908171
0.000193284269632411,0.0134448024812227,0.00127794256592137,0.000963641817735927,0.0659650989331093,0.0206153495505392,0.000510792168309547,0.00282913435373459,0.000202264291009138,0.103450273879961,3.80581858347005e-05,0.00519130759587937,0.000150308453043789,5.92253790798429e-05,0.00180113571613212,0.143337604545088,0.000179386617501762,0.000235618656122696,4.51139169164146e-05,0.00227771827919699,0.00912284647862359,0.000151377503207685,0.000113105507340205,0.00214194890838219,0.000698944997155258,6.6281110161557e-05,0.000791952361414217,0.0002345496059588,0.00484792868323595,0.00145091488243976,0.000369249926609706,0.000389348069690953,0.00721801289659356,0.00127837018598693,0.000625821965944766,0.000670508262795622,0.000878973044755358,8.53102030789072e-05,0.00109128640730512,3.97686660969342e-05,0.00458087995229471,0.00288814592278165,0.00758597996300659,0.00160549953613913,1.66771825567789e-05,0.000981601860489381,0.0017087697819715,3.57062754741291e-05,0.000193925699730749,0.000177462327206749,0.000181738527862334,7.14125509482582e-05,0.00214750796923445,0.00115051178638496,0.000219582903664255,0.000593322840962325,0.000188794258944048,0.00201580098904245,0.000145390822289867,0.00587763780110065,0.0057279707781552,0.000515068368965132,0.000137693661109815,7.7185421833297e-05,0.00126832111444631,0.00104531725025759,0.000589901880437857,0.00027816685264576,0.0119477046317026,0.000659176331058323,0.00637324945708287,0.00105536632179821,0.00426273062351923,0.00092194886134398,5.98668091781805e-06,7.73992318660762e-05,0.0111459170087805,0.00275985990311412,0.0036766773236714,0.000231128645434333,6.30739596698688e-05,0.000853102030789072,0.000607861923191311,0.000184304248255684,0.00211821599474369,0.00118536282172797,8.18892425544398e-05,0.000527255540833547,0.000500956906801703,0.000482569243982691,0.000754749415710633,0.00015287417343714,0.000199912380648567,0.000750259405022269,0.00160528572610635,0.000572583267782741,0.000501170716834483,0.00139211712342548,0.0080467405836458,0.00378080280963488,0.000747907494661698,0.000358559424970745,0.00616692277545093,7.31230312104919e-05,0.000323922199660512,3.12162647857656e-05,6.49982499648817e-05,0.0010596425224538,0.000107760256520725,0.00142568529857181,0.00324969868821131,0.000218941473565917,0.00165916585436672,0.427245898001069,0.000735078892694945,5.92253790798429e-05,0.0010523729813393,0.00268951640232976,0.002444276294732,2.65124440646228e-05,0.000599309521880143,0.000245026297564982,0.000628387686338116,0.000571941837684403,0.00369784451691654,0.0200620091857066,0.00375086940504579,0.00126212062349571,0.00171454265285653,0.00868517734152454,0.00239296188686499,0.000855667751182423,0.00127494922546247
0.000104796171446536,0.00166721181846763,4.7105349791625e-05,8.25666805336348e-05,0.000252463503939383,0.000128084209545767,0.0111337993058048,0.000790734748187503,0,0.000869067239975823,7.93910389746489e-06,0.000323915439016567,2.91100476240379e-05,6.35128311797191e-06,1.37611134222725e-05,0.0002863370139019,0.00102361512917981,1.48196606086011e-05,7.93910389746489e-06,0,0.00167409237517876,0.00148778807038492,0,0.00772739446019916,0.000123320747207288,1.32318398291081e-05,0.00012967203032526,0.000170426096998913,0.211640631698619,0.0227174811657992,0,0.000207475248520416,0.000405952845957038,0.00499845981384389,3.49320571488455e-05,0.000209592342893073,7.88617653814845e-05,0,0.000487460979304344,5.29273593164326e-05,0.000323915439016567,0.00278980110956916,0.00215678989214463,0.000147138058899683,1.42903870154368e-05,0.000104266897853372,0.000953751014882115,1.32318398291081e-05,0.000671648189725529,8.30959541267992e-05,0.000113264548937166,0,0.0493679944024025,0.000895001646040875,7.19812086703483e-05,0.000622955019154411,2.69929532513806e-05,0.000265695343768492,8.73301428721137e-05,0.00166774109206079,0.000148196606086011,0.000803966588016611,5.39859065027612e-05,0.000279456457190764,4.12833402668174e-05,0.00191544113366169,0.000980214694540331,0,0.000125437841579945,6.72177463318694e-05,0.000135494039850067,0.000338205826032004,0.364127000257227,0.000147667332492847,0.000328678901355046,0.000178365200896378,0.000587493688412402,0.000255639145498369,0.00221765635535852,4.07540666736531e-05,1.58782077949298e-05,0.00177835927303213,0.000124379294393617,3.38735099625168e-05,0.0104261605117441,0.0127713718030552,2.91100476240379e-05,0.000131259851104753,6.19250104002261e-05,0.00622955019154411,0.00047105349791625,0.00110406471534078,6.8276293518198e-05,0.000112735275344001,0.000577437490142279,0.00752309485323773,8.20374069404705e-05,6.88055671113623e-06,0.00100191491186007,0.000662121265048572,0.00020429960696143,6.35128311797191e-06,7.62153974156629e-05,4.23418874531461e-05,0.0132006126871114,0.00175877615008505,2.06416701334087e-05,0.00407646521455164,0,0.00122420982098909,0.00149784426865504,0.000201653238995608,3.54613307420098e-05,0.000624542839933904,0.184853036601386,0.0319358393379423,0,0.00118186793353594,0.00208427940988111,2.91100476240379e-05,0.000241878032076097,1.48196606086011e-05,9.05057844310997e-05,0.000214885078824716,0.00186304304793843,0.000166721181846763,0.000230763286619646,0.000205358154147758,0.000181540842455364,0.0050799679471912,0.000470524224323086,0.000526627225198504,0.00234997475364961
0.000181572018962434,0.0020972883929429,3.42092209639369e-05,0,0,1.57888712141247e-05,0.0169769837729876,0.000521032750066116,0,0.000456561525941773,1.97360890176559e-05,0.000221044196997746,1.57888712141247e-05,0,0,0.00044471987253118,0.000917070269687078,7.63128775349362e-05,1.97360890176559e-05,9.86804450882795e-05,0.0012999503966296,0.00102101367184673,3.42092209639369e-05,0.00521427471846469,0,0,0.000143415580194966,0.000143415580194966,0.258624341965899,0.0189282251071999,0.000690763115617957,1.97360890176559e-05,0.000461824483013148,0.00354591732683884,0,0.000243411764551089,0.000122363751909467,0,0.000517085532262585,0.000105259141427498,0,0.00250253608743877,0.00290515230339895,0,0,0,0.00138152623123591,0,0.000338144991835838,0,0.000128942448248685,0,0.0822521245899827,0.000863124959705485,0.000168414626283997,0.000719709379510519,9.34174880169046e-05,0.000488139268370023,9.47332272847483e-05,0.00170125087332194,3.28934816960932e-05,0.000902597137740797,0.000472350397155898,9.21017487490609e-05,6.44712241243426e-05,0.00194334689860518,0.000963121144061608,1.57888712141247e-05,0.000127626708980842,3.94721780353118e-05,0.000151310015802029,0.000263147853568745,0.301451655134212,0.000263147853568745,0.00015525723360556,7.10499204635613e-05,0.0017723007937855,0.000548663274690834,0.00400116311351277,0,7.89443560706236e-05,0.00205781621490759,0.000281568203318558,1.97360890176559e-05,0.0101167192304504,0.0105680177993208,0,1.57888712141247e-05,0.000118416534105935,0.00685894880326935,0.000206571065051465,0.000823652781670173,0.000126310969712998,0.000142099840927123,0.000673658505135988,0.00919701748222765,5.52610492494365e-05,0,0.000963121144061608,0.00027893672478287,0.000280252464050714,0,3.94721780353118e-05,4.86823529102179e-05,0.0165388425967956,0.00289725786779189,0.000106574880695342,0.00410247503713674,0,0.000814442606795267,0.00298541239873742,1.57888712141247e-05,0.000122363751909467,0.00025788489649737,0.111497061296345,0.0825481659252476,0,0.000428931001317055,0.00167230460942938,3.15777424282494e-05,0.000102627662891811,0,0.000151310015802029,0.000284199681854245,0.00278673576929301,0.000715762161706988,0.000192097933105184,5.92082670529677e-05,0.000235517328944027,0.00655632877166529,6.44712241243426e-05,0.000339460731103682,0.00136179014221826
5.82849866841223e-05,0.00166635282443068,0.000458807459282706,0.000306369801801155,0.000319820183343645,0.000271996604525904,7.47243419027209e-05,0.00127479727286042,0,0.00467176585575811,0.000167382525862095,0.00158116707466157,0.000379599656865822,0,9.41526707974283e-05,0.00332224424099497,6.42629340363399e-05,0.00299794059713716,5.82849866841223e-05,0.000497664117072121,0.00356285662192173,0.000100130618149646,0.000158415604833768,0.000135998302262952,1.94283288947074e-05,2.24173025708163e-05,0.000197272262623183,2.24173025708163e-05,0.000406500419950801,0.0001016251049877,0.00276031718988651,5.82849866841223e-05,0.0490909036564115,0.000644123827201454,0.000542498722213753,7.47243419027209e-05,0.000197272262623183,0.000546982182727917,0.00017933842056653,0.000118064460206299,0.00558639180064741,0.000645618314039508,0.00205641388916288,0.417093342658931,0,0.000304875314963101,0.000349709920104734,0,0,6.27684471982855e-05,0,1.7933842056653e-05,0.00108948090494167,0.000173360473214312,0.000502147577586284,8.36912629310474e-05,1.7933842056653e-05,0.00159910091671823,0,0.00674461910013958,0.000378105170027768,6.42629340363399e-05,4.48346051416325e-05,0,0.000309358775477264,0.000177843933728476,0.000171865986376258,0.021668564664951,0.0268170718220485,0.000146459710129333,0.000777133155788297,0.000263029683497577,0.000573882945812896,0.00114477691794968,1.94283288947074e-05,0.000130020354910734,0.0207524442332236,0.00102521797090533,0.00281710768973258,0.000131514841748789,0.000152437657481551,0.000239117894088707,0.000632167932497019,0.000434895669873835,0.000529048340671264,5.3801526169959e-05,1.94283288947074e-05,4.03511446274693e-05,0.000237623407250652,5.52960130080134e-05,0.000668035616610324,0,0.000116569973368245,0.000853351984529072,0.000267513144011741,0.000144965223291278,0.00186362508705386,2.24173025708163e-05,0.0016917591006776,0.000938537734298174,0.000113580999692136,0.000138987275939061,0.0661624268075071,0.000140481762777115,8.21967760929929e-05,0,0.000221184052032054,1.7933842056653e-05,0.000285446986068394,0.000378105170027768,0.000842890576662691,0.000147954196967387,0.000552960130080134,0.00320567426762672,0.000159910091671823,0,0.275595328831939,0.000173360473214312,0.00109246987861778,5.82849866841223e-05,0.000182327394242639,2.24173025708163e-05,0.00035867684113306,0.000754715853217481,0.00207285324438148,0.0360335721523301,0.00714663605957622,0.000373621709513604,0.00097440541841148,0.0016588803902404,0.000674013563962542,0.000295908393934775,0.000176349446890421
0.00113278871161575,0.00195298539680603,0.000328078674076114,0.000172378301157639,0.000311162489719249,0.000119366314968869,0.000821864478014202,0.000942302945512732,8.6963482961352e-06,0.000552754193069415,9.7685008257957e-06,0.000291863744185359,0.000248620258822386,6.01596697198394e-05,0.000195012632339361,0.000467339374873129,0.00101425629305884,4.69364551873598e-05,0.000437438232101486,1.60822879449076e-05,0.00774928022826842,0.000104594435671325,6.31378711911186e-06,0.000336536766254547,0.000149624841917066,3.95505155385875e-05,0.000572767706956412,0.000894294337795711,0.00508617247265058,0.000641266340795833,5.93257733078812e-05,0.000160822879449076,0.00013473383456067,0.000733114074170082,5.2773730071067e-05,0.0186691537428607,0.000841877991901198,1.33423425913307e-05,0.000163920208979206,0.000148076177152001,0.000379422867440967,0.0042413162792781,0.0112039939349523,0.000111146478908139,1.25084461793725e-05,0.016070732523199,0.036931127780568,0.000434340902571355,0.000393837362561959,0.00108382707942792,0.000983163869698682,7.14768353107003e-06,0.00204745394747501,0.000637096858736042,6.09935661317976e-05,0.000103522283141664,0.000956836568692574,0.000779931401298591,0.00130028276236049,0.00105344942442087,0.000445419812044514,0.00396184185321326,0.000800064043244438,0.000323909192016323,0.000179406856629858,0.000276734480711261,0.000322479655310109,6.11126941906487e-05,0.000197514321575235,0.000406822320976736,0.000634237785323614,0.00124179088546457,0.00390346910437619,0.000173093069510746,2.87098621831313e-05,0.00025207497252907,0.000561450541365551,0.00035726504849465,0.00110253018466755,0.000111027350849288,5.61093157188997e-05,0.000162371544214141,0.000218242603815338,0.00108561400031069,0.00255791767965226,0.00209784511636905,0.00125692014893866,0.000478418284346287,0.000262677369766824,0.000250883691940558,0.000364055347849167,0.000217289579344529,5.05102969528949e-05,0.000167494050744741,0.0943375098042392,0.000480086077170204,8.16027203130495e-05,2.04900261224007e-05,0.00133697420448665,0.0319555061465313,0.000897749051502395,2.45403801233404e-05,0.000424810657863262,0.000527499044592968,0.000306993007659458,7.61228296058958e-05,0.00076861423570773,0.00128884646871078,1.50101354152471e-05,0.152662845673888,0.000933725725275448,0.000487472016818976,0.000272207614474917,0.00121129410239867,0.000291268103891104,3.6334057949606e-05,3.71679543615641e-05,0.377149189309734,0.0527994617317789,1.44144951209912e-05,0.000626494461498288,0.0130357069678478,0.0123202238463877,0.00019703780933983,0.00646579452220595,0.000634952553676721,0.000372989952263004,0.000383354093383056,0.0247630304653333,0.0576858564497361,0.000656633860387633,0.014885289209571,0.000488067657113232
0.00160217021311242,0.00175412446980258,0.000179765513219658,0.000102055219612595,0.000286738085436019,0.00026690745034542,0.00107754511892698,0.000623052758598535,3.70010630348981e-05,0.000582827202052971,5.32041429259973e-06,0.000193872672328824,0.000237725784073888,0,0.000103506241692395,0.000489558727256942,0.000539780213685573,4.62714818780643e-05,7.90000910113293e-05,0.000114550131966428,0.00577627706267021,0.000104554202083361,3.62755519949982e-06,0.000409107614165813,4.98990370775641e-05,8.78674481656622e-06,0.000323980985484217,0.000290929926999885,0.00497442613890522,0.000415556601187146,3.15194240667651e-05,8.79480605034289e-05,0.000232082920430222,0.000371542264766548,7.63398838650295e-05,0.00226182097305702,0.000526398565616307,1.32204233937327e-05,0.00013962056901186,0.000118097074828161,0.000413541292742979,0.00275025112758523,0.00607760598124199,0.000192341037911257,8.6255201410329e-06,0.00422070078078692,0.00517071718136704,0.000104151140394528,0.000295121768563752,0.000290043191284452,0.00025747580682672,7.25511039899963e-06,0.00144005880186366,0.00052317407210564,8.14990734820959e-05,9.64929683066951e-05,0.000123981775485127,0.00101370014741578,0.000280692160103519,0.00129939027246083,0.000297459526358985,0.00163667229367655,0.00143264246678913,0.000159370591764692,0.000233292105496722,0.000291736050377552,0.000319950368595884,2.88592169204652e-05,0.000230712510688188,0.000336637122513583,0.000421199464830812,0.000881173464127389,0.00405866998187593,0.000183634905432457,2.35388026278655e-05,9.85082767508617e-05,0.000472468911650409,0.000333735078353983,0.00101031442922958,3.45826929018983e-05,3.61143273194648e-05,0.000174767548278124,0.000170253257363191,0.000877707133603422,0.00184142763160387,0.00213179327223939,0.000327689153021483,0.000412090270663179,4.02255565455646e-05,0.000400401481687013,0.000164046107355158,0.000131478722897427,3.62755519949982e-05,0.000105440937798795,0.00844607707716431,0.000710678369750898,0.000152840992405592,7.35990643809629e-05,0.00108262369620628,0.106865680256483,0.000493589344145275,3.06326883513318e-05,0.000238370682776021,0.000646672173564167,0.000322288126391117,6.52959935909967e-05,0.000878432644643322,0.00114284111251798,1.20918506649994e-05,0.0307418374566678,0.000975409286976617,0.000264650304887953,0.000164610393719525,0.000814668285469892,0.000520433252621574,6.36837468356635e-05,9.39133734981619e-05,0.0251002636104057,0.390917923822792,1.09632779362661e-05,0.000555015945523472,0.00134018011537077,0.0262604363755435,0.000106972572216361,0.00448438373762167,0.000603625185196769,0.000278435014646053,0.000187343072969724,0.0232408594274799,0.30037366236925,0.000433694377184645,0.00255162232732817,0.000234501290563221
0,0.00252385349338258,0.000159489633173844,0,3.35767648787039e-05,0,0.000263017991549847,0.000481266963261423,0.000279806373989199,0.000514843728140127,0.000120316740815356,0.00205937491256051,0,0.00291278435322757,0,3.35767648787039e-05,0.000285402501468983,0.000330171521307255,0,3.35767648787039e-05,0.00022384509919136,0,0.000184672206832872,0.000612775959036347,0,0.0324743277651865,0.00016788382439352,0,0.00169562662637455,8.39419121967598e-05,7.55477209770838e-05,0,0.000151095441954168,0.000120316740815356,0.000414113433504015,0.0016424634153166,3.63748286185959e-05,0.000313383138867903,0.000103528358376004,0.000187470270572764,7.55477209770838e-05,6.99515934972999e-05,0.000931755225384034,0.000117518677075464,6.71535297574079e-05,0.000609977895296455,0.000293796692688659,0,3.63748286185959e-05,0,0.00134307059514816,0.03652872212429,0,7.55477209770838e-05,0,0,0.0001399031869946,0.000117518677075464,0.00125073449173172,0.00427544139455497,7.55477209770838e-05,0.0002098547804919,0,0,3.63748286185959e-05,4.19709560983799e-05,0.000402921178544447,0.000201460589272224,0.000235037354150928,0,0.000240633481630712,0.000374940541145527,0.000204258653012116,0.00191947172556591,0,0,0.00226643162931252,0.000579199194157643,0.000470074708301855,0.0376591398752064,0.0545706371191136,0,0.00440974845406978,6.99515934972999e-05,0.000145499314474384,0,0.000277008310249307,0.000282604437729091,0.00711267802680545,6.99515934972999e-05,0.0388539130921402,0,0.434508520104088,0.00386692408853074,0.000386132796105095,0,0.0196591958364812,0.000117518677075464,0.00151934861076135,0.0002098547804919,3.35767648787039e-05,0.00018187414309298,0.000117518677075464,0.000114720613335572,0,0,0,0.0001399031869946,0.000937351352863818,0.000763871400990515,0.000559612747978399,0.000201460589272224,4.19709560983799e-05,3.35767648787039e-05,0,0,4.19709560983799e-05,0.000931755225384034,3.35767648787039e-05,0.281932902431517,0.000296594756428551,0.000486863090741207,0,0.001606088586698,0.000831024930747922,0.00299113013794454,0.000456084389602395,0.000201460589272224,6.71535297574079e-05,0.000545622429278939,0.000573603066677859,0.000226643162931252,0.00022384509919136
0.00030765921364306,0.00176174503638966,0.000310994272869543,0.00122063167689279,0.00016425166690429,0.000573630186955083,0.00137070934208453,0.000620321016125845,1.25064720993114e-05,0.000461905702867901,1.25064720993114e-05,0.000178425668616843,0.00283313281289734,0,0.00106221636363485,0.000375194162979342,0.00159249078064565,2.16778849721397e-05,0.0012331381489921,0.000326002039388717,0.227566932554263,6.67011845296608e-05,0,0.000364355220493272,0.000194267199942637,0,0.0555178971784565,0.000481082293420178,0.00542447383187466,0.000513599120878388,0,0.000304324154416577,3.16830626515889e-05,0.000442729112315623,1.08389424860699e-05,0.000633661253031777,0.00240541146710089,0,0.000229285321820709,0.00103470212501636,0.000707032556014404,0.0180068185285885,0.0878604677920824,0.000130067309832838,0,0.00315913485228606,0.00521936768944596,0.000249295677179607,0.000477747234193695,0.00106388389324809,0.000447731701155348,0,0.000719539028113716,0.00082292586413469,0.00198936282859713,0.000128399780219597,9.92180119878704e-05,0.00664343797915421,0.000496090059939352,0.000150077665191737,0.000235955440273675,0.00344261488653712,0.000168420490937393,0.000203438612815465,0.00699361919793493,0.000343511100327753,0.000102553071214353,0,0.000282646269444438,0.00277560304124051,0.0024379282945591,0.06362709368765,0.00397789189238764,7.42050677892476e-05,2.50129441986228e-05,0.000189264611102912,0.000291817682317266,0.000339342276294649,0.00076873115170434,0,0,0.000215945084914777,0.000105054365634216,0.00146492476523267,0.00378695975167149,0.00273057974168299,0.00170588279434607,0.0064583421920844,3.58518866846927e-05,0.000495256295132731,0.00011005695447394,0.000220947673754501,6.2532360496557e-05,0.000134236133865942,0.00170338149992621,0.00106305012844147,4.08544755244172e-05,1.00051776794491e-05,0.000956328233194011,0.00447898454116672,0.113722184563845,1.00051776794491e-05,0.000674515728556194,0.00271140315113071,0.000129233545026218,6.2532360496557e-05,0.000744551972312338,0.00170838408876594,0,0.00571462398457869,0.000623656075352328,0.0369424510517526,0.000126732250606355,0.000824593393747931,0.000254298266019332,2.33454145853813e-05,5.50284772369701e-05,0.00467742056514246,0.00656923291136496,1.25064720993114e-05,0.17441692742661,0.000130901074639459,0.00210775743113728,2.16778849721397e-05,0.0800806083815041,0.000392703223918378,0.000288482623090783,0.000237622969886916,0.00486751894105199,0.0104854262080627,0.000376861692592583,0.000825427158554552,9.08803639216628e-05
0.00100026243444517,0.00337185239998451,0.000337723015500841,4.40975911959697e-05,0.000116159508516213,0.000117235059520993,0.000480771299136548,0.00112395079999484,0,0.00046894023808397,0,0.000440975911959697,0.000430220401911899,2.5813224114714e-05,8.49685293776001e-05,0.000154879344688284,0.000864743007842918,4.19464891864102e-05,0.000368913994639454,4.62486932055292e-05,0.00341057223615658,8.49685293776001e-05,0,0.00029792762832399,1.2906612057357e-05,1.2906612057357e-05,0.000235545670046765,0.00108307986181321,0.00381605496495855,0.00201450703195247,0.000131217222583129,0,0.000253830037128021,0.000478620197126988,3.0115428133833e-05,0.0224187851436291,0.00123473255348715,0,7.09863663154634e-05,9.57240394253976e-05,4.62486932055292e-05,0.00313738228094253,0.00717930295690482,4.83997952150887e-05,3.22665301433925e-05,0.0105016800106695,0.0323256854486553,0.000347402974543859,0.000581873093585844,0.000805587702580032,0.00134658985798425,2.5813224114714e-05,0.00111319528994704,0.0012056926763581,0.000140897181626147,0.000102177345454076,0.00154664234487328,0.000919596109086685,0.00175852589281489,0.00410430263423952,0.00112179969798528,0.00526267106638731,0.00168753952649943,9.78751414349571e-05,0.000282869914257074,0.000196825833874694,0.00123580810449193,0.000116159508516213,5.91553052628862e-05,0.000236621221051545,0.000946484884206179,0.000570042032533267,0.00146812712152436,0.00102607565855988,5.80797542581064e-05,0.000689428194063819,0.000613064072724457,0.00107770210678931,0.00164451748630824,0.000527019992342077,2.5813224114714e-05,4.19464891864102e-05,9.24973864110584e-05,0.00105941773970805,0.00116159508516213,0.000908840599038888,0.0014713537745387,0.000353856280572537,0.000271038853204497,0.000480771299136548,0.000379669504687251,0.000100026243444517,0.00029900317932877,0.000125839467559231,0.167653663972053,0.000549606563442452,9.35729374158381e-05,0.0002549055881328,0.00162730867023176,0.0203451228064137,0.000206505792917712,3.8719836172071e-05,0.000268887751194937,0.0007700945194223,0.000461411381050512,2.90398771290532e-05,0.000631348439805713,0.000606610766695778,0,0.150928845847728,0.00490881478581477,0.000224790159998967,0.000244150078085003,0.0011045908819088,7.20619173202432e-05,2.68887751194937e-05,1.61332650716962e-05,0.176322605070578,0.0416410327010528,9.03462844014989e-05,0.000152728242678724,0.201993856452661,0.00570902473337091,0.000182843670812557,0.00493785466294383,0.000588326399614523,0.000538851053394654,0.000452806973012274,0.0153631705522739,0.0491645119794871,0.000758263458369723,0.0107899276799504,0.00208979560228705
0.00147410481686024,0.000972209909819072,0.000254218229319279,6.04529595896778e-05,0.000135116876097825,0.000366552460198606,0.000480465686291096,0.00055918987620452,1.64666643658451e-05,0.000393395378822381,2.70684893685124e-06,0.000197599972390141,0.000269557039961436,2.70684893685124e-06,0.000187674859621686,0.000340386253809044,0.000313092193695794,0.000179328742066395,8.34611755529134e-05,7.48894872528844e-05,0.00378688166265489,8.61680244897646e-05,5.8648393631777e-06,7.10547845923452e-05,2.59406356448244e-05,2.70684893685124e-06,0.000378056568180224,0.000328431004337951,0.00266782519801164,0.000332942419232703,1.55643813868947e-05,6.63177989528555e-05,0.000115943362795128,0.000180907737279558,0.000150230115995244,0.00349634654343286,0.000347830088385385,2.88730553264133e-05,5.16557005449113e-05,0.000155418243124209,0.000392041954353955,0.00233736405697105,0.00498150432678524,0.000105341537792461,8.12054681055373e-06,0.0129396402011279,0.00571889509133247,4.64675734159464e-05,0.000182486732492721,0.000239330560166598,0.000283767996879905,0,0.000858296683726582,0.000475051988417393,3.67680313922294e-05,5.79716813975642e-05,0.000163538789934763,0.00105928021728779,0.000375124148498635,0.000953713108750589,0.00020617166069017,0.0014384646391917,0.00124672950616474,0.000179103171321657,0.000275421879324614,9.04538686397791e-05,0.000213164353777036,6.45132329949547e-05,0.000232337867079732,0.000130154319713597,0.000462420026712088,0.00125056420882528,0.00177095591693493,0.000273842884111451,2.03013670263843e-05,3.06776212843141e-05,0.000215645631969149,0.000318957033058972,0.000826716779463318,4.7820997884372e-05,0.000115943362795128,5.75205399080889e-05,0.000123838338860944,0.00193742712655128,0.00117567472157239,0.000879274762987179,0.000622575255475786,0.000986646437482279,3.33844702211654e-05,0.000132410027160973,0.00027203831815355,0.000113687655347752,0.000284219138369381,0.00012992874896886,0.0105000925967907,0.00024000727240081,4.17305877764567e-05,1.15041079816178e-05,0.000556483027267668,0.221356406513671,0.00102093319068239,4.73698563948968e-05,0.000230082159632356,0.000849499424681816,8.57168830002894e-05,7.80474776792109e-05,0.00240435856815812,0.00100627109227445,0.000319633745293184,0.0313965152477928,0.000374898577753897,0.000195118694198027,9.18072931082047e-05,0.000550618187904491,0.000133763451629399,4.73698563948968e-05,2.03013670263843e-05,0.0391058465906899,0.141851516252711,0.000131282173437285,0.000683253785810202,0.00110416879549057,0.210424345940708,0.000177749746853232,0.00296196944914947,0.000283542426135168,0.000234819145271845,0.000168726917063728,0.0953390542585614,0.167516504447466,0.000476405412885819,0.00185216138504046,9.789770321612e-05
0.000370696490104595,0.00493912572805172,0.00166861067910835,0.000279213551672613,0.000966288537187814,0.00085002896959717,0.000961523800811149,0.00464752386179977,0.000261107553441283,0.00716902235233129,0.00159618668618303,0.00833257097551307,0.00019344829689263,0.000241095660659287,0.000218224926051291,0.00267492300186015,0.000104824200286647,0.00814198152044644,9.14829384319824e-05,0.000121977251242643,0.0107158921111213,0.00013627146037264,0.00103871253011313,0.00112447778489312,3.71649437379929e-05,0.000222989662427957,0.000243954502485286,7.90946238526515e-05,0.00946943707498551,0.0020898133748056,0.0116726511755558,0.000354496386423932,0.006939362058976,0.00275878236208947,0.0184395297776965,0.000559380050620559,0.0012388314579331,0.00143513859665172,0.000424061537523252,5.33650474186564e-05,0.000653721830878541,0.00212793126581892,0.00766264904095386,0.00653817125606075,2.57295764339951e-05,0.00112638367944378,0.00171149330649834,6.38474674473211e-05,0.000124836093068643,0.000162001036806636,0.00012102430396731,0.000447885219406581,0.011930899887171,0.00100917116457781,8.19534656786509e-05,0.000357355228249931,0,0.000929123593449822,8.29064129539841e-05,0.253088502119355,0.000632756990821212,0.000561285945171226,0.000101965358460647,0.000137224407647974,0.000506967950477236,0.000632756990821212,0.000807146342207178,0.00264919342542616,0.00148373890769371,0.000676592565486537,0.00142942091299973,0.000962476748086482,0.00916544689415424,0.13396818680816,0.000168671667733968,0.00015723630042997,0.0301693577897722,0.00341917482389534,0.00258248711615284,0.0010520537919678,0.000586062574329887,0.00121214893422377,0.00478284237489708,0.000142942091299973,0.00201643643460495,0.00263871100539749,0.000324955020888604,0.000167718720458634,0.00675067849846004,0.00285026530052145,0.00646002957948343,0.00027826060439728,0.00141798554569573,0.0181298219132132,0.00169148141371634,0.00131983197633641,0.00231375598450889,0.00062608635989388,0.0029550895008081,0.0029665248681121,0.00043263806300125,0.000638474674473211,0.00099201811362181,0.000129600829445308,0.000394520171987924,8.48123075046504e-05,7.90946238526515e-05,0.00124550208886043,0.00392614277437258,0.0011959488305431,0.0046770652273351,0.000603215625285884,0.00148850364407038,0.00802286311102979,0.00116354862318178,5.33650474186564e-05,0.00203168359101028,0.00280071204220413,0.0015609276369957,0.000416437959320587,0.000313519653584606,3.90708382886592e-05,0.000580344890677889,0.214312124538774,0.00406432012929589,0.0515420592809441,0.029542318482603,0.00083478181319184,0.00197545970176562,0.00730910560180526,0.00251292196505352,0.00106158326472113,0.00197069496538895
0.000366107925344156,0.00584540280105498,0.000258591610646452,0.00136063383629791,0.000952879275221048,0.000461831442678771,0.00199393892712104,0.00125959824807902,0.000255510609533574,0.00091643846895493,1.05179003508623e-05,0.000438033365117224,0.000541406264525194,2.61353887506275e-05,0.00041721004725087,0.000780130730064462,0.00255202509422286,2.90039070281354e-05,0.000743158716709916,0.000379494343972526,0.206842478506033,0.000185709998114215,0.000107410073280018,0.00084196323515741,0.000578590760715111,2.114204211941e-05,0.00299292697761759,0.00113667692781692,0.0150418723987453,0.00127532197789647,0.000315324527690497,0.000598457905822295,0.000568922791705732,0.000835163784425539,6.94818871663023e-05,0.0018896098549539,0.0079045739586349,4.55775681870699e-05,0.000474474171383343,0.000176148270522522,0.000813278052382331,0.0432209210599706,0.245154408620429,0.000263159991606928,4.35589812510458e-05,0.00078979869907384,0.0053601982464854,0.00045832547589515,0.000794685804287372,0.00253523895022855,0.00149226695281022,2.97475969519337e-06,0.00638298437454349,0.00242092318479898,0.000398086592067485,0.00028918913893987,0.000505284182512131,0.00194538659923878,0.00170050013147375,0.00271680553305303,0.000574447345425377,0.00414394649682205,0.000405842215558524,0.000925787713711252,0.00132174947742503,0.000794898287122743,0.000456731854629868,0.00010571021059705,0.000306400248604917,0.0066733421690779,0.00223478822101402,0.00467727841360315,0.0107617244044505,0.000238193258450841,5.15270875774566e-05,0.000698962286952757,0.00130708816178443,0.000546399611156411,0.00202464269683215,6.60821618003671e-05,7.54314065566891e-05,0.000603876218124255,0.00012780842547563,0.000189322206315521,0.00752614202883923,0.00490261646051405,0.000339122605252044,0.000515058392939195,0.000164992921665547,0.000489985418365423,0.000183903894013562,0.000788842526314671,4.0265497302796e-05,0.000104116589331768,0.00269863825062882,0.00138910653623762,6.84194729894476e-05,0.000122283871755985,0.00402952448997479,0.00381162334230188,0.00912698771052401,6.73570588125928e-05,0.000601432665517489,0.00041721004725087,0.00100143160310331,0.000222150804380334,0.000138326325826492,0.00419441117022265,1.88047309303295e-05,0.00443292315292655,0.002938743854598,0.00296987258997984,0.000569772723047216,0.00213120283877068,0.000787780112137816,0.000117396766542453,0.000113997041176517,0.0054706893208783,0.005772096222852,9.45548617400751e-06,0.00561910858138491,0.000334872948544625,0.000891577977216528,0.000370145099216204,0.283964079776681,0.0018801543687799,0.00063851092028972,0.000724672710032643,0.00177667522795424,0.013560442070539,0.00103819113362249,0.00204875949864675,0.00078629273229022
8.04693764611545e-05,0.00380570739640627,0.00317677569090724,0.000198349954259512,0.00242484583761562,0.00103092565194312,0.000474169330155969,0.0031411291688784,0.000367053296138599,0.0301500753871001,0.000220761381475667,0.0339111363970048,2.02938120461245e-05,0.000263996024530454,0.00016517398326237,0.00753394537117559,5.15286358040726e-05,0.00147262488282529,1.79997289452582e-05,0.000104821950916504,0.00432275843375535,0.000146115446732096,0.00179044362626069,0.000361759258213523,8.39987350778718e-05,5.96461606225224e-05,0.000227114226985758,0.000285348644161594,0.00309948273720113,0.000357171092011791,0.0041011147126255,0.000147527190178783,0.0318826375320466,0.000917456772415662,0.00358565188665394,0.000158468201890607,0.000582520639689191,0.000305289520346047,0.000212467388726382,1.44703703285409e-05,0.000701989428865071,0.00164009294918853,0.00375611990784139,0.00897886478885965,3.44112465129937e-05,0.000191114769095242,0.00107380735913624,1.81761968760941e-05,7.39400630202275e-05,0.000307583603446913,0.000138880261567826,0.000326289204115514,0.00171068012152288,0.000526756773545057,5.01168923573857e-05,0.000109410117118236,3.22936313429633e-05,0.0003508182465017,7.48224026744068e-05,0.0334385552782264,0.000474698733948477,0.000327877415493037,8.13517161153338e-05,2.24114272161549e-05,0.000366876828207763,0.000280231074167354,0.00049975718012717,0.00101663174954542,0.00294913206012898,0.000463934190167489,0.000867163412127441,0.000308818878962764,0.00184691336412816,0.00741694713303141,3.05289520346047e-05,9.91749771297562e-05,0.208137924511254,0.00349512383813514,0.00232725907186339,0.000343406593406593,0.000253584416611138,0.000971455959251437,0.000661578272703658,7.85282292219599e-05,0.000611461380346272,0.000400405735066578,4.11170278847566e-05,0.000167115130501564,0.00185061919067572,0.000529403792507595,0.00132086246230645,6.17637757925528e-05,0.00031923048688208,0.00275448793241702,0.000501698327366364,0.000335642004449815,0.000833810973199462,0.00116045311317665,0.00247266864687214,0.00120562890347063,0.000248113910755226,0.00158450555097523,0.00278007578238822,3.07054199654405e-05,0.000279348734513174,4.74698733948477e-05,0.000109939520910744,0.000329995030663068,0.000650990196853506,0.000893633601752821,0.00195420586607637,6.98813006110026e-05,0.00240225794246863,0.014927245801475,0.000330700902386411,3.22936313429633e-05,0.00220673147510249,0.00116698242661758,0.00162403436748247,7.7116485775273e-05,0.000216526151135606,6.15873078617169e-05,0.000236819963181731,0.00446181516325401,0.00217461431169036,0.433447590436285,0.0762097935466384,0.000984161650271619,0.000566991461775634,0.00433616999649888,0.00175250302113098,0.000514404018386547,0.000615167206893826
0.00019305152773959,0.00479703796201405,0.00248095145152944,0.000341961797070403,0.00305744692279588,0.00138273821521469,0.000778056157253499,0.00430616589561284,0.000441412584087768,0.0233799759297186,0.000299947828223495,0.0364856750980016,3.45684553803674e-05,0.000165928585825763,0.000156355782797354,0.00608777090367792,0.000119128215464651,0.00206559816457457,7.17960227130706e-05,0.000116469103512315,0.00538842446021357,0.000142528400645207,0.00548149337854533,0.000314838855156576,0.000170183164949501,0.000258465681767054,0.000513208606800838,9.89189646268974e-05,0.00368499734354716,0.000482894730544209,0.00471886007061538,0.000124446439369322,0.0296586710715743,0.00121361869504613,0.00336111750775264,0.000734446721235189,0.000885484280127871,0.000350470955317878,0.000194115172520524,1.38273821521469e-05,0.00100461249559252,0.00156462147275447,0.00485766571452731,0.00773003844544061,2.28683627900892e-05,0.000476512861858602,0.00190073322352974,0.000155292138016419,0.000161142184311559,0.00026112479371939,0.000241447365272104,0.00021006984423454,0.00113490898125698,0.000804647276776859,1.27637373712126e-05,0.000103173543750635,4.83958375325143e-05,0.000241447365272104,0.000397803148069458,0.0708323605415441,0.000825388350005079,0.000568518135409426,0.000303670584956766,0.000140401111083338,0.000510017672458035,0.000474385572296733,0.00038238029874591,0.0013891200839003,0.00338877227205693,0.000289843202804619,0.000878570589051798,0.00051108131723897,0.00352172786967373,0.012368061512705,2.02092508377532e-05,8.24324705224144e-05,0.202029753335457,0.0047459830125292,0.00572453621098883,0.00049406300074402,0.00054511795022887,0.00176245940200827,0.00113809991559979,0.00012870101849306,0.00110884968412409,0.00124552803847416,4.04185016755064e-05,0.000169119520168566,0.00212516227230689,0.00074189223470173,0.00324943480575453,9.94507870173645e-05,0.00108332220938167,0.0031510476635181,0.000875379654708995,0.000473853749906266,0.00155345320255466,0.000835492975423956,0.00359671482672961,0.00127584191473079,0.000814751902195735,0.00123542341305528,0.00204485709134635,0,0.000411630530221605,9.41325631126926e-05,4.94594823134487e-05,0.000842938488890496,0.000872720542756659,0.000886016102518339,0.0052501506386921,0.000336111750775264,0.00218472638003922,0.0124722987012365,0.000366957449422361,2.39320075710236e-05,0.00138805643911937,0.00145293877075636,0.00138646097194796,0.00030845698647097,0.000461090012535054,2.65911195233595e-05,0.000158483072359223,0.0066685209540681,0.00245382850961561,0.25538749377103,0.191613479995767,0.00129551934317807,0.000682328126969405,0.0052501506386921,0.00168215422104772,0.000804115454386391,0.000531290568076723
0.000299926892819875,0.050908126858364,0.00204414459689736,0.000262436031217391,0.0016969078072934,0.000524872062434782,0.00127201137579858,0.200973334178365,0.00123987635156788,0.00442927750646494,5.35583737178348e-05,0.00372855545032327,0.000132110655170659,2.23159890490979e-05,0.0014817816728601,0.00224231057965335,0.000299034253257911,0.000869430933352852,7.2303804519077e-05,0.000178527912392783,0.00797484184658561,0.000670372311034899,0.000334739835736468,0.00272255066398994,0.00028742993895238,6.87332462712214e-05,0.000380264453396627,7.14111649571131e-05,0.00780970352762228,0.00154783700044543,0.000292785776324164,0.00130503903959124,0.00298766461389322,0.00595747643654716,0.000377586534710736,0.000478454805212658,0.00314833973504672,8.3015479262644e-05,0.00238156235131972,3.74908616024844e-05,0.000616813937317065,0.00221820931148033,0.0136698822519154,0.00125326594499734,0.00130146848134339,0.000386512930330375,0.0017611778557548,0.000173172075020999,0.000352592626975746,0.000325813440116829,0.000251724356473824,0,0.00557007086665482,0.00484256962365423,0.000105331468311742,0.00112472584807453,0.000268684508151138,0.000366874859967169,0.000297248974133983,0.00959230473286422,0.00672871701808399,0.00142911593870423,0.000347236789603963,7.94449210147884e-05,0.000573074598780833,0.00191738977909849,0.00522997519354657,0.000132110655170659,0.000996185751151728,0.000496307596451936,0.00111937001070275,0.000936378900500146,0.00437750441187104,0.00158175730380006,0.000170494156335108,5.98068506515823e-05,0.00615474977974119,0.0135663360627276,0.0723886052774636,6.42700484614018e-05,9.99756309399584e-05,0.00951821564922121,0.000678406067092575,0.000233871565234545,0.00193613520989973,0.0010363545314401,0.000121398980427092,0.000103546189187814,0.00158086466423809,0.00270469787275066,0.00089621012021177,0.00030796064887755,0.000232978925672582,0.000967621285168883,0.00131575071433481,0.00125148066587341,0.000494522317328008,0.00333490140349718,0.0273986787149204,0.00309656664045282,0.000731071801248446,0.00107830859085241,0.000485595921708369,3.39203033546287e-05,0.0015040976619092,7.2303804519077e-05,0.000112472584807453,0.00073196444081041,0.000601639064763678,0.00168173293474001,0.0993159703036671,0.000444534501858029,0.00512910692304465,0.00768294870982341,0.000587356831772256,0.000146392888162082,0.000120506340865128,0.0025627681823984,0.00188079155705797,5.53436528417627e-05,0.000410614198503401,0.00033295455661254,0.000358841103909494,0.000464172572221235,0.00560756172825731,0.0094468044842641,0.00232443341935403,0.216341909516698,0.000985474076408161,0.0062261609446983,0.0969486901853387,0.00100957534458119,0.00279842502675687
0.00134173656317492,0.00240870368778388,0.000292653839892742,6.30018683102432e-05,0.00016238223477382,0.000817804897033608,0.000610101963443064,0.000804594827871783,3.51591071537809e-05,0.000920843436495844,7.92604149709511e-06,0.000235748926580265,0.000705417693241465,3.88172801524401e-05,0.00019957366026019,0.000689159146580757,0.000623921728104666,0.000138197646616017,0.00020485768792492,5.22305811475242e-05,0.00527996302806489,5.18241174810065e-05,1.66650103272256e-05,0.000182298954433187,0.000142262283281194,2.37781244912853e-05,0.000535312648803808,0.000219083916253039,0.00328239733896367,0.000364191445199857,0.000161366075607526,6.21889409772078e-05,0.00048552084965539,0.000375165964195835,0.000154252961443466,0.00244162724477181,0.000491211340986638,2.07296469924026e-05,0.000184331272765776,0.000221522698252145,0.000491821036486414,0.00222538857418439,0.00535617496553696,0.000386546946858331,1.56488511609314e-05,0.0435954637841889,0.00744641437060422,8.82026156343404e-05,0.000363784981533339,0.00019591548726153,0.000223148552918216,1.78844013267787e-05,0.00131795843868363,0.000637131797266491,4.41013078171702e-05,0.000117467999623615,0.000195509023595013,0.00210324624239583,0.00032659355604697,0.00291515741626493,0.000307692995553897,0.00117061535957097,0.00124073034204527,7.15376053071148e-05,0.000400976407019709,0.000204044760591884,0.000440200150838667,7.74313284716214e-05,0.000191647618763095,0.000138197646616017,0.000786913658378263,0.00403699713585377,0.0021898230033641,0.000223351784751475,3.71914254863693e-05,6.15792454774312e-05,0.000554822904796657,0.000646886925262916,0.00136835993333183,2.1542574325438e-05,7.31634599731856e-06,0.000209125556423355,7.90571831376922e-05,0.0065318711209394,0.00154151345526837,0.00143461351097421,0.00219815550852771,0.00263672980470031,0.000127019895786781,0.000138197646616017,0.000359517113034904,7.90571831376922e-05,5.14176538144888e-05,0.000122142331788568,0.00991161650803406,0.000567423278458706,4.41013078171702e-05,3.31267888211924e-05,0.00120191306189283,0.162812679796662,0.00128462841802918,3.04847749888273e-05,0.00048369176315606,0.00150716727544762,0.000240423258745218,3.57688026535574e-05,0.0085804480001886,0.000799107568373794,0.000384514628525742,0.0358994807223428,0.00235362786097073,0.000493853354819003,0.000549945340798445,0.00132507155284769,9.51124979651413e-05,1.91037923263318e-05,0.000124174650121157,0.0472955025404995,0.0918546916780019,1.58520829941902e-05,0.00155167504693131,0.00126613432120263,0.0618379596011697,0.000102632075795719,0.00390266089406967,0.00121715544938725,0.000276801756898552,0.000293669999059037,0.301451339490851,0.13374321129465,0.000622905568938372,0.00274383298082772,0.000248146068409054
0.0018667001097005,0.00286621762699887,0.000357432268012578,9.49608908132196e-05,0.000402451736635846,0.000327638042422252,0.00104942612646454,0.00104315883892297,5.70946613735322e-05,0.000937599341429488,8.33450803958458e-06,0.000329081815468479,0.000327506790327141,1.94253100765121e-05,0.000120062854003307,0.000730581974414767,0.0007113863555047,8.64295046309677e-05,8.50513576322962e-05,0.000100932861140796,0.00698277552505432,0.000150185209831412,1.59799425798334e-05,0.000467191832549627,6.71026336257893e-05,2.37894422389717e-05,0.000349425890210772,0.000459644837080712,0.00659581153564164,0.000888773562047984,6.63151210551198e-05,0.000227558319899681,0.000393953163477372,0.000849332307466958,0.000144803873931838,0.00174201061934451,0.000881456257745514,2.06065789325162e-05,0.0003159894189811,0.000136075609606918,0.000459251080795377,0.00357586489224334,0.0072716285733711,0.000224047326355447,1.60127556036113e-05,0.0027839553763877,0.00495771976260171,8.25575678251764e-05,0.00035802290244058,0.000256860350133339,0.000335250663938723,5.64384008979743e-06,0.00315198625108053,0.000785675041337847,0.000125116059665102,0.000142310084124718,0.000166066713339912,0.00137460319210345,0.00036970433890551,0.00292370604465774,0.000552866637633703,0.00229937264123579,0.00199680374897984,0.000182243534062412,0.000389884348528913,0.000388965583863132,0.000507748729939102,5.7455604635089e-05,0.000285867063152996,0.000531144415892739,0.000707186288461129,0.000976253083439845,0.00415301316747269,0.000338433527245179,5.33867896866304e-05,0.000201176648782256,0.00087902809398595,0.000553457272061705,0.0016117101019225,2.53316543565327e-05,3.37646014674509e-05,0.000478676390871889,0.000118159698624189,0.000798800250849004,0.00275255331263225,0.0020317496193033,0.000269427738240272,0.00047834826063411,8.82998469863075e-05,0.000467552775811184,0.000158815035084998,0.00017154648831082,4.96461049759507e-05,0.000137224065439145,0.00530885193004893,0.000638213312480001,0.00012173631821598,6.06384679415445e-05,0.00180235377007205,0.0875384535825653,0.000534097588032749,6.90714150524628e-05,0.000535803865269199,0.000853007366130082,0.000490751583622154,0.000105034489113032,0.000664004349169424,0.00159103789694243,4.59710463128268e-05,0.0155950458109188,0.00297728971248704,0.000195992191025349,0.000296039100524142,0.00167940336997629,0.000371705933355961,0.000100375039736572,6.94979843615754e-05,0.0129111701570536,0.102413942595059,2.24112952403003e-05,0.00045547758306092,0.000641264923691344,0.0132030091905342,0.000280748231443644,0.00446785413062156,0.00102744140053336,0.000460629227794049,0.000377415399493314,0.0140751793625506,0.638313260950428,0.000776159264442259,0.00182571664300191,0.000711812924813812
0.000298149148680776,0.0989467407386344,0.00252651243910993,0.000123223492084829,0.00302802343486777,0.000629904704293778,0.000358468340610413,0.163347818556424,0.000417064127056346,0.00490050349291206,1.29255411277793e-05,0.00343388542628004,0.000236106551267435,4.99787590274134e-05,0.00153210747501277,0.00399485391122566,0.000461010966890796,0.000790181414278242,4.13617316088938e-05,0.000136149033212609,0.00476952467615057,0.000369670476254488,0.000153383088049648,0.0020930759599584,0.000281776796585589,0.000280053391101885,0.000159415007242612,0.000123223492084829,0.00359588554174821,0.001519181933885,0.000950458124262706,0.00516590793740247,0.00286257650843219,0.00239811873057399,7.5829841282972e-05,0.00038345772012412,0.0035045450511119,0.000122361789342978,0.0060620787889285,8.61702741851954e-05,0.000381734314640416,0.00300131064987036,0.0127445835519904,0.00143214995695795,0.000425681154474865,0.000394659855768195,0.00236709743186732,7.75532467666759e-05,0.000130978816761497,0.000179234170305206,0.000155968196275204,9.22021933781591e-05,0.000811723982824541,0.00598280213667812,5.85957864459329e-05,0.00224818245349175,2.58510822555586e-05,0.00107281991360568,0.000118053275633718,0.00409653483476419,0.0139078822534905,0.00128652219358497,0.000122361789342978,0.000215425685462989,0.000179234170305206,0.00465319480600055,0.00455323728794573,0.000438606695602645,0.00162000115468167,0.000915990014588627,0.000812585685566393,0.000288670418520405,0.00434556692715941,0.000770362251215647,0.000193021414174838,6.97979220900083e-05,0.00432833287232237,0.00938738966973519,0.055184305290941,9.3925598861863e-05,0.000115468167408162,0.00465491821148426,0.000194744819658542,6.37660028970446e-05,0.00282638499327441,0.000728138816864901,0.000130117114019645,0.000141319249663721,0.000231798037558176,0.00376133246818378,0.000450670533988572,0.000132702222245201,0.000291255526745961,0.000711766464769714,0.00102025604635271,0.000492893968339318,0.0007496813854112,0.00222319307397804,0.0564673806735586,0.00371393881738192,0.000697117518158231,0.00144679890356943,0.000863426147335658,4.39468398344497e-05,0.000208532063528173,0.000101680923538531,4.48085425763016e-05,0.00123051151536459,0.000124085194826681,0.00117708594536977,0.0611222988850428,3.10212987066704e-05,0.00324431082307261,0.0071435157299527,0.000610947243973036,0.000120638383859274,0.000363638557061525,0.00134253287180534,0.00158984155871686,7.06596248318603e-05,0.000159415007242612,4.91170562855614e-05,0.000483415238178946,0.000328308744645595,0.00430851370925977,0.00593627018861811,0.00230246972622842,0.0596229361142204,0.00225679948091027,0.0072762179521979,0.294694582388692,0.000673851544128228,0.00184318216482133
0.00149601085973333,0.00828201203469466,0.000852579652920152,0.000682063722336122,0.00196759398025479,0.00246715237063769,0.00393918442763264,0.0030746153733433,3.59682041075689e-05,0.00653022727908529,3.46360483998812e-05,0.0018037388282092,0.000526201504536656,0.000119894013691896,0.00154663277662546,0.00830332652601767,0.00277354818340587,7.5932875338201e-05,0.00214210637796188,0.000432950604998515,0.0283669236395027,0.00140409211590288,0.000392985933767883,0.00153331121954859,0.000536858750198158,0,0.00237523362680724,0.000957819953827483,0.0348811650500957,0.00502888779652121,0.000289077788568239,0.00173713104282481,0.00118561857984209,0.00453465802896906,0.000796629113197267,0.0185542646966748,0.00261102518706797,0,0.000422293359337013,0.000315720902721994,0.00150666810539483,0.0128886064718789,0.0353354301464172,0.000427621982167764,0,0.00446805024358467,0.147128604979864,0.00220338554051552,0.00139743133736444,0.00325045992675808,0.00146803558987189,0.00011190107944577,0.01906980895555,0.00225134314599228,0.000584816355674917,0.000672738632382307,0.00078330755612039,0.00387524095366363,0.00357017729660314,0.0115191504043759,0.00053552659449047,0.0129045923403711,0.00130151612641092,0.000534194438782783,0.000769985999043512,0.0020421946998853,0.00123624049673422,0.000242452338799168,0.00265232201400629,0.00324113483680426,0.00453465802896906,0.00219539260626939,0.021262537250404,0.000769985999043512,0.000254441740168358,0.000349024795414187,0.0051381245645516,0.00122025462824197,0.00211146679668506,5.72826954305727e-05,0.000293074255691302,0.000860572587166278,0.00104041360770412,0.000889880012735409,0.0107025389555633,0.00840723467121731,0.00342497232446517,0.000952491330996732,0.000411636113675511,0.00135879882184149,0.000209148446106975,0.000768653843335824,0.000462258030567645,0.000279752698614425,0.066846241256063,0.002107470329562,0.000137212037891837,0.000668742165259244,0.00558706103804237,0.0149268047046411,0.00221937140900777,0.000202487667568536,0.00272026195509836,0.000619452404074798,0.00254042093456052,0.00088321923419697,0.000963148576658234,0.00628377847316306,9.85795223688926e-05,0.0352848082295251,0.00297603585097441,0.00094183408533523,0.00037700006527563,0.0109236768030394,0.00155729002228697,0.000551512462982723,0.000161190840630216,0.0834848660450828,0.0227558837987219,0.000149201439261027,0.00148402145836414,0.00387524095366363,0.00418829754497025,0.000602134379874857,0.0221484207960163,0.00686859482883797,0.00384726568380219,0.00167185541314811,0.0103361961359492,0.041266187357043,0.00183704272090139,0.132061923925916,0.00490766162712162
0.000241592998398903,0.00357048367042492,0.000144707374362325,0,0.00011179110465759,7.452740310506e-06,0.00311772969656168,0.00179921572329466,5.34113055586264e-05,0.000999288263300347,4.65796269406625e-05,0.00055026065959236,1.73897273911807e-05,1.8631850776265e-05,7.26642180274335e-05,0.000263330157637879,0.000697452280724853,0.000177002582374518,1.8631850776265e-05,0,0.00432569468855619,0.0293290173686113,7.452740310506e-06,0.00204018766000102,2.48424677016867e-05,0,0.000133528263896566,0.000101854117576915,0.0322660181126432,0.0137291897753371,9.37803155738672e-05,0.000113033228042674,0.00091420281142207,0.22446163267182,0.000116138536505385,2.2358220931518e-05,0.000277614576566349,0,0.000414248148925625,5.83797990989637e-05,3.54005164749035e-05,0.00241468786060394,0.00583176929297095,0.000159612854983337,7.57695264901444e-05,0.00026084591086771,0.00114523776104776,1.8631850776265e-05,0.000228550702855517,6.83167861796384e-05,8.1980143415566e-05,0,0.0649903797543825,0.000709252452883155,7.39063414125179e-05,0.000684409985181468,8.07380200304817e-06,0.000147812682825036,5.77587374064215e-05,0.00209546215063727,0.000397479483226987,0.000551502782977444,0.000100611994191831,7.76327115677709e-05,8.13590817230239e-05,0.000726642180274335,0.00455176114464154,0,0.000100611994191831,0.000630377617930299,0.00019190806299553,0.000373258077217842,0.0221545126963642,0.000488775552030685,0.000998046139915262,3.22952080121927e-05,0.000658325394094697,0.000497470415726276,0.00944262197341111,1.8631850776265e-05,0,0.0228351963113904,0.000124212338508433,0.000108685796194879,0.00572680986693132,0.00539826823157651,0.000112412166350132,0.000109927919579964,3.85058249376144e-05,0.0436500789369411,0.000345310301053445,0.000429153629546637,0,0.000213645222234505,0.000468901577869336,0.00162345526430522,0.000199360803306036,4.03690100152408e-05,0.00244884625369376,0.00120299649845418,0.000216129469004674,4.78217503257469e-05,0.000214266283927048,5.09270587884577e-05,0.00179735253821703,0.000450269727093071,2.48424677016867e-05,0.00210105170587015,1.67686656986385e-05,0.00077384286890754,0.0100978420590431,0.000139738880821988,0.000286309440261939,0.0014271997694619,0.00268112332670453,0.000539081549126601,2.42214060091445e-05,0.00167748763155639,0.00221408493391282,0,0.000144086312669783,3.91268866301565e-05,0.000244698306861614,0.00035835259659683,0.00270099730086588,0.000795580028146516,0.000553365968055071,0.00083967540831701,0.00114337457597013,0.0072272949161132,0.000780053485832962,0.000689999540414347,0.433128424378907
