0.294015870701431,0.00268258468059486,0.0010512014886558,1.88365699815529e-05,0.0480850539811458,4.67538436705325e-05,0.00139365713384275,0.00163372591424685,0.000202809544016485,0.000433514942771557,0.0125602195358378,8.74252683878409e-06,0.000363903310863772,0.00021759275625667,0.0106325460089961,0.000939113662599589,6.45758830461572e-05,0.000385905813734966,0.00120602573926423,0,0.000125775953258818,0.000141948841843053,0.0284265060564317,0.00102125944174788,0.000839321842018306,0.000353235655488297,0.00435236852020904,1.74850536775682e-05,0.0148230437209728,0.00170106406547595,0.000700027747793175,9.75586627412606e-06,0.000145290068148243,0.0185915955890562,0.000138372678430392,0.000227349813701382,0.00152034999536082,9.08070370742681e-06,5.69845219321931e-05,0.00128209618178134,0.000881608578107083,5.58333562073732e-05,0.00181513251235986,0.0320972291381287,9.75586627412606e-06,6.42388973481007e-05,0.0253374296657629,0.000556854398624642,0.0011365482406853,0.00406473801592906,0.000762025923865734,0.000481699481303808,0,0.00217367560590917,8.10487884589696e-05,0.0390769088439609,0.00383056632072227,0.000431522287471122,0.000462902468250389,6.45770742167434e-05,0.00107117932614383,0.00532545045099932,0.00694467961072982,0.000120547065543008,0.000371632498267214,8.74252683878409e-06,0.000147988336073867,8.74032864793911e-05,0.00475064827205869,0.00020648659747638,0.00198097496259355,0.000172140714937774,0.000187487804328492,0.00175074173357296,2.62275805163523e-05,0.00752994379558257,4.60774899332471e-05,0.0111773835104467,0.000558697532707301,3.63228148297072e-05,8.23737638896427e-05,0.000347031999812176,2.85924362556789e-05,0.00160512578957675,0.0228882119218769,0.0027698438597655,0.00039034709492456,8.37506298963528e-05,0.000484205195453469,0.00677131251544207,9.08070370742681e-06,0.000377435571680862,0.0007005991292078,8.38872650152446e-05,3.53082842237791e-05,1.81614074148536e-05,0.000434623811986496,0.000447875948081395,0.00025155071534705,0.0723277236213847,8.74252683878409e-06,0.00108573657874325,0.000523973017740441,0.0790746106525203,0.00192049224251568,0.00395063715582252,0.00166755026978619,0.002909517018868,0.122474462978739,0.000116695249551391,7.44695756097612e-05,0,0.000136205790929057,0.0575020632746768,0.00286234823529251,0.00438898356612421,0.00056250987859241,0.00273550974902275,0.00023569044821125,0.00132216239672419
0.00289772654323058,0.272956616660582,0.000528756784092862,2.73881274574619e-05,0.117608772045158,9.17435804407084e-06,0.000120082725747253,0.00109517319695447,5.5069055525459e-05,0.000438420385243834,0.000799567454862194,3.64160851962652e-05,0,0.000449207872609911,0.00277137956352011,0.00325831394264736,0.00113181480413562,0.00117895766100259,0.000256536068324219,1.82080425981326e-05,0.000203205250126903,0.000371560332514556,0.000267817527867231,0.00211065427768365,0.000260451961515287,0.000510216002074581,0.000485358313753597,0.000201822808377139,0.000827169455962299,0.00815775013226416,0.00672670372167714,0,0,0.00583272874372046,1.82080425981326e-05,0.000127596971676937,0.000500621307244169,2.74584642024665e-05,0.000137840113799066,4.58889706661296e-05,0.000570665251638177,0.000257671741604496,0.00314452594897413,0.0010631784193031,9.5566229625738e-05,0.000247738580538678,0.00758024836892124,0.000220228792617865,0.000418063687375245,0.00610544892940868,0.00366995091776413,0.000519268115520145,0,0.00221585199120102,0.000216229860605549,0.0103829375882761,0.000301750305616596,7.3043180627544e-05,0.000682942843601508,3.64160851962652e-05,0.000155652490730991,0.00128627825912175,0.00112494974998363,0,2.75230741322125e-05,9.17435804407084e-06,4.56665068005991e-05,0,0.000230146388199811,0.000464683193503007,0.00997060706147063,0.000460892557215272,0.000386040802514581,3.66328222465373e-05,0.000641471114441434,0.0024924852524872,4.59004242966466e-05,0.00048228793902092,0.000879214535412305,0,3.67031589915419e-05,0.0004824893282063,0,0.0001460274781406,0.00507886191602417,0.011975373830739,0.000246622366976649,0.00043119482807133,0.00389124865481088,0.00220991541415326,0,0.00278042175812164,0.0012409632184272,1.82841061583956e-05,0,9.18008485932932e-06,0.000120596157642436,0.00125823178843581,0.000110120930605143,0.00195697958841669,0,0.000191536131005415,0.00101542155621137,0.00123282937690107,0.000219852369050926,0.000899780777451201,0.0444201155692263,7.31135173725486e-05,0.00183217407266208,0.000890673594950113,0.00135024796528282,9.29912931347021e-05,0.00302279473654746,0.422081183993131,0.000274075104363857,0.000119101458859975,0.000182882764252668,0.000274561734763631,7.56999074941014e-05,0.000765782325863823
0.00134861981446806,0.000133694589542323,0.231991569615114,6.72777446082469e-06,0.000684506330827771,0.00042462424386,0.000384144286088663,0.00277131479141495,0.00340667987770294,0.00114868086452361,0.0235895337549625,0.000134500298771157,0.000271659822740136,0.00028380731623803,0.00617299979779476,6.22319137626284e-05,0.000575869661560259,0.000406231856918078,0.00105285780905929,0,0.000466273436223707,0.00133470089333684,0.00160556411579771,0.000576517731883465,0.00380075837099265,0.000292524675199596,0.000432444189989959,6.4492951193249e-05,0.000548766275606386,0.00126213525740139,0.000393752741561321,4.36753435500236e-05,0.000464917767152835,0.199029375894512,0.00032319441160725,0.00126842541732026,0.159733850344745,2.21072171233015e-05,0.000288948340647821,0.0045894332566247,0.00214491838163864,0.00171780598924935,0.00141173226100003,0.000282413548330234,0.000244819102668676,0,0.00572036544858555,0.000201406897588547,0.00201020683516306,0.000424263642012821,0.000240239758563786,0.00347765660816314,2.07439712542095e-05,0.00056983631389173,0.000348900214490146,0.0645071860700924,0.0277678868356939,0.000857242933019778,0.00214939926292987,0.000106455829089362,0.000562530662464097,0.000439882111284563,0.00408674083729423,6.86841048276508e-05,0.000307275878248193,5.83042674290038e-05,0.000308729479984152,0.000122923628257793,0.00556006382486586,0.000186148527146122,0.000318463325857904,0.000205386623136032,0.00173849844113539,0.000215732126632474,0.000166948191592635,0.00968044548347512,0.000292172018981519,0.00250458959774273,0.000424943454523017,5.50907642081003e-05,0.000262812755196433,0.00085086609821024,0.000132215109150486,0.035873839125122,4.27133966796099e-05,3.44845846517919e-05,0.00302718214873139,0.000141172882786645,0.000296298323274372,0.0137294717051669,0.000154723625272466,0.000554451950673319,0.00264873243731287,0.00180773229095925,4.96525992273517e-05,0.000360907499091326,0.000516996090099353,0.00162677404107767,0.00210396833277627,0.00498466910822571,0.000129323740108955,0.00158902096037379,0.00207601165107715,0.00254060296183662,0.0229740720076215,0.0378173250054895,0.000205657563149009,0.00861163133075852,0.00413518632160442,2.78730447137125e-05,0.000163387369569143,0.000580636459378097,0.000569269017898339,0.00469224104801904,0.00573819628830966,0.00056370078870329,4.17514498091961e-05,0.00140234922059058,0.000751197555507763,0.0432917558070049
0.000123787759817565,0.000133691827879756,0.000195783704845189,0.144886445776192,0.000229365786735993,0,0.000179261369950281,0.000631586803571082,4.20011423434041e-05,6.39538804699944e-05,0.000491917542510627,4.20011423434041e-05,0,0.000150572397929035,0.000782432657105193,0.000128859927894877,0.00845378812705573,0.0284487646957107,5.42856277928154e-05,0.0393846498390394,9.62867701362195e-05,4.29533092982924e-05,2.1000571171702e-05,0.00552618904254883,6.56179462873384e-05,0,4.29533092982924e-05,0.00108106945066608,6.44299639474385e-05,0.00104259437764458,0.000106431106290843,0,0,0.0350401487800465,4.29533092982924e-05,0.000571422948918905,1.64044865718346e-05,0.00754179326104123,6.69849868349913e-05,0,0.000108986129178395,0.081140524580985,0.000784615136805196,0,0,0.00016051879639644,0.00152931133599587,0.000500534540650444,0,0.000191285817286311,0.00136496113328732,3.74050577435366e-05,0.0151490828204031,0.0024814760348457,2.14766546491462e-05,0.00907648423940419,0.000551888387138465,0,5.88817123926828e-05,0,0.000128619659802445,0.00015340467606533,0.000166976884500869,0,0,2.14766546491462e-05,0,0,6.39538804699944e-05,0.011751510263575,0.000292980311531082,0.00844781764009861,0.504131933718397,6.56179462873384e-05,0.000125866699227674,0.0006868481679834,3.28089731436692e-05,2.14766546491462e-05,0.0610418113420544,1.64044865718346e-05,8.44783681642523e-05,0.000142747269276953,0,9.72389370911077e-05,4.92134597155038e-05,0,2.14766546491462e-05,6.44299639474385e-05,0.00165400050190373,0.000685914761769112,0,0.00294586604953875,0.000231406848448308,2.1000571171702e-05,0,0,0.000214766546491462,0.000896778599260291,2.14766546491462e-05,0.000129571826757333,0,0,0.000107383273245731,0.000166500801023425,0.00515087448990025,0.000149620230974147,0.000256051337264989,6.39538804699944e-05,0,0.000341957955861574,0.00356991335079644,1.64044865718346e-05,0.000181043284090698,0.00553441794270984,0.000101358938213531,1.64044865718346e-05,0.000484941040523538,6.56179462873384e-05,0,0.000433865577303473
0.0111582737123577,0.0286938047109053,0.000921315570044561,0.000125319495774239,0.432959110116409,5.54853322273063e-05,0.000171933276267148,0.000699315901969153,0.000264999734580166,0.000377131980068112,0.000990546127957475,3.13534784261934e-05,0.000108507920742238,0.000864209081899564,0.00502465646540915,0.00200219459165528,0.000336692520363098,0.0015243201118869,0.000142125529013571,0.000102134555068373,0.000245160495208813,0.000316846254868827,0.00043694651524188,0.00322242007166905,0.000305605808799451,0.00018656663010573,0.00195633765288364,4.94330299082866e-05,0.00881229743406714,0.00704464494717534,0.0119318607143967,3.44958179114792e-05,6.29393335039386e-06,0.0090591990910189,0.000440141790549626,0.000888803373096492,0.00124100130966794,7.06641752554879e-05,0.000163554454375011,5.26847830222932e-05,0.000139251719822184,0.00091415256552624,0.00790193263373252,0.00625846973877735,0.000135411394580277,0.00024641672952134,0.0257345951917497,5.69322697053392e-05,0.000565666372736477,0.0351651010623081,0.000725723072928329,0.000267195954708133,6.14214462205502e-05,0.00245550037519876,3.03256279026083e-05,0.0204829311954948,0.000593026305100099,0.000136829978416733,0.000706543725764778,0.000224358842176155,0.000135739826917159,0.00404115751019027,0.00220035593815762,7.90280821992e-05,1.88119424253085e-05,1.25180090749146e-05,6.22161969405457e-05,2.82179136379627e-05,0.00035621336373022,0.000252543642332702,0.00542472928313865,0.00015804601736479,0.00308744572209366,0.000401951384241805,0.000129722785586699,0.00213444263324114,2.16983783330722e-05,0.000982729257813574,0.0011084930862326,6.50891422549901e-05,0.000197173007200299,0.000683352057450295,2.18541226616958e-05,0.000222392732343914,0.0371676575821843,0.0185379301089241,0.000593544171947884,0.000162910119517912,0.00161661235421676,0.00287686778428721,4.91215412510394e-05,0.00214685230900897,0.000827596141991819,3.40606430793632e-05,2.53408797355488e-05,1.56999045630481e-05,0.000226758023158561,0.000320506305428647,0.000107554112157855,0.00460673261356135,0,0.000240450372705862,0.000469630491321719,0.00329420779790726,0.000378947444487816,0.000671758728193234,0.00866275810425017,0.000180681864978714,0.00687843842434269,0.00096912204304014,0.000855102269053188,1.2362264746291e-05,0.000531693376600718,0.246259966809682,0.000512267212753864,0.0010181277780978,0.000146898778197785,0.00125181239692489,9.32043581604962e-05,0.000610728156010459
8.25676837875083e-05,1.79718217199179e-05,0.000992824665360814,0,0.000277455892257735,0.130978257939254,0.000401376333929877,0.00484616332750376,0.0188966616076038,0.00870709167382916,0.00237898938225276,0.000682470030201256,0.00339805979892374,0.000165742845088064,0.00219622118054902,0,6.92831662407017e-05,0,0.00377348237068841,0,0.00012450069171994,0.0174031461692764,0.000275987134324246,0.000115559915185156,0.0550725415993047,0.000330530921259862,1.55413467825575e-05,3.59436434398357e-05,0,0.00025395260196495,9.81020824824608e-05,0.00269462829223429,0.00252424903912703,0.190033897464968,0.029629143639669,0.00235994388328805,0.00432894062511844,3.46415831203509e-05,0.000263223553882267,0.000984064482615244,0.00170654210964309,3.3339522800866e-05,0.000305611237888952,0.00074901084840161,0.00281823799057378,0,0.00129903445557711,0.00108599010335562,0.00343627388533195,0.000592807162710122,0.00049288479425217,8.22203923842896e-05,0,0.000741455509237571,0.000147771023368146,0.0151772841645616,0.00809886229861907,0.00165932036429583,0.00423979298939191,0.00073033806067282,0.000900153784333343,0.000327004795044552,0.00418475871266219,0.000730574239162875,0.00106948133422896,0.000129018078433572,0.000422125921990374,0.00176152989632323,0.00095438552870042,0.000284688004126846,1.6669761400433e-05,7.31709884310941e-05,0,0.00020784627887663,1.79718217199179e-05,0.0199389218597861,0.00181108574719765,0.000102796334743177,0.00186072045604196,0.000472548758625467,0.0108198836077276,8.59529276411347e-05,0.0161493835884128,0.00144191103137989,9.6800022162976e-05,4.79191525795524e-05,0.213607350054786,0.0118583341048502,0.000114778791970499,0.000865595578264253,0.0128058675199361,0.000100365859805817,0.00103314921925693,0.000306298872607785,0.00035205468444741,0.000364384433077951,0.00234503955751299,0.00620620442125954,0.0167475031572264,0.00145598989045435,0.000690073271627808,0.000994758267301637,0.109053101527709,0.000117209266907859,0.0105401232099257,0.00334840870840946,0.000285871269094839,0.000318374818330931,0.000949121194324986,0,8.3348807002165e-05,3.59436434398357e-05,0,0.0012275949531726,0.000890421208254167,5.0009284201299e-05,0.000187273556363218,0.00183220844191368,0.00411390403587537,0.00537210045693579
0.000345906069827347,5.75887769138782e-05,0.000286404936451952,3.27347989803707e-05,0.000382171020242235,0.000152115648693968,0.592101423789229,0.00127366495393059,0.000221301239302439,0.000829113055513883,0.00128386172767083,3.87430317591314e-05,0.000206565084823926,0.000108643550324177,0.000410527266428492,9.51050103150989e-06,3.87430317591314e-05,0.000149259170351411,0.000381579084813433,0,6.72745348536611e-05,0.00067613703791387,7.46295851757054e-05,0.000250475112858926,0.000672454792597906,0.00953994068384824,0.000151131758619513,6.780030557848e-05,9.16703934375326e-05,0.00590439770084095,6.25992192947012e-05,0,0.000122883117966347,0.0331147157536547,9.93083062009399e-05,0.00075356767774474,0.00180653873569126,0,0.000155442660038444,0.00040711870338535,0.000765133374773822,0.000218741523724727,0.000125830328176111,9.68575793978285e-06,0.00025442632029277,0.000342728550950902,0.00032768322005526,0.0503100065700956,4.79030189740954e-05,3.64123241413929e-05,0.000133322271349411,5.77640338221512e-05,2.28737841323149e-05,0.00072496881266921,0.000527067024794215,0.00468167739172999,0.00146344195101501,0.000397655664044596,0.000737724566487151,0.000685739488984491,0.115085807392602,3.23842851638248e-05,0.0743505222616136,8.46658569320342e-05,0.000365796455895346,0.00318518182755091,0.00371874295497276,0,0.000633322779535522,3.83925179425855e-05,4.60980820811757e-05,9.11307223892308e-05,0.000118154051355687,0.0014998680720502,3.83925179425855e-05,0.015570398747809,3.23842851638248e-05,0.0003905392479569,0.00014505587446557,7.44543282674324e-05,0.000144585341463651,9.18456503458056e-05,0.000121071974247286,0.000606654787970243,0.00012305837487462,1.91962589712927e-05,0.00052039761511058,6.16168158914463e-05,0.00015929544210774,0.000560472180848002,6.69240210371151e-05,0.000604403885238629,0.000177858324821123,6.70992779453881e-05,9.55231755068277e-05,0.00012439129209442,0.00636130990898384,0.00190609642550109,0.000248455150864319,0.00852604588304801,9.51050103150989e-06,0.00196857283823251,0.000622387142745804,0.000168630686230977,0.00340915986484009,0.00074921953536896,9.32707861040136e-05,0.000117506774774295,0.000902027477633313,0,2.30490410405879e-05,0,3.80420041260396e-05,0.00245980951058734,0.000572974462972435,0.000329257558887317,9.4351614871817e-05,0.0370116513840254,0.000418494099187621,0.000725761872876216
0.000306058947098378,0.000159872169396211,0.000637888671844396,3.7398221435149e-05,0.00108837608807479,0.000205304852950314,0.000481430050441317,0.449237875617383,0.000618139023294897,0.00163957700919317,0.00194623085990411,0.0020631363701124,0.000337435676100449,0.000253786032255092,0.00334149471307409,8.56191093583524e-05,5.07345250625863e-05,0.000247488850580934,0.0777857503802373,9.2649863951093e-05,0.00358454514710115,0.00150692381665144,0.00023998455800672,0.00060840554260176,0.00168877374671858,0.000157740496396934,0.000313736210698,3.09302137447271e-05,0.000165158244577796,0.0018280486210915,0.000237411397629865,1.13924551878672e-05,0.000522462984277006,0.0284734658548817,0.000738162214620197,0.000500566089331686,0.00246208206021522,4.3909701113692e-05,0.00496574066556404,0.000253720077982093,0.032541627404801,0.0013733719944803,0.00090088633082054,1.08039535625719e-05,0.00112337521707786,0.000160301351609583,0.00349991563547713,0.000140928761893393,0.00187764852895,0.000644290718169053,0.000301481526132047,0.00191817529419743,7.02579117872946e-05,0.000354945659054897,0.000167823115162456,0.0228355692642218,0.00218496518812833,0.00024871268964393,0.262840517574721,0.000112061978121459,0.000428487091832524,0.000167369281026413,0.00395514825810347,7.00809500654331e-05,0.000306499280386758,2.22306812789973e-05,0.000145786709295666,0.000469738817705915,0.000197688089572075,0.000389754680162366,0.00011868208051137,9.57442367789863e-05,0.00173569707141273,0.000135419849053273,0.000104562844660996,0.0102721790841509,0.000118363542554491,0.000370049604583549,0.000585222024358967,4.31307396989508e-05,0.00379649219187971,0.000367711959417452,0.000181250190364622,0.000433532765707614,9.43661241830614e-06,5.59751117008112e-05,0.00128220471450138,7.44859120042348e-05,0.000629639103145777,0.000956342985342437,0.000204189749156243,0.000249936861389711,0.00393961777664022,0.00356047175291355,5.97688228062151e-05,0.00499987026594909,0.000449216028763717,0.000834985607987888,0.00143936618000414,0.00505830492175891,9.95039025738257e-05,0.00114110020153924,0.00156751457797081,0.00176404418346766,0.00919000040196309,0.00146181384409533,0.0005262224866531,0.000314382910389786,0.000312550781170582,2.42332804505028e-05,0.000260377859210156,0.000868625348761611,0.000125343585976008,0.00538855343662898,0.000241729764706189,0.00143462986248302,1.78235173750735e-05,0.00270268804257617,0.000822723600087981,0.00116443675272254
0.000126883223636214,0.000105896044359028,0.00256778975592227,8.11117726224152e-06,0.000290319112351172,0.00437567731639153,0.000770062149417924,0.00459533021703354,0.188305875172376,0.0019053881215187,0.00274176784995691,0.000569588664760897,0.000529345144055153,0.000180226415589163,0.000580659242678868,0,1.71309587782029e-05,0.000208078349366375,0.00365429363587632,0,9.82391692236463e-05,0.00235275046761568,0.000197150881881285,9.59472343089844e-05,0.0390262844005881,0.000306843284533232,0.000202751882921732,0,0,0.000327995060813796,4.14633031726036e-05,0.000104148889032916,0.0015727566271959,0.397583580675353,0.00719012685007721,0.00107096317058701,0.0105618337009952,0,0.000103438737831963,0.00193467835623596,0.00480191539736552,7.70893145019132e-05,0.000234465380463386,0.000107003653031841,0.000973865320762118,1.44027712323954e-05,0.00142443476553426,0.000140614638826942,0.0474004608411565,8.96760646191927e-05,0.000120676393408829,0.000437759891431718,0,0.000221338370343734,0.00053923473466555,0.0119546468694869,0.0172911908020265,0.000379314781756342,0.00398102913172731,0.000479326643868802,0.000374156697734747,0.000375746842264979,0.00372211823630222,0.000211794463502704,0.000662975221197587,2.88055424647908e-05,0.000165928015441038,0.000701877125812228,0.00115998625004346,2.56964381673044e-05,3.88809289679525e-05,5.72301681779027e-05,8.69455022887373e-05,0.000363518121669679,0,0.0331948101509351,0.000555417106638424,0.000497557723252831,0.000178056671271367,0.000169420181291732,0.0085194039184698,0.000369769457539869,0.00123320385887592,0.0020005509109126,0.000105020206902883,8.11117726224152e-06,0.0371465033031436,0.00111288136607762,0.000114915825874989,0.00133158266586825,0.0225274243176983,7.43611269561057e-05,0.000599144662361458,0.000842082977869977,0.000157288920693637,0.00289764708360072,0.00184577290734768,0.00147452931167423,0.00483383134017569,0.00351431537516622,0.00215593027988895,0.00145851633534429,0.010408293290782,0.000699800604194234,0.0675379479643213,0.0041980004302902,6.36675754892131e-05,6.24492950574658e-05,0.000881859860672067,0,6.7159741339908e-05,0.000115824430128709,0,0.000440659157568431,0.000536261259474376,0.0012026942641813,0,0.0023762089721447,0.001213404106164,0.00833023932115447
7.05879902447861e-05,3.56044800178566e-05,0.000386070722352743,0.000119221959593389,0.000134141080444483,0.00212622083259913,0.00043769718848477,0.00139557537636451,0.000750096236918888,0.577326461874771,0.000803998412784041,0.000368734012514706,0.000327668313375563,5.89243791901497e-05,0.00136470765565884,5.0832249729838e-06,4.44123322220477e-05,0.000242884226759219,0.00344195560727996,3.41656479891489e-05,0.000113746221806081,0.0641660874239046,0.000196412156321506,0.000110338774848155,0.00551088783392755,0.000185235874638115,4.50478842829651e-05,2.72511205757793e-05,1.01664499459676e-05,0.000425146560716845,7.08820780370067e-05,0.00474323887961091,0.000200325165788496,0.0374154155705095,0.00206640676532899,0.00668720433440651,0.000991933739518453,9.48776464136827e-05,0.000148061364564284,0.000178967830687825,0.000317108307510177,0.000136114597119589,6.6256975492642e-05,0.000126868085301334,0.165285417784351,0.000124624786030746,0.000956750447104339,0.000359188405151727,0.000137799837285122,0.000102562595984388,0.000323399342175177,0.000161159571623284,1.31242846863449e-05,0.000201288829524857,1.38327480972137e-05,0.00858481408010579,0.00196333259838059,0.00578061266428469,0.00233339841864527,0.000737926126256708,0.000253363018836549,5.59701953176007e-05,0.00148066490196144,0.0265694224020452,0.000207959088014897,8.03947427842383e-05,0.00060915503564045,0.00565888439876808,0.000219629979603867,0.000204577218333092,5.23002462985262e-05,4.00667351999133e-05,0.000418795755281917,7.34364261582517e-05,8.74952312422995e-06,0.00609694095603886,0.000855795901508542,0.000138436879799049,0.0001978415368004,0.00256178617716856,0.00390566699087156,0.000157112213612422,0.000272303962825029,0.000333975308396551,4.36017929212468e-06,0,0.00610260989724281,0.00221082268960364,6.83240366452873e-05,0.000479348254033051,9.78937890326982e-05,4.65085579146736e-05,0.000347611089842281,2.18592255405846e-05,4.21483786225489e-05,0.000166148543994539,0.00129462331556378,0.00681217051050132,0.000823559378864308,0.000866309855980142,8.18116696059759e-05,0.000425030744249448,0.01869516858606,0.000233506474511051,0.00269488544579994,0.00109631039914746,0.000134914913894696,0.000366089611773828,0.000147683391617304,1.31242846863449e-05,0.000107373659573444,0.000121427584112927,0.000297470331864214,0.00213988109733271,9.01832621858719e-05,0.000110443250727856,4.14690797516607e-05,0.00106367739480123,0.000640950481719793,0.00107364532403873
0.00295031610088538,0.000378430045494325,0.0146820444417887,5.97844957132939e-05,0.00181316321692397,0.000295356955659081,0.000417951727355638,0.00227122292207983,0.00138471231322119,0.00103912618885611,0.30959113079119,0.000137145431688842,0.000197523578477055,0.0002198015009883,0.00276337895738432,7.17159823396035e-05,0.000133870121139636,0.000247219058766454,0.00201232834943575,0,0.000358307814176983,0.000304413947458627,0.0163154936443667,0.00041358530267165,0.00348391720571333,0.000900122158867664,0.000542554137661826,4.40910313801641e-05,0.000404608051293883,0.00301812121765135,0.000299529031850537,4.79545913998414e-05,0.00159999834323731,0.163506793113416,0.000542298473120776,0.000628980627165957,0.0135731542020016,4.5488767604693e-05,7.04061892438536e-05,0.0415083523216026,0.00211647847956574,0.000193627014335368,0.000913665561113739,0.000301797687119743,0.00042712701210059,9.3554729898791e-05,0.00448429835309732,0.000202415423442942,0.000723025543368989,0.000722609081127417,0.00104691656685134,0.000710686430893627,4.00728062611786e-05,0.000310696328945329,0.000861382617639712,0.0261425618840138,0.0862658642318307,0.000155445533507483,0.00281636327714307,7.48312334916997e-05,0.000877807705116896,0.000513015135605916,0.00796736835514763,0.000167577838661756,0.000330685864920753,0.000104646615427704,8.93778074080184e-05,0.00038780949056163,0.0541489655127462,7.54833616508713e-05,0.000202740249045954,8.64618470305372e-05,0.00138382122384687,0.000800659332771358,8.49610007398028e-05,0.0329631763835723,0.000221344272152118,0.014609186855391,0.000566600185251508,6.56218180727037e-05,0.000636689767541123,0.000278882367312808,0.000156989832424649,0.0593616663783051,0.000177361752442607,0.000236446793519199,0.00166011907753537,0.000198542811816795,0.000785805495773128,0.010261627466569,0.000127631516428773,0.000464898706969036,0.000831730023801145,0.000226216617007114,5.82863502247833e-05,0.000168038936874363,0.000963970701008306,0.000618230898605433,0.000898576532133567,0.0305658511215476,5.02553015912597e-05,0.00459155679771496,0.000930404564706547,0.00623901701595548,0.00705498541670058,0.00450053046340666,0.000442960117075207,0.00105782373703682,0.00871306132705796,2.80951662062137e-05,5.9686787251536e-05,0.000223571604350212,4.61609744283061e-06,0.00566118310091543,0.00883825335550235,0.000805625913438327,3.08406113755173e-05,0.00327008609008352,0.000307355982600322,0.00598740439960557
0.000148796075083827,4.39973652939478e-05,0.000461693826933708,2.11149020759677e-05,0.000579017948326051,0.0034047912132317,8.65577562965675e-05,0.0665164252333685,0.0157520719290279,0.00169339905355505,0.000441717256174445,0.156803187492375,0.000244991645653157,0.000237897193112366,0.000278682037003958,0,0,2.11149020759677e-05,0.196660674275968,4.41626587192899e-05,0.000496274823229037,0.00467314710891821,4.57649264359602e-05,2.11149020759677e-05,0.00389937710081366,4.23950975772775e-05,0,2.12801955013098e-05,0,0.00131540240075006,0,0.00054151192551291,0.00339290407415279,0.0394270626314018,0.0275654939880172,0.000545902958142742,0.000908956507725708,2.12801955013098e-05,0.00130374463644786,0.000133924950449198,0.00514257351571683,8.99275851552501e-05,4.41626587192899e-05,0,0.00201830536347941,0.000107672658372535,0.000854545688901745,0.00112897527807151,0.0483529956310708,0.000248566947847954,0.000520618218645391,0.000220144133926066,0,0.0003107408787517,0,0.00453909073684558,0.00214538841160794,0.000109109632663863,0.0873307658064893,0.000426654557016442,0.000573453389649401,0.000174552486884463,0.00207540861545696,0.000127185292731833,0.000398296130978068,0,4.25603910026197e-05,0.00936295996717472,0.000107672658372535,4.23950975772775e-05,0,2.12801955013098e-05,6.35099996532452e-05,0.000150563636225839,6.86473896539403e-05,0.0054562453176968,0.000133924950449198,6.704512193727e-05,2.28824632179801e-05,0,0.188521679413245,0.000257401841502648,0.000523750880357595,0.000130224534739831,0,0,0.00571237218714623,0.000813657027412957,2.28824632179801e-05,0.00102745324363507,0.00939325761235576,2.12801955013098e-05,0.00128230639942641,0.00107966849371099,0,0.0452591831494013,0.000127681173007859,0.000744620075737151,0.00109654077311464,0.0011412443884684,0.0114853619205015,0.000972658670766709,0.0131734152873974,0.000299970218474283,0.0108411048569644,0.000471971357657759,0.000175973489237761,0,0.000127681173007859,0,0,0.000385909481637218,4.23950975772775e-05,0.00115278286336676,0.000195997975811115,0.000258822843855946,0.00010960551293989,0.00187576712598237,0.000499967252969389,0.000500759025497379
0.000305596640842083,0,0.000171327124766927,4.36971282771168e-05,0.000634740619281448,0.00253998970262916,0.00621117411927129,0.00290005518911497,0.00172276275009628,0.00145838020256005,0.000769780135481736,0,0.245413566604316,0,0.00101548297084646,0,2.13333059893468e-05,0,0.00115512450704641,0,0.00129148450833417,0.0025830799623798,0.000152656691872175,4.36971282771168e-05,0.0307888799368513,0.00532687368827924,0.000110222080944959,0,0,0,0.000131555386934305,0.00225216070714966,0.0049827556969308,0.116849952531613,0.000326909781145445,0.00861339677613572,0.00672940707833677,0,4.39879656829983e-05,0.00145449352104903,0.00260664306518131,0,0.000436971282771168,2.13333059893468e-05,0.000108212304394369,0,0.00159105511797255,0.00137816680903095,0.000520998313640545,0.000130497124641749,0,0.000441965052789765,0,2.18485641385584e-05,0.00144076551029048,0.00607862348111675,0.00333049713653759,0.00616469484571131,0.00115490008630308,0.0212997950005885,0.00391222718008649,2.13333059893468e-05,0.0273941347219598,0.00113516381080762,0.0212581576306818,0.0062889835410936,0.0087648829130738,0.000174339671621807,0.000109018399949462,0.000349577026216934,0.000614465575584657,0.000195606560948602,2.13333059893468e-05,0.000151315172481885,0,0.0256434626165419,0.0106079691303552,0.000150654495629732,0.000284031333801259,0.000393485989859543,0.000218123382247461,0,0.00212757687719539,0.000195983980703021,4.36971282771168e-05,6.50304342664636e-05,0.0277972299979239,0.0249103110274741,0,0.000391075283502411,0.000655087084710481,8.73152545138443e-05,6.56911111186159e-05,0,0.0156874605298391,0.000370831330165892,0.16881413720482,0.00900823188865273,0.040801124554162,0.00298128405312137,0,0.000372588939979019,0.0178433665721428,0.000590701397552193,0.00640809030951018,0.00264398663248396,0.000525352379885715,6.55456924156752e-05,0.000370846490782187,0,6.39999179680404e-05,0,0,0.000920753983639164,0.000129030352234504,0.000350913540537534,2.18485641385584e-05,0.00557481905506769,0.068717182483019,0.00093914873974433
0.000566270902660187,0.00115881201755312,0.000484561196677577,8.85992332303422e-05,0.00400706114042911,0.000930561163776337,0.000358521544274594,0.00234729869229965,0.000175344897647013,0.000327858777140081,0.00104768482206671,0.000104883009004035,8.89102802146209e-05,0.219113929614155,0.0219040020056038,0.00223883349720107,0.000150032768242839,0.00263743300346868,0.000427772662250859,0.000100200353450522,0.000264282299124568,0.000294127553904917,3.41185487714461e-05,0.00237129810414697,0.00159711220967398,4.19532036016142e-05,1.82220985340344e-05,0.000159851997272817,0.00012457135081546,0.102181858225614,0.00292895873228789,8.39064072032283e-06,2.66127392543573e-05,0.00871933069152561,2.8053556347746e-05,3.50033799746801e-05,0.00178584362996631,0.000181696358410458,0.000302557665748974,7.45563518066019e-05,0.000720795024691199,0.00356950484580587,0.0755403876254902,0.000211317015232131,3.35625628812913e-05,0.0202352000647538,0.166070773553362,5.36797596628653e-05,2.66127392543573e-05,0.00187347569958808,0.00967342729982979,0.000773258686296418,8.60040673833091e-05,0.006430041474793,2.8053556347746e-05,0.16618605514516,0.000899280056062334,1.78932532209551e-05,0.000691825278179952,0,8.94840644335763e-05,0.00275952324303391,0.000764162529508601,6.01753021356486e-05,4.30651753819236e-05,0,0.000100687688643874,2.51719221609685e-05,0.000218276161793198,0.000367916882494156,0.000523313243713468,0.000343659213263622,0.00662500739540237,1.78932532209551e-05,0.000720660508070128,0.00163008367431578,2.77247110346667e-05,0.000564330763743846,0.00368975895165503,0,0.00103400323460992,0.0690051347806883,2.7168725144512e-05,0.000260438707643087,0.00039280233631538,0.00030867520561961,0.000712656103192486,0,0.0081342593051839,0.00743113717345232,2.94943734411348e-05,0.0117502536279713,0.00284884675927708,1.67812814406457e-05,7.0461041103511e-05,0,8.50183789835378e-05,5.66630985856468e-05,0.000329319693026537,0.000366689645346375,0,0.000280591501082263,0.000321331028167563,0.000360058375481853,0.000879440610071704,0.00283669728102194,0.000812722787561403,0.00110624071843563,0.00211757239338841,0.000236648274812838,0.000829404664730312,0.000205212672761762,0.00675510409815537,0.025802551941649,0.000526290528782916,2.7168725144512e-05,0.000947727349211931,0.000375698626646188,0.000605151896772084,0.00098556974424592
0.00169120878285712,0.000566912954733604,0.0011878755616116,9.493040350842e-06,0.00221220336583152,9.89335279440429e-05,0.000118564699574982,0.0019565547954947,0.000191596732145579,0.000325581256337882,0.00175463274170805,1.41670355416108e-05,0.000238642167348942,0.00380873360422931,0.23914470058941,0.000268007097565454,0.000115860498472569,0.000694047784553123,0.000564833492267575,5.97059663254605e-06,0.000719622404198583,0.00034529899110933,0.00014600159092758,0.000459962959936874,0.000503873614871639,1.75440905923211e-05,0.000346913225756478,0.000108984993229792,0.000629312826861428,0.00306122308641555,0.00180657875418799,3.18763126428395e-06,9.24249418209905e-05,0.00906028264011293,5.53385339744284e-05,0.000363142292468479,0.00261398765589275,4.1832346414946e-05,0.000515265272573475,0.000202569268741685,0.000208451555792356,0.000270629481256721,0.00789698255811401,0.000412073136502781,0.000112565785925518,0.000205813018539207,0.0445593421667772,8.24610990638283e-05,9.22918807079524e-05,0.00282783562982963,0.00040104197179157,0.00158856927308491,7.46324579068256e-06,0.000197777661901382,3.85111136498956e-05,0.553616639514115,0.000972031076474883,0.000578750090502192,0.001076151663538,3.11122193660554e-05,0.000575883218629711,0.00272709434925993,0.00185344296539569,0.000452315488270127,8.88284918153414e-05,0,5.88609776927244e-05,2.196690063081e-05,0.000508568512399732,0.000146715558154953,0.000340071009966178,0.000298650218126992,0.000431385954627412,7.03287806140554e-05,0.000169849245264676,0.00246802204345905,7.80523201816894e-05,0.00273940644118752,0.000851766485548173,5.05029659637613e-05,9.55277607284195e-05,0.00587339302091474,2.35393021516174e-05,0.000641538050910797,0.000258760047632232,0.000113805446586623,0.000414293434393429,0.000220268823335708,0.000484992191161121,0.0294232882115087,2.7814916678016e-05,0.00122355285362692,0.00978670651099144,0.000142408584419267,1.49264915813651e-06,3.29562038287978e-05,8.05582890740077e-05,0.000234175741837875,0.000619031802431793,0.00298538976571629,3.05334491377822e-06,0.000313677318457896,0.00054314704690526,0.000878837069006361,0.00117380685233272,0.0112306398765315,0.000761613549036944,0.0103247225263173,0.00379797086782191,0.000108091070991134,0.000307567375091799,0.000461594384785593,2.01439174058085e-05,0.00740792203052495,0.00170364466349762,0.000357058768216417,0.000118993158603992,0.000933927127868431,0.000385401771121993,0.00131462015760756
0.00148635680248675,0.00722389087160872,0.000702735976654591,8.63521391182036e-05,0.0128436993510626,3.23747568318071e-05,0.000233100065954265,0.000413658800053347,5.07240859003397e-05,0.000225285048742773,0.000140353316081044,0,9.98312507243434e-06,0.00424703828604023,0.00278392721466905,0.159731004500596,0.00149192590904201,0.00287314464708182,6.07072109727741e-05,0,6.4008096711718e-05,4.49649400441765e-05,3.23509621553635e-05,0.00561882058330304,0.000399168407629228,7.239809538426e-05,0.000127949149837164,0.000167743222511299,0.000647611607004153,0.0705513297123837,0.0142379088067906,0,0.000119440177782404,0.00777777505777888,5.22934176237885e-05,9.98312507243434e-06,0.000718220188612917,0.000164601632446443,0.000131293284485936,1.07915856106024e-05,0.000180238227017894,0.000415778788376989,0.0407092176843866,0.000204270574530046,9.98312507243434e-06,0.00108815779110689,0.00969144379258762,5.39579280530118e-05,4.3071163736635e-05,0.00207011815275719,0.00502582152440575,0.000278528281138291,0.000108447037265456,0.0143264809335381,9.98312507243434e-06,0.00964615915841169,0.00104841238229272,0.00022961187666599,0.000186159595166103,3.24655950945226e-05,7.38765888449933e-05,0.000499206819076441,0.00131431741791866,0,9.98312507243434e-06,0,0,3.23509621553635e-05,0.000150750048617542,0.00105418558863951,0.0496195554854707,0.00224054579791793,0.0027996601820847,7.46850493831613e-05,0.00390901295806782,0.00380081707976237,9.98312507243434e-06,0.000181208909848108,0.00346988776008985,0.000460008419193704,6.46781296342833e-05,0.000350716564877617,0,0.00018522096375092,0.00106947872920461,0.000840774238962858,0.000188494138517892,0,0.0455366401955273,0.00261547384901708,0,0.0955547714680667,0.000582482594950806,0,0,0,1.99662501448687e-05,3.3250260956247e-05,1.99662501448687e-05,0.00366788261894294,0,3.15187069407518e-05,7.39912217841524e-05,0.000793232143179625,0.000660152363434783,0.000335726081308029,0.0132883909334387,0.000220773716643925,0.00107781536359251,0.00447888612057752,0.00127556170788231,7.47758876458768e-05,3.23747568318071e-05,0.373739586901149,9.61968365750352e-05,0.000242111221615644,0.00154879018787051,0.000117756213119796,0,0.000539307168682125
0.000118477400547828,0.000332295458594255,0.000549727184145121,0.00126484033728932,0.000938748955526063,0.000117866285804123,8.50084845144688e-05,7.30713261259892e-05,7.14670782279944e-05,0.000115865312936114,0.000796084327549708,0,2.31646811553782e-05,0.00130310046470566,0.00128805580173095,0.000558712503440678,0.30444424614982,0.0235745645422028,0.000347540062596045,0.000317746212594061,1.15963096307635e-05,9.27146008338104e-05,1.15823405776891e-05,0.0969378324276833,0.000261340236725735,0,1.15963096307635e-05,0.0343664368933545,0.000205586545253981,0.00724674409612524,0.000269215456694679,0,0,0.0086052732127707,2.38177030583066e-05,1.22353624806176e-05,0.000542025544067152,0.000805317420234879,3.47749598392161e-05,0.000128100675416732,7.36470764967525e-05,0.0146228570664378,0.00234796609659142,0,8.10763840438237e-05,0.000190526917907024,0.00496953955501825,3.60670345919986e-05,3.47470217330673e-05,0.000296782925027309,0.018069637048372,0.000129732861420875,0.000131337846825225,0.125861433821217,2.44707249612351e-05,0.0102347312842118,0.00106599553660078,0.000399619425542778,8.24243350089038e-05,1.15823405776891e-05,8.33895300570445e-05,0.000141030966959501,0.000331828150852514,1.15823405776891e-05,0,0,0,1.15823405776891e-05,9.39787374804441e-05,0.021877982981576,0.00284033962043077,0.0447969257160172,0.123056104822203,4.76633442227621e-05,0.00174842232499653,0.000372793218469653,1.22353624806176e-05,8.36597960430337e-05,0.048703131866928,0,0.000128058768257509,0.00126669779510368,0,0.000186735245473478,2.31786502084526e-05,0.000142948125509063,0.000144240200261846,3.60530655389242e-05,0.00975419775387068,0.00172619505439287,2.38177030583066e-05,0.00505952502526316,0.000495981154301815,0,0,0,1.15963096307635e-05,1.15963096307635e-05,0.00015778160654832,0.000275904189285357,0,0,0.000139016025038418,0.000216388238498917,0.000613833325078706,0.000214401234683983,0.000655268341896097,0.000235756548200356,0.000142309072659209,0.00318345881032527,0.0366581445768824,1.15963096307635e-05,0.00404384738729853,0.0119991015737396,0.00020919102851363,3.47889288922905e-05,0.0125631803782325,0.000180335172959993,5.98847376503053e-05,0.000631392267141139
0.000130888850412658,0.000144862068926963,7.96384830731137e-05,0.00252201023375557,0.000910952820317362,5.64169253858444e-05,3.99501022391734e-05,0.000621349414268652,9.76424068553264e-05,8.12629281510329e-05,0.000715075490224196,3.23479957986477e-06,2.31508289458369e-05,0.000245767048130806,0.00136951438913073,0.000232936273322657,0.00430185005458926,0.5564872831097,0.000736136455065486,0.00359715056070374,6.80867259830936e-05,0.000193238108418272,3.04993194429708e-05,0.015322764988657,0.000174080636149683,1.93636066671344e-05,6.42440834767532e-06,0.00148077664845778,1.42443633866308e-05,0.00915424645986088,0.000227065197295774,6.7232151031213e-06,9.86763305887762e-06,0.00711424813559952,6.67802429106708e-06,3.18960876781055e-06,0.000375083992472401,0.00446296127025257,7.58964516064654e-05,6.61468620548169e-05,5.686873704499e-05,0.0968183421969503,0.0012583543581494,8.93705436958287e-05,2.98740440489582e-05,0.000110337316237089,0.00283532479226839,1.74420776162827e-05,3.48841552325653e-06,0.000149215956835393,0.00339538124680135,0.000124404763111759,0.00246589948585768,0.00825365964085879,0,0.00812106289904807,0.000260152854576168,0,0.000479702458683068,3.28552276854312e-05,1.63372322186072e-05,0.000181119240353385,0.000173356873669721,4.17812496659167e-05,3.48841552325653e-06,0,9.86763305887762e-06,6.46959915972954e-06,9.48614464269531e-05,0.00550104357531281,0.00193032647987392,0.0059476958379947,0.102996882854804,4.91574985075679e-05,0.000510672818057413,0.00110739523028702,3.18960876781055e-06,0.000105643028681102,0.108657270390957,0,7.45184338441188e-05,0.000341698794154327,6.37921753562109e-06,3.94880611644441e-05,3.27648460613228e-05,1.64276138427156e-05,0.000886461262700285,6.37921753562109e-06,0.0039173164026001,0.000910168287157529,6.97683104651307e-06,0.00503011072239882,0.000362203165919015,3.23479957986477e-06,0,6.42440834767532e-06,3.25564209299852e-05,7.16093456357818e-05,6.81029369067761e-05,0.000260082125834735,0,3.93248268451608e-05,0.00019122715604672,0.000113951465134053,0.000287037665420331,0.000677881416297649,0.000507336279650874,0.0001374867224952,0.000379609309411285,0.000977173707028247,0.012296054365852,1.96172226105262e-05,0.00044210037829105,0.0070139203976202,7.69109153800325e-05,3.44140086959947e-05,0.00113540150132829,4.31397110069839e-05,6.9719677694083e-05,0.000437835453032539
0.000175943903507917,0.000506925259321724,0.00054969078470707,0,0.00043584949570093,0.000265989015411294,0.000223539269503552,0.128674567601881,0.00175340702576274,0.0013070195170225,0.00110372262907147,0.00604435780726151,0.000447160540003117,8.01816880158219e-05,0.00176453158901947,2.51710898305024e-06,4.20659099808221e-05,0.000118837284271338,0.468951349134353,0,0.00181605588685907,0.00128168811644534,7.00873452022963e-05,0.00013999424031958,0.00123170859253436,3.83446397670771e-05,0.000380444202667482,2.94578602998304e-06,0.000423399298394599,0.000603294290483901,7.23026565799985e-05,2.66750292060803e-06,0.000425670960271471,0.0241571936251155,0.00116230888585095,0.00030645526287287,0.00175329833136995,1.06475069166915e-05,0.00180773666777355,0.000191984063563611,0.0116146631360944,0.000174051280374805,0.000211434795768439,5.03421796610048e-06,0.000621212817216176,5.84406890995563e-05,0.00315951099932539,9.92091647497658e-05,0.00374677137810291,0.000303532357873634,0.000184121665624963,0.000999842140196621,0,0.00010838596570766,2.73594845966475e-05,0.0125176667194023,0.0011264396882895,0.000122617919629446,0.245250783003571,3.20574933989193e-05,0.000415609443887235,0.000192358196338835,0.00226470294796134,9.60329094863282e-05,0.000244282857005317,1.79205507564672e-05,0.000102083924021743,0.0007706230734275,0.000130173768769613,3.84865290274789e-05,0.000165084393202582,7.74569132466953e-05,7.71550418059677e-05,9.80530422412496e-05,3.06248259604446e-05,0.00602151441180122,7.97591970960731e-05,0.00058622734861041,0.000219876019104611,1.41723639311652e-05,0.00677132104075987,0.000318587295404353,0.000126037392237843,0.000543317062057213,5.18461190365826e-06,1.2735938852809e-05,0.000791836144739008,0.000154820630568972,0.00020379832706377,0.00121125624484559,0.000267669536478933,0.000162285581593983,0.00234918871233837,0.0021297320886234,1.93569758348234e-05,0.0177071399350203,0.000307049871359932,0.00017997769997805,0.00133922883471277,0.00406241416134702,0.000412618386561823,0.000683480815549358,0.00159138056860106,0.00157447285600859,0.00584335364439391,0.00138645139586215,0.000318919424981574,0.000213537918508896,0.000182844233329539,5.89157205996608e-06,7.21799641379721e-05,0.00021979766206316,1.92065818972656e-05,0.00377724698884072,0.000156633151448226,0.00103489230673405,2.94578602998304e-06,0.00141304813933778,0.000985096875639038,0.00111184754190616
0.000176845172204176,0.00027149470098951,0.000369541940066634,0.0342074993434931,0.000200522526284557,2.20848900499112e-05,0,0.000133007495714127,0,0.000156245220835669,0.00215238255006462,0.000132509340299467,0,0.000224169936596843,0.000923477150364488,6.72999798722981e-05,0.00234790809662508,0.0563060142615807,0.000198930062254087,0.19206697102308,4.4335831904709e-05,6.72999798722981e-05,0,0.00492700794346511,4.4775460863548e-05,0,0,0.000785279401514016,0,0.00203554332804104,0.000133994278980871,0,0,0.00325685526036853,0,0.000155258437568925,0.000609111139946153,0.0253719168324889,6.64207219546202e-05,0.000224805561128663,0,0.254628248874509,0.000854864635324056,0,2.22509418547978e-05,4.41697800998224e-05,0.00108459413153041,0,6.62546701497336e-05,6.62546701497336e-05,0.00152547256214714,2.22509418547978e-05,0.0362733779770809,0.00431556300438142,2.22509418547978e-05,0.00397701876230731,0.000159132979682944,0.000378696112927825,0.00027005558534716,6.72999798722981e-05,2.22509418547978e-05,0,0.000358631519837367,2.22509418547978e-05,4.50490380175004e-05,0,0,0,0,0.00537380162936083,0.000605430324937835,0.00647798715170712,0.288317129867398,0,0.000225658051132438,0.00022959429555647,4.45018837095955e-05,0,0.052921324518283,0,8.88377156143045e-05,4.41697800998224e-05,0,0,2.25245190087502e-05,0,2.25245190087502e-05,0,0.00161629972356589,0.00104860898137636,0,0.00227436620218548,0.000334028177413343,0,0,4.41697800998224e-05,4.4775460863548e-05,0.000133505651128787,6.71339280674116e-05,0.000474825136073091,0,0,0.000205655160351993,0,8.98244988810484e-05,0.000254139111524674,9.08580125737575e-05,2.20848900499112e-05,8.83395601996448e-05,0.000475738420999967,0.00256082507443339,2.20848900499112e-05,0.00115831886443276,0.00168186977029056,9.05259089639844e-05,0,0.000314190431050872,0,0.000133388598217145,0.000495512650278602
0.00298584826837104,0.00119134095668652,0.0024623519216081,9.49963581256151e-05,0.0023311358848668,0.000206761439122042,0.00125910138999698,0.0901372043899108,0.000738947853638081,0.00136240130142202,0.00361769329615481,1.91098288438787e-05,0.000321924687331097,0.000272871933142054,0.0108674066695398,0.000333057016993314,9.54191826214393e-05,0.000334026769501809,0.011335777256654,0,0.2547379814419,0.000718439589708776,0.000436453698796414,0.000788985154162615,0.00102939483953147,0.000134191626402975,0.000281412434618268,5.77523110274601e-05,7.57565676837825e-05,0.00401802228950371,0.000152618707555121,5.7329486531636e-05,0.00013456619604178,0.0296969314999999,0.000209313957343021,0.000326217014483368,0.0173806561391486,3.84310699356694e-05,0.0160478134665488,0.000505524732560127,0.0125143607532013,0.000187651610278164,0.000404640746831026,0.00037954729285158,0.000439526063409209,0.000133216015813372,0.00400493443541926,0.00179563530555175,0.000250248783033749,0.000909204680920759,0.000323842968808339,0.0532496471545051,0,0.000306635850195669,0.000194039676235824,0.145744431891213,0.00146208958008564,0.000456423723514066,0.0477051782366715,5.67767004378578e-05,0.000676399191830492,0.00100800722778172,0.00306050100620052,7.4228171000402e-05,0.000245956707399402,7.68621398713388e-05,0.00022995218287028,7.64393153755146e-05,0.00096003119896086,0.000114658973063272,0.000465171544355608,1.93212410917907e-05,0.000417132713795601,0.0014158194052763,3.84310699356694e-05,0.00771062145569995,0.000214566836020816,0.00083307814866271,0.00114961231756179,0,0.000377644326529394,0.000631372466761697,0.000206761439122042,0.00126785432808502,1.93212410917907e-05,3.82196576877573e-05,0.00068283323069164,0.000152277333709255,0.000570140798535683,0.00189891912897575,0,0.000229269435178548,0.0693334910164259,0.0351262833025847,0,0.000712675800385054,0.000133638840309197,0.00162337236673271,0.00109454888405464,0.00379809943873702,0,0.000514047097307481,0.000799346659129103,0.00385987476066964,0.00476948565218407,0.0293254338919742,0.000849236881117678,0.00126632567988372,0.00181309725755216,7.68621398713388e-05,9.80048966353575e-05,0.0827951803302102,3.82196576877573e-05,0.00519584744121735,0.000547877662037953,0.000796808943881226,1.85570427501005e-05,0.00117501727877687,0.000674571045231172,0.00138949170253929
7.18009787135387e-05,0.000113166979729608,0.000978067141875044,1.19036152488873e-05,0.000161160727945372,0.00924619771382853,0.000773351489027215,0.00283996551245797,0.00218646255566737,0.221456442014166,0.000317166676652174,0.00106417240300612,0.000549102681908544,0.000159075927514347,0.000440117665935622,4.40599033939188e-05,3.21562881450315e-05,0.000142884481473786,0.00546454562037942,0,0.0001850239267964,0.349220822120769,6.69587694406927e-05,0.000157264195359029,0.00833551278312556,0.000129921063377375,7.92520689015124e-05,0,2.38072304977747e-05,0.000165631909124037,4.23012807108546e-05,0.0219125438113923,0.000104855234317853,0.0483138147202075,0.0112151352059491,0.0035748136320997,0.00174772115995827,3.39335669458468e-05,0.000104746508401866,0.000184137970322232,0.000308043822788853,4.05240019100394e-05,0.000170084434184951,0.000217984901811959,0.0803688976984859,4.23012807108546e-05,0.000754712456391204,6.61085112086293e-05,0.000329393258858503,0.000281201066838035,0.000286231322923868,0.000242783380357773,0,0.000321833442754542,0.000742686963759578,0.00493484039078082,0.00159580404918589,0.00466419329187223,0.00601541166254525,0.00101004014841819,0.000431001809114456,7.89445472713021e-05,0.00254056990111552,0.0123051839286286,0.000708980634555448,1.19036152488873e-05,0.000454175340234059,0.0134156025063894,0.000390437060626798,7.62161915389503e-05,0.000203962032777544,8.63425279870224e-05,9.33495624069318e-05,0.000264784278945263,1.84940502130799e-05,0.00896492166938167,0.000659388081553113,0.000730885238906693,0.00023558924369179,0.00105094845149141,0.00901147177113052,6.07766748061835e-05,0.00136908689588089,0.000204897312472329,0,0,0.01756394704591,0.0121011780373616,0.000154915478756411,0.00294557638433786,0.000411249160339629,0.000329088596109293,0.000259888591094368,3.96446905685073e-05,5.06503383581114e-05,0.000313664876613277,0.00114718127676188,0.00523307953839032,0.00108592925203482,0.0017954028620806,0.000198938069914828,0.000456806998231816,0.0940145102946991,0.000205262468038021,0.00184263250725298,0.00158985284220283,0.00034208268130857,0.000149813105171055,0.000199096119051433,5.33069285004588e-05,0.000112324980623578,3.03976654619673e-05,7.53555363151693e-05,0.00517872391583708,0.000578799303687903,0.000201759354326416,0.000463692222825788,0.000638229533981171,0.00151599753424641,0.00131003486268673
0.0283060652568479,0.00112224722591402,0.00415265503497359,1.1074322840183e-05,0.00415853554727371,0.000279961268600676,0.000493321108497682,0.000961382896684277,0.000210503820461819,0.000470498395372257,0.118347647466482,0.000181806600508731,0.000144994941507197,9.94176771983823e-05,0.00882374088652926,7.77375605612547e-05,4.60288295104079e-05,4.33602332742551e-05,0.000419493611243963,0,3.38001479037744e-05,0.000498912234010013,0.276716385105642,0.000351459449857551,0.00445994206846456,0.00020264155334775,0.0015533971389904,0,0.000639641491498803,0.000303631642410941,0.000158507438474239,1.1074322840183e-05,0.000634797871877724,0.067107831138013,4.49831210839441e-05,0.000198492439535159,0.00451491608496252,3.32229685205491e-05,6.85203900523799e-05,0.0160022304968639,0.000561335614991263,0.000110023470995327,0.000629489371461278,0.00330511924215963,5.68688878289717e-05,1.16515022234083e-05,0.00621630883741247,4.49831210839441e-05,0.000467756227840549,0.000737333053526606,0.000145321100317186,0.000177138481708019,0,7.71603811780295e-05,0.000527927498742808,0.0100785715682149,0.0322718374626775,4.50750153723133e-05,0.000940535224370416,4.33602332742551e-05,0.00107885939062995,0.00098629025815794,0.00803015355401313,9.94176771983823e-05,0.000154973079976036,5.49030851576767e-05,0.000124669728264876,3.38001479037744e-05,0.0649914222713168,2.21486456803661e-05,0.000244646883227199,8.81260536782258e-05,0.000533253705594771,0.00272974886529424,0,0.0167556831922477,6.71317667643102e-05,0.00997537224194644,0.000469308971186951,0,0.000519269392414373,0.000248724909005392,4.40630268391129e-05,0.0132974221576944,0.000901992568835838,0.00118088288422482,0.00112611639886912,0.000153743582972834,7.73946456996487e-05,0.00521530934798087,3.33316188605358e-05,0.000286284816492048,0.000332379546098938,5.49030851576767e-05,0.00010991482065534,4.49831210839441e-05,0.000669742537475958,0.000303355959545833,0.000458162214786776,0.156231822843212,6.87546545739992e-05,0.00318617503527221,0.000848154652833004,0.0516892617209155,0.00307854218855122,0.00231459854594102,0.000368346041302363,0.000171618652020115,0.035379965793516,0,8.97489414879148e-05,6.79432106691547e-05,0,0.0084365847483039,0.00172106892842963,0.00301912243967863,1.08400583185638e-05,0.00220437552839075,0.00012317245463682,0.00115936132500478
0.00032264053806151,0.00122359605135417,0.000585400541802516,0.000760995027363494,0.00165143570817578,0.000143969635697321,0.000109607466785926,0.000847844401755465,0.000194535132992662,0.000717988953516892,0.000400367530031185,3.48532043099095e-06,1.06747949453646e-05,0.000284665034947943,0.0023740289696172,0.00112538962624514,0.0190722874053757,0.0191760967398416,0.000147438640108349,0.000449482912794693,0.000139823081982089,0.000203909293400495,3.54156373701209e-05,0.608135962412614,0.000214915443573502,1.06747949453646e-05,0.000256226763708,0.00197352104843831,4.94305217520725e-05,0.0123562466915813,0.000571936718843039,0,7.17924189488563e-06,0.00782767618641734,6.42573707050913e-05,0.000312085414069913,0.000751052264537451,0.000350859266443374,0.000244293273384394,0.000205081492932582,0.000511627999128224,0.00556585400890389,0.00180255193076948,0.000166463562646395,0.000419079248668168,0.000153574713501963,0.005669158567801,8.58402620442386e-05,7.08517399792177e-06,0.000390336567752498,0.00856859143280076,0.000259337642155513,0.000292011093474899,0.0628429380466839,2.50230461156478e-05,0.0146219949991969,0.000582635315901651,0.000130222929940114,0.000364790219549063,7.07494137843376e-06,0.000732883330305721,0.000128646377151001,0.00304141390685963,1.43687164092593e-05,2.1599121401585e-05,7.54823917696075e-05,8.55640557962967e-05,0,0.00018723968165295,0.00355360903321335,0.0200409064629983,0.00860339010724792,0.0188667597910524,7.77712177437596e-05,0.00164831236201364,0.000840266321176512,5.01484184261758e-05,0.000164302683105457,0.0140333507206076,0,0.000123523539464558,0.000378327815643548,2.13700551297052e-05,0.000114800551636527,0.000240938820728864,0.000444479450393402,0.000446108776688904,0.000131518397998997,0.0185961149706011,0.000693074195237985,0,0.00457786819691338,0.00115251452161685,6.40385370526995e-05,3.48532043099095e-06,7.17924189488563e-06,0.000514143005733351,0.000217335347940247,9.32301165327169e-05,0.00105472810065095,0,7.11543902895267e-05,0.000256665648848289,0.00035618469624048,0.000929711460012101,0.000813067709966499,0.0020515732005178,4.28873155753861e-05,0.000345126147952998,0.026464435164616,0.0454864312032209,1.06645623258766e-05,0.000399944492421153,0.0300498655597946,0.000139725506733833,0.000677725746265892,0.00370975771854492,0.000851732170521328,3.61826669614167e-05,0.00048770192512238
0.000228771353238261,0.000134569486085611,0.00165341176904848,3.47795467381605e-05,0.000653377588817621,0.007367117366825,0.000876462461038089,0.00509716493691237,0.0214323479013007,0.00298986650042841,0.00258573562015793,0.000313784806435958,0.00305745879071843,6.48070994349172e-05,0.000843957631562223,6.7632911575055e-05,4.06942532819753e-05,0.000170100969792784,0.00256541091609279,0,0.000504344477511072,0.00329010237453891,0.000393653876851166,0.000217762898955691,0.234839460406074,0.000314279899385468,0.000187177142239358,3.74623650185755e-05,0.000232229622879367,0.000468925526868796,8.86255941722582e-05,0.000382106651803796,0.00987539853314269,0.333701180579927,0.00306358968762343,0.00389446300470087,0.0111238854555572,2.07642136302648e-05,0.000127192093806009,0.00181649001396595,0.00277520433710937,6.55245291541941e-05,0.00027863810877669,1.06465830280309e-05,0.00135371993136315,1.06465830280309e-05,0.00370860815948886,0.00022130656700345,0.00563612414966005,0.000227333378422933,8.82676906711822e-05,0.000345218523223311,0,0.000200265384306006,0.000750616559486081,0.0126569747968544,0.0162426193023334,0.0031208919551262,0.00301663562046437,0.00148962557475521,0.0013948296762627,0.000332506962956404,0.00747621717087687,0.000791852546842428,0.00210809216925707,0.000116687758307877,0.00059434446506688,0.000244658548908827,0.00130765111424179,4.08745496267278e-05,0.000145389060896967,7.31195202635777e-05,7.13984903581504e-05,0.000228105538995999,3.14542311865832e-05,0.087233023529968,0.00184237412622512,0.000990600796016576,0.000877272237208916,9.32613541798679e-05,0.00162694763045916,8.43792355855517e-05,0.00393800746387763,0.00157669644769807,4.53734478178725e-05,2.78302523138513e-05,0.0655294291816044,0.00317797201817409,0.000237100532806418,0.00133943703801277,0.00200829811542464,8.56147475934694e-05,0.000573844582918887,0.000982882350349109,0.000295342818396603,0.000778157922798328,0.0027623654814075,0.00668032501348225,0.0235849220916596,0.00389602157829941,0.000235616251526947,0.00208482370492715,0.0146414600460291,0.000837666556023571,0.0221545819115767,0.00409176924394312,0.000147430044198906,0.0003066080181423,0.000700426156918819,7.45278026236309e-05,0.000248273836607349,0.000253161183131533,1.44481690570864e-05,0.00211955915628087,0.000485215651938665,0.000522347475548252,2.12931660560618e-05,0.00379135716493701,0.00649600986111458,0.00859334873869886
0.000662240202392696,0.00023167463826986,0.000269406861139161,1.42144935474753e-05,0.000784864508146388,0.000139241710002192,0.0126320006182625,0.00137525550024849,0.000397704185513978,0.000291955343478039,0.00353060179550299,0,0.00160569862299719,6.26768426947867e-05,0.00013321422649329,4.29699495772828e-05,6.19959088721532e-05,0,0.000206973612262839,0,7.13989366722335e-05,0.000278281578214784,0.000596218585152221,0.000291302405608326,0.00300218568305495,0.333670309975008,0.000170372080780104,0,0.000119861285819545,0.000203752739160863,0.000176078739699495,2.84289870949507e-05,0.000548432347943947,0.0623408058688656,7.48428904290147e-05,0.00401375790232625,0.00182607574926808,0,1.24925166690847e-05,0.000671133884468684,0.000679140275456161,0,6.43988195731774e-05,4.29699495772828e-05,1.42144935474753e-05,0.000103598346458822,0.000892270304202323,0.00339158929430198,0.000192982199370169,0.000211618924609927,1.79849162391133e-05,0.000139241710002192,0,0.00018598772661646,0.0230996517427681,0.0032493023954784,0.00232583590743142,0.00113552215597314,0.000949278417978448,0.00217770891736446,0.0430346516433414,1.79849162391133e-05,0.295388682075794,0.000226903586035148,0.0026529652629472,0.00784993891055767,0.0016995484109605,0.000291612570448481,0.00305351310190028,0,3.21994097865887e-05,1.79849162391133e-05,7.49551000145083e-05,0.00065563383482503,0,0.0492201836435471,0.000372931153787033,0.000207196692917644,0,0.0001613235178678,2.84289870949507e-05,1.42144935474753e-05,0.00013461650765124,0.00144541082637382,6.35036264011807e-05,7.31209135506241e-05,0.00135935492785903,6.26768426947867e-05,0.000162831235396828,0.000617115241762019,0.000113715948379803,9.60575010755461e-05,0.000140749427531219,0.000187816268734997,0.00533649513974815,2.670701021656e-05,0.0180674190383591,0.00166093165466856,0.00136697935793354,0.0355965576321881,0,0.0066473849446673,0.000799390795330819,0.00126567993720775,0.00215410092689719,0.00156091635476257,0.000116417332062764,0,0.000393505244123614,0,0,0.000110812722907241,0,0.00337022709208798,0.000379250337063456,0.0011176214533666,1.79849162391133e-05,0.0395988289369463,0.000882887789565903,0.000660362215808921
0.0363412416859747,0.00400504325704332,0.000604179882348876,4.96906222543787e-05,0.0381486936237924,0,0.000469991115311296,0.00251449708110373,0.000212451082988183,0.000226393555175374,0.00178713633176933,0,0.000100619357855722,0.000124536083972688,0.00561738794782476,0.00020614797513365,7.97691191290659e-05,0.00022093334535447,0.000850240098443028,0,7.73072904236875e-05,0.00017236953620662,0.0064862592960477,0.000238702698702266,0.00025029588330379,0.000208005145154096,0.15948074110332,0.000110466672677235,0.107608666212979,0.00240145936024262,0.000377293795981856,7.97691191290659e-05,5.52333363386176e-05,0.0314237192076198,0,0.000211086030532957,0.00573425616197343,0,0,0.00169114023750098,0.000258919482766889,0,0.00179564322858884,0.00391036265583802,0.000402477431422887,0,0.00765856368096777,0.000417727364111104,0.000321552703210192,0.00124776757086642,0.000102462129887618,4.96906222543787e-05,0,0.000362873190591569,2.51548394639304e-05,0.0184900331020673,0.0058651921013373,0.000215390631270232,0.00167848308574996,0,0.00279818421426834,0.00107809643557836,0.0073367279530866,0.000100619357855722,0.000105543015266478,4.90715655808967e-05,0.000133159683435787,0,0.00228706543411136,4.90715655808967e-05,0.000918683068296366,2.51548394639304e-05,0.000779315796293242,0.00522647533759745,7.54645183917912e-05,0.0128971354349687,0,0.0022341920354495,5.21524509597571e-05,2.51548394639304e-05,2.45357827904483e-05,0.000179150363637823,0,0.0011222320265219,0.0216830200452048,0.0102071018158892,0.00022515544182841,2.45357827904483e-05,2.45357827904483e-05,0.000984793630311141,0,0.00349450410643635,0.000651520803391163,2.51548394639304e-05,2.76166681693088e-05,0,0.000105543015266478,0.000366938724727296,0.000126378856004584,0.171464129488834,0,0.00309366178763506,0.000155852694194339,0.0338270645086004,0.00116749277606625,0.00106274835975898,0.000964549303778508,0.000149071866763136,0.0172062054184002,5.27715076332392e-05,0.000131921570088823,7.48454617183092e-05,0,0.0532360431454545,0.000580979942410128,0.187346712222017,2.51548394639304e-05,0.00258618717311206,0.000128840684709963,0.000333764944485199
0.000223536407197692,0.000113916469284877,0.000172594368853512,0.00180116481949627,0.00179197307095884,0,0,0.000293525292561776,0.000173660524337942,0,0.000351818003698138,0,0,6.72709623127592e-05,0.000705588970438465,0.000492348667011524,0.121321526262865,0.0212089329073574,0.000390255636358404,0.00108361320639923,6.79923691138269e-05,0,9.77964992810577e-05,0.0223220024029134,8.68302621689708e-05,0,0.000244722693739999,0.179275269733293,4.59241001710504e-05,0.0165661583492736,0.000194141654645413,0,0,0.0043804219441333,1.95592998562115e-05,0.000192514076261197,0.000234711598274538,0.000767363162874263,4.1627568798988e-05,2.20682689427765e-05,0.000273830197986961,0.0102426566727543,0.0012537968421422,1.95592998562115e-05,0,0.000227697143851152,0.00349498322362261,0,1.95592998562115e-05,4.34151310844854e-05,0.0429709108044637,9.74113108487849e-05,0.000613406855123823,0.052426136407689,6.62048068283295e-05,0.0072278065929785,8.68302621689708e-05,9.74113108487849e-05,0.000411738293218715,0,6.29744309406969e-05,0.00102847666938861,0.00037622672751163,0,0.000198798593568949,0,0,0,0,0.104064987247234,0.00110622523182649,0.0484043497946309,0.145783628910706,0,0.00168686375347724,0.00132966398065824,0,3.91185997124231e-05,0.0458628529421429,0,6.62048068283295e-05,9.54233249130954e-05,0,1.95592998562115e-05,1.95592998562115e-05,1.95592998562115e-05,8.25337307969085e-05,0,0.00706925069171401,0.000935918924383949,0,0.00529428989265644,0.0005182636499625,3.91185997124231e-05,0,0,0,0.000115183048419499,0,0.00022425781399876,0,0,2.38558312282739e-05,0.000284161852953106,8.32551375979761e-05,0.000195207810129843,0.000233059830707644,0,0.000253340537364923,0.000653968268438381,0.00989468098054861,0,0.0853968926605333,0.0179342399223403,0.000132754362340021,0,0.0254048354691614,8.5764106684541e-05,0,0.000656509957022192
0.0641258050025572,0.00317334908328482,0.00021431617942445,0,0.118968127566313,0.000202063951684336,0.000802210526862777,0.000514236563374864,5.76937431397845e-05,0.000463451854849547,0.00154845473591743,0,5.12732467200181e-05,0.000588009481509254,0.00326405946799771,0.00101771365460453,0,0.00111422475881263,0.00119145935655534,0.000531153886183827,0.000695263228235037,0.000140752408249397,0.00252309664849817,0.00124134191289832,0.000955383349087452,2.8982722264983e-05,0.0498146099648693,0,0.342572838201302,0.000770742088034283,0.00173436525511226,0,0.000250262800889562,0.00823909457546385,5.74220417496029e-05,0.00152486341071502,0.000366971568278587,2.8982722264983e-05,5.34096320000189e-05,0.000362575889654339,0.000533847299769535,0.000797756222878412,0.00112101534521414,0.00413397706861009,0,2.87110208748015e-05,0.0094451067180556,0.000613196074156878,0,0.00408918851686583,0.000288740417089104,0.000198929925504711,0.00044297003635408,0.000712356148788201,0.000192840759139959,0.0210557111041839,0.00120853032091754,0.000344174866884641,0.00102467755380466,0.000104682878720037,0.000750874084891482,0.00358599920579354,0.00232193457066002,2.8982722264983e-05,2.56366233600091e-05,0.000153819740160054,0,0,0.000689082249779318,0.000580092578759987,0.00166002669967041,0.000240484864985058,0.000428048636164797,0.000514330576263274,0,0.00274913188011754,0.000774060463364412,0.00133801131269895,0.000576746479855013,8.23923542650019e-05,0,0.000931214961849676,0,0.000621026932199065,0.0603232963414453,0.0304287712872945,0.000329703665704019,2.8982722264983e-05,0.00139251140099428,0.00112789035808931,0.000115387486279569,0.000958278135639177,0.00364420634319326,0.00053623270528019,5.46193456249921e-05,2.56366233600091e-05,2.56366233600091e-05,0.000163586335484795,7.69098700800272e-05,0.0378756209027279,0,0.0011210688440108,0.00030406704234401,0.020699897417117,0.0009066297565221,0.000712626011865225,0.00432453796989558,0.000214587880814631,0.0195277674185304,0.000195371753874389,0.000552319570119977,0,0.000231861778119864,0.115481085392168,0.000996658897332435,0.0224717440133182,0.000144913611324915,0.000512551490448113,0.000106819264000038,0.000811351047098508
0.00023504814816974,0.000652830313036497,0.000231325490545966,0.000123486198238224,0.0011312070480076,1.57341188137653e-05,5.05452711846872e-05,0.000753660632501802,9.30906514555199e-05,0.000204660068098751,0.000487961253219804,3.39503425081738e-05,7.41989807242127e-05,0.00430334997081776,0.000804924663567474,0.00213090907941016,0.0010391223488447,0.0020940069655399,0.000480176134513062,2.97096016250029e-05,0.000133807170257793,0.000161792670424467,3.42918791342076e-05,0.00233543797378036,0.000123837165038419,3.28819373551731e-05,6.18689763514334e-05,0.000387427972971992,9.62470651014454e-05,0.809218139391837,0.000752322216157684,8.38272087555553e-06,1.39732744465215e-05,0.0068843345299755,7.32459484065489e-06,0.000176913225272502,0.000412051904496012,0.000141644058394533,0.000151463968684892,8.35715962907439e-05,5.91641892271287e-05,0.000594611382308004,0.00506280386189435,9.89012964327439e-05,0.000156775822782971,0.0117610130688356,0.0034408974146814,6.05130680393448e-05,0.000218915035954469,0.000258186340274701,0.0249278697882811,0.000197153134934783,3.16123679698581e-05,0.00845442266714765,1.37250791341833e-05,0.0126616519626818,0.000471904906119818,6.55964068579385e-05,0.00064960492942066,0.000269901198711559,9.4187030270556e-05,0.000181847017624954,0.000587216609000682,4.66021362286925e-05,2.01066668199941e-05,7.52327043358472e-06,5.72679578648683e-05,1.1935719548584e-05,9.67909378310919e-05,0.00071130788003989,0.000999224609250338,0.00157398294294154,0.00212000855099252,3.44035203403244e-05,0.0130052524317737,0.000940674789486624,7.29683130532856e-05,9.17071562009212e-05,0.00240865601793854,1.30574023696012e-05,8.8727178776971e-05,0.000649722780115734,2.4113692269112e-05,0.000283917377816783,0.000191911384598444,6.97673965859563e-05,7.18023003076006e-05,1.34598653251127e-05,0.0120583431245516,0.000908836909974084,9.71396720936406e-06,0.0254710270010029,0.000568350380772448,1.90112804927891e-05,6.34687809841874e-06,7.65451385737582e-05,0.000229437889973171,0.000443405635311652,0.000164986450013991,0.000455141919314974,1.19324061381908e-05,4.27239554656249e-05,0.000191850309218777,0.000184463658830037,0.000350905231218307,0.000607309559200805,0.00145829763345673,5.96475628991338e-05,0.000315017566681605,0.000330292060645721,0.000966369047814319,8.27699720377131e-05,0.00227536706444547,0.0192058043136662,7.8020188449439e-05,5.40510689144116e-05,0.0022355780439767,0.000211988216911797,0.000222582280438043,0.00059290485429601
0.00172084718309833,0.0109997237823536,0.000437320640044744,0.000108652789984287,0.0809156291829202,2.57076382594121e-05,0.000266293324932904,0.000457765056104132,0.000186739679613381,0.000149535598212325,0.000234702318034125,5.31126292148961e-05,0,0.00362926561076038,0.0114296232686066,0.0139976393982141,0.000276159941188262,0.000889677077203222,0.000624807428657613,1.37590176599671e-05,8.06306645348302e-05,8.9236492413854e-05,4.78463950695027e-05,0.00132582382407401,9.11599338388261e-05,0,0.000277972407273996,0,0.000536407009470839,0.0218235961408776,0.127869324495215,2.75180353199341e-05,0,0.00513138470217314,3.55067287049849e-05,0,0.000494079456664018,0.000147682881583929,0.000234265753714388,8.25541059598023e-05,0.000219471849365565,0.000223964642164504,0.0800358467897552,0.00189570839807153,0.000104394736097939,0.000609776143677148,0.0306247109159396,1.37590176599671e-05,0.00010430181700482,0.0220643983964501,0.00196241922981717,0.000374228163168618,1.37590176599671e-05,0.00150585064297943,1.1835576234995e-05,0.0371197187800202,0.000287496695305737,0,0.000882379808465306,0,0.000146587050243767,0.00273060972772876,0.000184130264738174,0,1.23396663645178e-05,0,0,8.07437088992803e-05,6.21095028589926e-05,0.000440141843657265,0.00554102684656895,0.000406255161693296,0.00104723992054437,0.000205075758981716,0.000233670813516958,0.000339597945274797,0,0.000185320328317932,0.000779483798643084,0,0.000155604049159194,0.00232872132376832,9.82786975711932e-05,0.000249557167034254,0.00313533080267631,0.00333908577926359,0.00107027532500652,0,0.0037882334032075,0.0023653936849725,1.23396663645178e-05,0.00707159513877321,0.00192479532719602,2.5594593894962e-05,0,0,0,0,0,0.00149559114139697,2.57076382594121e-05,1.1835576234995e-05,0.000195232463127955,0.000696337951472643,0.000261505600592278,0.000382294349550147,0.0111721074312279,0.000458948912608254,0.0018926823571065,0.000628506838023665,0.000586326941885634,6.87950882998353e-05,6.31378083893691e-05,0.480026991597481,0.000354610983111197,7.44491692235104e-05,5.03869709884478e-05,0.000188159030908831,2.75180353199341e-05,0.000613765606081824
0,0,0.000675058925127896,0,4.06924620762125e-05,0.00786626311843807,3.01152576480402e-05,0.00133908352330881,0.00104868529257852,0.158056490214322,0.000885181567902446,0.000280843586821545,0.00313842781341605,0.000431652026288576,0.000315824737084927,0,0.000190497813877424,0,0.00332797131241742,0,0.000207648575021826,0.225026563081882,0,4.06924620762125e-05,0.00804782126070538,0.000131038235020333,3.01152576480402e-05,0,0,0,0,0.144936911251817,0.000324045653701761,0.0382483336727331,0.0103256864149521,0.0122965150723709,0.00144111337104158,3.42102138243934e-05,3.01152576480402e-05,9.69503339244771e-05,0.000318365346153057,0,0,0,0.0439159033642904,0,0.000682301521227915,0.000145710395624859,0.000540624073251156,0.000111500181800465,0,0.00027197404649426,3.42102138243934e-05,4.06924620762125e-05,3.42102138243934e-05,0.004055254980434,0.00148127480803724,0.0255671089518634,0.00132101456453639,0.000263692825677143,3.01152576480402e-05,4.06924620762125e-05,0.000836293137669891,0.0102203383857119,0.000798771378338378,0.000359026803965143,0.000537465844736701,0.00452404612629378,0.000115595137976818,4.06924620762125e-05,6.84204276487869e-05,4.06924620762125e-05,8.13849241524249e-05,0,0,0.00233705022751386,0.00343372388384554,0.000280843586821545,7.08077197242526e-05,0.0015795800464352,0.00687644701825553,0,0.00333498857460249,6.02305152960803e-05,0,0,0.0208832636934403,0.0667562086084332,0.0003255396966097,0.00152229167262442,0.000446985284833798,0.000406924620762125,0.00050154796681142,0,6.02305152960803e-05,7.49026759006059e-05,0.000670107961163265,0.00430141139543576,0.00260123212279367,0.000408680114833051,0.000150576288240201,0.000161153492668373,0.150847840810014,0.000166956112945614,0.00365644372231514,0.000578145832582668,0.000204355559548589,0,0.000120461030592161,0,0,0,0,0.000196980062129243,0.000330496897689453,4.06924620762125e-05,0,0.000569785777531385,0.00908023185297814,0.00164096167209437
0.00093428458343153,0.000123377475198774,0.00188307399342513,0,0.000787366882835457,0.00128167029989687,0.00053900676383094,0.00145710229033192,0.00489866543801689,0.000968814687745119,0.00496460634388136,0.000358210819364099,0.00329550502919715,0,0.0001496613099579,0,0.000113830494434804,1.21364845054088e-05,0.00124727109399008,0,0.000582844122052989,0.0014370359453545,0.000926043144962387,3.82503070706763e-05,0.0398108484249703,0.000705061614657452,0.000111463472674752,3.64094535162264e-05,0,0.000193894433089976,7.25295880358874e-05,9.74336648273646e-05,0.276630222527148,0.159305485815101,0.000803277135131533,0.00303600157680224,0.00439012396032335,0,3.58308155230956e-05,0.00411699826964303,0.00246147253276178,0,0.000102325117710055,4.9874990598133e-05,0.000230356356393731,1.18471655088434e-05,0.000727232119342008,0.00024554344022738,0.00240863774023338,3.79609880741109e-05,3.6120134519661e-05,0.000146849324235074,0,9.13983789784362e-05,0.0054901339385679,0.00596001335668907,0.00980337896875983,0.00075819447914881,0.00115280040280553,0.000672815461441788,0.00155803802391177,8.61144319205014e-05,0.0100959270177436,0.000221322941004091,0.0113178015823109,6.25232760814939e-05,0.000362426298386802,0.000261096732331049,0.00205430160133034,2.42729690108176e-05,2.49040767914771e-05,9.13983789784362e-05,1.30569112826337e-05,0.000156788799174289,0,0.295399510152915,0.00107718730104706,0.000331777178950588,0.000254719657698027,5.00974725795197e-05,0.00144391836651546,5.2227645130535e-05,0.00258650815947033,0.00300496217168693,2.49040767914771e-05,5.03867915760851e-05,0.02595420067963,0.00142198093919258,8.86370986467614e-05,0.000759762985519475,0.0015007074743952,4.94663647988602e-05,0.000316927328877731,0.000274537849927029,0.00125724641198157,0.000148860189983382,0.00336649321895231,0.00242043618679733,0.037315154365218,0.0113673963579578,0.000177417923582157,0.00526887808963628,0.00324344676311824,0.00105844742506573,0.0082485134705675,0.00249993212184843,7.2240269039322e-05,0.000278047780445693,0.000682370045913959,0,7.55801873641277e-05,3.6120134519661e-05,0,0.000985313546273727,0.000270463648642885,0.000830165089608351,1.30569112826337e-05,0.0028630042013123,0.00778605110671456,0.00303167866164362
0.000591001524160943,0.000325055739165975,0.00542749375046827,4.6885447406483e-05,0.00111135306238929,0.00120002438132364,0.000933349536979135,0.00561198682166323,0.00788802322695328,0.00260163753171709,0.00642559892830669,0.000169346652390797,0.000984101796399906,0.000252615661671588,0.0017920434721423,0.000182576959964481,0.000251453869997779,0.000996479107791194,0.00198031998153455,3.15485103761062e-05,0.000234933021782112,0.0015524770111175,0.000647165452117291,0.000878286749214647,0.0120940566660195,0.000559442748737926,0.000168914709441133,4.65546962111868e-05,0.000101802781522473,0.00456703945484965,0.000274316541314731,0.000246970839666673,0.00166843831520124,0.651867287207136,0.000853307914786393,0.00214900365597835,0.0172103667549914,0.000138950941582743,0.00010876490846811,0.00384250272496465,0.00375151273491935,0.000354221274280109,0.000745014187507435,0.000230914384090473,0.00109202687433966,7.72908903024516e-05,0.00412192394692059,0.000563289605626009,0.00364874971978857,0.000358584180199673,0.000834017215664999,0.000469849841356117,3.61213805979204e-05,0.0012234997456919,0.000577730823195845,0.0269483170384407,0.0459605899386869,0.00127174997267882,0.0042337645560136,0.000542355173524015,0.00153032447461746,0.000268491550797302,0.00682132069202473,0.000443736310665601,0.000510704110547913,0.000229786704860648,0.000856897681661061,0.000205334899438597,0.00166533639363779,0.000122556601895235,0.000255279091748405,0.000153137460146292,0.00188837705320284,0.000418976606065975,0.000184208015163896,0.0415577893083803,0.000569954201736869,0.00136157018167656,0.000694308557286357,0.000241117580593431,0.000911050108457152,0.000495131643047496,0.000583437778677199,0.00404600471740182,8.77247860710327e-05,5.08655614888062e-05,0.00787782171093851,0.000855082880674428,0.000413424354684377,0.00235431669847635,0.000801130484753868,0.000780977414175321,0.00146666339674207,0.000868164961016758,0.000173909746984736,0.000324834287831024,0.00211293065814468,0.00278818791421361,0.00319297498711592,0.00661701914731395,0.000120716285278771,0.0012352153550265,0.0040286988817961,0.00107583578739221,0.027583382917008,0.00486489004775836,0.000508375182235933,0.000396544098918073,0.00143824534584346,6.21247371513566e-05,0.000122443251843923,8.67102790519069e-05,5.84077076108414e-05,0.0065943714327069,0.00107985316505501,0.000604843790253869,0.000100239452397241,0.00305461082999619,0.0018783782704475,0.0132702499261403
0.000266469900288227,0.000208181645841957,0.00128511671050152,2.86733228024073e-05,0.000254313642365089,0.0226747911666787,4.93174805035318e-05,0.00654734042929663,0.0227130320307837,0.0103834511356161,0.00138065844088635,0.00760290715161365,0.000529910126018904,0,0.000504804636430654,7.70491944644843e-05,0.000466204582197313,0.0006514691602905,0.0151016357847536,0,0.000226062085373075,0.0172011573760026,0.000117761453901967,0.000106283296143068,0.0217555744207874,0.000382816493217686,0.000205603531637741,3.28783203356879e-05,3.67024879036902e-05,0.000270139777701857,1.64391601678439e-05,0.0013056108826423,0.000551471077843002,0.128166272107376,0.279058894133541,0.00276331699872466,0.0023232126893538,0,0.000214240066515208,0.000769098944257664,0.000899305148286076,0,6.71979200346495e-05,0,0.00520757512520051,0,0.00183622623490964,0.000100076240370337,0.00568392166852988,0.000189381289247106,2.86733228024073e-05,0.000454674938117754,0,0.0003789345934475,0.000245069737711438,0.0118416149735295,0.00717454560592836,0.00131868435670743,0.00603890550083659,0.000131132451377473,0.00052739784678209,5.85613851571826e-05,0.00367521090301262,0.00087424540555979,0.000543246686742231,0,0.000203750108497771,0.0286422501131805,0.000704675124060958,4.21222249893387e-05,4.21222249893387e-05,0.000190518124088048,3.67024879036902e-05,0.000358291955014854,0,0.0136571922916619,0.00109006432963938,0.000676123089525418,0.00021117190382287,0.000273938286513333,0.119565001301687,0.000211683644088713,0.0019577148439454,0.000731602047747325,2.50756950453108e-05,0.000102078298609788,0.0658644431126379,0.00713711820621202,6.53758107060975e-05,0.000930278137142112,0.0155212841049663,2.86733228024073e-05,0.000504211446493603,0.000229052343353988,0.000249696501055112,0.00140977488366166,0.00190096138827764,0.00240406562566563,0.00500538235129701,0.00227170763104883,0.00684193185277735,0.000515107471213822,0.107802486671412,0.000190605650833171,0.00680848487154868,0.00281063782283222,6.78052898108335e-05,8.66273381834059e-05,0.00056540994411425,8.86976791005846e-05,0.000321881082255232,5.43563876239021e-05,0,0.00198620923068256,0.000339921466995615,0.000214996071390872,0.000144354813753499,0.00101084916474738,0.00139560888675287,0.00300648216459068
0.000174740485984438,3.7368257590149e-05,0.000651064541249934,8.57694365534615e-05,0.000978863942870859,0.000898390241266706,0.000685061751812405,0.00122197764321313,0.00076726171798028,0.0199768083181102,0.00121492068717533,0.000139859404293877,0.00416126681568431,3.13400304138858e-05,0.00267884673741362,1.27065831931054e-05,5.11513971927111e-05,2.67134240673689e-05,0.000650044286868691,0,0.000173933634714135,0.00421468900836514,0.000829272259189519,6.40623569319064e-05,0.00716080740570305,0.0014819140223063,9.63250813566585e-05,5.83591941759328e-05,3.69925115955654e-05,0.000162952080517394,1.19550912039382e-05,0.000716622450035306,0.00119648429599363,0.0482465342711477,0.000498382794735785,0.400083387091656,0.0016464545373407,3.58652736118146e-05,7.83065814498559e-05,0.000323404050179032,0.000663508528584682,8.39590626315355e-05,0.000431007203530999,6.98862075620798e-05,0.00287136484171276,0,0.000505587040080988,0.000498690268392774,0.000452133084347231,0.000105223690456428,5.08263327724216e-05,6.79567960148676e-05,0,0.000230310120872863,0.000109002125376789,0.00935856335940631,0.00248409447618995,0.0812860382788846,0.000718387846550255,0.0368699982942208,0.00047337051485495,1.9914380176327e-05,0.00530037086267725,0.0174943270195743,0.000633922297024609,0.00118879672304804,0.0092838955051068,0.000101724322093662,0.000355601200875286,3.2091522403053e-05,3.69925115955654e-05,5.1700162884702e-05,8.2746485726981e-05,3.13907119881799e-05,5.9775456019691e-06,0.00731559344458371,0.0205570741803586,0.000429367563259612,4.3945250458403e-05,0.0132137732059301,0.000473774410803977,1.9009193215364e-05,0.000799209319392206,0.000307029338065607,0.000115114041224943,0,0.00332757867054507,0.011323798514271,0.000270720921050244,0.000347441086994826,0.000156548107346547,9.78998893106067e-05,0.000192991853250121,3.90949428401848e-05,0.000203123579767035,8.4441814128334e-05,0.0331228942678571,0.195289884621501,0.0113146128533445,0.00253100074510251,0.000107154752252554,0.000235438803441789,0.00962025824649681,0.000372935767623922,0.00298639360971602,0.000883947015521152,3.73175760158549e-05,0.000316662049727263,0.00055826405248023,1.93342576356535e-05,0,2.56875492322062e-05,1.93849392099476e-05,0.00103932445211278,0.000193901723922684,0.000277345986601852,1.19550912039382e-05,0.00145300317171546,0.00565924164676362,0.00109630847536032
0.000813439253094464,0.000192202425126714,0.0500597418472575,4.49503173590799e-05,0.000961997298504148,0.000351093870298175,0.00153080326053085,0.00426997415060955,0.00341849228932517,0.00270650266625908,0.00905949576145169,0.000203635246477379,0.000646537985029846,0.000420695018963273,0.00302572689997558,0.000128538459378495,0.000352932504262169,0.00100001511393201,0.00235072349692412,6.45030489418709e-06,0.00154056731643622,0.00190323267448966,0.00126431721735158,0.000679357873524502,0.00525179263578238,0.000214420280539444,0.000797392941354694,0.000139927657464082,0.000381178197054557,0.00139188966717583,0.000148121267259158,3.6453937903987e-05,0.000493345468362809,0.202151092574895,0.000210443212330481,0.00140147626273113,0.379346398682768,6.68793251968336e-05,0.000559645405920426,0.0012752421560913,0.00349106484607857,0.000398257934856065,0.000802623102340616,0.00022844917690592,0.000719016761273077,7.76545276436989e-05,0.00369044538369774,0.000394357534257,0.00185041742052815,0.000597530421235825,0.000227800671408009,0.00492386781455872,1.93329423429135e-05,0.000460803187972223,9.53125549477176e-05,0.0604077926701871,0.0165071929499659,0.000391390072477864,0.00328950360510061,0.000294442656948749,0.00117087062233913,0.000312977631856293,0.00301931772270233,0.000174316820470816,0.000382245963659252,2.56877216269456e-05,0.000303862744369207,0.000162009666951126,0.00171026105510042,0.00014219432809352,0.000357768900347457,0.000224173005984837,0.000959558681204332,0.00111212211007779,4.45916144077397e-05,0.0153202961483512,0.000270531353878496,0.0012055113584606,0.000692194549251168,0.000134621075151518,0.000899301984470698,0.000614602356594798,0.000140627091027115,0.00957879266975325,0.000131924921650627,0.000210290455365933,0.00237771257475528,0.000330601405638186,0.000381559608334398,0.00371982519577756,0.000417201763047167,0.000978965155574763,0.00321354047841421,0.00746004652927294,0.000116706073790338,0.000170162082155963,0.0022823523517705,0.00206605195591191,0.00167635370243067,0.00637410643016503,0.000128825843037615,0.000801900593337837,0.00209739096619054,0.00194293504128654,0.0489801807653573,0.0421935455134806,0.000335533455901789,0.00257590460760547,0.00225000067055743,0.000103955054774001,0.000283279414635274,0.00066048138657054,2.56083888463425e-05,0.00601257794479646,0.00169111970494843,0.000898518239949392,4.90228032504926e-05,0.00220625930371216,0.00087369302244509,0.0353590502601192
0,0,0.000124490308610881,0.00731164956754426,0.000286603876724158,0,0,0.000203778895231499,4.14967695369604e-05,0.000956997031047952,0.000246075484695839,4.05283920283191e-05,0,0.000248821588352081,0.000626479228826045,4.05283920283191e-05,0.00695060834290064,0.0526110587844315,4.05283920283191e-05,0.0260427534200448,4.16653271182225e-05,4.16653271182225e-05,0,0.00687103395411713,0,0,0,0.000455876170539379,0,0.00127189325043932,4.14967695369604e-05,0,0,0.00231101848334362,0,0,4.14967695369604e-05,0.294928220772586,4.16653271182225e-05,0,0,0.242591626878169,0.000368166333524582,0,0.000165524373382987,0.000167596246714181,0.000970906405021081,0,8.31620966551829e-05,0.000580954773517446,0.000871325628097,0,0.0704097296182031,0.00698894619658708,0,0.00328177479636116,4.14967695369604e-05,0,4.16653271182225e-05,0,0,0,0,0.000124995981354667,0,0,0,8.10567840566383e-05,0,0.00407002911689345,0.000581460446261232,0.00569065095781536,0.193944390783193,0.000124962542087317,0.000164050323130559,0.00179000398125076,0,0,0.0450944439082871,0,4.05283920283191e-05,0.000247718092529528,0,0,4.05283920283191e-05,0,4.14967695369604e-05,0,0.00394052564066908,0.000581899240470318,0,0.00183570456976225,0.000205884207830044,0,0,4.05283920283191e-05,0,0,0,0.000581875329914549,0,0,0,8.10567840566383e-05,0,8.44341500589982e-05,0.000121585176084957,4.05283920283191e-05,0.000458377309368078,0.00113136375285555,0.00635444237218063,4.05283920283191e-05,4.16653271182225e-05,0.0035901872897747,0,0,0.000206684027757423,0.000164050323130559,0,8.10567840566383e-05
0.000726746614224842,0.00110873296077684,0.00204907092804822,0.00017563506729433,0.00431155956360012,0.000467231054580804,0.000177701328420333,0.297137100389363,0.000644725131394973,0.00236613072989829,0.0013621267722616,0.00226030084386954,0.00017563506729433,0.000203973365963345,0.00836629903256042,0,0.000117795250947726,0.000561769360200995,0.0482617716191724,0,0.0684465502631229,0.000837572203624076,0.00057292041779407,0.00168532147185156,0.00162984762755851,2.99653780184321e-05,0.000609291262166162,8.98961340552963e-05,8.57142546747768e-05,0.0057825472357603,0.000919655055902043,0.000203716757228667,0.000169460962480578,0.0258903893183788,0.000428768701887939,0.000337013558312805,0.0111522151257788,5.57488766563447e-05,0.046187812188482,0.000177701328420333,0.0646610299482135,0.00326874532247552,0.00128240404935866,2.99653780184321e-05,0.000340864793265875,0.000145669689275898,0.00693241226948775,0.000578778165022007,0.00188371155431975,0.00143029789423821,0.00162563335045452,0.0158406822698583,5.57488766563447e-05,0.000793729269998117,5.78644949108614e-05,0.0500700434751222,0.00161154604126657,0.000684052456392432,0.168011422669985,0,0.000203741435792924,0.000726782253142234,0.00238582600114565,0.000145876940882062,0.000671289416590055,8.98961340552963e-05,2.99653780184321e-05,0.000117770572383469,0.000233524240769448,0.000147760628966158,0.000608152721721844,2.78744383281724e-05,0.00253103224233783,0,0.000689506746055752,0.00660486544254173,0.000351294813152917,0.000117770572383469,0.00101086085975449,5.57488766563447e-05,0.00701587080956542,0.000758496397439829,0.000231433301079189,0.00200016726815263,5.99307560368642e-05,2.99653780184321e-05,0.00108830641647421,0.000338823779334642,0.000169618856958229,0.000636617981368612,2.78744383281724e-05,0.000861180335156336,0.0197175155186087,0.0346159978832287,0,0.00503818178990028,0.000233450205076678,0.000313222853738637,0.00179424891573591,0.00307414519080688,0.000171502545042324,0.00125380914195497,0.00108258788421158,0.00420533773477464,0.00975222883446255,0.00868373721536949,0.00121840165718195,0.000726436511574669,0.000461092588684444,0.000262484294256956,0.000377749423737837,0.00941981411806956,5.78644949108614e-05,0.0059891056671138,8.78051943650366e-05,0.00115048852286901,0,0.00337187320424916,0.000859994058180466,0.00104208394895697
0.00185786640400033,0.000323123700250756,0.00711751777511225,2.71927160827917e-05,0.00138621247990773,0.000316872858188744,0.000993739320648366,0.00178966548645863,0.00273723072302541,0.000947812026429273,0.0989246039635072,8.41622662617964e-05,0.000249703968549877,0.000265896843434358,0.00170736413443307,1.62994366243599e-05,0.000189286590996654,0.000171172168289402,0.000991432640238161,0,0.000173374419732262,0.001476964224372,0.00457104692089746,0.00033905219825661,0.00643214315149582,0.000710375611717082,0.000324064898118325,0,0.000745138750994406,0.000760343707589806,0.000257095519655523,0.000105925692285353,0.00417633503577343,0.210567023515621,0.000212388763019397,0.000625823592974997,0.00938069336969105,2.58209355096657e-05,2.44491549365398e-05,0.147909384919374,0.00154315468622527,5.28542084596269e-05,0.000466307220468218,0.000379453819818225,0.000191576620403743,4.06172321616927e-05,0.00393469818572927,0.000299932362958767,0.000918121679936477,0.00045379864996266,0.000928360141397839,0.0002630219228889,0,0.00084764077507027,0.0022640195640935,0.01228126578665,0.137710369019157,0.000256415412592287,0.00157155005869937,0.000359649368766784,0.00140292977948923,0.000299687826213344,0.0103775475611665,0.00013453891844788,0.000514455422875481,0,0.00216554290748508,0.000122501453326011,0.0543739687204772,0.000269396723161422,0.000146376043353578,0.000204652508403145,0.00109719792997733,0.000722251139899992,0.000109105020980734,0.129610192308515,0.00039456325962743,0.0017449601906714,0.00109251168048558,0.000224907843614053,0.000515257957099353,0.000244828193135286,0.000266272315030224,0.0241101822191605,0.000261365550898731,3.22799869830586e-05,0.0025528052320963,0.000204717374105708,0.00118914297070267,0.00356927302825338,0.00045883432314498,0.00046091758058926,0.000993022518531685,0.000131544622812825,9.31124863124241e-05,0.000204717374105708,0.0014614391580082,0.000703940080913821,0.00157561104480528,0.0332531186030503,9.36028000205266e-05,0.0094193900803014,0.00271918070804292,0.00250264049994465,0.00718539291666386,0.00364447848894435,0.000281081425031969,0.00014323511793541,0.00199837636347412,3.22799869830586e-05,0.000182468585214366,3.51829912621411e-05,0,0.00386094332793676,0.00158149185083278,0.000958200938612628,7.99027517934938e-06,0.00499483065516544,0.000588071563537832,0.0088040849671126
9.89261938546656e-05,0.000309920532594965,0.00116129826079177,4.93413936907592e-05,0.000603912949576942,0.000400819273109752,0.000854045068609131,0.216674844264274,0.00398688487023131,0.000628393928449624,0.000772324810803695,0.0013402112212133,0.000249937638776355,0.000129807004279946,0.00131047266572682,2.20593498822289e-05,0.000123758548699804,0.00057522117672276,0.0421769887365071,8.22356561512654e-06,0.0071255441666448,0.000923136486562106,9.83952755699021e-05,0.000273404559060515,0.00316837570161729,0.000252694429035827,0.000259670168122365,6.91593318510478e-05,0.000213152896593744,0.000526336959357042,0.000121421105708856,3.67655831370481e-05,0.000327908701703471,0.0537613642711118,0.000550723647695435,0.000497306686015617,0.00880648720799376,0.000226071089231736,0.00857067636491549,0.000489102616924156,0.296138115922015,0.000161602858066021,0.000172503397375049,4.65683887278501e-05,0.000210351756478498,5.68717080651585e-05,0.00405350473832362,0.000292861898597373,0.0139274861747296,0.000678884717463546,0.000170762499399615,0.00228931817486131,0,0.000304581542958987,0.000336750855099198,0.0105998973903604,0.0026282692418987,0.000172229493402846,0.165116342090321,0.000518215179920072,0.000964025717584518,0.000267351250263332,0.00548253276870669,0.000221461640834387,0.000202246247116064,8.22863251301917e-05,0.000209624050962282,0.000206659658417562,0.000456432939369337,0.000691049467342507,5.2616169351787e-05,0.000252210804948963,0.000596682813268476,0.000179648818756413,3.08145087383243e-05,0.0117974276533086,0.000200868892106186,0.000584260547788842,0.000610449434240686,4.51818862463955e-05,0.00130464806472506,0.000343363277956082,0.000266141945528867,0.000535153695206656,2.24137453762081e-05,8.22356561512654e-06,0.00167976162724953,7.01914388385232e-05,0.000193682475841779,0.00110204273501128,0.000813748408044399,0.000419204089546892,0.0026308851433882,0.0192486842322222,7.65124484784574e-05,0.0168970129547719,0.00137708522732146,0.000542337184910339,0.00229333973870701,0.00308177215003801,0.000230828491604025,0.0011992872099745,0.00235284660229493,0.00154849764054034,0.0460279359713749,0.00273876289048121,0.000285143982052796,0.000344312868553165,0.000381869666107765,1.57538799895258e-05,6.23067289701446e-05,0.000755282575404242,0.000234019000558254,0.00325495045561793,0.000460978407612144,0.000715757614951995,9.31367774557002e-05,0.00361151659189379,0.00127543202060568,0.00272113815037145
8.56579476143046e-05,0.00015163894089607,0.000145682953787786,0.00787173859251473,0.000357667911128215,0,0.000166618568000953,0.000643764365380846,2.26774454019836e-05,0.000118203621703295,0.000191092612301519,9.5312294547077e-06,0,0.000125893643867325,0.00113227279358231,0.00014095674174537,0.00342954663392989,0.116009207509319,0.000155981268732351,0.0120864553851247,2.88561862114122e-05,4.46910963653741e-05,1.2983421854537e-05,0.00575520642578219,2.21890631237671e-05,2.60940739891598e-05,5.87154227182412e-05,0.00168271645600599,3.93137079520019e-05,0.00204467851975997,0.000100105675963968,6.49171092726852e-06,6.35415296980513e-06,0.00348629183991493,0,6.3289168345297e-06,0.000516642334646651,0.0148991515212048,6.85505577541298e-05,3.89881197665243e-05,4.22798983495123e-05,0.430592409956264,0.000822330715847847,0.00014879142892882,1.89993685712268e-05,6.71931296069812e-05,0.00229318235294696,9.09391520383701e-05,4.25412229417202e-05,0.000237413249923383,0.00166662149721902,0.000127891830822413,0.0116735389828905,0.00451638298672601,9.66878741217109e-06,0.00381548893092636,0.000222147127746613,0,0.000208456157209429,3.17707648490257e-06,0.000105820903949162,0.000168126623477265,0.000121418795421031,1.2983421854537e-05,6.3289168345297e-06,0,4.20402563616012e-05,3.16445841726485e-06,5.55408163948737e-05,0.0100479972261945,0.000547551389910105,0.00750127495215475,0.25815540078962,6.34153490216742e-06,0.000398064205242176,0.00016135506984901,0,6.23088502578854e-05,0.0753071434756899,6.3289168345297e-06,6.3289168345297e-06,2.56412555235964e-05,0,0.00010753759415121,9.06616558475458e-05,1.95129869847187e-05,4.19897840910503e-05,0,0.00170058528956023,0.000458165602743899,0,0.00288261782899397,0.000259066469849618,2.32907675700257e-05,0,6.5926217026351e-06,1.63359104998162e-05,1.93123386890667e-05,4.19026646384026e-05,0.000184674660851025,0,9.83158150490991e-06,0.000208879102639295,7.79155294707575e-05,0.000436164779112332,0.000211823610432508,0.000184910783073692,9.49337525179455e-06,0.000113828690548562,0.000320871290329072,0.00605406316055966,9.81896343727219e-06,0.000686605811979603,0.00385528505118702,4.82820537434832e-05,8.14974223122076e-05,0.000453328710112875,3.23588508817924e-05,2.64323701279127e-05,0.000296810690311998
0.00120952779334072,0.00152600659910246,0.00202821648136081,0.000199498723013615,0.00856774619133115,7.98227223306088e-05,7.83216520684418e-05,0.000521952692726962,0.000288071037858441,0.000251734674043824,0.00224563615479252,0,2.03340103740885e-05,0.0302497116228974,0.0254043356732643,0.0123517047593053,0.000566609695220599,0.00116625580793806,0.000342243915969811,2.112211832487e-05,0.000208038380046942,0.000179558494128715,7.46518251941125e-05,0.00273818541503231,0.000313057754465104,6.8384841495184e-05,6.83480774837379e-05,0.00024924831097419,0.000178554049433873,0.0393396640748302,0.0219042922873926,2.23055994302764e-05,5.38899336289251e-05,0.00742174640216079,3.78188098611032e-05,9.11833381895073e-05,0.00164351728601485,0.00010289405124164,0.000177407332339913,0.000257941408015759,8.82395443139272e-05,0.00100175786843053,0.396856735537553,0.001424632372094,4.27046258773129e-05,0.00201609469475857,0.166528945546919,2.69612208326995e-05,0.000981254544645612,0.0124493588662717,0.00406737891513283,0.000663989923277329,3.22749180400081e-05,0.00386329000200681,3.07637182113933e-05,0.0744368539778921,0.000612789895586115,5.97290361367546e-05,0.000470087098022883,0,0.000164354334953637,0.0047405148767231,0.000778918911550635,2.7191415446486e-05,2.08594156746095e-05,4.23625216126844e-05,0.000122336036942712,1.11527997151382e-05,0.000652276295055347,0.000621263723413064,0.00168296937817363,0.000986671959616976,0.00377452122893517,0.000587900149466114,0.0011308238993575,0.0010080495488948,8.24625167581299e-05,0.00180056659459343,0.00233383832091976,2.18452102027034e-05,3.74234367064783e-05,0.00724732880573523,0,0.000174808289737785,0.000655194310871137,0.000599628223782005,0.000196847198703854,4.25069393000004e-05,0.00605510151605474,0.00706910609952357,2.18127021662294e-05,0.0190118810658118,0.00157204669830812,7.98653599335307e-05,0,5.88082576816087e-05,0.00029327920072701,0.000172186332343582,0.000215890091597377,0.00125687207206395,1.06924104875652e-05,0.000183154784329796,0.000275418508686259,0.000459292907450924,0.000451163562736403,0.00173630535167809,0.00290351236137206,0.0018087996397713,0.0026007244821232,0.000383183168618904,0.000643268013655884,4.30957430569657e-05,0.00276683483062026,0.0891017408911984,0.00118414909451884,0.000116366400568359,0.000802569269316765,0.000413482786600157,8.67536554258985e-05,0.000774644096103948
0.0602539636123189,0.00336101163512814,0.00151767775697848,3.28733851518314e-05,0.0657359861577022,0.000113889813154563,0.000175333316529776,0.00115253201083532,0.000336373804812309,4.92843853595159e-05,0.00628864350430604,1.64366925759157e-05,4.81687352191313e-05,0.00094428086696835,0.0154910754745073,0.000355193102437011,0.00164629203661242,0.00118795160029982,0.000205970221977137,0,0.00031233310019955,0.000142454751954243,0.00528305367195771,0.000669503428676388,0.000129236547958325,0.000130326505730479,0.00202217102173034,0.000573243240093098,0.0054289653062741,0.0024509586541306,0.00242083735917526,0,0.000110619939838103,0.0136535398550251,0,4.92330006230535e-05,0.0024305269708158,1.64366925759157e-05,0.000227046512250839,0.000276636356587759,0.000248817630176657,0.00021359992638221,0.00644455570526866,0.216465178324512,3.28733851518314e-05,6.46311201632782e-05,0.0882392213321407,1.53467348037623e-05,4.81944275873625e-05,0.0350774144056001,0.000359016243234139,0.000352254380466186,0,0.000246701693406752,0.000288102300120253,0.0553926464717882,0.00156005120999257,0,0.000377767578933195,3.17577350114468e-05,0.00110603386157284,0.0333991540236694,0.00135551845440544,8.00035473352717e-05,0.000176315325405303,0,1.53467348037623e-05,3.28733851518314e-05,0.000808481115199409,0.000227882395782051,0.000871431872580255,0.000528031000306433,0.000196073276034141,0.000454749061455271,1.53467348037623e-05,0.00129515340107841,4.92330006230535e-05,0.0237956881525364,0.00155400059471153,0,4.93100777277471e-05,0.00134797220280122,1.64366925759157e-05,0.00221318893187696,0.0275315516335332,0.00145762603413956,0.000220252691376977,3.2822000415369e-05,0.000434074167039284,0.0100223733016129,0,0.000599176064775918,0.000858040087744397,0.000523979792345355,0.000463594840324635,1.64366925759157e-05,7.88622048266559e-05,3.28476927836002e-05,0.000111761282346718,0.0138667123993268,0,0.000304538992696168,0.000239882180164659,0.0112140941706367,0.00144507687063573,0.00163852217305863,0.0010437546794167,0.000653874077822083,0.190525035715085,0.00036830170436739,0.000269537076736493,7.78236317909649e-05,1.64366925759157e-05,0.0581650577200886,0.00395200326253716,0.0012692420808623,0,0.000730484579381923,0.000167309064026289,0.00138249896730299
0.000196304132492089,2.41274135520742e-05,0.000401441454882223,0.000208921416347549,0.000321658153292133,0.001748930542011,0.000211260312490685,0.00225719837874588,0.000412827378981368,0.329469949187757,0.000774973091456015,0.000494188253445672,0.000189668155457236,0.000157330842537484,0.000413516061320558,0,3.4448647787573e-05,0,0.00526970596159913,0,0.000399236859910968,0.0636377310086387,4.35759127938162e-05,0.000225585842749301,0.00544366278051763,3.38148336579167e-05,3.19502207839762e-05,8.87870030361793e-05,6.62883800264636e-06,0.00074518676540947,2.6552181525614e-05,0.00256490527430589,3.19870502990047e-05,0.0305203417739572,0.00207746160612512,0.00384111394224053,0.00148644468254713,6.03185338801854e-06,0.000192709207916089,0.000277873019120198,0.00029419829657594,6.03185338801854e-05,0.000112226995425244,1.32945055203212e-05,0.429090147120428,0.000228116615575234,0.000880511365027774,0.000201162687786421,0.000443103550436153,0.000172594010608775,0.000774784992136792,0.000152023939991654,0,7.73539169367044e-05,6.21947985424426e-05,0.00986258478718456,0.00135833471701104,0.00284445533276446,0.00420688839766,0.000561133745013458,0.000124827611851082,6.34624268017553e-05,0.00124318123007333,0.0108855414485437,0.000137757761635264,6.37117812366998e-05,0.000391502054065339,0.0139937816795401,0.00016500764484732,0.000474325597861429,5.17217334907198e-05,7.48923194481361e-05,0.000642677389623053,0.000274120489795684,0,0.00799824237828868,0.000263998844617153,0.000146799715823133,0.000245871071617915,0.00282219476556593,0.00682759264977712,0.000197811343713075,0.000224361540999908,0.0001445047943922,0,7.2626521323027e-06,0.00635690829917575,0.0012716129340061,0.00010477310864746,0.000895098537381999,9.05262821236234e-05,5.9173045954275e-05,0.000469102692995924,3.91553722656811e-05,0,0.000306134037124416,0.000847255934343438,0.00379452827300432,0.000553440784324162,0.000597351784231206,0.00010011937206384,0.000300243062928455,0.0196339538480925,0.000306909349584996,0.00274844634876638,0.00139667738628908,0.000128499336948366,2.11541422672518e-05,0.000249081536499203,4.37309370631344e-05,7.05661090856273e-05,0.000302095323849929,0.000707146305473706,0.00174211759606515,8.75898403538295e-05,0.000616463014841983,0,0.00122194411439104,0.000288244614974088,0.00152134739955662
0.000180657064588091,0.00143294555841641,0.000313576811695944,0.00132385693937737,0.00130334704121434,0.000109481428755888,0.000430309932527232,0.000942758069271011,0,0.00018026265824603,0.00121142022721342,4.93582313494375e-05,0,0.0433226661527868,0.000327731443006731,0.00269087460978033,0.00058939841669235,0.00321451998887734,0.00101702160819263,0.00143245830831849,0.000747617867735542,0.000160263370803495,4.38320121365611e-05,0.0018651880860113,0.000144212667226687,2.46791156747188e-05,0,0.000948311151703016,0,0.560866333886509,0.00223407088726125,0,2.46791156747188e-05,0.00511079170332436,0,7.40373470241563e-05,0.0018065561066126,0.000419167224903769,0.00059286642634931,6.56494166193266e-05,4.65951217429993e-05,0.000992106900489535,0.0141492376114661,7.11756358322029e-05,2.46791156747188e-05,0.172663239461681,0.00633469002554868,0.000172753809723031,4.38320121365611e-05,0.00116475919478605,0.0119871975823509,0.00100898678143151,0.000416206912126301,0.00311417452939414,0,0.0222738849385744,0.000440877695413214,0,0.000848222070312634,0,0.000222112041072469,0.000202178664314311,0.00133430255045602,0,0,0,7.40373470241563e-05,7.40373470241563e-05,6.56494166193266e-05,0.00170753586601005,0.00132651218697209,0.00130417728632262,0.00713549762597709,0,0.00707692702683874,0.00114704429881799,2.46791156747188e-05,0.000196652445101434,0.00216030036624611,0,2.46791156747188e-05,0.00486592729400501,0,0.000311167085142623,9.09058520115226e-05,4.3733410551046e-05,0.00023012634122076,2.46791156747188e-05,0.0101319969158991,0.000591906744831187,0,0.0395065927991694,0.00187273384651333,0,0,4.38320121365611e-05,0,0,0.000379908506182373,0.000585772241350701,0,0.000268222487275698,0.000166030071709452,6.56494166193266e-05,0.000158839660105325,0.00212065993435306,0.00235183622628965,2.18174044827654e-05,0.0013541704156861,0.000506231307275995,0.00088794561652668,2.19160060682806e-05,0.0031238757738429,0.0316636647810618,0.00018045986141706,7.40373470241563e-05,0.00172766871115125,0.000353320605113412,0.000557042896657938,0.000687486337941287
0.0017786239075502,0.000692200908742342,0.00130475916721603,0.000110934313049013,0.00575473331573117,0.000189149247448143,0.000339387441464687,0.00195284896018799,0.000424575969214696,0.000409346022667541,0.00277567895012639,2.44536874224413e-05,4.87196864081977e-05,0.00995025229605924,0.0497429057297368,0.000736134593205096,0.000263894928831482,0.00124166968097132,0.000895591502067373,8.99107834444675e-05,0.000559160433454361,0.000379553672192266,0.000690871498772479,0.00165273738213678,0.000619464316009035,7.45697186329069e-05,0.000313141580142152,8.09915617074054e-05,0.000291457975818582,0.00570679091892928,0.00211586020770402,2.26756189385898e-05,3.74399250649281e-05,0.0152810948621392,0.000159269808036451,0.000257177429421672,0.00197843208073259,7.58280017133128e-05,0.000468291170056932,0.000293394595930354,0.000384086609912932,0.000754674920974658,0.0242364035168756,0.00222089655587236,0.000295277945341061,0.000425904609061442,0.516348792247039,7.89150067520101e-05,0.000503864364473274,0.00910908477497491,0.000853387594763543,0.000866239267020046,2.57233422939029e-05,0.0012660243689518,9.87334375701374e-05,0.1886157891322,0.00142572932436163,0.000334398544333866,0.00144301031097528,0.000247633582575128,0.00070864476546181,0.0181901511962731,0.00122813718775229,5.8332821093956e-05,0.000154364439400448,1.35148109342287e-06,7.65044598766883e-05,6.90533070335028e-05,0.000590537752351655,0.000397092875327796,0.000517459990036479,0.000450887218843135,0.00342597516165568,0.000193309115054703,0.00013020589493351,0.00253168068899135,6.44008067163888e-05,0.00329810988188135,0.00149265776954231,4.79275210489216e-05,0.000291242838362924,0.0314275418460819,0.000102481125039846,0.000658034593059038,0.000437383575292215,0.000239626377771531,0.000631535856987817,2.94330244057041e-05,0.00159742109746661,0.0199328943273568,0.000108784991157218,0.00200148556015529,0.00337495169940992,5.87972061021583e-05,4.78040427271816e-05,6.47641898386268e-05,0.000321806388251428,0.000232014438123391,0.000546814198753927,0.00109325454543639,7.14692276173923e-05,0.000391658995903664,0.000645943263876578,0.000715518829222174,0.00160713356226964,0.00305291403924758,0.00144219765887144,0.00129543414363711,0.00932656448318934,0.00011778780124389,0.000266888187893161,0.000118727210438946,0.000191529295358906,0.019850383229367,0.00147671405669035,0.000213574268697362,0.000178461985361508,0.000655815607601425,0.000242370794656965,0.00199551379730631
0.00369092025740374,7.49476577705786e-05,0.00132361813218167,1.16376641554694e-05,0.000285685554325345,0.000100870847426178,0.137729524260718,0.0017709327409904,0.000152184838956139,0.000993586613629343,0.00213697475333151,0,0.00088774949501858,0,9.4642166341373e-05,2.53088960618644e-05,2.59609431160472e-05,7.45451674888504e-05,0.000765599224984678,0,0.000469286391487725,0.000321518707404034,6.89307799977805e-05,0.000424073103210541,0.000937209910477089,0.00740480622817766,7.08427688082794e-05,0,0.000221115618953919,0.000472432726488135,3.49129924664083e-05,1.43232789605778e-05,0.000700152732876598,0.046836677478123,6.66476554744003e-05,0.00330785499949721,0.00131815018789554,0,2.59609431160472e-05,0.000967691122033104,0.000391946645211069,0.00011841020930562,0.000397110093669714,7.80357628574151e-05,0.000559215774164666,1.16376641554694e-05,0.00136436024065874,0.469588268066057,9.69252908647532e-05,0.000173382447164102,2.86465579211555e-05,0.000252646797208987,0,0.000561205189563542,0.00213937186953814,0.00305617562328562,0.00326527019306441,0.00100580136639452,0.00138281217589328,0.00377788951282588,0.068500616703782,9.19187980758164e-05,0.064177041050368,0.000267045583090461,0.000467887593783659,0.0109253392681632,0.0421606377118696,1.43232789605778e-05,0.00181363227040834,3.49129924664083e-05,0.000564983277990484,2.42921121864016e-05,0.000193607423848653,0.000485068617733423,0,0.0187707984933416,0.000201792154683269,0.000590213924749337,0.000128288818159864,0.000132855067206624,0.000111248569825331,4.13010059520877e-05,3.86153911469794e-05,0.00117752138152058,0.000235813872962339,0,0.00073876803261084,0.000326743402396579,0.0009373358772289,0.000166994433678423,0,0.000293295756106892,0.000224075746208728,6.72619490681349e-05,0.000629177415599432,0.000207540736072494,0.0195510729363249,0.0138949944725661,0.000233367485290386,0.0153468327719421,0,0.00205803546697998,0.00130164644091541,0.00127613844791201,0.0034944398226388,0.000653534796480168,3.79633440927965e-05,0,0.00270121036654474,0,1.26544480309322e-05,0.000129031089585627,0,0.00175766427360394,7.99163970990671e-05,0.00091360787304353,0,0.01841500330036,0.000204752373350815,0.00114079686284181
9.93982034285038e-05,0.000132992186309481,0.00337804645395267,8.87440141768651e-06,0.000650434849255479,0.00185438169960379,0.000425567254022176,0.0161776338274382,0.0650051197171723,0.00387506535471912,0.00117667757902394,0.00405218405954268,0.000259258646501703,4.94548092585276e-05,0.000708887134832576,0,9.89096185170551e-05,0.000194252906454387,0.0216313870223265,0,0.000444245235222478,0.002366425038253,0.000370567301991841,0.000277154834788625,0.0107646614136935,0.000388392337522093,0.000407890363998407,0,0.00112505978587048,0.000821875608518263,0.000130356446207473,0.000256519538928575,0.000334144448642411,0.200268050892298,0.00519065713698068,0.00102478294569252,0.0126236254794045,1.7748802835373e-05,0.000715063948460913,0.00109125133301098,0.0172497529516732,1.50582083664958e-05,0.000171126292137169,0.000118003718586867,0.00122402248699095,9.11869387341084e-06,0.00142103099502563,0.000140153163081187,0.338687032707112,0.000169919835339886,1.64035056009344e-05,0.00106920432476766,0,6.17526825122643e-05,3.30513036575931e-05,0.011584994521287,0.0115337606445147,0.00118284946350245,0.00896191672868606,0.000446440469491279,0.000706208840823788,0.000359496353020084,0.00435517175352471,0.000102456925308922,0.000190624991048144,0.000145604092662824,0.000312589041078108,0.000343821468071152,0.000977270836847116,2.71117891645082e-05,9.56606984928474e-05,1.64035056009344e-05,0.000266961542441859,0.00013061562494021,1.50582083664958e-05,0.0188541902609872,0.000709068167488171,0.00135686084775875,0.00019514998930919,0.000118860430909857,0.0116257210838202,0.000263149237300918,0.00082006427840452,0.0015502946870239,0.00090558759341728,0,0.012192289726306,0.000866280961233985,0.000130790176752052,0.00138260487527695,0.0168556471059663,0.000103449100613158,0.000985845637039392,0.00308300702324314,7.5291041832479e-06,0.0205773229205395,0.000465399779014506,0.00327738987158267,0.0024412570517339,0.00331842315703563,0.00478460017016013,0.00125357872082258,0.00522509399021904,0.000516001011937719,0.104765771979079,0.00281831126059787,0.000133282788117681,0.00043981702476128,0.00064760529514512,2.48043275885106e-05,3.57418981264704e-05,7.08713763856751e-05,0,0.00504120940474057,0.000485854941855029,0.00119303606818086,8.87440141768651e-06,0.00199200123993693,0.00114602598478939,0.00679368806550316
0.00694247277590335,0.00935621390806115,0.00135629894488795,5.40199527489925e-05,0.189403804719554,5.29960162723903e-05,0.000243964625085369,0.00294224713823004,0.00106331317059332,0.00110880210092393,0.000828062123204161,0,3.56989934409161e-05,0.0035062746000874,0.0202926970139095,0.00144701996363278,0.000153909728313903,0.00101294170082521,0.000466827741590531,0,0.00057538569959985,0.000554847448604694,0.000346561709690989,0.000939259218967234,0.000176716283201815,0.000566826401378636,0.00118325981793349,6.24664451437838e-05,0.00268752467559371,0.00347441431475593,0.0141717686962764,0,0.000433075373655899,0.00954100537107262,0.000238026796304162,0.000154941329508987,0.000970830464691127,2.64710892411513e-05,0.000329571846988402,8.15070451609269e-05,0.000888011265175001,0.00032142528082723,0.0301206297960828,0.0192266154061355,0.00254467455781617,0.000225703819931807,0.143278791532775,1.8563483979705e-05,0.00200573166094982,0.176702998105396,0.0010975913954688,0.000788351136915992,1.79707590562724e-05,0.00234930879763694,0,0.0530570402136381,0.000308547030642691,0,0.00111724908544372,0,0.000117855784731101,0.0310956745226963,0.00227249688666687,0,9.17792337516769e-05,0.000100501740693802,9.28174198985252e-06,1.77282343846437e-05,0.000390561229713686,0.000287661415814876,0.00525648442203775,0.000194633204467999,0.000478303702702764,0.000179680417051446,0.000171650455716365,0.00311817245937967,0,0.00255555008338144,0.000430295686030195,0,0.000419807776472537,0.00292355918283757,4.62105232875576e-05,0.000441968754037415,0.0280589659762594,0.00566751775014154,0.000259996753242957,0,0.00247761358154694,0.00993298375340204,0.000354425972882607,0.00165728538682014,0.00137269698936321,0.00048740923372142,0,0.000257444798026594,0.000117456496579291,0.000301568162188017,0.000164416508270462,0.00298271368693037,1.80245968463601e-05,0.000169967463508424,0.000519579588307693,0.00319850099747682,0.00106069461598171,0.00128376205075229,0.00570031283801973,0.000593269919644869,0.014702808810193,0.00056264918540544,0.000152346904703956,0,3.60491936927202e-05,0.152352594219181,0.000949628318830562,0.000540097597739928,0.000109055908668768,0.000467394104182065,0.000337578786225831,0.00170210382051123
0.000176694499349183,0.000396827939233793,0.000168678302777444,0.000310662103125354,0.000650636023567049,0.000100801644412814,2.54601412796161e-05,0.00065129971927262,8.56802595966455e-05,0.000125636827665921,0.000258900971728701,1.88800769228612e-05,1.78835512861971e-05,0.000758281966066115,0.00135130647645084,0.00112905746587823,0.00606751631586571,0.00597666040200668,0.000389522640762052,0.000118186222088473,0.000120291299284111,3.96061957314733e-05,2.83998011201914e-05,0.011511038786714,0.000161615960600205,2.4322531846366e-05,5.93568183993085e-05,0.00664362610287046,3.49509779034163e-05,0.15735023729105,0.000262045420628194,0,0.000396044180541759,0.00715488068927513,4.28655781504158e-06,4.83080330739207e-05,0.000688589345131691,0.000190372795869133,0.000136362200264666,4.31554335204841e-05,0.000135021849180142,0.00119169216739701,0.00163323706171132,0.000100752872754631,3.7532577629293e-05,0.00186399125082752,0.00199849820718274,0,3.69729167502745e-05,0.000291748464321638,0.553669416415333,0.000367112763660908,2.18014490882233e-05,0.0441539270629615,8.15453854765066e-06,0.0178469264883942,0.000340242994254983,5.68811487040038e-05,0.000359536279539921,4.07726927382533e-06,9.13537687771967e-05,7.81641865709603e-05,0.000111982059047706,1.34376219993564e-05,9.72901273854642e-06,0,4.28655781504158e-06,8.36382708886691e-06,0.000150576795538365,0.00316937049742087,0.00079777647195249,0.00960387083668985,0.0042043480927775,2.64566669162802e-05,0.00466940955123618,0.00161959267817346,8.94177564309854e-06,7.95293722206398e-05,0.00440548286075375,1.94580254770928e-05,9.06235706088658e-05,0.000386303274451521,4.08908145523007e-05,0.000174429880380999,3.80816386099947e-05,3.23176989222176e-05,0.000163067808970475,4.28655781504158e-06,0.0066930482113297,0.00106911073100773,7.22137500237592e-05,0.00515517849544639,0.000559287209794636,4.07726927382533e-06,0,2.57193468902495e-05,1.30190449169239e-05,7.28714828557069e-05,0.000163342228882716,0.00101748360625925,1.45935191078196e-05,5.1438693780499e-05,0.000209490146910332,7.9691485513113e-05,0.000443314084146929,0.000574469672973454,0.000383430673944341,8.9699753723411e-05,0.000275938360836875,0.000611941530575916,0.0043110693533999,3.86884747377562e-05,0.0735916908278952,0.0101528192216873,0.000131071424511783,6.99597309538925e-05,0.035552638170826,0.000189627374350634,0.000185914840575283,0.000401441631230921
0.000782049277717308,0.000185663935612076,0.00472930425759609,0,0.000766307829613069,0.000154743761014337,0.00021210728790823,0.00784370683638366,0.00043124198789807,0.00045824723209432,0.00198834951998925,0.00013883583739619,0.000398611009220586,0.00067825905476335,0.0135913178694808,0.000131419231758213,8.65300487837078e-05,0.000340753685964327,0.00121256888397101,0,0.0282162168354751,0.000314075762616534,0.00027171861946269,0.000348596348017216,0.000812710227004317,0.000104179297980234,0.000246226471153091,0.000102542812268037,0.000304176425676078,0.00173004975148232,0.000242397593598236,1.16283353892892e-05,0.000100696409763293,0.0196550165357073,0.00011186781164876,6.32733780051294e-05,0.0334312794557935,2.1632512195927e-05,0.00432817507657558,0.0010524955951748,0.00159994063282858,6.65216951704324e-05,0.00150451750831861,0.00011738858773372,0.000177802723599822,4.48891829745054e-05,0.00730429713144696,0.000307863363446023,0.000210402943718488,0.000985146322903543,0.000473382991429549,0.155146523362227,0,0.000285884980442274,0.000271780136580325,0.327568953097461,0.00314186908283599,0.00044808831425286,0.0021795045398983,0,0.000479879625760155,0.000480231719397795,0.0017528066401289,9.29400376172208e-05,0.000270044915301673,1.16283353892892e-05,0.000408553313319314,0,0.00151603009907327,0.000110620400962839,0.000150717293796481,0.000327087462707019,0.000169163480065107,6.28843029788529e-05,4.45001079482289e-05,0.00609012121649156,0.000163901929290876,0.000514844817535114,0.000458692312588964,0,0.00050729907336214,0.00105688014179993,3.12476139762882e-05,0.00182923389506961,0.000355852345380828,0.000137205574513812,0.000450645245392795,6.65216951704324e-05,0.000307863363446023,0.00435653174161329,2.1632512195927e-05,0.000410233595900424,0.13899885923955,0.00741558319740525,2.24785207260255e-05,6.62004786217015e-05,0.000543733564154836,0.000110632728092385,0.000910917919695496,0.00556040756938792,0,0.000620808882372364,0.000726136974002155,0.00147436937947369,0.00277605600192716,0.142855475384278,0.000373051120963534,0.00843463208981092,0.00144843262478982,3.37177810890382e-05,0.000165871721621166,0.025000015991191,3.16366890025647e-05,0.00616085227081147,0.000607334144478331,0.000234999537919623,3.44959311415912e-05,0.00160130580316069,0.000570763344080085,0.00315170690265881
2.66603531299588e-05,2.66603531299588e-05,0.000361167335411428,0.017031140267902,0.000588859785996894,0,0,0.000598465175009856,0,0,0.000327604002082279,0,0,3.14058552531677e-05,0.00151113667753209,0.000382817889208666,0.00520575605655454,0.0509982091195129,0.000130857730221532,0.0818718737191928,2.86160547677851e-05,0.00063032692042974,0,0.00485171935634149,9.68347203639336e-05,0,0,0.000307787894741887,0.00355279326116962,0.00583024106359039,0.000578707328783871,0,0,0.00596561386223499,0,0,5.72321095355701e-05,0.10884518153983,3.14058552531677e-05,0.000623831279468593,0.000523430920886128,0.272224337412982,0.000164707620902962,0,0,0,0.00306748730817799,0.000125623421012671,0,0.000276267654722174,0.00365446670754685,2.86160547677851e-05,0.129192814691338,0.0127979733920698,0,0.0094850018859454,0.00124168296243803,0,0,0,2.66603531299588e-05,0,0.000387827688541387,0,0,0,6.28117105063353e-05,0,0,0.00545584702005537,0.000682989960084786,0.00513099706176824,0.200571928700032,0,0.00093571009378152,0.0016528040582763,0,0.000125623421012671,0.0431227727050206,0,0,0,0,3.14058552531677e-05,0,0,0,9.4217565759503e-05,0.00147776991439371,0.000296198146829111,5.33207062599176e-05,0.00194492928602019,0.000205891984345261,0,0,0,0,0,0,0,0,2.86160547677851e-05,0.000825381314566956,0,0.000617648486645631,0.00199130936220981,0,0,0,0.00011334261628087,0.00450593878735195,0,3.14058552531677e-05,0.0047259794283676,0,0,0.00147586229038934,2.66603531299588e-05,0,0.000122833620527288
0.000629707055734354,0.000333211589370121,0.00026244397932853,0.000474812648132842,0.00103205049250842,0.000136049660357311,0.000227308253720739,0.000811249180704233,0.000130404973879676,0.000264431842975026,0.00064660119264251,3.04444795384474e-06,7.81129536675057e-05,0.000228986118307448,0.00128904544852937,0.00118936551004076,0.0321163612304455,0.00640047856703,0.000294570718993642,0.000654282304659486,0.000120653663393676,0.000286947852383846,0.000143546537317144,0.0632458665219975,0.00027261183208987,6.73950557543788e-05,9.79332171639963e-05,0.00454521541722895,9.69022570811287e-05,0.0674342801800325,0.000416556697768228,1.07068162874176e-05,4.53773477299686e-05,0.00504255247513586,3.20968874994592e-05,0.000398973523302466,0.000758519134525994,0.000562793123856692,0.000110049344004181,4.0386994514036e-05,0.000150351485349394,0.00236575767452411,0.00243705618007259,2.06545834480609e-05,3.91812659701429e-05,0.000597345619259022,0.00439718843863145,2.59290560566413e-05,2.30948540836954e-05,0.000278311316182567,0.0598133424214195,0.000120408313062069,0.000232613808309237,0.534044096641569,3.39874185892124e-05,0.00766864623237392,0.000294131917854106,0.000219661013330506,0.000851665683748223,0.000152092499033437,0.000297298046277887,0.000244934365714425,0.000642764754894012,3.71087392164987e-05,3.17513747813109e-05,8.63428953377343e-06,3.74738570059617e-05,1.6769524739786e-05,0.000441567280807656,0.00557129473215963,0.00244996703796593,0.0129398635436058,0.0115283571464139,3.151889763657e-05,0.0127284363154279,0.00147246491072398,5.73077263520537e-05,0.00025158159217686,0.0105713624353508,4.01008122597013e-05,7.2355197660252e-05,0.000264882648115519,1.70059581760059e-05,0.000205921489558572,3.97854432883531e-05,8.17160580626189e-05,0.000313770076863885,3.17553310727899e-05,0.0455184986057722,0.00103379023660258,1.4460564549922e-05,0.00661470346122811,0.000404637984632474,3.72927977420765e-05,2.91313750807428e-06,8.03011221556322e-06,0.000180661091949538,0.000325367924777509,0.000205564331634709,0.000379905210600545,0,6.43774603553309e-05,0.000354564730714085,0.000313517044921392,0.000421540095430989,0.000492488425523512,0.000815585900848934,0.000133623131745289,0.000463432355223777,0.00237291970741763,0.00535229882284407,2.108305590524e-05,0.00968147881236118,0.0227142457943673,0.000175729675398473,0.000123967959441928,0.0357714208206055,0.000181381181953596,0.000135257162965302,0.0005601133460057
0.000608645984286648,0.000139844010607886,0.000557247540457484,0,0.000823689761872888,0.000145354234868282,0.00404055287020708,0.000994105683214255,0.00104036995318388,0.00144873126184289,0.00294814648156991,0.000340931059518377,0.00160542958660009,2.59385561123947e-05,0.000314714728603184,0,2.77892832836571e-05,8.69853896867136e-05,0.00012778028972676,0,2.40878289411323e-05,0.00118874049649981,0.000440620003764274,3.61317434116985e-05,0.00419408465806848,0.055180685817916,0.000420465358394759,0,0.000110226150995797,0.0026576761449427,2.77892832836571e-05,3.79824705829609e-05,0.0104941493456812,0.080291592347265,0.000267708214841428,0.000823321039266496,0.00252234453703882,2.77892832836571e-05,2.77892832836571e-05,0.00296181408284718,0.00101144665761699,1.38946416418285e-05,5.37278393960518e-05,2.95980532015283e-05,0.000314474222189237,1.38946416418285e-05,0.0010136836848622,0.00061321229160948,0.00223389662548713,0.000135550286844968,0,0.000105521037114059,0,0.000331461412523219,0.205068521660173,0.00201617309252225,0.00657467718042251,0.00177688114646075,0.000595793512082584,0.000464690162846423,0.0183916819048059,0.000134428614590704,0.262390966281176,0.000302424723812253,0.00598021376986217,0.00137865629676946,0.000307281099771143,7.78156683371841e-05,0.00301404716188801,0.000177491146533685,1.20439144705662e-05,8.9169107082867e-05,0.000688510443900699,0.00209795124405996,0,0.199230843927033,0.000196440528512122,0.000414597533145097,0.00160676643847042,0.000142896946478919,0.000358330950774444,0,0.000781525147489475,0.000632007928491365,0.000185427939036453,5.91541491496653e-05,0.00204046450018183,0.000342565775550793,1.38946416418285e-05,0.000793916020612671,0.000226955272054773,2.95980532015283e-05,7.12400208736227e-05,7.69686007051356e-05,0.00710194654628069,0.000205512043557161,0.00316874280446115,0.00231361078735947,0.00238181024126335,0.022142725984761,5.36858821426606e-05,0.0128442709295744,0.000736508877716925,0.0010458678374153,0.00406749398293612,0.000753306296075206,0.00017799736489572,0.000150718780957944,0.000586481559917161,0,6.40776186025209e-05,2.59385561123947e-05,0,0.00355096567972055,0.000187865421015256,0.000685863660709892,1.38946416418285e-05,0.0323526084597685,0.00217483204404423,0.00158864533401909
0.000454014965587849,0.000339768041954326,0.00131027386109832,3.14369370554422e-05,0.00142074754558345,6.21517197681183e-05,0.000345746456175403,0.00261441836630755,0.000211365002295509,0.000545512390387788,0.00107281010477285,3.77530335395598e-05,6.06140756178221e-05,0.00220499215021406,0.0430672876302797,0.00013199254002066,0.000262622867874206,0.000536832340499705,0.00092213654700988,3.31444000576159e-05,0.000908855524273589,0.000286603402327991,0.00016797367546183,0.00061505321808792,0.000622916423394545,6.03483274813617e-05,0.000146568728307251,5.55350638909758e-05,0.00019522805382491,0.00337292901497621,0.0007957423370719,1.4611963698964e-05,8.89066365156151e-05,0.0140350030995249,9.7371470484424e-05,0.000208181088857776,0.00442207619253054,6.26074668608892e-05,0.000461269855444768,0.000196198890307032,0.000273796651134373,0.000417487788922442,0.00318878456948809,0.0001746188598846,0.000259171361504047,0.000180351181885594,0.0176678078176732,8.40587705537934e-05,0.00015715360288108,0.00108003308226122,0.000826273540271433,0.00249123034151923,1.37983984781868e-05,0.000572405932068827,7.39799594773163e-05,0.809670561501089,0.00107091903688527,0.000142139422249978,0.00179451609836659,3.33338100833372e-05,0.000318534656588908,0.000983631511253329,0.00134542390838749,9.29692766704519e-05,7.18955571741924e-05,1.23677282582564e-05,6.0899285863546e-05,3.99495065385118e-05,0.0002237598873975,0.0001224634651806,0.000217807043636558,0.000167239627817025,0.0010853333096151,0.000128322228578114,8.12052468155842e-05,0.00280239767268683,7.44037064253321e-05,0.00096141847720764,0.000542331555435021,2.64347513032567e-05,0.000138194124261143,0.00408044289280913,5.85163319702761e-05,0.00062279852279095,0.000127672665475749,7.84183826847702e-05,0.000474188050125858,2.46792305986594e-05,0.000447358051200199,0.0072321503656291,1.62838736083609e-05,0.000488923481405983,0.018553183365762,0.000221247575395076,1.3715175138812e-05,5.22384640442932e-05,0.000157255594470316,0.00028742869054777,0.000455040756725708,0.00100116997379435,1.01495226512043e-05,0.000193129616879571,0.000484277573937871,0.000539473347342797,0.00118997381568405,0.0136595068021163,0.00061053684921585,0.00417670873464184,0.00135287637506282,4.35140216680255e-05,0.000156861450989447,0.000909263756467666,7.4369153690575e-05,0.00659089575487393,0.000502520817313116,0.000239552678055663,6.44494580829176e-05,0.000728303701433023,0.000358036983704187,0.00157388247881699
0.00128878714843784,0.000218320773625636,0.005896469437572,5.8680518391378e-06,0.000764112629188825,0.000905066140439958,0.000904027899645606,0.00374264483891411,0.00499062958657001,0.00114389241746923,0.0273024599625893,4.57929345614607e-05,0.000444652414422365,0.00011776046280697,0.000808688329516775,8.10465351199514e-05,7.78624694349951e-05,0.000418051297637355,0.00142609652932575,0,0.000132661622696618,0.000938134853224522,0.00279211555072063,0.000167868121336403,0.00769861057915425,0.000317919463273102,0.000177774244250677,2.91092289038856e-06,4.30428163406377e-05,0.00404180061577296,0.000115080262973956,8.663827231221e-05,0.000888744758394125,0.418877170986624,0.000627750015373833,0.00078908370242851,0.0132585205431989,2.29311218245009e-05,0.00011018112753922,0.024805126523707,0.00206580790032384,9.58774848931255e-05,0.000614193965329996,0.000269946831843857,0.000254610344358454,4.53901651386522e-05,0.00360119191816762,0.000505642885216779,0.00203887154278598,0.0004813536802211,0.000370299850322809,0.000687466384079136,0,0.000419235205442387,0.000154798140136941,0.0147743811747189,0.290206841308366,0.000432051414833941,0.00201545279947326,0.000577825041739954,0.00140975910686359,0.000375120522524468,0.00552723591601487,0.000374082977405115,0.00031159217530577,4.5827284455097e-05,0.000317868811093658,8.68340310070923e-05,0.00985335843618103,8.75898200917858e-05,0.000269279880161794,0.000124863722602058,0.000537771413167626,0.000198869501000824,5.69539100484781e-06,0.0333581332868801,0.000286561801534044,0.00109140742097737,0.000788478201597508,0.000103447203808001,0.000578465597392212,0.000114113914290186,0.000268300663151251,0.0108784763557159,0.000132143041230655,3.44021525517651e-05,0.0043510551611072,0.000140601005584143,0.000232438867724226,0.00225417165672115,0.000670769211131696,0.000298780188701459,0.000818769051977283,0.000360302753481082,0.000115923031836857,0.000210761978835023,0.00092806986855528,0.00149111315363453,0.00236462648111063,0.00989821646974782,7.7640425521445e-05,0.00174879207212113,0.00217907804909484,0.0022228142586987,0.0151878105135024,0.00503162502260766,0.000442776635630371,0.000713872093345163,0.0019606642143134,3.15945865767136e-05,0.000137413163915195,7.18991356926647e-05,1.13445759513349e-05,0.00364209873778096,0.00101831088046619,0.000737540285221527,0.000127701242849309,0.00250734014131604,0.000982913833525788,0.023783958623165
0.00020266928911823,3.18375440470938e-05,0.00040626359062137,0,0.000244413395875046,0.00226946365329198,0.000668027424006594,0.00125028440285805,0.000718669271245177,0.0559596773941756,0.00061934299610132,1.61533879557109e-05,0.00253393653684454,6.32058562298598e-05,0.000337713266819718,1.61533879557109e-05,3.30357403804766e-05,0.000118986491463456,0.000619683487464537,0,0.000665402878276035,0.0103614494035469,0.000112781051650471,0.000500341983433302,0.00740923497276597,0.00144532341665414,9.14382099816764e-05,8.07669397785543e-06,7.47380986741743e-05,0.00057053988065726,0,0.00275361956440505,0.000669750299081422,0.0553246052950089,0.000861560534697219,0.164570896966531,0.00139595836555627,8.25893509511916e-06,0.000143967122715973,0.000686352701095942,0.000452479201060764,8.25893509511916e-06,0.000206018666718214,0,0.00848264459281501,0,0.00109919360955649,0.000961350013540829,0.00039892153440501,0.000244290266898812,0.00193345588213593,9.6080940342969e-05,0,0.000112836958288038,7.27677372881622e-05,0.00763464181105896,0.00340372653943008,0.345492907677955,0.00141545993014075,0.00831098187880531,0.00150667259061971,7.15422828124423e-05,0.00727080946803038,0.0573665999282251,0.000848218556250478,0.000454563098221135,0.00376713381498498,0.000247998422557101,0.000236614844732132,4.75991916259401e-05,2.37608500692384e-05,5.65095997026509e-05,8.07669397785543e-06,3.23067759114217e-05,0,0.00956609169017657,0.0282814370682374,0.000122342932708773,0.000174946193194634,0.0309220790051383,0.000779724347697598,0.000211187242412105,0.00125319568818643,0.00147597094041204,5.41906985233486e-05,5.5780635233596e-05,0.00813295215560422,0.0190894154849712,0.000177892483832872,0.00114754864910945,9.00634149396889e-05,0.000125263749471463,0.00150990552820442,0.000112185485306446,0.00017874071913629,6.56510918888589e-05,0.0112393387897838,0.0695960683977761,0.012884046011839,0.00454201788217166,4.02787202594767e-05,0.000454752402983733,0.0148458237932125,0.00033139351505884,0.00432562879698828,0.00245301988181535,0.000117656287357935,4.9553610570715e-05,0.000203257791816921,0,7.23759969112976e-05,0.000168484871343526,0,0.000366426844083884,0.000161661604389698,0.000364898487303644,1.58663972086467e-05,0.00169290577639945,0.00554583251002657,0.000973910642797496
0.000162364741948117,0.000238094334868229,0.00049339656864312,3.80622468462996e-05,0.000889588232995719,0.000162784728518763,0.000123195041832217,0.220588882100583,0.000459767603985601,0.00075806695049718,0.00078581669529495,0.00137662500606112,0.000199201314517561,4.64584815240869e-05,0.00150636475454425,4.50521607474047e-05,0.000169525551488209,0.00023334271967412,0.124199357695654,1.42452985480152e-06,0.00261734722533887,0.000685177591413855,8.951713622838e-05,0.000231845396007448,0.000869558845120764,9.91129873180477e-05,0.000526751392418143,2.90758108634693e-06,0.000147681099407749,0.00186668180714246,9.44347798925412e-05,1.44793840549907e-05,9.76267445723911e-05,0.0177295727876523,0.000552779955112218,0.000317446744940764,0.00218098952731048,1.03631495426986e-05,0.00303177163359326,0.000125702380181689,0.020923782892823,0.000163662592267118,0.000241469066720523,4.22726740247982e-05,0.000449502536634401,8.04291135373043e-05,0.00238190047027739,5.3840182512722e-05,0.00132873366228075,0.000348777081779714,6.45839575784282e-05,0.0013531921013099,2.84905970960303e-06,0.000415890288994498,7.68828428693139e-05,0.0154445475181202,0.000965785031632975,0.000200782082671432,0.514995596335388,8.80138517511369e-05,0.000327574186885138,0.000238538024469362,0.00245952833208666,0.000165279994672774,0.000238084772374435,1.75874954792213e-05,8.76221746178766e-05,0.000335428966923125,0.0002336178183701,5.17021079525688e-05,5.38708746946673e-05,4.99183460727479e-05,0.000780095464403896,0.000414557663180019,0.000147522704874065,0.00551337971052062,0.000164883320028469,0.000330033244623468,0.000381621675670854,1.47847106167085e-05,0.00286634888232737,0.000194197673904541,0.000125921737367417,0.000500683065017937,1.03338888543266e-05,1.18893760600152e-05,0.000530111062869978,0.000153733688683012,0.000584816444092988,0.00088082091361691,0.000126067071154762,0.000288867723004959,0.00257918803600989,0.00282675129873763,1.9087560869485e-05,0.00583951943033332,0.000246106104624309,0.000415773730698641,0.00117211643008663,0.00441045211145204,0.000109518719472512,0.000815360568553945,0.00149267785800253,0.0017269968745675,0.00590984880678376,0.000850527041623063,0.000207700442515159,4.66357137220643e-05,0.000355861013675629,1.91848781927302e-05,0.000231176625321392,0.00039643437258027,0.000104654520768438,0.00336981529517733,7.70147172061273e-05,0.000867766552706488,3.77615821744202e-05,0.00224252014733066,0.000986392603231505,0.000972120896814283
9.79203885078366e-05,1.96073998937486e-05,0.000266696250285558,0,0.000154659301950372,0.000483019358536392,0.0017115381763022,0.00086229476321189,0.000385098970028556,0.00788926707782544,0.00371142732815722,9.75876632211781e-05,0.0202750350023423,4.32647613040123e-05,0.00028886909131925,1.75241136550378e-05,5.25723409651135e-05,0,0.000262313563482384,0,0.000128802043340491,0.00112701945033505,0.000113361215924164,2.36573614102637e-05,0.00474078893921378,0.00586827972127705,0.000345761623991722,3.50482273100757e-05,0.000161761049123426,0.000942791937967988,0,0.000180765493539673,0.000766026130560487,0.0377707039621497,0.000161761049123426,0.151190232000324,0.00167793431888814,0,1.96073998937486e-05,0.00110654829140753,0.000861624424753984,0,1.75241136550378e-05,0,0.00152924940844386,0,0.000775223732818338,0.00408000664481376,3.92147997874973e-05,0,5.25723409651135e-05,7.62297023753772e-05,0,0.000350482273100757,0.000186416586393665,0.00412328397496385,0.00105211890343324,0.0205960290168528,0.000562329475606615,0.284851732342078,0.00134684926664381,0.000189258891282109,0.0209807163571721,0.00602753049252947,0.000755207147157576,0.00513054815806324,0.0685046064229121,4.11814750653015e-05,0.00125210914533028,1.75241136550378e-05,0,0,1.75241136550378e-05,0.000205264967637681,0,0.0062871644478533,0.00528012231436809,5.87055887203393e-05,0.000470577597449967,0.00190026463729873,0.00014085242452519,0.000227813477515492,0.000524533558888352,0.000507126056194221,3.92147997874973e-05,0,0.00117587280939724,0.0022084377305326,9.46294456410547e-05,0.000408873640668953,0.000169318067832475,3.50482273100757e-05,3.50482273100757e-05,0.0001215777499181,0.00045322944764013,0.000118286807051318,0.202064926157137,0.0769167462262695,0.00785632413223473,0.00313134610312757,1.75241136550378e-05,0.00121430868986204,0.0039135172656198,0.000595265787639674,0.00579523133349982,0.000867719616836339,1.75241136550378e-05,0,0.000204816329659343,0,0,8.76205682751892e-05,0,0.000995928131333892,0.000101970350024352,0.000171734079357844,3.50482273100757e-05,0.0030391846900693,0.00560378685953725,0.000510876111077746
0.00117203700778164,3.75282881243787e-05,0.000686969747132169,1.12038982505147e-05,0.000830066617112377,0.000113639938597072,0.0633731222051738,0.0014764323156134,0.000477731229746783,0.000611847897726191,0.00401559127912805,1.75013355677421e-05,0.00035328551772067,2.31032846929995e-05,0.000557624535442926,0.000126491149010512,1.23755552313633e-05,0.0007489308097526,0.000576640438107418,0,2.91814026071354e-05,0.000353844940108442,0.00041534496444988,0.000267837114170281,0.0015754035089395,0.0163104775529251,0.000171624991995964,1.02515606727576e-05,5.67056397494365e-05,0.000497634710438613,6.06315728173781e-05,0,0.000406566876788622,0.0561679158912483,0.000105227332809544,0.00108161355647245,0.00199918778099835,0,3.59550087132414e-05,0.000709745613348935,0.00111372712011811,0.000788496910309815,2.37987728849695e-05,0.000445601437935037,0.000242921214200966,2.42749416738481e-05,0.000440496650321292,0.00920644594778966,4.40825748273932e-05,0.000259308952839443,4.94276745668634e-05,0.000114418799235937,0,9.70252203368025e-05,0.00334031635988074,0.00472140951488991,0.00288867923487023,0.00145496798111366,0.000903572228203821,0.000799850418514716,0.353293819377771,1.86729925485908e-05,0.220217060588852,9.58535633559539e-05,0.000586647334435508,0.00124748353075905,0.00102247382759973,4.17762772415902e-05,0.00194172500482749,2.05031213455151e-05,0.000175004015982314,2.21509471152423e-05,0.000196468814600694,0.00245673032936827,0,0.0334221796290456,0.000165896435609618,0.000519835747528469,0.000355709425276988,0.000281116971431993,9.80521042731496e-05,9.88928791164225e-05,3.43071829435142e-05,0.00116635100987136,9.39864181831352e-05,1.75013355677421e-05,0.000692927172033772,0.000127158960521695,0.000169701466247968,0.000530722609752142,5.03800121446206e-05,7.08831334901357e-05,0.000212030071619696,8.45144029583118e-05,0.000559987556008441,5.41518324729536e-05,0.00568136363738165,0.00205510258308365,0.000478670387616083,0.0242768484506898,1.07277294616361e-05,0.00592304621368919,0.000691582342303774,0.00137442488816764,0.00195642689251353,0.00120301343998221,8.77541875293906e-05,0.000100358401858953,0.00124720210900739,7.23116398567714e-05,1.86729925485908e-05,0,6.77360610610599e-06,0.00356431854852568,0.000292186602202719,0.00114298261993265,5.12578033637878e-06,0.145914828308093,0.000422651923577112,0.000894875609956521
0.00638724918560064,0.00209349341904825,0.00210334335704321,9.41320718690472e-05,0.016475897170784,9.58878118039663e-05,3.42910718697353e-05,0.00202689943557788,0.000322076564068554,0.000681348615022178,0.00226969173524073,0,3.49019817365734e-05,0.00504363206920911,0.0581481135593338,0.000259813832230311,0.00027758404854131,0.000961772091679819,0.000503864097494135,0,0.000364145469960144,0.000390063982760551,0.000671645949941546,0.00136469762006646,0.00107169775462777,4.64216386928126e-05,0.000602054266916859,0.000125510681023211,0.00132409831365694,0.00322596912545577,0.00280765849900017,0,2.42611336461547e-05,0.0141878463958316,1.14526822064936e-05,6.93939778555455e-05,0.00399027001596228,9.19644685198048e-05,0.000177479331232335,0.000307191269454539,0.000176934949020785,0.000269721713666972,0.0220663145085906,0.0153546372965744,7.27834009384641e-05,0.000177957722301946,0.327885212152415,0.000139465840327675,8.13236204293861e-05,0.0372271302566841,0.000191909573107424,0.00115413893236333,1.1385707456748e-05,0.00198916124480507,0,0.131894928973772,0.000651176087876784,3.50359312360646e-05,0.00110062065276423,0.00015639480370729,0.000127268298754852,0.139100636385661,0.00139985748588617,2.42611336461547e-05,0.00014949720925352,0,6.98039634731469e-05,0,0.000383779712483689,0.000129567973806863,0.000432768925227495,0.000213459168287243,0.000445512279714133,0.000770893766013122,1.14526822064936e-05,0.00169422474501392,4.64216386928126e-05,0.012838300449257,0.00094700203738184,0,0,0.0119002672161131,0,0.00109168010489599,0.0010186819197801,0.00177426940703795,0.000156940616621105,0,0.000382622989703036,0.0672710875700871,5.92970648822193e-05,0.00116785096170176,0.00190514048235088,4.85222672923094e-05,1.14526822064936e-05,9.18305190203137e-05,0.00024437083198991,0.000251412837953479,0.000223833995175402,0.00239395207190387,0,0.000277108518876227,0.000394926939756763,0.00169898504912268,0.00093708181613815,0.00278355170236077,0.00111417503659692,0.0012860308137418,0.0423529040328827,9.27093278861341e-05,0.000136963363229704,0.000264022600616191,0,0.023995805632898,0.00358768533175497,0.000393250067284161,0,0.000318566961995437,0.000105306840160709,0.00217895650822259
0.00172959648522493,0.000158588485430379,0.000415429612277113,1.18595681227771e-05,0.00103168645593423,0.000281655457145541,0.012254692788961,0.0031925361956576,0.000669727000814569,0.000896017211570125,0.00413039270114433,4.46978346229515e-05,0.00114853595894367,0.000131184494662331,0.000844786884269829,0.000114437075565117,0.000107257482956571,0.000440714206954026,0.00127373060906157,7.51213070467005e-06,8.45043420262646e-05,0.000393954621048482,0.000804036317322943,0.000435576037024789,0.00228977639819895,0.0282712835395987,0.000533049051775632,1.69800868616949e-05,0.000221577942638874,0.00131462764114365,0.000102724545994217,1.25764336423523e-05,0.000807220345033556,0.0658702352595548,0.000345432643939589,0.00125207772956789,0.00216875820216413,1.26948683494962e-05,7.04114731976654e-05,0.00171023118439066,0.00169884139507596,0.000108668871642599,0.000235284326042647,0.000184836882063595,0.00023108624624814,7.04818064922196e-05,0.00134967553985316,0.00402301954540911,0.000348836135602815,0.000259865895142168,0.000427156422485137,0.000196952058201072,1.36266255734337e-05,0.000323347355508276,0.0139042153877757,0.00705074732755031,0.00447830370414881,0.000989448352913145,0.00221030438898172,0.00124040568170058,0.0795173623660008,0.000186159033569411,0.489507758085455,0.000321578168561202,0.0016382083136197,0.00269038075420964,0.00114501013298903,8.23677911104168e-05,0.00296233362996635,9.70895640197006e-05,0.000202486114201957,0.000163020000896476,0.000358613086983881,0.00317143549215204,9.95054646704147e-05,0.0470099011917494,0.000154359482719415,0.000763408628307936,0.000387194777104193,3.66027725967484e-05,0.000562721437957961,8.82457812080895e-05,0.000162085487774065,0.00112141914844605,0.000119782504226379,0.000101628092726128,0.00139624038894938,0.000109714917580942,0.000154687619807782,0.00104712942267743,0.000100483419477605,0.000118727508866606,0.000441074799802245,9.38393813396301e-05,0.00153898536684059,7.40609660182074e-05,0.00685340347012578,0.00297911534712201,0.0008037278418572,0.0482577926033768,3.21540747527314e-05,0.00917768880094919,0.00100276168041435,0.00157671165342785,0.00310641100252783,0.00161254806511639,0.000394557859171391,0.000149479406956578,0.000933533947451361,1.45583827973713e-05,0.000193621146210702,9.80128256853104e-06,2.03816495625456e-06,0.00334470723311486,0.000159139488792658,0.00266011785769096,8.00152206646662e-05,0.102465124899491,0.000696204000009634,0.000821314223962832
0.000108559456338038,7.7389452213275e-05,0.000294235086739933,6.97576186116738e-05,0.00022387293207984,0.00175217454981507,0.000508302809340144,0.000476035507054528,0.000528605980106096,0.213846313439237,0.000812221760394786,0.0001935109882464,0.000956271744618722,0.000116854880898022,0.000415238498618053,1.5477890442655e-05,1.61414814010386e-05,0.000315471072568589,0.00278304247340781,1.90691233839901e-05,1.61414814010386e-05,0.0557684658641724,0,0.000253346924958725,0.00317737309752593,0.000642774100977283,0.000100713399496984,0,5.00249042693001e-05,0.000581482084757002,4.6433671327965e-05,0.00610670480844654,0.000308873296654691,0.0209286000476197,0.000786653775851721,0.0494111500621195,0.00215136616799358,5.72073701519703e-05,4.77234955315196e-05,0.000180757215543793,0.000343461853757734,0,0.000387989387388845,3.22829628020773e-05,0.0388676421117818,0.000204707396072673,0.00139960157658095,0.000570652740629493,0.000427017225799542,0.000186339221360279,0.000679819231859643,3.16193718436936e-05,1.61414814010386e-05,1.61414814010386e-05,7.93802250884259e-05,0.00991471155570391,0.00196119638693725,0.0824040597173985,0.00147979150264886,0.00258085249795838,0.000229144302033697,0.000183336863950903,0.00206365937157372,0.345006426987444,0.000658467898090931,0.000543314851402181,0.00177858130741122,0.00186928260632259,0.000235700534671196,0.000140842419140115,0.0002306865686334,0.000111487098320989,0.000500838565951548,3.45470138266451e-05,0,0.00482391142712992,0.00572529140442422,0.000124037346780693,0.00060938154307302,0.0432154525851681,0.0020015073191133,0.000146697703106018,0.000584347436484997,0.000271750819984122,0,0,0.00479078650524905,0.00851074880312048,6.25751527290036e-05,0.000714662818977239,6.32387436873873e-05,9.48207578178682e-05,0.00040171156394907,0.000198499157011016,0.000144883019800381,0.000339944514254768,0.00287880364145803,0.0351148977300963,0.00221528511008606,0.00109912663383074,0,8.23078670713774e-05,0.0165259940781502,0.000209936446793405,0.00270242820093742,0.00131151477837031,1.5477890442655e-05,5.36161372106352e-05,0.000252602795610521,1.5477890442655e-05,3.22829628020773e-05,0,3.52106047850287e-05,0.000602934881443513,0.000307021255635841,0.00050870382114566,0,0.0003633931308231,0.00273815546795963,0.00079651722154121
0.000302170179044941,0.000190196061199634,0.000185221415567952,0,0.000137682640979185,0.00207447565816723,0.000321807682594444,0.013072841382593,0.00420721425828093,0.00204380923736829,0.00199647383094557,0.000210381751725484,0.0608136190861049,7.2150923769953e-05,0.00475315861090937,3.60754618849765e-05,0.000323452243523484,0,0.00251288909957231,0,0.000500532359464304,0.0037697399650195,0.00044756840053754,0,0.0378843519694273,0.00364952171976459,0.000384254250826292,0,4.58942136597282e-05,0.000311440743843346,0,0.000758452885778556,0.0732311111941453,0.136053955623856,0.000741016201760421,0.00315692668704673,0.0053745016782341,0,0.000343212214935616,0.000854634880534767,0.00673524614886777,0,4.58942136597282e-05,0,0.00178596961135745,0.000255727778408866,0.00300081213319494,0.000246457213610461,0.00199290459474475,0.000231663816204027,4.58942136597282e-05,0.000420215316474622,0,4.64424006360747e-05,0.0150842505348442,0.0418541031717171,0.00478816690918845,0.00133994005185294,0.0118124148920033,0.00228029751963523,0.000634344800390483,0.000324548617476176,0.0522999048899908,0.000458483526264984,0.142103308045688,0.000375965663743933,0.00093728328254443,0.00069734762722466,0.000860157713142796,0,0.000301621992068594,4.64424006360747e-05,0,0.00107012181738055,0,0.0927361963014509,0.00256031805272222,9.28848012721494e-05,0,0.000499403094293031,0.00123603380024268,3.60754618849765e-05,0.00109129816196307,0.00119090788969196,4.58942136597282e-05,0,0.023565893584319,0.00809667723354879,0,0.000926376833157619,0.000486843407636546,0.000220200503500236,0.000339890201858957,0.00142746545122425,0.0371048480464585,0.000138230827955531,0.0201437510145426,0.00311362033658641,0.0604331003943001,0.00652666329176682,0.000165035725042102,0.0010245556745645,0.00821827233518631,0.000946128732943769,0.0124460291445125,0.00143180419996337,0.000265546530183618,0.00014319740196123,0.000211478125678177,0,4.58942136597282e-05,4.58942136597282e-05,0,0.00188065596274021,0.000291803240293842,0.00037927960519461,0,0.00235980655868452,0.0512086100933962,0.00408676992862269
0.00160912378838912,0.000102339070432639,0.00021422669729128,0,0.000426950258446151,0.000281165918449711,0.0322719228098814,0.000654327741494741,0.000318068903860329,0.00533931172189905,0.00169998075282822,6.54360850220212e-05,0.0120379418985042,6.54360850220212e-05,0.000244262933039093,0,0,0.000280338200312922,0.000163590212555053,0,6.54360850220212e-05,0,0.001306655715971,0.000125508556517647,0.0018785625962768,0.0877500553936992,0.00104763953486177,0,0.000763566670315656,6.54360850220212e-05,0,0,0.0055835084374872,0.050291399112382,0.000141923862606454,0.0108350555499062,0.00188635639025281,0,9.54723207698342e-05,0.000237396183376288,0.000518449532159396,6.54360850220212e-05,0,3.0036235747813e-05,0.000984984582779362,0,0.000272796032650497,0.0419868434502683,0.000470931889362591,0.000134878325826103,0.00012282674975445,0.000109205820095444,0,0.000162232754810718,0.00202837295729058,0.0028194728437084,0.00184639415860862,0.00222087370892742,0.000307017211297917,0.0181968005237462,0.016215143978096,9.01087072434391e-05,0.153963855717843,0.000649546841536645,0.000393053545308352,0.169213217664568,0.017192659232409,9.81541275330318e-05,0.00185127438474313,0,3.0036235747813e-05,0,7.23028346848259e-05,0.00016927829159107,0,0.0315417027384957,0.000105020877195836,9.27905140066366e-05,0,0.000201817546984534,0.000295965518735505,0.000163590212555053,0.00018150865478027,0.000374956315965589,0.000193626448302866,7.23028346848259e-05,0.00117894874008204,0.00090056395457194,6.96210279216283e-05,0,0,3.95847921738153e-05,3.27180425110106e-05,0,0.00118269664780542,0.000105020877195836,0.242974912441913,0.0101326075868111,0.00229367317449431,0.0266495528785307,6.0072471495626e-05,0.00222749545402173,0.00138186549675223,0.00330514473765094,0.00200536901483293,0.000621722268650333,0.00128926701335333,0,3.95847921738153e-05,3.0036235747813e-05,0.00018522345377818,3.0036235747813e-05,0,0.000676609913737111,9.26117268890901e-05,0.00291878577663294,3.95847921738153e-05,0.0130969774566733,0.00265542573074184,0.000496425607975704
0.000217940236886297,0.000130613935172029,0.000217966729418878,3.31087513980358e-05,0.000292515551321979,0.000217940236886297,0.0105799308076347,0.00143306837139237,0.000382305076176631,0.00175307377895151,0.000252870058704447,0.000229404006776191,0.0107443605828924,4.75736741871511e-05,0.000258898274645841,3.0108763278076e-05,0.000101684089593798,0.000104684077713758,0.000967585342452551,7.88613551650726e-05,3.12876809779215e-05,0.000925116325773283,0.000788847982064148,0.000305052268781395,0.00473117157028192,0.00308282288414371,1.56438404889608e-05,4.57526037670368e-05,3.0108763278076e-05,1.44649227891153e-05,6.7396420495917e-05,0.000104684077713758,0.000477425349628721,0.0354093773260065,0.000552373889079058,0.0328397142899108,0.00182031233468359,3.0108763278076e-05,0,0.00147502655801755,0.000700015348155936,8.00402728649181e-05,0.000104684077713758,8.18613432850323e-05,0.000353315492291772,5.17525800069563e-05,0.000625605704983399,0.0388453304911012,0.000104684077713758,0.000204699881231091,9.93262541941073e-05,9.15052075340736e-05,9.45051956540333e-05,0.000334518879339202,0.00015712620704394,0.00486308880670947,0.00159870222529761,0.00371198779520562,0.000608649356526233,0.0673394859273535,0.00432261562843886,3.42876690978813e-05,0.0132744381868501,0.00135019433927774,0.000304033471056296,0.00474020926605513,0.443603276404204,5.29314977068017e-05,0.000211403495666801,6.32175146761118e-05,0.000169080510089715,6.55753500758028e-05,0.000239476918705592,9.86841014738386e-05,9.33262779541879e-05,0.00635333380056864,0.00222074592377577,0,9.63262660741476e-05,0.000431084160596208,0.00078306394846468,0.000159114150680268,9.56841133538788e-05,8.48613314049921e-05,9.45051956540333e-05,6.7396420495917e-05,0.000640213300840866,0.000922041444825018,0.000509973755462755,0.000968108179646056,0.000123435041232264,0.00027622955811275,4.45736860671913e-05,0,0.00026489825088576,0.000352601098474708,0.127644507972744,0.134174129602912,0.00432678681449823,0.00388899928729169,8.30402609848778e-05,0.000399154326898018,0.0027684358389209,0.000577342518646829,0.00240479501216408,0.00120465951980051,0.000350912007458017,6.55753500758028e-05,0.000255388014078885,0.000191368226707758,3.7287657217841e-05,3.12876809779215e-05,1.56438404889608e-05,0.000720304811602052,1.56438404889608e-05,0.000285122387563044,8.30402609848778e-05,0.00180276794617678,0.00446750182695353,0.000223298060405948
0.000160800791252727,0.000100826309482139,0.000643578408994351,2.25517291220104e-05,0.00109619565952113,0.00788319990180378,5.97002966140892e-05,0.00790348972075846,0.0128375117073277,0.0644248937245481,0.000797643705724102,0.00898453653300926,0.000210155880029217,6.79293725225298e-05,0.000388004039488219,2.25517291220104e-05,0,6.8477742835527e-05,0.0217636127636057,0,9.04811016445402e-05,0.073012431982471,9.10294719575374e-05,0.000167168553714354,0.00937311276968837,0,0,0,0,0.000181784758758576,0,0.00223420772450043,0.000192129966596175,0.0636170964823736,0.0673800395097665,0.00120872542625482,0.00223360407113576,0,0.00013719539768299,0.000205904249496748,0.000686669024238032,0,0.000126102753596854,0,0.10028635193502,6.76551873660312e-05,0.00159527004012836,0.000381105043285875,0.00195120955752421,0.000585953398233024,0.000157862103854073,0.000150830827398572,0,4.11260128680498e-05,0.000182298855927011,0.00535142088146118,0.00218577848012225,0.000958230524570879,0.00844434928539765,0.00017406978001857,0.000341272606877487,0,0.00219699812264132,0.00262244076023879,0.000175123444466297,0,7.01057172022375e-05,0.216124502731092,0.000269856176643306,2.25517291220104e-05,0.000502181968879256,5.57228512381182e-05,0,0.000127903854293118,0,0.0134376845872192,0.000276558337011982,3.71485674920788e-05,0.000130019986222276,0.000224752718399286,0.158520076162167,0.000285491772990692,0.00190497297278155,0.000231454878767961,0,0,0.0234252690631348,0.00278164503329858,0.000448682881329075,0.00130690437006709,0.00459640111282055,2.25517291220104e-05,0.000469452876428976,1.85742837460394e-05,6.39519271465588e-05,0.00184618126661971,0.000160800791252727,0.000820187922924016,0.00232851556358389,0.00121198008387663,0.00259311433375036,0.000579844914457486,0.069444951398114,6.8477742835527e-05,0.00985093181460403,0.00158263357867774,0.000361423455273394,0.000665009687986252,0.000242778631832328,0.000138249062130716,1.85742837460394e-05,6.76551873660312e-05,0,0.0018958057282276,0.000235432324143932,2.2825914278509e-05,1.85742837460394e-05,0.00137635314620729,0.00147863395160523,0.00141395653710751
0.00448304579070479,0.000260306167612065,0.00883578413359511,1.43413320546634e-05,0.00165862003278781,0.00028273733241166,0.000877123880368692,0.00187857163558917,0.00155010442432124,0.000460688788488866,0.174085769185956,9.02825314014426e-05,0.000123443722566186,4.80802651660377e-05,0.00119252914708595,2.76538662836173e-05,6.93066631046729e-05,0.000287786623335257,0.000741621973584276,0,0.000108786668252545,0.000314519113099461,0.043486514449016,0.000544678792619651,0.00339751449462226,0.00049475696359758,0.000827258880429601,3.41957340133469e-05,0.000429487139658748,0.00141437943146292,0.00022739470945217,0,0.00136936340864675,0.110788237584025,0.000778295015502409,0.000719301492839107,0.00636513095575782,0,7.61839542731763e-05,0.0541442371541096,0.000797248735031382,6.3907195948383e-05,0.000581567238259928,0.000450497385729171,0.000212038535728699,0.00024046369211771,0.0029173190420054,0.000434357274999025,0.000574071569729643,0.000433778600178901,0.00117319215509713,0.000225224744108578,0,0.000271380717550723,0.00250583723820679,0.0106444119996661,0.0617671876364363,0.000255471719301061,0.00139352267079113,0.000349293025477979,0.00279129852427101,0.000527768068348303,0.0210728773401978,0.000129178613161249,0.000440896976799705,7.056346306286e-05,0.000372200163577091,6.17212447553144e-05,0.184708436437913,5.62221310081966e-05,0.000191083525467221,7.03346642933652e-05,0.000112780482092184,0.0023284273683011,2.09975991691403e-05,0.0515251529809007,0.00017596559470281,0.00486925320909888,0.000392426832859316,5.02514635651869e-05,0.000217953814962639,0.000267542642784287,0.000128641070211229,0.0278467162858608,0.000693305266551565,0.000457379341265137,0.00220754322199809,0.000246027201844922,0.000488873836171831,0.00456794451290824,0.000151882398693558,0.000242871464001822,0.000351000444896704,9.81029299617299e-05,0.000284571874316479,0.000139291151165345,0.00147830985226672,0.000630199799169906,0.00168949358493061,0.119591495665522,8.28332433092021e-05,0.015337912870328,0.0015811293675155,0.00938205190995452,0.00433512370553248,0.00346770923712812,0.000270788943247127,0.000467630759655879,0.00525687411787059,2.00832007281783e-05,5.71365294491587e-05,8.41974645736855e-05,0,0.0070525791275959,0.00230150161439655,0.00304861607924979,0.000109243469154518,0.00480771926640629,0.000351631889414659,0.00245944954730185
0.000133177935928962,0.000680448025599634,0.000540952070157663,0.00850331397312507,0.00138834820960749,0,7.58315889115588e-05,0.000798643021385678,3.93220103588048e-05,0.000249833563254209,0.000808690657722258,7.34800623410651e-05,0,0.000845219569567471,0.00220018229400731,0.000303398667601739,0.0309000093939638,0.0393513642598052,0.000156319230571397,0.00372545934372842,0.000228147296273949,0.000208501619212256,5.54557256824667e-05,0.0137462000318943,0.000154206328697327,0,3.93220103588048e-05,0.0457342347651204,9.81703854310912e-05,0.0130230002744202,0.000314648394825943,0,0.000209703399960457,0.00333413468480927,9.99416944178161e-05,4.25953474004129e-05,0.00100371537002123,0.00234316029510057,0.000210972458130961,1.80243366585984e-05,0.000110450546129376,0.03598522517873,0.00178655054509215,5.49948204469095e-05,0.00024925334567044,0.00138925694855817,0.00216076977430996,1.80243366585984e-05,0,0.000327436461152493,0.0114777801734015,5.54557256824667e-05,0.00150912173689694,0.0140440342312554,0.00141190637159021,0.0100888737261526,0.000299825083253448,2.12976737002065e-05,0.000322925032315221,0,0.000173421756758881,0.000153045893529789,0.000603581998039245,2.12976737002065e-05,2.12976737002065e-05,0,6.38930211006194e-05,0.000166994395023877,0.000111880262228756,0.177779606219055,0.00152720717482714,0.0360279624881699,0.358935602890484,2.12976737002065e-05,0.00341817732338171,0.000797690554679145,0,5.49948204469095e-05,0.116216282358248,0,0.000129904598887354,0.000971891781233144,5.78072522529604e-05,0.000403340362019555,0.000201494039893483,0.000129396693259089,0.000288808325913623,0,0.00484664868865417,0.000566775794912693,0,0.00428073948227115,0.000263274159120031,0.000110911451364933,0,5.54557256824667e-05,2.12976737002065e-05,6.38930211006194e-05,6.06196840590113e-05,0.00162299814206938,0,0.000108606925187147,3.9782915594362e-05,0.000111419356993198,0.000475090460954558,0.000550699769326983,0.00104844501130507,9.01216832929919e-05,0.000193797619987973,0.000318982089039151,0.0116626583263043,2.12976737002065e-05,0.00748667345324991,0.00904332387016071,0.000211433363366518,3.93220103588048e-05,0.00494259510804946,0.000162063406531711,0.000122741396172906,0.000250144499906136
0.000770082883236288,0.00747584539085838,0.000498090779852905,0.000197124461894342,0.00997671238557307,1.10133113954871e-05,0.000220354890661165,0.000528871485874941,9.81198787558153e-05,0.000151044342371428,0.000431100139850671,0,0,0.000914402280509131,0.00120726782448311,0.0150530520294958,0.00137079378382484,0.00544007855398827,0.000111963743512476,1.16268455764034e-05,0.000179166387313321,9.10411497887133e-05,0,0.0383950675992813,0.000103440535484429,0,7.49371548215489e-05,0.000245704788398957,0.0004014965802236,0.0151323419557268,0.00252590295493351,5.76626281381811e-06,0,0.00327319522766172,5.50665569774354e-06,5.50665569774354e-06,0.000409589663567181,0.000148433652967503,0.000127921158784525,2.93029138129263e-05,0.000134798821610813,0.000418530440803652,0.00304779311187253,0.000547808306772929,5.50665569774354e-06,0.000599626338122562,0.00547927925630302,6.24138152179278e-05,2.75332784887177e-05,0.0023579903518633,0.00237936232364916,0.000187974106399727,5.12118639249064e-05,0.00992484160707897,5.50665569774354e-06,0.00710920729973805,0.000228607526197672,5.50665569774354e-06,0.000432370295504695,0,9.1197514798705e-05,0.000590311610073924,0.000410007652590084,0,3.52281825651402e-05,0,4.63510172956218e-05,0,2.89489867480846e-05,0.00115643328203451,0.387575628934245,0.00211334460919715,0.00252740344791416,5.15657909897482e-05,0.00169732256360772,0.000510925798648681,1.10133113954871e-05,0.000288311276764886,0.00556859750911216,0,5.50665569774354e-06,0.000280732819436568,5.86058276258525e-06,0.000259166744858788,0.000478116200392486,0.000786006439105642,0.000185010540758788,1.15325256276362e-05,0.0494406073544671,0.000783891513877615,0,0.00580744951132835,0.000308041763813063,1.65199670932306e-05,0,0,2.75332784887177e-05,6.0573212675179e-05,0.000150201243677205,0.000799180653967322,0,4.01275853108791e-05,0.000235583200728959,0.000267882818227926,0.000179345151551736,0.000503254843616384,0.0455753090949697,5.23679650681987e-05,0.00138123077044017,0.0335164233923832,0.00583501813989978,8.30915965682135e-05,0.000243830179068121,0.309788304085933,0.000126431978592757,9.80434031216798e-05,0.000603482127873218,0.000166860368064569,0.00027486945394561,0.000292286329295113
0.000152244049608022,0.000496064041572021,0.000780101743991549,0.00222944165690225,0.0011583752423612,0.00032396722107835,6.17865407659554e-05,0.000665977911494606,2.15301216808613e-05,0.000240506405678314,0.00164757003047759,0.000135273105277752,2.2545517546292e-05,0.000840079709703345,0.000607278639549181,0.000850700297716515,0.118628702984711,0.0392964372767803,0.00101362897520495,0.00129741709635612,0.000232678885499459,0.000737343479796102,6.56057609080146e-05,0.0512879280580627,0.000629272473771383,0,6.28019366313861e-05,0.0321886034909235,0.000108279487996854,0.0538983421225404,0.00138545930318419,2.15301216808613e-05,4.50910350925841e-05,0.013420246318968,4.30602433617226e-05,4.30602433617226e-05,0.00113845346542829,0.00182512771890545,8.67493663159924e-05,0,0.000110310279727715,0.0200294996810419,0.0086940397080937,0,0,0.000687788105487959,0.00323416419305429,0.000564991779329632,4.30602433617226e-05,0.000516965283660335,0.0231872595270182,0.000172483336766554,0.000739825116818762,0.043625405306813,2.15301216808613e-05,0.0139758900125906,0.000254431162412291,0,0.000814917047816258,0,0.000599184037196838,0.000126376905808539,0.00101817555638569,8.61204867234452e-05,0,0,0,2.15301216808613e-05,2.15301216808613e-05,0.0330257742986315,0.00242843979746213,0.10894325448718,0.201555633759488,0,0.00611668304621769,0.00308776264821883,0,0,0.109763269850103,0.000150710851766029,0,0.000148149390809064,6.17865407659554e-05,0.000130196125950599,0.000130196125950599,0.000346334704323894,0.000838633615189077,0,0.00869274926392613,0.00132418007903218,0,0.0072629330058501,0.00308197789426458,0,0,2.15301216808613e-05,2.2545517546292e-05,0,0.000149308939627715,0.000189178842439925,0,0,0.000384980729298539,0.000265358153612365,0.000649726716285177,0.00274565562330762,0.00066627422328805,0.000442400667729511,0.000135273105277752,0.00126988352446595,0.0268121805107031,0,0.00610744800074363,0.0133467294838902,0.000174900644770299,6.66211567734454e-05,0.0105056493982401,0.00063142385620834,0.00153396052290831,0.00055556456003791
0.000158573605581879,9.95133476983871e-05,0.000352260586673234,0.0157932134454669,0.000766664512638727,1.48406295218113e-05,0.000360363404766082,0.000537667609432289,6.18399568394025e-05,0.00040981409297133,0.000184848824731484,6.43566090079964e-05,5.73265957442471e-06,0.000396732291785298,0.000841967564771068,0.000225705202428082,0.00568920684002458,0.0365660407680666,0.000327758331229187,0.00921300799280437,0.000152246849356424,0.00013566964078329,2.90235665242071e-05,0.00780232165313948,0.000135988697467482,6.99816103624242e-06,1.29728400092886e-05,0.00286993877309026,1.98472309003716e-05,0.00407196422148143,0.00010210312275274,0,3.98311931536411e-06,0.00761010549033441,3.24025574916338e-05,0.000177498422970507,0.000552822150402748,0.00371748150636691,7.56772888772141e-05,2.40723696143572e-05,0.000174685161698004,0.0844716303644613,0.00100603951494155,9.82700109471378e-05,0.00010793405134726,0.000198651954804267,0.00238409790312483,4.07286140245162e-05,1.80995309385435e-05,0.000189244777366008,0.00285528662961138,0.000115948254130657,0.00347347399779052,0.00508504921337636,4.61402974904054e-05,0.00793549504799731,0.000296388853151143,0.000129148274550777,0.000184769888458322,1.99155965768205e-06,0.00015390744730027,8.55850325069607e-05,0.00112233325522095,9.59384904186188e-06,7.36026998555838e-06,8.74770129530303e-06,2.88674142745e-05,4.45475940363277e-05,2.15986114566647e-05,0.0185116872330639,0.00072634982384966,0.00994126231227332,0.660409649989148,1.08593505036796e-05,0.000368617568935497,0.00076940621911787,1.74954025906061e-06,0.000101469812685273,0.075128284271547,1.12177788585307e-05,0.000183235986594478,0.000229291852346205,0,8.66049738098316e-05,0.000184136315354665,5.47088241718386e-05,0.000116043793952414,7.48219983348532e-06,0.00206718434187227,0.000724534110000675,1.74954025906061e-06,0.00272209688234615,0.000523958271067243,7.48219983348532e-06,0,3.10991530335711e-05,1.39963220724848e-05,0.00014487592964704,5.70234799035675e-05,0.000686518572344727,7.11825058693693e-06,3.70709150945396e-05,0.000173163498233015,0.000130140392619215,0.000292250251297252,0.000363136641702813,0.00026022344650128,3.30602500110493e-05,0.000291692494996845,0.000225600102096099,0.00362031714501411,6.14396319613836e-05,0.00132177208513482,0.00720246745102315,0.000110254261234865,9.15703503930725e-05,0.00101678559415033,0.000458517626029787,4.66107492149941e-05,0.000535391201105447
0.00314764162981529,0.000255739753341038,0.000431601985250103,4.07977266050555e-05,0.00170577311913341,4.10597350610414e-05,0.00234798907940117,0.00209628008483516,0.000117404617342316,0.00304451900572341,0.0030687514924836,0,9.12205499195723e-05,8.13153467611007e-05,0.000201783350506085,0.00025990672137304,4.07977266050555e-05,0,0.000273662590128455,0,1.29514319378532e-05,0.00146076730277772,0.00466344619970416,0.000453357703098017,0.000394636356064097,0.00307058302752515,0.00209578625049223,1.29514319378532e-05,0.00096074200680703,0.000245012015371981,5.64968694236764e-05,1.32316951151531e-05,9.92197720989138e-05,0.0208594373493762,6.61584755757657e-05,0.000368525620983188,0.000679642758321599,0,5.20859909287127e-05,0.00264261252335893,0.000475633960964531,0,0.000550217988538451,0.000473185737223116,3.96950853454594e-05,0.000108863123529689,0.00135425212163065,0.00105078595621201,0.000119049530235198,5.45716933534945e-05,8.13153467611007e-05,5.45716933534945e-05,0,0.000107778736991407,0.000814010816724036,0.00236756872393377,0.00414112978555044,0.00021114659548785,0.000963825842127067,0.000107498473814107,0.0127655545331439,0.000178871951245818,0.0386341330313897,6.61584755757657e-05,0.000319431564854784,0.000106657684282207,0.000151848034660912,1.32316951151531e-05,0.00700581687512958,0.000531008709451981,9.81171308393177e-05,2.81083031231882e-05,0.000746684991727197,0.420101783743972,0,0.00991721700466096,8.07548204065008e-05,0.000683453466453542,0.000222660045368286,1.32316951151531e-05,2.64633902303063e-05,5.29267804606125e-05,8.46051725468646e-05,0.000644917510542807,7.93901706909188e-05,0.000223800293168538,0.000619519938672889,0.000233406038058658,0.000110788299599871,7.19340037863113e-05,0,0.000278127919330781,1.5156871185335e-05,0,0.000156539176333176,0,0.000496043440546468,0.000647475604939686,0.000469335199483462,0.33297219287584,1.32316951151531e-05,0.0027767398636062,0.000203952280310939,0.00272989311380076,0.0012988822770889,0.00102935090032027,0.000119347107764074,2.75660314899024e-05,0.00134158579907379,6.89060297282437e-05,3.03137423706701e-05,0,6.53176860438659e-05,0.00349270648176317,0.000143027218040723,0.0259017717311178,1.32316951151531e-05,0.062867610706188,0.000308667317443099,0.000191561374727686
0.00015898105457104,0.000415477648203713,0.000305672946322587,0.000412746671688365,0.000643108847448298,4.78546178515514e-05,5.85974912467976e-05,0.000108695707167677,7.3537212419598e-05,6.03746416246083e-05,0.000218368039189466,0,0,0.00153364268239676,0.00120397911600653,0.0021325754242442,0.00251589899758093,0.00645155746163927,0.000181810201366837,4.81741191933721e-05,2.39200206805957e-05,6.00551402827876e-05,1.17194982493595e-05,0.00783241048721147,0.00014549898243423,0,0.000109539962162454,0.00109166618809582,5.9559539610551e-05,0.524629673258102,0.000267504206746592,0,0,0.00439613376993404,0,0,0.000157831874724802,0.000452398716839243,1.22005224312362e-05,0.000110325911195791,3.76038007902505e-05,0.000900111147906985,0.00295451285435104,2.39200206805957e-05,9.83125202470395e-05,0.00466112425852324,0.00441296913733509,3.51584947480786e-05,1.22005224312362e-05,0.000131987757316699,0.027694453990943,7.37389203924424e-05,8.62735206558592e-05,0.0695497712725819,0.00026793046930532,0.00698942375885408,0.000400318976331246,0,0.000219010586211399,0,1.22005224312362e-05,0.00030728488583266,0.000135008890607295,0,0,0,0,7.17600620417872e-05,0.000108842653517373,0.00200075709268401,0.00257949788297568,0.0045798736719146,0.00463111097994966,0,0.128312663268348,0.000280879517666495,3.56395189299553e-05,9.74974182329822e-05,0.00380504364289937,0,4.76930950114954e-05,0.000265418587179029,0,4.83356420334281e-05,3.69356451258893e-05,6.00405637924277e-05,2.47351226946531e-05,0,0.0920059612915479,0.000569726069192174,0,0.0482068396881309,0.000631323651216649,0,0,0,0,0.000192322213808519,0.000194246310536026,0.000255531000930629,0,0.000108695707167677,0.000259110910328679,0.000167814407729139,0.000493194880776726,0.000327757319078079,0.0012711314265113,3.72697229580699e-05,0.00110562390404512,0.0010802675961512,0.00149889392592753,2.39200206805957e-05,0.0024628040853907,0.0132629619738515,0.000111475091042029,0.00047627630125327,0.0124721413113947,0.000177836311626387,0.000231809926193488,0.000453533320195121
0.00132283032574397,0.000154983333599738,0.00251714418977974,4.75170302284129e-05,0.001181492391172,0.00108215229190947,0.00145226519597957,0.00665737753875047,0.00437093876377675,0.00187804755295155,0.00894743338952819,0.00019911908645512,0.0010039298537137,0.000205595845559138,0.00173250021544679,4.01129534310805e-05,3.26951331035554e-05,0.000427547369186116,0.00139990527535889,6.47225185534979e-06,0.000361543195049341,0.00113644317097166,0.000974372565854778,0.000453857161394116,0.0193004437755438,0.00261077997560997,0.000326586042670486,7.74248524443321e-05,0.000148989612483447,0.000689193224750993,0.000111198257042971,9.11157538153692e-05,0.0178158636324245,0.213055742977673,0.000672705776892488,0.00224110182400406,0.00963357669894471,1.65228313735612e-05,0.000160237015998815,0.0112129782784116,0.00380563919386205,0.000263324402692374,0.000527132778552414,0.000123340728508709,0.00109999785495912,4.29114551914994e-05,0.00421971649952084,0.000729685646815793,0.0020294489672064,0.000266014356325802,0.000264295467231231,0.000345696189685924,4.83278819738368e-06,0.000426470196821564,0.00697629501782559,0.0177914004989163,0.0173281522595784,0.00130139275976803,0.00296070454388172,0.000652930359751705,0.00351501748660056,0.000230513051076279,0.0258481610412712,0.000276698163636606,0.00153189055464869,0.00037672127751913,0.000862880275933143,0.000317599404802114,0.00432426340597938,5.63394741080078e-05,0.000136382071269509,8.94549941487104e-05,0.000498688255606367,0.000619254228299251,1.15774432888023e-05,0.477358057254358,0.000823287486582855,0.00171733822127398,0.000389924099920033,0.000226976717682774,0.00130019956826364,0.00034741489423626,0.000355123343433953,0.00241167542124889,9.69101682355361e-05,7.78507918679186e-05,0.00842680017235249,0.00049045988584187,0.000292156021516214,0.00202916266200802,0.000692137399932914,0.000227985281480346,0.00096366189815491,0.000692594768249285,0.000559997372968954,0.000440845244930618,0.00183812394432077,0.00376598806512218,0.00535207901123393,0.0172149556753981,0.000106325010743868,0.0128086612156492,0.00312847435440878,0.00168562073818897,0.0131265139967515,0.0045935821084097,0.000268611159761734,0.000422638795907091,0.00147530121370376,8.34939555729841e-05,4.08211157462905e-05,0.000234652925610002,2.50542616090693e-05,0.00343826582988677,0.000660286760109122,0.00162006521936165,7.15071388560895e-05,0.00614434814896772,0.00216898046330159,0.00419953051247557
0.000359998985965491,0,0.00040907050144782,0,0.000481535760323374,0.00287202547001642,0.00203435254684567,0.00113966962637529,0.00135042176840701,0.0201024105800704,0.000382211232726255,4.06568687281755e-05,0.0162092753796386,0,2.05250642862257e-05,0,0.00028735090000716,0,0.000845550932261221,0,0.000144950066270014,0.00548542027051033,0,0.000484500486939363,0.0121693139614461,0.00355717213110841,0.000471053131229798,0,0.000380409907154282,0.000181186239977548,0,0.00278610796830157,0.00356910377215172,0.0799209191331178,0.00127929296339879,0.161238558412203,0.00226186716959868,0,0.000144277931833973,0.000269039001035782,0.00119592339538504,4.1941259254062e-05,4.02636088838995e-05,0.000208421905744423,0.00196457989832239,2.05250642862257e-05,0.000454538639320973,0.000549505035963586,0.000399111895939843,2.01318044419497e-05,0.000652605993993204,0.000103065999642208,0,6.40295886579391e-05,0.000205009412377843,0.00361884286515183,0.00258530124533321,0.159277829748217,0.000945466450329648,0.0112852990067592,0.000144950066270014,0,0.00363559812524901,0.0261098046154713,0.001577514623059,0.000397827505413956,0.0027344405503989,0.000102625321431129,0.000125652199883419,0,6.20730636960117e-05,0,0,8.22048681379615e-05,6.28023907583081e-05,0.0111349274185373,0.158752713977181,0.000104014322950074,0.000104014322950074,0.0139936036276642,0.00149113958033411,0.000107534113029652,0.00181584435382565,0.000377070984902769,0.000187896841458198,0.000125604781516616,0.00523714265510137,0.0791313755000266,4.1941259254062e-05,0.000349078122225699,0.000124031742139512,0.000941450506512368,2.01318044419497e-05,2.05250642862257e-05,0.000122363866028802,4.18840666278064e-05,0.00927830932313789,0.0789744213663313,0.0197315115997299,0.00189371726577147,0.000283105943529781,0.000167095588300147,0.038570313600708,0.000252763296046508,0.00768142057685729,0.00139888738987377,0.000123648256554689,0,0.00027166497471381,0,0.000500507333751401,2.01318044419497e-05,0,0.000620454448088292,0.000101838801742577,0.00104805144193349,0,0.000578976101284154,0.0238605559047552,0.000872221760305054
0.0105157755975279,0.000499427089589098,0.00595070404456575,3.71211819762104e-05,0.00345337258251015,0.000188923074314613,0.000236615048731577,0.00265736318385654,0.000411657042335899,0.000154328508404067,0.0579860024017949,2.92069978448053e-05,0.000118877158423192,0.000232621704780716,0.0263193195851027,6.77699055996097e-05,0.000186205539449885,0.00072626844297546,0.0013554738166202,2.78408864821578e-05,0.000269913898760434,0.000372336727452726,0.00676881641473051,0.000755396060885924,0.00101438127255762,7.94030887703221e-05,0.000653320949584272,0.000117737890308384,0.000801296350196794,0.00250025586320767,0.000546227628479423,4.98167558768816e-05,0.000177214276727954,0.0589075229569612,4.91337001955579e-05,9.15668358215627e-05,0.00462985798855462,0,0.000116795177576074,0.00244137728206852,0.000628519207317792,0.000173141880279134,0.00161829034469264,0.011043623466773,2.9890053526129e-05,9.96335117537633e-06,0.0521871042389455,5.56817729643156e-05,6.7086849918286e-05,0.00193596832738022,8.86833842643747e-05,0.000456718346082637,0,0.000550090572561716,4.98923702928282e-05,0.0892810338354291,0.00971918082949404,9.96335117537633e-06,0.00173393356098232,8.00861444516458e-05,0.000237450596213696,0.0105318275881337,0.00313107670104358,5.9780107052258e-05,5.03274129618547e-05,6.12974472467986e-05,0,2.95863328934404e-05,0.00727273105334783,0.000156724196693526,0.000264404995468009,0.000151375055626053,0.000250863887275565,0.000834964434864256,4.74638682002219e-05,0.00694656909042385,0.000113010878366856,0.289812330367559,0.000572678303612975,0,0.000130661570425798,0.00115574812490633,6.98946870595274e-05,0.00938660143423537,0.00054711780103716,0.000158578071323902,0.00102031761063497,4.00193213939659e-05,0.00046790001787078,0.10592282354463,3.71211819762104e-05,0.000478267378765012,0.000744610002412269,0.000177877425613722,1.99267023507527e-05,1.92436466694289e-05,0.000119939549153151,0.000226401091782347,0.000701433278809695,0.0123903408460162,9.2802954940526e-06,0.0011799803684335,0.000871778504902392,0.00430399436361014,0.00288435054713981,0.00411844009178302,0.000637395797141057,0.00452811181382826,0.0998465314193897,8.84699659082e-05,0.000117282940843803,6.67075148696508e-05,4.84506445142342e-05,0.0150986394855138,0.0434558909804572,0.00119050849390896,6.93166215152851e-05,0.000887789652831339,0.000320492311756276,0.00472120578280132
0.000285399120740184,0.00027626375003935,0.00020416562467946,0.00452108641563064,0.00142599751122444,4.59373527449044e-05,5.14766475918532e-05,0.000607338408227131,4.91282457505106e-05,8.54256742093644e-05,0.000462547983182226,2.04079131682203e-05,5.38881821429828e-05,0.00034816967641285,0.000668515263366031,0.000374208736568996,0.0124775603155326,0.132550439354417,0.000218558261485145,0.00389898336789481,0.000267722303178123,0.000145969837796295,0.000490179896915453,0.0107675753241864,0.000151535114457917,0.000107775885781741,0.000118827773282422,0.00531101899122722,6.05168381015759e-05,0.0109365416266277,0.000260447813586752,3.96320392581227e-05,3.11046638720486e-05,0.00613380102925735,6.25807431698475e-05,6.08563395519496e-05,0.000632887431918918,0.00294733751875562,6.01964118800892e-05,0.000347971168995234,0.00016435596412555,0.0713140739222535,0.00118935414424735,9.28602937292451e-05,3.42468857691556e-05,0.000591027036185889,0.00286107474370084,0,1.94014552362163e-05,0.000284427262441527,0.00449033527329209,0.000205354646103867,0.00187686409432683,0.00964858718993205,2.92348450832134e-05,0.00647384976209609,0.000869615459520888,0,0.000505871506406935,3.81319385177633e-06,4.00880552407879e-05,0.000205574521708557,0.000700709836212943,1.45099445556046e-05,3.55888296784943e-05,0,1.52527754071053e-05,5.02424920277616e-05,0.00014744385448828,0.0200496512511491,0.00155291001766793,0.0146756806778072,0.2660177424505,9.52579873975768e-05,0.00069134840203297,0.00145246760428573,1.1439581555329e-05,0.000137059880477678,0.361331631357091,0,0.000107424719330069,8.36387586001695e-05,0,0.000297660022909418,5.89975650459233e-05,3.17756358267179e-05,0.00013684382528296,0.000116960870743911,0.00456793292254958,0.000506764324490134,2.2879163110658e-05,0.00303649029424023,0.000479282758525887,1.37671137041039e-05,0,4.14867982911099e-06,1.52168459586896e-05,0.000169938860513104,0.000259441834158972,0.000255129164998191,1.52168459586896e-05,8.01251212773121e-05,0.000369363431539559,0.000357768867707113,0.000249580459114941,0.000482729771298003,0.000349869993230064,7.62279475871109e-05,0.000359300660538812,0.000833296843095041,0.00996986352328318,1.9736941213551e-05,0.00134768318512172,0.00848264053307581,0.000109290425559459,3.76527347467659e-05,0.000724504977402975,9.40895296606511e-05,8.87280424642406e-05,0.000349113051910221
0.000423922595224006,9.32478436522408e-05,0.000219035299412295,0,0.000320483730407586,0.000493540008551806,6.723685447773e-05,0.000507250116711741,0.000371367180610922,0.0923859194598979,0.000331760201482221,3.56685740746276e-05,0.00115140227164072,9.4704841209307e-05,0.00020991115077624,0,3.10826145507469e-05,0.000348923048843874,0.00211166185648256,0,0,0.00747287943022234,0.000303158994428481,6.26508949538492e-05,0.00405828755616417,0.000753586206414638,3.10826145507469e-05,0,0,0.000107005722223883,0,0.000574486971189471,0.000129887749431579,0.0184926774288433,0.00021952096526465,0.113537187496682,0.00123914059447608,3.15682804031023e-05,3.56685740746276e-05,0.000129402083579224,0.000166041989358562,3.15682804031023e-05,0,0,0.00844362992825741,0,0.000189409682418614,0.000731784321293874,0.000138574002626985,3.10826145507469e-05,0,6.47554469807227e-05,0,0,0.000126273121612409,0.00212983584422535,0.000954702293613251,0.124885255802819,0.000295929738790141,0.0045887859399067,0.00118264146698539,3.10826145507469e-05,0.00147150118484289,0.153189386627887,9.83194690284769e-05,0.00040342112686638,0.00188377310743389,0.000863458153340946,6.47554469807227e-05,0,6.21652291014938e-05,0.000173756910849257,0,6.723685447773e-05,0,0.00240833999838945,0.00919383505108789,3.56685740746276e-05,0.000419336635700125,0.307447954687132,0.00067928198491602,0.000252546243224819,0.000173756910849257,3.56685740746276e-05,0,0,0.0014604423345327,0.00203739744366037,0,0.000356746780716791,0.00102793964258374,0.000129887749431579,0,0,3.56685740746276e-05,3.56685740746276e-05,0.00604094276191997,0.100824164601191,0.00535151221842796,0.000783588678878452,0,0.000125301789907698,0.00557292807669032,0.000102419762700002,0.00343836030779421,0.000557162235210366,3.15682804031023e-05,0,0.000374010476725381,0,0.000166041989358562,0,9.42191753569516e-05,0.00037541970387074,3.10826145507469e-05,0.000128916417726868,0,0.000335212940683939,0.000493163153081672,0.000799408646888784
6.81405800193036e-05,8.31060118595085e-05,0.00139886343947783,1.22147006436652e-05,0.000611011287523262,0.00540423871959176,0.000657653042722334,0.0202697993038379,0.0265058586643751,0.0067186790355195,0.00109981379759665,0.0365791405188272,0.000362274047246587,0.000539627197310536,0.000348370574390188,7.92473037520858e-05,0.000131787895158973,0.000352844480411611,0.0511858763016711,0,0.000468093585779196,0.00856233334503711,0.000117087842231562,0.000293383052860891,0.00570157032930658,4.48730648907609e-05,6.87484777226498e-05,3.35163015542103e-05,3.49282273167664e-05,0.00735879827269389,6.75865915638621e-05,0.000490384054900484,0.000252668773157583,0.100649036686843,0.0825436375900225,0.000515540462591301,0.00283705615796486,0,0.00042425135792156,0.000128660094782188,0.000869703887135036,0.000237280254210056,0.000296455495769844,0,0.0075398177245035,0,0.000824222126542193,0.00152690759745831,0.00724606762177982,0.000281475522619349,6.10735032183259e-05,0.000562079069064942,0,7.1572329247762e-05,4.74468768121047e-05,0.0107142433940694,0.00346042767745673,0.000458865942179793,0.0244414839635166,0.000238919136724071,0.000604070649188587,7.98012922075273e-05,0.00406371546033035,0.00147599436191703,8.98000390294265e-05,0,0.000157933171060533,0.0368758405273207,0.000236018588653831,0.000485778626865259,8.32330414359857e-05,0.000177972663082222,0.00387758858016991,8.30175522219105e-05,0.000262833119494839,0.0174627344801243,0.000442340718366908,9.09080159403095e-05,0.000346842938810995,0.000273203349505836,0.398209132000478,0.000606209610910138,0.00089820411641587,0.000399150455476119,1.22147006436652e-05,8.55029045056563e-05,0.0194771689423441,0.00173761928177092,0.000246686590415178,0.00105027388832354,0.00788746031715841,0.000255134116361926,0.000652571889218757,0.000116195354534754,3.43742388613249e-05,0.00564162082208487,0.000509542792762327,0.00150542966838274,0.00158633411995323,0.00166878249218821,0.00893775725877876,0.000549360712997185,0.0357786217033896,0.000184424394191656,0.0121477369048921,0.00173267718693587,0.000289927068115282,1.22147006436652e-05,0.000102568728128533,7.08913112158433e-05,0.000136350408595537,0.000111959577247086,0,0.00167331837611142,0.000147441793019294,0.000513001053282107,2.44294012873304e-05,0.00269352987874075,0.00123999563456506,0.00202581513596295
0.00141553774345026,0.000742205242055072,0.000653629397696553,4.63041011666088e-05,0.00284096419219015,0.000189655033126886,0.000457176872043064,0.00110225577306147,0.000193687682426201,0.00031431963933757,0.0011359620019163,0.000169144988439075,2.5850630536846e-05,0.0450979170625323,0.0351221047815876,0.000297449119230819,0.000485842928493632,0.000580130852168642,0.000507551355983196,0,0.000936926999061915,0.000301554042961006,0.000444791383109381,0.000939319183523279,0.000618849341754904,7.32371966447643e-05,8.16182101668624e-05,2.06592799870101e-05,0.000363778857289124,0.00719577296101717,0.00127746619733715,2.53328896100181e-05,0.000165745814171926,0.00863355844455067,2.04534706297628e-05,0.000142615745520577,0.0023600796364238,5.09246496834501e-05,0.000555511559592747,0.000153603004557152,0.000273383694335881,7.23706780657607e-05,0.0116773551326188,0.000597688438756432,0.000395839698124654,0.00173675418357815,0.312835677900906,0.000260050278535498,0.000287942564295114,0.00293613884272999,0.000613311681511319,0.000966688690100357,0,0.00106163022090777,3.21143090229327e-05,0.269817000839719,0.00067055104129375,1.52621200799269e-05,0.000829079106370086,3.05773012660205e-05,0.000150160819541995,0.00505935655761728,0.000969367729017427,1.99357297029349e-05,4.64691025629211e-05,4.75291773539404e-05,5.20865277595564e-05,9.93200909063463e-05,0.000298441233287561,0.000366865742937787,0.000286003870151049,0.000690347229006737,0.000373580619350743,8.6344880896037e-05,3.07831106232679e-05,0.00246050772490696,4.60452307031948e-05,0.000489617421427346,0.0012245499752489,2.01946001663488e-05,0.000471563871394386,0.219652148088541,0.000116412630163263,0.000361640993532948,0.000148180109611045,0.00047585211290235,0.000197740773798781,4.60918567419423e-05,0.00156931471815386,0.00799806490643899,5.19135054983584e-06,0.000897967765498267,0.00369184435295058,0.000146504273961998,0,0.000105181930634091,0.000136785188507662,0.00130093338133179,0.000458406374727153,0.000664296665864735,5.53559609155218e-05,0.000242657270570825,0.00215102515559293,0.000329609697243593,0.00161454591623984,0.00403125439452147,0.000810556385205098,0.00203845495817504,0.00329183007699448,0.000119029991951964,0.000868569943682327,0.000888517534231536,4.10596895106063e-05,0.00891119073363849,0.000410785363030037,6.76075183028973e-05,7.0601508922971e-05,0.000427178669307583,0.000276414622916103,0.00124322090332127
0.000168940666677277,0,0.00171695731769279,0,6.06112107425657e-05,0.050232570046194,0.000200491349187443,0.00552151622266214,0.0107011573500216,0.0077479534997884,0.00142494652915544,0.000183090511045622,0.00654803327294284,0.000222102436327336,0.000266557886066964,0.000113772980392625,0.000333694687714565,0.000372706612996279,0.00128170918182571,0,0.00256178309349923,0.00724524438490255,3.03056053712828e-05,0.000273083476971999,0.0441935144237204,8.3467375021342e-05,0,0.000333361659084111,0,3.90119252817142e-05,0.000121222421485131,0.00362195226276443,0.00386643142015948,0.132932453481674,0.00804124403289682,0.00358635913638007,0.00629897322006732,0.000105066660482193,0.000119216504850538,0.000981804914021917,0.00160483804757586,0,0.000625102853015856,0,0.00318966929875654,8.3467375021342e-05,0.0010898367463633,0.000117035775845143,0.00187868715847568,0.000232989485243163,0,0.000535232698312005,0,0.00043457470255677,0.00105314717023548,0.00395564953209629,0.0060964055129735,0.00357964693142519,0.00181282641337445,0.000408455742825476,0.000335875416719961,0.000216833724240225,0.00411010216254018,0.00126529120226657,0.00618503059053847,0,0.000234071551690285,0.00103916513099101,7.47610551109106e-05,0,0,0.000333361659084111,3.03056053712828e-05,3.03056053712828e-05,0,0.0333767050447213,0.00487301100890937,7.47610551109106e-05,0.000816245428390044,0.00084688406239178,0.00475430713949219,4.44554497396278e-05,0.121703840739829,0.00145300059544708,0,0,0.238282129291358,0.045334582996408,0.000741226580352569,0.000702365864083575,0.0020306190240368,0.000312095402253713,0.000756316871019538,0.000806234654143051,0.00157144704074016,0.000264377157061568,0.00372779156442138,0.00408965354078588,0.032271858037827,0.00288748509408291,0.000165677871224759,0.000578629684962594,0.10059573267823,0.000561403659191576,0.0119091587765908,0.00161676475065476,0,0.000403936068555033,0.000156047701126857,0,0.000351107327535428,0,0,0.000417249468921308,0.00058828345841858,3.03056053712828e-05,0,0.00237293299427886,0.0324690331152038,0.00397836628904138
0.000995287333251966,0.000140007176363804,0.0570485168888742,6.56204171679106e-05,0.00153668130949776,0.000346891502287711,0.00066569300000031,0.00473487221074527,0.0025338665325074,0.00118903496116741,0.164316157137037,7.54216029818306e-05,0.000151214603294178,0.00030946112809429,0.00343241427555577,4.62632255293871e-05,0.000133989790275995,0.000175819825591702,0.00172242111650264,0,0.000496328395542551,0.00105646463273145,0.00502457289126766,0.00114217446439288,0.00345233680824422,0.000353965476047992,0.000616280831982088,0,7.54278553817918e-05,0.00119117995472977,0.000351303668209919,8.3996769528558e-05,0.000539784603722964,0.208194436714042,0.000107108765984976,0.000926110159614549,0.0392188998108059,1.58435815015729e-05,0.000242317225378592,0.0223882497447157,0.00144390404651688,8.87426513326624e-05,0.00112715927815791,0.000887204600856247,0.000718040120925489,2.37591198523982e-05,0.00616996135174591,0.000486372617946385,0.00100839758981327,0.000844824425936324,5.47968923679754e-05,0.000666429375212529,0,0.000150859696071956,0.000144188934188206,0.0246628761548478,0.0708356986462294,0.00103265809486866,0.00543356967328252,0.00023593891830982,0.000849015299855327,0.000304990423480842,0.00531429383242962,0.000543310694795715,0.00024499136729633,3.16809106031847e-05,0.000226847928766297,5.35418781925659e-05,0.0240134865851299,6.81366979186906e-05,0.000173482215522255,5.48031447679365e-05,0.000450959648704965,0.000165705948187358,1.52129482138876e-05,0.0174421133247743,0.000565786306711049,0.00630580247287758,0.000702911723295809,6.75060646310053e-05,0.000865624111964007,0.000681192627911653,0.000333271985363161,0.195232533269745,0.000147327328735122,9.37979553424781e-05,0.00326019843353099,0.000185627263805583,0.000271518200288786,0.00905090636193681,0.000168605415144918,0.000426549416476811,0.00147276121102157,0.000633052035769502,1.58435815015729e-05,0.000197452819223721,0.000555678204424227,0.00226881161942579,0.0017260642133655,0.0095916692569837,1.58435815015729e-05,0.00244574912117085,0.00175247194052511,0.00275449981435352,0.0102810868638089,0.00922746115475753,0.000306776963245316,0.00139566670922418,0.00508674811673636,0.000202499436693132,4.62444683295036e-05,0.000134375243574364,7.92179075078647e-06,0.00701890947409784,0.00798161889212929,0.000996828123959599,0,0.00154928567053701,0.000799403938010862,0.0221117453894641
0.0428284503621375,0.0119936101553534,0.000220918531670835,3.52427251059286e-05,0.283858480644009,4.77268252218218e-05,0.000384563573325341,0.000234104496863519,7.73351334612853e-05,9.54536504436436e-05,0.00122951814327235,0,0,0.000705757828467405,0.00417388113291694,0.0013744012916241,5.55643185793268e-05,0.000211521338142682,0.000168467114682092,0,0.000247576407087489,3.28056935892914e-05,0.00187821369112153,0.000742729221262468,0.000363566109777995,0.000464673673340237,0.00374035272235933,0.000132899452040612,0.0265764688158731,0.00599460362587333,0.00523455848334132,0,5.8001350095964e-05,0.0048453548020083,3.86675667306426e-05,0.000576263721799374,0.00089621021680492,0,0.000272827302975206,0.00064913421352218,1.68967518486842e-05,3.86675667306426e-05,0.00381071794568303,0.0230275725388361,1.59089417406073e-05,5.21394769546128e-05,0.0160557290229173,0,0,0.030583611501797,0.000116002700191928,0.000333372913974539,0,0.00247074703532598,0.000388287357482762,0.0133804305595863,0.0005722734888628,0.000498480174539027,6.75870073947367e-05,3.52427251059286e-05,0.000151544367830564,0.00341135996636403,0.00453566658500012,0,6.65991972866598e-05,0,1.68967518486842e-05,1.93337833653213e-05,0.000437788341648696,0.000195761867668428,0.00220536405129026,0.000128025389007338,0.000194098187486404,0.00103018846146356,0,0.00177669995563985,0,0.00193066835748563,0.000105728175317786,0,0,0.000633959630611919,0,0.000118738674241273,0.260067031949096,0.0253690919162732,0.00014956874761441,0,0.000756812014053275,0.00222263123192947,3.18178834812145e-05,0.0013139336656333,0.000460371500369534,0.000332762031407702,1.93337833653213e-05,0,0.00101725594754861,0.000408582955953317,0.000255361910439306,0.00791802262694081,0,0.000303777603236497,6.3635766962429e-05,0.00787999843653055,0.000158205587309372,0.00273226651206399,0.00352274205480041,0.000100204237213408,0.0185608804445075,0.000333457397733782,0.000160831082596629,1.68967518486842e-05,1.93337833653213e-05,0.153278166283385,0.00053352468774827,0.000721390573302793,0.000165718143131326,0.00129142524254564,0.000662508642485485,0.00031046481771815
0.0185142544952383,0.0446754905543385,0.00105440318470168,3.35773718895061e-05,0.278745397470154,5.48325364355352e-05,0.000100426807878319,0.000644892642882243,6.35664757977635e-05,3.05997194886554e-05,0.0022691163901373,0,3.65550242903568e-05,0.000279520933458406,0.00307477337601708,0.00148858081863979,9.17991584659663e-05,0.000989064175991082,0.000296680954779309,0,9.71438476872696e-05,3.32720640993071e-05,0.00209296672489397,0.000917853986265059,0.000465473404599778,5.15495762444855e-05,0.00578692615614648,0.000122398877954622,0.0365767961316946,0.00245686569288132,0.00301996361119422,0,3.65550242903568e-05,0.00665958415555625,0,0.000255885170032497,0.00357717755333445,9.08832350953693e-05,0.00021358742084019,0.000754405041676578,6.71547437790122e-05,0.00015898221708036,0.00183005041413231,0.00325499838630057,3.35773718895061e-05,0.000889241014301511,0.0058915083830696,1.52998597443277e-05,4.52889636525851e-05,0.00649759749831678,0.00027051000114136,0.000422256502975105,6.05888233969129e-05,0.00375622851039502,0,0.020577055890178,0.00221706630931872,9.13875607258919e-05,0.000611188496682269,1.82775121451784e-05,0.000216181790336348,0.00125505710316958,0.000647103090388566,0,5.48325364355352e-05,0,2.99891039082574e-05,0,0.000784948945487125,0.000109015809457632,0.00257315140527704,0.000106488402629896,0.000152387981862879,0.00248054323902106,6.08941311871119e-05,0.00179781654720923,0,0.000844232010304243,0.000136782814328352,0,1.52998597443277e-05,0.000163687975885884,0,0.000575027767742678,0.0813101531210891,0.250666257287758,0.000265641322715198,0,0.000902122723868477,0.000946908814968336,3.02944116984564e-05,0.00147015672727196,0.000604494981269835,0,0,4.82666160534358e-05,8.21492957331409e-05,0.000158542304504904,9.13875607258919e-05,0.00367246256470591,0,0.000345958771707145,0.000616980747319092,0.00605564227220406,0.000173643146408908,0.00116715215283299,0.00574515731381741,6.05888233969129e-05,0.00531694329951506,0.000249730847390472,0.000193198519385645,2.99891039082574e-05,0,0.16241531109907,0.000466179297683979,0.000960792845489839,1.49945519541287e-05,0.00037354219096191,0.00010966507287107,0.00109117347304938
0.000109342414005986,0.000623885661089245,0.001103275091633,6.27888620841461e-06,0.000387227775283347,0.0317353925177133,0.000331571456244076,0.00495918107590833,0.0164462576257252,0.00469047462322564,0.00198788978470065,0.000326725740547984,0.00315351889883658,4.9776283624004e-05,0.000753011190388313,6.27888620841461e-06,0.000223921639695445,0.00027860403440652,0.00223935431205997,0,0.000418805120159858,0.00717347785854923,0.000132208887070859,0.000233697136160286,0.0681353386527731,0.000373708774354446,0.000272491854630206,2.9796574285575e-05,5.58705281249672e-05,0.00051668211359253,2.26818313574211e-05,0.000572646301783855,0.00636416549417958,0.219021032421807,0.00995500646918322,0.00327431831487336,0.00668631389817352,0,0.000348780572497215,0.0010690058948898,0.00230230701051759,0.000200016603691843,0.000456219230864833,5.44302948867529e-06,0.00148653742669243,5.47995783016558e-06,0.00138456679073835,0.000358862480558357,0.0033306971507079,0.000115047554787401,0.000712431029788299,0.000321049475064937,0,0.000472580306027445,0.000340951613501984,0.00960488339625192,0.0119263150865336,0.0017610157804826,0.00302931547524197,0.000707654589764815,0.00105600760496017,0.000121289512654326,0.00306496088550824,0.000715062187392102,0.00196849167691108,8.44484392212697e-05,0.000662626878104424,0.000987941918949901,0.000589057536450708,7.88207680251429e-05,5.87572918514107e-05,0.000232194712184521,0.00034155052000895,0.000552865709240368,1.17588440385802e-05,0.0408265723691714,0.00196222743923316,0.000650317186922202,0.00107864955415719,0.000608432751033299,0.00614877905011084,0.000155580718891259,0.0141770534043879,0.0010412717473989,1.80377302469948e-05,4.00350311529454e-05,0.341625087009761,0.00842229677877768,0.000159145614503064,0.00135974151757221,0.00501846176902916,0.000368802697109911,0.000551028279051471,0.000320309979680531,0.000337188451812003,0.000448326724257846,0.00253762900470227,0.00600671863275947,0.0356630868983393,0.00218955757802559,0.00033124458810344,0.00122065354352046,0.0412688536007945,0.000276671121307634,0.0168272023464572,0.00278303308715961,0.000176655593657097,0.000147128373390146,0.000846283255235263,5.47995783016558e-06,0.000364739668547194,5.70117217289514e-05,0,0.00348481510526911,0.000382981742568923,0.000382573791940691,3.51657470912697e-05,0.00176554511774382,0.0104965017705605,0.00431791687901998
0.000288441115795877,7.30330106070315e-05,0.000356891509945959,0,0.000115592814876588,0.0100354825628412,1.38787081715576e-05,0.0018305320835074,0.00236632626677606,0.0313933753076958,0.000947038826200774,0.000110840405713284,0.0153844611465423,1.38787081715576e-05,0.000991693617147602,0,0.000217433094687736,0,0.00090582012155996,0,0.000275897372018481,0.0291633595960699,0,0,0.0155471028219025,0.000556826534464824,9.51143380319596e-05,1.38787081715576e-05,1.75181779208011e-05,0,1.4802387926441e-05,0.0194114828516629,0.00212738017987361,0.076598238164898,0.0101704687386932,0.0208853178922696,0.00230715716640728,0,5.82858719508806e-05,0.000244930327535847,0.000736563760485828,1.75181779208011e-05,1.4802387926441e-05,0,0.00579096117233301,0,0.000536059929090493,0.00076221656625429,0.00036349127861903,2.77574163431152e-05,0,0.00178530229923323,0,0,0.00024042242730201,0.00629362539735418,0.00597227736308802,0.0368216410119657,0.00110427902483733,0.00349271126002705,0.000322301445670361,1.38787081715576e-05,0.0045751710216441,0.00551031348149032,0.00352659112474571,0.00045600032519721,0.00142761882829027,0.000410472384721058,0.00058416181188935,1.75181779208011e-05,1.38787081715576e-05,0,0.000159605143972912,5.55148326862303e-05,0,0.0114777287980227,0.0180616740650745,8.87590782883559e-05,0,0.00215435741615647,0.00333066272880766,0.000287272927111527,0.0126514960662031,0.000350982541768359,0,1.75181779208011e-05,0.0397084442241599,0.354823187718777,0.000447926073012701,0.000255169565958161,0.000397426324716626,0,0.0004768312641816,3.13968860923587e-05,0.00045088507128109,0.000123159882904778,0.00761937357457596,0.0229151632476909,0.0141507047492806,0.000683882278226565,0.000104718025229093,0.000327089637151132,0.121096408494362,0.000334332794332151,0.00355290220152185,0.00295722317148464,1.38787081715576e-05,2.9604775852882e-05,0.000162471259720804,0,0,0.000188519119330324,0,0.00046451458482859,0.000115648064146878,6.10016619452408e-05,0,0.000649252386738015,0.0547102075014172,0.0011630890561655
0.000336266113589519,0.000968082161814475,0.000272348821381732,0.000237678243960571,0.00121834452416079,4.72149812270202e-05,0.000100965847761514,0.000995123241527888,0.000652450922845616,0.000351285306344111,0.00102006588771568,1.57741428559854e-05,0.000438493197904918,0.000942835409636923,0.00157745605791306,0.00865384714370897,0.00582246731184448,0.00382895732064602,0.000139150971930444,5.91898876384845e-05,0.000216434214483087,0.000106502231147527,0.000158010351831511,0.026968052577872,0.000312645834566953,7.55911449609881e-05,6.36850898083625e-05,0.000883513893262664,0.000600769034555382,0.20423291111732,0.000927613892935535,0,1.97889561279403e-05,0.00570024547747503,7.88707142799271e-06,0.000437722379194681,0.000913851614387389,0.000126193824993445,6.83371898510872e-05,2.75946649390606e-05,0.000100264244480943,0.000949278452096404,0.00305692732338058,3.1479434453132e-05,0.000126088121806067,0.00144776406306325,0.004137900803649,9.06818334496502e-05,9.86596704078674e-05,0.00019768287945937,0.0154015851305309,0.000225429676667309,6.31090827819753e-05,0.108769699130691,0,0.00825854857826212,0.000576951378836036,3.54918214259672e-05,0.000745658798553314,2.41683700515266e-05,0.000130213957845879,5.55872070313707e-05,0.000587148849413293,0.000134080214275876,0.000201627477181362,0.000150507715247044,5.56377194457448e-05,1.97461895931652e-05,5.14596422785424e-05,0.00239883145168683,0.0314519332097475,0.00486735184926446,0.00440649757124147,3.15667116762404e-05,0.0329612493062519,0.00114720401883627,1.18062665714835e-05,0.000244933476367323,0.00531743574344113,0,7.10834314330764e-05,0.000443466577585856,5.5850346753098e-05,9.48200937276909e-05,0.000138326096134463,0.000154173942847526,0.000102489844174692,0.000493734822261895,0.385184316674195,0.000730152284097534,3.95779122558807e-06,0.0304755206362456,0.000242090339360018,0,3.9191951434908e-06,0,0.000469866869919162,0.000149739251031131,0.000356551981501493,0.000354494888080762,3.94353571399635e-06,0.0001985386362134,0.000402180070586445,0.000130798900803379,0.000380275768016181,0.000305908509691683,0.00239682463492977,4.80873326719569e-05,0.000187881054563241,0.0133740453274487,0.00223386017810925,0,0.00313549596454989,0.0518172889629481,8.68107244214136e-05,4.36081301672286e-05,0.00602890588007632,0.000185657460633531,0.000920627483625218,0.000507170950120258
0.00349666764467612,0.000688370780828469,0.0070272668108572,7.38450849137096e-06,0.00334281332290928,0.000239712038663601,0.000278859483522957,0.00215553099441174,0.000622304445831808,0.000469939667978845,0.00875026049119764,3.91919230694729e-05,0.000174813969600788,0.00191469461259641,0.107352526185909,0.000111066401502428,0.000292853437790441,0.00069961572500201,0.000759349332755793,0,0.000797072787473627,0.000788344983693409,0.000957346808733489,0.000766099930091065,0.00110096931530012,3.75584861759844e-05,0.000360456281019117,8.47622900942402e-05,0.000613240859378253,0.00235498288840592,0.00141151815384292,5.75406367988921e-05,0.000137308466515844,0.0349840069429598,0.00013311594083925,0.000316129231449929,0.00613204920808677,2.67406183164112e-05,0.000387541383515861,0.000435747431803647,0.000339642186121998,0.000330304965074554,0.00532929149573998,0.00204765497094276,0.000227343317734075,9.93455434932895e-05,0.086748753506371,0.000242365313041572,7.94558354070371e-05,0.00323637617237473,0.000399733674392404,0.00124620456530391,0.000117648908812309,0.000215797547250631,5.00572855862229e-05,0.276935962630455,0.00257720296224934,0.000229734308181688,0.00137099751215249,0.000112861600369914,0.00054773202667329,0.0116693436956489,0.0021065521953418,6.65860034290723e-05,0.000233058201288836,2.36243551236189e-05,0.000193141278358806,3.44234063399864e-05,0.00177972157607669,0.000184689462656074,0.000146018262687634,0.000337675927647847,0.000722114825560284,0.000697427008996478,0.000135362214972754,0.00398180992247771,9.66551221184674e-05,0.0300851051370608,0.000631789280641385,0.000122585309163359,0.000581009476007172,0.00268527414399822,0.000119573410366126,0.00228102540386526,0.000192250210068145,9.19679297862205e-05,0.000522069458107032,0.000155835615273335,0.00045912957906641,0.266297970809428,2.53986077213216e-05,0.00106612809935892,0.00533786007934577,0.000126927942524379,7.25335452513974e-05,0.000204344708251048,0.000460579951393337,0.000468036284549252,0.000774364300317398,0.00349248808192149,2.53091733216262e-05,0.00109072018772352,0.00207556344900965,0.00191835321161412,0.00235312980265579,0.00976013474056937,0.00067579277833747,0.0157048346875198,0.0151542698830473,2.80826289115008e-05,0.000418741543356549,0.000150841168858599,2.59745987742148e-05,0.0142099482295849,0.0177154240589546,0.000823196452889037,2.54880421210169e-05,0.00121874378973321,0.000412869489822084,0.00475991051118617
0.000102738761998874,0,0.00181147647964682,0,0.0003921174435618,0.0221415528752851,0.000263933441732811,0.00284104051655227,0.123259736282231,0.00159868217552414,0.00388183295454424,0.00281795691342753,0.000952604677629626,0.000211359318797383,0.000576606358302756,2.72846702879458e-05,2.53413817083597e-05,0.000495788657527334,0.00833415074570359,0,0.000731401118883783,0.00214466205046404,0.000183906155279994,2.72846702879458e-05,0.028344456148245,0.000678554705979025,0.000233332247699844,0,2.53413817083597e-05,0.000512204010660367,0,5.13693809994368e-05,0.00122065782485874,0.225433036107965,0.0388540549592521,0.00287358487640109,0.00863249176321715,0,0.000397732503451218,0.00245660765327236,0.0030051865286037,0.000106625339158046,8.05973398669687e-05,7.86540512873826e-05,0.00166930342718879,0,0.00160041897549759,0.00028138510495426,0.0730939035255859,0.000286126792925594,0.000602867485930965,0.000575751308872463,0,0.000265527099188568,5.45693405758916e-05,0.0105287992436664,0.0156003231772449,0.000763194410187799,0.0030470725643514,0.000313476098321228,0.000314162715903945,0.000130191925516263,0.00329931245319707,0.00041747153131697,0.000567392571527199,0.000103425379581591,0.000105938721575328,0.00144094725412572,0.000873258392318545,0.000130930472159858,2.53413817083597e-05,7.80839978732313e-05,0.000236765335613431,2.60279992910771e-05,0.000728783980150159,0.0293462635803654,0.000790375222353989,0.00018402271944856,0.000416447988657234,5.13693809994368e-05,0.0423252760825194,5.33126695790229e-05,0.00194469011179298,0.00258013694523789,2.53413817083597e-05,0.000177389671958518,0.080765890856751,0.000759488970923013,0.000575349748687755,0.0025798999191521,0.115706778092714,0.00025879019357677,0.000314162715903945,0.000423754886301314,0.000107195392572197,0.0073424178276119,0.000947507742093481,0.00243656966501534,0.00511973472638092,0.00236420025773155,0.00907672281224483,0.0015611208300231,0.0191908907557295,0.0008328185747781,0.048404097626696,0.00657663703100667,0,0.0004485781436564,0.000155364813995179,0,5.33126695790229e-05,0.000705839376266971,0,0.00131720714613231,0.000679461684470195,0.000481698296124085,0,0.00098030631495131,0.00162767986031143,0.00734520017564499
0.000258388891259625,0.0012553513292002,0.000316366639950863,0.000236878184355312,0.00270192119749236,0.000111554442966385,4.70877105255307e-05,0.000680197725011429,3.61107757977592e-05,0.000147673833218381,0.000357862394892581,6.13636290168032e-06,6.01735075262401e-06,0.00754383525700207,0.00352902147872001,0.020436028701621,0.00255398447290292,0.00284439974303065,0.000285354619560236,6.13636290168032e-06,0.000175021191286634,5.13532354523858e-05,2.95079070666145e-05,0.00558515076120004,0.000215520155322209,3.00867537631201e-05,0.000279190488561933,0.000645694788950486,0.000762506803083226,0.388721319534205,0.00241502568299952,0,6.04182031063679e-05,0.00658532209482091,0,4.17710901032143e-05,0.000480791285454285,0.000108451339542334,0.000222621029667846,1.18033484891505e-05,0.000161589843777739,0.000438193868136866,0.0248146246921502,8.94471900920114e-05,6.58567071624864e-05,0.00839451766841614,0.00852541110921842,0.000197382769055072,2.4426439457665e-05,0.0007098531270905,0.0138013588434247,0.000191999575228814,2.97430598799814e-05,0.0135366416182223,2.38409214791443e-05,0.0128283589227337,0.000524593902473445,0,0.00056937310182156,6.01735075262401e-06,0.000113416666486973,0.000601646080872076,0.00032470746588744,0,2.97459313647272e-05,0,5.79647186377677e-05,5.41694993376464e-05,4.20186571680878e-05,0.00125796062586476,0.004614315000406,0.00265935885379386,0.00254343406466605,0.000103772852136485,0.0156089251982495,0.000675858667723334,1.16843363400942e-05,6.02991909573115e-05,0.00331216136428853,0,5.40504871885901e-05,0.00135879559689697,7.97727177218442e-05,6.70239433222583e-05,0.00011697191831676,9.59472607228758e-05,0.00127524298512192,0,0.0387796247686571,0.00157877377518426,6.01735075262401e-06,0.302512334416954,0.000630078144466718,2.98554007470226e-05,0,6.13636290168032e-06,7.78751946189584e-05,5.74924698388119e-05,0.000254797708805748,0.000463717572809309,6.01735075262401e-06,4.28355281627059e-05,0.000121824904394357,0.000265678368079889,0.000318621050865552,0.000225434743798076,0.00295203530696456,0.000100464239059049,0.000120092309538993,0.00121640132685837,0.00199757749215381,4.80264651539509e-05,0.00264871511120213,0.0705510007765314,0.000284402671003151,0.00139112519510929,0.00227411318544876,0.000280791951088983,6.50484506221055e-05,0.000858752446292123
0.000579906609867187,0.000331580601058055,0.00172284880340744,3.37943981236707e-05,0.00170976410900816,0.000121537536329892,0.000540755556270503,0.00706361586528912,0.0003289215432729,0.000570723287223507,0.00226251678528359,3.16231543473476e-05,6.37287591688948e-05,0.0013862129195916,0.0188215489015964,0.000113956679777067,0.000100443494123797,0.0011926635954419,0.00151900252955148,1.63776912906611e-05,0.00606025182155577,0.000394942237625638,0.000224426382256362,0.000775777951984722,0.000758005541829263,6.10627178258252e-05,0.000204292029157322,2.21904562216337e-05,0.000589994004015202,0.00381784852565958,0.000832309875311217,7.72200868220509e-06,9.7786200862856e-05,0.0273049867596477,0.000511890871773301,0.000347195621218953,0.00893801884769272,4.96059752973445e-05,0.00133172421243269,0.000307970320514644,0.000487916582264067,0.000133444257815208,0.0025962301534208,0.000177509734311421,0.000409550156463081,0.000100812770290298,0.00906194402285007,0.00014971253291218,3.84410379094856e-05,0.00101810362711327,0.000674315769654959,0.0181860376683775,1.35487989216891e-05,0.000952004632870328,7.58734863320608e-05,0.557185433057708,0.00168322916750303,0.000139591073813434,0.00287207559164327,5.22883964641288e-05,0.000295682007590999,0.000631550880236239,0.00157467568296103,4.20475667356224e-05,9.06186455300359e-05,4.96647710487887e-05,2.29473819681445e-05,8.28934850710692e-05,0.000505763281809475,0.00020987605281642,8.93150091123404e-05,0.000259484680784739,0.000600792309843381,3.32779225836143e-05,2.73039329705741e-05,0.00439680269849218,9.49509458758768e-05,0.000523378890362708,0.000539215369863845,9.84189752436078e-06,0.000311744562180128,0.00107549893043776,0.000123273464615857,0.000811151003840361,4.44368336505094e-05,7.28833692810211e-05,0.000477438915942183,8.43390163921722e-05,0.000292148827046171,0.00432373923571495,0.000138346653137075,0.000322378835038875,0.224604315554947,0.001133424781906,2.12490014759106e-05,6.76457265636634e-05,0.0001351767533867,0.000449536889250691,0.000775570192553457,0.0020476617830356,3.72477012552874e-05,0.000258249666399886,0.000955812555894321,0.00149134205131712,0.00155098424302177,0.0322479345546342,0.000629469271064335,0.00426833995603537,0.000952594772937325,4.39372579631666e-05,0.00026158016989242,0.00853204310292532,1.18102770292329e-05,0.00891947448630912,0.000290399670713253,0.000364588514603326,9.950319756504e-05,0.000898820044670692,0.000632880061062467,0.00300335700090303
0.000209477317395306,1.42315156544055e-05,0.00647643409103647,0,7.87887231207281e-05,0.000616393022244599,0.000864127037497957,0.141361558397031,0.00268596779873296,0.000359759160813135,0.00192363224132722,0.000544710477934663,0.000554256541423343,0.000178489116370721,0.00249784009082759,0,6.21729584898113e-05,0.000250202941076238,0.0143078010474149,0,0.049662902015068,0.000479156734843309,4.65101193875668e-05,0.000277361304820866,0.00241861210138288,0.000364993726984547,0.000103992428438679,0,0.000879126436411637,0.000487366338938447,4.60336566232306e-05,3.22786037331613e-05,0.000142393005058378,0.0768378484470014,0.000214106829763896,0.000662590323853817,0.112691083687664,0,0.0194659513549146,0.000378026953300308,0.0848819196329226,2.84630313088109e-05,0.000493875107807997,0,0.000210765784949051,1.61393018665807e-05,0.00120492949070426,0.000683032152212772,0.00673204330180773,0.000378282711656227,1.42315156544055e-05,0.0159833953159551,0,0.000161290510749929,2.9648990946678e-05,0.0310335300775126,0.00481902253728365,6.55120681498255e-05,0.0584843850935356,0.000687560483628796,0.000330330874274874,9.49280249873088e-05,0.00287990332096067,0.00024270884665714,0.000123855189359679,6.26494212541475e-05,0.000296824635962318,7.49731506963777e-05,0.000967690386820578,7.87887231207281e-05,0.000172763822579365,0.000173445909366975,0.00024892486806844,8.62455243417361e-05,0.000139053895398364,0.00875743289538948,0.000270078031698015,0.000318728971406952,0.000273872510934713,1.61393018665807e-05,0.000766251080577084,0.000713589643062228,4.8417905599742e-05,0.0016975931639433,0,1.42315156544055e-05,0.00287190730266868,4.46023331753916e-05,0.000200828239638163,0.00248146663522652,0.000971210364344571,4.60336566232306e-05,0.0096019200188677,0.203439610894975,0.00010796125130307,0.0039535651499524,0.000487895990815553,0.000843063139796206,0.00181627655526075,0.00201117865968122,9.73142091186506e-05,0.00121598167137498,0.00303093348875145,0.000462876512237465,0.0661052265697274,0.0147686519778012,0.000283728641517376,0.000804793089369823,0.000643861757178969,3.22786037331613e-05,0.000119563154170992,0.0047411186775317,0,0.00210736224076762,0.000551733306862398,1.75706253144197e-05,0,0.00256202446307075,0.0013921523616785,0.0092516831882515
0.000450347053923505,0,0.000479057741777857,0,0.000268768549018054,0.00113179025141456,0.00191621022239477,0.0012997187327592,0.00203248435926157,0.00343405965081041,0.00139927262799983,0.000227403584002463,0.0766677429717159,0.000105030500438284,0,0,0,0,0.000117912969482758,0,0,0.00260862737499778,0.000290571246225369,0,0.0290069016635085,0.0455727196188698,0,0,0,0.000164235921779556,0,0.00109415933539736,0.0215778867128949,0.105104911736935,0.000214521114957988,0.00386523858654213,0.00412056455916595,0,0,0.00122785903425668,0.00094597982431092,0,5.02851931784318e-05,0,0.000576682378369318,0,0.000222673788604491,0.000675738400410164,0,5.02851931784318e-05,0.00562356077045463,0,0,0,0.0358635698815342,0.0119566530847549,0.0041746252907761,0.00142530724740533,0.000867253624594687,0.00361061793428468,0.00509884390731302,0,0.192906759033209,0.000537765289919343,0.0876444363862745,0.00306322709583613,0.00132450866916523,0.000117912969482758,0.000668830409763128,0.000104760819121733,0,0.000209521638243466,0,0.00042408424263477,0,0.0609263200563343,0.00208695998520487,0,0.000209521638243466,0,0.000816968431416255,0,0.000610122861621641,0.000446384813041871,0.000104760819121733,0,0.00656947836061557,0.00702633925556962,0,0.000697001734984378,0.000345316553485221,0,0.000450347053923505,0,0.105222098641335,5.47453072598522e-05,0.0444713411220755,0.00441072091105817,0.0413782831236855,0.00848268059909497,0.000235825938965517,0.00497508092773277,0.00448818168305828,0.000491442337622546,0.00437506074312346,0.00262047260820937,0,0.000290571246225369,0.000105030500438284,0,0,5.02851931784318e-05,0,0.00167793640686364,5.02851931784318e-05,0.00179371267053065,5.47453072598522e-05,0.00843559009228183,0.022145794076118,0.00137871461379198
0,5.16003367795636e-05,0.000582224113233133,0,0.000323017050666817,0.000837142461432258,0.000219429566505905,0.124742428520655,0.00898032292289862,0.000883184518124944,0.00093081570604478,0.0169345640369227,0.000835370739546339,0.000287016237876414,0.000926882393628024,1.37815810554615e-05,1.37111823541565e-05,0.000481187164464113,0.240991252964357,0,0.00140098923259935,0.00218492410074841,0.000243648567322531,9.08055328093653e-05,0.00135634970279344,0.000112702905504495,0.00030353511793723,0,0.000561793454475959,0.000190831702758879,0.000114772308776701,6.87671078746975e-05,6.22076690623396e-05,0.0294315543467071,0.00290237500876817,0.000181540412080498,0.00181611849242284,0.000205396525111936,0.00270938980655091,0.000314614217082597,0.0709308252108251,0.00341941820679308,0.00188019144037821,0,0.000542852413125629,0.000387564568690991,0.00307334402057271,2.41075733699456e-05,0.0679297255798615,0.000287232626282732,0,0.000897304904875917,0,4.62865408702954e-05,8.96300337706527e-05,0.00559143504013069,0.00242795567601412,6.66275607381148e-05,0.152116212295673,9.19103783098452e-05,0.00018382075661969,0.00013200947857314,0.00482732304466601,0.000248068458998306,0.000263069721444838,0,7.57783088508141e-05,0.00142364719796012,0.000231795337299738,0,0,0,0.00135602086759272,0.000130462236165998,0,0.0114694229927484,2.52828175717304e-05,0.000170039175564229,6.42768174976173e-05,0,0.0181263055531934,0.000290315961981425,0.000210851118423814,0.00046706448418079,0,0,0.00387668819292693,0.000238243093828487,0.000115806755575876,0.000846066946207686,0.00192595292161339,0.000130180896197706,0.000845178234276597,0.00301519641344409,7.46732085134063e-05,0.145181793781466,0.000648898404692883,0.000718206403946837,0.00108257262557166,0.00799733910339913,0.00196283562944706,0.00113115406854065,0.00357669193169683,0.00127037581442594,0.0253106487904347,0.00108174962971333,6.53115191337201e-05,0.000329244245834555,0.000443791565458624,0,6.31015732958325e-05,0.00015839714164535,0,0.0019514386849435,0.000175734334935951,0.000322399039262285,0,0.00246982394979405,0.000501609222474973,0.000704469769754517
0.000421066687734477,0.000375382892590223,0.000416950871607749,3.53191698266014e-05,0.000953749144771446,0.00056740746234873,0.00653283442845127,0.00341128250763543,0.0016262383820464,0.00368505610474653,0.00323649483347247,0,0.0383748679540184,3.90767624646644e-05,0.000363836746854703,0.00107216283986468,4.39306855936182e-05,0.000277127512091446,0.00079659853156428,0,0.000239356599204648,0.00122461380876694,0.00067432778359046,0.000192075454361153,0.00850695544227684,0.0132654339183642,0.000368143615508719,0,0.000212593139211974,0.000219486010168824,5.54275871699732e-05,0.000193507026704607,0.00227313615591794,0.0682610122774705,0.000578519471659328,0.0302637156344979,0.00291104667018603,8.55570983392764e-06,0.000107343946486479,0.000656882268837741,0.000815381486002399,1.71114196678553e-05,0.000279554473655923,9.65204032481847e-06,0.000988137267787162,1.82077501587461e-05,0.000984381228170827,0.01099356928613,0.000335508355205748,0.000117858016719493,8.73369640887567e-05,0.000259996725934095,0,0.000159953030630542,0.000440874574803644,0.00349821586606085,0.00375448084019855,0.00656009381147835,0.00130165574553827,0.0896283319432512,0.006510348771951,0.000155546454896111,0.0452745605536661,0.0016588981770072,0.00287290132993154,0.0221680422722561,0.0448861254030964,9.65204032481847e-06,0.00126970869498644,8.55570983392764e-06,0.000314422115271231,2.19653427968091e-05,1.82077501587461e-05,0.000388635284674366,3.64155003174922e-05,0.017562193331715,0.00128464075206387,0.000131489886063169,5.46232504762383e-05,0.00234035182595337,0.000161598143461605,3.05210526307367e-05,0.000371120259343177,0.000391480950153149,3.42228393357106e-05,0.000115665355737712,0.00247472626989045,0.00323654525525407,0.000441031815682383,0.000286244068467446,1.09826713984046e-05,0.000172949868361122,0.000251832557561601,5.681591145802e-05,0.00264620837330242,0.000245510128969819,0.442639782840935,0.0306243091165992,0.0106199443061444,0.00910460497387296,2.89561209744554e-05,0.00138195744920452,0.00518978039980278,0.000935674013411856,0.00296637418516121,0.000863087983955877,0.00016635063164491,6.77985828564245e-05,0.00023213693545053,2.0634711723223e-05,2.80940910662598e-05,0.0003805379990853,8.55570983392764e-06,0.0049135832814303,0.000223523532402142,0.000416156958672434,6.84456786714211e-05,0.00642222052272198,0.0112585131884911,0.000852419953731087
0.000226600325138625,4.63716499824192e-05,0.000666203731561901,0.000151289276596328,0.000302008142973968,0.00067312142273963,0.000582589471495177,0.000800545956599465,0.000541049401583381,0.00866948861037192,0.000453856333821622,4.99649952963415e-05,0.00215799700872897,9.37359553910973e-05,0.000687569606276402,3.81646513732521e-05,5.5661097715232e-05,0.000180977336549417,0.00122466109708284,0,1.65387776572697e-05,0.0020624969295644,0.00022020762662295,6.45363010688534e-05,0.0044397343873837,0.00157084039051436,5.33195548312139e-05,5.8905780704622e-05,1.31472874926281e-05,0.000447210743404635,2.85483189750785e-05,0.000183498956923544,0.000235238766815742,0.039002462828915,0.000917628042048494,0.0956816377930562,0.0028013317023159,4.31269669930292e-06,4.32682875377832e-05,0.000122144948624613,0.000372126109624972,0.000168297785787183,0.000206842093683673,3.42153014893588e-05,0.00201052498900673,1.18700763879959e-05,0.000753163387349752,0.00214918725886195,0.000483244813693789,3.44428946048378e-05,0.00013591382227621,8.76485832841873e-06,1.31472874926281e-05,0.00013018859995271,0.000125420577834199,0.00532113622712175,0.00181663319819476,0.0229494354551289,0.00104985706786063,0.0120335353285001,0.000730819838005096,2.99723372549624e-05,0.00323661397240634,0.00816894139185644,0.000408820434745171,0.000421782465793047,0.0274715923164848,0.000103754560037641,0.000444047783690128,7.2110081675115e-05,2.13469438563565e-05,7.00342595683455e-05,0.000114440761760668,6.65735054185177e-05,4.38242916420937e-06,0.00630822589297613,0.00837222130571845,5.55641009606564e-05,0.000895066093827104,0.00723046179079973,0.000178301515839629,6.00767971942989e-05,0.000484098571563435,0.000369491710242085,0.000172619680346866,0.000111440072804326,0.00178986845249555,0.00298182775689302,7.944186305152e-05,0.00049007022190354,4.26241552478066e-05,9.86837257082469e-05,0.000109986744516611,3.84509234783166e-05,5.81646516600699e-05,0.00024554223812819,0.0121700849849865,0.672099408247816,0.00791820630429047,0.00336338702820701,1.22260809579668e-05,0.000231013400530915,0.00578233438774067,0.000153770752889879,0.00452818298342229,0.000800276564887105,1.27215504577507e-05,5.48502362057734e-05,0.000355869274179499,2.20681508566783e-05,6.01132593443478e-05,0,6.82431832431698e-05,0.0010041045839855,9.31011601497505e-05,0.000166481110684059,3.48096233586593e-05,0.000925324469852679,0.0022479047823387,0.00098124320692724
0.000275428437714462,2.82401554063078e-05,0.00177519598010818,0,0.000548133932631163,0.00892936020137488,0.000586981773548043,0.00293399020865274,0.0145851159010257,0.001108887804154,0.00278277896851232,0.00013302154281683,0.0100252148527961,0,0.00042208521497699,0,4.17791400804103e-05,2.82401554063078e-05,0.00179750141857861,0,0.000193897839131588,0.00223146826928377,0.000133602635845881,0.000152359169733981,0.0930157786598566,0.000495823153165203,1.35389846741025e-05,0,8.12339080446152e-05,0.000314783054015222,0.000251880487792045,0.000525644713889886,0.0450426061812331,0.209809705135888,0.00362682250661387,0.00413744132617866,0.00462850908883638,0,0.000148928831415128,0.00276069178673025,0.00152473577629024,0,0.000589303005514868,5.64803108126156e-05,0.000296070451935112,1.41200777031539e-05,0.00129267087037776,9.91249464128704e-05,0.00175081370786993,0.000317402097003874,5.79268993615114e-05,4.1198047051359e-05,0,0.000183264319602742,0.00103700668894101,0.00843245845581665,0.008707785167134,0.00157921708850661,0.001327054611573,0.00142414577547971,0.00105544208431774,0.000145113938942037,0.00809001780467191,0.000200588752025773,0.0129345657022923,0.000127803993602833,0.000738997651342905,0.000229552201706529,0.000626145567536735,0.000271360786511102,0,4.49690077164602e-05,2.76590623772564e-05,0.00161462691311327,1.41200777031539e-05,0.0826726267711667,0.00221667842194438,0.000391904121125145,0.000547654719745408,0.000151635875459533,0.00160935140158704,0.000117015984781126,0.00862958898788563,0.00259057211612864,0.000121850862066923,0.00010831187739282,0.158108562447197,0.00724368829372892,4.23602331094617e-05,0.00128055429184104,0.00324806076789836,0.000215133234428755,0.000269033744802026,0.000286755806793592,0.00186309533508776,0.000202402267495699,0.00535745155789558,0.00284205710583337,0.178274333340762,0.00263913586109737,0.000186779851944704,0.00168395407355263,0.0153783843045239,0.000535672410548564,0.011300318287915,0.00156568816721924,5.79268993615114e-05,0.000221399742623112,0.000508054610386426,0,0.000206184754465797,4.25024343548582e-05,0,0.000708757060046452,0.000526939328992605,0.000139160807406127,0,0.00241130277237289,0.0321559789894186,0.00292276681625581
0.00689386477908351,0.000406706422848724,0.00227472595406253,4.61558516064554e-05,0.00321416480947004,0.00014781232110801,0.00200153582310875,0.00272542746570299,0.000586275709845607,0.000457890067474746,0.0142350291030383,2.04879323855526e-05,0.000182218543392689,0.000107632450914586,0.000820106910942157,0.000119792565227075,6.14366407561106e-05,0.00034805266108407,0.00114863674401934,8.90494433585796e-06,7.40117749505767e-05,0.000419300553778094,0.0112239303055102,0.000512380343851753,0.00158367024928674,0.00172617334588192,0.0027026804125816,3.58485438360101e-05,0.00145361771231488,0.00106229260525313,0.000258285176301358,2.73565323180115e-05,0.00059060832161537,0.0547247940098248,0.000118346149673219,0.000609624862608047,0.00228002902460614,1.85332300814538e-05,8.61839693081127e-05,0.00880946618104737,0.000923281980227548,8.92366195111014e-05,0.000590781490219511,0.000739195461890829,0.000137435812191433,3.53215420038243e-05,0.00235529763429873,0.000787421431323479,0.000374480390381662,0.00054338157178656,0.000501730070258401,0.000373308427404072,1.08905214573818e-05,0.000388981895708831,0.00108006056666331,0.00939989060649332,0.0138411311858765,0.000214679775136514,0.00191424116318584,0.000386131404226272,0.00484598636687591,0.000430454703243623,0.0358587948441044,0.00016330333456596,0.000245648479902134,0.000356799367458101,0.000513929753295013,0.000103266343312407,0.0241650909047524,3.46601378041217e-05,0.000281129854663117,6.06411014545115e-05,0.00088044178083487,0.0177380323283764,5.12653671412185e-05,0.0297006544976233,0.00014164644844969,0.00134956672529452,0.00034233147896443,9.03031580613258e-05,0.000161234404301941,0.000110536344500984,4.86524445230546e-05,0.00287617056518536,0.00090836958185819,0.000430103787616419,0.000868443956996171,0.000123156628071514,0.000249575502915847,0.00166177698545578,7.76154922726081e-05,0.000247548054236581,0.000248077597103138,0.000223390213210106,9.58419529239027e-05,0.000120148109678229,0.00245874287860463,0.00119348809624172,0.000658151159232465,0.627222498641261,3.82733000590531e-05,0.0117117254756864,0.000898384370720392,0.0143478442002817,0.00263026189389391,0.00180167205661927,0.000769869730294708,0.000119116539512678,0.00374333292096853,5.70421998061538e-05,4.84410285900028e-05,2.27450432869422e-05,1.75705942316913e-05,0.0101163019383693,0.000505650696000694,0.0248140055356585,6.44321694227378e-05,0.010959944730234,0.00029899360115003,0.000886052047565394
0,0.0002190688416707,0.000418216134322745,9.13505974552552e-05,9.13505974552552e-05,0.00686320970531494,0,0.0154610237004951,0.0690947556846147,0.0038202003059163,0.000809593915839846,0.0439277539555921,0.000227291890541467,0,0.000127718244215444,0,0,0,0.0446163877405867,0,0.00072530963215105,0.000290497890107301,0,0.000456752987276276,0.0114995954810782,0.000398294585304091,0.00102174595372356,0,0.000438137683341399,0.000199147292652046,0,9.13505974552552e-05,0.000582302025298379,0.120127074354571,0.0646472705219457,0.00204308927969539,0.00492631054428258,0,0.000318642487996722,0.00032686553686749,0.00347318764356991,0,0.00018270119491051,0,0.00535177791260955,9.95736463260228e-05,9.13505974552552e-05,0,0.137395033699208,0.0002190688416707,9.13505974552552e-05,0.000583201708157286,0,0,0,0.00515528770082069,0.00403396547778901,0.00032686553686749,0.0264895932372219,0.000510872976861778,0,0,0.00214494360895383,9.13505974552552e-05,0.000725234877161316,0,0.000733532681021818,0.0113623112211588,0,0,0,0,0,0,0,0.025604537437973,0.000290497890107301,0.000199147292652046,0,0,0.147318222186592,9.95736463260228e-05,0.000629061927122677,0.00173614529184655,0,0,0.024798247168083,0.00147371724463894,0,0.00119843396217913,0.0396227662297581,0,0.000346787085886144,0.000383154732646333,0.00167791115484357,0.019079497010868,0.000255436488430889,0.00102866275751055,0.00318467010494504,0.000482728378972356,0.0673424620034945,0.000464976036147044,0.021466351701075,9.95736463260228e-05,0.0425673823247739,0.00153094415651708,9.95736463260228e-05,0.00040177003658121,0.000514463839351118,0,0,9.13505974552552e-05,0,0.00126163996174496,0,0,0,0.000529488280796654,0.000589293584075103,0.000710020269513824
0.00188355078066271,0.000149303511074897,0.00251215634015955,2.28545234729946e-05,0.000869716232369118,0.000647248393433529,0.00192234721425808,0.00465574994156215,0.00194161914773102,0.000940985590978916,0.0348669410509069,2.26688330937994e-05,0.00076961778604099,0.00019485514131627,0.00101136778871289,0.000292860445065029,4.47144669345139e-05,7.04331681782383e-05,0.000858041942521097,1.09299717307596e-05,0.000228650401179688,0.000755391282534457,0.00274913366051092,0.000308542413869078,0.00655832231706976,0.00516562348914422,0.000572073603691545,0,0.000105397933772663,0.00072729461370929,9.42161435472092e-05,1.17388613630397e-05,0.00712103558329995,0.116385739873428,0.000386096582546815,0.00131017223877684,0.00501706200239327,0.000192023646674651,0.000204122718543335,0.015153872671774,0.00249875632025552,0.000477648133006078,0.000116261777387924,0.000300290929529853,8.19202110465837e-05,8.17345206673884e-05,0.00227078274431168,0.00245379881810895,0.000460102677743958,0.000140614517861782,0.000187925002507776,0.000347010330769656,0.000216768713501047,0.00067079491899706,0.0115092195005305,0.00702941350897312,0.0130566643725306,0.000732571988109318,0.00222749209819272,0.00176642812373454,0.0127944852162885,0.000150549909581067,0.112006168933593,8.32861718164496e-05,0.000832072039393784,0.00051385133597217,0.000745159117260112,0.000188607569078145,0.0407225651465644,5.86281786996995e-05,0.00028175342373204,0.000143415825964146,0.000454162449145497,0.0053246928923966,0,0.236079242877425,0.000175125433017762,0.00138409978594056,0.000598265527924417,2.38491034844699e-05,0.00106165571025756,0.000738713094903638,0.000210858331620609,0.00458993212395513,7.08045489366288e-05,3.45933848360343e-05,0.00287113622706069,0.000854503677267829,0.000102785574496628,0.00138146150433363,0.000152337037660267,0.000105752972966498,0.000789410152989841,0.000148494621442617,0.000423701997534817,0.000230523986357428,0.00490663812356515,0.00101470037442515,0.0014750656188805,0.136457424708876,3.45933848360343e-05,0.116768783926805,0.00144923147433527,0.00291335494547104,0.00551386224626167,0.00283762812710007,0.000324648079458243,0.000822092794292642,0.00175488142031608,8.07399406559131e-05,8.2172029541278e-05,1.17388613630397e-05,4.63159046345187e-05,0.00696173794898304,0.000721322091131838,0.0044558528095992,0,0.0183359610617919,0.000940896960668789,0.0024030397673124
0.000212797478163584,0.000303556929703408,0.0014856192285672,7.046528183575e-05,0.000622916093821985,0.0320242486138946,0.000801176713813413,0.00332996426170808,0.00456005428557689,0.0380607466205274,0.00231080371130757,0.00125810637500655,0.00249497243474585,0.0001535401610511,0.00401155460971444,4.4873060648717e-05,0.000103029261961763,0.000597552856574888,0.00643555889308435,6.69418894369589e-05,0.000268143100463334,0.0659730773947044,0.000105438372490018,0.000646943350508117,0.0227447088506781,0.000513048594033421,4.443232206291e-05,1.53975867061578e-05,8.13953193888584e-06,0.000456724064326675,0.000454430283314007,0.0129561420513645,0.00165376242211218,0.126938805369714,0.0451499146390546,0.00989068587087964,0.00512146063283838,5.19850413166081e-05,0.000117986110082114,0.00116739881075855,0.00170172453581015,0.000258973500965789,0.000469333476396316,0.000136236881985139,0.0177578791266835,0,0.00280169262557622,0.00144319918180002,0.00177924302710952,0.000615184816590017,0.000202350264950935,0.000750552382369541,8.17526634579289e-05,0.00231309883204073,0.000249010851388695,0.0159108409413709,0.0073628992870608,0.00525213366138366,0.00322584002863374,0.00204519855182636,0.000633480575506725,0.000208021043495504,0.00263027084843853,0.00322747420816645,0.00100104407660224,0.000247545897614699,0.00163292356727303,0.00972587501617379,0.000916681903492494,5.30125925876028e-05,8.05138422172444e-05,9.74566193914525e-05,0.000313682390696152,0.000106177111645056,0.000343023131710189,0.0144784906985875,0.00534657925253407,0.000904747068263802,0.000487499164339916,0.000805520957821062,0.0192074432717272,0.000483300589066114,0.0088438718938587,0.000744780580943133,4.97838646752379e-05,2.84479226715645e-05,0.0685492689160476,0.0409451448524249,0.000634999013360256,0.00155481154429181,0.00199153324494438,0.000296305547101747,0.000546575549693852,0.000289554937973157,0.000257889122482619,0.000496069426616193,0.00420184199277344,0.0114118612165212,0.00611748866245045,0.00136093456760683,0.000606375555075552,0.000885092033360513,0.308756719261764,0.00034228036508492,0.00498733272219435,0.00293619714094308,0.000280549019538809,0.00026500110315051,0.000290670224948792,8.17819253102781e-05,3.67335287098311e-05,6.67958153375781e-05,0,0.00162042235028558,0.000382477301158685,0.00011623737676749,7.86048137746358e-05,0.00120603304910526,0.00561268009248586,0.00261184183932475
0.0959577870509739,0.00149813422978688,0.00240033097020081,7.69420944728076e-05,0.0186760812167959,0.000156759493238266,0.000787827783184555,0.00241252732033239,0.000348830981017312,0.000572665954507246,0.0289665719844221,0,4.47029721866183e-05,0.000191212229148789,0.00395673095046906,0.00106108830516963,0.000306100486938809,0.00222352122175744,0.00122816613430071,0,0.000254004492301322,0.00041529742196108,0.0474561646862642,0.000581314798691986,0.000944430170934929,0.000609499149067363,0.00695420456689617,0,0.00689055082719893,0.00286913264675769,0.000593276628478268,1.77886381975913e-05,0.00104730990701795,0.053732959299401,5.55839254735828e-05,0.000267889138198258,0.00212312948424551,9.48279544681482e-05,0.000240317414366326,0.00343865764867985,0.00166283443534161,0.00102524578549247,0.00130873746968938,0.00768575101587308,0.000375080596402644,4.3911523879886e-05,0.00886823536412496,0.000859332052868114,6.87419054519319e-05,0.00112310800121757,0.000619321848582397,0.000509072638514103,0,0.000382489529978913,0.000110435418451009,0.0200648486385998,0.0139207553763683,0.000153135035303129,0.00392758261732897,0.000145054652234965,0.00278162382925992,0.00184243455159731,0.00885448126660116,3.60400297804627e-05,0.000236708115394298,3.88181122753638e-05,0.000162346631885514,2.33448031873936e-05,0.0058439786370994,0.000489490343971684,0.00164315401254945,0.000352650326130837,0.00503362478902502,0.00310607856115343,9.12569579143567e-06,0.0122379049959938,0,0.00341104758385725,0.00313385367738351,1.82513915828713e-05,6.47096212650185e-05,0.000189132770419346,8.89431909879567e-06,0.00339752980029652,0.00574051433591228,0.00204115278183042,0.000394413327353935,8.89431909879567e-06,0.000459105764603521,0.00265865491839476,5.4522798055974e-05,0.000702996952738254,0.000884445401751522,0.000158147849825169,3.60400297804627e-05,1.80200148902313e-05,0.000571723726590356,0.00066847665722497,0.000290905150033136,0.221660161700312,8.89431909879567e-06,0.00240597895684883,0.000703393400124593,0.252574321951884,0.00141923940628767,0.00155817757119797,0.000506537350149705,0.000454510477298199,0.0336749966101502,0.000349419249074235,6.95023801012182e-05,0.000162681189815599,8.89431909879567e-06,0.047039758827806,0.00106676203891148,0.0126358060806079,2.05667206924925e-05,0.00256872151539295,0.000191490394193213,0.00101095356406452
0.000702777938149177,0.00013072471253196,0.00798385582409441,1.70597732043915e-05,0.00167341061848214,0.00126696240950452,0.000919633473150926,0.0132543748330461,0.0175977631594496,0.00457537293842045,0.00609963555009218,0.000639795008565037,0.0011264117440384,0.000244163303215308,0.00225608606503416,0.000163699629434615,0.000167208756134654,0.00129560979718222,0.00373892491945409,1.70597732043915e-05,0.000318425733476848,0.00237141140217072,0.000872418942855682,0.00054044454459784,0.0106612118986193,0.000693495165698187,0.00025646671278482,3.96303697879726e-05,0.000155173874458216,0.00163167625076923,0.0001734620002142,0.000244536887705113,0.00171944591884773,0.332397217313383,0.000893560419433684,0.00413753223293798,0.0461989783292344,0.000140025258932631,0.000342998222778591,0.00268487192743698,0.0132050335455112,0.000325448264891224,0.000721865180602764,0.000378594902172156,0.00183633012526038,3.68170853191981e-05,0.00367298402449416,0.000750422193276399,0.0271752419884301,0.000434789800007187,0.000936678363130689,0.000812131687319766,8.52988660219574e-06,0.000736587612632742,0.000470595681925116,0.024387465242568,0.0207823116428026,0.00246838280649923,0.00866012373531982,0.00103860988326703,0.000804871042052511,0.000251144538637816,0.00482479725765176,0.0013032507293011,0.000455641282529866,0.000241144171400086,0.000784242913993759,0.000323197087316965,0.0024892760660835,0.000236862811825465,0.000182845699837097,0.000149994028083118,0.000369208013177947,0.000107987161265083,3.97225030928513e-05,0.0304542490560966,0.00172229313715022,0.00184551501694283,0.000425556355983373,0.000773645595015694,0.00211381141602194,0.000374978048943141,0.000316509051918902,0.00392992602597931,0.000704767564198986,0.000101643811586241,0.00791811005034097,0.000712268571255358,0.000244777371691086,0.00306262907945817,0.00222343845934423,0.00020341437812931,0.00127844725934631,0.0030564622533388,0.000157693401103668,0.00144124790614229,0.00199548431609805,0.00600353911191305,0.00434793631613736,0.00463203648672709,0.000350156505601586,0.00117172342049579,0.0046096885335313,0.00111243854663419,0.278538994884395,0.0100304189926465,0.000375847693397967,0.00113640070548344,0.00200465083597615,1.13462134344612e-05,0.000320976740586136,0.00017208763750152,2.82575017365398e-05,0.00355637266318716,0.000872064920458133,0.000764999294207277,9.29074293987546e-05,0.00254182489537905,0.00135689695318169,0.0191649230011118
0.000885727071605268,0.000393510689407757,0.0142296458454976,2.66892563287641e-05,0.00239832455170293,0.000248085232270815,0.000792851523821588,0.00402532432474405,0.000875250503579064,0.00101555737821305,0.00418542147508363,0.000387850119082673,0.000259651950192618,0.000949594853308079,0.0210240891034006,5.78690403008401e-05,0.000270759649178696,0.00129876524633746,0.00223995321099643,3.11917647611584e-05,0.00440923668153077,0.000767515898797033,0.00242954628929575,0.00041045486349747,0.00163691326066762,0.000255068296244673,0.000355611096997724,2.80080102644865e-05,0.000251825104745247,0.00385636688354086,0.00059683454999968,4.28815135806682e-05,0.000217309853418598,0.0433215830375414,0.000320741053283085,0.000879951723973882,0.0561711099994156,4.59829300254049e-05,0.000946116232419727,0.000873340851738224,0.000954796117737784,0.000382042445431259,0.00217849313343691,0.000192596023182631,0.000687601400236779,0.000206832561586576,0.00935065823483528,0.00020470591252339,0.000457906935772712,0.00112069826343866,0.000960988637958786,0.0290173493384235,1.58641214193568e-05,0.000495869388438371,2.52235772618032e-05,0.386365081723052,0.00337127113937791,0.000618775443498267,0.00345717656706467,0.000107089087697316,0.00085829732646541,0.00147187142388605,0.00211704981217575,0.000104751698205006,0.000151489545778216,7.13733956324891e-05,5.87582430477509e-05,5.21091950464926e-05,0.000970644199810945,0.000499010601985658,0.000177478832416342,0.000363996867144548,0.00102390082791946,9.71229258399969e-05,3.89154832258291e-05,0.0102419597763538,0.000180380090180976,0.00160261294122857,0.00114724349075341,0.000146988092511074,0.000432112858878085,0.00114645129228927,2.88231878499022e-05,0.00393032291636577,3.59137678290545e-05,0.000257987140196177,0.0011769865860333,0.00016764055563407,0.00040092230870421,0.00732986827189458,7.52482771118445e-05,0.000613166708575941,0.0337765541825773,0.00177829698880389,3.0458925227678e-05,0.000241473311127592,0.000286371503560838,0.000900022789254854,0.000966808552838263,0.00195027597482258,2.93053453289345e-05,0.000378308681651454,0.000942262046005829,0.00138115360709778,0.00669684115979872,0.251516455677764,0.000439978777622189,0.0204675726522122,0.00216092672532857,6.36710960390928e-05,0.000222239770824893,0.00412710224544368,4.00147425260497e-05,0.00864892982508923,0.00154271339765223,0.000711704660783018,0.000130673001031631,0.00144085930719232,0.0006889619287042,0.00788513350955688
0.00329117619060133,0.0410673646495092,0.000375721202046274,0.000118010360841682,0.0260847081252821,2.8545692982714e-05,0.000220477714325934,0.00247433594502165,6.36317214707766e-05,0.000577802080810176,0.000452965548419004,0,6.5164798040649e-05,0.000523531738781584,0.00361131431683965,0.00483562827848081,0.00273030793024918,0.00321990506786336,8.58295221335807e-05,0.000310971109336895,0.000208377813898832,0.000524023840567303,0.000192067124371326,0.00857116431043438,0.00061844056574332,2.77592462996138e-05,0.000341672030489102,0.000552449529539279,0.00335947590147033,0.0131656897367835,0.0037907537580428,0,0,0.00555391145965124,0,7.19805547058069e-05,0.000637744342330852,9.84821455953578e-05,0.000376159136173809,8.36709622403916e-05,0.00130458352378957,0.000408540029533701,0.00380337253796053,0.00103994507433917,0.000122488443987844,0.000877645086434699,0.00646696552526064,0,0,0.00363581458840595,0.00472183925486616,0.000586783394587876,9.98974199834895e-05,0.00665481570740218,0,0.0130728128355674,0.000661694149985663,0.000117734939681872,0.00071357207456413,1.85061641997425e-05,0.000220778146397763,0.000866266903581651,0.000929968900372186,2.89389163242642e-05,9.60872431763486e-05,0.000263876803822697,7.48111034820704e-05,0,0.000205701243921018,0.00122028400432601,0.0646808527462435,0.00166892274357862,0.00183866996004671,8.24133068303286e-05,0.000513653825579452,0.000719150292741587,0,0.000151863744831701,0.00423592130022353,2.89389163242642e-05,0.000148614961801868,0.000305786925946591,0,0.000135101250653293,0.00263341062385838,0.00198823442246314,0.000324318937819993,0,0.00793265922252756,0.00150375033750394,8.74205657658047e-06,0.00264594633919424,0.000446364639631928,9.25308209987127e-06,9.64630544142139e-06,0,3.77987750825853e-05,3.70123283994851e-05,0.000271206402087144,0.00152773438776349,0,0.000245894921422612,0.000282667464315261,0.00166316263367342,0.000524479775729487,0.00132000624399637,0.284575279694371,3.59902773529035e-05,0.000795882814803442,0.00621732706217103,0.00315198742595682,8.74205657658047e-06,0.000439701594630952,0.428357803424142,0.000130880438400917,0.000164032456911902,0.000728026223852273,0.000390195652797364,0.000132455323739493,0.000424578212576697
0.00187283595121683,0.000271107650971317,0.00876649762834474,1.52249781080065e-05,0.00176042639251077,5.655473367047e-05,0.000392235670982255,0.00208632567428427,0.000856163941846016,0.000498733248715945,0.00266584096720788,3.80383703520718e-05,6.97471008491749e-05,0.00165127118949845,0.0793202526781631,6.93103130521846e-05,0.000367862387830347,0.000765023197434189,0.00149148096396577,3.05462558877903e-05,0.001520642093197,0.000431900605025128,0.000173780799072456,0.00060641554169743,0.00103204875772685,0.000153845604212376,0.000359227402618508,8.68602403788168e-05,0.00015932345054198,0.000883859989489118,0.00101510240660832,0,4.89663195344111e-05,0.0222824814918072,9.45931040225418e-05,0.000251100706304764,0.0132559325776133,1.52249781080065e-05,0.00046707915354283,0.00022120516105627,0.000784985431538845,9.71617831247374e-05,0.00349667234687562,0.000787307465563325,3.87159073285056e-05,4.06522185860297e-05,0.013962529503113,0.000190914099298689,0.00029309561745729,0.00156076666164267,0.000103539572815595,0.00673138872158783,0,0.000448272908559387,1.51768282721178e-05,0.498594281525665,0.00118070882114395,3.94415941408281e-05,0.0015641592597734,8.42945419807476e-05,0.000432062693095125,0.00173741127865833,0.00135169214750626,3.04499562160129e-05,0.000167023559195304,7.11503246379313e-05,0.000196057877481199,2.47978533374781e-05,0.000693502331967352,0.000331824364742033,0.000107689171529469,0.000110405280843458,0.00036342911452211,7.02831690220691e-05,2.27652424081766e-05,0.00614699663640848,0.00041019234977968,0.00426819069513127,0.000604055282599153,1.65319022249854e-05,5.40371851082895e-05,0.00254198640541851,0.000123443797832251,0.00180237785416853,7.06172371691636e-05,0.00010928499466178,0.000417407488045135,0.000467644963247008,0.000584517454905116,0.0425232727804112,9.38252287825834e-05,0.000868703321913592,0.0148528788949228,0.000318168170521762,2.29096919158427e-05,0.000171407454355514,0.000211517643360396,0.000258749651663083,0.000467346696304421,0.000898811185009862,3.11756430283354e-05,0.000367501558856096,0.00161719735216449,0.00150983751568601,0.00257020427281368,0.0780616337539923,0.00066536021048748,0.130051510539503,0.00514799984220257,5.46184224129459e-05,0.000151693093640713,0.000581019058155393,2.27652424081766e-05,0.00847170323882031,0.00435087491989645,0.000406184465531773,0.000104129997895059,0.00119185565554964,0.000270424643911486,0.00423775675610556
0.0535677854675164,0.00132267596133459,0.00280401320800972,3.70787121609296e-05,0.0151946799204071,0.000107203795136129,0.000757387969891164,0.00193050945740811,0.000448646989425665,0.000525594791738974,0.0150128616662104,3.59572665814127e-05,0.000125778611036375,0.000613152671014046,0.0159007569469825,0.000388100215725452,0.000385607146233502,0.000426258169094455,0.000449997511378804,0,9.66507266496803e-05,0.000424026028443011,0.0160454255461925,0.000742880739054921,0.000838927604665679,0.000538119285149956,0.00137755290318469,8.58319383878247e-05,0.00445121606819238,0.00293691368610927,0.000796459822011112,4.77418346633103e-05,0.000358392653756722,0.0357132754953386,0.000225747494710237,0.000181004877768167,0.0026676692944261,0.0002458752906598,8.9504137141511e-05,0.00123117717133585,0.000890991139666723,0.000401580052820873,0.00275283162473659,0.0528786364061858,0.000482730397076564,0.000235626828703978,0.0741476562247389,0.000102844491072153,7.86918262468281e-05,0.00529936225951786,0.000331586801027806,0.000594153821644767,2.48077146990888e-05,0.000786413582485691,0.000174773452288001,0.0540821738658201,0.00397986882864701,0.000596505709584292,0.000764996434343519,0.000150599882042481,0.00102424885719599,0.0201180355516129,0.00286702447677169,0.000114259762729884,0.000134390966051546,3.50429742994146e-05,9.01006205373864e-05,2.53977207277914e-05,0.00366857151791604,7.18559666849371e-05,0.00181932089018017,0.000210327562290706,0.00071284284657631,0.00043016951445047,7.7239617046843e-05,0.00428691213933313,0.000145980492354135,0.0679268735871383,0.000908112429736161,0,0.000130122283901985,0.00211668576053562,3.68129923855225e-05,0.00327095531519228,0.00528375483821698,0.00121078012397535,0.00124918397139661,0.000129266558097875,0.000981884971539853,0.0239697823566478,5.32355390411484e-05,0.000767232937891254,0.00101574866468994,0.000141876871438705,2.53977207277914e-05,0.000160036874904803,0.000311739276264393,0.000420883104592916,0.000828088501506637,0.0209561152276425,6.34943018194785e-06,0.000332200399990387,0.000642545679581163,0.0140354283117909,0.00213068761960787,0.00306804464553129,0.000695844418169824,0.00170612886423766,0.383020364971019,0.000474953638457751,5.86706769410981e-05,0.00016307803280184,0.000112963219289374,0.0318803086218348,0.0108594887862135,0.00101048715730999,1.74404155863834e-05,0.00117161946661438,0.00024074611432341,0.00276108772781782
0.000476528711560068,0.00212098128877563,0.000358085983266742,0.000281212244487619,0.0029050196512154,0,0.000113830949151667,0.000291194182559036,5.52442550903822e-05,5.45041745214203e-05,0.000588314863271779,0,1.98901959413528e-05,0.000513278245262673,0.00245196013258764,0.00456426883202682,0.00797599596358068,0.00771441282827382,3.81318618178997e-05,0.000129294812359344,3.75672255158674e-05,0.000658348501620496,0.000804555761096234,0.261534431582037,0.000250329896913557,0,0.000416673874899814,0.000692421271732275,0.000172936900673693,0.00732431169655691,0.000949827972093771,0,0,0.0159797388948526,0,0.000127127024833796,0.000271868622919715,0.000354171832653759,9.45053895123464e-05,0.000203169925361375,0.000195149295717355,0.00326371583221489,0.00228739592349737,0.000439480743504942,0,0.000386372043537098,0.003996481804545,0.000212124354894176,9.12083293827348e-05,0.00162513279867951,0.00610946990579246,9.45053895123464e-05,0.000109404616417991,0.0215969389692124,0,0.00552138989547776,0.0013379793978669,0.000127691661135829,0.000463910260124508,0,0.000412737300694902,0.000569509758664988,0.000798794667476463,0,1.8241665876547e-05,0,8.89497841746057e-05,0,0.000181066563053184,0.00316183250633785,0.155247447596856,0.00493990350867166,0.00613953150318047,0,0.00191461736158686,0.0123421656201181,0.000361830108222364,0.000590327428308726,0.00993234023304944,0,1.76770295745147e-05,0.000391317633731515,0,0.000108885358957249,0.000582228438266753,0.000278525199501331,1.8241665876547e-05,0,0.0601906064302804,0.000565636862520502,0,0.00354631400827372,0.000713281175920076,0,0,0.000167198775728975,0.000527671906228981,0.000544795765043021,5.80220577592525e-05,0.000344905918995143,0,0,1.98901959413528e-05,0.000237959348208372,0.000266695230942017,0.000316702440160521,0.0154529279057971,3.75672255158674e-05,0.000408950482036527,0.22399900492134,0.0187579044951031,0,0.000308323653312619,0.102982148132041,0.000130943342424149,0,0.00236197746959735,5.47249976296409e-05,0.000152422635573909,0.00137476692090954
0.000655394494463401,0.00100572883464888,0.000393737417267857,0.000979969494423141,0.00061732449536158,0.000159391147076133,3.95806957366084e-05,0.000940856742660483,0.000306470970226995,0.000258908168123266,0.000397377429592484,0,5.38737247526058e-05,0.00274525875270204,0.00136890471276502,0.000414650440942688,0.0578318249953437,0.100723599192826,0.00035664989594301,0.000387811640979308,0.000187447061852654,0.000245288544874284,1.26978953910077e-05,0.253005902481912,0.000492664495210789,4.06490598663079e-05,0,0.00666852746853657,6.81667537686033e-05,0.0135778520449436,0.000693040549973492,0,0,0.00619765788254989,0,2.64256427013936e-05,0.000208269661073133,0.00159384622923351,0.000131586618872559,2.74865942615336e-05,6.60759502890851e-05,0.014201134703883,0.00267203544395955,1.26978953910077e-05,1.26978953910077e-05,0.000337269806611645,0.00303256695105489,6.39851468095669e-05,6.7067289998142e-05,0.000262119698754537,0.0127799736437633,0.000392166945041457,0.000943879466028441,0.0288775622278393,0,0.011175257003567,0.000147877152445789,0.000281413402440926,0.000413898086357369,2.64256427013936e-05,1.37277473103859e-05,0.000146351630671882,0.000594290542893856,0,0,1.37277473103859e-05,0.000131548106662237,0,0.00018752746003348,0.00814691811184324,0.00888430393369648,0.0205272207027454,0.0566689869004873,1.31935652455361e-05,0.00211115325908494,0.000774833674511445,2.64256427013936e-05,0.000123549725793473,0.0430270102667179,0,0,0.000457621852585579,2.63871304910723e-05,0.000175914203273815,0.000254726561164229,0.000143223562703426,0.000658325368271598,0,0.00745855777379403,0.000562325671112537,3.95806957366084e-05,0.00317676736186357,0.000505461676988232,7.91613914732168e-05,0,0,0.000198653908870701,0.000624256577998134,0.000231273488227482,0.00129177153131171,0,0.000324875994350946,0.000284195834843876,0.000253603410322566,0.000256197296226172,0.000130068509668212,0.00196140371218696,0.000231491185712815,0.000306888166298358,0.00788979857835971,0.28122454431651,6.50149987289451e-05,0.0031638886903352,0.0130409561387218,0.000168123683630913,0,0.00427763327635596,0.000188549899383299,0.000137178876023729,0.000239883075581739
0.000985752223220223,0.000485820878759532,0.00255565589413074,0,0.0015676761701947,0.00016558901070529,0.000243905907939685,0.0274459824879472,0.000126987007073202,0.00174838406399584,0.0011927506180683,0.000460797191040953,2.8833634987653e-05,0.000996015529884618,0.0137935389263858,0.000242321547023814,2.8833634987653e-05,0.000790364351594742,0.00271779457811262,0,0.0822826272884712,0.000188390919286204,0.000309960473745539,5.45497627209443e-05,0.000753341847688064,0.000131282299039468,0.000265539302486078,0,0.000176479539997327,0.00496070318125297,0.000217021266171873,0,0.000144168174938265,0.0112266516818885,0.00260227002154018,0.000411458043732662,0.0104244323063987,0,0.00982946008534851,7.47928137760658e-05,0.00421019837594129,0.000127402853954553,0.000649243863449614,0.000102864510933165,0.00239495315418782,0.00126257475745077,0.00614376611353267,0.000144168174938265,0.000210015043155213,0.000924565279273511,0.00524082691551017,0.0832953176910834,0,5.45497627209443e-05,0.000135577591005733,0.287836592158305,0.000356076587249016,5.14322554665827e-05,0.00560195903329032,0.000210015043155213,0.000696029939339344,0.00042877274376756,0.00194764632592854,2.45383430213872e-05,8.22056129966932e-05,0,0.000615634926202196,0.000254936938541864,0.000614462002680753,2.57161277332914e-05,0.000554224367494272,7.90881057423316e-05,7.59705984879699e-05,0.000171768401149711,0,0.00601339376051652,0,0.000507860849509892,0.000271774316994801,0,0.00327170118292246,0.00240223321709723,2.8833634987653e-05,0.000928702840666097,0.000195600430404848,0.000482177394999213,0.000379280210843435,0,0.000343440352839121,0.00377489903227611,2.45383430213872e-05,0.000197743441049289,0.123346477905728,0.0089708841114744,0,0.00093807166677595,0.000273917327639242,0.000416674380723468,0.00115080908413786,0.000955130939214715,0.000531869666926091,0.000209192620069895,0.00147139571154731,0.00127486905228207,0.00182385466968616,0.05454667457442,0.000385328241596942,0.00295815786123921,0.000630613049871592,0,0.000214301064444095,0.181961415365703,0.00214535227558414,0.00746694772003835,0.000421563232648916,0.000396821601525545,0,0.00112981796900373,0.00101449426993804,0.00238996036742915
0.00020810231201831,0.00028949465342098,5.65509340979931e-05,0.000247619626389505,0.000843557128586513,3.81334395488582e-05,2.86855040333929e-05,0.000258468521601658,3.68349890982698e-05,0.00024545838978425,0.000142641615946871,1.93571626383765e-05,0,0.00032291266764928,0.00029338146233557,0.000487328955955032,0.00906401276151273,0.00607231458385974,0.000370630721708403,0.000169174425812184,4.80426666717693e-05,8.68765860689713e-05,6.2581894743489e-05,0.00602064138138863,0.000105533268859004,0.000204992864886637,7.53272110084748e-05,0.0296106670643114,7.50880227675769e-05,0.0323713691983173,0.000163536417276734,0,1.0148415363809e-05,0.00488019184878765,9.20874727456745e-06,0.000149219292571562,0.000340527173103973,0.000542367878673063,8.59625452912544e-05,9.32834139501638e-06,5.72514139463368e-05,0.00277343036539651,0.000851843292646189,3.80138454284092e-05,0.000180962989113578,0.000594741560992519,0.00110008651694946,0,1.85370886695838e-05,0.000181689096273446,0.194118086089845,4.69834044620788e-05,0.000230568921788358,0.0364676642997481,9.98952603235545e-05,0.00553134766488337,0.000297114507381012,0.000102235888109484,0.00018629346991073,0,7.53870080686992e-05,1.93571626383765e-05,0.000650472421121719,1.0148415363809e-05,9.20874727456745e-06,1.86566827900328e-05,1.86566827900328e-05,0.000144367188256206,1.0148415363809e-05,0.00537520899820012,0.000489763550549885,0.0136364547686366,0.00891303372688313,6.91595713681801e-05,0.00116000317129438,0.00132545309449829,7.57885026159206e-05,2.02968307276181e-05,0.00730038389456391,0,2.85659099129439e-05,0.000157121046958367,0,2.02968307276181e-05,7.61472849772674e-05,9.32834139501638e-06,5.72514139463368e-05,0,0.00204640916475031,0.000256990679970396,0,0.00216807909743274,0.00029957472928739,3.68349890982698e-05,2.02968307276181e-05,0,3.12909473717445e-05,0.000642015408318545,0.00010259467047083,0.000213091095328465,0,0,0.000142265748711175,9.1361365585806e-05,0.00069726789196595,0.000543478395505803,0.000154814588921137,9.32834139501638e-06,0.000340057339059352,0.000240657540091943,0.00225245274940946,5.72514139463368e-05,0.569209258454008,0.00829800387760017,1.0148415363809e-05,9.37447055576097e-05,0.0342862504578853,0.000723177103917493,0.00015344779897315,0.00028618018779711
0.00215728069874679,0.0215483481096075,0.000499056332364518,0.000123118890165261,0.0379912362011016,4.89715680076574e-05,0.00045610083378105,0.00110477809473372,0.000187153980336368,0.000290928930453548,0.000794030646754693,3.61825201030933e-05,6.10799006879159e-05,0.000975722119812268,0.00409652992188213,0.00957335715215535,0.000563764763644041,0.00211451214994975,0.000414798612506855,6.28051225770397e-05,0.000254140777049431,0.000165685570253896,0.000270347444257364,0.00569448501560571,0.00031363212564805,0.000244234327481164,0.000620248277498064,0.000203760827498121,0.00134460880826072,0.0158234579486727,0.0120476387084931,3.09863724901743e-05,4.09570046594045e-05,0.0102157158013101,0.000108132138178396,0.000185511721861976,0.00135226426883242,0.000143489496779622,0.000171716168461873,0.000169518641583804,0.000320002830975602,0.00121090692606292,0.00687717018197577,0.000621726668073157,0.000107898755688693,0.000273302357647209,0.00961880245049506,0.000165292076117402,0.000116575377340237,0.0055549757267907,0.00210236219655794,0.00044038688535648,4.35983032852345e-05,0.00322002387542392,0.000110943320026984,0.0198068532973587,0.000816859087649067,0.000154052474468529,0.00090539711782676,3.80978094917819e-05,0.000315510150179159,0.00144540064930011,0.00145260842490133,2.68278582526805e-05,0.000114515796592367,0.000107319755841488,4.90784270462013e-05,1.63803054934722e-05,0.00028078815619515,0.000298028945486573,0.023462034590456,0.000424199730694367,0.00343884245193971,0.000159940150116735,0.000438441322291797,0.00166535967246734,3.15893811711259e-05,0.000360084639351075,0.00115068269933238,6.54593881094094e-06,8.52017816206634e-05,0.000526996440660065,9.69314527596895e-06,0.00031974945849479,0.00284940781725536,0.00207361111823092,0.000737391516711013,0.000346130710352206,0.0058387687975833,0.00172425697439307,2.30790324158199e-05,0.00552765412096006,0.00113299703714654,7.49134552572982e-05,8.78045936668938e-06,4.98088518293053e-05,0.00027829728883374,0.000295463183943461,0.000241669418070328,0.0021767001251615,4.46395803753659e-06,0.000173618051235378,0.000577055012558559,0.00143548020660014,0.000830202028027365,0.000796402208476156,0.0259107280257639,0.000160884055895669,0.00152938738347757,0.0021813281303165,0.000918814878398671,0.00012222229643395,0.000507716792429652,0.717724966307439,0.000177601990255577,0.000386115287594525,0.000221189780384472,0.000613264750119432,0.000219866406779177,0.000938426957435483
0.00521698775098942,0.000268581422939654,0.0252111087225705,1.51109678919452e-05,0.00234517715034963,0.000219924256660549,0.000301080819528527,0.00198654782192561,0.00109955525372658,0.000347618892422738,0.0642771534760578,4.53329036758356e-05,0.000339273868129855,0.000605758204759393,0.0355469423675167,9.74981897666182e-05,0.000338924678074274,0.000531920176039089,0.000655383440125617,0,0.000315573167295696,0.000108602934643948,0.00396528456882008,0.000520478535001463,0.00128498816033721,1.51109678919452e-05,0.000912469787012681,0.000129997586355491,0.000955790918332425,0.00121370481474944,0.000630746741235515,0,0.000330347882118334,0.0892652723940344,0.000146247284649927,0.000352415039968492,0.0157404228972337,0,0.000249369012807461,0.00194132228103773,0.000832828897737305,1.5418632643619e-05,0.00308385064528482,0.00284778091282932,4.53329036758356e-05,3.13606661863816e-05,0.0457775309815976,0.000301255222464203,0.000173360693978018,0.00227512185799727,6.3028997124437e-05,0.00138894689229743,0,0.000325326736244493,3.14811831082192e-05,0.119328749764637,0.00989325997091745,0.000775830189878859,0.00163453899831501,7.78323002647083e-05,0.000406908833255544,0.0064471326857809,0.00320997720806649,0,0.000189785438299121,8.12484914721818e-05,0.000141260890745023,0.000125804215511039,0.00548462150001334,0.000258333041409347,0.00017428368823304,0.000257838228827837,0.000204410404791298,0.000246758589554599,3.16683309380554e-05,0.00715252086847498,0.000173452622582222,0.124286256840762,0.000939700957158368,0,0.000758482518117383,0.000868268389405491,9.21122025058362e-05,0.030030317469456,0.000281319710800985,0.000154833534878599,0.0022349182062962,3.02219357838904e-05,0.000368781772471224,0.134676231865133,0.000110331696853581,0.000620123871953422,0.00158453662766656,0.000611722122024148,6.49987931777455e-05,0.000249210453295258,0.000278975619088004,0.000693173604749639,0.00109933010506553,0.00468373844785573,1.62496982944364e-05,0.00154435151703038,0.000405620354522592,0.00482651819424098,0.00347713177913661,0.0156682461980392,0.000553144016102301,0.0155500769926093,0.044349679347769,3.05296005355642e-05,0.000187386817481311,7.8447629768056e-05,0,0.00620598336968981,0.117695101580972,0.000463571029137921,4.87490948833091e-05,0.00164885164808562,0.000984264849287978,0.0105316427161019
0.00468913607315452,0.000514166482989339,0.00126783322160203,7.3470879393422e-05,0.00404284647034202,0.000176964734847522,0.00061513790525089,0.004530086895372,9.5742596835876e-05,0.000382014795020735,0.00559132649590975,5.41223078237259e-05,2.83060450903769e-05,8.74486862464555e-06,0.00190138095751729,0.000141354312312316,6.95324521329174e-05,0.000117411904274515,0.000801401425732767,0,8.95160486010661e-05,0.000457029157595216,0.00440768957870456,0.00024648087953312,0.000918264527288144,0.000527529255846101,0.0267014500215041,0,0.0108739431905591,0.00103280617707104,0.000307141078836813,5.41223078237259e-05,0.000326030017990503,0.0344022618516023,4.78753752797677e-05,0.000154466894851367,0.00191224517552735,1.74856603874614e-05,3.49672439130932e-05,0.00441014133657831,0.000456652801177461,0.000124060872511742,0.00024233800110024,0.000610458490625244,0.000231597915130503,2.6230529012107e-05,0.00139247276662116,0.000581641121386131,0.000231525770120984,0.000356788780673353,2.6230529012107e-05,0.000115336388196245,0,3.70509137150225e-05,0.000438094085889224,0.0186322952355835,0.00639187735149521,0.000253954411288684,0.00338519956876887,0.000152188508999591,0.00141340544331255,0.000383682990153123,0.0131828236249538,2.62346058739366e-05,5.45324972406543e-05,5.2461058024214e-05,0.000292268508149129,2.83060450903769e-05,0.00819208921577767,2.16489231294904e-05,0.00033438560216449,8.70221893822085e-05,0.000189383821527677,0.0206134928269256,0,0.0179071554201601,1.08244615647452e-05,0.000717426583231275,0.000290927118612768,9.61935548711011e-05,0.000163140099297231,6.07835066464422e-05,8.74079176281588e-06,0.00219782763027582,0.000944195210252287,0.00099177866104907,0.00032924985002761,1.95693301893907e-05,2.69507746020156e-05,0.00126330343373092,1.74815835256318e-05,0.00176505422693928,0.000621793776080483,8.74405325227962e-05,0.000222131150549437,4.12182533188811e-05,0.000977973977545951,0.00116538753538676,0.000136977157602076,0.370911129985448,1.08244615647452e-05,0.00463248968954274,0.000699868296032181,0.0104773598419839,0.00352838563346025,0.000804536783094593,0.000563541124449812,0.000524692117478733,0.00277741390353439,0.000219875064558758,7.4114058015534e-05,3.49672439130932e-05,1.08244615647452e-05,0.0119855864715324,0.000229715464735568,0.364419570179992,0.000349794744985822,0.0057371035233446,0.000122082807710417,0.00124244152658173
0.000146209438864414,0.000558292340963127,0.000277895921952579,0.000349019574514118,0.000519466845278067,1.3055108014468e-05,0,0.000185359795470351,8.20016699928371e-05,0,0.000207817904812942,0,0,0.00088356144916546,0.00121277615049529,0.000452761569867758,0.0345979931213345,0.00999715426159546,0.000102548095479293,0.000214798711710835,7.00981716067462e-05,4.17685747486699e-05,0,0.028933565788778,2.87134667342019e-05,0,0,0.0202537430200573,0,0.0553206978214615,0.000283141277851249,1.3055108014468e-05,2.6110216028936e-05,0.00610661742434554,1.3055108014468e-05,0,0.000369751879693732,0.000449927455529859,1.3055108014468e-05,0,2.87134667342019e-05,0.00388311731450152,0.00171449573339502,2.87134667342019e-05,0,0.000682229023312436,0.00233599892433086,0,0.000826537649563099,4.10008349964186e-05,0.183435482191403,9.80438985886968e-05,0.000324051981714565,0.271985529414375,1.3055108014468e-05,0.00634750005332558,0.000421122915240859,1.39728634909753e-05,0.000319366958588875,0,2.6110216028936e-05,0.000276123367737029,8.31532796212142e-05,0,0,0,0,0,4.26863302251772e-05,0.00794474175724342,0.00328897523742989,0.0202831013555325,0.0183017097204122,4.23024603490515e-05,0.0102181146524973,0.000408123016812286,6.98643174548764e-05,0.000125242040285505,0.0160593891673401,0.000130236081258702,0,8.46250751652122e-05,0,4.19185904729258e-05,0,4.26863302251772e-05,0.000150434500837934,1.4356733367101e-05,0.0183304915312708,0.000808049502740489,0,0.00642400172804609,0.000452613535455254,0,0,0,1.3055108014468e-05,0,5.40559430108866e-05,0.000167224314718936,0,1.39728634909753e-05,6.7878790777606e-05,4.17685747486699e-05,0.000466160520808578,0.00024263846448631,0.000204170257933199,0,0.000575797957514164,0.00168213250489775,0.00423308877945117,0,0.0574366952578339,0.0160519248832715,0.000122104903979858,0,0.180035433771208,0.000121016978311985,5.51438686787589e-05,0.000543741550353989
0.00162849453626538,0.000269298967367587,0.000943819933474466,1.55676219377488e-05,0.00136303791374118,0.000141487156871264,0.0166606899481077,0.00285468665268723,0.000555566918390436,0.00107407846356796,0.00421805649490221,4.72118905202712e-05,0.000821630407061388,0.000105213063617791,0.000674079977198068,7.34689322041448e-05,0.000133661919807145,0.000580711258313258,0.00109010658166057,0,9.6369777139622e-05,0.00040934334261993,0.00127420721748644,0.000399707062821033,0.00208231913750972,0.00861549806741205,0.000303191330106134,3.64543482622109e-05,8.09628900064027e-05,0.000472140984521193,0.000344152819340672,4.63935667684691e-05,0.000279688848171038,0.0579755537844884,9.71906104549983e-05,0.00176473286215336,0.00216086746827811,1.49490238481944e-05,3.59550836572902e-05,0.000976966236286855,0.00223255349447583,0.00038634897098588,0.000598511311252,0.000127105619241323,0.000290451081853356,5.74773691612423e-06,0.00333846501087499,0.00314600156433345,0.000316143196433249,0.00014496742807925,8.16399496071852e-05,0.000197072300020398,9.20128693207012e-06,0.000308829116386139,0.00475533052275165,0.00749344553320263,0.00380337244379111,0.000600744725280169,0.00213285739436153,0.00106053776200643,0.125138674279669,0.000180464648451515,0.232580772278196,0.000391598432029109,0.000301973555029837,0.000903209868142594,0.000759595168503944,6.6561832172253e-05,0.00286769646757805,9.54541496709688e-05,0.000433771607960884,0.000118094297869396,0.000351686608651064,0.0174069295251308,2.18438542144078e-05,0.034887836716307,0.000194724442134645,0.000285195408554321,0.000589028707646561,8.05829588861157e-05,0.000232895780527376,0.000161278050269034,6.3339748137743e-05,0.00131669772179506,0.000108905280603004,0.00018541609138362,0.000769580949345019,0.000115081650048539,0.000253088535711818,0.000920517820219725,7.30280300090555e-05,0.000244208020196648,0.000330308096861706,0.00027724850749279,0.000223446165625331,0.000264403754535329,0.00466416716266452,0.0024032525032067,0.000603791295280897,0.0387095274267905,0,0.00567069187864614,0.000678607195249473,0.00142068324404062,0.00390183641640414,0.00156889735065978,0.00048500980102551,6.73095238485453e-05,0.000980945889212185,5.07847740208508e-05,0.000265874975810146,0.000117478209343416,4.90994251081228e-06,0.00956074614280052,0.000179449158151738,0.00253067193948962,3.25015336413443e-05,0.35949648266526,0.000523168226734454,0.00114123418783529
7.65795772304703e-05,3.20647079429122e-05,0.00124237639141211,0,0.00144422607708578,0.00495651740538951,0.00800913710117627,0.00348237036610868,0.00334024482711555,0.00233267897001165,0.000674181578742751,4.45148692875582e-05,0.0688453564122076,3.20647079429122e-05,0.000382941688156555,0,0.000253918668661206,0.000636845816922505,0.00200508749531152,0,0.000162981058814548,0.00331480238055738,8.90297385751163e-05,0.00031088369929341,0.0550713430056947,0.0021233346748175,0.000261803439634323,0,4.45148692875582e-05,9.61941238287365e-05,0.000111316344168625,0.00309325790538387,0.00951623035803715,0.136821501864784,0.00153327072019303,0.0133460226104722,0.0023842995180165,7.39513202394312e-05,0.000126005398694832,0.000655116881757086,0.00279872707587207,0.000356118954300465,0.000590525037948632,0,0.00168599670884029,0,0.00197163415900226,0.00202152744493604,0.00128550883116013,4.45148692875582e-05,0,0.000224452955600385,0,0.000133169783948452,0.00157752744936528,0.00846750447318305,0.00718639443892373,0.00869350832055766,0.0031105659642405,0.00209680508621638,0.00137218281043633,0.000135841842943695,0.0082226137120875,0.0012323839509516,0.0277898027320149,0.000301076334835059,0.00241516705474047,9.61941238287365e-05,0.000153159154460941,7.39513202394312e-05,0.000184878300598578,0.000140752795120498,0.0002448609520313,6.41294158858243e-05,0,0.0385839445524633,0.0115587119570684,0.00114768587051331,0.000311604085012907,0.000604377022956423,0.00129444500976276,0.000227110474700372,0.00899418273440097,0.000313137132370227,0,0,0.0514383775660267,0.0632348068513846,0.000147902640478862,0.00352065486748928,0.000568673125085705,0.000199956718934263,0.000316198555174948,9.61941238287365e-05,0.0062467924050986,0.000722850300112604,0.0224699063154721,0.0160596068856615,0.0868920809411917,0.00103941659157258,0.000471207239007971,0.000478746448175813,0.036093756697539,0.000390539239223857,0.00726694172111353,0.00232160271481967,8.90297385751163e-05,8.90297385751163e-05,0.000222243324527772,3.69756601197156e-05,3.69756601197156e-05,8.14905294072738e-05,0,0.00584656759013152,0.000162995598709803,0.000558878955924146,0,0.00218150056861697,0.214223333235258,0.00186112598687997
0.00121019562496095,0.000384026623390066,0.0404067420689105,3.55824710701457e-05,0.000779891330511823,0.00055889970355289,0.00174424199359942,0.00427418875808873,0.00624317342241479,0.00238848532725184,0.0116708582255768,0.000226023642485933,0.00103348531461627,0.000419139622431211,0.00204629314360615,0.000121409134051811,0.000738729661295146,0.00185965695991814,0.00179866995414391,1.25408571213533e-05,0.000534330985328626,0.00101886662549141,0.000810446364262921,0.00106652343598843,0.00838526993330117,0.000129001309159782,0.000197105458976188,7.58478936457796e-05,7.71222751273513e-05,0.00542947842804464,0.000159808024242039,2.40616640957495e-05,0.000406066819687494,0.414064295115533,0.000367556092939546,0.000995598776006022,0.0754304207702843,5.13226067177521e-05,0.000216855549327944,0.003492102781228,0.00442481656518046,0.000797839442441567,0.000671312793952257,0.000459886560647592,0.00086502588981179,2.36678050960259e-05,0.00455218696134255,0.00019796294080819,0.0033764403096509,0.000438963242886761,0.00109966880107459,0.000709864211855233,4.59217010453712e-05,0.000848023576126248,0.000177542178883866,0.0315183010332076,0.0647038022983438,0.000713141918357014,0.00298778402637828,0.000390917546066789,0.000596998021276919,0.000388584016491236,0.00306082787695677,0.00010273737603489,0.000323810253581958,0,0.000451243749423079,0.000133167972760357,0.00204186798026454,0.000455720549151839,0.000223046737976379,0.000243750254363474,0.00271894041072001,8.67545505292365e-05,3.55017076440389e-05,0.0173509489206038,0.000258811693623102,0.00235907601518883,0.00156598740982828,4.21659952044391e-05,0.000922063059742609,0.000113098605197221,0.000380703956967279,0.0137552380863177,0.000105877890322141,6.15920728604231e-05,0.00275622830781131,0.000377480873246481,0.000449946084988372,0.00377097194841258,0.00111776648568562,0.00028879720987413,0.000956064170812095,0.00131524036553332,9.59435189401919e-05,0.000219819283736161,0.00147003947181508,0.00219533074674337,0.00246494031027539,0.0048187443502309,0.000114258183009287,0.000888700928230128,0.00256256541496282,0.00202206988296405,0.0425031598269425,0.0131994156064111,0.000351263059056116,0.00142740689433294,0.00448828465788936,4.9143378338456e-05,0.000117490460316197,0.00012453864874551,6.54279002444473e-05,0.00621987943367816,0.00180978456439757,0.000734627777931601,0.000237737933630459,0.00139056088665378,0.00134163274681382,0.140388838972773
