0.388165138072558,0.0312689137848682,0.000858577598707634,0.00127443810995137,0.00010028990681024,0.0394243237400865,0.000263145006148808,0.00771215401924763,0.000118842886579994,0.000125277641593602,0.00629651215889017,0,2.58100509713383e-05,0.000184565976377724,0.000735656022700598,0.0189383709624922,0,0.000592534848859284,0.0494131951986659,0,0.00101399530682002,9.75076557222455e-05,0.0200107255181431,3.64776664002125e-05,0.000577490382226722,0.000668391971199715,0.000336693116630075,0.000226051467800491,0.00156062358715872,0.0170127439137837,0.000458735807373015,6.13322926776996e-05,4.26704617154968e-05,0.000108399950040062,0.000144248752415516,0,0.00367449754874887,2.20972033883823e-05,0.000109240125014629,0.000642003095555623,0,0,0.000670798005220838,0.000799474925804958,0,0.101908300074018,1.06676154288742e-05,0.000171552099699606,4.61898571352354e-05,0.0123325017094707,0,0.00081030201684724,0,0.00637575444587584,7.00890587188712e-05,0.00577478688648559,0.000552959628847011,0.000267619826262398,0.00047542235158043,9.75324839211356e-05,0.0132856815469331,0,0.01529085507416,2.26172162206921e-05,0,3.55222417063612e-05,0.149756453352932,0,1.19496007918179e-05,0.0042574368554391,3.45668170125099e-05,2.13352308577484e-05,0.000716383046438265,1.19496007918179e-05,0.000888904140885586,0.000664148228501903,4.65164178043278e-05,0.0012074647207069,1.19496007918179e-05,1.29050254856692e-05,0.00828469638645534,3.64776664002125e-05,1.06676154288742e-05,9.55725490211171e-05,0.00197025284100872,1.19496007918179e-05,0.0345777507970813,0.000800310609932068,0.0140565374844426,0,2.58100509713383e-05,0,3.27648188172565e-05,0,1.06676154288742e-05,0.000815288717334677,8.52314942613353e-05,6.35697027344945e-05,0.00124605679794039,1.06676154288742e-05,5.53820350379486e-05,0,0.00991653000140089,0.0119305322563775,0.0070210218326037
0.0840467808034413,0.140707015806356,0.00101393034348613,2.04244961277782e-05,2.04244961277782e-05,0.014298096418205,0.000498186693740934,0.00227469311880648,0.000688100709567315,6.27323809638903e-05,0.00170444063757317,0,0,0.000193623383640932,9.20256845058374e-05,0.0208532952341003,4.11749150661061e-05,0.00164984069508355,0.0112419188377869,0,0.000798360597356412,0.00026253769071955,0.072512870432915,0,8.53035125812959e-05,0.00107712564872976,6.17623725991592e-05,2.05874575330531e-05,0.000145889258055559,0.12787802064379,0.000629231837027761,6.15994111938843e-05,2.05874575330531e-05,6.12734883833347e-05,8.53035125812959e-05,0,0.00102352005553419,0,0,0.000512791083852506,0,0,0.000902578351890942,0.00191057322117176,0,0.267745760654323,8.31568770916685e-05,0.000292534201476585,0.000116055708703799,0.00466498393488515,0,0.00627865989882663,0,0.0198471142665046,8.21868687269374e-05,0.00909549245125765,0.000767394078234646,4.10119536608313e-05,2.38670627926864e-05,8.33198384969433e-05,0.0840166947671929,2.38670627926864e-05,0.00301218682178936,0.000421174728919631,0.000288224405462743,0.00132689484718373,0.0211032889999584,2.04244961277782e-05,0,0.0113769702970605,2.38670627926864e-05,8.21868687269374e-05,0,9.54682511707455e-05,0.000992571736281596,0.000187588954625462,0,0.00100809477316391,0.000102285442044166,0.000452435181511343,0.00256326773218128,2.05874575330531e-05,0,0.00020587457533053,0.00219408550743906,6.47160550482428e-05,0.00999126983025675,6.83215831184258e-05,0.0337244610567219,0,0.000149331824720467,2.38670627926864e-05,6.12734883833347e-05,0,0,0.000456744977525185,0.000270976735578801,0.000153788057104997,0.00119668578132253,0,6.47160550482428e-05,2.04244961277782e-05,0.00215912537315949,0.00323394421638532,0.0222641549544081
0.000216042537777166,0.000475128155340933,0.488623755097532,4.30186320304838e-05,0.000440535163988892,0.00185166460207188,0.0210073366170346,0.00174977015278744,0.000361026996711698,5.77048332100709e-05,0.00069105762736494,0,1.0754658007621e-05,7.18492115066268e-05,0.000149051539729286,0.000667624074330952,0,0.00363472362017909,0.00125107127898688,3.56536943117978e-05,0.000315318947704403,0.0226103332122192,0.0313930957780827,2.32041761597094e-05,0.000133665035237575,0.00160444791964121,0.00020958029352582,4.30186320304838e-05,0.000354268993990322,0.000974495237095405,0.00421425159768089,6.2178199265068e-05,1.24495181520884e-05,0,1.0754658007621e-05,0,9.4983996170962e-05,0,2.15093160152419e-05,0.000321607764406083,1.29913410351195e-05,0,0.0152657134011857,0.0388701340652112,3.61955171948289e-05,0.0927350015339979,0,0,0,0.000167444422055994,0,0.117986921494127,0,0.000528403532222129,2.37459990427405e-05,0.00238623996418281,9.55952105493673e-05,0.000102847082514894,0.0011674360069643,8.75736437763421e-05,0.00367134169042497,1.0754658007621e-05,0.000162359841622592,2.5440859187208e-05,0,0.0015403154457877,0.000312157099339936,0,0.000861240576902807,0.000860963594473278,9.8373716459897e-05,0.000172932042381679,5.54681501825723e-05,0.000381565732714037,0.00148541460025741,6.05527306159747e-05,2.48990363041769e-05,0.00239905136645684,0.000180977585974145,3.78903773392964e-05,0.00532930070099128,0.000126164324427763,0,0.000257387747519676,0.00235780002667908,3.673734007786e-05,0.010808819922794,0.000512582721737977,0.0621490097704186,4.64083523194188e-05,0.000120494246853544,8.09090093697803e-05,3.39588341673304e-05,0,1.0754658007621e-05,0.000309942888182066,0.000190717989711078,3.52688469080487e-05,0.000455312194520347,0,0.000215389154090787,0,0.000647110349161189,0.000191889219461048,0.0505391676158226
0.000392435629455724,0,0,0.372268877257739,0.0110137928901262,0.000471122921071672,5.42798694425503e-05,0.0212433149987985,0.000889236232434875,0.000141937945285312,0.000266479986659342,0,0.00201977439525858,8.76580758427615e-05,0.000547574713290643,0.00067495913950387,0.00715881219817267,0.0103986127553561,0.000243552611780301,0,0.000294326722091793,5.42798694425503e-05,0.00372018528357115,0.00146922233511276,0,0.0026282245687554,0.000340247917721881,0.00282044902600957,0.00652614930665262,0.000769192399143629,0.000297832481222851,0.000117596968983919,3.6883965531269e-05,0.000196217814727862,0.000600446206282973,0,0.000145068590851125,9.81089073639311e-05,0.0477141325923341,0.00117101474032466,0.00112703240369265,0.000260948515691582,0.000240046852649243,3.6883965531269e-05,3.6883965531269e-05,0.00702075315389606,0.000145068590851125,0.0247913765886561,0.00442297075154085,0.000245269655923762,3.6883965531269e-05,0.000384076955643261,8.76580758427615e-05,4.38290379213808e-05,8.76580758427615e-05,0.00268616349603964,0.00213731329804278,0.000233101780259131,0.000271399347212752,0.0005058430580501,0.000229596021128073,0,0.000665927134377183,0,0.000629259758728395,4.38290379213808e-05,0.00082870029683283,0.000674838176469821,0,0.000306119484191179,0.000527428502350925,4.38290379213808e-05,0.00379078540275668,0.00102101160692563,0.000196217814727862,0.0985399325672735,0,0.0271180046259825,0,0.00129869265223664,0.00710770852027941,0.00124328744209835,0.000491886467397872,0.00466941878655669,0.00731732937436677,0.000292913120669442,0.254445695885494,0.000761872213188273,0.0130702438293809,0,4.38290379213808e-05,0,0.0061884296839358,8.76580758427615e-05,0.000131487113764142,0.0254148234180124,0.000184419827656345,9.11638349738194e-05,5.42798694425503e-05,0,0,0,0.000182327669947639,0,0.000633890858555188
0.00133460452908134,0.000261326685673107,5.84803179234196e-05,0.000817338358461983,0.540431883587446,4.45015665892807e-05,0.00024320754774311,0.00456457211712621,0.000207079682699879,1.20887767199531e-05,0.000199919744018265,5.60869023751033e-06,0.000334547230020044,0.000356040439942722,0.0018659305998361,0.000259633201894082,0.000295820765809167,0.000865426027268959,0.00103567889593924,5.10586804136133e-05,0.00292531954906789,2.88446926500531e-05,0.0076994515850084,0.00418359784286959,4.09300330902769e-05,0.0350848556992332,0.00800705313755732,0.00678945208881358,0.010819914245101,0.000372078704596628,0.00287057767509684,0.000518226546784413,2.79698601253913e-05,0.000280310764279219,0.00070744632477392,0.00013529636840564,0.000289369598752403,0.000154179903820013,0.000285060415728911,0.00533416089102795,0.000911060240796194,0.000646781439594459,0.000381356492031582,0.000377488978228918,0.000194133483247125,0.0117502304458623,0.00117965744899284,0.000983011616161125,0.000633356393004188,0.000345067805290462,0.00137324159292095,0.00373759982315557,0.00124296626593255,0.000130160812014778,0.000401111439263152,0.00186767787021717,0.0114034699025313,0.00096059372689469,0.000111031788499697,0.000446065278055225,0.000232021297955345,0.000386691354377001,0.000931531060605286,0.000160975942900636,7.80065258900218e-05,0.000186899725110137,0.00114891958941435,0.00244282392857092,0.000421543472021543,0.000215282253708851,0.000426272196077817,0.0005978602549414,0.0331767596925996,0.000927590495578969,0.00117140302061238,0.00911936099706121,0.000111281790826898,0.0531429152018005,0.000393200522928775,0.0235521829471512,0.00705921769094678,0.000979550796272919,0.0105727020766861,0.0138990233895574,0.0379519446420226,0.00161805608936851,0.087732282315843,0.000891702860401755,0.00867034082296299,0.000243790064637055,0.000390999312382342,0.000252079515040676,0.0122773843314568,0.000133006082775245,0.000184756311889021,0.00221199047777116,0.00165218679416982,0.000947816837754303,0.000900919038767059,8.98009383613334e-05,0.000158375189569715,0.00017624219523276,0.000572212953099734,0.000121305259614388,0.00261388552896299
0.0234247472334528,0.00588857369649323,7.00111084431641e-05,7.2738866109384e-05,0.000372941192689845,0.397685500467882,0.00036896841088699,0.00428088082759275,0.000209416888357896,8.36410937697474e-05,0.0170856328802067,0,2.34817211146287e-05,9.11991267922946e-05,0.000168203208467366,0.00215227772696345,0,0.00041473149569749,0.220713024778864,0,0.000323826615911483,0.000119268253437919,0.00579212184322714,7.62654428180743e-05,0.000113034285394001,0.000312317061853024,5.60677361557887e-05,0.000226430882176776,0.000300545190445746,0.00384756113421338,0.000401727057916004,7.48103729495272e-05,2.34817211146287e-05,4.69634422292573e-05,0.000118035379494727,0,0.00141166939365283,0,9.64427831493677e-05,0.00103615058814119,1.03769817242043e-05,0,0.000247661167133363,0.000210144882695921,2.21178422815187e-05,0.156516439998043,0,0.000141294904684001,3.3858702838833e-05,0.0103055128801323,3.6061214568894e-05,0.00253811375905369,0,0.0339567848618188,3.3858702838833e-05,0.00276166327406001,0.000550469357063626,0.000112135472311577,4.70546332646944e-05,1.31959304258614e-05,0.030865681062875,4.70546332646944e-05,0.00712672118775073,9.21289507246827e-05,0,0.000363966677276744,0.0133332737061741,5.68151780173027e-05,0,0.00102737001812543,1.31959304258614e-05,4.15079268968173e-05,2.49367909831757e-05,2.49367909831757e-05,0.00022752364065655,0.000359955894862863,0,0.00208314141441325,5.46126662872416e-05,9.69282152310459e-05,0.00182082163818701,0,2.07539634484087e-05,0.000144205044421095,0.00164564766433318,7.00111084431641e-05,0.017930811276025,6.91724755462131e-05,0.00770997277911865,0,6.4989648011446e-05,0,0.000134444499668487,0,0,0.000666755419683519,0.000184874338420962,5.07122148633025e-05,0.000240516822680545,2.07539634484087e-05,6.30695123922129e-05,0,0.00142525833874844,0.00150216183951659,0.0153758822950919
0.00135358552382354,0.000438157897561471,0.083338967500781,4.40190609497804e-05,0.000981850661788503,0.000644001016436659,0.369172181170927,0.00317123778758248,0.00061377051547407,0,0.00123036461211567,0,8.93882483248019e-05,0.00032973544945232,0.00123736755428041,0.00290278342944469,2.18196368247245e-05,0.000340729377440508,0.00087138260637421,2.18196368247245e-05,0.00117257248431021,0.0522521798747547,0.0242827862947583,0.000134215475120028,0,0.000665492699736978,0.000234939845929933,0.000349900358158304,0.00157268318490575,0.000591235746348719,0.00210124680342438,0.000151549504627295,0,4.40190609497804e-05,0.000631161882650181,0,0.000182919909470146,0,8.80381218995608e-05,0.00687127650584752,2.18196368247245e-05,0,0.0553605811933105,0.0155193807711367,4.07214067780995e-05,0.0498930311803774,1.89017699533749e-05,5.02345819928109e-05,0,0.00134152607393749,0,0.0161115278089035,0,0.000372024596676528,8.43606804275486e-05,0.00357859006942147,0.00856059627387021,0.000153876819674066,0.00919277943235209,0,0.000697795850901324,0.000195768331659955,0.00317005925366261,8.47404677278799e-05,0,0.0705492115317294,0.000956565067540214,0,4.40190609497804e-05,0.00184816286521429,6.87565646458545e-05,0.000319045319533199,0.000314814919040024,0.00020241908074472,0.0121740475525042,0.000160092340717096,2.18196368247245e-05,0.00166324108055931,0.000431012779283388,0.000309911931618819,0.0104319712327842,7.85249466848494e-05,0.000143983857159023,0.000301320504284234,0.00429820600568208,0.000156035111944753,0.0129432694121838,0.000506688195207099,0.131489191986438,1.89017699533749e-05,6.5838697774505e-05,0.00034148210254455,4.36392736494491e-05,0,0,0.000397390245000596,0.000219753110251987,0.000103424623660387,0.0031758923616092,0,0.000875309208798319,6.2541043602824e-05,0.00190821903665913,0.000752699761839224,0.0200449021424964
0.000778296160938807,0.000265299978604491,0.000435623957306794,0.000189960776858584,0.000517362748584093,0.000529665698704307,0.000379825939156246,0.32643527129941,0.00122727389694017,0.000562887220177559,0.000609773853456235,2.17580002012847e-06,3.9323383553101e-05,0.000185317300095067,0.00067107750795622,0.00118033679331635,2.3777136549118e-05,0.0137866000488945,0.00316217056120564,4.46883618419138e-05,0.000693210936272641,2.9910190981424e-05,0.00415959528709971,4.50360262781625e-05,0.00109064346395008,0.00113736776638982,0.000186342814219193,0.00055943482334587,0.0011236945212576,0.00136482892246322,0.00109312142257748,7.61049480829504e-05,1.90949789630937e-05,6.44805362694295e-05,0.000143865590544067,7.84921763310086e-06,0.00360991092703397,1.16314960417491e-05,0.000470787780443834,0.0169193319799652,2.5576482293516e-05,1.2292611133284e-05,0.000311067652380899,0.000147273610884783,0.000123487408573347,0.0114633820941682,2.34924757333137e-05,0.000873051933162801,0.000135479192163219,0.00119087292859177,4.68700490180486e-05,0.000649593573559714,7.54644245249284e-05,0.000134140937219725,4.62922314122818e-05,0.00652529934572852,0.00317604787196704,0.00268567718795524,0.000185729727727425,0.000177455697602953,0.00035802179363454,0.000386156608474476,0.00252641791495132,0.000706403124435073,7.70224700718579e-06,0.000200329248815865,0.00131046429746029,3.30037615312775e-05,0.000115968823111964,0.000378846451472244,0.000121852924807213,0.000270407961551284,3.56932934066715e-05,0.000275149318344179,0.00066313227043656,0.000874387741388614,5.71931434293548e-06,0.00776996539772861,0.00018710160992666,0.000496773848663986,0.00484642261133966,4.06504187621201e-05,5.51935164849775e-05,0.000265496724557268,0.00513046337757948,0.000167836015427949,0.544283183304344,0.000686048117317439,0.00485258196075507,1.93337430489349e-05,5.22364306842604e-05,0.000427474235789315,0.00020882817071147,0,1.42270382494194e-05,0.00547015193613847,0.000210780323633618,0.000101794599831773,0.000217285086288408,3.87407186857444e-06,4.67461873807861e-05,8.22567190883138e-06,0.00179797451281373,0.000455389188796091,0.00207280531561373
0.00121333925188758,0.000803254460932979,0.000249550177189021,0,0.00214587654558398,0.000402375479498576,9.87688722354088e-05,0.0317291560632131,0.0690424086172843,0.0010063193411112,0.000395075488941635,0,0.000402237301105891,0.000518554829212289,0,0.0133570899359358,0,0.000671380131521844,0.000342377378538977,0,0.0074415660523742,8.51178898939296e-05,0.00975240413456865,0.00034831904942443,0.00157702478143437,0.0126091720105639,0.00058612406323523,9.87688722354088e-05,0.000539915123009794,0.0050492235756115,0.00421634940299374,8.51178898939296e-05,0,0,0.000559507776236727,7.93143974011617e-05,0.0119782911837962,0,0,0.0124783118584123,0,0,0.00059786922661345,0.000243746684696253,0,0.0846700797946325,0,0.000439240431811127,0.000243746684696253,7.93143974011617e-05,0,0.00328530339308254,0.00017808326963657,8.51178898939296e-05,7.93143974011617e-05,0.3601972055949,0.0176110916473664,0.0259528742852462,0.000526402319061,8.51178898939296e-05,0.000580458749135147,7.93143974011617e-05,0.00106631744207079,0.0454959266834834,0,0,0.000249550177189021,7.93143974011617e-05,0,0.00950028071070831,0,8.51178898939296e-05,8.51178898939296e-05,7.93143974011617e-05,0.00651213646894347,0.00114466980500213,0,0.00655869737299933,0,0.00341498251104762,0.0204251962928354,0.000164432287295091,0.000243746684696253,0.000317257589604647,0.022933079370138,0.00017808326963657,0.0938344357970263,0.000742294325503555,0.0574619982045152,0,7.93143974011617e-05,0,0.000361970031765909,0,0,0.000975534238076782,0.000263062981137815,0,0.00914419759989868,0,0.00093499061195143,0,0.000783799986098732,0.00173537721945133,0.0303532303787856
0.0141027560950824,0.00139603168319766,0.000107525346203149,0,0.00014509444306931,0.00103471570022748,7.02206342551179e-05,0.0193845057970087,7.2547221534655e-05,0.213230734362795,0.0028329334978107,0,7.02206342551179e-05,0,0.000215677662355005,0.00890137185441264,0,0.109803143134509,0.00923669502300332,0,0.000142767855789773,0.001040275337363,0.00811647346332545,0,0.0371425344623235,0.000285898296610123,0.000643981229724324,0.00154485395361259,0.000814120478395273,0.00443333849964964,0.000210661902765354,0,0,0,0,0,0.00788225486435478,7.02206342551179e-05,0.00225239331765518,0.00103910448986843,0,0.000107525346203149,0.000283209124300009,0.000322576038609448,7.02206342551179e-05,0.0079708842427665,7.02206342551179e-05,0.000247966614713385,0,0.0159277674156544,0,0,0,0.000285535711579546,0.000145457028099887,0.00533936295251403,0.00140525493991297,0.000177745980458267,0,7.02206342551179e-05,0.00103382434536065,0,0.308670332370775,7.02206342551179e-05,0,0,0.0441173976260945,0,0,0.00107837320406542,0,0,0,0.000491544439785825,0.000215050692406299,0.00121882958028526,0,0.00113955187412052,0,0.000285535711579546,0.000999110605610281,0,0,0.00014509444306931,0.00217750062420398,0.000140441268510236,0.109905093735867,0,0.000723870798128167,0,7.2547221534655e-05,0.000210661902765354,7.2547221534655e-05,0,0,0.0151092808091825,0,0.000720652855981794,0.000215050692406299,0,0,0,0.0290260874374899,0.00165383341686545,0.00186056731513289
0.0036386993106038,0.00143759810230967,3.41716867746184e-05,8.86937828431712e-05,7.81370712691124e-05,0.0254918178026981,8.86937828431712e-05,0.00464281553240138,1.68594853051417e-05,0.000606304785624765,0.468272845127848,0,4.07008185878688e-05,0,8.14016371757375e-05,0.00201757643122225,0,0.00119709430441897,0.313170908780503,0,5.12575301619276e-05,0.000109044192137106,0.0121240239541943,0,8.82410666788362e-05,0.000366874171169999,5.42957379863853e-05,0.000566546894323538,0.000250215922527012,0.00154479659431598,0.00019941803431173,0.000163339930123491,0,3.72098945990761e-05,3.74362526812436e-05,0,0.00172452915302761,2.03504092939344e-05,0.000176934849522007,0.000677998903104328,2.03504092939344e-05,1.68594853051417e-05,0.000162660855876988,0.000203898330236873,0,0.0268840004033117,0,0.000166378137947949,5.7786661975178e-05,0.0553450723558688,0,0.00121876992650613,0,0.00486716003919506,5.7786661975178e-05,0.000541730036696735,0.00104549164177225,0.000137228090236779,0.0003278955902655,3.74362526812436e-05,0.00465792968977875,3.39453286924509e-05,0.0126064596564175,0,1.70858433873092e-05,1.70858433873092e-05,0.0116710977799602,1.68594853051417e-05,0,0.000812499293740746,2.03504092939344e-05,1.68594853051417e-05,0.00030633194955762,0,7.1607939455862e-05,0.000163113572041323,0,0.00256672683788159,7.13815813736945e-05,0.000321746848157503,0.000690450629477656,0,0,0.000181193474731273,0.00219571792899059,2.03504092939344e-05,0.0144702025028001,7.48725053624872e-05,0.00578805774205101,0,0.000101383269913018,0,3.74362526812436e-05,0,0,0.000649418529291105,0.00017307291056054,0.000135781314769804,0.000230406856371383,1.70858433873092e-05,0,0,0.0062103964161991,0.00101359046160162,0.00445216459704845
0,0,0.000132705367231143,0,0.00096973828911453,0,0.000265410734462285,0.00158847706382973,0,0,0.000132705367231143,0.580625745164764,0,0.000235552026835278,0.000383186747879924,0,0,0,0.000265410734462285,0.0102469871150747,0.00178359928779118,0,0.00265135638708786,0.000410387226877612,0,0.0375990418122981,0.000660868607526394,0.00719438244992399,0.00338265775007948,0,0.00150691683968364,0.00806473595857955,0.00080571115818908,0.00607243481375157,0.000279010973961129,0.00306723522582372,0.000146305606729986,0.000544421708423414,0.000132705367231143,0.00148018000521432,0.00064726836802755,0.000529492354609911,0.000132705367231143,0.000731528033649932,0.000396786987378768,0.00251841404598666,0.000117776013417639,0.000383186747879924,0,0.00054977937852902,0.00479364138523756,0.000957374435024672,0.000279010973961129,0,0.0106333987682297,0.00164274408007247,0.00136240399179668,0.000279010973961129,0.000662197721841054,0.000368257394066421,0.00027488968926451,0.000117776013417639,0,0,0.000662197721841054,0.00834799700738407,0,0.00112552285064674,0.0124472276792706,0,0.000410387226877612,0.000132705367231143,0.000396786987378768,0.00841863067547825,0.000677127075654557,0,0.044280643717057,0.000383186747879924,0.000250481380648782,0.0016452065476787,0.0132205249333208,0.00425869863161637,0.000381857633565265,0.00421025293000761,0.0135863095565692,0.00545074932047829,0.0237711889112659,0.00253627981514651,0.0078242074804731,0.00429363682263196,0.070987856452618,0.00162492982697133,0,0.000146305606729986,0,0.000671676676643278,0.0509525090867201,0.00567027985305546,0.000421195295994496,0.00850554341812408,0.000515892115111067,0.00268281209253481,0.000407595056495652,0,0.000696084985259006
0,0,0,0.00229661615280986,0.0137191987356987,0,0,0.000974067058001232,0.000281552684675542,0,0.000340911009505419,8.26906528017554e-05,0.101076443782533,8.60734522345545e-05,0.000426984461739973,0.00036848526057557,0.023508515442337,0.000416868163850273,0,8.26906528017554e-05,0.000582249469453783,0,0.0210796677841624,0.00698382269671,0.00056482361668203,0.016276872921341,0.000622463694180961,0.0328403820648074,0.521523193294682,0.00036848526057557,0.00118872249095361,0.00103933185803123,8.26906528017554e-05,0.00219981824585176,0.0306916770079009,0.000192955556673661,0,0.000192955556673661,0.00254915940632463,0.000364243337477298,0.00440537079198427,0.00207492489391504,0,0,0.000196338356106461,0.00743366790223591,0.00276335609525455,0.00337788048289922,0.0134255371932191,0,0.00159481250485125,0,0,0,0.00115971305979284,0.00369156392574841,0.00112284953408977,0.00033752821007262,0,0.0192221537055535,0,0.000110264903871906,0.000172146904469109,0,0.00102665978396551,0,0,0.00315373850371138,0.000251454757838065,0,0.00073358772171834,0,0.00354910756474823,0.000306603259978367,0.000551292418950834,0.0222875127803984,0.00016876410503631,0.0118117416739524,0.000258220356703664,0.00140529344283948,0.00520537192472015,0.000416868163850273,0.00105675771080299,0.000254837557270864,0.00523384206901482,0.00239371872182868,0.0754476910930093,0.0103967912608895,0.000430367261172773,0.00036510246114277,0.000760270748714322,0.000282411808341015,0.00194077086589132,0.00058477314522111,0.000667463798022865,0.00141205904170507,0.00119992728452002,0.00126573604056647,0.000248071958405266,0.00016876410503631,0,0.000306603259978367,0.000254837557270864,0,0.000110264903871906
0.00023235869134831,0,0.000243034091138111,7.95119323406161e-05,0.00265306188127908,0.000352257419915485,0.00140267681646493,0.00269977742857786,0.000269600783481433,0,4.22384827592676e-05,2.11349201037464e-05,0,0.242830865822202,0.0449051993290214,0.000200921038171744,2.11349201037464e-05,0.000301038436657999,0.000235503395441746,2.6503977446872e-05,0.0522637911120769,0.00128451959487481,0.00812429787845654,0.000149422720428267,0.000339227114717328,0.00153955494103904,0.000835913104252666,0.000481744905569742,0.000696594727476335,0.00083273992525904,0.0802252011477277,0.000223534237977533,0.000467293173086542,0.00019468047748807,0,0,0.000149328648083592,4.76388975506184e-05,2.11349201037464e-05,0.00220609698228654,0.000437794773577604,0,0.00217301039477355,0.000415070011372167,0.000531886750742356,0.0261635253855763,0,8.4414250622085e-05,2.11349201037464e-05,0.000202336602977336,0,0.00343343786741022,0.000808446433668606,6.87111027579145e-05,8.99087377581112e-05,0.00225425734835814,0.00673945223146639,0.00500817243746292,0.0093375659303503,2.11035626555212e-05,0.000797970163413373,0.00838907458146366,0.000912024993278584,0.0029583287821852,0,0.00145881782839991,0.000243190878379236,6.87424602061397e-05,4.22698402074928e-05,0.00044404920165453,0.00137872973703234,0.00661547707358329,0.0003322281127968,0.00074594453414614,0.0508020300424239,0.00138615749849649,6.87111027579145e-05,0.00195843030535172,0.00409062376151111,0.00114454495150348,0.247353557521202,0.000582935819479149,0.000260150563990143,0.000455456807598726,0.0635740663221468,0.000222024600827265,0.0209107829847425,6.34047603112392e-05,0.0408098895766682,4.76388975506184e-05,0.000280401613064135,0.00221090150817823,0,0.000437794773577604,0,0.000625964860513857,0.000385141995345868,0.000142853977755405,0.00426887825326173,5.30079548937441e-05,0.0159552201262442,0,0.00027540522243799,8.98773803098861e-05,0.012767536014567
0.000125405028208065,5.57196053928164e-05,0.00104959590546826,3.45123865098848e-05,0.0054491459556285,0.000438324404211944,0.00452331658448739,0.00315431654823066,0.000259918578810695,0.000394150170759939,3.37811918804381e-05,0.000209925978114151,0.000194842477472422,0.0304416694703132,0.435851172215821,0.000786164650003104,0.000397004404443758,0.00115126557625971,0.000981871320081838,7.61956296463013e-05,0.00965246609754107,0.000726007781909799,0.00571279892342899,0.000142295624148284,0.000109245626897293,0.0071434107873943,0.00185818130733236,0.000435029394047275,0.00183988908337711,0.000454894201381638,0.00968943269395259,0.000107597864352061,6.82935783903229e-05,0,0.00050843096276699,0.000401754889149496,0.000174684971603797,0,0.000159854814453397,0.00457959561997648,5.2609453588691e-05,5.85738390766355e-05,0.00183969024845926,0.000295418078070333,0.00623967180643603,0.012625508315886,0,0.000612753457695434,3.80978148231506e-05,0.000849953657535399,0.000530403361381863,0.00240176632771111,0.00270332173277581,0.000233768072292068,0.000143828558241145,0.00168270305576036,0.011692886558578,0.000501831747334163,0.00722908097811486,3.37811918804381e-05,0.000202331852483813,0.0495662191869872,0.00126168346851061,0.00158110900550001,0,0.00230540796937741,0.000326282436002399,7.83186687006737e-05,0.000380176408768092,0.00171895464092457,0.00493203290258635,0.0205697655382439,0.00125365629028635,0.00136877648490071,0.0129043592449765,0.00200256936923061,0.000119270717207643,0.00834610678429292,0.0310343924616898,0.0012301005684115,0.0446915002471779,0.0027723855665952,3.80978148231506e-05,0.00351024134969185,0.148190836123215,0.000332257414249563,0.030428732033265,0.000227513783581322,0.0238825998593199,0.000106866669722614,0.000126867417466958,0.00231254550294889,0.00013900009905782,0,0.000746408700557986,0.00125425389845231,0.000461809139887864,0.000572940425047856,0.00331140209175647,0,0.0132548477541333,6.950004952891e-05,0.000303048763432144,0.000109245626897293,0.00283777511062121
0.0330628215380343,0.0246118619426463,0.000252846822692941,0,0.00248550272298006,0.00477719996873044,0.000923340469239245,0.0069816144931899,0.0032235901150156,0.000115411567657206,0.00195753285665379,0,0.000289675075055854,0.000439026075532175,0.00119879504573518,0.224171393707765,0,0.00101879692064851,0.00565604744676765,1.85072887974462e-05,0.00101951111140424,0.000199199084692195,0.0363469726679822,0.000108468165755212,0.000439152264607051,0.00558568721325915,0.000132462911497143,0.000591334421187588,0.000532900392909055,0.0533887145877789,0.00131360693360229,7.54851001472946e-05,3.70145775948925e-05,3.70145775948925e-05,7.66730535894201e-05,2.0478347160849e-05,0.0123414056786512,0,5.44916395805524e-05,0.00131643228950491,2.0478347160849e-05,0,0.00287297791941952,0.000977054260157764,0,0.139133234293817,1.85072887974462e-05,0.000169903207237759,0.000192308012264488,0.00271542421556903,0,0.00245539981546657,6.1435041482547e-05,0.00494317571515748,3.83365267947101e-05,0.136838778372281,0.00351181868362381,0.00128522042785006,3.89856359582952e-05,0.000204297617305663,0.0153187637789671,0.000499673066658401,0.00805797086884909,0.00214258181949048,4.0956694321698e-05,7.74561585106974e-05,0.0115474859234986,0,3.59843507831062e-05,0.0425870972737488,1.85072887974462e-05,0,0.00044287126228717,0.000189866440992715,0.00190010826326822,0.000409499272348236,0,0.00446051139832271,0.000114985849511483,0.00175364472247982,0.0121687178723341,4.0956694321698e-05,0.000272713126476087,7.40291551897849e-05,0.00433425539078503,0.000423244273711718,0.0246750120149333,0.00145270273917579,0.109961278454491,0,3.70145775948925e-05,3.89856359582952e-05,0.000303554072177027,3.89856359582952e-05,0,0.000411843641677025,0.000495688822151595,0.000145997856755997,0.00132488891127375,1.85072887974462e-05,5.89488697132511e-05,0,0.00723330813589812,0.0122991167945824,0.0143139811472234
0,0,0,0.0308607080387694,0.00911706990432938,0,0,0.0064899584072563,0.000215656353700926,0,0,0,0.0294051401806935,0,0.000149289011084709,0.000107828176850463,0.211385643961088,0.00185786048216725,0,0,0.000243838718105025,0,0.0324015794377268,0.0252535678229417,0,0.00942442522011533,0.0018081724980759,0.0217029587544095,0.205031070931723,0.000215656353700926,0.000107828176850463,0.000379036546987685,0,0.00203990180183959,0.0150902557724615,0,0.000420497381221931,0.000121919359052512,0.00467564680495572,0.000944252995110785,0.00554247956919242,0.00230455845993256,0,0.00377079160498128,0,0.00528244286835204,0.00075350314979183,0.00685713560524785,0.0221697244761272,0,0.00090817481743198,0.00491160846468693,0.00220014992667771,0,0.000121919359052512,0.00213610194013823,0.000580601718486562,0.000121919359052512,0.000215656353700926,0.00752799841008454,0,0.00934254132282942,0,0,0.000121919359052512,0,0,0.000894083635229931,0,0,0.00108598378113681,0.00149289011084709,0.0103538931016911,0.000107828176850463,0,0.074705090123863,0.000149289011084709,0.0891139928502567,0,0.000243838718105025,0.000447867033254127,0.000364945364785636,0.00233309716745357,0.00827311186754489,0.00270345019532917,0.000447867033254127,0.107794167963516,0.00459606976047928,0.000825253148963489,0.000379036546987685,0.000766781619621978,0.000121919359052512,0.00298910609078535,0.000420497381221931,0.000542416740274443,0.00287718934554086,0.000420497381221931,0.000702521077539075,0,0,0,0.000420497381221931,0,0,0.000107828176850463
0.00126969828645481,0.000116057434182227,0.000266497851721219,0.000852133412859966,0.000425368745294411,0.000336785682741926,0.000106643119461119,0.0579995835768042,0.00107293977343462,0.0039597419088062,0.000811617067877635,4.58037674622921e-06,8.68930788270472e-05,5.17436659701144e-05,0.000298181886375344,0.000964450663627346,0.000108261761914851,0.46510375824646,0.00170919865994575,1.89758465200925e-05,0.000667507823265686,1.13086941405349e-05,0.00367752459642233,7.60995512837194e-05,0.00247648888308353,0.000689373503754376,7.38458876539771e-05,0.000446180177578145,0.00100425005522872,0.00165424196572172,0.000504635140909089,8.62814136093831e-05,0.000399009247974269,0.000168746457413195,0.000110029671304506,0,0.000711796248696403,4.58037674622921e-06,0.00114967611622629,0.00426923441494631,1.85115226141272e-05,4.7703923754396e-06,0.000489570547775352,9.65395865595924e-05,9.48792326004623e-06,0.00715959594246474,4.00549405711587e-05,0.000723221629453307,0.000156370035698127,0.000804396163383088,4.7703923754396e-06,0.000444374004171624,5.65434707026743e-06,6.60548430964332e-05,9.16075349245843e-06,0.00327436392002727,0.0033598635612596,0.000806135343701639,5.7017981781961e-05,0.000118114435673335,0.000312952107470235,3.39809627120287e-05,0.0056894543989175,0.000374486454522159,4.58037674622921e-06,8.48152060540114e-05,0.00101069987145481,0.00015276914945507,0,0.000137272129448908,2.47359165720258e-05,6.59064457972558e-05,9.24021033852069e-05,1.13086941405349e-05,0.000957413594129415,0.000888108483691225,4.7703923754396e-06,0.00579768286616833,8.77770335218751e-05,0.00037871841751741,0.00188494308426172,8.30153064554498e-05,7.85319873818722e-05,0.000141639227782946,0.0039051297770847,1.95854929381655e-05,0.369524721160048,0.000300869312391087,0.00581082640066958,5.65434707026743e-06,0.000133866352421722,0,0.000124309417274114,0,0.000171529419237283,0.0279345417779024,0.000123661040962346,0.00018882677366038,0.000127786224988453,0,1.87015382433376e-05,4.7703923754396e-06,0.000397072038945054,0.000255229222987954,0.00126300556205022
0.00833011389405858,0.00192841498501153,0.0002224291702935,5.81355183589843e-05,0.000891084917233121,0.0569408969719766,0.000149448376194204,0.003609118797733,9.14847529597917e-05,0.000294422395219098,0.0517641712488972,0,5.14236613864403e-06,0,0.000128058579074677,0.00159140012348231,1.56465802288829e-05,0.000685619739590727,0.637285421740529,1.02847322772881e-05,0.000387168163554675,3.59965629705082e-05,0.00718527841044006,1.05042140902389e-05,0.000435598987137339,0.000503346768257616,5.33699946230064e-05,0.00260901410604718,0.00016350653649739,0.00197720690202541,0.000202789812205211,8.56744108466751e-05,5.25210704511945e-06,0,0.00010204770447438,1.03944731837635e-05,0.000855175062100842,5.62894944778555e-06,0.000164312811990337,0.000532109064436324,0,0,0.000400351450456337,0.000223416871446639,0,0.0839140573940394,5.14236613864403e-06,0.000159408889751303,6.47185733538127e-05,0.0229593626924964,2.08986872740024e-05,0.00365947495667603,1.07713155864296e-05,0.00818712080607035,5.25210704511945e-06,0.00246681330884286,0.00131052405874505,0.00045755080888751,4.87142117935039e-05,1.59136817250736e-05,0.0112885671627783,0,0.00976620582174715,7.9730740219459e-05,1.02847322772881e-05,0.000113232331410745,0.0185658973710067,1.56465802288829e-05,0,0.000516765856681738,0,2.60410534126464e-05,0.000118207938403497,1.02847322772881e-05,0.000432588840442115,0.000205981285576045,5.62894944778555e-06,0.00169177355865663,0.000316213000827186,0.000145212528914224,0.00536207188419545,0,0,0.000119438576997768,0.00188007407859818,0.000137530784428329,0.0238776272764146,0.000151542539484866,0.00757101877378088,0,5.82452592654598e-05,0,2.61507943191219e-05,0,0,0.000901280430610593,0.000141973303880708,8.96862497773208e-05,0.000178995756136557,0,0,2.08986872740024e-05,0.00366063466621176,0.000789550447351219,0.00848985589600597
0.00028506667779122,0,0,0.00028506667779122,0.00557220927668552,0.000135952966977956,0.000253778871692184,0.00158524884235117,0,0.000278486305873566,0.0010241790179006,0.0090991644665876,0.000580314308360698,0.000652574241494186,0.00163826429157454,0.000126889435846092,0,0.00042760001668683,0,0.270116693584113,0.0019024724319664,0.000523201646433885,0.00516770264069084,0,0,0.12883598435411,0.00209715211436041,0.00554775015842556,0.00311599233995046,0.00014253333889561,0.00314715598808878,0.0107217848551126,0.00284917688238367,0,0.00042760001668683,0.00014253333889561,0.000421019644769175,0.00014253333889561,0.00314641104032452,0.00527274027545188,0.000843156711184745,0.000834093180052881,0.000253778871692184,0.000135952966977956,0.000776980518126069,0.00667957412826213,0,0.00175360703707456,0,0.000253778871692184,0.00241524480970061,0.00464450099425695,0.00146605720006913,0,0.0124320607638992,0,0.0362013573941529,0,0.000396312210587794,0,0,0.00148145278719723,0.00251382623050472,0,0,0.000253778871692184,0,0.00112462280811536,0.158654380988138,0.00192804897187276,0.00138585115745017,0.00149213037181833,0.000126889435846092,0.0248632524220735,0.00116919551601042,0.00304062845779921,0.0352371466712754,0.00415146973227571,0.00208982679467849,0.00224030624305957,0.0034571784159828,0.0073177460463139,0.000944221291203061,0.00843777500988297,0.0271874894465733,0.00623173636397949,0.0167882669733865,0.00204500577086201,0.0109400545500416,0.0567735865361121,0.00671433835726106,0.00300412601735033,0.00154738066433448,0,0,0.000684979469239617,0.0543128999127914,0.00877834029611177,0.00147487241527957,0.00425489331354752,0,0.00167203525688779,0.000269422774741702,0,0.000659154613411841
0.000308879857552534,0.000103840121838819,0.000130418117624074,0.000613317223803166,0.00273039501919651,0.000358568529457531,0.000295252025078173,0.00470325284410836,0.000717872749580559,3.51768497897951e-05,0.000218709872309954,8.0255970709044e-06,5.13966905933277e-05,0.0133302951526592,0.00506416083121646,0.000541265753400633,2.40767912127132e-05,0.000433358446449704,0.000469117522631614,7.68575157816523e-05,0.287114109054211,2.63404756769154e-05,0.00720699231090208,0.000198033092522783,0.000270900957526451,0.00590999768459667,0.00201867706215322,0.000897588159071998,0.00205479400518524,0.00119795102739787,0.106367521898451,0.000265917704745778,8.0255970709044e-06,7.09958299598419e-05,0.000187082524243015,0,0.000367139248930688,8.0255970709044e-06,9.11185091777867e-05,0.00616323205457626,6.45917869728881e-05,0.000159003121400781,0.00178284300300402,0.00085587896289285,0.000153191491711874,0.01608185189632,1.68619711837841e-05,0.000180747354702677,0.000139472855480883,0.000333367145979066,3.88934416762242e-05,0.00338050836873141,0.000646637503963529,0.000127088536143298,0.000151096453909395,0.00457471502617915,0.0114630712199435,0.0116030084721198,0.00220895762520515,8.00008507344454e-05,0.00122336935310377,0.00267273312426432,0.000616009953412153,0.0134145359609616,1.8314878606011e-05,0.000169074039191959,0.000622834910713379,8.51703500431013e-05,0.000107725360386972,0.00141047921185786,0.000308712767388961,0.00521136225968193,0.000666131661274424,0.00048715149454161,0.0183346197289531,0.00149830602614805,5.03483934430131e-05,0.00639816456718026,0.000752354638911595,0.00120655698579177,0.0845324091677581,0.00015652107319265,0.000445310368743186,0.0018409957388443,0.261875962115575,0.000338080422384756,0.0357630945399476,0.000265038054257187,0.0378948378432156,0.000142664690068428,0.000249241980089977,0.000234761066451763,0.000238233846923545,8.0255970709044e-06,2.05785630702132e-05,0.00111761288333998,0.000728305634471073,0.000353655358862433,0.0045928260845164,0,0.00186216141057862,4.62769083668771e-05,0.000269344285496059,0.000155692696284415,0.00693394661155369
0.000439007170539407,0.000376014446614704,0.214907300431742,4.62490133344635e-05,0.000859355830038945,0.00457295764001241,0.0917090534677944,0.000505056260729912,0.000414334837119327,8.44397240065833e-05,0.00801902495146649,0,0,0.000806331950446823,0.000757549548955963,0.000531505197208334,0,8.44397240065833e-05,0.0108283701943875,0.000114572132016359,0.000746763338388467,0.351744732839431,0.0210752686364657,3.81907106721197e-05,0,0.000454431830682291,0.000319169483682107,0,0.00265648061540503,0.00142658744845865,0.00140977038039337,4.62490133344635e-05,0,0,0,0,3.81907106721197e-05,0,0,0.000130688737341047,0,0,0.0175056879921301,0.0169957244463756,0,0.0787554558241948,0,0.000122695274594954,4.62490133344635e-05,0.00563606715751944,0,0.0237289574090399,4.62490133344635e-05,0.000947054372036703,0,0.00351051824144279,0.000114701811848862,3.81907106721197e-05,0.0143726681157466,4.62490133344635e-05,0.0131292097782096,0,0.00569524470716007,0.00017693775067551,0,0.0158562775858911,0.000812483970218322,0,8.44397240065833e-05,0.000883604095501013,0,0,0.000624755750195924,7.64462612604909e-05,0.00254119465872774,0.000114636971932611,0.00028364609977828,0.000477133041295276,0.000283581259862029,0,0.0112507385800139,0,0,0.000217856369252781,0.00321458572282125,0,0.00386281315005701,0,0.0303701387183504,0,3.82555505883712e-05,8.44397240065833e-05,3.81907106721197e-05,0,0,0.00055416286180203,0.000324435038523048,0,0.00079396365656974,0,0.00325239069454989,0,0.000114636971932611,0.000240060154432716,0.0275951857807613
0.0010535537242753,0.00138000690271226,0.00115969237243048,0.000169628137567387,0.000568551339653194,0.00104075554379477,0.000413859316228882,0.001667537247174,0.000381386095637803,5.46833887027994e-05,0.000219375777018065,5.48729653508107e-05,1.88926974295495e-05,0.000176877699875445,0.000137905730961168,0.00118109488539922,1.38971773825228e-05,0.000354867344334839,0.00237256193403262,3.05373455360906e-05,0.000595624896466326,0.000143533826787215,0.56489262725914,2.50862093684709e-05,0.000109528036443001,0.00127038227468524,0.000133927837068207,0.000446390424349434,0.000643898982880153,0.0157138416132514,0.00119326464142015,7.9377351739182e-05,0.000284753633764583,0.000163915336192239,6.16002482944312e-05,3.42867612568298e-05,9.4261456714771e-05,3.7836218441091e-06,3.12804391403281e-05,0.000394023004999033,2.34574554981881e-05,1.01426466626607e-05,0.00159887645413477,0.00640701228670753,2.927094441793e-05,0.236629186030999,6.20302108375741e-06,5.24728209138385e-05,4.07666293408657e-05,0.000608029739208635,2.47829932107826e-06,0.0162006903277633,1.49530718506462e-05,0.000552263161971603,7.46184679661243e-05,0.00332036187756629,0.000589641392997324,0.000161956119980096,0.000228931581415863,5.06655991783686e-05,0.00562742512522856,8.77031911926775e-05,0.000721292807752213,0.000324251870430441,2.13557333555683e-05,0.000275825395417623,0.000695175567663921,1.81684709922608e-05,0.000115774398998949,0.00329944403180873,2.79547556660267e-05,8.73127870525289e-05,0.000177874198334997,3.90596359636937e-05,0.00166263656146369,0.000283915136365281,1.00401098948602e-05,0.00199263942525448,5.63636948072484e-05,3.63717027362088e-05,0.00601825293211397,5.62774573827566e-05,4.64315578150987e-05,0.000313011389451113,0.00329820438763225,4.39051400186798e-05,0.0114014368262966,0.000445332921355207,0.0654806564016039,2.18404436208822e-05,0.000113565180000101,6.62766555785574e-05,4.63093604860518e-05,1.35878949002455e-06,0.000419748804553283,0.000388793242700642,0.000236136622212025,0.000133719326753307,0.000709003702337687,2.87862341526161e-05,4.27021177504454e-05,1.75477356687125e-05,0.00012869654492458,0.000159347071551549,0.0294541711438901
0.00124065619181782,0,0,0.00624862320946527,0.070823119543137,0.000247829981378015,0.000680902268360583,0.00264729576052111,0.000309157296293562,0,0.000243557050664601,0.000119642059975593,0.00456808570798128,0.000119642059975593,0.00174486201600068,0.000306390650507898,0.00612974966220792,0.000752035805560872,0.000440111863481647,0.000303378080652397,0.00199619641537387,0,0.00208543611221589,0.139789051251375,0.00105132539855223,0.0430327005850472,0.0023661891784433,0.0168245417220329,0.219200023756265,0.00111397455534315,0.00206985067428998,0.00118812066239894,0.00036193874978228,0.000555480992743826,0.00742815189967429,0.00018096937489114,0.000435838932768233,0.000371744972067022,0.000438851502623733,0.00210981333563846,0.00185428285682368,0.0048262137597837,0.000183736020676804,0.00067964190750267,6.40939607012107e-05,0.007894347084813,0.000866144573965138,0.00314582996084336,0.0127042222642069,0.000183736020676804,0.000622587523300537,0.000683668914146247,0.00120647274611051,0.000252102912091429,0.000435838932768233,0.0015362261832529,0.00115544350161938,0.000247829981378015,5.98210299877966e-05,0.00236416030486715,0,0.000433072286982569,0.000128187921402421,0,0,0,0.000927225964810848,0.0039932381947378,0.00111674120112882,0.000483087094685624,0.000495659962756029,0.000753542090488622,0.0956907770419798,0.000924705243095021,0.00210151339828147,0.0495779082227356,0,0.0508534856324703,0.000249336266305765,0.00181900812305647,0.00737455582270424,0.00145153608170286,0.0135931455551407,0.00407837403366442,0.00863958923794463,0.0018725273487547,0.127432319697848,0.00614991543593454,0.00370337056767206,0.000122654629831094,0.000376017902780436,6.40939607012107e-05,0.0248327516511803,0,0.00284386594359252,0.00105716609521086,0.000427293071341404,0.00131756894465928,0.000431811926124655,0.000119642059975593,0.000128187921402421,0.000576845646310896,6.40939607012107e-05,0.00123218718166282,0.00207135695921774
0.00469985375189572,0.00172337623343416,6.98193201431735e-05,0,0.00230685285989179,0.0036560093347859,0.000235854704162606,0.0594405803388683,0.000625478149116725,0.0390825978175479,0.00272516550321503,0,6.98193201431735e-05,0,0,0.010611075389509,0,0.0866836889392614,0.0142517346625507,0,0.000100157477110148,0,0.00788260526601453,6.78486135262291e-05,0.194050207924853,0.00176866226712149,0.000500787385550739,0.000613318755228503,0.00898292316355889,0.00274378666982004,0.000135697227052458,0.000168006090636377,0,0.000901417293991329,0.000414974507625152,0,0.0354664517217109,0,0,0.00378523138295412,0,0.000144625734582288,0.000371551931215064,0.00067076418280406,0,0.0212756279810247,6.98193201431735e-05,0.000307644730922724,0.000575808298669248,0.0120677962490361,0,0.00153270031361919,0,0.00067076418280406,0.000100157477110148,0.0179269148168075,0.000405831501415927,0.000978408913726784,0,0.000275335867338805,0.00125571548768253,6.98193201431735e-05,0.159908908041451,0.000284264374868635,0,0,0.030531380058607,6.78486135262291e-05,0,0.0011903872336392,0,6.78486135262291e-05,6.98193201431735e-05,0,0.00260929599783918,0.000791513533136157,0,0.00235515528125812,0,0.000707564112487817,0.000833890428484193,0.000200314954220295,0,0.000368321044856672,0.00111804755401313,0.000203545840578687,0.189616765554617,0,0.00935290657318087,0,6.98193201431735e-05,0,0.000307644730922724,0,0.00160251963376236,0.00997967171437397,0.000600944862660886,0.000168006090636377,0.000522089785648185,0,0,0,0.0358300403894534,0.00606905244714583,0.00210916551449409
0.000846575433891748,0.000526908227225736,0.00022025860687626,0.000300417974758743,0.0170319705518353,0.00014413910740499,6.04447413467308e-05,0.00148783286342148,8.16344296642597e-05,0,0.000333746141938196,9.52468306005506e-05,0.000216756087339606,0.000324626646656054,0.00178678606845302,0.000502764325064316,0.000181494985853834,0.000401625312446232,0.00135170755107281,0.000949916635224438,0.0035821801262295,5.80568429552758e-05,0.00882480464773155,0.00121091985636202,0.000108629927679293,0.645650638316394,0.00296388301092063,0.0079553630621733,0.00757521372928732,0.00095002908994694,0.00408435489670713,0.0021842744026018,0.00416383490340662,0.000945891720972747,0.000519159858296045,0.000260840127964879,0.000131269631808227,0.000321787752088635,0.000356296074771879,0.00312741881642364,0.000740168944938581,0.000773726111843377,0.000612245681627243,0.000280186490518564,0.000349786262525455,0.026948949168498,0.000669548335401926,0.00043668673221841,0.00023135097545283,0.000286252652713242,0.00131712321390847,0.00181462378930837,0.00172224819456433,4.92945272976868e-05,0.00191691376292841,0.00116135144023133,0.004833347275876,0.000386333036133986,0.000316008677469024,0.000242557636158913,0.000200682960086459,0.0024006234416575,0.000225206417751246,0.00124382842463594,2.78656816596103e-05,7.85087966781597e-05,0.000541576471291128,0.00390179605447127,0.00495790348952529,0.000440525202128272,0.00197942652137074,0.000477070922573926,0.00353672844477153,0.00736970868913744,0.00285199582241482,0.00231627834007172,0.000608801431701352,0.00566475233029169,0.000856558204147082,0.00177512299176338,0.0102161134248856,0.0177975863258889,0.012273826815772,0.0266743558778043,0.0333385546979051,0.0020613488817185,0.0378717305750839,0.00344209137489146,0.0179262616186509,0.00314146735450528,0.00223069597672964,0.00171309698009762,0.000787094720421239,0.000286599322169973,0.000252613553450715,0.00131446299517229,0.00414660161786776,0.00786526714214481,0.00156814008466762,0.000282677215815996,0.000309003233878861,0.000235908782411581,0.000576854509752265,0.000136564707089812,0.00518771934768482
0.000325785864445448,0.000111052293073202,4.60266962006588e-05,0.00010155284273726,0.0680225387638173,0.000111052293073202,0.000141471529374657,0.0086243413635887,0.000146420175416866,0.000410762175242772,0.000230341031271451,0.000126261911223929,0.000252523822447858,0.00027839225445558,0.00470157421746131,4.60266962006588e-05,8.1394578544323e-05,0.000644287097018746,0.0005503128193238,0.000199523953221519,0.0105923311380295,4.60266962006588e-05,0.00687712991751563,0.00182933560873619,0.000162789157088646,0.0423688623902478,0.0805790988618701,0.00151843100065846,0.012238649133816,0.000375394292899107,0.00849178444294567,0.000711631420933394,3.53678823436641e-05,0.00010155284273726,0.000147579538937919,0,0.000136920725080924,5.55261465366009e-05,0.000452047775669378,0.00716971156445746,9.0894028880265e-05,0.000403789002217091,0.00265869865156113,0.000126261911223929,0.000586736423498674,0.0342307764315228,3.53678823436641e-05,0.000639736292725013,0.000451078703628645,0.000925707112222907,0.000239632931339236,0.00183125649402982,0.0170615036112514,0.000203105685474519,0.000192550780195839,0.00150836032003026,0.0315740956347334,0.000780446300327094,0.000246710012943231,0.00044041988977165,0.000111052293073202,0.00570121770988697,0.000596339515524458,0.00610317114215855,0,0.000152130343231651,0.000146420175416866,0.000683548170461881,0.000755339390091948,0.000678045819803724,0.00274121780916236,0.00631214330312944,0.00295204039687036,0.00172420076685746,0.00694819448880009,0.00167154731886738,4.60266962006588e-05,0.0303991398664245,0.00193123460582124,0.032208365072967,0.0158477129903887,0.0030303547266,0.00423061312335664,0.041050491254862,0.363056254587394,0.000604472318959663,0.0840132135888065,0.00182741418966562,0.0109227047263406,0.000161629793567593,0.0005503128193238,0.000487813499761518,0.00161738808611999,5.55261465366009e-05,0,0.0016151732676562,0.00148096884447739,0.00134565781273209,0.00419247778548713,4.60266962006588e-05,0.000162789157088646,3.53678823436641e-05,0.000859833877564254,9.0894028880265e-05,0.00758459289637241
6.53319312643303e-05,2.32547738404917e-05,1.48787699761116e-05,0.000155885909359131,0.00557680513527339,0.000104868836272879,4.38219739195372e-05,0.00219810949364791,9.484821713668e-05,1.84309065165874e-05,9.39054598709324e-05,0.000175428491210333,0.000582590179809559,0.000317625043090874,0.000519178093902092,0.000195146819447988,0.000312925000131134,0.00199078679833291,0.000703102100304341,0.000422271880193284,0.000535391863045359,1.02710433469647e-05,0.00228759472176714,0.000892284896859261,5.9953779597096e-05,0.0081552677197724,0.000800230723198069,0.722258726527886,0.0361481640444168,0.000208650550768837,0.000767905822567438,0.000495281268971103,0.000134932783178199,0.00612024007833391,0.0110317658267413,0.00110825124085634,0.000116258075761207,0.00328422481913616,5.47821411699169e-05,0.00143698635090386,0.011306126878271,0.00129947098920321,5.99473612939612e-05,4.4016210380746e-05,0,0.0114502052703227,0.0108629873504479,0.00159374925751873,0.00141097463201079,0.000166654489472445,0.00134560728969071,0.000723482743808239,0.000105858863473877,1.00549026522073e-05,0.00180711058258707,0.000557679278753051,0.00194864999169136,0.000351359250122987,2.34709145352491e-05,0.00135254732832941,3.32470704400077e-05,0.000232754850896862,0.000570238045038032,3.33347898778151e-05,0.000514201101950572,2.3903195924764e-05,0.000133185522365582,0.000548691580637325,0.00106132115239195,1.48787699761116e-05,0.000152493370943658,6.70483227197327e-05,0.00186670796500763,0.000194408328227709,0.000652694056375505,0.00456918691082241,0.000159465808608867,0.00461722707398808,8.75937210688423e-05,0.000412668261523411,0.00679731073174219,0.000261738606846458,0.00124261525514224,0.000589732040176806,0.00549923591270825,0.0142066639826817,0.0619204827694911,0.0180880718059485,0.00311364582115291,0.000816273011682151,0.00145396573530031,2.45265046239201e-05,0.00139179244497701,0.000755385187626388,0.00406779990377121,0.000478993074320108,0.00223330764150708,0.000568411943177448,0.000380404594974041,0.000246420940055364,4.65062360258033e-05,0.00161804673753226,0.000359415702917163,3.02556365459967e-05,0.00192743420394528
0.00105272589321883,0.000103635435599193,0.000123031066471686,0.00065470451372594,0.00948157463916739,0.000355718449048657,0.000333562597102235,0.00451307013499554,0.000452192315475331,4.0344181331411e-05,0.000568591484387629,0,0.00504840809766947,0.000323705705017865,0.00103850669346783,0.000437097741960362,0.00153838330251797,0.00131714335324748,0.00141706264201866,0.000128590791121006,0.000874199303239593,1.50599844722568e-05,0.00144865057087723,0.00911441783441872,7.95519068506696e-06,0.0131604701070588,0.00103214530858113,0.0618104991782724,0.630668037785617,0.00053757479585565,0.00214627950496891,0.000423267635319098,3.18207627402678e-05,0.00239705515817308,0.0199679620987613,0.000431810426194854,0.000136592654151613,0.000489972069618052,0.00068819835666563,0.0022565019577687,0.00301283782037983,0.00308228742037428,0.0011859378685325,8.34730697396734e-05,3.41754266159891e-05,0.00654553806967186,0.00157915826670733,0.00305818150019648,0.00411939024855386,0.000309193991165765,0.0012319860849215,0.000675068479776761,0.000139647860452842,1.59103813701339e-05,0.000499404304547795,0.00235094890225799,0.00209846667248654,0.000366697803982916,0.000467105424274969,0.00507468415415601,0.000177390288822607,0.00129737447809372,0.000826717665548097,0.000404165913809435,0.000535480941699923,0.00138659679945742,0.00105208758282877,0.002233971278003,0.000253789825362098,0.000455654568374643,0.000117586264320224,9.70988697180792e-05,0.00667392975190023,0.000134127105631873,0.00163141917006498,0.0102342302686513,3.20387194335902e-05,0.0146347683387961,0.000254182808394312,0.000586586030409106,0.00660683275819069,0.000571933240466297,0.00303462937453047,0.000388432539041233,0.00475002866925985,0.00275851881090569,0.0970161069912179,0.0112803377126167,0.00725879310811992,0.000212416112336473,0.000322662086223247,0.000265499783047572,0.00259631582502914,0.000548080827578396,0.00119664408165028,0.000952992053223597,0.00123876727548649,0.00071083770546696,0.000474427340960517,7.7436629543683e-05,0.000108759246861868,0.000549054199147274,0.00015614400968199,0.000171944995807981,0.00123659448313735
0.00642661501654821,0.016830738083526,0.00101340291760126,0.000184117919509382,0.000183025589277577,0.00486628507688706,0.000582742667279024,0.00161895765706566,0.000672413648397185,5.94201578815178e-05,0.000929276653888621,0,2.03702598740028e-05,8.95901648518565e-05,0.000192070566601293,0.00867180137785573,8.74717715368338e-06,0.000265220558517055,0.00585413002874469,4.61551132319653e-05,0.000795314061692443,0.000396985667301839,0.176698065499924,3.64246173663999e-05,9.43454038435287e-05,0.00373119359586486,0.000128134863927462,0.000121332882520658,0.000383890926638439,0.252861607922638,0.00127206325930474,0.000124361255253489,4.37358857684169e-06,0,5.60274883474383e-05,0,0.000465587769091493,0.000209339609775328,3.64979566604735e-05,0.00100457243684009,4.96714702655592e-05,1.7949344016271e-05,0.00154029751457504,0.00152995835664657,5.65534176812963e-06,0.328412625185445,3.25793577925361e-05,8.37905441646994e-05,0.000105213373981355,0.00121291953688194,4.60108343129379e-06,0.008151775194681,4.60108343129379e-06,0.00451633922056229,7.59410701183535e-05,0.00963878881034816,0.00039154506228538,0.000387767504530539,0.000372624638091949,6.06425364833864e-05,0.0435373640751036,3.61971225119478e-05,0.000801674421561374,0.000447566774175332,3.95873923769074e-05,0.000146225948211205,0.00297980606303682,4.31342174713654e-05,0.000378926461508272,0.0150823945880929,9.0595763377435e-06,1.90036023531068e-05,3.61971225119478e-05,2.80631786908503e-05,0.00096523365030521,0.0003432938098969,4.60108343129379e-06,0.00330320299188215,6.25218699084226e-05,0.000112522242714252,0.00463326577505206,9.20216686258758e-06,4.60108343129379e-06,0.000158477079226137,0.00196175548329337,3.22075840190565e-05,0.0131449986195453,0.000168234081951138,0.0340806769355657,2.76065005877627e-05,9.05001442696649e-05,0.000132177011312478,0.000103092580997212,5.4357458026461e-05,0.000315417385823971,0.000711744005081713,0.000210827428264744,0.000151896104941361,0.000909294569937621,1.34331649145852e-05,5.48446041904126e-05,0,0.000410176318572507,0.000492908377354631,0.0302212436749365
0.000407936358577382,0.000351780302433606,0.00123529785074958,2.87294027915885e-05,0.00178490537943302,0.000164488181917373,0.000447558466411351,0.00241647939296834,8.72541636558358e-05,0.000147544583308529,0.000172564140238594,0,0.000140387858996162,0.00650000576199105,0.000744855946869824,0.000535244710573148,1.14917611166354e-05,0.000153972315164854,0.000185209268654198,6.0586380260874e-06,0.0324706302097448,0.000101449855964226,0.00702697867937761,0.000392610157590351,6.90471739221431e-05,0.00272992876324183,0.000939207207957682,0.00127712950153394,0.00445700418745492,0.00211083987727259,0.452175731290129,0.000166371273029368,0.000167828609955864,5.33432992803874e-05,0.000490064729627941,7.03347704042505e-06,0.000144600296514077,5.74588055831769e-06,2.42711187153781e-05,0.00142305724192934,0.000125957626033467,1.91507530925998e-05,0.0019039624822745,0.000761017816901113,5.74588055831769e-06,0.0146408000536787,1.14917611166354e-05,0.000183116573602141,1.81759140782622e-05,0.00013604806259328,1.98128346391678e-05,0.00419643382611928,0.000116521721369004,9.87093581614426e-05,6.83185054588955e-05,0.00373406359736988,0.00211584496130616,0.00205422708456479,0.00182701512540883,0.000129418459287358,0.00059283531064711,0.000404758405290078,0.00148516396230162,0.0103657550962893,2.58714726652552e-05,0.000796225523316121,0.000127820727409107,6.38602213826852e-05,9.55441615229377e-05,0.00116570492767984,0.000157127992606132,0.000863044259936079,0.000488786704347,0.000457042833794269,0.0390964724554187,0.000687184319293308,6.0586380260874e-06,0.00282268939576605,0.000163329323662806,0.00028475626375499,0.256030030961737,0.000140120455979664,7.8239932931305e-05,0.000459970971714722,0.0422669736471803,3.798874871743e-05,0.0212809283154868,0.000659352107856813,0.0467017196208329,3.61732998718934e-05,0.000522503409126831,7.54196247657796e-05,1.27793575987427e-05,5.74588055831769e-06,9.03487451360316e-05,0.00112837793197615,0.000582212936938272,0.000239814903709656,0.00648577178487799,2.39217946365799e-05,0.00051697981775514,7.03347704042505e-06,0.00048966610168761,0.000117271162929532,0.00794015330151404
0,0,0,0.000689662180866787,0.00513962457852365,0,0,0.000601329192544778,0,8.2665746418913e-05,0,0.00608486064233018,0.000145397908594968,8.2665746418913e-05,0.00161774686102479,0.000330662985675652,0.000145397908594968,0.000264998964966029,0.00207674989382496,0.00592974855253898,0.00356901682475604,0,0.00571550844098087,0.000420363665682426,0,0.291518985459377,0.00343316738459038,0.0361865619636072,0.0218500630581706,0.000507803870859037,0.00206399023531458,0.0282873668001467,0.0383171511045977,8.2665746418913e-05,0.000544460298349771,0.000379128805511945,8.83329883220097e-05,0,8.2665746418913e-05,0.00436094241988985,0.000165331492837826,0.00151003805338275,0.000228063655013881,0.000171236189010606,0.000424663215900758,0.06625941534177,7.26989542974838e-05,0.000165331492837826,0.000228063655013881,7.26989542974838e-05,0.0143180862635064,0.000404967085927583,0.000326363435457319,0,0.045819267603831,0.000666993213254401,0.00370062329955061,0.000176665976644019,0.00230873620355678,0.000228063655013881,0.00118684393072868,0.00023803044713531,8.83329883220097e-05,0,0,0.000856180945053028,0,0.00865454887155986,0.00438594495109342,0.000342472378021211,0.00175803529263949,0.000336330227578749,0.000341997469481845,0.0040143415934503,0.00440382385420651,0.00243291479443542,0.00339063163429091,0.0102954595930674,0.000570061124495726,0.0012132961118283,0.0262784368770743,0.0079138815135652,0.00113039291113971,0.00870505376678432,0.0342126149487139,0.0184018024514787,0.0296979632717041,0.00131183334654142,0.026217981020013,0.0810176807455603,0.0166920222450281,0.000155364700716397,0.000383428355730277,0,0,0.000467461793833954,0.0404650127702092,0.0549783953467716,0.00185794021903737,0.00264195370317953,8.2665746418913e-05,0.00110596375060056,8.83329883220097e-05,0,0.00383757760376731
0.000144779441163271,0,0.000866219201444922,0.000472822406155941,0.00429607524053083,0,0.000275731632327803,0.0061101400294348,7.23897205816357e-05,0,0,0.000217169161744907,0.000144779441163271,0.000353292047236699,0.000615684623579891,5.85624705828963e-05,0,0.00374358269293602,0.000651507485234721,0.00479334550109944,0.00289705340530781,7.23897205816357e-05,0.0202080116652529,6.66788044589907e-05,0,0.161840799958007,0.00293608984958495,0.0032368667886802,0.00480703314321847,0.000139068525040626,0.00257123636222326,0.00342379653682884,0.420288431180168,0.000222339856072167,0.000642310707767856,0.000197630995623523,6.66788044589907e-05,0,0.000125241275041887,0.000895738897400465,0.000133357608917981,0.00155459010395961,0.000336699520664149,0.000133357608917981,5.85624705828963e-05,0.00414627598560594,0.000289558882326543,0,0.000125241275041887,7.23897205816357e-05,0.00136735252477187,0.000611890931196567,0.00107954264302525,0,0.00534248659245161,0.000827990922036643,0.00745163908257037,6.66788044589907e-05,0.000456229879583391,0.000175687411748689,0,0.00353679740920032,0,7.23897205816357e-05,0,0.000130952191164532,0.000144779441163271,0.00444347601473976,0.06017307154162,0.00024236621620768,0.00477196034874343,0.000365202073496117,0.00121538631275763,0.0192221814618278,0.00138875588685132,0.00206960270506656,0.0019304942920603,0.00373609676234282,0.000175687411748689,0.00156769763631763,0.0050957318328949,0.0493613002370338,0.0007238451780351,0.00872457072278732,0.0261448922460643,0.00192188976417008,0.0274653625371455,0,0.0134048529181778,0.0242203507993095,0.00127146272252613,0.00463766190411439,0.000189514661747428,0,0,0.000676164317902109,0.0157404025641771,0.0403112376447948,0.000270020716205158,0.000564210071063576,0.000266715217835963,0.000550563184039861,0.000205747329499617,0,0.00138359646521
0,5.81949437059583e-05,5.48538095833052e-05,2.90974718529791e-05,0.0035854742097524,0.000142146225142243,0.000200341168848201,0.00103008069916212,0.000293868756947062,0,0.000332802572364436,0,0.000287316507152665,0.000349688285092416,0.00016824114361452,0.00237731079206742,0.000294972961595837,0.000242197542859174,0.000186369547078002,6.47186733240277e-05,0.00127499078737688,0,0.00232111547999303,0.00122629505744033,0,0.0069618826782027,0.000811908151564397,0.245149899652662,0.0330999566831356,0.000774367097873944,0.000878020799516326,0.000274766167285714,0,0.365183430565748,0.00964140723534505,0.000984783143700878,5.48538095833052e-05,0.0205488414607318,0.000167744024245332,0.00760583125488068,0.0237991502196478,0.000636874773794172,0,0.000181108560735944,2.5756337730326e-05,0.00246977140137564,0.0270986505469555,0.00167661322535294,0.00204509403954108,5.81949437059583e-05,0.000355534853226582,0.000132619942143472,3.56212014710486e-05,0,0.0013217125266353,0.00209728242553866,0.00106681312197079,0.000206706359839034,0,0.00230379014166944,2.90974718529791e-05,0,6.13775392013746e-05,0,0.00423809386088261,2.90974718529791e-05,3.56212014710486e-05,0.000895780770137553,0.000981733111481325,3.56212014710486e-05,0,2.5756337730326e-05,0.00308639247446476,0,0.000113048753289263,0.00661857288066981,0.000206050701842608,0.00599581299832334,0.000213727208826291,0.000100339874795076,0.00386614386650194,0,0.00119780310089698,0.000921349811018327,0.00567883872141005,0.00497683685539157,0.0548146746813743,0.0424374254932278,0.00364925870560763,8.93708064055788e-05,0.00153288572873324,6.47186733240277e-05,0.00229305815574731,0.0219033697091958,0.051752706949396,0.0008148007390347,0.00250972240996583,0.000100339874795076,0.000129437346648055,0.000604724724896686,0.000106863604413146,0.0022056502085361,0.000148669954760312,2.90974718529791e-05,0.00333706456781074
0.000382028088406538,7.49266996964884e-05,6.26417427043761e-05,7.49266996964884e-05,0.0065329476658057,0.00107582317437303,0.000164317605289641,0.00367000582826247,0.00021238236118199,0,0.000205027541347167,2.14283739189352e-05,0.00296408118825978,0.000130100841650678,0.000266384119687458,0.000422662484878728,0.00229818538332054,6.79625316742174e-05,0.00225376923831544,0.000144532610423135,0.00149402674480609,0.000126781646421612,0.011994069950907,0.00202377565874432,0,0.0200169684864032,0.00136520020127942,0.233473127647272,0.273047085221913,0.000711179698701991,0.00435446074760395,0.000770969909409153,0.000125283485408752,0.00665975708053696,0.186418638981546,0.000237488145018337,0.000136952228757586,0.00103082444516539,2.14283739189352e-05,0.00227372641591855,0.0324998879504158,0.00191277058749078,0.000144532610423135,0.000155319406402388,0.000238833152317103,0.0231203650922636,0.00256557706288995,0.00213677418716096,0.00255483231244654,0.000346193049874287,0.00311852177876129,0.000468157340053973,6.79625316742174e-05,0,0.00070235872696745,0.00185254662250994,0.00192662651541869,0.00102085912470682,0.000352037571525365,0.0117801877603425,0.0001144966894295,0.000439203824101503,9.4711694562994e-05,0,0.000370762963858512,0,2.67491628887766e-05,0.00136957416863126,0.000480522640837241,0.00033706177011835,0,0.000126781646421612,0.00392579584866613,0.000107029088679313,0.000668685995963045,0.00882896616450049,0.00021402574023442,0.00940715296826223,0.000199561534337755,0.000749496961195125,0.00496798313155848,0.000258916518937272,0.00267514444497953,0.00159855391228065,0.00211863590371874,0.00769039194737322,0.0534902330273368,0.0128165091778076,0.00852602791275359,0.000219995179971746,0.000587874174708837,0,0.00289078637246143,0.00166720133153662,0.00562105646312112,0.000396517398462344,0.00320310283577598,0.000646681152285345,0.000190953987263055,0.000213993303110213,2.67491628887766e-05,0.000840543383011593,0.000397556701042381,2.14283739189352e-05,0.00720236270873691
0,0.000358070998139588,0,0,0.036165309814815,0,0,0.00609276707703975,0,0,0,0.000725038170145997,0.000175143423003059,0,0,0.000529322345075912,0,0.00201984847591861,0.000268553248604691,0.00447199540067811,0.0012710408412222,0,0.00331910686862464,0.000700573692012237,0,0.0430120276270679,0.000708357844145706,0.238027140002424,0.0113323354791646,0.00250872103044382,0.00164051006212865,0.00783474912233685,0.000537106497209381,0.00508277333772211,0.00143728809035844,0.274767087047949,0.00129161324328923,0.0474431562290453,0,0.00541234877894454,0.00478391749688356,0.000725038170145997,0,0,0,0.00287735623505026,0.00432145545852548,0.00148343699229258,0.000175143423003059,0,0.0161120828945481,0.000725038170145997,0,0,0.0117162609826046,0.00327379198299052,0.00166247249136237,0.000354178922072853,0.00122600396102141,0,0,0,0,0.000358070998139588,0.00044369667160775,0,0,0.00785031742660379,0.00444377784919429,0,0.000175143423003059,0,0.000488455546375198,0.000704465768078971,0.00248092048711,0.00470579797011553,0.00214564593450414,0.00138863713952425,0,0.00133498209088998,0.0207599167318126,0.00044369667160775,0.00409863410370492,0.000684171371445284,0.0147192756735238,0.0557313322131568,0.0137862894392408,0.00362769289963003,0.00269554068164708,0.00245895805787628,0.0140972385164296,0,0.00301413490825265,0.00711652208530764,0.00382938584151689,0.000883501267148765,0.0149461281071277,0.00335524757495861,0.000546002671076204,0.0331091960861283,0.000175143423003059,0.0242445758359901,0.000179035499069794,0.000370859248073144,0.00203944785896896
0.0131108389018854,0.00415161937061244,0,6.59107575208054e-05,0.0018137504697769,0.00212877011950266,0.000339479383936778,0.137685531245894,0.00379389571900036,0.00446936574161432,0.00150169908933261,0,3.29553787604027e-05,0,6.59107575208054e-05,0.0258085091651059,6.59107575208054e-05,0.0112216575190636,0.00455620012978755,8.30631475580668e-05,0.00022625572107573,0.00018755085869318,0.0073584810032375,0.000157550100097503,0.0249962605681171,0.000461210375818356,0.000233041606948562,0.000128866894876885,0.000827772916245124,0.00806440065426358,0.000813378371606245,7.44869525394361e-05,0,0,7.44869525394361e-05,0,0.190214103269796,0,6.59107575208054e-05,0.00350583255782515,0.00139627718921877,6.82647131465484e-05,0.000744741616626118,0.000142751665685984,0,0.0519650776833548,0,0.000579019211282625,0.000230559742554576,0.00816325427885444,0,0.000382015512027434,6.59107575208054e-05,0.00119026191914164,0,0.156058509885256,0.00306085030969568,0.00517484463991232,0.000166126295116134,0.000135965779813153,0.00264039697198253,0.000235395562574305,0.0105475535972513,0.00223901801640827,0,3.14780686780398e-05,0.0102779406296301,0,0,0.00778574137261419,3.29553787604027e-05,6.82647131465484e-05,0.000206308467581047,3.29553787604027e-05,0.000781550285805731,0.000631358197057767,0.000140397710060241,0.00443303448131342,6.29561373560796e-05,0.000886675679538865,0.00364327725045785,0,0,0.00017806100007213,0.00406898037969733,0,0.208838049649066,0.000284939684892025,0.0182805827014279,9.88661362812081e-05,6.44334474384425e-05,0,0.000146019284914146,0,0,0.00334257490377851,0.000336615654481256,9.59115161164823e-05,0.000643048768948427,3.29553787604027e-05,0,3.14780686780398e-05,0.0202025566042309,0.0126884372561599,0.00818014325127885
0.000225088230056485,0.000371104517226749,0,0.00136071656316474,0.00381054709781807,0.00033375151353203,0,0.00187205319824118,0.000225088230056485,0,0.00033375151353203,0.000341028072693339,0.000739335488797439,0,0.000108663283475545,0.000108663283475545,0.000202791987632704,0,0.000217830209899409,0.000558858282592748,0.00184048436386704,0,0.00215244327792361,0.000247403011484499,0,0.00474153572253844,0.000675283229173689,0.303191086664289,0.019396896653499,0.0012370150574225,0.000558858282592748,0.000710266330160669,0.000622910542216498,0.022289389171883,0.00658789695074722,0.0173979377916174,0.000442414797007575,0.413159343007105,0,0.000202791987632704,0.00827434690811338,0.00107359064527779,0,0,0,0.00127638263291049,0.0459001613196172,0.00199575470398342,0.00208501382969548,0.000348789735798735,0.000543820060326043,0.000217326566951089,0,0,0.00273846738138524,0.000247403011484499,0.00239984628940811,0.000529789123955978,0,0.000885351775967702,0.000494806022968998,0,0.000202791987632704,0,0.00672352521587913,0,0,0.00121184526934266,0.00161789580954792,0,9.41287041571597e-05,0.00012370150574225,0.00177066647392694,0.000188257408314319,0.000108663283475545,0.00819292051168962,0.000326493493374954,0.00371089377039959,0.00012370150574225,0.00247600760862981,0.000739839131745759,0.000282386112471479,0.000637948764483203,0,0.00307070796607231,0.00492891561798575,0.0295792284398905,0.0115315448974298,0.00190888401998334,0.000108663283475545,0.00648253669985913,0,0.000994500163387334,0.0208332492640989,0.00171204305270931,0.000753029633257278,0.00228541737561621,0.000616137626003509,0,0.00371115640629288,0,0.00640236168622106,0.000202791987632704,0,0.00107308700232947
0.00041688566285981,5.58383906489214e-05,0,0.0411351418450669,0.00606197071199491,0,0.000111097038444111,0.00716547275153551,0.000699204037699759,0.000417048701305714,0.000527877045104341,0,0.000167765194591461,0,0.000276459920739078,0.000418472327512129,0.00064715560779613,0.0139049337859724,0.00120302061583759,0,0.00196787495289299,0,0.00180912787926744,0.00109070989734226,0.000193695138710029,0.0030122395780357,0.000393252374838155,0.00106885454812734,0.00356276530468112,0.000722235267549667,0.000362453137245822,5.59217315304869e-05,8.26814411474837e-05,2.73394524707287e-05,8.32611840012156e-05,0,0.000249120468268349,5.66317229750809e-05,0.275966046773652,0.00380964786534284,2.73394524707287e-05,0,5.58383906489214e-05,2.80025362060262e-05,0,0.00315762615197552,0.000281205796841781,0.0274006014516505,0.000390292635005945,0.000418222304867433,5.60050724120525e-05,5.58383906489214e-05,8.33445248827812e-05,2.80025362060262e-05,0,0.00217857891807685,0.000919705793736081,0.000502396595248642,8.20183574121862e-05,0.000195684389915921,0.000197021031923544,0.000110020893618212,0.00150615052950695,5.46789049414574e-05,0,5.46789049414574e-05,0.00206420152788456,5.46789049414574e-05,0,0.000195281803362348,0,0.000367709533174946,0.000565607238306215,5.60050724120525e-05,0.00053472238275905,0.0130545912872609,2.73394524707287e-05,0.0148574900048996,0.00027824605700957,0.000973620968303847,0.0013003281539925,0.000139266256413268,0.000281868880577079,0.00122957493344592,0.00426468315830027,0.000140012681030131,0.479764105064731,0.00030744451209533,0.00382748418024183,0,0.000195281803362348,0,0.00244168926908187,0,2.79191953244607e-05,0.0666540651306813,0.000113263445950162,8.32611840012156e-05,8.26814411474837e-05,0,0,0,0.000305538601771003,5.60050724120525e-05,0.000250576884329806
0.000760078148204803,0.000105201910177744,4.93657263346434e-05,0.00041437915277252,0.00205430172757296,0.000164290655009188,0.000153905596002871,0.0191779709454313,0.000875460642328347,4.58544013695413e-05,0.000298490443167577,0,3.26967883245882e-05,0.000246535798063089,0.00176026368128849,0.000706163451407196,3.91321004026215e-06,0.00209933601373124,0.000691478413558252,4.15731516247444e-05,0.00272975465351257,6.13587516922218e-05,0.00431369805247039,0.000294123108519986,0.000153872254069307,0.0022348322750228,0.000363034554532593,0.000656841359159685,0.00166866128231291,0.00171529390905887,0.00259936210792686,0.000109830750250143,7.82642008052429e-06,3.78101160661244e-05,0.000173750657769996,3.63369503738628e-05,0.000669333568523358,1.26669515496036e-05,0.000599033706025657,0.378987772253625,1.3035242972669e-05,8.47422650646556e-06,0.000312031469739707,0.000163055936781697,0.000254480099032959,0.00912995194769146,3.97866255589817e-05,0.000985788095035106,0.000160682828019355,0.000681533873197652,4.01554204191082e-05,0.000607076173820855,8.86952840503702e-05,3.74420763615896e-05,3.57784238051722e-05,0.00416036331696074,0.0363422868700054,0.00993550107227847,0.000234464042835143,0.00016497029305751,0.000106469348048152,0.00122763855148909,0.00135926436864966,0.000467228903099968,8.29020665419815e-06,0.00019900149630531,0.00215886736571089,5.28221202501812e-05,6.87606907074634e-05,0.000173247565687931,8.09310171868902e-05,0.000389362211209215,0.000325761298532719,0.000113108584451179,0.000606666275503328,0.00114598517416048,4.55482631635203e-05,0.0774794427618088,0.000266422311951795,0.00259323248581282,0.00352476948414212,1.91980104967759e-05,0.000350390450408176,0.000608046211511756,0.00932549864794317,0.000186786404179726,0.39342048278456,0.000304567629225952,0.0043383490808162,1.61166267347224e-05,0.000115686876131167,2.96156562810653e-05,0.000573308874046116,4.56101646620341e-06,1.63006465869899e-05,0.0033560949709618,0.00037558509958474,0.000168536123021555,0.000205146414572081,7.87707395602961e-05,8.50558771566873e-05,2.83200434291827e-05,0.00117132508230166,0.000325054694164922,0.00200237469825091
3.35973063995613e-05,0.000100791919198684,0.00010564178940401,0.00162084603448269,0.00409157650557519,0.000166960660046675,0.000102141429324875,0.00106810459320639,7.20444830044487e-05,0,0.000227201018692174,3.32553490825175e-05,0.00183295972584185,3.32553490825175e-05,0.000378586196171739,0.000329342448017049,0.000676364762549505,0.00121265294172499,0.00100991597846315,0.000250414670046995,0.000378586196171739,0,0.018965105631922,0.00259721551975267,0,0.0103072866521956,0.00117359463651368,0.314524631291969,0.0733131853655243,0.00010044996188164,0.000807595585385659,0.000389653765850567,0.00104730661589214,0.0213611486905008,0.0349515791474495,0.000102141429324875,0.000243071992571681,0.00452261216442745,0.000570769439150141,0.000590535370471862,0.228233083781935,0.000992066046709042,0.000138555181169484,0.000138897138486527,0.000149622750848311,0.00490658958428565,0.00413043407832303,0.00140773159021749,0.00337167683492776,0.000460797802977582,0.000711087046950879,0.000135738735724436,6.68526554820788e-05,0.000134389225598245,0.00150587095516844,0.0009249705399606,0.00173517629014819,0.000267068664611271,0,0.00935923323215137,0.000201241881080324,0,0.000268418174737462,3.87891339219312e-05,0.00233527432039668,0,0.000138555181169484,0.000836047530267497,0.00187124954050963,3.35973063995613e-05,0.00154224904980963,3.32553490825175e-05,0.00238265611298989,0.00125304896718072,0.00016865212748991,0.00781798745560987,0.000438826554817238,0.00426626111129693,0.000377507684174573,0.00123946788604927,0.00381929671321901,0.00104940727850043,0.00126131370813592,0.00225778392692273,0.00235196263586501,0.00866073992716515,0.0892829549021251,0.076354013929113,0.00355195241571888,0.000569373463019304,0.000326967065939726,9.97660472475524e-05,0.00128927812364539,0.00260076227817572,0.0173698243575855,0.00032730902325677,0.00137415260295992,0.00044127289608258,0.000133705310964158,0.000102141429324875,0,0.00199301266540027,0.000432266898026692,3.87891339219312e-05,0.00100690314775639
0.000227169518073025,0,0.000227169518073025,0.000241106298322904,0.0392452183371023,0.000241106298322904,0,0.00399876089898131,0,0,0.000836903654005224,0,0.00452861116197479,0.000271883604202866,0.00505311874304433,0,0.00386784161458512,0.000316597690332707,0.00127033751977646,0.00094979307099812,0.000634687858636319,0.000158298845166353,0.000519958292650709,0.0308842452199089,0.000340754277109537,0.0589506284095712,0.0015020211474997,0.103648969046516,0.407127519039348,0.000399405143489257,0.00145616225442076,0.00122202434622279,0.0031602146958752,0.00153827436553369,0.0178685095022195,0,0.000113584759036513,0,0.000120553149161452,0.00110843958718628,0.00651590171656822,0.0299463062712098,0,0,0,0.00328710750823303,0.0103683103305104,0.000475244206520868,0.00260647730050285,0.000120553149161452,0.00531144317739668,0.000779049923552793,0.000113584759036513,0,0.000591118579455575,0.00220991078424762,0.00134954588550919,0.000430182449369219,0,0.00180846414945162,0,0.00211754443632355,0.000347722667234477,0.00145524872916324,0.000430182449369219,0,0.000340754277109537,0.0142858198754833,0.0030586752969118,0,0.000158298845166353,0.000640511441812161,0.0424695590630268,0.00141169629088237,0.000120553149161452,0.0075283736229533,0,0.016472467763374,0.000271883604202866,0.00173182795049272,0.0055668653633377,0.00231596129892349,0.0223752293655714,0.0112702198580227,0.00548743095530446,0.00471803498404291,0.0678456496647329,0.00390877360884586,0.000482212596645808,0.000241106298322904,0.000628864275460477,0.00105471561962476,0.00608905189416262,0.000227169518073025,0.00576762909889539,0.00118223715891115,0.000347722667234477,0.00237199172128308,0.0017267846623443,0,0.000905426655890088,0.00118427865021789,0,0,0.00351845656341214
0.00063742381492893,0.000289452810001613,0.0168203157632127,0.000837621163276065,0.00147430680735223,0.00064713297011923,0.0205777127011568,0.00187717857484768,0.000531713878036619,7.78868283731583e-05,0.00032041258838963,0.000242418445517681,0,0.00124647937585591,0.000827758920900967,0.0017815216236271,1.95194708882854e-05,0.000348988647989873,0.000483191421071191,0.000137294495614033,0.00269277088607925,0.00384928389449914,0.0443170737410478,1.06142368871141e-05,6.8981594371987e-05,0.00261834891634536,0.000266790129202619,0.00247624149382722,0.000190089849648513,0.00314073950166057,0.00419668625429345,0.000138407407631603,0,1.06142368871141e-05,9.75973544414269e-06,0,0.000370026842489054,0,6.82226205190072e-05,0.000372663207714515,9.75973544414269e-06,1.95194708882854e-05,0.164076527813535,0.0189279546375048,0.000196003720997258,0.0370260999796753,0.000424429649047597,0.000101015360213312,1.95194708882854e-05,0.000247659308716145,7.73136628332086e-05,0.0128916842205371,0.00011856085287675,0.000235718179303055,6.98360958149584e-05,0.00736273497622211,0.000930451749550126,0.000742581676442403,0.00456936241467589,2.89926235624532e-05,0.00194659311846846,0.000786901387273235,0.00126259032108531,0.00182267418940134,0,0.0185931325283865,0.000398648366695404,0.000256811166383117,0.000120248248331623,0.00638531619666366,0.000334904868507957,8.21593355880153e-05,9.18235434421664e-05,0.000289789455755474,0.0277687272591696,0.000147565546705441,2.89926235624532e-05,0.00267806796298478,0.000374563524415419,0.000209885150937889,0.0179934193820538,0.000137614756081315,4.92710683037184e-05,0.00310984162261016,0.011531663381687,0.000135298909958115,0.00844167078227437,3.08926816283793e-05,0.509448212054386,3.87523590065959e-05,0.000119331896995968,0.0007036825611028,3.96068604495673e-05,0,0,0.000462401143412704,0.000250919937005355,0.000209795128849829,0.00466485960745062,9.75973544414269e-06,0.000506759183567,3.86568314166043e-05,0.00038616224393774,0.000741447415628742,0.0153192152145557
0.000271785826696819,0.00080895329442892,0.0565230406277173,2.19388526257178e-05,0.000459193402715833,0.000629929723939401,0.00574868398681168,0.00115854515361639,0.000534917634726486,2.43645036043426e-05,0.000246459331335893,0,2.05507736804233e-05,0.000159816638636054,6.82422088557781e-05,0.00138389110187163,0,0.000269280869629063,0.0011664502326746,0.000165917774450439,0.000965431006438617,0.00253466616295951,0.183468578544217,4.24019995781501e-05,6.90867571213513e-06,0.00133365751113332,0.000194147755372925,0.000213973326530103,0.000671783092145446,0.00500606298568521,0.00141875952738193,6.29527732585734e-05,6.90867571213513e-06,1.49425501855916e-05,0.000191326231329944,0,0.000112982232684562,1.43108282608513e-05,6.90867571213513e-06,0.000128856957863718,9.62451889280579e-05,2.74594493925584e-05,0.0238670100116101,0.123018175641558,3.5580950594006e-05,0.0906448702830563,2.04631469524323e-05,6.24963047898152e-05,2.19388526257178e-05,0.00123705317598335,1.38173514242703e-05,0.0712737886672427,2.19388526257178e-05,0.000359128629993342,6.41655987478858e-05,0.00410851992751874,0.000480493709847783,0.000269160394852679,0.000901441434363975,2.88475283378529e-05,0.00190332543188581,5.63069777304113e-05,0.000776505549214842,0.000481501097082318,3.80066015726308e-05,0.00235135343265904,0.000403690143273959,7.52067922815671e-05,0.000111012080476182,0.00395760023217907,0.000133962819366081,4.14520542728108e-05,7.86516804647192e-05,1.38173514242703e-05,0.00317515533919632,0.000141653537867919,0.000100502341845418,0.000828868959082436,3.45433785606756e-05,0.000360764830057076,0.00767319099299132,0.000123791859867122,5.558762907768e-05,0.000234672924005657,0.0021807066545888,4.92230485622941e-05,0.00352525288247343,0.000284927690730768,0.342352572802284,2.04631469524323e-05,0.000113282685753386,0.000106641615061682,2.06384004084143e-05,0,1.38173514242703e-05,0.000475322122923074,0.000184918825721931,0.000161485932594125,0.00128563806566051,0,0.000142586682559997,0,0.000223818090006248,0.000296231764448423,0.0428012316507869
6.09155390067168e-05,0,0,0.000685726791902714,0.00468017639607835,0,0.000576864133989932,0.000191774153508462,6.09155390067168e-05,0,0.00019270764855584,0.000957894817651682,0.000248013265955918,0.00467556007125501,0.113001196953181,0.000121831078013434,0,0.000191774153508462,6.09155390067168e-05,0.000850105295415284,0.00691661544210633,0.001006808935126,0.00250332016503191,0.000192078242717046,0,0.0238003649199914,0.00450666089419246,0.000730986468080601,0.0256696319754062,0.000243662156026867,0.00175739214964777,6.09155390067168e-05,0.000440720914511758,0,0,0.00059777135402638,0.000126182187942485,0,0.000304577695033584,0.00439974118473856,0,0.000196754669276307,0.000935345669340121,0.000139886150990057,0.220620287546127,0.0245888805139493,0.00018274661702015,0.00606989732707665,6.09155390067168e-05,0.000462518919000265,0.000126811593781278,0.000257974297491608,0.0098410781893577,0,0.000379501286296457,0.00152540609852309,0.00809418236032347,0.000892138403506126,0.00593981798912541,0,0.000121831078013434,0.183307490511855,0.000126811593781278,6.09155390067168e-05,0.000139886150990057,0.000942767594346944,0,0.000130858614501745,0.00382391386963139,0.000263584219098246,0.0145711865961401,0.00888130154799133,0.000589330512781543,0.00856837738422592,0.0051376390966987,0.00593538759605535,0.000187727132787995,0.00936143462340338,0.038553726015776,0.00345760274047834,0.0138062040286985,0.00534189395111457,0.00160464371566519,0.00492154547906554,0.120895424162852,0.00019270764855584,0.0215916534901432,0.00252364375884969,0.0129337201716008,0.000445701430279603,0.000319519242337118,0.0366167309535252,0.000726407227307095,0,0,0.00193731705410417,0.00263632863141537,0.00102037325754457,0.000841998977875096,0,0.0031781099755083,0.000655226567556105,6.58960547745615e-05,0,0.00345523703385143
0.000476914592079373,0.00055862127102531,0.000474827610338159,2.42626980039458e-05,0.000118107588079426,0.00137769846752846,0.000103684384696323,0.000669615303643472,0.000266420056198146,6.69426464822052e-06,0.000402480117488619,4.34618921865737e-07,8.08792538153478e-06,5.4509435159299e-05,0.000106828930580455,0.000548657855307348,4.11190884541664e-06,0.000116009416280555,0.00225400241681047,8.06250376499772e-06,0.00025852496010814,7.49795718697951e-05,0.0236334749326372,8.19827145153683e-06,8.22414205590446e-06,0.000672771570147708,6.43251686100918e-05,0.000199999337140997,0.000172679635413714,0.00362977016059288,0.000449616931271564,5.08396965075893e-05,6.27809384061667e-06,9.39153797394802e-06,2.46320169936998e-05,1.26483706714635e-06,3.38206406876915e-05,6.12265569908336e-07,1.45646101412663e-05,0.000348169801017468,6.75882309750561e-06,6.98479541778027e-06,0.000225545735109273,0.00042826731489496,1.08936310742787e-05,0.854049672588657,2.88933899299147e-06,5.29149467935855e-05,2.30542276099694e-05,0.000268436429637558,1.22273203496076e-06,0.007934372786835,1.5245775503763e-05,0.00100621581436967,1.8589560366449e-05,0.00176773639472707,0.000232412922766753,6.5891907840057e-05,0.000101998107992748,2.25483462046989e-05,0.0103439351045352,3.22337821628978e-05,0.000363122877481801,6.38057769232971e-05,8.00317295928256e-06,0.000137092625434701,0.000545242104602235,7.19117508677676e-06,8.27740048853923e-06,0.000424546214056421,1.71101517061947e-05,1.53227785346709e-05,2.13650828560196e-05,1.87332290128284e-05,0.000478088467999695,0.000102306349700715,2.84286239819232e-06,0.000487069173441881,1.82742173799134e-05,3.3488591498747e-05,0.00366596189910887,1.62610971934346e-05,1.86113894629753e-05,0.000144076644466086,0.00103861495126758,8.25155936607557e-06,0.00616344451769306,9.96105895040387e-05,0.00593203392379881,1.27802871318722e-05,6.4076097296109e-05,1.44308619405641e-05,2.22635182469138e-05,6.33961200440544e-07,4.67851432090145e-05,0.000236006942404214,0.00014129849691793,8.66544481897487e-05,0.000288453441574636,7.96672079425075e-06,2.52215423412137e-05,2.35276643290929e-07,6.5025662108006e-05,5.98794592032768e-05,0.0652295487048711
3.25691994835894e-05,0.000321629612631821,0,0.000104383272879081,0.00355587010836181,6.51383989671787e-05,0,0.00144192992001292,0,3.5907036697746e-05,6.1619616108399e-05,0,0.000568991457768661,0,0.000213909264950007,0,0,0.00019153452275351,0,6.1619616108399e-05,0.000393875973304706,0,0.0012739231596661,0.000729453394663842,0,0.0298247148052944,0.000545207016849237,0.556684295145588,0.0248231507517195,0,0.000944496619538439,0.000220765885022943,0,0.0268854573887912,0.00973590620682985,0.00415954442421846,0.000216235636341692,0.0353431886368683,6.84762361813354e-05,0.00390790900891311,0.0107421741623501,0.00139287865622873,2.90504166248096e-05,2.90504166248096e-05,0,0.00988074582537353,0.130947817237267,0.00110102324280021,0.000449703295688036,0.000543710403223977,0.00115461924108271,0.000132603169326042,0,0,0.000646071506869539,3.25691994835894e-05,0.00365542121763575,0.000155627486055764,0,0.00231415908549574,0,9.41888155919883e-05,3.25691994835894e-05,0.000116201666499238,0.00212055334504044,0,0,0.000640045406974451,0.000422494102652122,0,0.000680699979609281,3.25691994835894e-05,0.00169886765263487,0.001953644203007,0.00103873677083297,0.00236898586995368,0,0.00931449066220551,0,3.5907036697746e-05,0.00366150094046766,0.00168303033426181,0.00162941781706512,0.00303871932364052,0.0022472473175564,0.00622084340752481,0.0512384338439519,0.0116592631077452,0.00831945633074327,6.1619616108399e-05,0.00092423579008348,0.000463453639856542,0.00182895943873034,0.00287081116850453,0.0106022038114342,0.000691523426321152,0.00176623839225144,6.74647703588637e-05,0.000266036858829933,0.000232456193523872,0,0.00342039849312164,0.000135941006540199,0,0.000801864182067164
0.00042872163578357,0.000218868416520579,0,0.0152307439974948,0.00380176503668973,0.000101894048659487,5.60611351529388e-05,0.0110675197871939,0.000637604476025902,1.79271170450975e-05,0.0004624964052773,5.09470243297436e-05,0.000202397630575349,0.000354403737881254,0.000471573296381687,0.00094504721133841,0.000477120627308714,0.00497985834514032,0.00320740547735782,3.49094584883454e-05,0.00085136486877752,4.41929045328862e-05,0.00228161025538778,0.00053870415131279,6.91423901617949e-05,0.00880481742040355,0.000789518818627278,0.000622359846850342,0.00515221370419858,0.00193660526666487,0.000546073104077743,9.19153692431339e-05,0,0.00109784736204729,0.000346723549039464,2.20964522664431e-05,0.000839509257660149,0,0.0205218144896567,0.0054282067762703,2.20964522664431e-05,0.000134218722572321,0.000216405912901535,0.000218331918946671,1.69823414432479e-05,0.00631519957838779,0,0.0966624317001337,0.00100631466741328,0.000690239989814477,0.000114280070296531,0.000894051706523498,5.18917999315933e-05,1.69823414432479e-05,7.81575874193819e-05,0.00298916684825344,0.00417594707143356,0.000853967401637552,3.9078793709691e-05,0.000255130928638716,0.000138961307138486,0.00201490641948535,0.000345260024148227,7.58778034017357e-05,2.20964522664431e-05,2.20964522664431e-05,0.00125330997138294,0.000154980166422967,5.60611351529388e-05,0.000940946912219971,8.77460340217884e-05,0.000215478885584205,0.000310990340703865,0.000138693058351532,0.000411202796766415,0.0336140073816041,0,0.0922950208942631,0.000498356874886467,0.00409238805343366,0.00213212679341637,0.000127769603333329,0.000391983213201192,0.000624938395906881,0.00257642321695797,0.001091800433782,0.615524708828609,0.00305983116393546,0.00479640879661581,4.41929045328862e-05,7.81575874193819e-05,9.09705936412842e-05,0.00228437716570574,7.81575874193819e-05,2.20964522664431e-05,0.0180558879756009,0.000756717194997042,0.000128714378935179,3.49094584883454e-05,2.20964522664431e-05,0.000130994162952825,0,0.000465800703957592,9.60847044644795e-05,0.00321361458310356
0.000667739420564353,0,0,0.0280864748851154,0.0222462407184654,0.000606179059569381,0.00129022763114652,0.00438092531250576,0.00163964463730504,0,0.000702048859289717,0,0.00729807511933048,0,0.00018153956619147,0.00196784910453686,0.0242725625291938,0.00165248131230837,0.00162277739820253,9.07697830957349e-05,0.000881132188946753,0.000278792905222614,0.0157024774612085,0.0326114511697948,0,0.012856307374242,0.000727605400161331,0.00981320422390217,0.156101151153442,0.0136367364610355,0.000748125520492989,0.000351622751992216,0,0.00400990575469737,0.0183850550566458,0,0.000111289903427392,0,0.000879370317826281,0.00592590263524193,0.00749157594095198,0.00314400677484158,0.000625315640590229,0.000544618698574409,0,0.0382763230266791,0.00163479186668298,0.0117305521967756,0.0477592176231598,0.00031196605063971,0.000954152175030644,0.00835082004480761,0,0.000241716387875633,0.000909208562437444,0.00821642204976736,0.00522353060401188,0.000456492695568841,0,0.00630130448243394,0.00164191073452518,0.00018153956619147,0.000222579806854784,0.00321873931263336,0.000202059686523127,0,0.00103849875357742,0.00143871799939198,0.000155983025319855,0.000176503145651512,0.000267272928747247,0.000782682205220893,0.0184339656372535,0.00157550409230454,0,0.158198065267064,0,0.0571869964782026,0.000358042711842982,0.00204747724296689,0.00151010071076613,0.00112165193212767,0.00470517059899872,0.000466816027349494,0.00428178420806413,0.000676492318418102,0.18828375250948,0.00313985615690915,0.0161434793186496,0,0.000592142495173133,0,0.0103438791564487,0,0.000544618698574409,0.00178234581502905,0.00143362122746558,0.00125459824919499,0.000372142872323873,0,0.000111289903427392,0,0.000942632198555277,0.000222579806854784,0.00304682676598966
0.0102252101199923,0.00507050650112286,5.38955659825758e-05,2.66520046364187e-05,0.000356620486786138,0.0185779383986225,7.70441854959921e-05,0.00615081467408949,2.66520046364187e-05,0.0015771447791624,0.055258274261114,0,0.000122138757039011,2.52003158348563e-05,0.000101957173786118,0.00324324858421527,0,0.00105577605713785,0.128302694235949,0,8.73137703573893e-05,7.17381253692988e-05,0.00324765096281979,7.56009475045688e-05,0.000994077494213824,0.000833219499980067,5.53472547841382e-05,0.00388119512178357,0.000929150937713265,0.00209860966770526,0.000233129044962157,6.76516343466972e-05,0,6.30007895871407e-05,4.92175182502357e-05,0,0.00187006410776053,0,9.11044830251218e-05,0.00121159659746937,0,1.23043795625589e-05,0.00036623275899905,3.92521625538468e-05,0,0.0211375458353642,3.69131386876768e-05,0.000155556961413825,7.70526363061312e-05,0.479378794256761,1.23043795625589e-05,0.000521356323390703,0,0.00244810420931701,5.35997876277066e-05,0.00140033717617072,0.000637654521982908,0.000172852870585563,2.69477829912879e-05,2.54876433795864e-05,0.00251595397506638,3.69131386876768e-05,0.13657015454965,0,0,2.49045374799871e-05,0.0554252509811545,0,0,0.00133934798782041,0,3.80878012970145e-05,0.000240611466281029,1.23043795625589e-05,0.000422623657992996,0.000189790391385709,0,0.000785054354331134,1.26001579174281e-05,2.86952501477195e-05,0.00148173488595276,2.52003158348563e-05,0,0.000180444597273534,0.00188371117917928,0,0.0185280521560459,6.4444027578564e-05,0.00705881971092282,4.12954080651477e-05,5.33040092728374e-05,0,3.78004737522844e-05,0,0,0.00103645645651914,0.000184826866651005,0.000118912398108234,9.48951956928543e-05,0,0,0,0.0111561701170804,0.00220874509758233,0.00558916158782158
0,0,0,0.00011221402591999,0.0125591195314853,0,0,0.000965141345415801,0,0,0.000526623033271024,0,0.0027730248286466,0.00011221402591999,0.000190536455380969,0,0,0.00011221402591999,0.0107067838498729,0.00509196208780536,0.000510510484846391,0,0.00423759107908719,0.000207760003545432,0,0.0464437905553058,0.000952682276904843,0.305314339063203,0.0484858630166622,0.00011221402591999,0.000880589381699344,0.00516181467034867,0.00028497143326658,0.00309445170392565,0.0234011065557409,0.00458267553399104,0,0.0100024069626232,0.000207204503675517,0.00167799113178032,0.0103242275713265,0.00104447405211272,0,0,0,0.0360492953026321,0.00533855214269729,0.00047772988812721,0.000302194981431043,0.000319418529595507,0.175806805569307,0.00029231196726189,9.49904777555266e-05,0,0.00481237167800395,0.00287471487900908,0.00138101540736881,0,0,0.00171198345074322,0.000196765989636448,0,0.00028497143326658,0.00022442805183998,0.000207204503675517,0,0,0.0301551303587272,0.00466709320103565,0.00011221402591999,0.000379961911022106,0,0.00290357340247089,0.00184552928210737,0.00195408982811369,0.00482631411429941,0.0027792024755516,0.00914068626331841,0,0.00208226379260394,0.00720245259907401,0.00219995040790172,0.0120401483563125,0.00208261784746608,0.00964849555374241,0.0961770743128192,0.0278657810981341,0.00226216028893807,0.000759923822044213,0.010846296726543,0.00100435292139823,0,0.000717714988521908,0.00134656831103988,0.00471298908863959,0,0.0115832344523217,0.00522407643873551,9.49904777555266e-05,0.00138212640710864,0,0.0067948713566076,9.49904777555266e-05,0,0.00466187394401611
0.000228741009249868,0.000389822422148628,0.0168281520560862,4.93855442728178e-06,0.000458021663692226,0.00125359103444815,0.00087572987621292,0.00100125970754289,0.000353168374533285,1.25241078985335e-05,0.00062340471440441,0,1.55244075319946e-05,6.59648294053287e-05,0.000298084962621098,0.000441368140677306,8.73133116290762e-06,0.000214532700966349,0.00275711237503203,1.27244918918592e-05,0.000591788875582502,0.000574989171838372,0.0691270358731804,6.21314942332803e-06,1.24262988466561e-05,0.000385614871787365,9.11270619597679e-05,6.55987253251223e-05,0.000386680710511308,0.00240874595268292,0.00126267309570506,6.81034681924751e-05,1.02900430042951e-05,6.31723140387023e-05,2.34594415191736e-05,0,4.23152600191273e-05,0,5.21532475660467e-05,0.000341919590871065,1.06719689015138e-05,2.03844679048354e-06,0.00125556578584069,0.00856377705154729,2.46927721364089e-06,0.302892230674788,4.32379915544607e-06,5.72809656395814e-05,1.75628543224781e-05,0.000201530130827866,0,0.35464710284369,1.36209810642507e-05,0.000686049434481209,1.66522889502247e-05,0.00169882899038197,0.000520749168636496,5.0557545922648e-05,0.000141800091738868,1.91215661638656e-05,0.00336626072152258,0.000142023396173577,0.000156796332703831,0.000107754557241363,0,0.000265232608489903,0.000342068670935022,6.21314942332803e-06,4.93855442728178e-06,0.000378696236313804,6.89405568390111e-05,1.74137577998765e-05,3.48671098154008e-05,1.48955760602969e-05,0.000867189560738568,0.000239497275824032,0,0.000499010086643218,4.54646561751901e-05,4.71955996101795e-05,0.00389302907307024,4.27508563318557e-05,8.30050073975027e-06,0.000118477089266445,0.00237186622258119,0,0.00660261917654324,4.39431556046648e-05,0.0191939409257475,1.64053833757458e-05,0.000108463849853503,2.2902649644415e-05,6.79307636908696e-06,0,0,0.000402486135381196,0.000125081001989279,0.000130515971979155,0.000554023333186576,0,6.45783491575431e-05,0,6.73720617793291e-05,8.4902470720516e-05,0.187377452531898
0.000175832382688568,0,0.000110850849955837,0,0.0271380253814496,0.000637911740928387,0.00147184833571421,0.00267562410702328,0.00028306853101541,0,0,0,0,0.00478936094900483,0.0207807237945587,6.0203478855325e-05,0.000726741994753566,0.000221701699911673,0.00130968534194448,0,0.0127582793345977,0.000196140595535211,0.00410089383677109,0.000414227593817889,0,0.0452569250382583,0.0282496440676312,0.00012040695771065,0.00640266638910823,0.000236035861543893,0.00570141130534794,0.00042821749815211,0,0,0,0,0.000328937848238515,0,0,0.00271982258925696,8.13307866523801e-05,5.54254249779183e-05,0.000585281922629051,0.000110850849955837,0.00267196192162904,0.00529113673498639,0,0.000175013287738156,0,0,0,0.00103940478245562,0.175189636506791,0.000522282837095144,0.000175832382688568,0.0013866951059599,0.00931191062111875,0.000945339443512589,0.00155000067783075,0,0.000110850849955837,0.0770385510480985,0,0.000312588594318867,5.54254249779183e-05,0.0014577842379968,0.000166276274933755,0.000273512423260597,0,0.000530637012042287,0.00752651214483954,0.0264926023024071,0.0017987710916653,0.000612006379253925,0.00955304505195543,0.000407090190355055,0,0.00961681871640984,0.00272180800419111,0.00583342210818943,0.0417869539257191,0.000393919380971247,0.00165245580454486,0.0342213774807626,0.351159416437821,0.00028306853101541,0.0325402296110707,0.00016266157330476,0.0127438887859942,0,0.000136756211630298,0.00350230458893316,0.000393100286020834,0,0,0.00109681265463237,0.0029485370477477,0.000340470467721498,0.00116295160414285,0.00028504504274358,0.0005518029003986,0,5.54254249779183e-05,0.000110850849955837,0.00357697874524578
0.0107716344384284,0.016862813699934,7.30590800541015e-05,0.000489086009780434,0.00022758719811816,0.102908935091233,8.01019339046521e-05,0.00225660255420434,0.000134870327279725,2.7296556307916e-05,0.00399376840917926,0,3.09056236128117e-05,1.18437445015102e-05,0,0.00204529239509069,2.24956656569564e-05,0.0013186283984573,0.0331716394088672,1.12478328284782e-05,0.000185970353959628,0.000169980929870464,0.0136132526386979,2.24956656569564e-05,5.34012892697681e-05,0.00108207836782201,0.000127056280996902,0.000123622494451247,3.37434984854346e-05,0.0189318529263264,0.000572597401175541,2.30915773299884e-05,0,0,5.34012892697681e-05,0,0.000470642697970286,1.18437445015102e-05,2.30915773299884e-05,0.0001079944018856,0,2.30915773299884e-05,0.000152606294336853,0.000183716076053084,1.18437445015102e-05,0.428238319505905,1.18437445015102e-05,3.79484774633622e-05,2.30915773299884e-05,0.00113918522535813,0,0.00495220660429475,0,0.112906552438299,0,0.00113622360269856,0.000396954108976449,6.22318781394145e-05,0.000336100276580921,6.16359664663826e-05,0.176102058799638,1.18437445015102e-05,0.00146077688917967,3.49353218314985e-05,0,0.000847540869243186,0.00523300003015722,3.37434984854346e-05,0,0.00203245073024214,1.18437445015102e-05,1.54528118064058e-05,0,4.27493681143218e-05,0.000397210400769581,7.64928665997564e-05,0,0.00086506555540472,1.54528118064058e-05,0.000238835030946638,0.00266141988247465,7.82806016188523e-05,0.000339961859740928,9.80131817210209e-05,0.00361271829369427,5.4593112615832e-05,0.00547731205920239,3.43394101584666e-05,0.00591473950383461,3.43394101584666e-05,4.61831546599767e-05,0,5.39972009428e-05,0.000316546152458601,1.18437445015102e-05,0.000310018199247191,2.45334707531282e-05,3.43394101584666e-05,0.000220309764118094,1.18437445015102e-05,0,0,0.000378150195085357,0.000953370543025067,0.032196218031429
0.00181528846726131,0,0,0.000102139975101324,0.00855644454147681,0.000306419925303972,0.000242596154610959,0.00141726072325744,0.000102139975101324,0,0,0.0131697210377356,0.000704447669307843,0,0.000306419925303972,0,0,0.000204279950202648,0,0.00532381306848617,0.00153437610824204,0,0.0332598642284359,0,0,0.0919965485245793,0.00185752680282953,0.0448905190570319,0.0261617667911783,0.000102139975101324,0.00321932914003572,0.0130357651735049,0.00143440290490039,0.000585576924923004,0.000753296030117579,0.00510195209679052,0,0.0036423981829836,0.000572356874439965,0.00201295839222244,0.000995892184728538,0.000908727619510491,0.000117115384984601,0.000844903848817477,0.000102139975101324,0.0189246394039238,0.000955409208560559,0.00105930454306212,0.000102139975101324,0,0.00440628122448386,0.0102977884940031,0.000102139975101324,0,0.185552157898966,0.000540650695273174,0.00671463369077753,0,0.000125480769626358,0,0,0.000204279950202648,0,0,0,0.00205788462187227,0,0.00198961759769741,0.00859508987577267,0,0,0.000250961539252716,0.00107252459354516,0.000980916774845261,0.0114199568455862,0.00116805454340496,0.00383877901588518,0.00499940070932976,0.00043851072017185,0.00384053437528542,0.0940808732474176,0.0058107333096177,0.00155947226216731,0.00675805140844278,0.0489720039374906,0.0393218607797032,0.0268130874111384,0.00250868285784578,0.00718142215378759,0.0369290042147825,0.0170511498015484,0.000461851514696884,0.00043851072017185,0,0,0.000979161415445023,0.131353571347269,0.0148208834010747,0.00128516992838956,0.0142909842821279,0,0.0122357875543373,0,0,0.00213007377720704
0.00317792562336077,0.00265193025865167,0.000511107087642604,0.000822744514846896,0.000881437760620318,0.0011418986601401,0.00101805808726881,0.0121703647053223,0.00878337739743216,0.000455122148862998,0.000393917333750642,0,7.34270805154536e-05,0.000918509822181266,0.000301786480211675,0.026420400433063,2.36655211266453e-05,0.00147596744538023,0.00191334993600179,7.09214365394844e-06,0.00315096674186384,3.66345498667834e-05,0.0210020108506739,0.000188132347488234,0.000524661100406017,0.00115038146668722,0.000244564494404544,0.00137645105530667,0.00333737850612127,0.0142766612327995,0.00244070098647978,5.45811666891259e-05,0,6.86489001858536e-05,0.000273300785400347,3.65860922166744e-05,0.00720878130589719,5.95587547713304e-06,0.000282572283620973,0.00459308891277275,3.655555947584e-05,2.48017893034607e-05,0.00318294253036576,0.00120860708558962,1.41842873078969e-05,0.0603458757916417,1.77886360404557e-05,0.000421496004457002,0.000147163026896676,0.00088013938803667,1.90038946082145e-05,0.00366691522526653,3.655555947584e-05,0.000282105436973317,3.07576647805938e-05,0.510303438400969,0.00337206328359002,0.0036932532498039,0.000428042376090965,0.00013548824711524,0.00557281882366108,0.000371682755270572,0.00172070144619952,0.0128862523110041,1.41842873078969e-05,0.000471445557219625,0.00264365970031087,4.12961763852142e-05,5.95587547713304e-06,0.0206419579704407,0.000242385706222231,0.000162235716978675,0.000124482888862964,0.000139410140976023,0.00274056545579646,0.000812328394280066,7.09214365394844e-06,0.0156232609697921,0.000120630674727692,0.000434987368174296,0.0157836983485026,6.7550195429264e-05,0.000241291362047311,0.00034797359220578,0.00483654005155983,0.000132962138169501,0.0804172739043428,0.00038283133652436,0.101521134842286,2.49597700853476e-05,6.68393469293867e-05,2.00611723940865e-05,0.000339298473604064,7.09214365394844e-06,0.000334585222306624,0.00193960506469684,0.000175520707282587,8.94100268499342e-05,0.00402131720488561,1.17537701723793e-05,0.000141237684160377,0,0.00138061547437472,0.00200361851052343,0.00929417676209173
0.000525587705459602,0.000207810411335371,0.000115909664283622,0.000161652534516709,0.00423226676396341,0.000280050990559226,0.000148973946587135,0.00713542475395664,0.000616895632354534,3.03065225202919e-05,0.000416441229841026,0,0.000286112941160852,0.00156131883773291,0.00311084489071956,0.00132507139915309,0.000362364658170963,0.00177731328832802,0.000925021835520507,7.03753399875461e-05,0.00784809146290157,5.76582254993275e-06,0.00598774368086103,0.000474871148805164,1.63340643882905e-05,0.00312815739979421,0.0021489598730324,0.00359700068049905,0.00220387078228326,0.00224301768005503,0.00456997868064143,0.000296726888419713,0.00014837451162189,0.00115247617678195,0.000775966648146666,0.000194978605982688,0.000587424319133978,0.000434020741299251,0.000380489848593129,0.0595831102410233,0.00028590053231246,0.000159584902653555,0.000465517365283048,0.000358206541734403,0.000337407071436921,0.0320378249275441,0.00102695497365041,0.00133920974027162,0.000418436594494797,0.000475686359846863,5.87946393316426e-05,0.00243852042841608,0.000450134260795709,0.000105895032342308,9.25690307207299e-05,0.00507267140602684,0.382535426639406,0.0113909756948622,0.000328090617996473,0.000452775124778322,0.000206396466122084,0.00133310194750927,0.000617921115678596,0.000865135240022492,8.47565146547326e-05,0.000242211448994656,0.00104895951846613,0.000267364027290816,0.000103586669311475,0.000727908236020887,0.000478352452401153,0.00200652660457773,0.000561808635877785,0.00115030475908734,0.00192077597138825,0.0020326513033248,3.65091788143584e-05,0.123212397267486,0.00089181368540683,0.0103887315260231,0.00982218641383086,0.000373260136462403,0.000503568751642578,0.00150524228642645,0.112301591182979,0.000720448219164706,0.139676498363018,0.000807265887614391,0.0155475411212247,5.10102404745939e-05,0.000251966325784364,0.00029088305557091,0.000906411849719976,9.71149937154982e-05,0.000926356078274629,0.00234639364977094,0.000451470725578501,0.000495581156809857,0.000874953940312634,5.97580425931503e-05,0.000369380388940699,0.000123747186718429,0.000858074761013833,0.000172474070530999,0.0033919241164999
0.000131715485778253,0.000293020753323658,0.000223781951374756,6.28821809311081e-05,0.00153475848595934,0.000131088967666049,0.000294811616947515,0.0324042438814553,0.00446834846393261,0.000163126353706534,0.000681434254571409,1.43893937818188e-05,0.000151103215725368,0.00177700121593842,0.000677398025295992,0.00286863340544606,4.27168201854243e-05,0.00179111875099518,0.00180992861302274,0,0.0255406854026096,4.53791230873409e-05,0.00436873839908373,0.000209843918752969,0.000741759754437673,0.00278382493446189,0.00106554884284742,0.007459867644496,0.00267289963886326,0.00203191381441811,0.0103976440073902,0.000247060976182388,0.000268259412646764,0.000378188735411745,0.00257257266542574,1.39380326217868e-05,0.00191085594299233,6.55444838330246e-05,0.000442224715929408,0.197436364641754,0.000332169407419431,1.70516966837353e-05,0.000191157733008876,0.000484049193438636,0.000140375899976567,0.0184569927317607,0.000175304805746469,0.00138487267793357,0.000196357247291214,0.00100797880771334,0,0.00627875635488627,0.000220508771881637,4.27168201854243e-05,7.72715747129269e-05,0.0178740607247544,0.0950627917013649,0.138442967070557,0.000380225414424959,0.000398947084583459,0.000670600566872434,0.000338411316559598,0.00161482535899679,0.0123313469248236,0.00021028069889673,0.000264553654382287,0.00300887880421846,0.000143848073759912,0.000509981202009048,0.00224761176362956,7.28038271708825e-05,0.001544245558053,0.000342111812946942,7.99338776148434e-05,0.00430441051371499,0.00180863457923738,0,0.026104268652294,0.000508009919555885,0.00322510667692824,0.0168805575886102,0.000345530987359691,7.20720604305884e-05,0.00104850018356748,0.0491688843417452,0.000196030977652677,0.256042811676133,0.00588600331261967,0.00549901867336856,0.000656306958469169,0.000130812763458189,0,0.000627407280756439,1.70516966837353e-05,0.00399390209279916,0.00175413825263333,0.00067235068420475,0.000272119424465278,0.00148754409107441,6.19794586110442e-05,0.000468586121756984,5.57521304871472e-05,0.000791896120687874,0.00019188949974917,0.00300981719940499
0.000220524151019546,4.42558741429636e-05,0.001309597100302,4.71905722447134e-05,0.000796714143673149,0.00033741084242809,0.0100638502243093,0.00251061245312689,0.000466165532191156,0.000159092423235529,0.000135400232652532,9.12954024486225e-05,4.71905722447134e-05,0.0122888999380834,0.0125749065691019,0.000628365535459022,0,0.000770195664088205,0.00106969317638385,0.00018280645181006,0.0101973608590222,0.00548894546481938,0.0078565982003343,2.2203459041009e-05,0,0.00222203430099814,0.000595568073693505,0.000180109238612659,0.00300890380520809,0.0010039035329307,0.0109026362087147,8.83607043468727e-05,0,0.000119519301632186,0.000431597266995396,2.2203459041009e-05,0.000253711052629304,4.71905722447134e-05,0.000697999003793747,0.00157139797052183,4.42558741429636e-05,0,0.0113882275323611,0.00180819431440764,0.000531114295841606,0.0868068457063123,0.000225551756419502,0.000166860917815953,8.88138361640362e-05,0.000953130410844948,0.000204772425946721,0.0021035713959385,0.000239491735081535,0.000367058870179881,0.000135766923504401,0.00298809393017862,0.00180478451635422,0.00097369682740743,0.342380524299421,0.000113412420524338,0.000792227022056488,0.00442847936043018,0.000946829720815818,0.00155887172200417,0,0.0467293846163193,0,0.000158207867449759,0.000206369436445537,0.0013536358959594,0.000489555634896044,0.00144515721360172,0.000278849209772063,0.000268081414116129,0.082416693036138,0.000543823043855855,8.83607043468727e-05,0.00480563465769078,0.00596433286328611,0.000182655407871006,0.164018955044578,9.46832323675357e-05,0.000496427483408139,0.000351631070976699,0.00702204522036872,0.000178598669079137,0.0075471411583554,0.000186129678755213,0.0617414971561256,0.000159092423235529,8.97848329151007e-05,0.000637622761581435,8.88138361640362e-05,9.43811444894268e-05,0.00111837248017055,0.00102869761807098,0.000559727765012388,0.00018280645181006,0.00524337908504539,0.000113563464463392,0.0289089929104331,0,0.000132465534550782,0.000479025324144458,0.0250904395044717
0.000469647282506491,0,4.45425962866733e-05,0.00205450159554522,0.00368164058524319,0.000510700366641673,0.000681070665802682,0.00620702105581896,0.000520963637675469,5.09058243276266e-05,0.000545184957315227,0,0.014051854903211,0.000408067656303717,9.5243155193624e-05,0.00152994581300792,0.00506502688788851,0.000733002817233688,4.59794542314047e-05,5.09058243276266e-05,0.00253400161824416,0.000182480958980887,0.00109324363051992,0.00201242218430666,9.68852785590313e-05,0.0209748417463476,0.000928415497717158,0.0937789969479427,0.253417568332089,0.00183117281784983,0.000524042618985608,0.000766255815383186,0,0.00483810596533129,0.0367248574748104,0.000136501504749483,0.000597938170428937,0.00257156519022785,0.00142505518304253,0.00487033263637741,0.0187185642422779,0.00131605924466362,0.00031795613662699,8.90851925733466e-05,0,0.00688562853657353,0.00249684857710181,0.00258572850425449,0.00483071641018695,0.000141222609425029,0.00425617849771507,0.000292708489883853,0.000147791102886658,0.000372762003947459,0.000711860478904069,0.00363689272353584,0.0077729909501555,0.000984247692141006,8.90851925733466e-05,0.0802333607830219,0.000321856179619833,0.000244676381445689,0.0011334756529724,0,0.00311100271576415,0.000181044101036156,0.000978705525782757,0.00122276611096642,0.000559964067603893,0.0004099150450898,0.000101811648655253,0.000142864732790436,0.00316560331766394,0.00101811648655253,0.000644122890081017,0.0202134096683503,0.000344845906735535,0.0196718168558969,4.59794542314047e-05,0.00134695169047535,0.00204588044787683,0.000757224136873446,0.00253051210609266,0.00095243155193624,0.00528219770296363,0.00391708002275846,0.132385419901379,0.169584584183745,0.00368985120207023,0.00100025839495373,0.00037974102825044,0.000610869891931519,0.00175142720191723,0.00172587165704308,0.00511439322156107,0.00374753078528016,0.00135885708487455,0.000734644940599095,4.45425962866733e-05,0.000190486310387248,4.59794542314047e-05,0.00138102575030755,0.00128434573716919,0.00037625151609895,0.00231908872279647
0.00168378577470745,0.00532303541525568,0.000283756578730121,5.89553456163095e-06,0.000234716399368835,0.00614105266165782,0.000271829180180284,0.000978724021437692,0.000485317610339837,6.67452363259725e-05,0.00079318757763144,0,6.10905873004899e-06,6.5869717009861e-05,2.12749434709624e-05,0.00185372890958715,2.94776728081547e-06,0.000228265222487161,0.00763618037658548,1.20045932916799e-05,0.000330677876966062,0.000173590896666442,0.0228684028584514,9.48387434770055e-06,4.41301234099833e-05,0.000421983972910479,6.48680592498927e-05,4.57347518831266e-05,0.000101359003808351,0.0278022178502913,0.000574855459515794,9.52588531662381e-05,2.94776728081547e-06,8.84330184244642e-06,9.05682601086447e-06,0,9.0727061541602e-05,0,7.23570400665763e-06,0.000218973631074635,9.05682601086447e-06,1.26717086515478e-05,0.00046417599786852,0.000390059575686716,2.94776728081547e-06,0.600964598106305,5.89553456163095e-06,4.89285249122648e-05,5.35549733231655e-05,0.000440280377045943,6.32258289846704e-06,0.00540914965713344,5.89553456163095e-06,0.0122489940887728,0.000146743606093603,0.00305941366720036,0.000325648135119489,0.000122407090043275,0.00021378490638591,3.14259331785308e-05,0.244077426423679,7.25949562400792e-05,0.000682598024063588,3.77809976569026e-05,0,5.61317473390178e-05,0.00173256857600618,9.05385664821896e-06,7.23570400665763e-06,0.00155925987770127,2.17315040250577e-05,6.77914345256233e-06,2.37417581925978e-05,2.03669425749462e-05,0.000634895558607979,0.000158206599735769,1.85702125758242e-05,0.00108430889599918,8.84330184244642e-06,0.000213904708538321,0.00378139610801476,5.89553456163095e-06,9.27035017928251e-06,0.000133893128983696,0.00154370964324697,1.35582869051247e-05,0.00465404699416575,6.78519145771792e-05,0.0066470870364695,2.53434173030955e-05,4.70808600534443e-05,3.48627425933463e-05,4.95720667801645e-05,2.94776728081547e-06,0,0.000305265708627395,0.000137336514227723,0.000112375149127056,0.000347618373831167,1.08535560099864e-05,6.56561928414429e-06,7.23570400665763e-06,0.000284048593565575,0.000152181884868647,0.0282672752123546
0.000297510763515813,0.000103729611617204,0,9.05948767289876e-05,0.00332230857950106,3.45765372057346e-05,0.000333804934659136,0.00284519250068474,0.000127179424266898,6.25857069673611e-05,0.000242035760440142,0,0.000210656241754993,0.00886009838703134,0.0836799191466245,0.000262934226310079,0.00012462807748714,9.05948767289876e-05,0.000189765131234259,0.000583083155681023,0.00882842273559136,0.00012462807748714,0.00367461829356153,0.000150621881567389,6.25857069673611e-05,0.029222002565698,0.00511967450243978,0.000865153442232655,0.00432595637155689,0.000398420718006279,0.00280755182094074,0.000245783470757512,0.00367671472798303,6.25857069673611e-05,0.000424414522086528,0,0.000125171413934722,0,0.000277808661183489,0.00368183197234205,0.000118604046490614,0.000249799491421863,0.00194273784406366,0.000400421372989252,0.0212091679725498,0.011226461971929,9.05948767289876e-05,0.000422413867103554,0.000240673421848795,0.000429792881342226,0,0.00319370637486024,0.015185939508581,2.80091697616265e-05,0.000353246081993681,0.00118412871370918,0.0176126986652717,0.00103993460784995,0.000830845215373902,5.6018339523253e-05,0,0.379059157628786,0.0093426024190371,0.000232641380520094,0,0.00116293987144465,0.00267396972509231,0.000129187434599073,0.000273241948722354,0.000292951406403881,0.0260429881810712,0.0191118165308865,0.000880432421312182,0.00370256190477592,0.011294223766049,0.000348969745927134,8.40275092848796e-05,0.00566707765863585,0.0081812513030201,0.00272711676014551,0.0373555230889589,0.00485577912386766,0.000382183944541522,0.00506155605082043,0.149055581381253,0.000374129837165213,0.0369622760596218,0.000116045344361655,0.0189267573840515,0.000176087059898461,0.000116052699710857,0.0142201506582618,0.000381538272800693,0,0,0.00196580533845374,0.00127455026003523,0.000852264951643814,0.00160184411166154,5.6018339523253e-05,0.00297952132437609,2.80091697616265e-05,0.00640313592793225,9.91702545052711e-05,0.00419852286794473
0.00858531907980154,0.00267287139147008,0.000141747033407187,2.92330471570322e-05,0.000874227604512319,0.00566756878776687,0.000330607311597743,0.00588136768714872,2.64617021248725e-05,0.00813077993214762,0.0103465921367574,0,6.91582282105083e-06,1.93916763578506e-05,0.000433267459366509,0.00579477302752161,0.000143969766047001,0.00576515328317238,0.0264394171289988,1.11200614314979e-05,0.000167168535964173,0,0.0067531218652967,0.000141066009761023,0.00460711796871773,0.000482799085755496,0.000167880021628205,0.000196544380136712,0.000558569210766693,0.00339122313123438,0.000493647559962384,3.20217328406215e-05,6.91582282105083e-06,4.84107597473558e-05,6.50908518946027e-05,1.15172064826229e-05,0.00223954297591034,6.99292429403636e-06,6.60991057643796e-05,0.0011029764663104,2.76632912842033e-05,1.11200614314979e-05,0.000388530728240426,0.000202518896555016,0,0.0172972755758439,6.91582282105083e-06,0.000105461301134562,0.000168866163339768,0.0614786989918053,3.55102665020455e-05,0.000516639771761126,0.000140200873372814,0.000482142210169581,1.15172064826229e-05,0.00108325976750723,0.000999950576392297,0.000218103479353544,3.1944631367636e-05,5.97621255978103e-05,0.00262974469347808,0.000222288922463177,0.683408895372357,1.93916763578506e-05,6.91582282105083e-06,1.95458793038217e-05,0.0319869409542393,1.66800921472469e-05,1.84330293036737e-05,0.00142240001192656,0,2.54259535977101e-05,1.11200614314979e-05,1.24758535367998e-05,0.000542436364872737,0.000606384471940985,0,0.00258206874078564,2.92330471570322e-05,0.000519829238510423,0.00155981514978864,0,0.000133069603103995,0.000169710060257618,0.00257357579192679,3.88604541886868e-05,0.0354694677099953,0.000113859624349501,0.00848926330896982,0,0.000104028407556275,0,4.99805156201847e-05,5.56003071574897e-06,0,0.000630391512153712,0.000142707164141605,5.96850241248248e-05,0.000117364014982113,1.15172064826229e-05,0,3.33004234729378e-05,0.0342391334868259,0.00244412446743823,0.00442880456181543
0.0012284359861914,0.000679642216335631,0.000225966222097948,3.11348221747661e-05,0.000767034635931485,0.00181851416408558,0.000483706332558089,0.0195529409250678,0.00911076996940018,0.000188730396359953,0.000301338467959804,2.56550934720072e-05,0.000225966222097948,0.00340441138066181,0.00119903118748054,0.00429856328149191,0,0.000729208853237858,0.00390039583965563,3.11348221747661e-05,0.0421340753324247,2.56550934720072e-05,0.0112132831655776,0.000260126991438431,0.000198167984519134,0.00219833767087234,0.000666779086945713,0.00259967942144828,0.00120791866608708,0.0059066433965392,0.0980115469234031,0.000336759578348184,3.11348221747661e-05,0,3.11348221747661e-05,0,0.00222089991661988,2.56550934720072e-05,5.13101869440145e-05,0.00272962227646255,3.32779662815728e-05,3.32779662815728e-05,0.00316929149930534,0.00209117374532134,5.89330597535801e-05,0.0309565799594995,0.000967847497208923,0.000115722975400353,0.000146547160144885,0.000345975485711915,2.56550934720072e-05,0.00321295568040692,0,0.000325489483512432,3.11348221747661e-05,0.0852186394271238,0.00296618820930399,0.0103273352203884,0.00194045130967366,0.000143210575548933,0.00121951292493095,0.000247335027356342,0.000884971920746473,0.283060992562912,3.11348221747661e-05,0.000424462635374274,0.000794189542573796,9.34044665242982e-05,3.11348221747661e-05,0.00877243088307571,0.000113579831293547,0.000847132611474966,0.00028823586644748,2.56550934720072e-05,0.0355348710622654,0.00101653059872159,0,0.00668312944875566,0.000294354661337666,0.00056137650276345,0.14750492767072,3.11348221747661e-05,2.56550934720072e-05,0.000634140186851567,0.022342741826484,0.000512937482748455,0.0278189689117811,0.000192044924879871,0.0666684301820523,0,7.69652804160217e-05,0.000133755196062795,0.000262580772975473,0,2.56550934720072e-05,0.000570677102012889,0.000172202253616892,0.000108100102590788,0.0191603149861785,0,0.000259244188379521,0,0.000711659841569307,0.000660744983941236,0.0110416854293728
0.000112627107735873,0,0.000112627107735873,0.000714676995931954,0.00688858821733365,0.00026416856498846,0.00033788132320762,0.00460049930103841,0.000225254215471747,0.000151541457252587,0.000112627107735873,0.000233299008881452,0.00103384949725654,0,0.0131102069345371,0.000225254215471747,0,0.000792505694965381,0.00449703951602523,0.000151541457252587,0,0.000450508430943493,0.00339490281889561,0.00101775991043713,0,0.0043206153256682,0.00325589627230466,0.0373052037465538,0.0361091487635714,0.00026416856498846,0.00249837607426055,0.000112627107735873,0,0.0359980183615861,0.00636923132186058,0.00125105891931858,0,0.0211811926948786,0.000376795672724334,0.000376795672724334,0.0230015610640979,0.000683807439824945,0.000225254215471747,0.000225254215471747,0,0.00249014419263202,0.00622442504048589,0.00163178344463835,0.00142935399186391,0.000303082914505174,0.000454624371757761,0.000112627107735873,0.00348133757599523,0.00026416856498846,0.000563135538679367,0.00114236066417814,0.00159286909512164,0.000679878587229508,0.000112627107735873,0.00803225849904361,0.000112627107735873,0.00155021298122832,0.00026416856498846,0,0.149285547509931,0.000112627107735873,0.000112627107735873,0,0.000376795672724334,0,0.000606165829010348,0.00026416856498846,0.00238556187830585,0.000151541457252587,0.00541620393513876,0.00414606201749948,0.000225254215471747,0.00136761487964989,0.00106471905336355,0.0037369000829175,0.022177624548369,0.000151541457252587,0.00256797289166544,0.00192700865395265,0.0111745922225182,0.00544632513837045,0.0487448999751547,0.189567137729857,0.00471967449643335,0.000376795672724334,0.001130387018173,0.000415710022241047,0.00173636575896452,0.0392477407226694,0.248110408989813,0.00192682156573382,0.00150306675008307,0.00026416856498846,0.00026416856498846,0.0009399312114037,0.000112627107735873,0.00128585732802103,0.000112627107735873,0.00026416856498846,0.00415653895775398
0.000654512287972472,0.000208509784761299,0.0115291571892008,4.57152003669525e-05,0.00286286482660041,0.00206482474597298,0.0917992716141185,0.0013497059892582,0.000523989936906626,2.0242532415098e-05,0.000774005237171681,8.2416024832899e-05,2.54726679518545e-05,0.000989975079435628,0.00150707946704558,0.0023856075011289,0,0.000218793740493178,0.00112742499653244,0.00021661316312587,0.00186564189239884,0.0114282438530645,0.0153863830270848,2.10030899913878e-05,2.54726679518545e-05,0.00217014318580118,0.000376057309430477,0.000245116841729973,0.0169796423889585,0.00260999168204823,0.0034809388673535,4.64757579432423e-05,0,6.74788479346301e-05,0.000173161087970587,0,0.000318503834933288,0,2.0242532415098e-05,0.00121765622508676,4.1930960002703e-05,4.0485064830196e-05,0.0575338637196411,0.00700374921961217,0.000403936214689857,0.0262175104264491,0,0.000147021629939715,0.000180672896236213,0.000229211994832396,4.0485064830196e-05,0.00327900047249313,0.000274969211933643,0.000270382397258809,0,0.00361450396368014,0.000546502922397683,0.00056438123423955,0.0733106629971167,4.0485064830196e-05,0.000399398744613607,0.000435249135794613,0.000426317307737968,7.19484258950968e-05,0,0.3853544093834,0.000515710243200421,0,0.000217983838318304,0.00274830519342008,0.000224866981450586,4.57152003669525e-05,0.000353005534514726,0.000743886675917726,0.0406946250971145,0.000790495811928142,2.0242532415098e-05,0.00117207875940282,0.00107767058440387,0.00023390723273308,0.0444654094700493,2.0242532415098e-05,0,0.00119476874380494,0.00663495808460836,0,0.0068732619538866,0.000281143548252613,0.129479659467428,2.54726679518545e-05,4.20061799827756e-05,0.000241400493481507,0.000363451149859661,0,0,0.000265370593797981,0.000175442760699456,0.000233982452713153,0.00367004218435523,0,0.00496208999906522,0,0.000280364443159123,0.00106157328081185,0.0156454527786479
0.0975359212790387,0.0117599088561673,5.91716515231677e-05,3.17892073302965e-05,0.000167766068903904,0.0173444076465548,0.000206518960051189,0.00978762039720442,0.000131420246469278,0.000848987676886897,0.0113167157300245,0,2.18120404956493e-05,5.49931695547906e-05,0.000207990669373099,0.00682796540716075,2.18120404956493e-05,0.00276021939519907,0.0931972368100708,3.2718060743474e-05,0.00112848340091231,0.000128022124338096,0.00919372037580804,4.31596542847099e-05,0.000599483794520041,0.000565160759155845,0.000113551900795387,0.000236650358503348,0.000277290698088739,0.00637752304913044,0.00255794111712161,0.000111695552359953,0,2.25910419419225e-05,4.54804294267321e-05,1.04415935412359e-05,0.00413310113045315,0,8.19111870410731e-05,0.000955978120566537,1.09060202478247e-05,3.45744091789075e-05,0.000776380323749028,0.000353217458178611,0,0.055761748567984,0,0.00032293449189733,5.54575962613793e-05,0.084040973587291,1.32267953898469e-05,0.002395050456223,0,0.00285040976042309,3.50388358854962e-05,0.00395186161096579,0.000909677651988855,0.000878214101008391,0.000136905714986785,0.000102032960264991,0.00612376068271937,3.13247806237078e-05,0.0433050939834188,1.09060202478247e-05,1.09060202478247e-05,6.96132450644037e-05,0.39897139794916,4.17663741649438e-05,2.13476137890606e-05,0.00234155287507263,4.39386557309831e-05,9.04964321468755e-05,4.36240809912986e-05,0,0.000296877622760934,0.000378100248593393,0,0.000694156277830487,6.58991898026153e-05,9.95461039592667e-05,0.00442673627408479,0.000242577161081781,5.01219797107765e-05,0.000214357662104313,0.00283882840540456,0.000129477604463208,0.0381614219306948,0.000124607773010116,0.0308047106502671,0,4.50160027201434e-05,1.04415935412359e-05,5.59220229679681e-05,0,0,0.000933193400676932,7.74357179207303e-05,3.13247806237078e-05,0.000159180823798102,0,5.82427981099903e-05,5.26723944127684e-05,0.0243934726959396,0.00671357866790279,0.00631059956107886
0,0,0,0.0023626526063447,0.0785059138361929,0,0.000621304053059489,0.00143000572312837,7.8402404306983e-05,0,0,0,0.000839080731451474,0.00114663516298963,0.00235181055630254,7.8402404306983e-05,0.00200227060058498,8.75294017549333e-05,0,0.00221842240090379,0.00358054447741043,0,0.00725904413431048,0.0029187690305737,0,0.224101944387014,0.00271169346278729,0.0451123139403341,0.0839237138156277,8.75294017549333e-05,0.00271813740085666,0.00509398447671163,0.00796206554066221,0.000368981315269739,0.00342295855705645,0.000232818857236311,7.8402404306983e-05,0,7.8402404306983e-05,0.00415037116941004,0.000536986467356131,0.00560073282212175,0.00305997070802653,7.8402404306983e-05,8.75294017549333e-05,0.00653265029365679,0.00100437330035314,0.000905967782625869,0.00126873921280529,7.8402404306983e-05,0.0273806488791197,0.00175241717516098,0.000290578910962756,0,0.00456417229424934,0.000334435255871974,0.00281211074068096,0.00175376939220091,0.000470414425841898,0.000720532096010514,0,0.000235207212920949,0,0,0,0.000890427306057878,0,0.167237412225903,0.00978407112846414,0.000267548204697579,0.0027588739745217,0.000307694435831557,0.00786570852086918,0.00428495483856994,0.000165931806061916,0.00699889678634034,0.00146587354061674,0.0238075155450117,0.000465637714472622,0.0065286140820951,0.00504792025875173,0.00738238591292232,0.0510682142762456,0.00743317166880381,0.03328732995757,0.0181018889145881,0.0608958065675845,0.000992247298723264,0.00916173000161677,0.00352147295216838,0.000811588323477185,8.75294017549333e-05,0.00202688824482856,7.8402404306983e-05,0,0.000691901218009125,0.00540111902896145,0.010190263527606,0.0010786382304511,0.000753329972027074,0.00144955195230873,0.00167547840352437,0,0,0.00104183553696535
4.93801128803767e-05,0,0.000133753798115542,0.000151667489561157,0.00541874466777835,0.00109639149080354,0.000232468843857428,0.00133866001363575,0,0,0.000281803776718937,0.000823129820522451,4.93801128803767e-05,0.000454123478128161,0.00207198085977086,0,4.93801128803767e-05,0.00249449642327576,0.000274565326437275,0.0212205963646301,0.00145454530032455,0.000225230393575766,0.00438822657466056,0.000824752261576467,0,0.0848918153257524,0.00066148536027718,0.00274111598124853,0.00200217443513676,0.000424426744744201,0.00193010962081835,0.00185409389357942,0.0322398211567163,0.00275470486854101,0.000731336964930154,4.21868426175826e-05,0,0,0,0.00612157157909658,0.000508755249960499,0.000692541733175996,0.00044442101592339,0,0.000485409179487453,0.0217959424311112,9.15217754790917e-05,0.000183088730977051,0.000190282001239845,0.000246716415960275,0.00103170409518954,0.00041917508579224,0.000225320753613501,0,0.00412561226681413,0.000246900564401883,0.0130888421521877,0.000239707294139089,0.000614708745984046,0,4.93801128803767e-05,0.00761175406772116,0.000857097673566538,4.93801128803767e-05,4.2141662598715e-05,0.000503368050951935,0,0.000848010882136523,0.53923868064889,0,0.00348069370189068,0.000488891150388612,0.000316842529092593,0.0629056594607241,0.00180021145893648,0.0011513910412777,0.00315837600563514,0.0112163091235433,0.00102766282223128,0.0031999343676138,0.0184677207951883,0.0137202239064346,0.000852510812015731,0.00932933707911013,0.0165798760189613,0.00429540473085032,0.0111936061906388,0.000267462416212216,0.0111190636509327,0.010447103077381,0.00569354566116698,0.0102181039792432,0.000243234445059116,0.000225320753613501,0,0.000422566696655665,0.0119206835833901,0.00898907684263811,0.00137579351100772,0.000811166058508636,0.000190282001239845,0.00016856665039486,0.000201047602441534,4.93801128803767e-05,0.00121436906416609
0.0012518115540613,0.00310480060844737,0.000837641646324857,0.000323398057439888,0.000347833317855817,0.000815837787101143,0.00154394304973691,0.00259226340854512,0.00189648186448449,0.000199308531349305,0.000345339806682407,9.33630335666247e-06,2.41307532910661e-05,7.24037507080988e-05,0.000406539993362511,0.0159004772660822,0,0.00029289563619649,0.00138123282754572,3.60524945003428e-05,0.00161670301632693,0.000336296519615707,0.0842041659370785,9.90107789202242e-05,0.000119435737955877,0.000467791888799667,0.000197360834833669,7.59371824400049e-05,0.000995738298303491,0.0422094159846361,0.00435690517879864,0.000111570261466479,1.54436821062823e-05,7.40009767592693e-06,8.30327729910683e-05,1.67364010325894e-05,0.000772241559488617,0,0.000265771520413842,0.000754292875374024,0,7.40009767592693e-06,0.00812035469832565,0.0043706999260967,0,0.069184880581594,8.04358443035536e-06,0.000256785687521645,7.29323291135221e-05,0.000307287906909376,0,0.00695651123084518,2.22002930277808e-05,0.00105566874772709,1.86726067133249e-05,0.040301810991968,0.000545745712764711,0.00050000644444324,0.000256251363698771,8.50321782637567e-05,0.0039996493763244,0.00022091130096226,0.000745071480366367,0.00386364385444199,0,0.000735769649514406,0.000756861076974288,1.48001953518539e-05,2.28437797822092e-05,0.16318244954226,0,0.000129731526026731,0.00012109041818155,7.40009767592693e-06,0.00410271067454706,0.000334406277274574,0,0.00266111649126897,0.000114437224774156,0.000147921517674235,0.00932009553403531,1.48001953518539e-05,2.47799854629448e-05,0.000325460662304529,0.00455586323968348,2.22002930277808e-05,0.0142039646559538,0.000642349161773279,0.466632777641026,0,0.000112282693230311,0,0.000119378283781374,0,0,0.000691397790546096,0.000128484770440026,8.29178646420633e-05,0.00637336859589677,0,0.000106433858265952,0,0.000512284401534432,0.00116208536974069,0.0136509969534541
0.000175645733254124,0,0.00227012688475768,0.00044707877036608,0.00987309466689478,0,0.000530351085996568,0.00315990403906773,0.000220994268021552,0,0.000264103419691408,4.59833545776507e-05,0.000447630129533677,0.00237896431956434,0.016761917189942,0.000226730997995946,4.34323994955652e-05,0.000597783609509459,0.00103817925810641,0.00113578756075228,0.0034546267036383,0.000134764288840644,0.0029743321110426,0.000713794335196213,0,0.136611500000282,0.00470177205925102,0.00557589926197255,0.00713934596644064,0.00201960657654378,0.00364850577645524,0.000491385776854952,0.0175379726239879,0.000173729597982261,0.000222263907641997,4.34323994955652e-05,0.000264426667517118,0,0,0.00602580207237314,0.00105347331275773,0.000403707560927154,0.00387656436083905,0.00126991702978271,0.00875219726317614,0.0255687104703322,0.000173729597982261,0.00013317140139449,0.000358214375460461,0.00103050801422123,0.000133806221204713,0.00169155911522577,0.0129011865670806,0,0.000352477645486068,0.00160656093729106,0.0183553192379856,0.00044030051211313,0.000441976860201909,0.000227365817806168,0.000177561868525987,0.104295480472503,8.68647989911304e-05,8.68647989911304e-05,0,0.000309680065800725,4.43904671314968e-05,0.000988037033760462,0.00121691227837016,0.000670099877931578,0.156331950374593,0.00463315897846162,0.00178700479261897,0.0175452075373632,0.00369796420732373,0.00466376146634647,0.0002283238854421,0.0180865906716456,0.00409785787634607,0.00303978784977519,0.018094577163243,0.0407266658949649,0.00374437264900863,0.0452277345684391,0.123849215834759,0.00192259082283862,0.0496007807783767,0.000826107494951559,0.0215753737513876,0.000759777689773864,0.000223221975277929,0.0482679865329019,0.000352884353954402,0.000173729597982261,0.000763169305422075,0.00135341410535622,0.0022851649357798,0.00175985456989077,0.0014353366721225,0.000308817134648614,0.000667259621450964,0.000444360893998745,0.000181382463228517,0,0.00334710777400968
0.000406520848231005,0.000103807885362678,0.000122866620151662,0.000254487596145686,0.00460877538739999,0.000317318110146483,0.000377354216297348,0.00535243717646292,0.000353972881865502,9.21499651137464e-05,3.07166550379155e-05,0,6.72841015116244e-05,0.00801425255704601,0.0460938229785489,0.000721644911589065,3.36202194444846e-05,0.000315167725980716,0.000125060666940084,9.79570939268847e-05,0.0348291719718724,3.07166550379155e-05,0.00682458799321612,0.000274943534859636,6.72404388889692e-05,0.0151209884178599,0.00678783498059613,0.000343733996852864,0.00126951258501053,0.000381742309874193,0.0147274681155244,0.00040656451085366,3.36202194444846e-05,0,0.000247130444228289,0,0.000681464383090641,0,0.000198151897264847,0.00897271261826108,0.00190953022354575,0.000100194803337962,0.000848899625317572,0.000336333182312812,0.00297856587663505,0.018832693391498,6.14333100758309e-05,0.000661739793306165,0.000269005418178532,9.50535295203155e-05,6.14333100758309e-05,0.00920416818095616,0.0151428197291875,0,0.000204712206318787,0.00115112138368103,0.0291526271474401,0.00217541376420444,0.000562964025204496,0.000164531677820362,0.000228824889680107,0.0122908427112854,0.000783121884287551,0.00186926236980202,0,0.000187203494634062,0.000443131957327369,6.72841015116244e-05,0.000168188422467733,0.000520633112540304,0.00295873213029394,0.114627286774828,0.000531581515171089,0.000892223862647169,0.00747713680445337,0.00204467695631918,0,0.0105258576000396,0.00439536340351715,0.00298824806320884,0.0431720294270213,0.000636186243397224,0.000162293968409285,0.00455940387683265,0.430293690845993,0.000193054286069855,0.0787181525785473,0.00195415342389934,0.0186864017742918,0.000638369374529983,0.000106755112391902,0.000415362529318678,0.000269092743423842,0,0,0.00202116463401937,0.000475998996531052,0.000503812087162398,0.00410255094033589,0,0.00162554852579649,0.000128717411587455,0.000495101393942691,0.000403617283824436,0.00483889924010408
5.48813067618942e-05,0.000137560586069143,0,0.00264675588643816,0.168185825487635,0,2.81334150262274e-05,0.00383148147287142,0.000178039181896448,0,0.000528711761093742,2.67478917356667e-05,0.000558224809534194,7.71206383972039e-05,0.000328427357685648,0.000510301590320027,0.000989317379590314,8.02436752070002e-05,0.000217279220871299,0.00030046699283559,0.00181815630368191,0,0.00278866776890276,0.0204356295088628,0.000526262874721347,0.0661148578460716,0.00409038000235436,0.03107084686757,0.0324635040204233,0.000423976858198818,0.00142127820556623,0.000499695425557659,0.000207737060265741,0.000892686205291325,0.00509075273992886,0.000111673177219193,5.62668300524549e-05,2.81334150262274e-05,0.00222245488470491,0.0076717795897786,0.00193195738904676,0.00208331563147528,0.000102131016613635,0.00030411507005023,0,0.00821570353916492,0.00155926266239566,0.000868470960380306,0.00197427504867612,0.000343208142586974,0.000366134906931831,0.00154940599441389,0.000473251002688468,4.7249709851741e-05,9.90079798038389e-05,0.00197751848737973,0.00597297684202494,0.00109126030079945,2.67478917356667e-05,0.000667683954191507,0.00119147710760376,0.000194162858602471,0.000210156116618188,8.21542389024049e-05,0,0,0.000267478917356667,0.00368218360534661,0.000270071023885283,0.000108377090233228,0.000689842790850219,0.000102131016613635,0.358806919327647,0.00072602374024407,0.0018672319553323,0.0150441614196462,8.02436752070002e-05,0.0499821671450883,0.000135298032145064,0.00578485114673446,0.00843570572599418,0.00166383929990603,0.0221450473763949,0.00261640731696885,0.0161271577030723,0.00188605255432542,0.0858076882652382,0.000650288625137427,0.00433503845361053,0.000792498847868699,0.00018428525551604,5.03727466615372e-05,0.0194133396599625,5.48813067618942e-05,0.000578900799707644,0.00195440801498724,0.00109487528251849,0.00177747396621399,0.000800333966049945,0.000105254053423431,5.17582699520979e-05,0.000302236479969223,0.00034633117939677,2.36248549258705e-05,0.00330933401902177
0,0.000292910987487744,0.000136231492820682,5.03612661429841e-05,0.0053799963744766,0.000227052488034471,0.00134259450236041,0.000478858818749391,0,5.03612661429841e-05,0.000386529830820587,0.00109294109206253,0.000358769486941017,0.00124678751146715,0.00508146801250866,0.000482229107948495,0.000144425868328693,0.000156679494667062,0.000136231492820682,0.0062423758130672,0.00178915274040362,5.31591142620388e-05,0.00634060128284303,0.00127058683405081,0,0.134132345283138,0.00158211197959358,0.00156189837373974,0.00491348670181976,0.00020488784039301,0.00263028072730058,0.00174200662853982,0.00861510276572015,0.000159477342786116,0.000236954025106651,0,4.54104976068941e-05,0.000100722532285968,0,0.00235002170384951,0.000535388222210533,0.000655369840253549,0.00107740863160885,0.000491558203940626,0.00332886411081475,0.0102934912056371,9.57717637498783e-05,0.000106318228524078,0.000184885597399498,0.00024254972134476,0.000364365183179127,0.00158304143422296,0.00107611877620481,4.54104976068941e-05,0.00210100373702273,0.000282364522713545,0.00292983406365208,0.000191543527499757,0.00259506306814388,0,0.000227052488034471,0.0215534722849216,0.000368234749391243,0,0.000153881646548007,0.00207819416167925,4.54104976068941e-05,0.0013393156682451,0.0761942937160036,0.000469602209379231,0.012538924875659,0.00246299786247384,0.000896828875043423,0.419708333587488,0.00545086254785143,0.000875565229338608,0.00257820958981316,0.00435028394012445,0.00427936086136414,0.00213158089748318,0.0169183823100689,0.0399797904046209,0.00216082078138503,0.0108724025635031,0.0306446746356408,0.00158509951233087,0.0149511502628353,0.000194341375618811,0.0195152846415646,0.00374752312874004,0.00332185187694542,0.0532867550739883,0.000286698816240352,0.000376258408742837,0,0.000594462109336366,0.00977266263276673,0.00664709910855736,0.000880715166723851,0.00079437072850055,0.00101736396570466,0.000201445064571936,0.000136231492820682,0,0.00521684863432752
0.00205005352628617,0.00051521057846625,0.000564379550879697,6.00395184364511e-05,0.00175891340520584,0.00127252914991837,0.00234595781747571,0.00385867539171617,0.000384690887197391,5.10828696466882e-05,0.000152263015387775,0.00012843937124103,9.34988107595978e-05,0.00416249386941768,0.00243541882238063,0.00206201308523959,2.09360577500642e-05,0.000322692057968822,0.000850771042132011,3.92155556686543e-05,0.00987885404041862,0.000499887411982307,0.0172855032930924,5.51448773485049e-05,1.34437610943375e-05,0.00460886062314332,0.000782288785126316,0.000628274238261706,0.00208569565957083,0.00177090157399945,0.0233135244492862,0.000347318209536519,0.00022121673111413,2.53110750723714e-05,6.85121583597624e-05,7.49229665572676e-06,0.000158367439992546,5.95146443861072e-06,5.06221501447428e-05,0.0026682537597132,3.06075313985694e-05,5.51448773485049e-05,0.0114707575597092,0.00241987730582102,5.5068397265425e-05,0.0351052373317443,1.19029288772214e-05,5.12538688926493e-05,4.35905729909614e-05,0.000659976762861508,6.00751333356386e-05,0.00475973844777527,0.000203090403934616,0.000846183711157629,0.000127453525001242,0.00316117136259708,0.00197277278882699,0.00150961604576116,0.0118740107021367,4.07563878857703e-05,0.00106471647988482,0.000691007981005201,0.000641142686073228,0.0033672743349731,1.82794979185901e-05,0.00761349039542583,0.00168029781795595,0.000140495470857327,0.000503049009895441,0.00356896361480125,0.000129088876381239,0.000620190386132245,0.000434950037711393,0.000202791558852273,0.280219603774023,0.000252326057771453,0,0.00232060266247293,0.000681919373188097,0.000323801159555424,0.325095102300352,0.000304220559665452,3.22428827785667e-05,0.00103989897368929,0.0174627398492064,0.000157488241915598,0.0166037047747199,0.000284252056387875,0.134135738103264,0.000125870451857182,0.000244417570766411,0.000169113776071517,0.000170003937978289,0,2.42309623572008e-05,0.000439067285708165,0.00053054242055433,0.000373921261753914,0.0240090003243079,7.95112240524792e-05,0.00107108869708593,0,0.000257546946497207,0.000370806270646181,0.0104825159266577
0.0025044111321579,8.85077294732144e-05,0.00014642980807971,0.0265710775754577,0.0331760218978548,0.000424675297920974,0.000372685706630085,0.00855968148467332,0.000944245661090883,0.000276965725940666,0.000455178720966977,0,0.00166522463164838,0.000520490838078909,0.00351144426399418,0.000968100937747737,0.00352060813596766,0.00232733233937222,0.00119707101059473,5.32122120407905e-05,0.0027241533027397,0,0.00370061421131273,0.00673457803407099,3.58333892167331e-05,0.0152272376727443,0.0011161827774982,0.00786975821467839,0.018889266894736,0.00177837218992957,0.00393288827630829,0.000551441519800859,0.000778124179657379,0.00218176233745368,0.00149857941177254,1.79166946083665e-05,0.000353210243074033,0.000742479182379371,0.00663959986192357,0.00595155321558943,0.000379674947577171,0.000752152393253617,0.000295085292508285,0.000130533621115503,0,0.0100961412089748,0.000165291266763618,0.0258300043758325,0.00946153533180753,0.000869866382942056,0.000746669455168723,0.00231007787200449,0.000398869109340682,3.52955174324239e-05,0.00042863293701585,0.00348700113193363,0.00895186782310377,0.00291102761892872,0.000110058547078668,0.00183555961643004,0.000178833094631336,0.000196668709791713,0.000728377047672025,0.000603858141692845,0.00109880625141959,7.73214090747123e-05,0.00250994511866061,0.00142790959420516,0.000174377148442698,0.000168722517801452,0.000343505410162655,0.000762397391599414,0.00941187918127651,0.00205144606831796,0.00332875334273952,0.326466402392643,2.10129458211442e-05,0.0745922789969652,0.000843629635068191,0.00378523963618008,0.0104313093464718,0.000371787750350699,0.00247094904595223,0.0064440689697346,0.0179690310546511,0.000729574583751907,0.244457990286767,0.00411848361790951,0.00873994626889305,0.00114616934614753,0.000511690056179797,0.00155715965033729,0.0185858170193395,0.000233577842577064,0.00192404756355798,0.00503987194133841,0.000839434852362229,0.000511153332768215,0.00105174927385926,0,0.000145558084843071,0.00015881481293082,0.00134448020727106,0.000520119718681485,0.00472359017076077
0,0,0,0,0.0397038026258929,0,0.000444201020215428,0.000722259895035226,0,0,0,0.112401915619094,0,0.000437701229549126,0.00116116245159976,0,0,0.000856591532301939,0,0.0452890895127361,0.00280016899771352,0.000295733571138482,0.00330750182384225,0,0,0.0790026219366499,0.00274885122709627,0.0313146934447311,0.00131012305626596,0,0.000732298570209978,0.00675076543616003,0.00316932554560175,0.000148467449076946,0.000877162038240693,0.00222877920578606,0.000147266122061536,0,0,0.0020726106390274,0,0,0.00147266122061536,0.00161723471315959,0.00028809754999455,0.0299829563652995,0,0,0.000296934898153892,0.000148467449076946,0.00682788707982915,0.00057379244595828,0.00273276054653025,0,0.0127752606360331,0,0.00251561033222742,0,0.000444201020215428,0.000147266122061536,0,0.000731032146656787,0.00164374675763762,0,0,0.000148467449076946,0,0.000295733571138482,0.0421955205561324,0,0.000723396125512855,0.000568493982307388,0.000148467449076946,0.0159822040899827,0.00509031253978101,0.000296934898153892,0.175836972767335,0.0216974572008166,0.00248372683707129,0.00103086285443075,0.0105434613454184,0.000871928671127583,0.000147266122061536,0.00508088932278164,0.0403787531189403,0.0111576511246256,0.0276482887640123,0.00057613000345132,0.0241977047501277,0.0115681597549836,0.0114107898612095,0.00472954555477709,0,0.000147266122061536,0,0.000437701229549126,0.171815679516236,0.00552642186308804,0.000436499902533716,0.00263212918961046,0.000871863574589802,0.00158239031184562,0,0,0.00161992734267689
0.000234110536587538,0.000134738116588486,0.000328956903455075,0.000782296176077384,0.00539171652479298,0.000292735501693652,0.000511274710796594,0.00582721374950815,0.000581553594845546,9.21362645441582e-05,0.00044318880916109,7.19930448614889e-05,0.000136734062733719,0.000172401127038817,0.000991652477672739,0.000520584248853261,9.06900247637651e-05,0.002083832777204,0.000900572661739653,3.97563566188919e-05,0.00175426986582749,2.17547990930416e-05,0.004519360781597,0.000475701069185812,5.62263824980415e-05,0.00330407801581927,0.00122173466824336,0.00108206843383625,0.00343076421098089,0.00103783594595797,0.00142329686055115,0.000175883262135523,2.40555339623781e-05,0.000243185814796378,0.000594901610333572,2.24176275940609e-05,0.000531177414039089,5.88610682142619e-05,0.000898598761250285,0.0201928598335054,0.000219919268259803,7.41748163550875e-05,0.000376559287593228,0.000204506467911341,8.03237014062931e-05,0.0183451389657952,8.26115376152204e-05,0.0044490753280448,0.000463693777178823,0.000598916285416401,0.000218190870835701,0.00105909331987198,0.000124294098747797,9.59668788758862e-05,0.000151735859802161,0.00319906050730884,0.0241555714129524,0.00232338432842593,0.000351942237402886,0.000246771030990268,0.000257996851451901,0.000296281235629791,0.000773490357703837,0.000157573058874113,3.46897263723823e-05,0.00015795725047222,0.000293913608296589,0.000305090976029048,0.000113324761766196,0.000254315108627996,0.000162874300210161,0.000326521212939006,0.000839566179284544,0.000197960075796521,0.000964933644157274,0.00472572243661399,3.6027043816032e-05,0.647256541911317,0.000310403843637736,0.0117599907978991,0.00442140018166308,0.000278575551594893,0.000465642816464483,0.000609390681142089,0.0119728459606749,0.00030682055685275,0.17679271696823,0.000547765034851583,0.00684040838992284,3.7301516883284e-05,0.000400971357182447,0.000147458113022232,0.00209597946410008,0.000117095859514929,0.00031379496594613,0.00300686442906434,0.000427450723076819,0.000323768629768679,0.000482672187494348,3.32858232124946e-05,9.29238756229682e-05,7.34805656658693e-05,0.000595660510263671,0.000129682859233879,0.00274276898790767
0.00145095739523917,8.18985194849609e-05,0.00120243307042996,0.00109597547344797,0.00265121812277201,0.000977745776701277,0.00218893148300055,0.00491030132474302,9.5130835104216e-05,0.000145267131443031,0.000235891081217903,0.000105570184585265,4.67084579565391e-05,0.0198621263970413,0.254840507470613,0.000364498058659403,0,0.000451538335717777,0.00832528432760963,0.000534236511835059,0.00904566559788731,0.000626218898871747,0.0146902885644261,0.000249123396837158,0,0.016352529174283,0.00357284883780074,0.00105500878210206,0.00120592898738205,0.00125291683565334,0.0043252596211955,0.000210505496926461,0,4.67084579565391e-05,0.000245695558454883,0,9.68447542953537e-05,3.51900615284217e-05,0.000141839293060755,0.00500192953843229,8.36124386760986e-05,0.000141839293060755,0.00174332561143448,0.00098191178452159,0.023553388003813,0.031074474855264,4.67084579565391e-05,4.84223771476768e-05,0.000145267131443031,0.000303922412839539,8.18985194849609e-05,0.00150877235327452,0.00294981055226289,0.00151581578730969,0.000268732351311118,0.000933489407373913,0.00638808697543744,0.00274384798321187,0.0121987078380046,0.000178743273780315,0.0003858209323245,0.0194004272943906,0.000544320379386786,9.34169159130783e-05,0,0.00451153018120982,0.000951787388952006,0,0.00234907111631789,0.000542327069880901,0.0023436359456014,0.0159773121658084,0.000355772628369491,0.0057064198100736,0.00921579192443331,0.00198547329738897,0.000225172341422106,0.00633710897013664,0.199891399078329,0.00187872996104668,0.0658645517808417,0.000527225000736285,8.36124386760986e-05,0.00342343925301171,0.122762895557987,0.000191696199084822,0.0266387854286311,0.000325724324414483,0.0208209865904224,0.000187468704070226,0.000405908924708306,0.0053035792514512,0.000227165650927991,3.51900615284217e-05,3.51900615284217e-05,0.000917273428075381,0.00154372142571279,7.03801230568435e-05,0.000971907659689511,4.67084579565391e-05,0.0218435776306197,0,0.000322296486032207,0.000212219416117599,0.00993147952143096
0.000233679305951449,0.000171168408652514,0,0.00142957907093458,0.0648957601257563,0.00013224077698826,0.000174382967875021,0.00497520005470428,0.00047161179185795,8.06187800248309e-05,0.000287559249136872,1.44983915307011e-05,0.000663712458302244,0.00076652066026361,0.00103840535434456,0.000503112688210662,0.000459880226107495,0.00166815567722058,0.000514592475836453,0.000335126755053912,0.00308010509999292,1.44983915307011e-05,0.00456276187707113,0.00239828375185228,3.71236054327275e-05,0.00763571446409857,0.0102813751151234,0.00203798594637294,0.00943818585780108,0.00162357282112993,0.002167640026845,0.000195202716813379,0,0.000423360744300749,0.00042159671482274,1.44983915307011e-05,0.000632607932654362,0.00124849146740956,0.000344329029700591,0.0203270676336622,0.000511959596018529,0.000492958548379535,0.000345687912207711,8.69401374324879e-05,0.000437606062847858,0.00671963371320726,0.000117022731640659,0.00148197179670591,0.000358646572601176,0.000488494306419406,0.000109298178775941,0.000515157178201772,0.000896143232501783,0.00029966761883504,0.000326438107781548,0.00356505580914918,0.0908092348939271,0.00317925935393593,0.000651103409819028,0.000454855454105255,0.000396345958636708,0.000437089270262832,0.000400337720961752,0.000474589391896844,0,7.24919576535057e-05,0.000233679305951449,0.000477957895458431,0,0.00036773446804265,0.00047200816256278,0.00123172031071581,0.00767908518836048,0.000168463879973971,0.000710861005419842,0.00487608550976835,1.67563377526956e-05,0.369273927835005,0.000339949672936777,0.162852953390824,0.00888665177614773,0.000623847780394594,0.00272423988436661,0.00421214947249141,0.0413556376079139,0.00032943426746506,0.114273863251758,0.001642511427794,0.00608598327524357,7.01837996797924e-05,0.000130887793282918,0.000552033897199114,0.00401395332958558,0.000218678221410702,1.44983915307011e-05,0.00182570691777872,0.000409816088306278,0.000704950693784852,0.000605607822058159,1.85618027163637e-05,0.000336475278689617,3.30601942470649e-05,0.000557460219341891,6.43149235304616e-05,0.00228011319970958
0.00088656071008611,0.000391163771858309,0.000686879141038284,4.03726184248188e-05,0.00198205480120983,0.000513328026878574,0.000448652557751239,0.00539657502126204,0.00029211645685895,0.000110391139672832,0.000476428515020576,0.000104040537651298,7.53615695312607e-05,0.00544534943230974,0.00270656051401519,0.00121790122992131,4.69538430941549e-06,0.000731842911514846,0.00269244962218138,6.85238798789467e-05,0.00852320237110707,0.000210401898121336,0.0226841684573955,0.000136891077632734,0.000118588207895124,0.00291030217160589,0.000551638183461328,0.00118366920686048,0.0019909506007549,0.00170596470443779,0.0630847372418537,0.000219524528326811,2.51601203223868e-05,0.000108179306953524,0.00032643400214474,9.17018590143085e-06,0.000186429295219506,4.80946375075456e-05,7.75108350981561e-05,0.00139238788230672,2.2571159090292e-05,3.96414929262827e-05,0.00218465757401382,0.0012499641133619,7.92989421248427e-05,0.0867451175712284,4.44880826067626e-05,7.17925303960308e-05,4.81768541562818e-05,0.00125158097373299,4.05842187942392e-05,0.00426270431117541,0.000114654340895427,0.000214903108103209,0.000172447648218328,0.00326620857933248,0.00189247632018596,0.00130311618757112,0.00435825594141148,0.000119321168224098,0.00201548862576923,0.000791276645812994,0.0029036362867197,0.00389496240214976,2.01388936836577e-05,0.00301965936786647,0.000482762219454826,7.13065003476729e-05,0.00010420350117917,0.00160008865190592,0.000281589115505369,0.000415529821408181,0.000445876986709941,0.000337094781329841,0.0667102716999807,0.000697998102710744,4.25453155788991e-05,0.0026038887893581,0.000552875319802725,0.000334113942285607,0.55034454323613,0.000100742272571048,6.92654339318929e-05,0.000614857335471196,0.0220178284445988,0.0005724152137547,0.0341803858604025,0.000225781909227646,0.0445544562855831,0.000147189593568862,0.000390227866686718,0.0007833975559811,0.00013964770189878,4.38748311289073e-06,0.000372332388281548,0.000709539920763136,0.000810239603778416,0.000341800403062691,0.00576989299752588,7.23889218866905e-05,0.00126404787944194,7.85842742891939e-05,0.000798716619734672,0.000280484016064011,0.0107849259388623
4.22389096148112e-05,0,4.22389096148112e-05,0.000116541220912898,0.0113083667731353,8.27216495108704e-05,0.000248164948532611,0.00282803148264351,8.38571040704083e-05,3.80292405084192e-05,0.000162989799634101,0.000887465778500622,7.85119804044784e-05,0.00114089923618949,0.00259047190908175,0.000251571312211225,7.85119804044784e-05,0.000733954157129169,0.000532964478235866,0.00295988092486658,0.00220960283071217,8.27216495108704e-05,0.00483732315458098,0.00190129044562085,0,0.352985036725656,0.00346078200141917,0.00203153465329692,0.0033872646447681,0.000167714208140817,0.00384936574802034,0.0019081109720599,0.0404550623309776,0.000116541220912898,0,0.00012320438940693,8.02681501232304e-05,0,0.000158780130527709,0.0024385632284097,0.000124960559125682,0.000317560261055418,0.000289706528478534,0.000667041705243219,0.000942180466415262,0.0114508665497421,0.000237989440601075,0.000479491220639655,0.000122507059738042,0.000199960200092656,0.00179934268310751,0.00148993521517434,0.00251039781846506,0.000241501780038579,0.00252962760162368,0.00153254297548243,0.0062885460214331,0.000449183988675131,0.000285135348991166,0.00012320438940693,0.000163687129302989,0.00431070391756248,0.000442159309800123,3.80292405084192e-05,0,0.000794860857241822,0.000116541220912898,0.00179384066026608,0.0173857122824906,4.22389096148112e-05,0.0114186168876341,0.00199988689679786,0.000738784541394776,0.0401207790034154,0.00119757057610269,0.00196635589142329,0.00138038564173108,0.00420795697854703,0.00111732077676022,0.00223948661841065,0.00896372605204301,0.23139692261297,0.00582660181735636,0.0271049473187438,0.0430615856679903,0.00105836017694718,0.0405276731590591,0.000122507059738042,0.038657720800512,0.00581220608861949,0.00113906645196106,0.00796086230627085,0.000606722688884412,8.09654797921184e-05,0,0.000786883314075841,0.00665086108414556,0.00901024849265677,0.0010860313192555,0.000118994720300538,0.000289783142988208,0.000396072241459896,0.000116541220912898,3.80292405084192e-05,0.00122951011001583
0.000223348298679009,5.69566422560836e-05,5.69566422560836e-05,0.000437942955647413,0.148142574330665,0.000108348055345161,0,0.00321470245429795,0.000279217982113411,0,0.000166391656422925,0.000162522083017741,0.00050603005623751,0.000324029671135246,0.00226861349590682,5.41740276725803e-05,0.000328652869323463,0.000548392464714491,0.00033278331284585,0.000280986101796679,0.00248926613670806,0,0.00395102285288894,0.00684969565297921,0,0.308474580250561,0.0056478380374544,0.00642523098672064,0.0290508585713819,0.000168087312184748,0.0027075274681016,0.00343351451149447,0.000436247299885591,0.000161507588117505,0.00103314711361563,0.000223348298679009,0.000393203730547024,0,0.00027860928517327,0.00276046960910961,0.000278203487213176,0.00322902132517556,0.000931567188533471,5.41740276725803e-05,5.41740276725803e-05,0.0222457137373073,0.000330681859123934,0.00132211873955559,0.000613363616682435,0.00118224887838168,0.00272583185465871,0.000991784707254598,0.000612146222802153,0,0.000660957920287773,0.000320986186434539,0.00748243612225614,0.000161507588117505,0,0.000324783295918278,0.000828914797413919,0.000622044794471594,0.000111130669928664,0.000113913284512167,0.000318957196634068,0,0,0.0199299552141081,0.000282000596696915,5.31595327723447e-05,0.00127024906458498,0.000382000808291565,0.039061256564398,0.0010296108742491,0.0023745412562757,0.00898458422825069,0.000388319662241604,0.0175972256405064,0.000994219495015163,0.0118430830302916,0.00730418936828475,0.00349561609217318,0.171151666494831,0.0132971730635836,0.0283793499041317,0.00556896830535323,0.053385953541293,0.000434899470946707,0.012267736102746,0.00067629128606562,0.000934755601077069,0.000492261911162885,0.00615956375791752,5.41740276725803e-05,0.000166391656422925,0.00125675628241184,0.00331763020831899,0.00522860526632419,0.00189922140994675,5.69566422560836e-05,0,0.000493885103003261,0.000111130669928664,0,0.00218317853252269
0.000246770234746183,0.00038405965612911,0.000884826971614729,0.00101356276757408,0.052691792136505,0.00137686031778946,9.39971023247812e-05,0.0011577650535735,2.48868845344702e-05,0.000122919610274244,0.000116919013750171,2.48868845344702e-05,0.000177660016955873,0.00107511601728002,0.00543261431735952,0.000178693975867258,0.000127569724665396,0.000787998000017808,0.000488440194390241,0.000273575576630216,0.00798501449155562,1.93364487213705e-05,0.0061566714493211,0.00109155082308997,9.84828864507474e-05,0.240951612448669,0.0122845027464637,0.00405961976420747,0.00334996739372032,0.000422043078174609,0.0119867023087726,0.00133918572988503,0.00282092535942805,0.000117369174461144,0.000514185841184465,0.000377369584207794,3.95732188646885e-05,0,0.00058225936758025,0.00317613393344609,0.000203928076399012,0.000335216901257865,0.000320934211879101,0.00238353964260039,0.000589155328928945,0.0117188522375149,8.33463914095555e-05,0.000573648614195188,0.000427326239008833,0.000557813429569417,0.000400260802857435,0.00117676197537806,0.00989349668899931,0.000351765263983474,0.000880282534420407,0.000602526830499316,0.006741301087161,0.000695187049560762,0.000450484732637349,0.000147806494808714,0.000481150501284743,0.00307179889420656,0.000519864957889677,0.000237153482742343,0.000178079484891098,0.000133120160478496,0.000230702725507296,0.00140978648545577,0.00110811297532352,0.000231633739704992,0.0106966091335548,0.0019244640465134,0.00338798513067038,0.00452359768923415,0.000805151639532241,0.00312655092982807,0.000461482659549859,0.00654046135217268,0.00173341079521427,0.00905767432422235,0.00342135694727318,0.0126449709057056,0.00527244594172803,0.374434657554696,0.0755910637952398,0.00108066943976073,0.0402943353364212,0.000625961940386284,0.0150237173280536,0.000993081535508807,0.000659752398824756,0.00213164892508606,0.0021248264865977,1.93364487213705e-05,0,0.00143421088133207,0.00306440600220289,0.00279916894738154,0.00109083338740012,0.000197446626388217,0.000352752707135341,0.000134051174676192,0.00016807395772778,0.000181379117149329,0.0038140060688373
0.000447677986063485,0.000180291562953612,0.00103276858989935,8.49567342366404e-05,0.00543937033111093,0.000253053517599194,0.000337971956389048,0.00329619379605225,0.000243135515733726,6.27562052924814e-05,0.000218808703968208,7.89051609133968e-06,3.38102452380977e-05,0.0026824383372989,0.0055177622965397,0.000285199810180921,4.14224473545705e-05,0.000995004469175687,0.0010011916871664,4.40838274548368e-05,0.0249644569276425,6.14168915499432e-05,0.00818032763942156,0.000204843221907061,5.29175984115356e-05,0.00725755271513132,0.00393536132670631,0.00225642751516335,0.00193187670001803,0.0010971847184776,0.0164208204318233,0.00031638451914649,2.4976474281399e-05,0.000264105770862648,0.000165532400011066,9.69283357415236e-06,0.000135004142089649,0.000334480890921978,0.000245286101948347,0.0067550433900868,2.55471699506042e-05,8.21495808295806e-05,0.000993505573832985,0.000333856344837369,0.000430604962511248,0.0243464748619647,7.56636218138561e-05,0.000298599339365242,0.000107254688067425,0.000208712103128082,3.68753926043376e-05,0.0036542025237855,0.00169242445799889,0.000244104721899159,0.000191723569824648,0.00243015850569584,0.0287694215359295,0.00171913090612414,0.000790485418622018,0.000113444219274206,0.00114524124824996,0.00210075257366327,0.000354176754750003,0.00104502597680843,1.05206881217862e-05,0.000160582167638172,0.000358333135622207,0.000124205139992996,0.000232353836687829,0.000383779947306084,0.000677754988647177,0.0096198759592389,0.000661724590754635,0.000437200966306518,0.00374462028936747,0.000726259497700616,2.67366956402589e-05,0.0166457392796439,0.00155000868895595,0.00226640688126344,0.0178283677862121,0.000471955065167113,0.000308306830302178,0.00250422328041928,0.676685561404866,0.000351902345771235,0.0592769671743461,0.000452161584638229,0.0215512161486519,0.000397639957608572,0.000225089300730937,0.000691280566276602,0.000220987488358802,4.67412998434749e-05,5.6548698654601e-05,0.00151580859750235,0.000798811548440832,0.000486231984871888,0.00310053826165014,7.78660442884533e-05,0.000495763307258273,1.58543363764518e-05,0.000319325722725458,0.000101433187333342,0.00638429852831253
0,3.20349095231875e-05,0.000109125369214471,0.000132479851641053,0.0147735329357568,0,9.61047285695624e-05,0.00262382608688024,3.20349095231875e-05,0,0.000136789857262099,0.0020532329009295,0.00173102439684194,0.0002109969105636,0.00479791075011914,0,0.000141160278737658,0.000393571745570589,0,0.00120767845711479,0.00166430737350365,3.63751230714903e-05,0.00332193145643471,0.000604957860530276,0.000132479851641053,0.0206556887975648,0.00109484032884104,0.350307056241909,0.026260917838242,0.000625646280043689,0.00070766080254397,0.00319913717080312,0,0.0103269311636482,0.0113839602128762,0.00736874359927941,3.20349095231875e-05,0.00301333742622872,0.0017716283737299,0.00167234908213836,0.00328852285421952,0.000591649988577052,0.00017170817317507,0.000911813910921509,6.98366318259413e-05,0.00477640953256303,0.00720467982369582,0.000844017850181655,0.000765470583331852,0.000104754947738912,0.01972726291598,0.000236044402246568,0.000329974330719948,9.61047285695624e-05,0.0158360716890502,0.00117604614928876,0.00346160275742466,0.000382735291665926,0,0.000604332454036322,0.000135363258030836,0.000201126086333597,9.89881349593456e-05,0.000248798632866354,0.000243863220751352,0,3.49183159129707e-05,0.00720843422532149,0.00463104335462029,0,0.000247341825707834,0.00044091550356177,0.00176109792442168,0.00367913200425769,0.000926304756026008,0.00212711858967154,0.000924660727985003,0.00572227486015176,3.49183159129707e-05,0.0055075208173024,0.00945053237810998,0.00187047093037315,0.00512066675155492,0.00238237182032787,0.0123611270117543,0.302072704640706,0.0461180146815681,0.00583358629343529,0.00375135497700374,0.00190793439215714,0.00526747301136312,3.63751230714903e-05,0.00124188082808517,0.000232299387264964,0.00343495330693271,0.00108660209801291,0.0109160069930908,0.00309355082239964,0.000341424756479434,0.00148513741563069,0,0.0130963825851805,0.000276463120913982,0,0.0012183391247761
0.000501270732825697,7.80088670384178e-05,0.000234531010066911,0.000301363337096669,0.00115331157166218,0.000222774777832868,6.59961466103405e-05,0.0309342580239032,0.000558496394845,0.000187785044037338,0.000292564621957889,1.21875621161972e-05,6.02109080207493e-05,9.61915124336634e-05,0.000395290265160449,0.000586729532555263,6.76891526448183e-05,0.00537594388652543,0.00112438347240185,1.84254922810191e-05,0.00061711684433552,2.75366475520239e-05,0.00339522816787548,0.000127615706825562,0.000347582373627876,0.00149532082049972,0.000183755852347103,0.00143381722653757,0.0018242884807492,0.000805904512593825,0.000674329273306625,8.81270842106765e-05,3.06151548412094e-05,0.000142842836154972,0.000165594769840798,8.4018631457804e-06,0.000622620273181538,8.49096051346498e-05,0.000806571284315161,0.0103059875476966,8.65219472586885e-05,1.86588500019192e-05,0.000175536468229463,0.000101312687283919,2.33715978675818e-05,0.0137620607220928,7.39290784629192e-05,0.00138970467435076,0.000184297148275372,0.000542597638435145,2.52731186226535e-05,0.000635382668471216,3.31750944320034e-05,6.56522165595256e-05,6.25129268836391e-05,0.00294854771014273,0.00322343377830603,0.000880843377803325,0.000103127234960151,0.00012711135998157,0.000253972830125163,9.14405661712356e-05,0.00117517161588562,0.000309709141467498,2.33702734843478e-05,3.58373209698888e-05,0.000489070484354667,4.51089866955593e-05,5.417399896391e-05,0.000273205444235967,2.95707006174663e-05,0.000109637383673571,0.000278233446369925,6.61731466617457e-05,0.000421311544897183,0.00109777103469435,7.64919464189187e-06,0.0126090670891459,0.000102551792705646,0.000591299059206243,0.00237061114176213,6.38575355063695e-05,7.67373257986887e-05,0.000307450702114008,0.00423344330453964,0.000136029933748131,0.868958042051639,0.000571326625591985,0.00470765176718028,4.49627642902957e-05,9.55567016318561e-05,4.49839817434306e-05,0.000218059231907359,4.05542122157606e-05,0.000139707450065027,0.0064809502346889,0.0002113106912016,0.000123639402609868,9.45500976477823e-05,1.12176629232608e-05,3.53104614549314e-05,1.75932293597533e-05,0.000647288704216724,0.000129738495028033,0.00225647230095845
4.92284331834939e-05,3.70904095408885e-05,0.000156466497055916,5.28193844128037e-05,0.00374262543943506,0,1.23634698469628e-05,0.00110870881966286,0.000249330755070519,2.47269396939257e-05,0.00015420954322439,2.72093397298092e-05,0.00222439282635967,0.000112154333611734,0.000217607507677658,0.000753338391434695,6.40743030663403e-05,0.000360669193854001,6.18173492348141e-05,0.000191595100918404,0.00063119724845919,0,0.00491064103435951,0.000862253995499058,0,0.00513715926371008,0.000518603057423051,0.0737177000536468,0.0334559016887049,0.000874043408031505,0.000374506217313928,0.000179183100738986,2.42760472852107e-05,0.00700954208031532,0.00589649174277467,0.000117816643912886,4.20552096126556e-05,0.00102641488650143,9.08327503874346e-05,0.00206602822458071,0.0155606614565162,0.000157614899694016,0,0.000207951884070936,0,0.0125559021012112,0.00126216266034522,0.00201069635257018,0.00261470027985978,0.00024974179603456,2.72093397298092e-05,0.000588514230565917,6.67821493065813e-05,0,0.000343952544175479,0.00162456402708335,0.00235166332824174,0.000930634321068626,4.94538793878513e-05,0.0120052322895352,0.000238645113424565,1.23634698469628e-05,0.000339213190308069,0.000256100446829944,0.00343255984965981,0,0,6.40743030663403e-05,0.0003339533777746,3.66395171321736e-05,2.72093397298092e-05,0.000249397965231335,0.00180427390927965,0.000162354253561426,0.000474943569187677,0.00681522601292235,0.000109242212783448,0.0089194764551037,0.000192496885735833,0.00144786569963933,0.00355449269932856,0.00025458821150746,0.000962712366671476,0.000152698629954704,0.00759641880716773,0.00213951282169712,0.0593564454057535,0.660974015516418,0.0046232350610876,5.19362794237349e-05,0.000240981770145439,5.19362794237349e-05,0.000406454910911147,0.000963020244610875,0.0253427916572695,0.000559497371669075,0.000867727168046293,0.000174650513247572,0.000168604520698521,4.85520945704215e-05,0.00020134793750768,0.000524770977565203,0.000254679237390185,1.23634698469628e-05,0.00645801824720285
0.000598221531061211,0.000445016114771674,0.00187074311591761,2.8426462830246e-05,0.000680164548207762,0.000796152362021574,0.00149360035848638,0.00171239819023973,0.000484341866885624,3.65465725227519e-05,0.000223319896767448,1.05978146110312e-05,7.74860221837637e-06,0.000368845026451488,0.000217940022081834,0.00207899763370614,2.42745449206795e-05,0.000509824854434124,0.00101661135949909,2.2395107035535e-05,0.00147468099383605,0.000193967040487888,0.0545275352406288,4.31784462875638e-05,7.02410865455732e-05,0.00182108708905849,0.000195527901212612,0.000422336678578924,0.000360411260136176,0.00249771476325974,0.00348866356758423,0.000122246828720271,8.93291357752257e-06,9.1059447162156e-06,4.58694967889457e-05,3.73893512954195e-06,0.00013131014675912,2.99047243974642e-06,2.02798772700486e-05,0.000340959655294685,4.38610536557836e-05,8.93629189695827e-06,0.00968887860833863,0.00876219421429475,1.7027578073285e-05,0.0402491117132581,9.01329938039164e-06,5.93359737804394e-05,2.39925921795849e-05,0.000444357195974204,9.22651142614114e-06,0.00662958280596225,4.41567496491399e-05,0.000189637262100661,4.62432278647155e-05,0.00574486628079006,0.000392317005427091,0.000124023838670738,0.000707821824099114,2.13034410122128e-05,0.000823167349114435,7.51832644032358e-05,0.000644604169278434,0.000627517583172378,8.43954499462893e-06,0.00107412179121003,0.000817040334860501,7.58785460139435e-06,8.99043349106554e-06,0.0106686941098661,2.21892660540878e-05,0.000125959024254231,0.000126073957730863,3.33714174184968e-05,0.00572932414565618,0.00015352103779433,2.03400891113279e-05,0.00104821255175742,0.000131046188103994,7.65253382218591e-05,0.00875888912161483,0.000158359041175287,1.87288102963503e-05,0.000271537322180776,0.00409286583127603,7.25087778850782e-05,0.011010124975254,0.000140959714204328,0.783053475250414,6.45938227823201e-05,7.46791872390815e-05,1.40108614247768e-05,1.33042807961336e-05,0,1.45951981781546e-05,0.000313716293953242,0.000265382725318868,0.000136180515645492,0.00299112595423385,2.34864206994038e-05,0.000120454443740135,4.40701201646841e-06,0.000292069624987933,0.000396760263221948,0.0138530433095497
6.68484708556875e-05,0,0,0.00104570107981397,0.00898634443931456,6.68484708556875e-05,0,0.00155183950200703,0,0,0.000143246723262188,0.00573690369323295,0.0002291947572195,0.000219644975668687,0.0040180159131825,0,0,0.000415415497460344,6.68484708556875e-05,0.0246084019736235,0.00239407920542163,0,0.00561282943216819,0.000321339214320469,0,0.129578179247786,0.00142958771833747,0.0440066691203206,0.0251648407719239,0,0.00204219526995772,0.00802123330991604,0.0405575577508216,0.00120086680524072,0.00641103808171492,0.000674207287577782,0,0.000296043228075187,6.68484708556875e-05,0.00666192031993722,0.00121854483597409,0.000852299778636064,0.000512334845336719,8.16469873046565e-05,0.00393319781521021,0.00914023443056468,0.000296990916320688,0.000744882960963375,0.000210095194117875,0.000219644975668687,0.00570643187118531,0.00097214589214397,0.00113212295789403,0,0.025593596803917,6.68484708556875e-05,0.00407112290447843,0.00140429173209219,0,0.000152796504813,6.68484708556875e-05,0.0188015880475109,0,0,0.000501363531417656,0,0,0.00259604615035694,0.0366036201428541,0,0.0032096378397706,0.00156423234829435,0.00207755133142447,0.010134250051451,0.00527257290248562,0.00483696435548653,0.00479676050414857,0.00498782903426063,0.000531908252561095,0.000444538686235531,0.0147634884334334,0.0170710364121312,0.00274454160851729,0.00994627973291074,0.0377875014587717,0.0129895618360481,0.0173038032250453,0.000587785409497719,0.0154930625842771,0.294146303693386,0.00671342353112538,0.00303825206552663,0.000630759426476375,0.000210095194117875,0.000133696941711375,0.00127536968115622,0.071465170593191,0.0134837812560766,0.000439763795460125,0.00245618923504981,0,0.000884302481695657,0,0,0.00210620067607691
0,0,0.00642071598206175,4.03595082888473e-05,0.00396272734435792,0.000161800001839594,3.99843465190391e-05,0.000526081903235025,0.0002435917313843,0,8.07190165776947e-05,0.0772605202877657,0.000326469632614217,0.000207925154169706,0.00102676295510625,0.000202133123957235,0.000121440493550747,0,0.000521659120510946,0.00489008181615004,0.00606528203680784,0,0.00235560011083892,0.000162161970523799,4.07214769730523e-05,0.0839056790786283,0.00154573210286129,0.021318596611852,0.0135457969030476,0.000403930665401472,0.00089142359014446,0.00676756060877848,0.000242519018417289,0.00323217554721829,0.00207076688240272,0.00491907384312391,0.000121065331780939,0.0144511205156777,8.07190165776947e-05,0.00133462785778216,0.000202883447496851,0.000484248134038151,0.000120328201326925,0.000442776333525483,0,0.0034661519098911,0.00181692075882506,0.000160687709615773,0.000323198455738174,0.00192367141563795,0.00139032145039846,0.000162161970523799,0.000161786808753991,4.07214769730523e-05,0.0120462838093671,0.00122560010981181,0.00244725229943706,8.14429539461045e-05,0,0.000490402132934827,0.000562380597483998,0.000281377879626903,0.00432870840892602,0.00177167839215579,0.00073398093686612,0,0.00351862249367544,0.00133171864959033,0.00808436575898509,0.00072046856088232,0.000280265587403082,0,0.000244651516898304,0.00231021235459542,0.0019899486963225,0.00069367393528709,0.00522833207731026,0.026709834873676,0.000322836487053969,0.00246694506048874,0.0155947477345143,0.000977973419293647,0.000201034024819017,0.00709783383453541,0.0342121993491031,0.0147654749112191,0.0143503632385851,0.00213878246279576,0.0127265927947612,0.00855858077278239,0.453626372548859,0.00132970488887974,0.000243242955785699,0.00128097999033218,0.000164320855176021,0.00134352008602303,0.0504988949382954,0.00900274273447302,0.00136605608983853,0.0120783818782865,0.000625572378477134,0.00263530663017153,0.00432711567588016,0,0.00279983857471721
5.94030705638797e-05,0.000205384809955467,0.000250913891478977,0.00112961645475507,0.00481767114679133,0.000259972424233586,0.00161090077950167,0.002966806350569,0.000118806141127759,0,0.000127292294065457,0.00136553648363885,5.94030705638797e-05,0.00439024029699246,0.0159499359780732,0.000515129392181411,0.000178209211691639,0.00117688756180831,0.000902966490297366,0.00283111500484233,0.00289892957010692,0.000551599940950312,0.00452712617451094,0.000310316962042856,0,0.0573439963877359,0.00300694759598984,0.000812480707067258,0.00193566411040181,0.000374535488892497,0.00264906089394578,0.000775748854468898,0.00388923375464138,5.94030705638797e-05,0.000324190951083226,6.8461603318489e-05,0.000310316962042856,0,0,0.00193451935076799,6.8461603318489e-05,0.000383668679884095,0.000187267744446248,0.000200569353669706,0.0225027143246361,0.0119077399388818,0,6.8461603318489e-05,6.8461603318489e-05,0.00131388542668228,0.000328434027552075,0.0120649452999006,0.00271900321896455,0.000205384809955467,0.000456298701434444,0.000196326277200858,0.00288649897364833,0.000118806141127759,0.00184378470674792,0.000118806141127759,0.000570861766093355,0.0454642906168433,0.000378206185544433,5.94030705638797e-05,5.94030705638797e-05,0.00107878663840537,5.94030705638797e-05,0.000437609256108313,0.0298218345878074,0.000123049217596608,0.0461367498004385,0.00491338300661064,0.000429123103170616,0.104426379860911,0.00451676112260903,0.00174111718784918,0.000921805252097473,0.00518007467217319,0.0112968613577626,0.00158723411837631,0.0175882238875101,0.026603877928009,0.00115950463562948,0.0132453169127684,0.0387228260193313,0.000844135799550398,0.0158054847325399,0.000178209211691639,0.0185157031656187,0.00245102992033369,0.00221462461290948,0.40317834548786,0.000118806141127759,6.8461603318489e-05,0.00226901313855563,0.0010369406965733,0.00412923510048053,0.00353741925587239,0.000999412489447058,0.000127864673882369,0.00302497756022257,0,0.000329081065605976,6.36461470327283e-05,0.00625728104456231
0.000936346573471805,0.000228760444384805,0.000263856186858866,0.00516204459075774,0.177175476479313,5.27712373717731e-05,0.00150155752986669,0.00338413883576579,0.000417678514121986,0,0.00117326973548822,5.27712373717731e-05,0.00110836350041455,0.000650262599044127,0.000731101285306489,0.000606709891252922,0.00099991125715502,0.000363005200204142,0.000323862845156427,0.000304592946082647,0.00459339075048344,0,0.0137466580743649,0.014785529549008,0,0.0131356817063037,0.00300551188812332,0.0162241017200001,0.0333062100762116,0.00291680294874997,0.00293049943849827,0.000381854119514162,4.07367592237818e-05,0.000622370002210808,0.0068806254423485,0.000968952915822811,0.000496534091729568,0,0.002440915028253,0.0110173239662743,0.00121939162729574,0.000872160482287855,0.000248924728034743,0,9.3507996595555e-05,0.00572529737733293,0.000362924168095433,0.00852004054753078,0.00362063062471434,0.000802863381915892,7.62534814616017e-05,0.000199050471339101,0.000327488477966322,7.62534814616017e-05,0.00025123499650472,0.00365045393062758,0.0091754409287105,0.00120818695768003,0.00054703648100507,0.00123158147005581,0,0.000772391844606764,0.00068096077661455,5.27712373717731e-05,0.000883494940835937,0.00340744128588414,0.000320674036804293,0.000960869421661207,0,0.000717780075352435,0.000570185477045189,0.00114834603182486,0.0437708606460104,0.00113109151669091,0.000611848896130176,0.0744420189883041,0.000105542474743546,0.205045621050073,0.00061541362112117,0.015357241236908,0.00310249927253157,0.000781270426532282,0.00867779742818924,0.00240504921327147,0.0135703722251306,0.000732416649646406,0.134197377101946,0.00220050575334477,0.00444899596520326,0.000129024718833375,0.000317048403994398,0.00025024009237466,0.10658257280639,0,0.000698461419454993,0.0043960687263748,0.00111518464118192,0.000389983925016109,0.00047277280780359,4.07367592237818e-05,8.14735184475637e-05,8.14735184475637e-05,0.00113601666914672,8.14735184475637e-05,0.00237772990395984
0.000110499629666291,0,0,0.000147168405582337,0.00608604514677031,0.000110499629666291,0,0.00157249702964229,0.000110499629666291,0,0,0.00114446045011516,0.000110499629666291,0,0,0.000110499629666291,0,0,0.00132584308085716,0.000457784180046064,0.000568283809712355,0,0.000708548978149144,0.00166276231153852,0,0.00141660166467154,0.000737169458527807,0.150309148276,0.0297660978460049,0.000579142431328912,0.000781390238354488,0.000294336811164675,0,0.188015763661112,0.0133603589436964,0.00291464000175867,0,0.0861154577404755,0,0.000404836440830966,0.00740321209328516,0.000724827941448196,0,0,0.000110499629666291,0.0019811543180575,0.0291371050135652,0.00292331613610097,0.0029527707451776,0,0,0.000110499629666291,0,0,0.000239750711639589,0.000579142431328912,0.00209408757052001,0.000230374985486086,0,0.0014813976190481,0,0,0,0,0.0176564057605478,0,0,0.000568283809712355,0.000119875355819795,0,0,0,0.00303084997484115,0,0.000228892090023032,0.00709076362745278,0,0.0053342590029222,0,0.00182472678495686,0.00577891836223679,0,0.000228892090023032,0,0.00283023753841697,0.00151100769297166,0.0762563863950094,0.0588998842830299,0.000746545184681311,0,0.00622745537359893,0,0.00107507828275408,0.232543845668564,0.0304592946705195,0.00168067963514756,0.00101358894608344,0.000147168405582337,0,0.00144176305220594,0,0.00430572450357301,0,0.000110499629666291,0
0.000416064326553188,0.00048198468938204,0.000267720513726749,0.000761191612037088,0.00265159013342424,0.000601201840175543,0.000191617165977796,0.00204011166462032,0.000258884465320993,3.29895447044049e-05,0.00047033792692141,0,0.00144980924813479,0.000713988003245334,0.00305359626044171,0.000112997872071719,0.000204552138372814,0.000987495871581686,0.000891628090159745,0.000154209597070513,0.00167127608260027,0.000103227108209284,0.00347137878261798,0.00255129950724628,0,0.00285376040843291,0.00133846078315797,0.0827316865080672,0.038079041123882,0.00106184374731381,0.000422325702221864,0.000615130254607197,0,0.0368846429539896,0.0127904064292852,0.00152803441718666,0.000218286608433567,0.00334159372956173,0,0.000808809048737556,0.0289126659846089,0.000513425650518399,0.000134314574867934,0.000131958178817619,0,0.00446434196488948,0.0073308593678347,0.00408815074163727,0.00310956547124884,0.000174558937277651,0.000366983915737715,0.000492167674302142,0,0.000129896550665056,0.00106692009584037,0.000810139355618837,0.00334495127033148,0.000230312944819466,3.29895447044049e-05,0.00937172635446973,0,0,0.000298648430278591,0.000617207096833569,0.0137762788839501,0,9.89686341132146e-05,0.000335442131074506,0.000249668842989968,0,0,0.000174558937277651,0.00330266739310029,3.29895447044049e-05,0.00206600868357523,0.00921198977642327,0,0.0154637417463656,0.00118719537080158,0.00181967607144945,0.00899045921628568,3.48916227501601e-05,0.000376300361595591,0.00018278111757204,0.00773610965060076,0.00712319919695204,0.0471510204975735,0.227030129012579,0.00587154011205472,8.63284296159479e-05,0.000887177418824469,0,0.00266684833187295,0.00448594044049442,0.360964184195875,0.000626247954983977,0.00222519281092814,0.000292782646034517,0.000270531227781623,0.000236120002483583,0,0.00159947505302598,0.000599140212022979,6.97832455003202e-05,0.000939672961991689
0.000395713617893802,0.000128846756383086,7.36587708858423e-05,0.0027040353546064,0.00345980789224773,0.000790143782773966,0.000267060143567359,0.0235623019934268,0.000613169354373932,0.00103053706811946,0.00047908304868265,0,0.000111500775870031,0.000237503301331684,0.000460841977927258,0.000710702213682957,0.000454651025211452,0.0634584279388478,0.00110158838299155,1.71311080590582e-05,0.000807220807570277,3.54220341473321e-05,0.00206677382777556,3.39452102276789e-05,0.000843417031802529,0.00264952655971208,0.000262777959242916,0.00223007132130731,0.00250369111214474,0.000886922466944368,0.00137483437368642,0.000149300796275447,1.0984651542073e-05,2.32775645760435e-05,8.14304947851628e-05,0,0.000537014774294736,0.000158100520409121,0.00930488495190733,0.00657256992144407,2.41002577497479e-05,1.84393695509558e-05,0.000252339976215099,0.00016753674627314,2.26234338300947e-05,0.0100605850664753,2.83044409939604e-05,0.00305964673701441,0.000197751093363835,0.0021659171794665,1.71311080590582e-05,0.000636689157010495,0.000102210362660466,0.000298951329683088,5.853103629562e-05,0.00296477205804222,0.00353343912416243,0.000967775911064226,6.37936994428378e-05,9.19906782051056e-05,0.000755300264223044,0.000245833941956226,0.00182898281050733,6.94344686765563e-05,0,1.79538012327626e-05,0.000455124070102334,6.49944987030429e-05,1.0984651542073e-05,0.000248965494409676,2.26234338300947e-05,0.00015021083271577,0.00108531495958929,9.78000098665797e-05,0.000415532241751801,0.00231379490135813,1.64769773131094e-05,0.0168046599183358,0.000178219130085209,0.00122134921624491,0.00372127885772759,9.16535533495944e-05,4.68922540075982e-05,0.00133232574614825,0.00576165994276277,6.76110216868381e-05,0.615936660305851,0.000142470591832885,0.0104021290361953,4.70669405408361e-05,0.000112547007562072,6.22295322565656e-05,0.000273730243608951,4.69045022185629e-05,5.66088819879207e-06,0.176944493145723,0.000298645323778294,0.000263418095129274,4.63254665282684e-05,1.11532139698285e-05,0.000110273733539271,0,0.000248354091543344,9.81432588275732e-05,0.00260341797233337
0.000499964402581411,9.16896783376209e-05,0.00457252320854058,0.000341539096680188,0.00545146953159383,0.00238768167723242,6.51718038078597e-05,0.00301024996643024,0.000228366937093888,3.47413895785088e-05,0.000568873399680989,0.00622918947291504,0.000171877500370423,9.58678418035895e-05,0.00127962293443637,0.000287857227936216,0.000134654582964877,0.000312998546359037,0.0084124903285081,0.0091660740393312,0.00453409789509888,3.47413895785088e-05,0.00380892102572716,0.000230655236651656,0.000104550208887984,0.0823633987055177,0.00223853705739611,0.0397492904814853,0.0109807007680157,0.000674456184791958,0.00310285711735875,0.00523305489202907,0.00143908689292125,0.00242108565982772,0.00399530386961089,0.00186258874552064,0.000346369340451071,0.0049586174802402,0.000106705696562563,0.00180984257844956,0.00140020900634993,0.00050538631027113,0.00163112752302885,0.000385095607356179,0.000197936522864537,0.0286079153728745,0.000343887812624034,3.47413895785088e-05,0.000199826386772737,0.00104238040198882,0.00326946702066539,0.00458672458934519,0.000456640327168527,7.1964306984054e-05,0.0267524355642457,0.00245338559662456,0.00492022596293784,0.000199959198655926,0.00063381884458641,0.000523089005833308,0.000512957745014963,0.00982599571407864,0.00658852275778804,0.000682420152434995,0.000300331244077942,3.47413895785088e-05,0.00293466924105652,0.00134958244749043,0.0113825616620932,0.000931689770229555,0.00314556849307086,0.000493365127674484,0.000454844010279575,0.00351506822378399,0.00465318663600344,0.00333535733965481,0.0127253024746912,0.00532847403799984,0.000234700588234435,0.00119710427832112,0.0375228338367348,0.00371140504342979,0.00100682098958904,0.0139463740317487,0.0393127394128692,0.0167291414030428,0.0940921615954168,0.00487475126093891,0.0132243679809843,0.0355969950088054,0.037299893581614,0.0011276036173027,0.000705611132693436,6.53046156910491e-05,0.00221139013486187,0.00174988134072035,0.307336401706332,0.00666186492295632,0.00253193404548397,0.00454455227362955,0.000163062321402839,0.00289160711465857,0.000908510711212045,0.000102068681060948,0.0105022983602026
0,0,0.000117688335212388,0,0.00494690438133544,0,0.000172120495575704,0.00434342533147529,0,0,0.000150232762602752,0.00011327632796951,0.000516058650727009,0.000481352600853151,0.00119991977337308,0,0.000335416976665652,0.00195970396976908,0.0012125930124365,0.00183778637317595,0.00279596469881175,5.88441676061939e-05,0.0085356519579337,0.000938661067560205,0,0.404004001968791,0.00250644826140306,0.00515727097519999,0.0158243875010153,0.00260844655902392,0.00341870516254051,0.00630542667779687,0.0480179435819896,0.000587721135234108,0.000977664255849315,0.000104509747897567,0,0,0,0.00241726828068312,0.000108864320726632,0.00119754929847573,0.000570699663504189,0.000259154517743197,5.00775875342507e-05,0.0346441877888707,0,0.000104509747897567,0.000317883816521766,0.000158941908260883,0.00373391044685447,0.00136111206639335,0.000435629586147966,0.000435457282906528,0.00594744357076395,0.000704663196017671,0.00442589630135059,0.000222140648696142,0.000616574096209426,5.4432160363316e-05,0.00407805745441964,0.000666327962502187,0.000254742510500319,5.00775875342507e-05,5.88441676061939e-05,0.000108864320726632,0,0.0112878687891542,0.0107358617896416,0,0.00155881176135705,0.000398521733514672,0.000490119180925095,0.00840568571144128,0.00107579878381368,0.000431123595318849,0.00145674036539135,0.00872589972418059,0.000490061746511282,0.00171356617871996,0.0178599858273274,0.0103847644721036,0.00484290184644297,0.0166268693357214,0.0320923641028512,0.00239067614708788,0.0318915502692165,0.00352644690154262,0.00661643663924734,0.00927787763353556,0.000960454816946918,0.00236290996456613,0.000659775218017203,0,0,0.000908064188929123,0.00694847878467539,0.216388503390533,0.000444187313806045,0.000335474411079465,0.000217786075867077,0.000400620700274006,0.000581335472680215,0,0.00530104012854439
0.00160833793650775,0.000680540718411538,0.00023981958057836,2.03917154380731e-05,0.000979669476135509,0.000761378883400469,0.00311548109358865,0.00355840573180799,0.00213265547592258,0.000132661000820005,4.11411802697966e-05,0,0,0.00210349932155207,0.00386462629560468,0.00258692896951428,0,0.000102137451887191,0.000259316922532307,0,0.00810498605249473,0.000117852590871689,0.0276019949681523,0.000310028179890253,6.13540210110445e-05,0.00275392338182467,0.000303906986674014,0.00376672118191302,0.00160157973034057,0.00494840379377647,0.0119776963892447,0.000109713932570143,0,0,2.05705901348983e-05,0,0.000239461831184709,6.9850428706241e-05,2.03917154380731e-05,0.00157909234478883,0,2.03917154380731e-05,0.00881187456445582,0.00665046182192858,2.76104467273753e-05,0.0346394375946461,0.000110633859582387,0.000206446111240398,0,0.000273933259807736,0.000101958577190366,0.00489927924202984,2.05705901348983e-05,0.000308213458181881,0.000254806865223501,0.0327644372195042,0.000991999053452389,0.00171511110728432,0.00456428638840042,2.76104467273753e-05,0.00140941579485406,0.00091300144450795,0.000716431210269112,0.0216376667175971,0,0.00262741656916106,0.000689740690553981,2.76104467273753e-05,0.000835547015934629,0.0188123676984071,2.76104467273753e-05,0.000152873841561253,0.000122529167325264,5.52208934547505e-05,0.100472876813072,0.000122886916718914,0,0.000507798587526627,0.00178386259387749,0.000226109972339113,0.0970852604733074,7.56126088928236e-05,4.09623055729714e-05,0.000288549597083166,0.00499353427291667,0.000150318488749464,0.00631406212021266,0.000281050338600569,0.445153357972106,0,0.000137503253994344,5.52208934547505e-05,0,0,0,0.00027017745279041,0.00026906545310528,0.000179206611882734,0.100855928692487,4.11411802697966e-05,0.000964208468392183,6.17117704046949e-05,0.000214585611965948,0.000578749081577943,0.00868524433667564
0,0,0,0,0.0045230221576047,0.0010692778492073,0,0.00162541930456239,0,0.0016201179533444,0.000267319462301826,0.00175551352515961,0,0,0,0.000801958386905477,0,0.00032402359066888,0,0.00221435407408893,0.00557917955350258,0,0,0,0,0.0688428152178743,0.00118268610594141,0.068835011753987,0.00575360808295821,0.000267319462301826,0.00136291640914888,0.0172424180825514,0.000267319462301826,0.00263509995762881,0.00254560251509029,0.0637118891490692,0.000269727745745986,0.0146319952111232,0,0.00108837209651458,0.00309486316060492,0.000267319462301826,0,0,0,0.0513754728445608,0.00338757906649971,0,0.000863479082160852,0.00462390421278834,0.00383089087867546,0.00082105263421275,0.00259218872535104,0,0.0397497503673466,0.00599800193792796,0.00807570938386706,0.000858662515272531,0,0.00134863872872993,0,0,0.00259218872535104,0.000267319462301826,0.000591343052970705,0,0,0.00193998178170064,0.00502014503037367,0.000534638924603651,0.0032402359066888,0.000537047208047812,0.000267319462301826,0.00136050812570472,0.0102109966976074,0,0.00447130661637198,0.000269727745745986,0,0.00362385669349856,0.0361989084491778,0.000267319462301826,0.000537047208047812,0.00712166946128326,0.0613455004539145,0.0255144963963427,0.0306486752116177,0.0630670321613848,0.00231589293384825,0.00311120508397601,0.0650472510424479,0,0,0.00179312340621939,0.0166918594660896,0.000534638924603651,0.0418970478218995,0.0145269377554227,0.000269727745745986,0.135475410060299,0,0.0180674584588308,0.000553733171910925,0,0.0447839697814849
0.000106702107219103,5.33510536095515e-05,0.000175657049080963,0,0.00507731809656553,0,0.00431935747532822,0.00219495959704258,0,0,0,0,0,0.0731850105322122,0.0921216760342727,0.00111987461419716,5.67783161540623e-05,0.000812757566087465,0.000206864825585579,0,0.0162600782295251,0.00275012483122981,0.00857729895647081,0,0.000179084311625474,0.00373598985540443,0.00092556994131841,0.00135151650398109,0.00083072932357071,0.00298382541567047,0.0127533227624941,0.000220258739527228,5.67783161540623e-05,0,0,0,0.000220258739527228,0,6.89549418618597e-05,0.00285479597245354,0,0,0.00359456152145269,0.0011480386551563,0.00146625013873934,0.0205913920263466,0,6.89549418618597e-05,0.000175657049080963,0,0,0.00225016779755313,0.000401553025463361,5.67783161540623e-05,0.000591371042484029,0.00323867229319675,0.00401598282599943,0.00255931412813233,0.171916837952796,5.33510536095515e-05,0.000206864825585579,0.00126082823346637,0.00069541125763081,0.00304398409331896,0,0.0179022265972807,0.000260215879195131,5.67783161540623e-05,0.000427123565112807,0.00201272715146159,0.000297963044552374,0.00190372388224832,0.000220642266526256,0.000952651792043093,0.0317848163053737,0.000301390307096885,0.000113556632308125,0.00324858144723393,0.0343639079210296,0.000179084311625474,0.151947072780881,0.000316994195349193,0.000113556632308125,0.000370345248958744,0.0371855725203212,0.000122305995471411,0.0300305626630581,0,0.0213711097832731,0,5.33510536095515e-05,0.00148268947175234,0.000166907685917676,0,0,0.000289980735387145,0.000561989713291044,0.000179084311625474,0.00322642793033048,0,0.201391406373917,0,0.000509855947915344,0.000301390307096885,0.00581914194409769
0.000500385849953492,0,0.000389188994408272,0,0.00799441641293178,0.00051289549620233,0,0.001512277235415,0.000194594497204136,0.000194594497204136,0.000350270094967445,0.00130656305265634,0.000795067967980615,0,0.000194594497204136,0,0.000335680733093278,0.000583783491612408,0,0.000637312654591977,0.000525405142451167,0,0.00182923007704803,0.00211970050966305,0.000291891745806204,0.0321157943020787,0.000734609903194045,0.364506260513603,0.0339727608880193,0.000282172471778285,0.00211693103910671,0.00143515009312893,0.00188478670149149,0.00748081026013386,0.0182567156865394,0.063916830437305,9.72972486020679e-05,0.0345483613779502,0,0.00150813870582892,0.00780262273878085,0.00134340223647184,0.000350270094967445,0,0.000581014021056065,9.72972486020679e-05,0.0342715292814711,0.000802707526383205,0.00075891853909613,0,0.00849626537940561,0,0,0.000116756698322482,0.00998352332232293,0,0.00274103384168655,0.00087082605123694,0,0.000311351195526617,0,0,0.000291891745806204,0,0.000282172471778285,0,0,0.00407542746072606,0.00259234985072397,0,0.00117590674739071,0.000335680733093278,0.00313368206158218,0.000754069352914459,0.00150810735333205,0.00478914615017622,0.000822166976103618,0.00632573202149331,0.000710280365627384,0.00213915995938347,0.00327755866969224,0.00581004615307006,0.00529862422422035,0.00619992490240935,0.0094316880250152,0.11425114263391,0.0290726268989437,0.00580454901528653,0.00741129132375352,0.000194594497204136,0.00455148377311289,0.000201544300675712,0.00145528884694807,0.00317752330303069,0.00586563413001038,0.000396138797879848,0.0183276663869432,0.00433115932681549,0.00062480300834314,0.0099397865891973,0.000233513396644963,0.0806985783596978,0.000116756698322482,0,0.00274031273425867
0.0284106792350179,0.00527057855658147,0,7.82934130603314e-05,0.00316111481395237,0.00581691026224324,0.000218258462089249,0.0260705036603666,0.000415617302983022,0.0017578102074908,0.00809025713362225,0,4.66550163429724e-05,0.000168661944961345,0.00368405823950975,0.0201119346712404,0,0.00418544980803388,0.0382437264250564,0,0.000167840123628751,0,0.00990342963532479,0.000128528021243932,0.00974479810026125,0.00192407343790255,0.000131788567556711,0.000536157778438029,0.000370241810337547,0.00621485516308518,0.002271078890057,0.000223376461947817,0,0,0.00047807748049153,0,0.0114698492898825,0,4.66550163429724e-05,0.00906767698027432,4.30754245023446e-05,2.83778504045795e-05,0.000398240454006873,0.000199662250623007,0,0.0387124085615578,0,0.000114528699409269,0.000100150170839352,0.0466849630933681,0,0.00121580657731327,2.15377122511723e-05,0.000380282333596328,0,0.00363257662164118,0.00581114777295103,0.000610303457239197,0.000492793341545827,2.15377122511723e-05,0.00222318617680169,0.00418985680001042,0.177161886914958,9.98311253115037e-05,0,0.000312296827641998,0.13958529643165,0,0,0.00334706084406727,0.000932515422715916,0.000132303089542916,4.30754245023446e-05,4.66550163429724e-05,0.000548194364613943,0.000139646003501069,0,0.00296060353465081,7.53519122754003e-05,6.61515447714578e-05,0.00352806308930749,4.30754245023446e-05,2.83778504045795e-05,0.000427770917453354,0.00346420645473849,0.000306462288563795,0.11804081238662,2.83778504045795e-05,0.0092283282193438,2.15377122511723e-05,0.00117105413542164,0,2.51173040918001e-05,0,0,0.00130543173604563,0.000345064345038342,0.000258275404977956,0.000414157390594731,0,0,2.15377122511723e-05,0.221788931196497,0.00782937985135543,0.00298379935395172
0.173287103711344,0.0137575826977221,0.000327573118883715,0.000437026236066913,0.000305888684247726,0.0139031273857929,0.000307261651342787,0.0351263799859338,0.000437026236066913,0.000197892379478372,0.00384845790478021,0,0.000124311165759689,0,6.00122869184705e-05,0.0744228880961937,6.00122869184705e-05,0.000455797045875214,0.0193434705935508,0,0.000643034123381061,6.14690993323139e-05,0.00990082099874343,0,0.0042996387966639,0.000996990670798453,6.14690993323139e-05,0.00190554207930173,0.000196435567064529,0.0115817214521761,0,0,0,0,0,0,0.0258463431770395,0,0.00108663520955112,0.0103141479837585,0,0,0.00105675142176058,0.000463996399029773,0,0.0472585616159792,0,6.00122869184705e-05,0,0.00974007730535101,0.000553221893990825,0.000502324251312255,0,0.00260206442806876,0,0.026894779836464,0.00139215006310791,0.000435569423653069,0,6.14690993323139e-05,0.00590526534807083,0.000245876397329256,0.022710834692158,0.000572907994884469,0,0,0.184689161493648,0,0,0.00717707705720439,6.00122869184705e-05,0,0,0,6.14690993323139e-05,0.00113024879016048,0,0.012835076314441,0,0.000121481386250784,0.000798312058654203,0,0,0.000191149838737657,0.00180095546385149,0.00147525838397553,0.0755850814653374,0.000805879281476604,0.0371575598577088,0,0.000136423280146058,0,0.000120024573836941,0,0,0.000533581006197863,0,0.000122938198664628,0.000192522805832718,0,0,0,0.0589396444019038,0.086434078981345,0.00588014179294641
0.000168476431147201,0.000275757931148923,0.000710861172260572,3.1065386687848e-05,0.000253296277269151,0.000782460409687829,0.000331791488834122,0.00065334110318996,0.000231274758013656,3.9181688567113e-06,0.000402376496006439,4.13487260295802e-05,6.96390333727654e-06,2.457978180453e-05,3.90733497496707e-05,0.000330112680466306,3.84136613429518e-05,6.92723481497362e-05,0.00134663241171881,1.46091013696169e-05,0.000312901821292193,0.000362380429253934,0.0173668000315791,1.27591638050241e-05,9.72641511876838e-06,0.000627740215439167,7.91990979412463e-05,0.000524093781437401,0.000246407036751488,0.00178364156977851,0.000587696673103738,5.30693554009132e-05,2.80265162224477e-06,0,1.43366206510502e-05,0,5.323772562021e-05,2.05406303998464e-06,1.59157582851657e-05,0.000350045516770417,9.42385241239624e-06,3.9181688567113e-06,0.000256213585327454,0.000913827989055565,9.96657003572681e-06,0.467748645484735,3.72821163345332e-06,7.61903543981381e-05,4.43229646527256e-05,0.000238537635885361,5.04667188548739e-06,0.0309603962057699,5.22934982573513e-05,0.000815523556997497,1.17674923644435e-05,0.00146702885029779,0.000183680363234424,6.612606642363e-05,6.393383307114e-05,3.36165251633764e-05,0.0044723037540727,0.000109772032577772,0.000490143218695865,6.99341658553996e-05,0,0.000115381552668523,0.000321064382561652,3.93115465102086e-06,2.56894431562725e-05,0.000417045298237104,1.47023668454323e-05,3.44949716887321e-05,2.57602280105443e-05,3.55253456111535e-05,0.000475994692359147,0.000157285005743815,3.9181688567113e-06,0.00116750430347302,4.9049977638345e-05,7.34139248572548e-05,0.00163166217578439,3.50964159287613e-05,1.97184584128492e-05,0.000101631052899711,0.00122322554220462,4.74953358864371e-05,0.00469852813468864,0.000115380169537367,0.00791803263592886,1.36186123868606e-05,5.86556267627296e-05,5.87474888187868e-05,3.07775020357854e-05,0,2.8427914629977e-06,0.000244536989114832,8.71298835883086e-05,9.32813307277559e-05,0.000246064909450896,3.9181688567113e-06,2.35881103639494e-05,9.38545805518108e-07,6.75755023811355e-05,5.11128245024158e-05,0.44403890641049
