0.524196702321453,0.000358254638577167,0.000163806102468714,0.000155168480449405,0.000930213114112537,0.00040082868125572,0.000439993580715145,5.65003097770064e-05,0.000949609403218589,0.00674303080369253,0.00200907312976393,0.000919644358543851,0.00378584632339733,0.000596569201779709,3.6983947669792e-05,0.00690837314984228,0.00791469811272313,0.00240281196798676,0.0127651360832301,8.97039777785964e-05,8.84319160118308e-05,4.2972049943774e-05,0.000613966359754222,0.0010643100001062,0.00157558350704901,0.00436513072705851,7.69541540688244e-05,0.00078718489443829,0.00589038327216123,0.00130796375631062,0.00114448688765021,0.0508434175455343,0.000465228550011418,0.0148521060086533,0.00101735533394971,0.00187481090618972,1.3015108997342e-05,4.30024646253089e-05,0.00296486189909938,0.000129157933850913,0.127881705193083,0.000284635930820958,0.0028905666795174,0.000540628210971521,0.000609174590112582,4.0192383553841e-05,0.000337963488953435,7.7702796578146e-05,0.00228847506587581,0.000665998238972747,0.00500920651891909,0.000139573951189276,0.00310089348984961,0.00119416094423783,0.000392582007993786,0.000694073960648512,0.000153131475352198,8.84579421493708e-05,0.000256343101868591,0.00916155437109774,0.000254920042793669,0.000858918043981245,0.00189711110369456,0.00133396244923483,0.00897570625895614,0.000143100766618746,0.00256929796943258,0.060127005887729,9.13980930124994e-05,0.000184322812780935,0.00161447522473479,4.53292071973753e-05,0.00653703691355764,0.00257184118794351,8.65076100137839e-05,0.01573879353283,0.0011022235225331,0.00100888209679423,0.0117504222887953,0.00283298997030642,0.000465154406047311,0.000716052656484675,0.00067257980130146,0.000679296455827004,0.00144557355374628,0.00188802800159145,0.000226200562676716,0.000167426500173594,6.33610695201193e-05,0.00115457158896243,0.00200692179339646,0.0462209179966835,0.00037498581894021,0.000183229640734917,0.0024338060941719,0.00117642010316862,0.00163341124973147,0.00107114689319594,0.00074018467305336,0.000166194852007233
0.00202465194220291,0.203414244131269,0.00136997232836518,0.000952239914245627,0.00508958063365993,0.00176110439617027,1.76550490607612e-05,7.56167367901688e-06,9.9463886323355e-05,0.00400141642910147,0.00506121907967097,0.0315701700294767,0.00781359052115408,0.0762488506928748,0,0.00212018688019801,3.01734530359216e-05,0.303036599122386,0.000418386894551758,8.89812977079596e-05,1.04570918350871e-05,1.34937800533272e-05,0.00519625156108435,0.000774812139105623,0.000381218403912541,0.000736672600667304,0.000117634348495873,0.00105205968347115,0.00336319564712615,0.00583393341354967,0.000127297373969292,0.00105628638781554,0.000127630609747552,0.0116252505254137,9.25443529442443e-05,0.011864242119293,0,6.92915988111267e-05,0.000379971561220958,5.34182725201822e-06,0.00737433673551653,2.35871554350715e-05,0.000459350445797679,0.0022071456573058,0.00140437004489939,5.34182725201822e-06,4.27864791937598e-05,2.52713052681272e-05,0.138485190436556,0.00181022002852316,0.000483117516022208,3.03226577469485e-05,0.000299834040048304,0.000179321971429615,0.0143314983491878,0.00514733036029184,0.000391394401651618,0.000131481418406299,9.39953318831872e-05,0.0330482417531212,0.000430356258281876,0.000322919134723748,0.000839627933578217,0.000225144909438267,0.00270354291784778,3.76712146106909e-05,0.000673817560944711,0.00132528042717191,5.34182725201822e-06,0.000179342961628799,0.000197477661324764,5.34182725201822e-06,0.000115485251801633,0.000426381776496531,0.000161901190283312,0.00236591220151712,0.000612350069651923,0.000388468035312739,0.000809459193738356,0.0084598630186833,0.00179989705381298,0.000100985385591709,0.000400340489317943,0.000634007122822891,0.000368058251045716,0.00569182301763601,0.000911522563341054,0.000514032230525701,0.000113663718780836,0.00349265523797623,0.000154486229367935,0.00314797168337581,2.41774345573637e-05,8.60858795518893e-05,0.0121446699905526,0.0001759001862555,0.0516774378190708,0.000126418015000844,0.00391058852669988,0.000311822496738717
0.00337714516823708,0.00302991758180965,0.243872442954569,0.000132786205376553,0.114412462004049,0.0034528960435277,0.00046239120832627,0.000229121455144951,0.000117886006511677,0.0063356440638416,0.00222244818209103,0.00615747813920318,0.00436069750266012,0.00814154661699932,0,0.00203828208224841,0.000141630882097545,0.0103461119278242,0.00117421144141079,1.92859386405025e-05,0.000218139073044245,0.000385718772810049,0.00177434838435939,0.000918456516849655,0.000585423666303984,0.00115653127971463,0.000430821055713456,0.00162762952713904,0.00569911417853249,0.0031755143022808,0.000420985186029857,0.00568389494890519,0.000527811150713579,0.0703797224203898,0.000594619509814764,0.00219625416232406,0,0.000367021442698594,0.000631049219158543,2.75162980105604e-05,0.0153677167238235,0.000173938002226843,0.00118693314038437,0.00103378295193164,0.000689312117423162,0,3.85718772810049e-05,0.000148227524422624,0.0180840031535925,0.00185897437438119,0.00204201663945744,3.30440876457827e-05,0.00108511339340189,0.000309650831404958,0.00177572457815631,0.00342849212678339,0.000310159282297205,9.80634102474906e-05,0.000203792315509918,0.0161745621513498,0.00140454957497145,0.0010573077027467,0.000690917627736703,0.000726640540943396,0.00664085907098113,5.23300262862851e-05,0.00180462456369244,0.00518845422208484,0.00010466005257257,0.000140406709953189,0.00074725402027739,8.59884312830012e-05,0.000440323075575722,0.00158987923756883,3.63565121740409e-05,0.00395685002499126,0.00176568197137444,0.000361420455893633,0.000946763964560817,0.00514400016074289,0.000318316444497525,0.000187331596769802,0.000689240884901384,0.000618129174940127,0.00575455695094823,0.17529603379359,0.000866583790442638,0.000293097633878689,0.000123945991213073,0.00223103283765441,4.24209594329473e-05,0.0226251739616885,1.37581490052802e-05,0.000262238739960472,0.0374441678780368,0.000939178893813475,0.114607894335523,0.0011495913291916,0.0316711568905606,0.00111384663645895
0.00213842844262254,0.000129634367263709,0.000148090870299003,0.187533829474808,0.000414659701378878,0.000307897136342606,0.000350980631460845,2.20770359622887e-05,0.000671836420068501,0.0118631050990487,0.00106827757436919,0.00116008678763906,0.0359383866369862,0.00158451632303605,0,0.000631682890600194,8.46068214760273e-05,0.00464614602378329,0.00182129166854487,2.43240393573382e-05,0.00020871629289062,1.15953496050345e-05,0.00202178282560639,0.00333314881626365,0.000369134181770532,0.00608837261396454,3.81860692569113e-05,0.000429989135821006,0.00342890113761176,0.000641000459088842,0.00053355086520688,0.0015118220547217,0.000153025902059476,0.00396431976168664,0.000185968366550759,0.00936377940288753,0.000150739544865448,0,0.00032254084694285,3.36920624668122e-05,0.00847598556960058,0.000106644503639338,0.00153755049843787,0.00176132152602214,0.000886081535661794,9.72961574293529e-05,0.00311290690502398,9.09192125164555e-05,0.00437116187921444,0.000503359289527498,0.00246285906770813,0,0.00324582818371543,0.000547096037340295,0.00195117199705219,0.000801662269995895,7.0705437777476e-05,0.000308472555389123,0.000154178919106234,0.131063338288391,0.000172947824894695,0.0205372408501996,0.0179475362012554,0.000596457024712977,0.00480271210037752,4.75344154668962e-05,0.00103268338240783,0.00159845459026322,7.95930821175986e-05,5.79767480251723e-05,0.000823930885727414,0,5.24084317862711e-05,0.00137142316817065,0.000181129971387898,0.00631487820952364,0.0904856293409426,0.00450708042717315,0.0010397987818427,0.009737564746117,0.0013738060103829,0.000368780537581304,0.0110281524922312,0.109093472248906,0.000324248440870081,0.00108740574462643,0.0002921504204204,0.000208493795662803,2.54573795046075e-05,0.257723710729291,0.000392790189442845,0.00671281191396654,8.23401411814887e-05,8.46068214760273e-05,0.00237783790870798,0.00115944996472926,0.00054148797888023,0.000266490123481918,0.000538455076614313,5.24084317862711e-05
0.00421622581542568,0.00618685529884465,0.0227164087636567,0.000145606858950975,0.452651912645354,0.0112911033246204,0.000566702618603753,1.35640320509971e-05,7.68388112084041e-05,0.00597499347843688,0.00544065031704077,0.00716890099194563,0.00580492002636479,0.0254919578312934,3.98922872408447e-05,0.00436139194580942,5.54503883296258e-05,0.0242201747573061,0.00094109578499201,4.44269599550841e-05,6.78201602549857e-06,5.26565103796951e-05,0.00199016224077441,0.00139667568447277,0.000870272753506841,0.0020397406765936,0.000111757469821473,0.000975042044463308,0.00382580521559242,0.00216029389746443,0.000724588462761412,0.00339410441126224,0.000356653865295815,0.0288773238137366,0.000590116417658029,0.00342218196767357,0,3.11162021775622e-05,0.000203692338271754,6.14325954429776e-05,0.0180939664483023,0.000350596716499978,0.000910229919562307,0.00200810989522949,0.00136847054115551,0,8.3671521708963e-05,9.99576768648443e-05,0.0194593168653745,0.000944494149154813,0.00206835976741253,6.75668859815104e-05,0.00102154553668456,0.000509571573875241,0.00254396561393223,0.00221824575746615,0.00035020309376885,0.000446645226493504,0.00013693525772532,0.0176269459267085,0.00102262206420024,0.000985650514819916,0.00109265173819611,0.000910270947373155,0.00399426885241654,5.05105560185566e-05,0.00584288352704992,0.00320195751014755,8.62517560134228e-05,7.89847655695427e-05,0.0020087153256137,0,0.000298195416940183,0.00308316027703092,0.00016698112309519,0.004464852841688,0.000769325225776329,0.000677504745736674,0.000934895101834058,0.00550631194341681,0.00101043886780927,0.000269271858749077,0.00048767711527512,0.00155620662746194,0.000887635500657386,0.0088978946345331,0.000470945103503254,0.000408292577939372,3.56508748918016e-05,0.00422411646690867,0.00025466945674554,0.0208729867566946,7.75879256454905e-05,8.69401794525186e-05,0.120148932436054,0.00108691115000263,0.0946257107631276,0.00079589097561542,0.00929385773141087,0.000524118869880263
0.00935957948240493,0.00163484019943744,0.000406386307109058,0.000536320023899319,0.00972440509933764,0.234145697464564,0.000379339371074728,0,1.2759697757046e-05,0.00803691447044429,0.0403729115289041,0.0516602042233293,0.00772193888751131,0.0280429782003901,1.87163081788029e-05,0.00439421403334927,0.000155141633126373,0.0282002999577214,0.00127010563019063,0.000404060012879513,8.79855495118354e-06,0.000129592445186354,0.00240783302578955,0.0012686822096123,0.00266600727663104,0.00174052414801913,0.000303441657635332,0.000637256169065761,0.00435669877836264,0.000961249790334394,0.00149546409714184,0.00569471912277578,0.000526049137420165,0.0129130352373504,0.000991077443017294,0.013399672319715,0,0.000263523053153259,0.000844448251988385,9.24623426175788e-05,0.0180846852838495,0.000455387976447793,0.00120404042694705,0.00212746707119185,0.00562464841409647,7.44792473513745e-05,3.631341808117e-05,4.62311713087894e-05,0.0113607735113537,0.00184737207158093,0.00401941677742635,1.75971099023671e-05,0.00177450248769182,0.00120447703177359,0.00572204783221565,0.0406957706616499,0.00108340881722727,0.00269578210286897,0.000254343412005807,0.0418568057827399,0.067015357100466,0.000354648634881685,0.00319575756000723,0.00184605482155534,0.0109336180353384,0,0.00741535957964217,0.0028402232751941,7.94299234976291e-05,0.000192510598410545,0.00259736946565458,0,0.000479721699458589,0.0014294883716602,0.000825089987736717,0.00122047190867899,0.000534136786096633,0.00023511699934981,0.000796729002492624,0.0106683042236766,0.00527962009903135,0.000258988154796768,0.000284482302253076,0.00167706862918956,0.000543671500460977,0.00398909034844458,0.000967008658645006,0.00109447279332657,6.89086222934548e-05,0.00758264478876222,0.00104249035776169,0.0408135836465053,0.000185988724761407,7.37460344387759e-05,0.164287324311615,0.00150813105591772,0.0159633236723054,0.00423199613567659,0.00275727165465289,0.0173679023352767
0.00272106928926801,9.84395769114126e-05,0.000392568105832061,4.66603008622144e-05,0.000172672134343772,0.000639824442971313,0.333310709844993,0.00415461640304778,0.000458669084482138,0.00276595520608341,0.000882147766589361,0.000970454309519419,0.000883275642597876,0.000339739955639058,0.00092831423855715,0.0306790175672293,0.000135998691693734,0.00145869297591407,0.00138797757991857,0.00010088802012158,0.00364897629380541,8.75839933949374e-05,4.50557045094083e-05,0.00156837203411372,0.0613943876389068,0.0020661605961394,0.00116610448988311,0.00995010986744693,0.000735895734618136,0.000701348452331633,0.00181821057322627,0.00539960270488163,0.00838528047812503,0.00228797452952975,0.00150271744680784,0.000453968819955726,0.000586734999875621,0,0.000731937515981281,0.00469622007160789,0.00342900683236182,0.00280448808054748,0.002355312592599,0.000892445200824535,0.0001877284401535,0.00276898296826273,0.000169060371468229,0.00752327622459266,0.000459258008661985,0.000354903907587295,0.00817428143118199,0.00160672310402381,0.000818909213710533,0.0139922067964693,0.000236103101860528,0.00067286052026932,3.49038698888756e-05,7.61107767359547e-05,0.0257309499599941,0.00378803655347228,0.000161222236753017,0.00029554931342724,0.00102091997298779,0.010988457974955,0.00747552128826325,0.00086790389145587,0.0133158725932983,0.00341899503013548,0.0105911819042713,0.00548301336468871,0.00263995320887373,0.0022064498007186,0.000180781561531583,0.285269743521064,1.52488379933069e-05,0.00151644084064232,0.000824364432085864,0.000724592845691468,0.000230315289017241,0.00060452431046389,0.000166154034412992,0.00097154376695853,0.00013708247997061,0.000561073084761635,0.000205249035231553,0.000729326168085506,0.000273576165578274,0.000139762161881858,0.00237565627791947,0.00138959039653595,0.00104571990976293,0.0412779758195965,0.000285276169652398,0.0134610247250229,0.00152759113562634,0.00820098338322845,0.00120002061675608,0.0119134858564517,0.000285274707306978,0.000192700850559781
0.001777600610988,7.80744394411085e-05,0,3.89047904037488e-05,0,0.000258123656927746,0.0336059223768281,0.148526552072087,0.000641955658606366,0.00103966927638197,0.00111940087361234,0.000703742409326474,0.000354856526929148,0.000445141318172805,0.00351773913924084,0.00667926116996026,5.73608126506103e-05,0.000900805613776569,0.000393963175513001,0,0.0828339435789731,0,8.54444397770507e-05,9.75941003277095e-05,0.00781833288924736,0.00348129693577479,0.0024834507848403,0.0161686725919521,0.0009748697714391,0.000581110491637041,0.000832662520728806,0.00312463786643932,0.0177625086090966,0.00209877582948699,0.00153746680283496,0.000357384409938424,0.0111670878327613,0,0.000546519317019469,0.000890561316230071,0.00475711331276301,0.0169124380836909,0.00159959602173829,0.000151104360033889,5.21817624328295e-05,0.14508078654991,0.000117378619847921,0.00132475466878976,0.000681292894555138,0.000184367037378111,0.00745578310092308,0.000143469501064336,0.00125497771372198,0.0030146426674638,0.000124349230180799,0.000403978923225419,0.000179053048284709,0,0.0788032493206622,0.00337136893456629,9.17508014732534e-05,0.00013629770493653,0.000340650447629781,0.0201646047675588,0.00267768291490068,0.0272624089274203,0.0028605059046181,0.0024840895643415,0.000145131949642009,0.0510499932987747,0.000360763498622286,0.0198267474826616,0.000266289048176857,0.180872346685831,0,0.000804588374912531,0.000117841682689668,0.000951437922300223,0.000230771747875792,0.00103689604070097,0,9.69298516910343e-05,0.000240408834065536,0.000346353251941198,2.60908812164147e-05,0.000375102886772604,0.000296103544166504,2.60908812164147e-05,0.00321601300156024,0.000815729403364303,0.000713506433687416,0.0334192836080259,0.000606537124216781,0.0202004474343676,0.000709642195327525,0.00310637152472993,0.000854433822985458,0.00457881963184626,4.58754007366267e-05,5.21817624328295e-05
0.00425491756028351,2.37818519257135e-05,0.000203750766554774,0.00105420580416812,0.000294858993766459,0.000368882307244969,0.000636794939589612,5.2307680472698e-05,0.208934188075072,0.0523205617941042,0.000955821506991394,0.000111175380953789,0.00267258175291426,0.000219891721022927,9.49403026042574e-05,0.00199509172973031,0.000197517846290037,0.000482813588156663,0.00201121453815425,6.11114086133824e-05,2.96960308373323e-05,0,0.000478353354227245,0.104155216277198,0.00291272066941384,0.171817774286969,7.52362725408042e-05,0.00041809023370421,0.00164232369979168,0.000614860202943759,0.00917166052414293,0.00566077425982456,0.00119427894013709,0.00363338936351167,0.00123263713617229,0.00119797763729072,4.67577278141496e-05,5.08187368292323e-05,0.00098024281423038,0.000538134483505329,0.00458069411323774,0.00130202899490206,0.0168548418291896,0.000823693112337134,0.000253060516470793,3.88354289694176e-05,0.00570232716625639,7.12814591096329e-05,0.00086748912694126,0.000368225709197153,0.0199252310697965,0.000251930497745636,0.00582428690374604,0.00274558820607136,0.000282597727438979,0.000166931699478172,0.000106393348615476,4.41626785478437e-05,0.000219692544221797,0.00465653712967806,5.13498114546204e-05,0.000425801185420257,0.00549263053273077,0.0033066849464693,0.0850421167873776,0.000227035826765268,0.00549301553517077,0.00228248143368185,0.000268829931933801,0.000187141904921112,0.0133443994616955,6.46030162538162e-05,0.000416918831813746,0.00576481697276625,9.63519361731179e-05,0.00201015796063072,0.00170979593188732,0.122631894209176,0.000959671497805564,0.00138225119832181,0.000268670396313558,0.0399918052752847,0.00345601329044115,0.000643038462523872,0.000216674144441903,0.00388754687894406,0.000266743572718455,3.63520891187209e-05,4.32308504802319e-05,0.00262354999995632,0.000783693420862534,0.0335517518707601,8.04223857696066e-05,0.000267614844703491,0.000736381595078299,0.00810327292008949,0.000420667270523222,0.00487061749983528,0.000710822858056926,0
0.00982167656660236,0.000974489585311134,0.000367409884831167,0.00315441899402899,0.00142814578799301,0.000910269253771135,0.000766020268635014,8.90944020567408e-05,0.00650975770164642,0.306231068318692,0.00455328281108578,0.00367266470465316,0.0118486127415885,0.00348240740676715,8.04493294131736e-05,0.00414177147491107,0.000460603676722281,0.0105443385731875,0.00358308779848279,0.000206558685410226,0.000182374506242913,4.17136511876493e-05,0.00336936712114625,0.0327068616408066,0.00209937935335591,0.0169355372175959,0.000163284668361698,0.000396483253729517,0.0100124053029101,0.00185430527837007,0.00602996349590084,0.00710205815855598,0.000505959647162446,0.0149800676608809,0.00125491954572669,0.0144019848174753,1.92660910402266e-05,0.000108874789303354,0.000919777955156136,9.29224698399503e-05,0.0237043162213391,0.00120350384640217,0.00564582239697674,0.00117355090097589,0.00169332996894837,0.000163059122209151,0.00149049194208147,0.000109379275385584,0.00895228929211884,0.000865850823405349,0.0105032008601904,0.000125150057381652,0.00499153431816293,0.00153604034568299,0.00559328002286554,0.00144153221467676,0.000342772897053394,0.000183689922122659,0.000310920343385903,0.0435140910616575,0.000575283349625299,0.00198699582993135,0.00730940358975109,0.00250875015541248,0.200617056973252,0.00017660090332531,0.00987715790826054,0.00463131408242426,0.000261957963760975,0.000165475709214446,0.0176028378293355,9.31192036406288e-05,0.000783171263587176,0.00482731928471802,0.000342520194433747,0.0107275495907385,0.00478890858238879,0.00855441178202311,0.00183271810471105,0.0076664912664927,0.00203933559873973,0.00358149680783627,0.00495059218301782,0.00630138070071515,0.00143833293172581,0.00332504552722757,0.000414146834149254,0.0005963482491539,7.54896101245523e-05,0.0161788815540027,0.000736395463949547,0.0615520150570762,0.000183013090628202,0.000154943669862305,0.00315138912722381,0.00413010414846708,0.00210362201207192,0.00273669367627413,0.00110407733066219,0.0003702124365045
0.00293744747813087,0.000523081001028942,0.000146850121879135,0.000201966167067267,0.00100489848930493,0.00176999685660741,0.000158680045327642,1.67353980554776e-05,5.71429167808125e-05,0.00197785691017742,0.627640088568486,0.0116590107863774,0.00283251192322563,0.00389637760786419,3.3907282968575e-05,0.00133027545238647,7.43957936833351e-05,0.00851653653880536,0.000711476001192833,0.00119423613624712,6.01609005668723e-05,0.000698221931386632,0.00530869174366587,0.000339868461639837,0.000942924249040524,0.00205679682863306,8.17403499238742e-05,0.000404538142336671,0.00154999371475033,0.00153169474422521,0.000318771771846974,0.00279015001262562,0.000124265132063723,0.00604916538355443,0.000359388348701488,0.00633433708076217,3.59955133955872e-06,0.0011063826360676,0.000274192878397627,4.28263276141626e-05,0.00710491744433678,0.000139668570460513,0.000820023232353105,0.0352437767985995,0.088711475772425,3.72500646850495e-05,0.00022693116281941,3.55131420844777e-05,0.00457926491581919,0.00949194949322415,0.00165400444989931,3.08895924508588e-05,0.000389826294711524,0.000259293085507416,0.00243125380759054,0.0202352612989298,0.00437492306284581,0.0172911179813344,5.16416880680753e-05,0.0220309275859133,0.00404649852789643,0.000264783930461461,0.00130204022355593,0.000411039141348961,0.00426217926727299,3.44874087399289e-05,0.00156507575122271,0.00264216378411904,0.000113212756835172,0.000291199871730817,0.000665541687124789,3.61458656987127e-05,5.56242488787447e-05,0.00117478674902104,0.00294503435349466,0.000973139699578298,0.00028295028564707,0.000273188329766092,0.000433740339716819,0.00174481542642345,0.00877707472327543,0.000203929003006453,0.000173415743815499,0.000709726346963557,0.000276365009912501,0.00139933088714298,0.00377043844031289,0.0148138027407222,3.32586771758385e-05,0.00369378791888884,0.000376415152657303,0.0143114868651157,5.37722979154832e-05,5.52429109971003e-05,0.00378402139654583,0.000633219317237874,0.00145514218677912,0.000427222169913245,0.000358431509056387,0.00897517794523586
0.00193535709616116,0.0106917772923502,0.000235399133907465,0.00105110208151764,0.00154494102529262,0.00640929248593765,8.37543398086456e-05,2.86432113985282e-05,3.62895528646729e-05,0.00527290693349111,0.0275788775701489,0.402879782871846,0.00384065420911055,0.103707307861749,0,0.00118587709698361,7.16250820852026e-05,0.189296464535908,0.000384657105333797,0.000282718904490912,2.98492509719769e-05,5.88835580615504e-05,0.0154847004029371,0.00066381197843547,0.000474335327163242,0.00090393231276206,0.000100427137480027,0.000682514525689815,0.00165203978112179,0.00265850717310354,0.000178568279834967,0.00188706178985443,0.000128519353779483,0.0069738686800026,8.2887551621657e-05,0.0221887943472146,1.76149605163803e-06,0.000163493277337005,0.000291380648823196,1.08625589851012e-05,0.00570739884458596,0.000317523909522157,0.000441753658615745,0.00303835418751151,0.00368148129855558,3.8388333343214e-05,0.000125727643869088,5.91064075336716e-05,0.0170421697677416,0.00251375706323649,0.00074968576186075,2.99139158650053e-05,0.000314045027194674,0.00022693812438002,0.0179778440823887,0.0426519188916824,0.000495889416398359,0.000688716843301058,0.000113910569499954,0.0258852353128995,0.00344412036808782,0.000211511817836939,0.000533614430019458,0.000274999850709492,0.00360756218385583,1.09558985954246e-05,0.000575382742153886,0.00127599569184252,1.05532178034076e-05,3.15595737970763e-05,0.000521223958402024,4.16076688558891e-06,9.90449483751725e-05,0.000697644538973415,0.000884340334209995,0.00120959833670047,0.000314629434580053,0.000379485205224602,0.000348205841995081,0.00270617948321958,0.0137973359035667,0.000140400253548701,0.000490101052770096,0.001024582330633,0.000313303179592437,0.00169866250901611,0.000969955122216812,0.0011427005363576,7.37674080530426e-05,0.00290947688542945,0.000172963105621306,0.00645259813839123,4.25312308989215e-05,0.00012079438758148,0.012583014659714,0.000475689421273864,0.00499318179672948,0.000249296231690841,0.000845538490382218,0.00112995185166267
0.00354888475055349,0.000798018639407542,0.000406427503394456,0.00319972964114002,0.000918363852147204,0.000724635121090222,0.000164711857324861,1.54605361297153e-05,0.00021103318884482,0.00751389260637647,0.00418389775957323,0.00217228718811733,0.398965284024431,0.00146156290554319,9.23511845220976e-06,0.00111232783121297,0.000121591435649886,0.00879423464465584,0.000897129835602033,0.000186896596317228,0.000136214064852714,3.07302399439908e-05,0.0056169931859336,0.00161610584298355,0.000586968800122023,0.00298705057431921,6.65569110603349e-05,0.000512406491146325,0.00957828732118026,0.00158428659298737,0.000214437245555395,0.00229931695466907,0.000228821439401213,0.00784513185923302,0.000367937942487617,0.0191273554520613,2.10405077372953e-05,0.00012670720200932,0.000534019508085016,5.26923794297113e-05,0.0107564421098401,0.00018943068428948,0.000990287162622386,0.00120667527025016,0.00148510967232758,4.86084522673297e-05,0.000367967033916937,7.41290657308478e-05,0.0369901997387859,0.00129622833241845,0.00150915988160573,3.87593677274681e-05,0.000905546297182126,0.000298663554187195,0.00800850785001992,0.00111825161732538,0.000282695531327328,0.000173638010018996,0.000114032106785531,0.254344503896732,0.00019676174754307,0.00283354909425265,0.00137136746503755,0.000649148584813265,0.00731118762934707,5.02662547114116e-05,0.00161514987124938,0.00225973986384959,8.3315909545199e-05,0.000163928969451703,0.00125391090571256,2.61155056683355e-05,0.000265159373870673,0.00148449633302435,0.000280172812378051,0.0048733062555471,0.00115311741331883,0.00140753093568787,0.000825525433322955,0.0769627801434978,0.00165537491181862,0.000210966422153289,0.00135605483883444,0.0277629371071106,0.00066458458997154,0.0020494209717602,0.000660678716469652,0.000580026920036379,4.37790336345549e-05,0.0317016636343489,0.000566005589660911,0.0105272861217056,0.000116935416761275,0.000138127454948088,0.00350744531962868,0.000698940175376589,0.00212637033695482,0.000592474331335171,0.00067956156782404,0.000157334851314008
0.00149225006469482,0.0272302774685519,0.00056800099244791,0.000918429148779073,0.00449880383115704,0.00400487107036639,0.000270616277202671,1.72934629071333e-05,3.72487487673724e-05,0.00568150030561645,0.00976897037650598,0.10929183158866,0.00323793555145407,0.434741934702267,6.35040973493026e-06,0.00143529042616359,5.58948501449774e-05,0.205590898973364,0.000350431867007544,0.000322501160813656,1.80690173695362e-06,6.90200422718163e-05,0.00587268556657048,0.000610629740143625,0.00047331735873332,0.000558645955250403,7.74910303268495e-05,0.000781837788338262,0.0020453921325367,0.00249603888098905,0.00017284097735188,0.00116014893595907,0.000134281843292941,0.00741548593992869,0.000148527662875411,0.0156695995381391,2.6375792653949e-05,5.56273135474919e-05,0.000246381534501735,3.82854367884323e-05,0.00404736633913043,8.45149753554445e-05,0.000362753196735944,0.00240289973567916,0.00144916065705842,4.33697351461456e-05,2.88310253242014e-05,7.40339958862106e-05,0.0183028509548688,0.00162240098671972,0.000675598088529971,2.80577804413682e-05,0.000261097562781093,0.000218682220538624,0.0135545685268952,0.00919584339466166,0.000424874031607001,0.000283773782168557,0.000111803846675272,0.0192211598155155,0.000994003195678814,0.000197907421012397,0.000597944107948926,0.000204404979597781,0.00242253158296609,1.61581633025316e-05,0.000555130588084229,0.00120098589672049,0.00011269182378409,2.48831245767163e-05,0.000384942618263751,3.24000496680115e-06,3.71951434505607e-05,0.000597860153348955,0.000196179545324243,0.00171603150880718,0.000416374261840649,0.000326685965350073,0.000348806835860919,0.00312350353050824,0.00411409376844678,0.000118780723542107,0.000447456002148517,0.000558396272232568,0.000295047221019615,0.00181709393210403,0.000761541867067278,0.0003318189405372,7.41485939959726e-05,0.00213797393495574,8.24221067989928e-05,0.00425103189504871,4.59795560038141e-05,0.000111483674032884,0.0285866570124666,0.000216552769489714,0.0199211496850835,9.2000798263293e-05,0.00205468865746002,0.000534829837647105
0.00227035507165907,0,7.56938155416004e-05,0,0.00100990051976507,0.000236283725352072,0.005462158179583,0.00522623079961765,0.000280558635786659,0.00248384302080162,0.00118136419255998,0.00119259247572126,0.00117429107483423,0.00190113731714133,0.156113837263142,0.00286700857824789,0,0.000540735217321316,0.000178759594963721,0,0.0323807361050141,0,0.000550024805499771,0.000247643294785994,0.00798295658976037,0.00179393114574713,0.0520788413782034,0.0459703911124938,0.000451541032947188,0.00058237813217042,0.000830365275023756,0.00348566108178021,0.00338954112779987,0.00198058812321603,0.00184418716157594,0.000665264176486888,0.0139682389660445,0.000156603007252328,0.000701882610646704,0.000510976802266108,0.00765096897238717,0.0025058084983026,0.00304755488189452,0.00112752580510044,0.000605550524332803,0.00797968776771306,2.6738594580929e-05,0.00132593578136002,0.000758652650207044,0.000527234848488788,0.00338125731615462,0.00180080194432652,0.000683777817072767,0.00180712668305752,0.000756282690340401,0.000245573313530527,0.000251788432303748,0,0.0102032660386065,0.00451747006807899,0.00250564811603725,8.93797974818603e-05,0.000632244927361706,0.00789793103442874,0.0143352675208924,0.0012642391353058,0.00440761259682075,0.00242544008406817,0.000106954378323716,0.450800087774575,0.00132382785721222,0.0313496359443384,0.000189234538854001,0.0285115858882864,0,0.00103241691002541,0.000160431567485574,0.000541636656268862,2.6738594580929e-05,0.000978803796410531,0.000151387631083201,0.00021597313343493,0.000264928354395602,0.000156603007252328,0.000100488110671731,0.000962392797600348,0.000970938644964435,0.000113540723312401,0.00157765846316217,0.000686459716043531,0.000265501685026842,0.0280751639920731,0.000809328292522584,0.00443495761201429,0.00205877219069154,0.00346785712573974,0.000771295771644052,0.00454796305495308,0.000788847934614035,3.13206014504656e-05
0.0114639390541235,0.000377168630612611,0.000296295575597739,0.000359017111788142,0.000794648022196604,0.00061815225277925,0.00816838928544326,0.000559297945057645,0.000642309838794146,0.00562003265150836,0.00232009945162426,0.0010157756747165,0.00327378867603812,0.00128514557558798,0.000363334838656106,0.30650012822865,0.00040199980761349,0.00299812478203625,0.00354172435207006,4.88249083887938e-05,0.000820742659788633,5.16520121170593e-05,0.000676877687985083,0.00121483793655873,0.0918693933851576,0.00525732576460949,0.00034079632207597,0.00195911589069038,0.00468931411685252,0.00127042965309029,0.00363977596305337,0.012671208341754,0.00537375219664139,0.0116808509566972,0.00616333713338707,0.00163962114748358,0.00018738124642967,2.80037204798844e-05,0.003290476541986,0.00207529998463712,0.0159709907819332,0.00194366718122174,0.00678615264828854,0.000855713574456936,0.000854600534736127,0.0008133334260588,0.000392595392257466,0.00122912203565653,0.00396577699277969,0.000346616219359328,0.0264401510285161,0.00336330202976975,0.00230934011763008,0.0219734511704477,0.000610919069531136,0.000707435649360524,8.65226319251634e-05,6.13530216276458e-05,0.00234263650995471,0.00874087941372409,0.000221047812929883,0.000615670717951496,0.0034023469196301,0.0130390675854704,0.0245654606766803,0.000488013278543147,0.103497371110254,0.00744286155379536,0.00375356364949277,0.00191122137613724,0.00824982630644909,0.000418203766348879,0.00211151038884224,0.0471925471137146,0.000102625509045747,0.00355067997914551,0.000554369126015536,0.00134110940445415,0.00258029963321689,0.00228374534839624,0.000589976501363332,0.00174784674193066,0.000299391071185281,0.00112468071798203,0.00164144374577366,0.00476396014239185,0.000229901403621927,0.000437344767701629,0.000389263366818852,0.00165996168246114,0.00274231146890929,0.112257676154504,0.000700933502674597,0.000658028540522997,0.00254907770563988,0.0183248896735462,0.00184315487268508,0.0143527343745131,0.000830046631422124,0.000192886923845776
0.274895265404075,7.51354820968385e-05,0.000366647776565556,0.00013331953188873,0.00110464421474365,0.000111493250942075,0.000221161093527021,0.000113286190010201,0.000443965645392175,0.00838213259124339,0.00445104533073557,0.000697751639438162,0.00259849673494509,0.000363914329490072,0.000159619881529023,0.00668543824351893,0.128055861895757,0.00169862077490204,0.00542406686951576,0,0.000263771909635915,4.5064014093681e-05,0.000492136077554541,0.00092936481524657,0.000901351316818955,0.00237939565849428,0.000210438418947244,0.00126332390388506,0.00476985554265324,0.000976072842759036,0.0011747581736285,0.04671443984005,0.000321881720685827,0.0170670460374748,0.00153845253227175,0.000820078566444648,3.5209315029839e-05,5.30547186397633e-05,0.00464275781606789,9.15189292222454e-05,0.13819808635872,0.000493795202641335,0.00207714194632005,0.000226924132726115,0.00012336437933725,8.01833167176074e-05,0.000100720627158806,0.000186163014512838,0.00170000701047671,0.00140838562435231,0.00559036858053762,0.000121155670946541,0.00216650064956544,0.00111120427067217,1.02686552205993e-05,0.000979262570524906,0.000133309090807005,0.000259301360358659,0.00024432958439024,0.00569884519148208,9.14099598600541e-05,0.000856517612864628,0.000789097908553233,0.00103537606036967,0.00796291439951387,0.000296805540644701,0.00511758325237008,0.0507455299564395,2.81955553618828e-05,0.000337230679816199,0.000926591748007973,2.93440091772806e-05,0.0524105316410971,0.00289143137086129,0.000109336860001338,0.00814319859071535,0.000953448047536871,0.000936375162413415,0.126799581965356,0.00268665350550306,0.000229685052632432,0.000894155500216731,0.000442969962514387,0.000363174280292607,0.00314611247713001,0.00200730296399199,0.000258211590577923,0,0.000267808287714962,0.000580027588396324,0.00222470033022347,0.038047799337683,0.0006304785994449,0.000268935971408255,0.00152009964068277,0.00148223996931802,0.000815494973308166,0.000854678462966008,0.000936581401970899,0.000301233515675266
0.00220422715223793,0.028988263091006,0.000593672944866736,0.00133398892384626,0.00206460616049971,0.00211691975214429,0.000349758039211664,2.05218515882169e-05,8.17513925136118e-05,0.00551911325578229,0.00919339718131943,0.0589507563337888,0.00952151400917204,0.0607794002040256,1.39111023425321e-05,0.00149924338853602,6.60921657436723e-05,0.462393059176027,0.000546874077640462,0.000333098858229031,3.00346230834821e-05,0.000139134612576779,0.0117411375361607,0.000929572885157857,0.000564969723565042,0.00104751625071371,0.000100293835852935,0.00087966483262056,0.00293922053902214,0.00373499009729074,0.000165123417487888,0.00157347018480781,0.000197606424271354,0.00969209502647498,0.000316029127225871,0.0356900189987937,1.23020554026771e-05,0.000135706651105696,0.000368170648416174,1.83833009091417e-05,0.00701574574592766,0.000153189752234917,0.000674288298428469,0.00243976035872935,0.00180798195741513,7.47526059675762e-05,8.72915840835582e-05,0.000100147955997979,0.061494484030119,0.00189577051978272,0.00123346284866723,3.17043142049265e-05,0.000619003628954856,0.000295030223069808,0.0657582724845178,0.00654021377841395,0.000403857034810102,0.000434384602739621,0.000130898095321292,0.0667818606845459,0.00108266015619877,0.00035538981316405,0.000989956372728606,0.000473823477470321,0.004278094384525,6.24969416563652e-05,0.000685618813821478,0.00162426425409868,8.34265601201908e-05,6.50341122330328e-05,0.000449407363051435,2.79298204746415e-05,0.00017589705296817,0.00166685052839675,0.000264096718660753,0.00173690195288184,0.000583600374805967,0.000651217471586718,0.000519947629564347,0.00602196554993577,0.00380838319792382,0.000225707038728946,0.000803048587800724,0.0012120168148073,0.000460597952010691,0.00264283348106173,0.000896543262402042,0.000556290619913179,5.1255987942819e-05,0.00477900904823929,0.000430302048464003,0.00756189566548282,7.00898826191719e-05,0.000123066783665117,0.0103876352280317,0.000494417167009878,0.00659651821576346,0.00038667099320128,0.00138670715121713,0.000510721189979604
0.0519955288815947,0.000148837305198565,0.000281169844256981,0.000384649991681837,0.00185060080354038,0.000733795387090596,0.000823888656157866,6.61655123380252e-05,0.00131563638160616,0.00990798370460842,0.00311720343220507,0.000785369927459017,0.00316332564240743,0.000451739118639996,3.52213514437327e-06,0.00786266751433976,0.000833217217450045,0.00108338174474996,0.189907622358439,1.39849198177682e-05,0.000352201387109235,4.19806646432357e-05,0.000652677849687124,0.00116742879627981,0.00213241575571911,0.0119018453226445,0.00018496758401055,0.00110636102833496,0.00455697812217335,0.00122326687300308,0.00168143258494211,0.0634460362437103,0.000553586937165222,0.00820871383164161,0.00178902214696037,0.000784983113790682,8.48694733956936e-06,9.26833671221182e-05,0.00169357772933656,0.000231515514800693,0.0508534475590179,0.000476387088140651,0.0126584126097792,0.00110015137877171,0.000639115026720447,6.91940200613428e-05,0.000935747687963271,8.74790139804512e-05,0.00168300353873629,0.000590587307957581,0.00857551744386208,0.000153687028897718,0.0766786973326902,0.00128501425302643,0.000433760998478869,0.000877077324975607,0.000246894106778451,0.000145894074936497,0.000590075247435019,0.00708877850059906,0.000167962490260223,0.00303884523282842,0.0260126081135945,0.00181239624954793,0.0126480872105156,9.53063528791573e-05,0.00546764096228198,0.0811708248173124,0.000230087144624485,0.000131676008409348,0.00281136061150277,8.30452021325601e-05,0.00323994449391254,0.0033591201196068,4.77282731456257e-05,0.0668209780098519,0.00152192869344829,0.00137813842953061,0.00171674940585454,0.00290407860623394,0.000316097020613881,0.00085320415646829,0.00137217935345848,0.00232498541401587,0.00067423461851482,0.00360528804676378,0.000339782323957523,0.00033142501064211,9.09524165367576e-05,0.00366075561428579,0.00149517299861789,0.218308138077927,0.00056663900898747,0.00022083491622313,0.00370612770867973,0.00177866330006082,0.00177133349330364,0.00127220116929402,0.000886190958280184,5.79141439463003e-05
0.00253408947551666,0.000107972507371108,9.51189734623391e-05,0.000113070634844997,0.000152142632956117,0.0008601797616269,0,0,0.00010692795305319,0.00204228451706813,0.0398860866980076,0.00344264154587901,0.00135694344436374,0.000405841887103101,0,0.000543721979763893,0.000215258771858022,0.00420921498125408,0.00018919339260676,0.665860753105934,9.32371381874432e-05,0.0683945119476238,0.00438484651232828,0.000250395269372209,0.000234797302578853,0.00181109790781841,0.000129406555132344,0.00148474745537932,0.00139138707357186,0.00143989641956675,3.15547836726219e-05,0.0013245338196729,0.000106876942691233,0.00329432846063496,0.000168852054668816,0.00502839900235494,0,0.0248932565246509,0.000176634824634714,0,0.00398319690131889,1.17522056505101e-05,0.000243797965135929,0.0230203268982101,0.00650365438278845,5.69101116130962e-05,6.46655180479757e-05,0.000104000216829913,0.00258814273753408,0.0250302844736978,0.000571957534804893,0,0.00144317627272362,7.78140178934665e-05,0.00175974792565862,0.0024286215930772,0.0293248361276709,0.000809809372331465,6.28146014085215e-05,0.00629563170279336,0.000552762179391377,0.000214433664440434,0.000969964618140987,0.000349386397934479,0.00183250992470527,4.99610674997529e-05,0.00040723974338942,0.00312767287212601,0.000114626585547729,0.000392751130771885,0.000285311673603444,0,0.00069061490852115,0.000123323663733116,0.000424646019434365,0.000279936463445388,0.000259275058378882,0.000211596475649522,0.000459838752236707,0.00136009439805265,0.00114692591986527,6.1713273150263e-05,8.5569424328346e-05,0.000622649499455008,3.34057003120761e-05,0.000784171898376281,0.0332468136460284,0.00176626389341491,6.39346747628318e-05,0.00124702322455547,0.0003454083438149,0.00311569265500542,0.00010692795305319,8.6394531745934e-05,0.00198668069086983,0.000358773274108482,0.000840884109176463,0.000164530879107141,0.000160942593708914,0.000528005401759313
0.00191281789190646,0.000320874912820231,8.22691370090887e-05,0,7.35339614586792e-05,0.00090856482973335,0.0114384137486779,0.0327201869732214,0.000278150698520116,0.00222315915585204,0.000902536753620533,0.00111842662642766,0.00271786425984055,0.000170469469716663,0.0115253794835456,0.0022729037664039,1.6359886083438e-05,0.00201672409325318,0.0025128892306812,2.80036287552202e-05,0.357945654579567,0,0.000539737824021541,0.000505981572646412,0.00510136526271422,0.00309827325654314,0.00873160174853634,0.029141556194517,0.000889671115297377,0.00106662449537954,0.000728586642172623,0.00556511822429961,0.00758390553547283,0.00349450161037023,0.000785038411718232,0.000301454461064489,0.0187803560068201,0,0.000707364553650542,0.000644743313428225,0.00629018951564794,0.00206485324206233,0.00243377102726442,0.000269868952360797,0.000275735636436445,0.0188588804999426,5.84549546957822e-05,0.00181358683027416,0.00689708298678277,0.000618882045135595,0.0051748781372489,0.000132078541633975,0.00206281437941847,0.00366452929571354,9.70414109383062e-05,0.000925535058392073,0.000233477634415908,0.000287037194741007,0.0226288871947662,0.00283404072679509,3.2719772166876e-05,0.000133269795475002,0.00123084025163356,0.0136201630277926,0.00373559363378232,0.00259349631780664,0.00165097835277742,0.00253827639422901,0.000567207234562024,0.16450933412354,0.000430575523274613,0.0574168778362891,6.89481567035721e-05,0.0678917540643402,1.40018143776101e-05,0.00152967284058705,0.000919954964416729,0.00249195721043173,0.000501118853727426,0.00217317488228104,0.000109737910019149,0.00124164018647503,9.34431730889721e-05,0.000548134390217104,0.000334426832469098,0.00137444857939365,0.0011633282008036,0.000298876465572626,0.00829844471931753,0.00042755143402653,0.000238356711235757,0.0291738703278645,0.000354488002300296,0.02712184467405,0.00250385447232186,0.00216747926617898,0.00044276976136194,0.00333482302901903,0.000168078803259191,8.17994304171899e-05
0.0028478102018854,0.000263359130516853,8.56745214012902e-05,3.46531047530441e-05,0.000128511782101935,0.000953904710272043,0.000856054876307288,0,0,0.000403820139163648,0.0567852580335131,0.00232302239993483,0.000780973149342359,0.000337814748567809,0,0.000599721649809032,0,0.00337530995241888,5.26718261033705e-05,0.292074550923363,0,0.34898366242112,0.00266202792644279,0.000401558489348201,0.000296627897322288,8.73249308564147e-05,0.000385535346305806,0.00088245593378471,0.000627376756382589,0.00134557744271134,0.000105343652206741,0.00220503639457377,0.000485333254809629,0.00418395406812535,5.26718261033705e-05,0.00206369903169479,0,0.0124510455059363,0.00047807757703511,0.000191284245115547,0.00245781489430719,0.000245340409166526,0.000612658853942511,0.0337225818430236,0.00821013353691004,0,0,0,0.00233400499408589,0.0376142293867385,0.00143706746706038,5.26718261033705e-05,0,0.000799909168049435,0.00144418916824611,0.00394772535224448,0.105659372393789,0.000870919767420678,9.55090868040157e-05,0.00543568770204145,0.000245340409166526,0.000349299723425659,0.000105343652206741,0.00021583671295835,0.00386480924155617,0.000105343652206741,0.000288177669867171,0.00166095438457848,3.46531047530441e-05,0,0,3.46531047530441e-05,3.46531047530441e-05,0.000660645523188024,0.000332665340022941,0.000734568998223949,0.000210687304413482,5.26718261033705e-05,0.000128511782101935,0.000988823886532602,0.000278343104464446,0,4.28372607006451e-05,0,0.000377351190358205,0.00553266481910946,0.0235491750979038,0.00336746072534279,0.00016316488685498,0.00225334407337248,3.46531047530441e-05,0.00332803032910113,0,6.93062095060882e-05,0.00186092981172139,0.00201190451745926,0.00129627155474301,0.000181183608205306,7.74903654536892e-05,0.000796730220877238
0.0012360374237898,0.0010972690015855,0.000107015538266384,0.00129887306498063,0.000477239201315958,0.000760592028693965,0.000145501580859258,8.58577419963012e-06,0.00018369546020532,0.00556202405794119,0.0110516160067514,0.0161238805452318,0.00974520647278131,0.00534070038548933,1.16917256492206e-05,0.000858803490103033,3.29017458625767e-05,0.0351871600909601,0.000357955588079755,0.000540893544519448,2.93995407075171e-05,0.000112108189931591,0.461254132502769,0.000825418063708456,0.00041224200544261,0.00120366911207068,4.8649834990119e-05,0.000549083208122101,0.00214110312161889,0.000880867835153202,0.000103899174917405,0.00120492794136303,9.97031424596318e-05,0.00299095715347332,8.22953365387802e-05,0.19097092875122,0,0.00018494863003623,0.000207637404765588,8.90279012947705e-06,0.00414799011708391,6.71682056858462e-05,0.000692063917614823,0.00252644885308712,0.00620345898262812,9.52597913662945e-06,0.000106175564105986,3.28432662445342e-05,0.00898583560942205,0.00202850203725227,0.000441759211544091,9.96180151350354e-06,0.000570205182330084,0.000218505078937044,0.0348941427922008,0.00614131399550567,0.000411244234981297,0.000466812472840986,9.47616644809382e-05,0.0806097974892569,0.000631091470755901,0.00021088302519463,0.000559566775439508,0.000258510868859179,0.00313399278903263,1.09046072508741e-05,0.000476536774533183,0.0012331676436966,4.09486526027994e-05,9.43917232058107e-05,0.000477927605628304,9.20396641369678e-06,2.33383283542743e-05,0.000913638534481906,0.00273528806170462,0.00132267270496946,0.000409432978375679,0.00060256954263224,0.000247084483978304,0.00358776715195131,0.0589174635969097,0.000118707411779967,0.000519764508859844,0.00100959851632872,0.000277019303725867,0.00118004152562029,0.000750512183020767,0.00136733290522169,3.42406178935671e-05,0.00693636291948724,9.84248194610901e-05,0.00440125107493264,2.84250556788922e-05,0.000135134473055393,0.00261646349063678,0.00066666845392935,0.00086787981315213,0.000275769765803837,0.00035549232097118,0.000367496631934742
0.00123631717072581,2.06740747158456e-05,7.55878952301021e-06,0.00155599053661794,0.000366016940681565,0.000190536049595077,0.000814098210681891,0.000197247560680512,0.0479714377264004,0.126759524757507,0.00110994964892401,0.0004557089577539,0.00174290874305654,0.00041487566147428,1.13381842845153e-05,0.00262425558346536,7.70954594269559e-05,0.000458570839906191,0.00117542305113603,4.3418562562865e-05,0.000123662181683333,0,0.000651397441945819,0.445945836950351,0.00224587429364441,0.0355060564071049,4.37551494669289e-05,0.000265276577435709,0.00118331021447669,0.000209845721122653,0.00299532977273428,0.00298192286665158,0.000713603832678504,0.00163753622692548,0.000424484740632724,0.00129935617280932,9.47995072694542e-05,4.92002511775551e-05,0.000292761492991527,0.000320294647076821,0.00394649403601053,0.000786305936817086,0.00411872654854569,0.00159623008980628,0.000744794769736755,0.000251063866112945,0.0016990388115608,8.64312609063913e-05,0.000616715391578897,0.000514053163619377,0.00648028594762486,0.000195223807390512,0.00187179777632573,0.00167526410739107,0.000896959952172206,0.000298796267205082,0.000128768291463428,3.46443630285686e-05,0.000510457802015178,0.00494347719797471,0.00012175336172349,0.000861390198472441,0.00350206418809135,0.00125808780740808,0.142393604584945,0.000226237724358612,0.00598213593173548,0.00188303781258579,0.000156147488523472,0.000131671357096073,0.014947786397089,6.62517824190345e-05,0.000246214582899257,0.00536113601751163,7.36979309936648e-05,0.00229991222854229,0.00430005517793848,0.0610459544821888,0.000533121058492971,0.000750125716654136,0.00033555169063983,0.00495592373326136,0.00484200152428116,0.000671586004749359,8.08293079086262e-05,0.000613048258265398,0.000539753721205504,0.000199114329255531,0.000105755736273861,0.00286477062399355,0.00016438163450134,0.0168092349629485,7.06838716853483e-05,0.000276704295959081,0.000976870613958453,0.00252592718576566,0.000427047300489972,0.00145403634495874,0.000247055271414674,8.65574142295362e-05
0.00293912100494319,0.000158310552197818,0.000231951602901946,0.000223206978971594,0.000571600648464211,0.000304652673899423,0.0196143425931359,0.000847219585423606,0.000636771208086607,0.00438291525051744,0.0015833964176273,0.000869309632610207,0.00154115785221542,0.000453228090382557,0.000386023755188734,0.106538717178665,0.000106324838189988,0.00124390738677949,0.000853070594572106,0.000318572420662676,0.00052480565962625,1.08846197033098e-05,0.000271725887608108,0.000741577405627389,0.477613390246453,0.00502316574725755,0.00030860163739302,0.00162576145802646,0.00135101067987583,0.000429741176350016,0.00299549345548509,0.00484300623682258,0.00164880214310282,0.00373032984493931,0.000812197906756076,0.000856688926252002,0.000166706172545032,5.42682123022662e-05,0.000493026637464326,0.00248214450925576,0.00500184807790589,0.00124735744912691,0.00291588757061598,0.000617142655928178,0.000349643881434143,0.000762842485427049,0.000387431946972244,0.000701592973899249,0.0012679524371593,0.000398333207991139,0.0102360672369723,0.00781094982519536,0.000975420706776515,0.0340687808968626,0.000183499281423311,0.000452204310093208,9.50340082181481e-05,0.000102517730946329,0.00255315494873631,0.0076427389262627,7.250128409676e-05,0.00027177417715886,0.00125982314778591,0.0032581711269266,0.0162652060608262,0.000259637531715866,0.076951141534958,0.00267953672458963,0.0172029476514391,0.00136563448191814,0.00515030203065484,0.000524211930315345,0.000740482516398301,0.0810988303586965,6.21292975738189e-05,0.00140944067818721,0.000292513925072115,0.00187945418575726,0.000343827042039279,0.000788894735844977,0.000263959905961285,0.00121486816818545,0.000235138493589856,0.000351819931389664,0.000355539775024,0.00107678968052484,0.00029695885147188,0.000216105323502336,0.00027140332959766,0.0012515747692848,0.000376122495198043,0.0332154141312292,0.000213038602592919,0.000862910477130469,0.00181231448266162,0.0135862769565009,0.00079695163998062,0.00391084663193944,0.000219757216804942,3.82193292468548e-05
0.00168948415150508,2.04484918508029e-05,2.52532107644777e-05,0.000953743501964537,0.000603009980082134,0.000209515452533993,0.000536796479202268,9.6809056291041e-05,0.0108697079444752,0.00896546232017263,0.0014943965350941,0.000572648942831885,0.00206398710664796,0.000349906681623555,3.28804816922457e-05,0.00220409099743176,0.000103706200331427,0.00079537038979002,0.00340266691495944,5.34004161537445e-05,0.000178981077051966,1.6306188044137e-05,0.000465027246528484,0.00530122294442201,0.00167507285526483,0.657940725177014,9.64157570051771e-05,0.000435040770959606,0.000904103924920611,0.000464959773502346,0.0019397389435054,0.00624579607456408,0.000602167420936717,0.00302473269072975,0.0007391887698888,0.00149297095135711,2.92426554730017e-05,9.86720952442491e-06,0.000569362180219066,0.000187807388502187,0.00697586303186983,0.000841890033058005,0.0419367011281466,0.000381341477464535,0.000452857305420452,0.0001448684899917,0.0278231789731037,4.65194771969964e-05,0.00117324660725156,0.000329066661691301,0.0143596177346233,7.0656033016822e-05,0.0117112754410545,0.00123248977096867,0.000221498605658884,0.00041497915506275,7.5238923944565e-05,4.73509158997994e-05,0.000312555407967415,0.00861962253590978,8.12520569211053e-05,0.000840450081564501,0.0186175014223487,0.00199766736032162,0.0146798100337846,0.000268886327898389,0.00407075548887569,0.00286032480709908,8.77070254022692e-05,0.000423331222651686,0.00238214047436423,4.92907575650599e-05,0.000455200419566407,0.00400982779856251,8.75397445583712e-05,0.00185716366050434,0.0032623810110303,0.0323770486967518,0.000505655547333967,0.00111149315641726,0.000427544441768674,0.0152858756124823,0.00453493608994833,0.00102163486914142,0.000309608080723292,0.00116269966149241,0.000120095213309597,9.82648210229504e-05,5.33048998454801e-05,0.00179109263599966,0.000533990997240066,0.0421695208574137,0.000220558027312588,0.000172253710575542,0.00102785351392611,0.00374881352997075,0.000595717478639589,0.00174970833783282,0.000376798937378112,4.14682263413132e-05
0.00519286284579969,0.00105675040682805,0.00011809674616487,0.000105575804541839,0.000927681445038657,0.000755573699286493,0.00517016933130806,0.00542118434127395,0.000750108468533918,0.00356196519980014,0.00840888597780028,0.00383284596863807,0.00378441505431157,0.00153079293841609,0.0383473169923456,0.00636290476893131,4.71292332807544e-05,0.00554824561745608,0.00286708269874863,0.000131242755139661,0.0165127862863544,4.26585627508038e-05,0.000545335700030915,0.000521391419995515,0.00541204039197305,0.00514905045594739,0.188514932101802,0.104494500147874,0.00341972754819912,0.00174206425805801,0.000815888001912695,0.0141966010876581,0.00567434410159749,0.00827522324745254,0.00227947455381105,0.012371824769053,0.00466660699026693,4.3389440876843e-05,0.00135228901107586,8.09522657459361e-05,0.0192109265502859,0.00248262175551056,0.00178153704711995,0.00192764729313964,0.000909520390966673,0.0042264885564175,0.000283240275195505,0.0019444591989868,0.0105037770081383,0.00251917701389439,0.00951027306970273,0.000313065362647398,0.00278373405852229,0.00280757124784709,0.00296520982864068,0.00250346592631189,0.000339918275673599,0.000179888125738997,0.0103338982644004,0.0173414239216513,0.00020286654574051,0.000769367315474324,0.00476957081799527,0.0145317299927131,0.0209073722934437,0.00165714880943635,0.0063919574503072,0.00629595165463182,0.000552236748547797,0.206242083770993,0.00236157720543506,0.0179681629808038,0.000314085414090027,0.0188411258953037,0.000150954108253925,0.00321728965232321,0.000434925261575469,0.00362738892507894,0.00124925448359995,0.00189975982340191,0.000252059242265813,0.000409043738070363,0.000382281945962845,0.00411100643923213,0.00079268928985893,0.00278827208189816,0.000535236165684187,0.00125065696013857,0.00396591663512694,0.00381710451552971,0.00108698366820595,0.0751623990276149,0.00157229442858501,0.00633954549484915,0.00593631159162452,0.00338300279561636,0.00483460142736285,0.00521926275670207,0.000735381139809634,0.000141387699842263
0.013629087441638,0.00142061138050056,0.000475970321386242,0.000317307358708585,0.00252326394179632,0.00103662235000977,0.0161104109008893,0.00429789690583861,0.00050972011004118,0.00547351431250358,0.0103136524924076,0.00432536160299817,0.011820189134276,0.00244745211237254,0.00774691637027683,0.0113667159584641,0.000537702200716648,0.00958075121528972,0.00344113260219435,0.00119654974973947,0.0103973956655862,0.00028052404297167,0.00171843264920651,0.00077515386844939,0.0100066086576308,0.00840104767659799,0.0397521352864942,0.207870882727248,0.00767957872762823,0.0020205984767988,0.00179323820944833,0.0170399834308149,0.0100090352467962,0.0198191155365632,0.00512987667017755,0.00798821108618706,0.00272952910207991,7.81514314852287e-05,0.00364359094023227,0.00121164736480953,0.0211008021415347,0.00720202080111547,0.00576394766775755,0.00216134018713877,0.00421008155090124,0.00570394441089839,0.000976224840286893,0.00711999101058293,0.0100041034355055,0.00109905648181004,0.0146134006390271,0.000453527143166195,0.00476744162558321,0.00491316396249962,0.00410663116638577,0.00186247755578848,0.000363364998631198,0.00111972922012326,0.0116684810163598,0.0264914885628462,0.00119146048284274,0.000975597775112911,0.0062781811778186,0.0195339103928647,0.0232249724740584,0.00307656711843689,0.00980266855082106,0.0106735064833155,0.000840163207549767,0.0420186972549561,0.00380039963228556,0.00521675967677275,0.0021272341364794,0.04715039359589,0.0001883861784206,0.00662868920506734,0.00242867500060973,0.00288863199423144,0.00329501082543718,0.00798929919630796,0.0011365570970758,0.000689076876452613,0.000765250964167971,0.0025143378126953,0.00264801552254135,0.00572625048023072,0.00069647320257148,0.00154125030294433,0.00790923379365326,0.00767445959120799,0.00534579738077502,0.118166985350793,0.00137039698347472,0.0151052703535885,0.00418773846070101,0.00583183909310198,0.00552335952269117,0.0086022695977324,0.00149142185931094,0.00112802771781557
0.00893428416502093,0.000740455074005314,0.000674743564661593,0.000317360789124573,0.00194311155154564,0.000633082364362715,0.000297112797637674,4.21021026678466e-05,0.000289148706445947,0.00871274925511244,0.00212846677327811,0.00146609971003066,0.0176714542359275,0.00110506122396308,2.97390926711724e-05,0.00341085620123004,0.000324655750069262,0.00440821158145617,0.00181955171203062,9.21411242185598e-05,2.86946559863403e-05,1.20122430049856e-05,0.000945154891625983,0.00184877094568682,0.000996680926176516,0.00160632334468336,8.51615070576404e-05,0.000771089029979868,0.365464776096843,0.0137955563215702,0.000395290078748381,0.00266222638023415,0.000203586157512289,0.163770194626834,0.0002687821756245,0.0024607287890505,1.73720034974065e-05,5.71729299556443e-05,0.000767623241002402,4.54742062362685e-05,0.169226586697192,0.00018061993934771,0.0010209331060276,0.000775408196128748,0.000419726663244589,5.35777078721731e-05,0.000216887876975409,0.000166677134241808,0.00919221004609736,0.000948050837078147,0.00142689665629324,5.39923897388859e-05,0.00107035463633427,0.000568786602235486,0.000855349394365202,0.00111629922556549,0.000245096430094312,6.0626623485582e-05,0.000147413219091955,0.0174493379949651,0.000301567462953818,0.00480709399078934,0.00159077097045743,0.00061009659848947,0.00589889232816948,3.95071760234965e-05,0.00176642381926844,0.00236906087236885,0.000107515267985901,0.000254048592736899,0.00107971108864659,7.35133181017039e-05,0.000347960752285571,0.00125700489147142,6.37131202985458e-05,0.0539833129228442,0.00265812482514738,0.000808211914176475,0.00446765059715777,0.054106868266135,0.000388493270835677,0.000243498337133098,0.00115836023597879,0.00745932539632582,0.00556535252606004,0.00697024450068431,0.000409476026320867,0.000215090666129846,8.03916011347837e-05,0.00284539602563865,0.000512858041520108,0.00873407609630092,0.000144349878775617,0.000103668029035568,0.00350449041388358,0.000772863756121937,0.00337446430683562,0.000529811990179945,0.00374501745675757,0.000213832965694329
0.00568505526992796,0.00328363297279355,0.00219372550810298,0.000509339870723608,0.0018480022596416,0.000979066515364757,0.000285720799413281,3.23324594171075e-05,0.000212498381585249,0.00914725427003709,0.00448173736829877,0.00452905843060442,0.0179282932771003,0.00289228584061543,1.17316586095767e-05,0.00394530487168499,0.000236016944307663,0.0131103487263734,0.00114573916436672,0.000164425723944179,0.000181744120467734,6.53171404264324e-05,0.00200726728419399,0.00145200230370568,0.00105077905712176,0.00157903798486968,0.000221819708234911,0.000966900584560199,0.0635228397428352,0.180500600472756,0.000595892795076364,0.00222650849926334,0.000147791470289203,0.280375094995924,0.000194296408567327,0.0049709813177641,5.38469994542545e-06,9.76214379363344e-05,0.000515809405408556,7.17878463618637e-05,0.0511793735615334,0.000206852953503255,0.000828895167777093,0.00148443506400298,0.00163043594780568,3.1769289715027e-05,9.73296245476241e-05,0.000151212480963517,0.0781795428461163,0.00165626245106377,0.00139271503002314,9.98923404824543e-05,0.000561692278275608,0.000777433613278285,0.0024642978159897,0.00208178154005425,0.000352510120361973,0.00026928067668479,0.000391862369574274,0.0321155176363148,0.000268533841992109,0.00194573227757986,0.00117414922238463,0.000588460221949292,0.00557493098396403,5.2605098853768e-05,0.00164538211233849,0.00292832361835801,8.34931946521241e-05,0.000146802901251161,0.00177216120992294,2.81470770963796e-05,0.00020491785441239,0.00148296946680883,0.00020195434388985,0.00790389476549261,0.00213243399630932,0.000790977390537526,0.00237555095929745,0.07876369326512,0.000808075425861294,0.000315945992472571,0.00113889528820687,0.00334274688088269,0.0069864170260678,0.0198334623272339,0.000707153727577633,0.000500884344658422,9.28605154197041e-05,0.00292413675545462,0.000589307301221346,0.00986590903570405,0.000231065730279717,0.00027998060899067,0.00606492111281916,0.00127244700101313,0.0104931762571563,0.000232017851842163,0.0346956558858765,0.000235686732362031
0.00164766312579238,2.62819001076887e-05,3.86188573605696e-05,0.000296691406284967,0.000754865114320958,0.000271314547478605,0.00175326330782306,0.000242994461629928,0.0079524882847854,0.0130889734339737,0.00105733293784739,0.000715243247811083,0.00126447468582572,0.000196713231502715,5.93525022515544e-05,0.0109751624706909,7.52333110642555e-05,0.000487313835738937,0.00108977338845061,3.1150851255201e-05,0.000125476119309524,4.86895114751227e-06,0.000214077409841184,0.00386692654956538,0.0112771793896779,0.0145592064312302,0.000124533568010886,0.000297460442593243,0.000926148980792778,0.000791924296129589,0.232238708732789,0.00460373870446565,0.00105621611648426,0.0042681514767553,0.000883180945092614,0.00056403180519054,6.22145897918644e-05,1.48337997511382e-05,0.000668561247693798,0.00334668408325247,0.00425289771178229,0.000759461996595948,0.00819668423850649,0.00054090868570722,0.000255523086238421,0.000280183740741187,0.000836376504866727,0.00020695730373348,0.000557105819749079,0.00031206761136658,0.0249648110142653,0.00371392488071284,0.00246126244702285,0.0528140060926612,0.00043689776132837,0.000306900546241582,0.000179383791690097,4.34541546461663e-05,0.00121918558784005,0.00356828127440469,5.31746634597282e-05,0.00022679952445432,0.00125654200413951,0.00360906308237675,0.121480571422297,0.000191756990977402,0.127156441851757,0.0027290446524614,0.000970717774194827,0.000292085574144712,0.0557689845689766,7.61059560172076e-05,0.00012025825283618,0.0264751282951386,4.24943276389087e-05,0.00160742807475937,0.000633584432007334,0.00482260340359386,0.000455357577918847,0.000615706180544067,0.000453268258409677,0.0658300455673796,0.000638508591515073,0.000302469296666587,0.000482836378936087,0.00125040220249275,0.000330791627818591,0.000274128054265544,5.70489037629081e-05,0.000979641847207458,0.000996037210685675,0.0372750954992192,0.000227424011469541,0.000360408138180103,0.00154819517844887,0.104997142349854,0.000394015809739199,0.00695934902945724,0.00020580420517823,2.82364379592786e-05
0.0368075953134155,0.000105807162584702,0.00015222081677185,0.000123599255016027,0.000432116567121971,0.000374267033620912,0.000993727209745021,0.000156401006103371,0.00051270934649979,0.00384136725043886,0.00394100749634081,0.00108965049336908,0.00345682342186249,0.000447357237261784,6.20411067920829e-05,0.00577870806151095,0.00107224668892666,0.00204457528185996,0.013524156042629,0.00014870871225136,0.000213495282993055,8.85061306842386e-05,0.000752630669573211,0.000992160258660591,0.0021534102966289,0.00894177400477216,0.000165161939790987,0.000963059901045848,0.00265190777536863,0.000567016999185205,0.00165373413273371,0.382561338758395,0.00101429364189478,0.00596828247706885,0.00648854747134164,0.00213797514460203,4.89114817860734e-05,7.09599654735718e-05,0.0173176940770619,0.000185976313033465,0.0209209803623183,0.00102818002536674,0.00633469085897391,0.000492803336172905,0.0007036321314427,0.000208117222227128,0.000498064735802218,0.000126104912279192,0.00290029938438546,0.000566227943600467,0.0143875074075524,0.000139278932410793,0.00509107349656754,0.00167710798464634,0.000475246233644133,0.000460833505206196,0.000133947684995912,9.62759727382428e-05,0.000369666893017357,0.0132654296754957,8.16107044449353e-05,0.000252243360279472,0.0032542381168236,0.00326624618293792,0.0119354918447699,0.000225997922399954,0.00342012549959468,0.0776418188441551,0.000336496477482262,0.00043343957140983,0.00232944794398258,0.000127273733340946,0.0156101956070798,0.00527751372132366,4.34538332789848e-05,0.00319779091221332,0.000602506325487061,0.00171646733010368,0.00125599709360412,0.00270168528024084,0.000687288174225031,0.00134839700763428,0.000413880215771564,0.000501538454222872,0.000590737621345444,0.000842560738358192,0.000272662104612103,0.000273999281946549,0.00011162680964296,0.00181860405379212,0.00789249551317268,0.260224118898938,0.000909264991070278,0.000239926659666615,0.00191856071915858,0.00348075889839492,0.00124683081528953,0.00319575861265497,0.000372260336538703,7.1298863551817e-05
0.00264798531865702,5.46191180677853e-05,6.23110919388177e-05,0.000103357924445873,0.000186686849581635,0.000139990690932508,0.0137244213905331,0.002632280871221,0.000856599930495507,0.00164159513144047,0.000860032119391119,0.000338009134492005,0.000711447653560783,0.000302359767147021,0.000166890808394151,0.0238685734660579,0.000164863102933679,0.000589446032482618,0.00106676075348167,6.98963434811949e-05,0.00118352120238692,0,0.000169948306848669,0.00089183216615913,0.00855039180883407,0.00503874620298741,0.000440671876779584,0.00440572615189656,0.000742742150404691,0.000457001686842481,0.0018935648732471,0.00656937059899889,0.299646476824566,0.00271209395545983,0.00568544967568784,0.000360408672591703,0.000518956420988057,4.66509535909519e-06,0.000595160687756121,0.0040539406670817,0.00426478589485447,0.0203455754389189,0.00260024477443613,0.00027489701756811,7.98721855809659e-05,0.00227255468796479,0.000223611231407748,0.000798531970120423,0.000505260213407736,0.00043639464663494,0.0129930311648033,0.000692755932215105,0.000819046619659857,0.00631067885423448,0.000110419084991333,0.000504890181907804,2.89361895117457e-05,3.97346144277301e-05,0.0117520766956735,0.0019935239377498,3.3374902427072e-05,0.000190859076517578,0.000464901774323492,0.192015891631732,0.00539583763073358,0.00308929697746836,0.00603278224741468,0.00249823026619844,0.000694493195176804,0.00196418332018671,0.00144543668355341,0.000746115745897514,0.000222595746143976,0.145418098160449,8.64419678130869e-05,0.00146348960658169,0.000250293847387471,0.00106652453878336,0.00011927420960849,0.00033469513206984,0.000272133749028411,0.00137130547937702,0.000262319197742507,0.000105468934018102,9.15234720563645e-05,0.000814997086837439,0.000413062071811631,5.98520353256745e-05,0.00080064673520167,0.00054095419115647,0.00165428858363315,0.0640175280971918,0.00231176942029324,0.00233024570845309,0.00112415010482793,0.0114608425404899,0.000685003778595748,0.0867158776561912,0.000262071899982575,1.75247376387927e-05
0.00954976026320588,0.000509202120413796,0.000907234544299623,0.000115663378817182,0.0017108012027037,0.000681039133404411,0.000294297150418677,4.76213362977508e-05,0.00021469581245766,0.00473389200199709,0.00323492667473903,0.00164399842082845,0.00666359163030897,0.00112436518627654,1.16414400266968e-05,0.00309559043655967,0.000299874049433347,0.00491926384849084,0.00140047357005162,8.52967812895705e-05,6.6823380685085e-05,1.61356117681216e-05,0.00113001357735135,0.000797733655971068,0.00101673942892822,0.00282938393914392,6.72626033597852e-05,0.000727510956218015,0.0541690278723443,0.0166040688845731,0.000423527225214339,0.00449073466309751,0.000243302053761342,0.55690349763154,0.000350891075155774,0.002111319477267,2.40685689847271e-05,6.39714130972261e-05,0.000636818629767821,6.06270714316575e-05,0.133726380443434,0.000125444279882563,0.00111967289711785,0.000794333181674817,0.000632561609932369,5.64348350838742e-05,0.000220191452629219,6.65064199957061e-05,0.0121258858150938,0.00077931082625202,0.00163338947615041,4.730438503874e-05,0.000890641167628962,0.000619365806992151,0.000819857065746624,0.000980005470649479,0.000159023099781108,0.000127152819067806,0.000132880223198445,0.019293386787635,0.000189732981415414,0.0010247321672536,0.00117150425347319,0.000635866145227866,0.00600001849002202,3.32626052867042e-05,0.0014684955748299,0.00316483203912404,7.9361494065825e-05,0.000136041013186779,0.000768989746573102,2.09011902051561e-05,0.000285290670381728,0.00169030136111809,6.20977307337435e-05,0.0113156117538622,0.00129194101808929,0.000713536000372415,0.00824768129466908,0.0106287780868184,0.000640386324923867,0.000297942711462036,0.000610942469797496,0.000972001452787499,0.0250384682863767,0.0235689334770152,0.000448026786806685,0.000244192076128495,7.32751267125551e-05,0.00186695608800542,0.000433549083214994,0.013128685025867,0.000125815517553819,0.000188411136499991,0.00383792006146419,0.000883430000029478,0.0063679119290525,0.000606582541815514,0.0132867277108369,0.000124451812274633
0.00682678000989443,5.6860289720204e-05,0.000230358814506597,4.17183895302271e-05,0.000765190881242009,0.000308421942182254,0.00142760434889193,0.000190214461776394,0.000663867231146426,0.00342208092316598,0.0016562278759456,0.000552651498207171,0.0016050939330027,0.000554143568155065,4.26293034620673e-05,0.0136107660176216,0.000321140284248935,0.00130537432120502,0.00298269244582753,0.000140013150282964,0.000230614025854211,3.43983453906648e-05,0.000979783546320439,0.000823060959573425,0.00279563318803798,0.00494796061960883,0.000293442254015228,0.00182735011473565,0.00122190086153471,0.000691498706039417,0.00154418966699391,0.0369733414451746,0.00425262634830266,0.00309219476127683,0.201826220484001,0.00140317312763394,0.000145825176630361,3.86711774189505e-05,0.0291816606248572,0.000536386618800551,0.00708361887851774,0.00489545288898491,0.00444285866712298,0.000486801924436295,0.000235011151568815,0.000461657551220914,0.000297890192974657,0.000211952250672335,0.00108154498128038,0.000416443638654342,0.0292013731095922,0.000418444527913218,0.00233738532222365,0.00376986073297294,0.000373235949216532,0.000441758799141695,0.000190784744304295,0.000101059905110978,0.000787823747983548,0.00389168748161525,0.000319269139918613,0.000216917024476913,0.00252260905578038,0.0403431012907317,0.0105724137177287,0.000716220835427561,0.00551669535938214,0.00966075802433813,0.000213083091590729,0.00077389513859392,0.0030085647288065,0.000211778858421111,0.00278163369803415,0.00760445575060177,6.88918882780943e-05,0.00247570643025881,0.000537949304234563,0.000986722005088675,0.000414751461266509,0.00103825424671041,0.000225865796440346,0.0010993744150957,0.000110453175214488,0.000198072480333844,0.000321484976260632,0.00101716971856502,0.000308133273373884,0.000265167446341991,0.000302803611124876,0.000387308730756446,0.0484267320410188,0.433085924828593,0.00689245038059105,0.000494475813319109,0.00246578306520684,0.00667059856450514,0.000637804541020569,0.0158940318883671,0.000241096988851347,0.00030118902762697
0.0012571218861604,0.000952948673333408,0.000127699434703019,0.00147225171483969,0.000667149867674002,0.000866927991108272,7.81748596264543e-05,4.20698458949409e-06,0.000147984557190095,0.0063788411526259,0.00392315864544766,0.00545651918819184,0.0166265886094572,0.00479109091979147,5.58386246347902e-06,0.000491776110191993,3.59207446819443e-05,0.0252299525878279,0.000354680454426569,0.000180486256964471,1.79535387595912e-05,5.78949549499506e-05,0.057686601101148,0.00113942428627615,0.000239348517096615,0.00105762615228427,6.55070222588376e-05,0.000372132374757602,0.00223209551598164,0.0005497530593562,0.000119254330690598,0.0012623415548803,6.0079951449706e-05,0.00229850648623917,7.41394491627032e-05,0.535377189533213,4.35042896397715e-06,0.000168290773922089,0.000196214979755077,2.74236906382499e-05,0.00394544247568172,6.48527562765302e-05,0.000385502119753393,0.00121510462481888,0.00228328308385538,2.00710034342883e-05,0.000121864238791442,3.57707117822475e-05,0.0127020663914594,0.0013705914847172,0.000623907434128721,2.2629261580489e-05,0.000219528570936013,0.000122810027735649,0.0512363671293801,0.00206857048525115,0.000215056242720252,0.000187368905829463,3.79935544573735e-05,0.201405342657971,0.000394595306859657,0.000333509099416596,0.000636378618643525,0.00030648632839929,0.0035651101471552,1.30286925318869e-05,0.000881463992422022,0.0012382542959311,1.58640479837854e-05,4.13031917100514e-05,0.000513949298810483,2.69627499184269e-06,9.23053058280608e-05,0.000862467380079478,0.000587419926879211,0.00131873009590406,0.000606245397432049,0.000727348550980892,0.000301182774915006,0.00477978453905715,0.00445915351436247,4.19578399423188e-05,0.000769479347968983,0.00189812662943314,0.000197230680795069,0.00085296412202529,0.000842351129976994,0.000627047129898214,2.99884582014267e-05,0.0119598950922073,0.00010068398578503,0.00440045238324414,3.37384712758973e-05,6.60254687846989e-05,0.00392271520754398,0.000288148101990026,0.00111702811428321,0.00031424614533425,0.000360666848708149,0.000160662698668543
0.00355777111622654,4.77182831594359e-05,0,0.000486808297747696,0,0,0.00754123140139857,0.014727918339499,0,0.000484726776742283,0.000762835408689497,0.000427068239328774,0.000123109012572074,0,0.0219367457732304,0.00352634759707915,3.59498082082459e-05,0.000593909126418678,0.000205031547441682,0.000238591415797179,0.0965665110311648,0.000218050283245487,7.53907294126377e-05,0.000155567707784174,0.00189151948060587,0.00204898183259733,0.0203485877350087,0.0343601625682888,0.00022442663173984,0.000313982145209817,0.00070300881189603,0.00551436986791069,0.0067031885562554,0.0013493712260695,0.00166054830490226,0.000205031547441682,0.211914776663684,0,0.00127212435830631,0.000559203209809646,0.0015434758021417,0.0124612359609936,0.00085504053157392,0.000852644222467771,0,0.122640760803771,0,0.000687593766986077,0.000612808915071377,0.000680468822537968,0.00360448930865302,0.000123109012572074,0.000827114785012421,0.00308084907017417,3.59498082082459e-05,0.000403035993780935,0.000297081213363488,0,0.0125093941309231,0.0014260923854559,7.53907294126377e-05,0,0.00183917818102019,0.00918654623047784,0.00336115832453618,0.00965537574994591,0.00375285755535351,0.0020783518028308,0.000600389687512111,0.233142910378679,0.000643785597522603,0.0454419057701512,8.54136478657547e-05,0.0423567454684851,0,0.000254495387099191,0.00319111778584076,0.00103996053536703,0.000155567707784174,0.000397193446788778,0,0.000298722557262481,0,0,0.000159058820780319,0.000198499741984711,0.000143154849478308,0,0.00239603348623492,0.00150309725788193,0.00230147021532669,0.0189767329627797,0.00197714686138095,0.00382933634740931,7.53907294126377e-05,0.00535097315006039,0.000150781458825275,0.00191182992279154,4.77182831594359e-05,0
0.00254271526127245,0.000692802261292995,0.000148112286670036,0.00010519338541906,0.000803968980911537,0.000876573043004693,9.87415244466909e-05,0,0.000167467869587143,0.00226087359977852,0.0846308428671494,0.00502207247775315,0.00360034193396808,0.00136025360423846,0,0.00305743405905104,0,0.00448005565268907,0.000884245579414959,0.173469995298568,0,0.0174708840066201,0.00189510902863244,0.000801453375881329,0.00241093888857337,0.000377854640425263,0.000205711509263939,0.000942532733354777,0.00226096749788913,0.00158114046254142,0.000545322510012407,0.00354779199387429,4.93707622233455e-05,0.00188114924760271,5.58226231957145e-05,0.00413424423360752,0,0.250590702572313,4.81606945217929e-05,0,0.00261927954493432,0,0.00153260967588493,0.067005515719657,0.0221957528562564,0,0,0.000390758362370001,0.0032104526202201,0.0833337119731074,0.00373457144391667,0,0.000209176703136567,0.00010285575463197,0.00369182305220545,0.00481012283376023,0.0414355150076434,0.00324190770151536,0.000148112286670036,0.0122204882545071,0.00110228367119066,4.93707622233455e-05,0,0.000529767639739722,0.00139556557989286,0,0.00021038677083812,0.00161968033307762,0,0,0.000725694101544288,0,0.000923523669824933,0.00025733739765836,0.000708692650337474,0.000796208046698398,4.81606945217929e-05,0.000649074814805072,0.000223290492782858,0.00104961272432671,0.00174988440352293,0.000334935739174287,0.000240803472608964,0.000497821852418734,0.000411901545300766,0.00221562846123505,0.125839733167993,0.00325865103113779,0,0.0026112820974886,0.000275438517532916,0.0208534278979571,0.0001521440122393,4.93707622233455e-05,0.00202919553057994,0.00390204481381154,0.000447158517877821,4.81606945217929e-05,0.00046772416849648,0.00144254370825177
0.0184940036496303,0.00045423175377683,5.64015276938027e-05,3.28005923297209e-05,0.000537293713933314,0.000610592821008237,0.000854168012228406,0.000202848616227094,0.000889233456198889,0.0034491143274883,0.00163312878108156,0.000957323037455408,0.00197160818481164,0.000451553861255073,4.50705931226255e-05,0.0114053201557127,0.00108766855209616,0.00199571695080624,0.00442273156888749,0.000136792283641344,3.0257986111477e-05,8.99478700090085e-05,0.000255587977391528,0.000891562160324683,0.00198184868303479,0.00412351327368476,9.02909573443478e-05,0.00127528243440886,0.00189661793473056,0.00075763917618256,0.00143451918232742,0.153054210742644,0.000846914375083304,0.00392336537501629,0.0391266179004946,0.000793894054285995,0.000138391201056057,1.25683515093054e-05,0.207271946776894,0.000252817022134378,0.00931277919965873,0.00167001578845159,0.00433915677790253,0.000429370047468848,0.000296063556834199,0.000171099599080026,0.000306623968093704,0.000152823825008258,0.000817336175891147,0.000422142405979859,0.0136751033994292,0.000180834337304365,0.00242154073023825,0.00252722068465309,5.82998439613423e-05,0.00072048712178436,6.27321004845656e-05,5.19365213485447e-05,0.000491118721810021,0.00514767327721786,4.66792246363244e-05,0.00012353385742597,0.000989907441736626,0.00344092443042646,0.0122333973977568,0.000519718471340873,0.00259011326929018,0.0257488288860745,8.72107560727294e-05,0.000479731911687221,0.00185951048835177,0.000101677423849574,0.0268959401254325,0.00535954843484458,3.64113831093251e-05,0.00241932978647579,0.000392391633011169,0.00128955939675626,0.000916004471080012,0.00197106428365601,0.000312785887708745,0.00132433567124612,0.000213338818535903,0.000207123606605031,0.000536399240547596,0.00154259843618614,0.000368331296091398,0.000239925859351924,0.000167261174063079,0.000638632242249395,0.0814457408267203,0.296833216830982,0.00631555769542469,0.000393980369929378,0.00225575630014953,0.00394595965375501,0.00094824375642473,0.00294524145056892,0.000475396121432985,0.000198937732358523
0.0017647618052774,4.84182409344606e-05,0.000307238673283457,0.00012264919983351,0.000120029240148975,0.000671655538573518,0.0149360866446289,0.00126728579150464,0.00132877743518989,0.00186858847083983,0.000972973578599342,0.000211549737156414,0.00118989530102213,0.000252854529046845,0.000109074210679407,0.0331898296884267,0.000275911951688744,0.000237280075954975,0.000753711340462139,0.00026183776949808,0.00175457676148011,3.46010880286214e-05,0.000245897655527378,0.000328169396592737,0.0189849790580535,0.00614005535396652,0.000196169983354873,0.00135113520889088,0.000318098713150503,0.000343392574869715,0.00771171112798366,0.00472916918727411,0.0117535253323519,0.000877435108246849,0.00152022403964477,0.000333785657463548,0.000250412059490271,0,0.000558189295996889,0.128296771009568,0.0015750379613244,0.0024660347201324,0.00275234702113988,0.000120529232963949,0.000196869538789355,0.00119426435023222,0.000315398596569809,0.000531674260179095,0.00604089679008191,0.000294039143288493,0.019877940190024,0.00300734747702798,0.00134077043677978,0.139083451672207,8.29980283969679e-05,0.000533242049686989,0.00026923803459907,0.000151060251633508,0.00439223843402851,0.00613330921708511,5.07016978307594e-05,0.000229908025922274,0.00076695581521861,0.0126607574357716,0.00827203001206505,0.000546249052924029,0.0214245959154453,0.00143401261299664,0.00159891066753608,0.00161021139127714,0.00249031595295844,0.000159522738852509,0.0014914430316386,0.283876718059319,1.00706834422339e-05,0.00123639056230068,0.000103928630346837,0.00108653232390532,0.000307777297186323,0.000509494919628379,0.000221146773718085,0.00253320733710746,0.00018305930038569,0.000102475526477007,0.000136967117479756,0.000455319954252467,7.36838875853841e-05,7.63042332326353e-05,0.000366331391566678,0.000196333473381611,0.000975487189639443,0.0409479156065891,0.000785151154106585,0.00174967710107252,0.000833169701800196,0.121564619050502,0.00163561461971007,0.0511742032156459,8.60593284900308e-05,5.93519698379147e-05
0.0487089391037032,0.000272736439459455,0.000484916270776743,0.000198091243489473,0.00119466045827236,0.000479323906659077,0.000360519190803908,5.75510587474637e-05,0.000389628337425574,0.00534835613388339,0.00319342573485069,0.00114153673858249,0.00689412910685895,0.000653111504396723,4.51967587965389e-05,0.00286036536579703,0.0014467507395971,0.00314710341700886,0.00356358993007481,7.8820906407874e-05,9.96854858492833e-05,1.71271441517293e-05,0.000930954147646068,0.00106624903467653,0.00119012672748356,0.00484322967535553,9.16270643096855e-05,0.000654896631740425,0.031527899108888,0.00299446341242053,0.000655383489216729,0.00895549066627588,0.000404474134430396,0.0741448089405889,0.000446003178418506,0.00251975539778378,3.31399055392366e-05,3.86340042817188e-05,0.00099664626551968,0.000101527816899789,0.604987841574908,0.000289122874117403,0.00203862395104252,0.000702101819281418,0.000700332378961645,0.000182378482431612,0.000350701119391562,8.28948970825618e-05,0.0041314957438078,0.000828017165471342,0.0024711455219659,5.47207667974737e-05,0.0019453096171962,0.00084823472601999,0.000807857143057423,0.00083866708431384,0.000157259149159818,0.000120352125570555,0.000181862210684284,0.0198815797104587,0.000165356889468609,0.00177601789651632,0.00211353050317054,0.000971065956962517,0.00798995747738708,0.000110396462481616,0.00186216552383769,0.00693144620639427,0.000131518929213619,0.000353517540590523,0.00118504686439801,6.16753668782165e-05,0.000953469383838776,0.00254358393352667,9.07784283482685e-05,0.0388456856032574,0.00171984077767943,0.000955895880993098,0.0225829873075818,0.0064258720316719,0.000509379247668354,0.000439280401743927,0.000801157007894904,0.00128226495557673,0.00410704144305901,0.0043831537635502,0.000337596156339354,0.000292675870677963,8.37505784932281e-05,0.00252250445967252,0.000890919010277864,0.0230640642484993,0.000246481439605232,0.000179324701711628,0.00295313422445033,0.00148584522572854,0.00215346129073144,0.000936456060809127,0.00163097092801813,9.93573825082578e-05
0.00274867436684201,0.000134286650594234,0.000127398111411069,2.99716912143791e-05,0.000469649790945051,0.000435188873931514,0.00324695583912398,0.00440881314179926,0.00080843207640993,0.00241088909882527,0.000694594865630876,0.000793978989757107,0.00167639610277429,0.000249126299418954,0.00043966638351003,0.00711235891611862,0.000151453190021571,0.00156481849896054,0.00108889514738431,5.91255635810782e-06,0.000693107391334573,0,0.000180752500284646,0.00138886896536282,0.00267488606735695,0.00643872426919045,0.00129810109305361,0.00788864781426768,0.00102388056791426,0.00036110521349735,0.00096267934119174,0.0104439530864513,0.0417163840477741,0.00310759227361429,0.00971971476983202,0.00207730465305233,0.00149634558307224,0,0.00438054033698684,0.000515768044619267,0.00484710706866651,0.447729872813022,0.0025307332847052,0.000340118607191466,4.82811553072335e-05,0.0114926188608155,0.000585841311105312,0.000190682904512622,0.0003516160202211,0.000260561237141386,0.0117627221104509,0.000218415205974039,0.00166006199636242,0.00211532647492801,0.000272544513834979,0.000476305208025352,1.20295674281356e-05,3.81976532080088e-05,0.0064841551868577,0.00402217742250106,2.03761805276831e-05,0.000143390113622632,0.000972397843587802,0.121492802030556,0.00843524624228686,0.0524045158908833,0.00329013432687629,0.00389105580430628,0.000138629925164669,0.00337636857714023,0.0014661826529532,0.000596050415586978,0.000906928087565454,0.0462406376601002,8.14215838762741e-06,0.000960043285171433,0.000193329075940854,0.00186512925380714,0.000263050919824144,0.000982474827206451,3.25686335505097e-05,0.000840578983232079,0.000157959045342294,0.000224909000585305,6.27863485940379e-05,0.000571818438569042,7.71715561464686e-05,3.25686335505097e-05,0.000780799948775038,0.000834675762080747,0.00999082476382326,0.0637615096436274,0.0217415282800751,0.00110492788449803,0.00163682654346544,0.00621516894040488,0.000641043978096585,0.0230291453745746,0.000211117757367034,0
0.00329105796678653,0.000166518500720159,0.000195747047340656,0.000294172490580521,0.00100438590321005,0.00037799677291838,0.000848091708432935,0.000175742764434429,0.00377414962595051,0.00754347504104988,0.00107840211752705,0.000965248638560915,0.00227022715353726,0.000363339344504544,4.6351945978251e-05,0.00592301481423334,0.000101439334808951,0.00155716483635346,0.0111967587855238,4.35411170155991e-05,0.000194571125442264,1.47042894071418e-05,0.000355916281421965,0.00250714476380627,0.00173541861115848,0.15212945326392,8.58334702499553e-05,0.000545843540192384,0.00145662308695954,0.000582161491873695,0.00331983653614536,0.0144907184808668,0.000683610342705855,0.00292148777042741,0.00214566043715171,0.000865198677813223,6.10192805858213e-05,9.06170882436574e-05,0.00115925822020199,0.000310617339933917,0.00783706979617688,0.000864268664212052,0.276312287672289,0.000782046462947377,0.000326227132062062,8.9940023843084e-05,0.00407080569034955,0.000207018529071657,0.00106413731030046,0.000550757543315792,0.0615808323880912,9.05177368528364e-05,0.065151489715558,0.00194689347866723,0.00015933119199844,0.00054139449583879,0.000151113217400873,4.34132638515222e-05,0.000332624314268609,0.00485164245274898,0.00018403891075127,0.00118685722355851,0.0221621570442176,0.00300187406071428,0.0153623455743616,0.000256059635547443,0.00774454196650734,0.00571054903145912,0.000356866176494584,0.000334161187345325,0.00591359056839363,9.23311539751093e-05,0.000501568304746423,0.00406382664730718,2.70106358101825e-05,0.00420313332397317,0.00222013458120212,0.00542252443700604,0.00052186214303492,0.00120413943511213,0.000130451560367449,0.0150699610895185,0.00109903853248066,0.00154363690440789,0.00029449332938866,0.00151349541185471,0.000385315524329194,0.000221022138803832,6.71660822050161e-05,0.000949749424496884,0.00102834993774414,0.230069608305146,0.000381581326436942,0.000204878183463187,0.00148767054401984,0.00692832413248679,0.000583176560978927,0.00328448644590243,0.000372668850500851,8.90225861310732e-05
0.00305649642238624,0.000342726056855017,1.81235129627324e-05,0.000244570624520004,0.000569568235811807,0.000739410560123791,0.000363588484682799,2.18314244408119e-05,0.000332205113939314,0.00205494302494806,0.267226213654071,0.00665972016110082,0.00381522768892755,0.00296015136228184,3.70470753827686e-06,0.000759487431268786,8.11201926437766e-06,0.00797097192531998,0.000365134076003963,0.00412433775891412,4.80733645475272e-06,0.00526128265323717,0.00415597315440081,0.000535493102054592,0.000820123216422151,0.00172490492719699,0.00012397872014836,0.000833464556593566,0.0023215642436615,0.00188156638756187,0.000387338158086522,0.00131171182748069,0.000270537712837763,0.00346232022229296,0.000298158402287666,0.00602673956398039,4.80733645475272e-06,0.00283288780194826,0.000363998472903746,6.02837081992284e-05,0.00539702680486731,5.94836587419245e-05,0.000561844854080116,0.429859476385937,0.0435583370962855,3.24176838926714e-05,0.000114657451027228,0.000185551452682047,0.00385368627514241,0.0547041954195555,0.00138185617122656,3.68281995585748e-05,0.00031457713069756,0.000551352875766008,0.0023696755238651,0.00877267972819532,0.0184119011265115,0.00614142702548639,0.000345052651856537,0.0106462301400458,0.00289246333381133,0.000299851910042805,0.000990776197667605,0.000749703188398186,0.00215302975489439,1.96261666078602e-05,0.000987453790372602,0.00126163786344875,0.000125169182514908,0.000103156119442956,0.000402725973085279,1.70240879860592e-05,7.76039677648543e-05,0.00266248032080665,0.00146332989137494,0.00209374331729422,0.00123554650538617,0.000908239546581752,0.000147310662274431,0.00213725161065339,0.00409277509101676,0.000116465888071331,0.000187666888069276,0.00100190405300651,0.000296730694818949,0.00191580541473403,0.0188415189209892,0.0112704582161436,5.37516383353514e-05,0.00206872300757912,0.000293407014950874,0.0112447204421747,5.28742931226746e-05,6.42783572993349e-05,0.00130840527590836,0.000439359771831575,0.00120170312799706,0.00040745062516649,0.000357979372112682,0.0024391751112772
0.00115584881195848,0.000381727400111497,0.000100143235010824,0.000232710555545737,0.000657704439778864,0.000982793749629244,0.000135081591617551,3.20034943492531e-05,0.000174504594530515,0.0020987027915196,0.266969371163021,0.00648600769499468,0.00192648039136292,0.00240503784771211,8.89430737408235e-06,0.00077169154133194,3.7208960730634e-05,0.00598653032396698,0.000385014112077818,0.00155940667027516,5.37571133438764e-06,0.0004134290912824,0.0109135575852335,0.000258803823531846,0.000493110890556086,0.00199117837383257,5.46673277690516e-05,0.000760299852825581,0.0012278050669164,0.000865387776996995,0.000257077491375242,0.00191891452846537,5.84431674625949e-05,0.00379889060684481,0.000176548504482036,0.00607438967048868,6.58667863923899e-06,0.000878390344032327,0.000207698968431141,3.08916855188427e-05,0.00273233709243148,0.00013968853908642,0.000227684266201631,0.0195704891577376,0.497711356847823,0,0.000234720125495454,7.45594217879468e-05,0.00313562464690593,0.00843084689967044,0.000608604995939897,2.4012818681372e-05,0.000161741183678875,0.000183900164521907,0.00171233764848258,0.00842573653553666,0.00379294089001334,0.00381885541788283,8.61052028325292e-05,0.0121650283326598,0.0017840401582047,0.000191973683890221,0.000862604658692428,0.000316762813105696,0.00188791553566052,1.59492516797906e-05,0.000485512499917332,0.00190157391523567,5.84899043777529e-05,7.72184054884995e-05,0.000383404299115617,1.03575985105152e-05,0.000156005387285356,0.00103889399759056,0.013117574592621,0.000760158409671396,0.000469329245245971,0.000368942677090291,0.00030394335123369,0.00121620778135822,0.0216302453979948,0.000125641216906449,0.000212893325337596,0.000473359782369919,0.000171274144410841,0.00071655519111485,0.00224916280802214,0.0471255939621026,3.48345278579473e-05,0.00259195666460383,0.000236280317932438,0.00614572931230845,3.54170993992759e-05,0.000131201300311798,0.00244293754891122,0.000350437043052719,0.000679840718442271,0.000272821483259827,0.000303678984703426,0.0025483999946949
0.0044769372111258,0,0,4.02278824987502e-05,0,0.000328991540050655,0.0104787379223083,0.0610450672909923,0.000146080389790135,0.00158223032732307,0.00161503074768529,0.00062050303123478,0.00132359339422724,8.76157694542738e-05,0.00279751336055722,0.00447232583980218,0.000180156864693886,0.000529329400876863,0.00114371524833849,7.67013581729724e-05,0.0241854015949447,0,0.000160911529995001,0.000286553334337688,0.00531675586116654,0.00562534537276345,0.00488798477446785,0.0200264468881848,0.00106095610704316,0.00059370757622186,0.00135176555157777,0.00518333246443474,0.0102304168466815,0.00241484961848789,0.00146421132874005,0.000567312736339548,0.0365896120054854,0,0.000754791927589243,0.000614448474079628,0.00500575042153768,0.0375354594006202,0.00159554857223527,0.00035713611597676,6.03418237481252e-05,0.359066126460442,7.63438829138011e-05,0.000285619065665,0.000681844976240799,0.000340776581551912,0.00325353529932227,0.000231494311634072,0.000618211546971045,0.0023062824895514,5.84646203358613e-05,0.0014784566285385,0,0,0.0228081625087688,0.00518046646040965,5.8302298236825e-05,0,0.000288755181948025,0.0257822217934566,0.00464567897300072,0.0605206878689565,0.00244262944584868,0.00239426420986873,0.000363068205417414,0.034379491348678,0.000241018485800219,0.00662100111828603,0.000515845798361424,0.144399163052439,0,0.000388164468507436,0.000151005715575473,0.00106485613474166,0.000152525443728566,0.00130490935401455,0.000174906894710475,0.000470756418993075,0.0032347981199302,5.8302298236825e-05,7.67013581729724e-05,0.00369442276173346,0,0,0.00178489933633454,0.000120334838303968,0.00049567486105674,0.0355669441413738,0.00154373282506487,0.00769030561182387,0.000456643264810751,0.00196804852964393,0.000153240394246908,0.00348051211408806,5.8302298236825e-05,5.8302298236825e-05
0.00247345094324251,1.4843907877426e-05,0.000199907075537162,0.002375644164268,0.000407707584090235,0.000390604179580339,0.00026912011541167,3.96836807611858e-05,0.0062863688714546,0.00928482637408915,0.00144756075963957,0.0015351050740527,0.0022244900149346,0.000358782318026865,6.87636311736956e-05,0.000597478690753227,8.67304121321882e-05,0.00167239417537607,0.00434324162865276,8.07245857101553e-05,3.80229752053277e-05,0,0.000935583968579027,0.00525089479663726,0.000474560146294185,0.436174987253025,0.000116461315380344,0.000778821150450437,0.00104998225758553,0.000653787139800124,0.00120638879254045,0.00420651659302319,0.000379183204470746,0.0023266279833534,0.000641276754084135,0.00100315587206193,2.16519485394561e-05,3.1493283477624e-05,0.00046606765964203,4.87821560913495e-05,0.00600846871878559,0.000453268894530833,0.0199378197754051,0.000449795806437641,0.000477846623709147,0.00010526925549183,0.163919692502798,0.000140926345138821,0.000915983531617167,0.00068396746724786,0.0079233401225466,6.55855747306439e-05,0.0139595402983542,0.000561083471249255,0.000354263059838075,0.00110396549430598,0.000167394235712101,2.77283049929836e-05,0.000252545214279317,0.0108296304089054,0.00025616268705249,0.0027576134229967,0.0984478594307849,0.00108153401095194,0.00933190685980577,0.000187327811984572,0.00221933800905153,0.00338281271624946,1.65046134332841e-05,0.00115904058150661,0.00125447734174296,7.80059482015933e-05,0.000254434908872418,0.00194193943932019,0.000166439179324804,0.00326722955775682,0.0119155273849275,0.0734146338091271,0.000523126630335974,0.000951785814506964,0.000356728761268676,0.00383533209891736,0.0275229758673415,0.00191633956326738,0.00028480720366142,0.000553087218489769,0.000347814209025365,0.000447476483642876,7.61795371780679e-05,0.00279463785660729,0.000343430641101978,0.0252679545664003,0.000129666381471845,0.000171070122420882,0.00104875858443919,0.00173442502330604,0.000543154938490905,0.00127735587010441,0.000227394973760976,0.000213921398088345
0.00735628156751451,0.000372581130625285,0.000595271743366289,0.0012567861536903,0.00619083384790014,0.00028589273705861,0.170178733896525,0.00440823384278612,0.00138521810305712,0.00714688286059864,0.00934681810413468,0.000303854589463399,0.00237655943859627,0.00167866707921281,0.00158999316473773,0.0374297459200485,9.32779167157672e-05,0.00307599535150988,0.00223602942147723,0,0.00971499508245084,0.000231786108463178,0.000254980977395195,0.00113035173902768,0.0253035379119446,0.00974691144098038,0.00675271986658808,0.0498648999116598,0.00908016322490169,0.00111817553775681,0.00117296142812049,0.00749418100181354,0.00416806806790805,0.0170500438005018,0.00180114658737559,0.00302374367052401,0.00111472301838197,0,0.000986811608371756,0.00219376743092703,0.0274884144324458,0.00466664304888874,0.00407353185954336,0.00404467165281927,0.00310684484989581,0.00425672961781957,0.0005712428363917,0.0899485331355707,0.00233630497963146,0.000341665337132624,0.0101532188040875,0.000936856754681755,0.00359740759369075,0.00488606415533395,0.001301351373048,0.000379576579765237,8.94194713500685e-05,0.000186003198824838,0.0181062762071254,0.00537366957613996,3.31123012090254e-05,0.00374021821509673,0.0038272522902914,0.0135645690930264,0.0187146313248832,0.000920327700886742,0.013588860198902,0.00510115503377557,0.00384142225551305,0.0189555829949287,0.00387364246661513,0.00615647974112694,0.000691855470841059,0.141408568467337,9.32779167157672e-05,0.00511200445599228,0.000277084607824241,0.00122039820774967,0.00655162260487651,0.00406322674119904,0,0.000189039707635703,0,0.00469731181418605,0.00183876029125534,0.00177595812987667,0.000154000200658451,9.32779167157672e-05,0.0075047270099174,0.00188140637250331,0.000721123357394806,0.0723259162119455,0.000186003198824838,0.024577296589848,0.00518133563308136,0.00804413784742596,0.00752270262995679,0.0159032668349362,0.000312393416749631,0
0.00267896778694452,0.0141646821959257,0.000990022330784239,0.00125323719099997,0.00185955663567341,0.00106104307671825,0.000173352280796094,2.56487515458211e-05,0.000135899919329923,0.00459167147092582,0.00509684421147791,0.00633079329681311,0.0430008083047069,0.00604426000768993,1.69923549504545e-05,0.0013487597486496,8.25877466413649e-05,0.0650844794635639,0.000519217596534014,0.00021410386445559,8.9258919489e-05,5.46611590375315e-05,0.00382586652610439,0.00100391378046165,0.000459414782986067,0.00146847227947584,0.000111494840677355,0.000605428445148552,0.00564132956753676,0.0120295342660192,0.000252992836751497,0.00194284158012025,0.000123914466352128,0.0208248922889058,0.000238696461078213,0.0136676120252716,2.36260879186468e-05,0.000121676352165729,0.000296888991954955,3.65282443206885e-05,0.00957327703752055,7.20918364641743e-05,0.00063813336913144,0.00154337564212959,0.00087205406694728,6.70912151436816e-05,0.000229904101838562,7.69144750885376e-05,0.466520414668417,0.00136930367842022,0.00101248222549756,2.18972993858528e-05,0.000391021293505921,0.000233305654256328,0.017865004788349,0.00226222834660557,0.000361023646071349,0.000272179347344478,0.000164936666248789,0.164819373171941,0.000271505589706993,0.000572893734208855,0.000783674752663873,0.00039356093418617,0.00485287140406819,2.09359720000723e-05,0.00121678920501015,0.00193893244427998,3.04014244295474e-05,0.000158217219509501,0.000667839319714629,3.35770229783402e-05,0.000278420387371143,0.00144766185044571,0.000201861562492405,0.00221543038184764,0.000968086604385058,0.000529098205629542,0.000758213519724076,0.0382933367333653,0.0012096562918721,0.000128309261015486,0.000775754678825013,0.00235915150412558,0.000886851434500271,0.00835769336059716,0.000685637073367248,0.000443287160524282,4.42250387039568e-05,0.00762897949544471,0.000238683426837794,0.00780868667686114,5.43674805381108e-05,6.95321635327246e-05,0.00695746256061678,0.000556450389758786,0.013160061848951,0.000283136327544421,0.0066650365646628,0.000195744326494318
0.00589850813520911,0.00180756461820774,0.000245652130229062,0.000355221813117043,0.000659056560956227,0.00170225002034134,0.00108881784230783,1.83318072014012e-05,0.00043126746271993,0.00315469690033479,0.109056547233183,0.0110473151432332,0.00803490588768495,0.00583346226237547,2.85373531486512e-05,0.00172328762612692,0.000121358441939589,0.0167487234918071,0.00195131839764623,0.0133223327550022,1.12673675625863e-05,0.00634449270136033,0.00779759568104419,0.00093233128281069,0.00242404200579395,0.00687982752012156,0.000110295168918734,0.000461890223060807,0.00443626546518749,0.0026108836653916,0.000848764635556459,0.00409984790743559,0.000467611543560855,0.0123378957952842,0.00139087743997103,0.01045804564401,1.020554594725e-05,0.00704870494721562,0.000674815679443078,0.0001211688711222,0.0159422822443184,0.000308750176675114,0.00351774816568491,0.104852512668287,0.028525857673853,1.020554594725e-05,0.000536779744264298,0.000110066343260068,0.0139795679164267,0.26483567800114,0.00547049951555818,0.000172401187906446,0.00328168030913028,0.00075353411839512,0.00484273236533373,0.00747738341644842,0.0697285048982794,0.00195565987381155,9.87355299174651e-05,0.0372629423017913,0.00101680638209531,0.000549691923365597,0.00271929317709822,0.00122972107702516,0.00550986450154921,1.81473400803085e-05,0.00424889271309613,0.00332774169111983,6.72358937069789e-05,0.000278918283446547,0.00172782407718576,0.000101996494815134,0.000899528950148376,0.00203914146442505,0.00153738065818604,0.00277880354952586,0.000854226022674054,0.00145158776429014,0.00130028142908176,0.00626537659404566,0.00503268284886564,0.00162463292490205,0.000661921410950747,0.00357248142468005,0.00132840323292739,0.00419546292193598,0.054224312210147,0.0203862145408442,2.39654909826943e-05,0.0112595008118109,0.000678452481486349,0.0307587607577726,0.000180671546360501,9.21181583494853e-05,0.00346696622328822,0.00200776200059865,0.00224642703423119,0.000739143773622938,0.00165614756346151,0.00158200568582134
0.00535733355516129,0.000172792812257983,0.000173648892242566,0.000186741773088397,0.00111294073060674,0.000388799614351455,0.00234478633642393,0.00027785180672448,0.00251577142495413,0.00573959555724834,0.00191478108397619,0.000671350735369389,0.00170112981478002,0.000750193710176974,7.80587319920757e-05,0.0150849302943566,0.000309381002975321,0.001868809199348,0.00447325186059491,8.94283582898861e-05,0.000189786094940181,2.08020343268533e-05,0.000513683986471859,0.00157152269396157,0.00468564506748154,0.0181731340909666,0.000171424435272128,0.00111484083292496,0.00128879942469479,0.000644831296414005,0.00499730479141056,0.0195146621572805,0.00223225508196842,0.00325566118301657,0.00730861400415189,0.000886165498606582,6.48615734979486e-05,6.57044967256092e-05,0.0020869361810787,0.001001157306567,0.00652264828654682,0.00221874116328377,0.046458596853373,0.000636535275774659,0.000272411410756802,0.000323119697951832,0.000795907500637403,0.0001861853840955,0.00154515378317767,0.000517312703197664,0.30771592723457,0.000521218001828528,0.00430731226507149,0.00667833985127465,0.000425742789519611,0.000495425285252777,0.000143538066671511,6.2742741652155e-05,0.00083304064382931,0.005293648052258,0.000143084021332936,0.000326477584681365,0.00232018812583827,0.0107937422349413,0.0189402946477852,0.000636476010795745,0.00952205534610521,0.00645599014847606,0.00086161434075718,0.000529514037810379,0.00789833531034874,0.000115195121256498,0.000853676719364938,0.0126276109443858,5.57785385627121e-05,0.00219362324871116,0.000872700571536154,0.00342446264129863,0.00045408199699604,0.000935147186771682,0.000350211864906896,0.0110830637017237,0.000382625517806775,0.000481084196745721,0.000333079874150175,0.00103572005556211,0.000290879025078492,0.00015519417447011,0.000152951505703528,0.000910012042265858,0.00227364350382945,0.328792301247391,0.000893263858119834,0.000499904741763315,0.00278059591743285,0.0441529066353158,0.00139501995342767,0.0225455669617633,0.000506310903249243,7.26990241374046e-05
0.00204043397906999,0,0.000731889822582888,0.000142685966267346,0.000683092070989804,0.000329626687972759,0.0124340296018689,0.000498067185255735,0.0018003289229882,0.00305835200683153,0.00049743893510184,0.00011697324132995,0.000257448949215577,0.000131659923574318,0.000399525622936781,0.0535311068824558,6.20613300990741e-05,0.000175914679012385,0.000513705680142667,0,0.000100987507640737,0,8.00610405630905e-05,0.0015045836192868,0.254284424671208,0.00374000913592615,0.000241633502858893,0.00188750589616474,0.00055215928343166,0.000304172125916497,0.0281872385462199,0.00430594704046921,0.00120164228914881,0.0030759817128071,0.000398621452666542,0.000259657634695343,0.000136988501470723,0,9.84312108292791e-05,0.00670603034937018,0.00391196958081996,0.000904919551059877,0.0029569081920557,0.000172406942087774,0.000347494771378574,0.000367621955910975,0.000433017589798224,0.00024644575499303,0.000580181235397366,3.78218348017797e-05,0.0114596892366467,0.0506287291729073,0.000371994374988366,0.132938215114125,0,0.000191705703996636,4.00305202815453e-05,0.000170198256608008,0.00221018176483699,0.0011493513292781,8.31809329797295e-05,4.84789905945888e-05,0.00179285188519998,0.00421996878414975,0.0118083655057451,0.000189149407185179,0.219263447602633,0.00194645242508245,0.00800269859940357,0.00186367829421844,0.00853661313080374,0.000525384766891435,6.00457804223179e-05,0.0698138655138943,0.000132376421806229,0.000991338675240001,0.00144062847384373,0.001166309778649,0.000964829813561267,0.000613130509692744,0.00136158605286407,0.00359822448387024,0.00015479507613173,0,2.42394952972944e-05,0.00476502293832085,6.59379539239041e-05,7.56436696035593e-05,0.000158735154132731,0.00118621236933932,0.000749451355676424,0.0239742367657039,0.00039827384133485,0.000186940721705413,0.000843678034015755,0.0301126333324802,0.00037186589373407,0.00453864008584092,0.000249411171880987,0.000132376421806229
0.00768806340478624,6.21032036843514e-05,0.000353201270868067,0.000551226337772125,0.000525312453286148,0.000349161872979152,0.000512047977661321,0.000226896811165885,0.00327975990108852,0.0125849772139114,0.0011712146891925,0.000615898176927774,0.00192127416128477,0.000306737345273106,9.87197143193721e-06,0.00435016547242954,0.00019089786934012,0.00107231996070548,0.0420967773334242,0.000333439919001311,0.000135826992396252,2.65051986263425e-06,0.000416663657144774,0.00278851372413324,0.00150338347161767,0.066707846985384,9.22089325939742e-05,0.000624726891963572,0.00217234074558073,0.000640155003909795,0.0016607749367267,0.0180753799462437,0.000515513551838719,0.00504761890662858,0.00158438981255468,0.00149418765701067,1.51730111572057e-05,4.65937550904872e-05,0.00104322017493271,0.000139122057163231,0.0149415034256342,0.000683365727125545,0.0828422008366152,0.00129001889911488,0.000246463114300816,8.17530712604025e-05,0.00407430565530743,0.000127585166648557,0.00102731986155675,0.000919366577992518,0.0115397084560278,4.57531980317148e-05,0.359112646229642,0.000924792163310541,0.000682444718693784,0.000388988536622186,0.000198276715336968,7.68314185338983e-05,0.000242743986034413,0.00569021241868654,9.80335086909256e-05,0.00311684781850708,0.0828551080399832,0.00217288802550217,0.0114487850736649,0.000145543653774279,0.00497691990485488,0.010544358036711,0.00019629349908071,0.000147190931691788,0.0034957826584041,4.61060092207226e-05,0.000468181068669935,0.00316016461028199,4.00035390955256e-05,0.0111761526028863,0.00398297695645627,0.00405609287627642,0.000982514268431173,0.00122639717394279,0.000187633797918624,0.00257659794736764,0.0031984651807402,0.00234907607887839,0.000823384191746167,0.00172348636505954,0.000396499002567991,0.000104029044650417,8.81472536758113e-05,0.00107655954605213,0.0010129539864127,0.164128790423814,0.000410450687812617,0.000340385735595028,0.00230965418901496,0.00362328136250271,0.00101429690893437,0.00164953232230567,0.000553569388410289,5.29480737912614e-05
0.00162981077415769,0.000178923171975216,6.3971312252013e-05,5.25482343469768e-05,0.00023142579052067,0.000278728720091795,0.0100478218479275,0.00067423615645521,0.00196699068086559,0.00336138761553246,0.000801150432590986,0.000603705572996803,0.000855195431014787,0.000300422974893833,0.000155991964035044,0.037604216737302,0.000105480228077796,0.00103892925517559,0.000629425146906957,2.87399462588314e-05,0.000207589906514122,9.30790629496463e-06,0.000159689445841683,0.000979537763873538,0.0482300404134626,0.00608093105255962,0.000170749656136104,0.000760790533610096,0.000701676744262988,0.000197437658391104,0.0304159056130818,0.00482444116706582,0.00323236340530414,0.00176862847329676,0.00173590662992639,0.000671217664949091,0.000155889091458637,3.49046486061174e-05,0.000249027565100748,0.025855004672081,0.00330634588407766,0.00156395739817917,0.00318372277325347,0.000605305909213009,0.000142634312224758,0.0008673381321698,0.000310218939889324,0.000198528194225907,0.000938961755162077,0.000322856842651027,0.0209865375493329,0.00892536456491355,0.00192487378038123,0.335877060275736,0.000555829741236641,0.000339343274525023,7.27299879735148e-05,2.37063482623721e-05,0.00183557885913586,0.00263419987758313,4.34712850862476e-05,8.44268558037024e-05,0.000835695726742656,0.0066531049075605,0.0123373181356021,0.000356177834095024,0.0543432058858216,0.00153271894434612,0.00314845098602068,0.000627221538877481,0.006559490025396,0.000138268987101315,0.00033485046325419,0.156655401976743,2.4399737900792e-05,0.000822277427731665,0.000287201452515587,0.00149666835635854,0.000464210224386254,0.000697148509945906,0.000111415001257498,0.00636133169747871,0.000221344075527765,0.000209575023844304,0.000269115518991742,0.000491005738424756,0.000299103332184768,0.000118745819855198,0.000116167497668415,0.000196450912542047,0.000927678074384555,0.0354837649424902,0.000229151222873128,0.000584185808449543,0.0006109559786715,0.121608578548545,0.000231323850694897,0.0126442819874916,0.00016310757190196,1.57717301109123e-05
0.00156217160574302,0.0041608561868124,0.000296329763085414,0.00181635345592102,0.00144029619112341,0.00129155254506536,0.000120144688053539,1.26265858716993e-05,3.91972562592203e-05,0.00879869086640261,0.00583592134960846,0.0199755146501481,0.0190046034854107,0.0142779409555756,2.09043835345844e-06,0.000939173709848038,3.10575533461147e-05,0.156640197795205,0.000542708215360679,0.000363540183069203,4.08756965888413e-05,2.86613232966666e-05,0.0377515699577739,0.00110089450322346,0.000430840546038355,0.000501755734595561,9.13406647039234e-05,0.000680409374934869,0.00145228551797552,0.00161124045084548,8.34896918794541e-05,0.0011192572515882,5.89020898017401e-05,0.00454294309281021,8.60816693648634e-05,0.153343961412001,2.09043835345844e-06,0.0001101175549051,0.000222733675488755,6.60711659576007e-05,0.00424829589892625,9.29585636181026e-05,0.000328993176096402,0.00194404044132479,0.0015442393007706,3.481426059361e-05,0.000139613933401947,5.00646214780865e-05,0.0510192805682782,0.00273245546943084,0.000519025269566873,1.14272504353218e-05,0.000232585229753287,0.000146384243734299,0.272438261095518,0.00424020237352637,0.000570885454570449,0.000237440957002336,0.000108194200681865,0.164527607555898,0.000468526851010952,0.000458162942124457,0.0007576189462316,0.000258788636621035,0.00420542914860022,3.82551485649387e-05,0.000649273245164439,0.00143020763183745,2.98094394001563e-05,0.000134617860894095,0.000662680810812318,1.83054320654879e-05,9.56417265999413e-05,0.00155540981931397,0.000413040619606328,0.00113306635990243,0.000677622362206401,0.00074165920833617,0.000354717519234209,0.00584041601829178,0.00426747823517346,7.00091611072916e-05,0.000881496226975113,0.00137630017614298,0.000244516877113137,0.00165490317688493,0.000851764023316939,0.000562031411878821,7.59035026600718e-05,0.00886717563771062,9.90905583823332e-05,0.00451635622586177,5.18381986280173e-05,0.000110440909419802,0.00674141569249329,0.000392808509641342,0.00253668730981229,0.000146553063190206,0.000639448761292859,0.000347273458500699
0.00217761843082945,0.00258194798302839,0.000221477350494414,0.000647908906843997,0.00067691605194502,0.0104978508003278,6.33902050487602e-05,3.08312464686778e-05,7.77391488903177e-05,0.00394489422207948,0.182099617058494,0.156501668414638,0.00350498481241347,0.0185356606976579,4.1982225712423e-06,0.000951028425074626,6.54438490284721e-05,0.0553210474173024,0.000560436548422437,0.00041709197826683,1.92046514306847e-05,0.000128438734890386,0.0130596280473097,0.000431089987047218,0.000368506489775037,0.000450330797529948,0.000158954082937049,0.000967565058570359,0.00115300552996243,0.0021405510766956,0.000218709367258713,0.00170155422728935,0.00014795397397892,0.00493174525036832,0.000314840981912744,0.0104175493787281,0,0.00037439426666079,0.000268556317009047,4.20409750265452e-05,0.00387707985986531,5.21722112058262e-05,0.000478889328774434,0.00793454716063954,0.0160574298908591,3.28261411342675e-05,2.72429794071657e-05,3.61389603565278e-05,0.00795125034043686,0.00379650554022278,0.000487148352765743,4.1982225712423e-06,0.000486663332308065,0.000186995966002974,0.00376359602585774,0.324581605611131,0.00149897383114189,0.00261489678918541,0.000119417865870284,0.0156890955147526,0.0246757174369465,8.14235344130217e-05,0.000340060129918544,0.000604032379570817,0.00486419545043989,5.22504456109826e-06,0.00128015373268444,0.000953718508647014,8.39644514248459e-06,3.90192583710995e-05,0.000500751670652759,5.22504456109826e-06,6.57854356243423e-05,0.0011451164523951,0.00219616807363043,0.00190123530003029,0.00028324920368974,0.000419039199543999,0.00114601346061736,0.00218834794880451,0.0554205666311524,0.000262286151726734,0.000334847889232939,0.000423387878214922,0.000127349915024488,0.00133921575441463,0.00153908667855293,0.00211899647113366,9.96840331806022e-05,0.00302561961638058,0.00020582176535955,0.00736138399063918,5.04374201690298e-05,6.68122576141983e-05,0.00609488298199229,0.000280319313964768,0.00172445529594449,0.000643105053735301,0.00047480121538894,0.00985102108723794
0.000850346366576118,0.000139480745015943,1.62732940929347e-05,0.000197334884660524,0.000233078656178958,0.00067066525737831,0.000202913956143471,3.01749016617073e-05,0.000592351917480296,0.00164253826272087,0.086276950835351,0.0039569701280733,0.00154256239379327,0.00136823496116496,1.52134069566494e-05,0.00259260066958723,7.60670347832472e-06,0.00602617485995034,0.000363409740757782,0.024182016948242,4.67001080062336e-05,0.021060534907724,0.00283977356772756,0.000212258454189431,0.00158244312579466,0.00179765753130263,2.86172803209114e-05,0.000643200919992893,0.00127706850416086,0.000867602362599921,0.000328564832615394,0.00109575714486251,0.000192158196134953,0.00420592406495496,0.000434464144031521,0.00289324309789224,8.66659061461002e-06,0.00687345435722117,0.000410035228410531,3.01749016617073e-05,0.00271916727366134,0.000453189613470816,0.00060834072809447,0.0567988955246141,0.0172912939046647,1.52134069566494e-05,5.01255913680087e-05,9.44160876739298e-05,0.0040951668453266,0.124486598144261,0.000894099705556762,4.44645792340878e-05,0.000329641011676572,0.000253897628169669,0.000908116738525693,0.00316187370036601,0.522538067854072,0.00113815025234051,7.79348968042262e-05,0.0106326508487734,0.000531527817918844,0.000162726850630675,0.000963847320211363,0.000361367444380403,0.0026005326145182,3.46663624584401e-05,0.0007230188227684,0.000799354952921332,7.96286758970386e-05,0.000104186580899648,0.000762285314678235,1.52134069566494e-05,0.000171703681925468,0.000735029845828803,0.000786469217014022,0.000438598842559774,0.000250271568328613,0.000355876403847101,0.000578988476863867,0.00060404394035687,0.00138774459376543,0.000384249092213909,0.000114656614807973,0.000170895707040774,0.000201751725103772,0.000746972957798307,0.0344001047931321,0.0128832030472858,5.74864728934142e-05,0.00191769330901931,0.00113129992002877,0.0056900370090639,1.8890802570016e-05,0.000207933756023377,0.0013323958495638,0.00137162091728077,0.00054902808941995,0.000347899152288877,0.000853184679070804,0.000847110825571894
0.000630433273304942,0.000230722363173611,3.55820505125067e-05,0.000194315791332397,0.000303846032005284,0.00452615431321723,4.16815382973131e-05,2.89797677510905e-05,3.93278166887515e-05,0.0017022874702275,0.525710360186572,0.0100565521690268,0.0035175822102489,0.00292167517103235,0,0.00086830702270233,0,0.00797632562922902,0.000233086586144061,0.00214831623573417,4.34696516266357e-05,0.000422853972415046,0.00391833598646752,0.000352847648177749,0.000211266123031475,0.000524658412955477,5.79595355021809e-05,0.00118312244718369,0.00102998042814637,0.00153349123994058,0.000140130536543925,0.000816351817225386,7.12573438248444e-05,0.00491220486368088,2.83837299746496e-05,0.004207992212723,2.89797677510905e-05,0.000584987588403256,0.000106473755072913,1.38938460991044e-05,0.00491218678867197,0,0.000134261447271122,0.0297627313899279,0.0430520920766302,0,1.44898838755452e-05,8.57472277003897e-05,0.00597078548813863,0.0134935271808245,0.000633329833534492,4.34696516266357e-05,0.000189113252326103,0.000106443325575712,0.0019461156182929,0.0134201069433774,0.00349499747396358,0.184993995573918,8.08093859712632e-05,0.0110313784270959,0.0158465320969669,0.000568490448227622,0.00117546942676369,0.00026060099466295,0.00264532263101411,0,0.00072645420753345,0.00174968158075573,0,0.000180619999288357,9.89517932232222e-05,5.73634977257401e-05,6.59538628312803e-05,0.000140757003817568,0.00218611724022152,0.000635156114896942,0.000628518099024295,0.000662058059519489,0.000264411489101562,0.00192744333587293,0.00350589031583045,2.6030008366088e-05,0.000368129669576574,0.0005841753897093,0.000462911113324447,0.000330930960212081,0.0026259859521889,0.00641197767431256,7.18533816012853e-05,0.00445213545785718,3.85318098975092e-05,0.00642100308004626,0,0.000211814378627611,0.00427843683039678,0.00018983683166754,0.00121080021657073,0,0.000104685641743591,0.0441652119039557
0.00201856533951475,0.000201893211922203,6.80473050085123e-05,8.37604586109387e-05,0.00109113710498704,9.11153110735328e-05,0.101560038462611,0.0219262426399723,0.000683982497663464,0.00165380515111134,0.00151591980591637,0.00029852566028069,0.000736834942178243,0.000117823170012184,0.000863700158078747,0.0168652581709708,0.000128853983967205,0.000568277654483211,0.000933507462935497,0,0.0136227853180991,1.97995718834002e-05,0.000169104942336075,0.000578079135549513,0.0176168558601966,0.00278988159108331,0.00107868396186653,0.0152129644214016,0.000330336739100861,0.00155699960331863,0.00250847364514643,0.00380684978003818,0.0430437907905677,0.00209514375002113,0.00171473523093374,0.000210535369586981,0.00185499589981236,1.88480662906714e-05,0.00121920713439586,0.00339577293676207,0.00344911893926091,0.0155904490769358,0.00223978661962116,0.000253552793030732,0.000200681368828265,0.0121261747303192,0.000200159830848917,0.00276162478239886,0.000707538933191571,0.00016984773811919,0.00715637597176607,0.000521659055398694,0.000463101079543335,0.00922660083434157,3.84814686767874e-05,0.000352170059304793,1.88480662906714e-05,2.96993578251002e-05,0.222339650542988,0.00324436760095634,2.38859901643739e-05,7.79470909502124e-05,0.000816355979213887,0.0287640584544217,0.00497544036381345,0.00251455111373915,0.00601134567885867,0.00141858517683588,0.0015069932189886,0.00766949085511261,0.00077383693558942,0.00417928765360804,0.000478201008704894,0.290212775661452,1.44619570190382e-05,0.00102596305941598,0.000853960972917727,0.000789777965409492,0.00114892309767026,0.000522239183900318,0.000309057476207618,0.00106730798713078,7.79470909502124e-05,0.000421337823761619,0.000329460479872146,0.000295785411516184,0.000282023709967932,8.17338182405265e-05,0.00447389887858977,0.00112460243415283,0.00106087347344275,0.0343814645606437,0.00098626968959748,0.0328645044147538,0.000674062740384577,0.00757099539629082,0.000688899087174273,0.0137113538468718,0.000479319173331148,0
0.00272039586253209,0.00057301343355294,0.000307115074592934,0.00156738530344823,0.000888399662356804,0.00070639380685662,0.000167838206312647,2.35267087826437e-05,0.000129032102992628,0.00455914340446465,0.00503548647676556,0.00234320537753783,0.0597402639892673,0.00208548656801218,1.19863169232363e-05,0.000874067697966474,6.75578025141433e-05,0.0107231428900053,0.000624846981846319,0.000162913206755125,3.62742848288625e-05,3.1849339440195e-05,0.00632549204173158,0.000923774849784387,0.000512463460766329,0.00338696087948508,5.31666747130251e-05,0.000307414800218427,0.00355939927842289,0.000990204773708433,0.00017984213089103,0.00300771520413964,0.000192412459118218,0.00643456114043779,0.000332932102161871,0.0448459758578166,7.35117273242526e-06,6.6020455028791e-05,0.000431305074144376,5.33332640361866e-05,0.00990039893455411,0.000221780535994473,0.000794609444628878,0.000892875045057931,0.00178626043859805,4.08822230885042e-05,0.000264585158094094,2.74890103145161e-05,0.0320318425371769,0.000929411690303928,0.00112514189194863,1.95860923274269e-05,0.000785598899745841,0.000247214932832204,0.0131391583126188,0.00107834300651117,0.00029188092437088,0.000166123867498508,7.51253736683731e-05,0.647693970081525,0.000256613509044361,0.00070143213102552,0.00131119615409871,0.00057101243370704,0.00753211205429286,5.94093068810753e-05,0.00151238979193148,0.0023963517240455,4.6770171433808e-05,0.00011549321097092,0.000968972993071507,2.4021783345535e-05,0.00016235962874072,0.00178400994259621,0.000305284845618536,0.00201490101319417,0.00089304448979968,0.000963859152529712,0.000595885570853516,0.011357391579604,0.00152987610250946,0.000165810686692273,0.000988506076798505,0.00531706949583735,0.000347941470795656,0.00147329836663117,0.000331708365461388,0.000713576729864306,2.74081861951291e-05,0.0579141917611341,0.000383872263606886,0.0140746329028639,9.04656033571792e-05,6.39837642778444e-05,0.00341420741631977,0.000537873264807964,0.00131355319330353,0.000462699971836747,0.000528571084957294,0.000246313288014488
0.00594879832998993,0.00155642061487512,0.000171753856989764,0.000321528058121501,0.00061406194668519,0.0576016549512635,0.000473886646558864,0.000169250022637079,1.51248751797094e-05,0.00654134747432241,0.117906078748251,0.0358093702332827,0.00224232528573732,0.00872712722365738,0,0.00321812185911601,0,0.0207713045476087,0.000316134359280385,0.00040133056852004,0.00148271623863115,0.000113234003593045,0.00335288728220647,0.00332427791030863,0.000542763732388343,0.000430603017588359,0.000144885312929797,0.00171214310814813,0.00209646416920851,0.00210309514892603,1.51248751797094e-05,0.00147148725059696,0.000123689116444155,0.00492572799510038,0.000424330027882489,0.00561510632354655,0,0.000212831281507885,0.000253468930585634,0,0.00248454354295539,5.25616910485663e-05,0.00123001369476816,0.00548232983034896,0.00900684723313704,0,0,0.000138729580033669,0.00373169421542095,0.00285155889154342,0.0023820375961959,9.52462015812138e-05,0.000147980704455421,0.000217554789141108,0.00349534033278432,0.103602040067526,0.00104162549698653,0.0154608227520402,0.000152304843132738,0.0119505174591088,0.332667564544961,0.000183677898960581,0.00094020006746455,0.000451787794171828,0.00646963067588818,0,0.000963497416743288,0.0017506933280766,0.00013650990675313,0.000556824034510895,0.000734897876496118,0.000120534072050669,5.32721587329288e-05,0.000373179532003754,0.000552201137463891,0.00155167625916002,0.000189741659001595,0.000420587680177619,0.000478894315264234,0.00187666623254351,0.0107063718798167,0.000171753856989764,0.000397572833069027,0.000625200168338454,0.000365926354829324,0.00661548527641634,0.00128022252194673,0.00236421050486565,0.000141690387284141,0.00146317125807345,6.94934017247528e-05,0.0115134633304625,4.53746255391281e-05,0.000644856914168248,0.0319554619305124,0.000603777939954842,0.00231770813798535,0.000619217772500262,0.000694693570063207,0.122258106495977
0.00477078771291428,0.000112325233495199,0.000344140324546617,0.00992853070037379,0.00256758604445893,0.000450838626217215,0.000222755146284854,2.77627424701895e-05,0.000553572865124653,0.0164932464958118,0.0016409522212517,0.000620994152176764,0.0456680342904485,0.000662578794051584,1.23363623671978e-05,0.00259895412688713,0.000177152921075195,0.00341557627677346,0.00620748651169956,5.86713606843864e-05,3.70090871015933e-05,7.71319005149585e-06,0.00114903605325697,0.00334899083012634,0.000840256965850128,0.0115693360401297,4.10349109021703e-05,0.000667451010346409,0.0333014421764908,0.00152882958664751,0.000268852962383098,0.00254731440703925,0.00016094035122435,0.012650186458474,0.000481587573265431,0.00558841474653428,1.23363623671978e-05,3.36601784003327e-05,0.000515098625116851,2.09853584834767e-05,0.0628847642702408,0.000311468099937865,0.00381293821751512,0.000780522236609819,0.000913002097122818,8.64899611627894e-06,0.0031145418054066,9.3864693664627e-05,0.00422362919004602,0.00143570053405236,0.00122749104066842,8.64899611627894e-06,0.00954271208704718,0.000229589608963725,0.0013323847598193,0.000675542509847938,0.00033766271119136,8.20698218043407e-05,7.19435291163672e-05,0.0448983758671913,8.20698218043407e-05,0.17937936188276,0.106926802829585,0.000842095159633932,0.00775972779746854,6.1084463320864e-05,0.00217359553767151,0.0017702506988585,0,2.09853584834767e-05,0.0011299931840109,7.71319005149585e-06,5.2435467204585e-05,0.00126144168071146,5.00223645681074e-05,0.133766055476792,0.0380915836139351,0.00382393650717142,0.00174923358425164,0.0212373735258057,0.000498248758391339,0.000359718472956931,0.00587860586883597,0.138314165891402,0.00096380235527127,0.00330084790242812,0.000158084592043785,0.000515412153406586,5.55813429485925e-05,0.0180660783163975,0.000680376232142891,0.0138266711546287,0.000349382016126367,6.5110287121441e-05,0.00304548393645348,0.000560745046965064,0.00261448919541148,0.00202895886537612,0.00119346651086685,4.87481009536662e-05
0.00456562960695969,0.000298578571657163,0.000124045626369928,0.00282357357394659,0.000484448431827029,0.00103409996009831,0.00120072607818012,6.05152014388588e-05,0.00115581992328039,0.0111182674677513,0.00323583606061429,0.00108529963454565,0.00482617924400513,0.000331743742002436,6.38544973985523e-05,0.00359696996083385,0.00024063052123676,0.00267871324223098,0.0151533822772574,0.00024376683107165,0.000164415979649015,4.53075839406002e-05,0.000605853211446129,0.0035433691129106,0.0013012946288439,0.0752024014685474,0.000188866619167157,0.00111295590043765,0.00493313755850435,0.00151015070176849,0.00115225132824403,0.00885566479922138,0.00035778342668646,0.00543169486051215,0.000615828645876138,0.00204104349718197,5.60574340479921e-05,4.04207383767076e-05,0.000653385106511684,8.95140103119262e-05,0.0202512535260095,0.000267043388333819,0.0227057026363456,0.00146651572171435,0.000718110887102118,2.12506519248834e-05,0.0190634739258952,0.000120710527623984,0.00291905173725858,0.00129083463773334,0.00504693026881111,6.62117076319624e-05,0.0670429720139737,0.00114795511664355,0.00133922924491925,0.000701910242745124,0.000134275458736199,4.63718867452567e-05,0.000361208524509154,0.0147478561378777,0.000114243019324437,0.0219958465478594,0.434839539879189,0.00143193473827461,0.0109130440496083,7.04027009857672e-05,0.00274286807221253,0.00642579209118767,0.000152660600263451,0.000673498386093949,0.00184544699826629,0.000147760554228369,0.000307485718609897,0.00320309463852804,8.06028774868464e-05,0.0385762155105599,0.0329435976219653,0.0101867403915187,0.00117839738420721,0.00237691780130457,0.000525125127658965,0.00139409450523677,0.0137227752747739,0.0106615565855701,0.000318240094593125,0.0027440721414268,0.000654701004311194,0.000263822427868812,0.000107744051401549,0.00384468591250573,0.000469480895289902,0.0630622769639896,0.000197680476191656,0.000229836166683645,0.00363920313946968,0.0031556935086984,0.00141308198431804,0.0010075139818497,0.000505844071626523,0.000194136797435365
0.00442398952803271,7.90941247330391e-05,7.86232187910907e-05,6.35547448611827e-05,0.000536078553004345,0.000241572865323856,0.00573148766103411,0.00121000950480603,0.00109391793566735,0.00278852892188133,0.00124412924540045,0.000685543729641504,0.00179908881144142,0.000595398902028968,0.000163790138066487,0.0247159025658466,0.000176473497899482,0.00107981406026073,0.00172433757231602,0.000146280200392116,0.000973573530995094,3.51027759918829e-05,0.000608928152285836,0.00087133361848616,0.00639105698687928,0.00685620923673474,0.000475024489774684,0.00329628422318236,0.00126502920481459,0.000500283226987071,0.00205211979789434,0.0107023798999325,0.0699613391557461,0.00272408182434927,0.0243602998905626,0.000891500029212986,0.000354160878194776,5.31780458209888e-05,0.00232428164651975,0.00208315037861591,0.00567071550284806,0.0234532685924311,0.00418645140022305,0.000460079263719075,0.000500759306656128,0.00167783446154152,0.000460800031117164,0.000462433244418742,0.00115100235596978,0.000492621472819731,0.0303244099819825,0.000783375710986432,0.00183871156114769,0.00775271439747967,0.000445534893062216,0.000452492431779176,6.78388988193964e-05,6.77475171342554e-05,0.00395727433645936,0.00451786558336241,0.0001155720344713,0.0001849746302816,0.00163933606239348,0.320835694059529,0.0116990035283636,0.00358776426429772,0.00733767250968053,0.00383344210062817,0.000597610502501059,0.00154355222476772,0.00272408127194773,0.000429313614374706,0.000602433512887127,0.0424499671648194,7.10598455341006e-05,0.00210041565166514,0.000404981039673182,0.00179883810492324,0.000507413244182684,0.000785978367377416,0.000563113680867194,0.00204632633509787,0.000229072571472638,0.00045942678048306,0.000206735669493115,0.000935388561266861,0.000366338855773528,0.000241977546815531,0.000585344689301241,0.000913387404854479,0.00511933078943403,0.167721961306676,0.00356903132251809,0.00134079481946473,0.00133396428522733,0.0177807520725658,0.000822186760425983,0.117978200011923,0.000182718460402365,0.000273980623270643
0.00646709831900231,0.000202059171570243,0.000199369613640602,0.00141348453504312,0.000876560353985513,0.000559177127358112,0.00136623901594611,0.000197871348595153,0.00380498138121508,0.0593873715560477,0.00409154711747544,0.00151326493751286,0.00550909699224263,0.000713421020112596,4.03033321502211e-05,0.00694360829408213,0.000260991970403006,0.00320957707125091,0.00202181613407396,6.57111126412863e-05,0.000208712520832137,3.20900328496469e-05,0.00139450446043897,0.00997806294273865,0.00381345515967592,0.0111560588111818,0.000112195693751039,0.000817419917540055,0.00331827372967831,0.000821826833821618,0.0092787948244894,0.00806376159642898,0.000568592592060114,0.00799543074742383,0.00184876262914296,0.0043549812276721,4.85224371987376e-05,8.05712479663167e-05,0.00109706771099368,0.000207679112967187,0.0144686996685912,0.000796562065498842,0.00553082412961686,0.00068046483405187,0.00123517645192246,0.000145274260063399,0.000592018285008833,0.000131937623334299,0.00407847930821992,0.000460636016781296,0.0124936858721207,0.000234402336939853,0.00248494540637022,0.00247128655865401,0.00184286718101406,0.000681681865405184,0.000131905028447863,0.000127088261510045,0.000448318514484738,0.0256525360810516,0.000266827793364074,0.000697416693071104,0.00324575167941573,0.00241464661441129,0.558726149897459,0.000192818476897559,0.0253167846449825,0.0056286145449622,0.00031994286291248,0.00026710894289409,0.0445239319331016,8.95441800222148e-05,0.000602415259199763,0.00914961031243806,0.000127531451384109,0.00288898521468399,0.00118651456310072,0.00391168027216659,0.00128726183688481,0.00266360316784444,0.000553574330021443,0.0051111955671525,0.00181638633329014,0.00149100463383417,0.000616574836915208,0.00174872974898061,0.00031158701469752,0.000580425421868881,9.64175532399924e-05,0.00641452094464922,0.000867337778563663,0.0643849722098727,0.000212811533113537,0.000215074442166667,0.00274827828184467,0.00538277423780479,0.00148371729685156,0.0030049792923762,0.000526959468609245,0.000196434350662827
0.00361190012818797,0.000250326548976662,2.871936636198e-05,0.000155860270414057,0.00017231619817188,0.000122948414898411,0.00294896886752028,0.0151480523021437,0.000295582058694219,0.00577978427194587,0.000390337289362012,0.000324066974136987,0.00155372544985142,0.000788624134054466,0.00163409565461068,0.00455604138626057,4.92107688450486e-05,0.000610712157980734,0.000961700965276921,3.18204541774638e-05,0.00295544389348579,0,0.00062010895968862,0.00119749827826835,0.00254394601996389,0.00806170003352078,0.00277916901941933,0.0101426141322568,0.00324434107465433,0.000890007974709317,0.00103807421407443,0.0119838161622267,0.0119273479686726,0.00409159164649955,0.0047195737207324,0.000404080815545022,0.00734083891907481,8.22028399584481e-05,0.00471898407607384,0.00051700992923579,0.00600268957030749,0.280417804611092,0.00316895516924648,0.000207237740164828,0.000147086605866055,0.103564468681723,0.000364561996387095,0.000360915207902521,0.00134701851911629,0.000115349146393306,0.00926220419728895,0.000142351195150259,0.00109969709863117,0.00351656227394288,3.31463064348581e-05,0.00021585439028441,0.000336044239742918,2.871936636198e-05,0.00606353377978306,0.0063409838637053,0,0.000547520632926502,0.000425506604937852,0.063167628614881,0.00952237178566388,0.203066762076514,0.00126368403021295,0.00374059765267368,0.000105949565578459,0.00683522094482927,0.000714327464668332,0.00142519509802681,0.000218197624156281,0.055334525780625,9.84215376900971e-05,0.00105421825442225,0.000219889865009655,0.00135069195292823,0.000101522625505581,0.00128332404049097,0.000446229679233171,0.000457327059115316,5.74387327239601e-05,0.000435143415778873,0.00040920769160845,0.000352546331365831,0.00031290113274506,0.000102068326174672,0.000752267099772048,0.000170290409923936,0.00562881254274618,0.0636354223466358,0.0170516955016981,0.0023235431761384,0.000787058272663936,0.00349968192028787,0.00143107311384782,0.00989588762479868,0.000367522171544801,0
0.00363852967730919,9.73608758580517e-05,0.000114454737228805,0.000435627898709212,0.000436108257193124,0.000259614906956812,0.00218350440679178,0.000389807119597958,0.00150316510891619,0.00879307293406169,0.00251224504889276,0.000663515821559381,0.00263024362128015,0.000800215280154493,0.000261480807699071,0.0444436422616487,0.000196254875708676,0.00141395085773798,0.00122589149190178,0.00011032017715633,0.000239237203890545,5.71440560998908e-06,0.000776812674498131,0.00282934347275721,0.0333583773789103,0.01011587357867,0.000209722772894621,0.000608042633456156,0.00157456507061421,0.000574938681698486,0.0206893772158397,0.0045246099557124,0.00055684185175751,0.00394782247064622,0.000790445130435389,0.00209011555870311,0.000115597494692208,1.40774508296074e-05,0.000644011458110054,0.000898898880733656,0.0057337769053122,0.000891832734592229,0.00453901830852412,0.000476986426915395,0.000503113457243133,0.000304322030139589,0.00069631834283719,0.000166734431080126,0.00158925940779159,0.000369172974283461,0.01135914083205,0.00466255215800045,0.00189618412263315,0.0151874421102904,0.000457641125297521,0.000528969188987413,0.000174191517792021,4.89297326489206e-05,0.00116982385179844,0.00708076697354114,0.000143056312522146,0.000221724884707322,0.0011142429932438,0.00198716698866178,0.0668816486754791,0.000273843875613327,0.591538880821657,0.002704333453885,0.00116500959194901,0.000801717666793258,0.0435430555666957,0.000320451658709452,0.000455495194752974,0.0141563843470183,4.69464802860785e-05,0.00174650633943362,0.000390898874568859,0.00189402575425535,0.000568327274213833,0.00139357142974299,0.000469536225964934,0.00482611077677418,0.000596016731246372,0.000501491035428296,0.000409156064582292,0.00143417620779766,0.000193640794070551,0.000179871246281696,9.48262258176251e-05,0.00195525242624827,0.00049911342751551,0.028735314315615,0.000179492878716818,0.000267433406112719,0.00104959700469538,0.0091031298413766,0.000743906044666098,0.00250008193606952,0.000355755734227543,4.920135402365e-05
0.108644294110247,0.000244893933116218,0.000230744064617089,0.000153822003330447,0.00117573662162717,0.00087003895109479,0.00109711586902837,8.93327635678287e-05,0.000670690626714184,0.00525525717323423,0.00549309224558643,0.00137215085094754,0.00423844532477761,0.00124041571621339,4.69564878892212e-05,0.00775889146246728,0.0033691130071924,0.003242911751816,0.0337232045126976,0.0003002450332406,0.000151252445822317,2.35280639814335e-05,0.000929908907770483,0.000916879078806441,0.0024011987614021,0.0080585906175361,0.000185255932260092,0.00105171215456378,0.00360961258200838,0.00102735601079463,0.00162073056395869,0.172698877016699,0.00111064817727017,0.0095107580439697,0.00257638505057566,0.00296663085242048,1.16644274891932e-05,6.64791851560513e-05,0.0065982095668459,0.000172928669966989,0.0282289070678879,0.000831898747122297,0.00488704793170961,0.000621420522937698,0.00110640703761513,0.000167251638234859,0.000671095998722871,0.000232276118395556,0.00424964523834192,0.000620064318465063,0.00923953268904939,0.000120110798745053,0.00745907052634752,0.00194394043151812,0.0012971368149519,0.000787331363815975,0.000267385098733854,0.000120167251968162,0.000275318427755093,0.0217827513687464,0.000308003100289036,0.000541030844786897,0.00512208439123305,0.00219332818635406,0.0177924958435627,0.000233084064480888,0.00362775534378249,0.285492082256818,0.000410091894086057,0.000287370756917269,0.00370431712153888,4.00416710875832e-05,0.0139618337147658,0.00807187731287736,0.000151585383109916,0.00491768875952625,0.0011124131026767,0.00230658579819663,0.00205744052459834,0.00278548142612349,0.000415245440955444,0.0010202699845733,0.000583929161741698,0.000873822670072474,0.000873532870454119,0.00170160103262924,0.000278386862178121,0.00051477505773252,0.00013546456330484,0.0044060943061866,0.0025546853528518,0.138783571434786,0.00059601079954499,0.000248763384198922,0.00437561023059184,0.00269544801832395,0.00169822891079078,0.00253339525056754,0.000641022404507322,0.000138832757430784
0.00232613558446399,0.000238636032668919,0.000309450952495898,2.86478940925783e-05,0.000717040846138463,0.000654957923298286,0.041373565284048,0.000598888221995168,0.000450705506153308,0.00443759905033935,0.00119091149264205,0.000631204846102117,0.00103549433244104,0.00102319427319481,0.00053091239178643,0.0832324080349516,0.000103787994538481,0.00138250532909372,0.00426752160614695,0.000247964787638891,0.000337682878033402,0,0.000808056492181525,0.000706576461172694,0.339976951095176,0.00640626274945656,0.000553241367317318,0.00231771976600242,0.000977938196361578,0.00123214104945142,0.00205741416341501,0.00995716238914171,0.00137878846317182,0.00427193399606923,0.000595855711021724,0.00557961162902434,0.00023216845673228,2.35562839136949e-05,0.000219366543529641,0.00170156849788161,0.0111166383035065,0.00097719615293073,0.00179521913319896,0.00157534220715066,9.8307537510206e-05,0.000288902354563984,0.000874062165995264,0.00283218492057459,0.00113282066105858,0.000206601355808188,0.0183662261123749,0.0056135171988853,0.00605404915428572,0.0271880044150371,0.000978142589280569,0.00126747848153044,0.000111887290699145,2.86478940925783e-05,0.00302250588008185,0.00471356249344087,0.000214542244530883,0.000146820457224464,0.00134184406271668,0.00439630051896564,0.00903855742961818,0.000158134421574953,0.0440665578148941,0.00557317186965909,0.15587056202748,0.000965488894590328,0.00606848975831258,0.000428037187468839,3.11206651390725e-05,0.0613548233818634,0,0.00108860778245342,0.000227940133078475,0.00165587135686973,0.000154652442205002,0.000964915593810536,0,0.0015723349380883,0.000356271091576464,0.00106474673044083,0.000139669747840141,0.000484528160249529,0.000414200802088528,0.000486312838701508,0.000604514747109338,0.000483284848012344,4.79173832318559e-05,0.0674886452770032,4.79173832318559e-05,0.000813455291517715,0.00146796755720932,0.0139579983259574,0.000654019525447516,0.00314473279443774,0.000504602464793273,0.000163617175317247
0.00298298763840421,3.8686520132188e-05,9.89657918634593e-05,2.58949287359721e-05,0.000100874195690986,0.000388065199759779,0.00776686485879915,0.00795237750603467,0.000694103807395851,0.00183297246228098,0.00107976285090871,0.000716196919771166,0.00154792104061587,0.000929789058786934,0.0421626154013534,0.00485954784043784,3.60400267781206e-05,0.000447973763843987,0.00039599784696321,4.61205601049786e-05,0.0453324203316712,2.83532667606241e-05,0.000449764244264467,0.000540440519308704,0.00493124383259616,0.00508158160199347,0.0373176130109969,0.041009272736758,0.0021249606219929,0.000696259622203266,0.000671470833856022,0.00652256482703986,0.00405421745828179,0.00254262357430151,0.000998990364859946,0.000610681881766133,0.0147893976498388,3.90743634222735e-05,0.000509762796659467,0.000632689952248279,0.00416202244438035,0.00604024850909537,0.00187492567905244,0.000613601556575515,0.000194873278580972,0.00886526480108409,0.000177453232313206,0.00138029065939992,0.00082218483845452,0.000764549392030105,0.00652556333481701,0.000159168063008902,0.000729060935866416,0.00153103143006428,0.000269205657273742,0.000418267122533409,0.000650095268507824,9.61687402336073e-05,0.00972673829141293,0.0050811477835986,1.55616753644082e-05,0.000176311864466176,0.000521668461233545,0.00775583684998823,0.00488216666172725,0.001710730529691,0.00562959531418389,0.00188477057954957,0.00054616895970279,0.561830852021162,0.00110860223609646,0.0418950416260433,0.000175544828485679,0.0265648508725986,2.06665067431277e-05,0.000797830851704019,0.000188839203186431,0.0012424230430896,0.00038168394148396,0.00292289191232855,0.000333434191858236,0.00132912223055524,2.57067734065567e-05,0.000264481312627749,0.000179005851087823,0.000843456851135399,0.000173153937207898,0.000316455149355212,0.00192064020719597,0.000614525261774881,0.000749655521336894,0.0276203323382745,0.000737419975080888,0.00530079625238328,0.00148237581403343,0.00133474607764224,0.000227789975994579,0.00280617191508049,0.000383649670597705,3.60400267781206e-05
0.00505660459735279,7.93622136421165e-05,0.000320005139323741,0.00101680285429886,0.00104225098641124,0.000515740111568503,0.00138415190401942,0.000107955772255665,0.00740182857325786,0.0404271810839886,0.00209752377750561,0.000789091081134117,0.00347643896684818,0.000651376762924557,5.60477464027114e-05,0.00727617206595612,0.000262958700665807,0.0013052511207876,0.00203429466308937,0.000266445655776409,0.000400559694491165,0.000532337283597707,0.000764767844286753,0.010494456293173,0.00523548315432028,0.00994860418639096,0.000142116567663862,0.000632677399816372,0.00132779283293676,0.000545192616887397,0.0337749148848307,0.00702644026318761,0.000737232013833442,0.00466666341977462,0.0014803989882076,0.00314793436982344,4.87560576580923e-05,2.38143981705184e-05,0.000793291037164894,0.000371205210423057,0.00763303976619691,0.000623586686643251,0.00705384349411929,0.000554398092640238,0.00101274363936496,0.000119725258503553,0.000538063064023822,0.000140730286821187,0.00254725796700906,0.000673386254773827,0.0175741042609849,0.000569687378297768,0.00218877702436878,0.00471866544161464,0.00102611720148734,0.000569769869819861,0.000170901576360908,0.000110259503902614,0.000507625334429521,0.011260730767723,0.000179317106201221,0.000471200303808571,0.0016602441122207,0.00217236022249533,0.352313238117967,0.000148567842160638,0.0844007948737531,0.00472718568904912,0.000441315700592979,0.000222555659006972,0.226981524114895,7.80963837849223e-05,0.000437836753683502,0.00629165776585801,0.000106888425670569,0.00145450415704248,0.000771938134595852,0.00347969926450528,0.000702616693200364,0.00160989013933668,0.000256208345844422,0.0141010845003742,0.00128566916261112,0.000641813138383384,0.000394443753556269,0.00132139013009324,0.000442575724583255,0.000378960193959471,0.000115206376908622,0.00275456443538161,0.000866449356539534,0.0548481266159695,0.00021515360791274,0.000188487110983438,0.00198430273219895,0.0104282081607099,0.000749810262478195,0.00257847984312741,0.000431057873771133,0.000111042051852446
0.00111378344303374,0,0.000131243280002469,0,0.000292409186647568,0.000733956291848361,0.0106076320535677,0.0162382788518954,1.87330311430876e-05,0.00142964866725966,0.000674609075051344,0.000199457901765729,0.000582245092103626,0.000179193356610943,0.0285050801912688,0.00173386871871328,0,0.000429903019182218,0.000321402108111242,0,0.14080345008644,0,0.000149864249144701,7.69347084157927e-05,0.004643699697283,0.00441940032384715,0.0278170021685003,0.0402589659179884,0.000735751356276145,0.000284290908827777,0.000476551948296315,0.00345849055322196,0.00542466294041599,0.00159134718432561,0.000998605213768327,0.000257655434210256,0.0241847773764777,0,0.00159076152515875,0.000623828207164144,0.00222492038800262,0.00328486155261969,0.00136131384547925,0.000210068510260848,0.00011640335454541,0.0150943765347141,2.91008386363526e-05,0.00127578359744299,0.000600371992672395,0.000312430930800499,0.00580625765863246,0.000113691044696547,0.000447818407147207,0.00185181190220008,0.000124768578195233,0.000159522330632545,0,0,0.0179179259393203,0.00203064844976094,0.000168242417285078,0.000473699826316479,0.00156551365814046,0.0109262703700313,0.00399010942502143,0.00283343972283873,0.00215154906924598,0.00128548391068624,0.000745301520591311,0.329039791227756,0.000420365289351586,0.171128287008063,0.00031975438727051,0.0402072992699916,1.8378168140377e-05,0.000327876809918478,0.000723389052409053,0.00107884158110785,6.58571749171066e-05,0.000234454455204895,0.000160698981641532,8.73025159090576e-05,5.82016772727051e-05,3.67563362807541e-05,0.000192983199958492,0.00016388236132214,0,0,0.00419673942120865,0.000564221761692617,0.00103619784495398,0.0284038458463738,0.000524510339834487,0.0116086094232676,0.00335515136853953,0.00384685503951991,0.000466843320123376,0.00335143916943945,0.000161520769647809,0.000130776354998902
0.0690988396428684,0.000314294767125793,0.000156719209014802,7.30316059564078e-05,0.00073653786643631,0.00072282347704754,0.000804068568598691,8.29023166489838e-05,0.00105336745226388,0.00643538295117706,0.00135783062602359,0.000354837573961938,0.00130447860500746,0.000312738805684183,3.43224799701437e-05,0.0103898037984623,0.0161818276103066,0.000825778351400668,0.0044391211703285,8.1166875420395e-05,5.14607395124124e-05,1.71396301063143e-05,0.00027265654967999,0.00112428585880993,0.00172193032668845,0.00268232997673492,0.000151910192912936,0.0016466811874055,0.00335145738591811,0.000793428115588692,0.00125708544703605,0.22996471653242,0.00058318156602336,0.00486760869311314,0.00784788132947311,0.00157254136247993,2.85660501771906e-05,9.17701651985375e-05,0.0383905978461365,7.99727118017137e-05,0.0177100655963928,0.00085794624372877,0.0035914619631737,0.000531211834989719,0.000520994265453196,3.26329996271613e-05,0.000225112578123452,0.000243374260803789,0.00144297777703252,0.00054157449844859,0.00833297482062481,0.000132626244368762,0.00191147777197336,0.00154070948858232,0.00013629116942969,0.000400004717763627,0.000117553980751606,4.32362894053039e-05,0.000242909935142583,0.0056639027163455,5.63535603832082e-05,0.000144923126182024,0.00124022672763667,0.00209016064171378,0.0123216106597098,0.000183680847799994,0.00441860188350325,0.0702651572534894,0.000114193782434316,0.000235225392081337,0.00195802625991614,2.94324002274393e-05,0.306830497610257,0.00425865547242369,7.95652051564883e-05,0.0030350133152992,0.000332060527968824,0.00175016364379451,0.00383688044968581,0.00223464595470446,0.000183063776041449,0.000495129064053123,0.000546707446907643,0.000457227262943185,0.000486139818914626,0.00199500255397199,0.000120425396018849,0.000504913003763391,0.000122070286040271,0.00123184329532152,0.0153192599028119,0.0989454855144399,0.00131979099081727,0.000332742022357902,0.00250534407530892,0.00225623904024732,0.000642416488671827,0.00130808905749606,0.000228195105592909,0.000108726610831476
0.00415180739808536,0.000133456480721797,3.77641619817684e-05,0.000106017471005632,0.000377140825202664,0.000328252181950145,0.0448357639316999,0.00253803023403019,0.000909140941747545,0.00410341155233299,0.00208520997905644,0.000607566583464819,0.00278497713459888,0.000272079618649488,0.000440806649207397,0.0284384715105841,0.000138541470662559,0.00139505903988509,0.00113604984091082,3.61509432356778e-05,0.00185592341962123,4.19577161712887e-06,0.000748041662657397,0.000879175138486605,0.0309781823040517,0.00606686908911359,0.000407019491046787,0.00347837269472966,0.00148562950601941,0.000529628688169286,0.00383900531188919,0.00728313341714381,0.0178390726635597,0.00385958675562815,0.00205219886134972,0.00182236722825499,0.000473361843713243,3.06623681054414e-05,0.000914027010529258,0.0113390955024491,0.00688611088602496,0.00429876454759553,0.003173402678311,0.000682087907153617,0.000443463852209782,0.00261390564462125,0.000392501788598244,0.00101711496810043,0.00290337174153476,0.000502499781985962,0.0109243674742113,0.00127479204045997,0.00127215937001767,0.0288579803458618,0.00100549914617256,0.000395058469573496,0.000174136077758793,7.27939413964793e-05,0.0110308234796077,0.00877794744314728,0.000118784752024569,0.000281636073891664,0.00153239641177343,0.0131821157696333,0.0136366688606556,0.000977248794007204,0.012810643600258,0.00363846536326676,0.0019902907714068,0.00272422943312281,0.00269905848842614,0.000755266465430677,0.000517774567887025,0.54788467428396,3.31374904027949e-05,0.00148842763070128,0.000551052424453194,0.00166888125562467,0.000425865622931674,0.00139833183766349,0.000350152127765987,0.00172760199282877,0.000374461551644162,0.000645271098283756,0.000241435790201113,0.000515622115329652,0.000242322780878961,0.000222087055853891,0.000641548877539178,0.00208458367753277,0.00128539826909108,0.0610682639199208,0.000690862095062259,0.00269303467322783,0.00136189516499632,0.0180983591552586,0.000432537938259779,0.0213226142183907,0.00014741083048513,9.95585084364312e-05
0.00240967294930233,0.000489457460893653,9.25315577795866e-05,0.00033064822868745,0.000623360919524012,0.00141804432026539,6.28258924692967e-05,0,0.000270913955573712,0.00534428955987761,0.111998534605673,0.0159333484607644,0.00514307267191545,0.0030621879637386,0,0.000778416795907686,0,0.00728813297611839,0.000250021408806385,0.000763236139425932,1.83282246257228e-05,0.000203559871417859,0.0395055653077965,0.000415785321436074,0.000202959418821207,0.000550301104175465,0,0.000342270219036673,0.00143974086448936,0.000620807281696382,3.75468839024182e-05,0.00143484456347131,0.00014654433170592,0.00309359720310306,0,0.0123777378948683,1.83282246257228e-05,0.00049959806111082,0.000332579347215928,0,0.00293339331699918,0.000311579818637287,0.000585567488897721,0.0096725697239172,0.239106292560309,0,9.34219924305592e-05,1.53859328496237e-05,0.00478602070213625,0.00714288921295445,0.000627439382814144,1.83282246257228e-05,3.66564492514456e-05,0.000477424274919765,0.00283511819332969,0.0126912725194015,0.00257082878316009,0.00229524707098726,0.000119470697051762,0.0293470807664206,0.00186408492280105,0.000301752454375344,0.00253803841131896,0.000190353768795032,0.00259952990928933,9.16411231286139e-05,0.00240738064888892,0.00111429303884704,3.07718656992474e-05,0,0.000750913236949056,0,0.000392126248630633,0.00039086852865914,0.16812109458447,0.00111496998484908,0.000342080696513354,0.000361811820806527,0.000153052621755674,0.00190098462273249,0.235664950556911,8.18687860080073e-05,0.000166140960617111,0.000676711900854408,0.00065981608652602,0.00215565853662411,0.00240668259933858,0.0216022411227812,4.91000903249702e-05,0.00302626572194076,3.07718656992474e-05,0.00674696219367424,0,1.53859328496237e-05,0.00346155539720944,0.00016673489093345,0.000825802189209559,0.000183282246257228,0.000910599971031868,0.00333894336138571
0.0264426186558506,0.000208322868226658,0.000382014559021166,0.000380331607459351,0.00103510080566877,0.000425895352509456,0.000237890347562173,6.89123798595717e-05,0.000547937230110006,0.0112267329156452,0.0020167487580126,0.00116616676913024,0.00800557861014592,0.000612623690527714,1.70024407365935e-05,0.00331204064694563,0.00067618847593806,0.0027784175149926,0.0175759464664594,0.000170663630288799,0.000222244501050162,3.47147416956022e-05,0.00152150198938912,0.00204256894287708,0.00108346913859585,0.0028952218657274,0.00013215231761201,0.000891177846201553,0.0839208634341325,0.00318796735332888,0.0005905431566299,0.00468257169163186,0.000278169637413812,0.0430157702395586,0.000473632336407753,0.00198208696222392,1.67902501238278e-05,2.80825492090875e-05,0.00071418218248927,3.02116746633852e-05,0.275013519023172,0.000240070629484735,0.0024630973443649,0.000992998006178888,0.000464494875397785,4.36243956630227e-05,0.000429150070714099,7.2252660860207e-05,0.00420822126326437,0.000932408448699537,0.00187027387534334,4.79815051952128e-05,0.00413700467817191,0.00061893330691854,0.000562105042519757,0.000970872922622343,0.000199577748320782,0.000135626609934604,0.000163252191260311,0.0110548432782729,0.000217869819316202,0.0129936421049521,0.0109471435442629,0.000890098166733369,0.00687262780198498,3.96276992932681e-05,0.00193096481637449,0.00481323001761368,9.0843451837795e-05,0.000171897895578022,0.00111646398124051,3.16095024665301e-05,0.000656868791658396,0.00154330470410265,4.85877664404012e-05,0.361071450844933,0.00463787426465566,0.00162359608133111,0.00608932527476562,0.0107608620923046,0.000623065834867068,0.000544269627758198,0.00169995394502928,0.00733185355343832,0.00253115506485336,0.00374088275430677,0.000518678446784152,0.00021372991532381,8.29945424567447e-05,0.00173754465898226,0.000472540126553996,0.0154817467210492,0.00010388442175004,0.000201879493290246,0.00251849687241919,0.00123495787809605,0.00235145806189693,0.000658352514755334,0.00164232080414776,0.000110981727985066
0.00215985455339544,0.000202880045712351,2.78662223589134e-05,0.0273223028157568,0.000580813837148851,0.000334092729431555,0.000312612255950711,2.68539272069929e-05,0.00119915346108957,0.01450746117794,0.00197157516936021,0.00168856015813826,0.010669001229182,0.000382425556322021,0,0.000974979155714764,2.49454016286668e-05,0.00293624104597447,0.00287483574484654,0.000396911334565185,3.25710386482008e-05,1.00356869081632e-05,0.000839675425358543,0.00541746111626918,0.00134753429272301,0.0366032472250104,5.81250394197911e-05,0.000482389530852868,0.00305929971190799,0.000734946022582119,0.000271504759207566,0.00281925325622206,0.000283956583618648,0.00400829421248577,0.000407756149574773,0.0017769137652522,0,0,0.000405157345902214,6.20774409244138e-05,0.00965366241353223,0.000213129625647335,0.00398195392065805,0.00151534654762756,0.000458765224555173,2.95064022762131e-05,0.0109099462627811,7.86527314435291e-05,0.00224051394064615,0.000294032177801145,0.00130987035520512,5.2498596822786e-05,0.0127649539179946,0.000728054813013272,0.000502642280098544,0.00141563787171335,0.000215676075082182,0.000138266194444232,0.000225224288633545,0.0243209907473614,0.000220553318422963,0.0217940449908234,0.130046564597045,0.000842815083179293,0.00643016188898676,6.31349421792255e-05,0.00150363100752162,0.00284922197751581,0.000147054577115407,1.00356869081632e-05,0.00162482103628067,1.03040325691896e-05,0.000400513617105113,0.00197798868425089,1.79743510924913e-05,0.0150246638048391,0.470442900964555,0.013336396180533,0.0012108883321071,0.00460472703746654,0.000528803049577267,0.000612251575630029,0.0563406467807288,0.0196927306045887,0.000462648469553753,0.00429674330448653,0.000275690324265088,0.00021223522565672,3.28121579921244e-05,0.0272986296726774,0.000378946928211475,0.0147876004801822,7.43793620794651e-05,0.000172467109731982,0.00107580153292371,0.00136239142676014,0.000506444555675566,0.000763515838040357,0.000250888243871794,5.30884349423773e-05
0.00134366887884991,0.000125973300680302,6.63452640706645e-05,0.00247889073189753,0.0005571587386188,0.000112342072656425,0.000649728182991768,3.98079235580028e-05,0.0282883624036969,0.0232440889178164,0.000823791549013877,0.00032390705225551,0.00203595663130092,0.000160738820856092,1.48053581356529e-05,0.00106548619187265,2.00555345996937e-05,0.00105342991274091,0.00179898049931407,9.51883031811355e-05,9.22091049239889e-05,1.72371429892551e-05,0.000642454570819114,0.0335470078993156,0.000788742880506893,0.222726143275079,2.01950678714376e-05,0.000223608277787664,0.000636205329941199,0.000177210836197759,0.00169707972718462,0.00372427644333699,0.000511947819641406,0.00174438832077607,0.000568677772183346,0.00101129336926883,1.02769271282283e-05,5.21977769632085e-05,0.00046953935234098,0.000142322035489109,0.00405905944791353,0.000564139010180048,0.00941020559468865,0.000550236804776152,0.000347417144706218,4.75376116587816e-05,0.0320989177733899,3.39759663217472e-05,0.000807364706174512,0.000482402498029537,0.00880229735842511,8.63411845300027e-05,0.00485397788518039,0.00099742271346723,0.000329988919381448,0.000219222767622575,6.6375051426985e-05,9.12042078387924e-05,0.000179076257576986,0.00677547993018143,7.98546628294276e-05,0.00143871917318486,0.0208673673788131,0.00161178228349743,0.0150379804502595,0.000131550701883624,0.00225594036933336,0.00218579542994916,0.000127806876819834,0.000265536319981756,0.00209941505072482,2.54927992130283e-05,0.000220990795835299,0.00267266033760264,6.9685794928691e-05,0.00212604629840032,0.00996110599534638,0.459951744560073,0.000253245131040241,0.000585845220797386,0.0002233350038067,0.00416577091974526,0.0379892303477125,0.000901317882799043,0.0002495830530197,0.000492857568594129,0.000253308733918146,0.000137784911999971,6.58312073917754e-05,0.003212354260517,0.000340601530926787,0.0199992035645853,0.000121512590468818,8.93864563228721e-05,0.000495933281851636,0.00270553627776479,0.000385075090011153,0.00189984006215683,0.000134947048688257,0.000263661545882743
0.0377699746986265,0.000335914499340273,0.000242779522795998,0.000122079649124499,0.000419332090504743,0.000366978895722758,0.000169508247621604,6.08496969487196e-05,0.000519857020480675,0.00749116669581992,0.001846895901891,0.00125587202822403,0.0043284636581222,0.000437887881575163,4.22186228421798e-06,0.0044282599421513,0.0100459636930428,0.00232241078847416,0.00190437808213003,0.000120922511053819,7.91994212105909e-06,4.17776748793232e-05,0.000681687458283557,0.000847143369875339,0.0011732403432896,0.00303888524695751,0.000155695386804304,0.0011158012679919,0.0107044983445865,0.00240270554970305,0.000494304147876091,0.00576612751535898,0.00013908918658726,0.0663731031771955,0.000258511544682005,0.00124999413496985,4.12583546249025e-05,3.15330215197906e-05,0.000695505921626541,4.35627013929769e-05,0.324258487176031,0.000111283165718846,0.000985772988628224,0.000649346450982479,0.000446897324918641,9.55026979388132e-05,0.000106308777096489,0.000104975333705601,0.00238926160197502,0.000948482323254156,0.00226325083133516,5.14632858178974e-05,0.000895263033257612,0.000775031750898535,0.000429335486656255,0.000686003862849345,0.000177979685022081,4.40829274968168e-05,0.000181094330274893,0.00705472641697565,0.00013109878974047,0.00116523565048656,0.00125450895644509,0.000632166245099889,0.00686016631164766,4.66734555355497e-05,0.00193790416826521,0.00528888490782466,0.000124221413704824,0.000197077237754568,0.00124451391057281,1.6771231644859e-05,0.0024692972927442,0.00171334152831064,2.87089852642615e-05,0.013444765961254,0.00201138161392206,0.000642355474078236,0.392938420626099,0.00450572221110974,0.000683936813154753,0.000246903821284606,0.000564071295501813,0.00110676223077252,0.0209425752826845,0.0060253542563524,0.000185096507803986,9.95924078199499e-05,0.00012056738466901,0.00141622371813739,0.000440017431901525,0.011998320193054,0.000132664097674115,0.000168939743007089,0.00201784938134016,0.00082632987292141,0.00176470566761928,0.000766690556393061,0.00164641313534694,8.31591239629279e-05
0.00276981733464308,0.00137740616946941,0.000559049819652302,0.00218322523940684,0.00147947928598935,0.000439548979524182,0.000321207326747074,2.12336508609282e-05,0.00016326466573939,0.00704126896135466,0.00306075516564894,0.00254483572505239,0.191039052352769,0.00204780463308945,2.1754768681326e-05,0.00164035054481962,0.000139347284438,0.0110536029904341,0.00111623849548546,0.000111208756816385,2.35865620831861e-05,4.28055445645782e-05,0.00288385679736278,0.00126078420559189,0.000639532612016369,0.00135285075715196,8.31997291385966e-05,0.000760674303377679,0.04096711805132,0.0117992472241509,0.000186982019470451,0.00179645938321085,0.000162837811780544,0.0212609390457568,0.000121606735482091,0.00978986791944656,1.18248461898306e-05,6.5189262676684e-05,0.000404932917089241,3.5172090746111e-05,0.0183774666078128,0.000111026013181453,0.00108296729926569,0.000968784150139701,0.00110866818399484,3.62621152901042e-05,0.000152287795623128,7.46404975902421e-05,0.0792704766748414,0.000978952867380017,0.00093693110159304,2.14956677342575e-05,0.000525168691843573,0.00033925745746482,0.00463923503742623,0.00141835080902626,0.000426181897139607,0.000101346159104426,9.54544845988132e-05,0.10470835633339,0.000185932633100047,0.00266189846809999,0.001253950585597,0.000299992451822464,0.00519996937842102,3.68690627534005e-05,0.00166715802346449,0.00165180735391379,0.000149797632475664,0.00012118984400941,0.000639663872802331,5.15528138531018e-05,0.00014594690361317,0.00133157804058647,0.000170598355086112,0.0072948099097631,0.00132128086005363,0.000796031415584365,0.00118305569994485,0.381377754942398,0.000982340805803551,0.000136255116046482,0.00125066109540005,0.0214565244981713,0.000862192272068684,0.00303207342048932,0.000451788919134565,0.000258338559354397,6.61637016344969e-05,0.0102436458206451,0.000341556877107218,0.00721629771176033,9.81641232807783e-05,0.000123860119964296,0.00253775754035685,0.000528289651581174,0.00259452897091773,0.000229845891497541,0.00174702683619229,0.000148620007582149
0.00127619971582531,0.000748819485588951,9.41333726303849e-05,0.000909572187954618,0.000237103144552653,0.00148608863282557,0.00035692832572499,0,0.000166830515533287,0.00372469555224649,0.0468587850752857,0.0341506737193189,0.00467214255737849,0.00545226633990675,3.28255744310085e-06,0.000455417601657524,2.52582861673445e-05,0.0164986629809822,0.000310642105783818,0.00061813776182544,3.28255744310085e-06,0.000118601635869232,0.132757753889788,0.000643423412897485,0.000232103940326681,0.000767571831153486,8.24499001684791e-05,0.000774602331929082,0.00134630588802466,0.00122634575968585,0.000110197598762878,0.00128003294646491,0.000148228673669109,0.00286260803126177,0.000477279386540207,0.0325422471950443,0,0.000122956910454956,0.000315218030185356,8.71792494484197e-05,0.00488839722394798,0.000182034101156066,0.000261387798853989,0.00400114340539436,0.0414854238746072,5.0195747677748e-06,5.36076525715427e-05,7.9041041628948e-05,0.00504303292772985,0.00313898061685438,0.000799132628586725,5.48960691340924e-05,0.000251268390289963,0.000214174177257134,0.00505222049737407,0.0309385032672241,0.000666824941674836,0.000655569470083936,4.70467242027872e-05,0.0306552005127965,0.002200554361191,0.000100938153872367,0.000921705818369061,0.000840783382026441,0.00295487550301084,1.21815149458312e-05,0.00099276769999011,0.00153481889949758,2.3096500086613e-05,9.58220560195561e-05,0.000693587331819016,7.95024267615817e-06,0.000123008873393621,0.000588898341875919,0.0237927407090966,0.0015041073090298,0.000419254299864416,0.000727952186121025,0.000374444548903578,0.0019774110613324,0.514701096954592,0.000205629593830186,0.000344688525782651,0.000733216976129466,0.000348068296605401,0.00173633992125633,0.00114012539426257,0.00260099162285246,7.07552837342586e-05,0.00358270531437471,0.000149253816687982,0.00512597320661986,4.32402206891716e-05,0.000138083673843361,0.00262012408114898,0.000326950854945135,0.00223442180045635,0.000258772984603188,0.000410252324916538,0.000925476375661697
0.0021643931390802,0.000110057680855315,3.33210892328363e-05,0.00039004705949909,0.000554399508222383,0.000403873579457462,0.00150855022146553,0.000322174126924428,0.0240705606722583,0.0109464841445643,0.00100860559365862,0.000408684141919761,0.0014449312445986,0.000374721622824031,1.35121033506454e-05,0.004645580887381,0.000190435175599661,0.000695560474054479,0.00277344931083692,7.9875787915251e-05,0.000673932056096088,0,0.000260592821115096,0.00536458594014316,0.00351499497488737,0.157424827418599,0.000122010309758321,0.000855287230218196,0.00140196853982952,0.00057697449450186,0.037470944613843,0.00707722927489134,0.00150729559159231,0.0027951365786586,0.00131502218337777,0.000528685992739753,5.13898374767014e-05,4.05740742372028e-05,0.000834480040479451,0.00136142380746199,0.00518598152186123,0.00101913635738032,0.0749229023645232,0.000559850045123183,0.00017507138745436,0.000246935877280424,0.00296253637106196,0.000208405157060145,0.00107981397276416,0.000305736619038481,0.0681302315499054,0.000435798327664394,0.00432826197431134,0.00549638260186808,0.000332293938407096,0.000328448337517366,0.000125595172647086,1.24396922734679e-05,0.000689910763821638,0.00310813500928819,0.000468759135118455,0.000592683722812912,0.0033201842452487,0.00322413357036758,0.0487425320677695,0.000284541820432047,0.0178281217441228,0.00319824646047976,0.000375368187027025,0.000314549007130778,0.023657864793792,9.61498018410183e-05,0.000400259148917631,0.00970704716855132,3.58330964788666e-05,0.0015592095138323,0.00153347336374974,0.010470755016779,0.000259995980091823,0.000725503805817655,0.000135276775799595,0.297838007804307,0.000905264199808678,0.000481303903748885,0.000326989639084335,0.000983496561805988,0.000172462425647885,4.424838757664e-05,0.000126293678816082,0.00053373295176089,0.000991232009259064,0.0716522144895501,0.000315959450656847,0.000694260999339439,0.00146165619391591,0.0463212470394121,0.00087698960814155,0.00395175510988043,0.000317859289743084,0.000104097446527014
0.00209893089113182,0.000275775071424501,0.000109689214787523,0.0084062871034312,0.00023380107195416,0.000248943978000345,0.000364933985171234,1.44563958152145e-05,0.00350381302132743,0.0220115058604142,0.0019603712045121,0.00104372415806897,0.00300012189653028,0.000488939737604087,7.22819790760727e-06,0.00121528533142811,0.000189353369669024,0.0013122430153149,0.00284854593444523,7.46408598169154e-05,2.25474725498897e-05,1.44563958152145e-05,0.00082250112487312,0.00948139704700507,0.00186599101755361,0.107581935415244,1.53192746422825e-05,0.000305102369954186,0.00200853989163203,0.000409748655968959,0.00150497305457489,0.0034029748607278,0.000246397365925581,0.00353638454233018,0.000197465458606919,0.00240315562579757,0,2.42732302040256e-05,0.000293111517575883,8.01629337785501e-05,0.0123929491198047,0.00031399775916881,0.00478087787995148,0.000520385021581343,0.000597432523710681,1.44563958152145e-05,0.0414272216445567,0,0.00149456523309826,0.000517935908492653,0.00346722984339654,4.17974076893293e-05,0.0107109930344996,0.00068421247663858,0.000211379784216046,0.000964332006519179,0.000218386832131003,8.34604711890003e-05,4.40023105323505e-05,0.0167936307374311,0.000250793051883686,0.00626653554056453,0.0957643079159842,0.000992251487433138,0.00871807802329964,7.18224675953506e-05,0.00288843134323402,0.0025863199333897,3.15014281116329e-05,4.0455383673376e-05,0.00125398914020422,0,7.72294962981192e-05,0.00225083865041272,5.57327455016759e-05,0.00618555473254038,0.112792526714762,0.101638406361613,0.000854852913763854,0.00215443797699273,0.000797863571554161,0.00120658780876821,0.339912291623693,0.00539981773604923,0.000390711823036745,0.000693081339669758,0.000149853296198392,0.000217504319595772,2.8683035890068e-05,0.0100014248611317,0.00013946488524502,0.0125648961142374,0.000120108399001968,8.6049107670204e-05,0.00127837316858949,0.000975528530660299,0.000678835289071656,0.000758455483089376,0.000271796984133135,0.000550333371519596
0.00217151572625841,0.000401574043250529,0.000382483145138497,0.01542411656153,0.0013244542086468,0.000629323190523872,0.000598618260448757,7.50877644342581e-06,9.9626423558163e-05,0.0148967364310898,0.00288071157545101,0.00180802634374927,0.176788819776791,0.0013619020634486,2.0911137382895e-05,0.00108960554324099,8.8527682433658e-05,0.00521655897575718,0.00173326566135996,8.64039689269839e-05,1.51700476782826e-05,3.68639387985252e-05,0.00327214042605606,0.00285318264960375,0.000568241250949741,0.00316709365681686,7.29860155016298e-05,0.000644359863489183,0.0149357956353375,0.00183578021380017,0.000266269184917088,0.00140516973329651,0.000158397029550844,0.00689999417469141,0.000204072257226571,0.00822766757109124,5.25952839545665e-06,3.73950956350429e-05,0.000334244728724346,7.7907992930384e-05,0.009639709848756,0.000165790594614732,0.00119526667015049,0.00146836734080125,0.00150076190596846,3.12521807898779e-06,0.000423568822775087,4.97852898108553e-05,0.0127177312459839,0.000992965649459266,0.00107070474288404,3.91845927570109e-05,0.00246943272726632,0.000363588866430722,0.00243233782536069,0.00086029496202178,0.00027595056468566,0.000112783470603656,0.000138200971903884,0.14792550380188,0.000385200940893188,0.0266920951886123,0.00628077127497761,0.00050608863434253,0.00604844367082947,2.98826109822723e-05,0.00118826899850772,0.00185093257324748,0.00010473024612328,3.56358933452072e-05,0.000552056072963016,1.25008723159512e-05,0.000112025529885899,0.000975191283982144,0.000223557857186337,0.0130298153191716,0.00653763893851689,0.00157551128350796,0.00110226778368061,0.0649638518323377,0.00129267848208146,0.000303098762302698,0.00220083833553753,0.319937999950171,0.00085769235803281,0.00177639023598046,0.000904026413146926,0.000685571588501362,4.60811234830045e-05,0.0682841285973362,0.00031015222108021,0.0081580830772056,7.33733814321516e-05,6.36340757421489e-05,0.00344848946234288,0.000418494142152431,0.00165236048888151,0.000376065878522148,0.000998745275308772,0.000131893743236314
0.00551825829412895,0.000230028094023369,0.00157140050814808,9.48039212329681e-05,0.0019385914645546,0.000444314894747809,0.000434821027968969,6.06868793685437e-05,0.000611565405370188,0.00644696537729183,0.00198000579016305,0.00127374762121085,0.00553797314124932,0.000559106774244251,3.97269311689252e-05,0.00431500231414851,0.000402769592168876,0.00324919343641462,0.000939418253165277,0.000196857141433551,2.07751549835307e-05,8.91690696606465e-06,0.00136380367348084,0.000949414722442068,0.000857399857190946,0.0016517257956618,0.000214856677969821,0.0014382406757676,0.0280151200882376,0.00771677500590045,0.000395243274881141,0.0020611197869988,0.00016109093349807,0.337166505825539,0.000189139071520815,0.0018800706996601,7.60205534034785e-06,0.000160572258984552,0.0003975621102877,2.24988169248947e-05,0.0912189851440371,0.00012886783551283,0.00102085460036438,0.000749463557893698,0.00075240004487886,1.4448727385428e-05,9.51522385753147e-05,6.25161168039589e-05,0.00569493399250278,0.000779555696434094,0.00144746803533249,9.52829056965089e-05,0.000786448732191466,0.000479985599296987,0.000539914247240582,0.000783907049629624,0.000195109816387833,9.2529368368793e-05,0.000215963344045089,0.00882129400162554,7.60597772869502e-05,0.00122970261780321,0.00102114276154061,0.00061047052574212,0.00508695185950016,3.19845816587625e-05,0.00115995094335481,0.00201221871983994,2.73033561837311e-05,8.43438568378083e-05,0.00107233730170889,5.78393965366356e-06,0.000340850474486896,0.00281405729174698,0.000127707410313257,0.00833615867326268,0.00200549941253109,0.000815344223100386,0.0445799988391954,0.00601799567817674,0.000561437272659263,0.00024717844317085,0.000686221793044673,0.00115940578185009,0.224306492772024,0.124161413055362,0.000693450409252125,0.000187030054780165,9.72256133632192e-05,0.00167367055755414,0.00023719180839054,0.0111259867462337,3.461504281394e-05,0.000151989991219661,0.00303985401966076,0.000893533587852641,0.00539293244246587,0.000361044296524322,0.0129434602306041,9.12525286076483e-05
0.00495495080838638,0.00198602032207741,0.00733149476094384,0.000267898249702708,0.00279316181171242,0.000774018262705059,0.00035894682163405,2.74897119473935e-05,0.000349702211736427,0.00549232152352629,0.0030045000158106,0.00192422270620889,0.00360669270294591,0.00257676504177647,1.66800382536824e-06,0.00360825352901637,0.000150608257637354,0.00755796651045808,0.00115891454027428,0.000178649589463506,7.90028069322888e-05,7.44069498866942e-05,0.000974762975763201,0.00113136634086646,0.000704608657074179,0.00136758644019924,0.000114243146753421,0.000935604094173281,0.0110950329832758,0.00564170964954493,0.000387813976467026,0.00190313384810162,0.000305638791632888,0.155482854907119,0.000270180339817183,0.00277109307285638,2.46932187931203e-06,4.02612544965572e-05,0.000416077400977441,5.7703370733248e-05,0.0253091783199291,0.000168700083828292,0.00132633667662803,0.000766311382852339,0.00053259506095355,3.50282885430636e-05,9.97295536017827e-05,5.33848852045123e-05,0.0202895920523972,0.000989292177618342,0.00224857656966825,6.56168725130887e-05,0.000668759064867016,0.000647253787445412,0.00127804527054196,0.000912224138694059,0.000321447479923133,0.000140620815406445,0.000154921318473217,0.0131684634935715,0.000232256816306736,0.000918349119233758,0.0011373041982362,0.000729752051688361,0.00732483444964454,5.16270946867424e-05,0.00125232229733011,0.00245788887984146,4.71786273209752e-05,0.000119116920703473,0.00119000575009965,2.22485648431839e-05,0.000230528656756719,0.000993318146994431,7.7775600652047e-05,0.00533105002023515,0.00144395429264342,0.000762597433380858,0.00352777355537343,0.00481419661434009,0.000996472944929203,0.000487348753176887,0.00049315230377134,0.000954846882434607,0.0450795394327573,0.515896250441194,0.000458274055015927,0.000307998019914725,8.15614175950931e-05,0.00188638176368589,0.000344191887903571,0.00796738294233748,7.72195993769243e-05,0.000117407345749409,0.00558506764236466,0.00102851572546458,0.0395588697951967,0.000565594377145429,0.0443115608193201,0.00010241175735563
0.00616636382043238,0.00128899372022758,0.000395147232920181,0.000350347372081893,0.00133512222470452,0.00160440129239935,0.000357826174837411,0,0.000178985924707772,0.00121634176072638,0.112351654345804,0.00821654884865908,0.00489148058814113,0.00340988304631488,0,0.000983942908004083,0.000167213958489323,0.0115882605150671,0.0018441747656424,0.0283861126080722,0,0.00428439331945592,0.00495102136952439,0.000568597685585432,0.00287207943762954,0.00716848333473065,0.000365013628436663,0.00246567013185106,0.005954916953883,0.00178391556912241,0.00223547533834544,0.00206588151750985,0.000807873503323266,0.00843625179534976,0.000325785658285429,0.00840204456140152,0,0.0249250426194202,0.000612073294739049,0,0.00846941528838803,0.000663132371745033,0.00542669181948772,0.103849214685064,0.0121719062399582,1.66748235339072e-05,0.000725320108956287,0.000131721570340013,0.01020312334644,0.148732998019171,0.00292907157157015,5.65141914135257e-05,0.00191123683556587,0.00101332999458334,0.00275249969394744,0.00673564284483532,0.0579608164839626,0.00152624966899327,0.000525830457957109,0.0139560049336733,0.00168992510353768,0.000568517247473438,0.00313019246536993,0.000962943907208648,0.00672967982856979,4.68236296632799e-05,0.00156236893587661,0.00479871844126486,0.00012050718558257,0,0.00153474063552107,0,0.000223030417115401,0.00199852053553594,0.0014381699888768,0.00179973178364488,0.000755060789649879,0.00072618042184358,0.000688065872809758,0.00440857434804206,0.00386328681573457,0.00117704233987341,0.000562552589330956,0.0013450651093654,0.00439892889548125,0.00472328847775078,0.271996020107038,0.00472864994754963,5.65141914135257e-05,0.00498615971303397,0.000208247304004104,0.0124897037496634,5.56996018695512e-05,0.000237077755395873,0.00430893490500315,0.00182029144632317,0.00498259284489048,0.000733889530360437,0.000654584167339563,0.000775003195581456
0.000836127409860126,0.0005728933279468,0.000705920350864562,0.000278912248381241,0.000315644243229994,0.00129068338344085,7.76579401923928e-05,0,0.000156841773634921,0.0022942042534916,0.195633936668495,0.00640661552669618,0.00334611676227731,0.00134514967453462,0,0.00195262575614537,1.57443043042636e-05,0.00569609271589637,0.000662311788255922,0.00101373125628212,0,0.000546324809790491,0.00884925261430743,0.00028026042649698,0.000621128063305625,0.00155792018851543,0.000154857255385996,0.000621366716269138,0.000998013409458268,0.00103138115210899,0.00026987228212363,0.00158086262824488,6.93348829018332e-05,0.00421554149965263,7.50454643783327e-05,0.00294676322878415,0,0.00116424068396673,9.82110156963004e-05,6.43643406501194e-05,0.0051532895347634,1.69696566852587e-05,0.000686274946397541,0.0173847795221886,0.239764985412266,6.33353256850608e-05,0.000104391470608287,0.000111650946569921,0.00313822196274715,0.03109469817674,0.00056852843405626,1.09700994684863e-05,0.000296864096507786,0.000158067126015916,0.000918210216056548,0.00734895248608428,0.00896704992250884,0.00312921112043982,4.49439792028704e-05,0.0186458063182157,0.00121735454701403,0.000526739307060921,0.00103161073047342,0.000427574054849434,0.00372197350790156,0,0.000522951801642625,0.00174797018187243,0.000161161040394331,6.72927970540426e-05,0.000215734314794791,7.25947596163425e-06,0.000149212624076413,0.000984594607035087,0.00542105905125559,0.00547360121847015,0.000161035434806096,0.000311536753607244,0.000577811373584144,0.00112732750209905,0.00667313769829559,0.000196005850964125,0.000291877610173745,0.00115495261871743,0.000359556716938026,0.0011116566078217,0.00304819163361707,0.360379394497901,4.37186268218753e-05,0.00293468351814828,3.02632562275321e-05,0.00576928584777354,3.62973798081712e-05,8.26130427233839e-05,0.00279880883833748,0.000466942089755548,0.00125751738152185,0.00162541098464185,0.000517238037605308,0.00201549663907919
0.0041434299785914,0.000155337583492001,0,8.31156940242913e-05,0.000166231388048583,8.31156940242913e-05,0.0507887798129795,0.00844699941237857,8.97699716425503e-05,0.00250623531553106,0.000328223249158842,8.31156940242913e-05,0.00311949178553401,0.000179539943285101,0.00845060325406722,0.00357033748008192,0.000871626666386665,0.000155337583492001,0.00436847677811939,8.31156940242913e-05,0.0847291129619543,0,0,0.000590878886468234,0.00306999894507941,0.00347444510170114,0.00802697967819737,0.127272560800355,0.00265481785442371,0.00170244433070534,8.31156940242913e-05,0.00885304727641748,0.00681005869836332,0.000908208331070495,0.000417993220801393,0,0.000739562192341976,0,0.000334877526777101,0.00206669299455965,0.00324549195638199,0.00324962746579144,0.000851391803314789,0,0,0.00201136196713809,0.000172885665666842,0.0196325834985567,0.00733693531489603,8.31156940242913e-05,0.0103806686149808,0.000310675166984002,0.00202719843274904,0.00394312330135439,0,0.000172885665666842,0,0,0.0315616147911483,0.0091707747099632,0,0,0.000934235467121982,0.0166367931371146,0.0025323083655699,0.000674266610709624,0.00940968570523836,0.00478666868865366,0.00135890124987288,0.10721156384062,0.00114731882871548,0.0252191154945252,0,0.137675869886922,0,0.000752870747578494,0,0.000256001359691133,8.31156940242913e-05,0.000238453277516292,0,0.00102179547259455,0.000166231388048583,0,0,0.000155337583492001,0,0,0.0820869405510206,0,0.000948904173443993,0.0529197627509529,8.97699716425503e-05,0.10781615678816,0,0.00460111055931844,0,0.00696411536287189,0.000166231388048583,0.000588464135788298
0.00140189304809789,0.000329764908443528,0.000188601662724546,0.00933195865492734,0.000753436904081898,0.000723075312619735,0.000161654864161199,2.05081960377042e-05,0.000215291824598072,0.00987234994659217,0.00372944035907073,0.00157987815596133,0.0384765607346469,0.00177456557370278,1.49748825569851e-05,0.000945873787287051,6.70639312374756e-05,0.00515790984334735,0.00042578259700486,9.72436528442167e-05,6.12188033891434e-05,4.01447147037547e-05,0.00443072365288089,0.00192732911438847,0.000360264260933796,0.00173937744852039,8.28434576608828e-05,0.000552082620012594,0.00289935495671097,0.000683859624195466,0.000146012966282167,0.00160696613174289,9.82570451256035e-05,0.00368800860667043,0.000160720838708345,0.0177515166263092,7.27953358997844e-06,5.88920743814565e-05,0.000331769623567717,1.31411684960152e-05,0.00545347665787233,8.6969420620604e-05,0.00056569897169076,0.00116273759305038,0.00186944957233553,2.50204503017346e-05,0.000434892316822807,4.74729973981303e-05,0.0102483434626684,0.00122003746356661,0.00060586550815749,2.93733953178435e-05,0.000825461878815145,0.000148515304657289,0.00393976138427938,0.00101886540754507,0.000395980991501326,0.000208144282506026,8.17043934229104e-05,0.372139226182711,0.00020108751672785,0.00216308569518538,0.00177206104935631,0.000310224673092179,0.00810139627603342,1.95973021625714e-05,0.000998158617688565,0.00203886063593707,3.65525977604113e-05,8.51828081392771e-05,0.000995714396584414,8.13467560437415e-06,8.69997660206395e-05,0.00140488026822962,0.000329339727581414,0.00187422993017068,0.00315319070917812,0.0015752176616745,0.000368893605342191,0.00725949760640346,0.00125514621473077,0.000145627225692988,0.00203954337309015,0.0178154233373048,0.000258395466820575,0.00125732113847057,0.000537181911580019,0.000581683435873317,6.42033508504357e-05,0.415964943346461,0.000256471518374063,0.00762806941567676,4.93616234493433e-05,7.83810842085947e-05,0.00467094805723817,0.000439090669951884,0.00102532085648444,0.000178603581605032,0.000412032030447533,0.000145357099362412
0.00908462956608817,0.000172394307884975,2.23140142952282e-05,3.2074261791677e-05,0.00294965673871111,0.000284868744708078,0.00065014196010153,0.000295887474591544,0.000677112672512279,0.00192999017925862,0.00109247019835761,0.000492893681911733,0.00150773884118721,0.000178959983263677,0.000244182539461957,0.00976551877779267,0.000680706945994743,0.00113470565383941,0.00291950973684625,0.000153414225943969,0.000157586324686908,0,0.000203283794583449,0.000745553210875692,0.00128245683919248,0.00313315357932975,8.38284383718862e-05,0.000865371213225827,0.0014901372411239,0.000678449489737314,0.00147394142652332,0.0693336160890197,0.00160953194198662,0.00334699793322978,0.0733443117032985,0.00113991486465123,8.61397183299385e-05,1.72750077081127e-05,0.097752252145755,0.00024095997905516,0.00939821175391649,0.00497672978042255,0.00267532873891031,0.000244809535786667,0.000504451284363247,0.000257667849411129,7.73109214714787e-05,8.55264959317519e-05,0.000851807818799329,0.000192352925028778,0.0122336379350068,0.000324373137181926,0.00234852528051255,0.00192964979990972,0.000281405986185762,0.000413293155962096,0.000113737334552994,0.000114023331118503,0.000591995755367958,0.00527729765273922,8.45124148017975e-05,0.000137354582948264,0.00151306621342698,0.00836566605224095,0.00729486332399892,0.000805329875541984,0.00451193943747809,0.0105539656846554,0.00013124307116289,0.000635328932091443,0.00133498653282554,0.000105060579826365,0.0109803369277992,0.0035953256840753,7.95700901703832e-05,0.00157858638323147,0.000227299577917546,0.000880012261157851,0.000397670305792613,0.00114530217931713,0.000254200416126409,0.00114741975649902,8.32029694638429e-05,0.000178199125017693,0.000215847114049527,0.000870300740281297,5.12900249340837e-05,0.00047445623123598,5.87219696289742e-05,0.000392654255749704,0.347999949134103,0.224995283271056,0.0251390277876581,0.000283084521143212,0.00195671849538217,0.00327777026686548,0.00074761723997017,0.00310116035126915,0.000220498850806591,4.91094504927275e-05
0.00796169892871586,0.000180123701576093,0.000209248183803587,0.000121560446193854,0.000968702830159499,0.000565666654103528,0.00115580483523981,0.000179957257829368,0.000638996585816621,0.00634363127346048,0.00319910796587485,0.000884230418632114,0.00266054863643929,0.00051408006963545,5.00754587783288e-05,0.00858218798201048,0.000383557069092358,0.00181029744552126,0.00850219236600056,6.36048369895178e-05,0.000217680002551067,1.83550157740015e-05,0.000494010075691312,0.00104139897772843,0.00270761206397252,0.0098065478910362,0.000200472749001785,0.00121600810811987,0.00190243641246621,0.000721328066026887,0.00224082674651105,0.0456537656855858,0.00142870429651753,0.00539075622812305,0.0116816388588691,0.00156920642426612,4.63711207869339e-05,4.55960743010104e-05,0.00515962611384784,0.000294128387361323,0.0116944609561897,0.00152098824532827,0.0162750378144788,0.000458489507813986,0.000759341916070897,0.000212988331406823,0.0005351889520335,0.000155583060078375,0.00214079818728284,0.00053025311662936,0.0392548262337504,0.000202362033168204,0.00679264717498392,0.00252078514477096,0.000557240660538259,0.00063156867226165,0.000214567808741624,0.000133334351066055,0.000479077487457615,0.0124037375613347,0.000207588880866124,0.000331564324514182,0.00366724866059348,0.00697952756980355,0.019104040263096,0.000471506441113165,0.00434533807017838,0.0136349845396125,0.000355985128116707,0.000506281172584247,0.0038307538653725,0.000115089111408826,0.00155177458682325,0.0080780607583663,8.84227148700571e-05,0.00261378285321998,0.000536722485548091,0.00180117851729207,0.000554018688379314,0.00140570586972525,0.000487926508816541,0.00180318967188352,0.000300611606325853,0.000590057018017113,0.000414149847303195,0.00147082306895164,0.00023306961815745,0.000346610295925006,0.000134491091391211,0.00186213137781105,0.00362539721547009,0.666694726572385,0.00128872529277198,0.000304590037746106,0.00313407623430486,0.00559898960740996,0.0011902109378333,0.00557024900258105,0.000378572131910433,0.00010680890172361
0.00985786858036229,0,4.86252640066028e-05,1.60807363623779e-05,0.000148284784700558,0.000547404003389883,0.00193402011990889,0.000683024436985307,0.000595193859305115,0.00193866400742232,0.000379640668978824,0.000511865506229471,0.00103299650479974,0.000288213043925793,0.00038327200667932,0.00751252277394742,0.000842797974097887,0.000827252533643847,0.00278095359043448,1.26679976700875e-05,0.00104903258566791,0,0.000166009575491881,0.00077884752238575,0.00205168810192891,0.00268635441705157,0.000693201222467959,0.00315344165011742,0.000988777492133968,0.000615631166081222,0.00106273440421656,0.0501533744124524,0.00859252811074455,0.00282751606463182,0.0640054296933363,0.000489526891526484,0.000536093213936944,0,0.0509234999845767,0.000884379626966979,0.00689945542015403,0.0696271418800112,0.00848489929552695,0.00100471059274613,0.000277149274607787,0.00201342440860605,0.000210839045886724,0.000295216243192874,0.0011228607786264,0.000100320618023827,0.0205729265056235,0.000142720306825453,0.00203921980917145,0.00169770211238242,0.000173475361293866,0.000263663011193842,8.04036818118894e-05,0.000201314083044644,0.00195119189228342,0.00559442278044972,2.43126320033014e-05,0.00079421358721699,0.00220935889698444,0.0535784757068225,0.00476863818803157,0.00831888189180527,0.00234049117065355,0.00582285158269839,0.000121820413514442,0.00152227670401039,0.0011630836844437,0.000414925559206254,0.00486186301648244,0.0154582485017476,0,0.000997456112822447,0.000248202730479582,0.00150584229252897,0.000538354077449054,0.000862188561271695,4.86252640066028e-05,0.00048030393568432,0.000221190613018781,0.000192090891758528,0.0001591840981073,0.000932963548592601,0.000176888099986157,0.000277640282269418,0.000240994198175533,0.00229448978755897,0.169162708673245,0.248903206110221,0.10620545905006,0.000842994733144784,0.00119486667932449,0.00275000507313451,0.00126674176443343,0.0138434987790031,0.000303726181244199,0.000198465296831371
0.00153620722478201,0,0,4.56701180078673e-05,0.000116078216603329,0.000144733976921991,0.117419423550034,0.0188253895300834,0.000887948663965201,0.00135771928586535,0.00152548166676501,0.000526970205973725,0.00051529827519052,0.000169397333133756,0.00266251971321608,0.0050725614188802,6.47739582203085e-05,0.000640969116105068,0.00209841709623284,6.97161271104944e-05,0.057242123359819,0,0.000152382975444551,0.000221291802489249,0.0110618256305397,0.000970218646300526,0.00402243363413424,0.0393186236839126,0.000981012044659189,0.000449544024033174,0.00109959017785282,0.00385448808431209,0.0089857551428508,0.00373196503525072,0.00181698143884182,0.00167416055955474,0.00319260718288924,0,0.000425386078366802,0.00178806788522483,0.00666275259554094,0.00423299648658941,0.00218386200655802,0.000119995996334396,0.000184769954554705,0.00839300354958306,6.85051770118009e-05,0.00842869435333223,0.000826241089188083,3.23869791101542e-05,0.0130334152080326,0.000472955725941247,0.00128335270333382,0.00452855311109769,0,0.000702011855533884,0.000208412313624434,9.29548361473258e-05,0.079778552571767,0.00310630070022494,0,0.000354170679705544,0.00121557341797782,0.0139924809021637,0.00437917546278883,0.00182338895911193,0.00494676846535066,0.00232165591652783,0.00152287320562805,0.0556422242302662,0.000813147903247027,0.0211973965481939,0.000347108500138374,0.213787361558724,0,0.00113522331731157,0.000330050046227087,0.00137094815248973,0.00016295928470989,0.000503110757810672,0,0.00165937136507209,0.000224619371247844,0.000647739582203085,5.52220381140879e-05,0.000124534515191684,9.71609373304627e-05,3.23869791101542e-05,0.015969144937213,3.23869791101542e-05,0.00290036795108831,0.0324492090555622,0.000222099102555045,0.178799597446267,0.00222867733626092,0.00599611608616749,0.000681642792949418,0.00288192216219,0.000144733976921991,0
0.00842465011615368,0.00364992380322687,0.0019404555333523,0.000526496382750503,0.0472412919002737,0.0281941279867856,0.000749779823929178,4.22674068636266e-05,0.000554917441431903,0.00820877553425187,0.017035656744587,0.0121311721462265,0.0115982865158428,0.0547233228548128,5.57364656453695e-05,0.00308583309269726,0.000177422390463933,0.0420255360455845,0.00288469449127908,0.000169702941228401,7.47295545490986e-05,9.67743083776071e-05,0.00289715427057989,0.00111313595369478,0.00130234774626923,0.00562803451748738,0.00011241760717781,0.000806367755381682,0.00689647824621921,0.00241958409778817,0.000618131892567265,0.00694629511801875,0.000723942320694188,0.0292141798320367,0.00149276314387588,0.0195702911655031,2.77125517660968e-05,0.000204492362602035,0.000941565906095932,0.00010852028598934,0.0244059688550091,0.000372205866124308,0.00365652884966054,0.00206318805845304,0.0038531741369176,2.98907628648851e-05,0.000209974291918685,8.12787484733353e-05,0.0200708582689399,0.00198012508152648,0.00616597584789915,4.70170027830018e-05,0.00296396710880121,0.000830881969635676,0.00911517605326713,0.00561772809326405,0.000900487543636637,0.000547435484861582,0.00010852955184344,0.0652527913720445,0.00316416342433436,0.00139081403982963,0.00458101672034124,0.00249039912313405,0.0155804591013886,0.000111942621847389,0.00286665773411857,0.00687841527257468,0.000102056874754054,0.000296550167396339,0.00210902951115097,2.61623596674318e-05,0.00052531818527855,0.00324388749485903,0.000432455758717285,0.00473667181783,0.00139266235710704,0.000874455457465542,0.00222979407179476,0.00627066584306519,0.0022465708198747,0.00104489893163671,0.000774549253632812,0.00311874268553569,0.00122259139233226,0.00608990723035552,0.00079532208513976,0.00131502383914016,5.94794294706945e-05,0.0168208368522051,0.000751379250070066,0.055946809284528,0.000207953085569928,0.000154612468286914,0.323974109170157,0.00125046252992666,0.0432068450428209,0.00255265088144381,0.00498296322043245,0.00129256340880132
0.00323961801197324,0.000230943968601211,7.75474239085234e-05,0.000167650771422934,0.00081880728406538,0.000285133936691403,0.00363570555541741,0.00042704402043918,0.00220431008656492,0.00432973236430877,0.0015551143383656,0.00058274071131625,0.00223800232590946,0.000442445230282372,4.00500204402596e-05,0.0233050584577282,0.000186930718622418,0.00101033858999356,0.00157556136825386,0.000135420636362985,0.000528079809074967,4.83915541544806e-05,0.000339657667418627,0.00100354731912902,0.0112929607270177,0.0138184807922019,0.000106234114036349,0.000796972061065922,0.000782414536491454,0.000449133626292781,0.0248783924493796,0.00803920556931462,0.00311624735760276,0.0028133813810742,0.00282678296516548,0.000758638264536378,0.000184353066706812,6.86304445784131e-05,0.000729679002363507,0.012051940569926,0.00605366564215133,0.00176858127682014,0.00875763449588192,0.000668459702930821,0.000428478765323437,0.000625167217285979,0.000590002076858323,0.000284612528541395,0.00156487687674265,0.000207817699869239,0.079816702664733,0.00179372427511211,0.00168933931245398,0.0424011398004637,0.000147530455851645,0.000416882821261949,0.000171260254979019,1.45846200662382e-05,0.00130063484591984,0.00412649204938721,7.10272903585854e-05,0.000180648217837015,0.00278561490669439,0.0112413709025086,0.0192545940084483,0.000463053544514688,0.0182378285154427,0.00293615401853739,0.00115283432669228,0.00112026072050593,0.00868596894277246,0.000315591512670019,0.000280860772827755,0.0408912926074619,3.34317488759781e-05,0.00164818615583007,0.000653088528318573,0.00294477985671651,0.000377108931624768,0.000721349197376634,0.000217903868790143,0.0175422211504873,0.000692005587044138,0.000501024912146343,0.000421843435964658,0.000833961194563032,0.000462649127008581,0.000422259243245255,0.000115717549029392,0.00140035186313618,0.00132778923496409,0.0745650334095715,0.000404602747962858,0.000389762748022872,0.00103234987691456,0.460332638615175,0.00060579732084864,0.0404895589496562,0.000243938044034845,5.46799345872695e-05
0.00229704299893302,0.0230068510193786,0.0105256361143691,0.000214639234023608,0.0283692430706226,0.00453796200679762,0.000316650264718801,2.51028049511677e-05,0.000200561373469604,0.00397697325087242,0.00377298489243776,0.00972148852684356,0.00540030397497286,0.0328438054910065,1.20882719009783e-05,0.0024348360223629,6.17299236814391e-05,0.0377955663291777,0.000451471302926703,0.000504875469639076,4.17793216927861e-06,4.60673978291269e-05,0.00133629192610639,0.000691535427015679,0.00038489179200079,0.00169731202812357,0.000176516043556976,0.00130534908343087,0.00422747142873752,0.00530497734222242,0.000452947844055449,0.00145632937015465,0.0001550083508575,0.0621195920686406,0.000301809230017276,0.00367030571395744,2.42355489375564e-05,4.20267609705779e-05,0.000236386544296237,4.48382959781727e-05,0.0109684099264016,0.000230375620436151,0.00119001893382526,0.00104889608101247,0.000966591981775989,5.68240273139236e-05,0.000133492836453383,0.000152662557210498,0.0448046282583972,0.00141005031574846,0.00171125249947317,3.36118914964208e-05,0.000415258022033767,0.00028805519486071,0.00255200950803434,0.0023684333858227,0.000228113222071977,9.20152121262264e-05,0.000162923471583138,0.017203553703885,0.00066407001837926,0.000767726714026793,0.000795147291500805,0.000383941109466646,0.00466729017934204,4.15397313849142e-05,0.00248008619650897,0.00121767840697448,6.50830258767964e-05,4.32388198547321e-05,0.00129037814050386,1.19891234254911e-05,0.000137442432736243,0.000950261910863742,0.000114448524428292,0.00325865070695359,0.00165331261023887,0.000627742412180919,0.00105909952559174,0.00534943368430951,0.000929940079628424,0.000358507988356308,0.000470311472216441,0.000806195830115698,0.00252180156938337,0.0884979169089406,0.000549381121617084,0.000398903682313816,0.000101416709524114,0.00149340316405049,0.000265927395257832,0.00719021589929091,5.74402742842708e-05,0.000148876963031575,0.041581944184113,0.000520851009212186,0.447592633483234,0.000322649223454505,0.0440337796586112,0.000414283696709971
0.00377862692698307,4.76883433995748e-05,7.10243987650063e-05,7.1930180049871e-05,0.000505257798622,0.000484054976585846,0.00527939766600381,0.000713657414782744,0.00125063027050321,0.0031208893134427,0.00164526429538752,0.00100506457711096,0.00145570741113498,0.000365654829134033,8.19282252675216e-05,0.0259114871836908,0.000128091613269066,0.00180215878944251,0.00163639785577817,9.53116922509522e-05,0.000527107646934723,8.97139366379385e-06,0.000528356261851129,0.00088132774475441,0.00695138313552868,0.00703759817912392,0.000251093003515356,0.00174035205539764,0.00126088541814823,0.000437977386848949,0.0028718260357147,0.0103105820066968,0.0252237288433734,0.0025484696705323,0.00711845119857626,0.000643671181726008,7.65337290806156e-05,2.90052591561626e-05,0.00140958666195557,0.00674538745734572,0.00590943273650206,0.00600613516721986,0.00509520521382654,0.000711396750312505,0.000318890156960364,0.000730158655118721,0.000339968036384595,0.000511292748306296,0.00131618179358944,0.000374881013209855,0.0530628071833643,0.00106164771576041,0.00178929271914386,0.0107053750762059,0.000313544454652816,0.000690573166123323,0.000438021435220836,3.02251042783864e-05,0.00212605418500126,0.00516166179977019,4.2710857168995e-05,0.00016657763801332,0.00101066711181986,0.0898259865867329,0.010879713426696,0.000987174183712245,0.0065313965152707,0.00321186578801467,0.000763691930373556,0.000907035103890624,0.00309847536957519,0.00017248417679119,0.000830734549682185,0.0588687418571357,3.39947056154443e-05,0.00130432858075068,0.000719884941575556,0.00222222211679193,0.000393298210376057,0.000973031421221616,0.000213174561237519,0.00271455698660374,0.000373434620217035,0.000314306916158803,0.000227357256937696,0.000646853471631834,0.000360489198456985,0.000287817267570691,0.00031743534588131,0.000973028284273314,0.002030389042892,0.127821166258271,0.00124840267739355,0.000786466338919121,0.00157649870686498,0.0501184250342645,0.000580266117154443,0.403558376793357,0.000113555074229696,4.87218339964121e-05
0.00479427389231092,0.0037735453190431,0.00571500006802161,0.000260327441566415,0.00330454709495233,0.00127093794826765,0.000664012685739423,2.97967745505719e-05,0.000455334753994361,0.00697912657426592,0.00442492323951414,0.00317457761274825,0.00356402131602823,0.00295852100491216,0,0.0037399254430027,0.000211994659914212,0.0137532470424672,0.00129513151082431,0.000290841828675966,2.14113310064639e-05,1.62680121351762e-05,0.00156445827441564,0.00146525911878332,0.000587332525536098,0.00241198791046221,8.84842757571609e-05,0.00103145735131016,0.0191661208849872,0.0374458278802472,0.000557004916949284,0.00198653647969545,0.000182307218882719,0.266092358777821,0.000109416955000767,0.00313993053034241,0,0.000118420919034047,0.000336039657986707,1.43301187992314e-05,0.0328944264077383,5.46492178503867e-05,0.000782733045103024,0.000950765371303661,0.00104408320644436,5.68173920426265e-05,0.000209818101955768,0.000211520204433075,0.0573336583232574,0.00114240662505984,0.00132851482038307,7.47528865978139e-05,0.000563212227829648,0.000810568349724338,0.00215019147558625,0.00148887571606272,0.000107627522358601,0.000223330816745926,0.000302689214902803,0.0131981700882403,0.000305654082943634,0.00110266269371732,0.000657203214297013,0.000670875217712643,0.00532388503646314,1.63675059454415e-05,0.00165366157468821,0.0019428954327816,5.74912882019642e-05,0.000148884378942594,0.000911493155103163,3.39397494174932e-05,0.000605404792190419,0.000740186191110507,0.000120191088661105,0.00593478516893583,0.00157474318936611,0.000577316402810086,0.00318401755901587,0.0104638251839912,0.000708853932272153,0.000469818419756164,0.000732366596069365,0.00099912939340821,0.0177053985361584,0.141973190928875,0.000699325713069185,0.000264209176636257,7.69864917013228e-05,0.00143663022573783,0.000103344923621776,0.00641435010984781,6.14509741165519e-05,0.000145690011533294,0.00841376830203213,0.000755218077179915,0.0675278424535928,0.000437108529839773,0.202671597349752,0.000454386584932349
0.00120201210644126,0.000350654995186159,0.00010437352193293,0.000614654209292161,0.000268488745246883,0.0218234792969265,0.000192677460111658,0,0,0.00405093198508656,0.280195544428823,0.0244444324124756,0.00101341488260313,0.00347182972306778,0,0.00137286356940975,0.000108824166453089,0.0118325538364096,0.000374119670640619,0.000687092059262594,0,0.00131504323070029,0.00330838330244447,0.000206138531568405,0.000862190823865162,0.00231675740391617,0,0.00113663475947053,0.000791256825824759,0.00135587577844636,0.000284581630441552,0.00174258015600459,2.47345553863699e-05,0.00207186846582466,0.000143498333614423,0.00747336853870515,0,0.00150762468166057,0.000257322747711794,0,0.00189687196942627,0,0.000463273368914545,0.00936599925737765,0.0194279187251242,0,0,6.91138210760793e-05,0.00338231333280745,0.00431288576571827,0.000392166934663415,0.000169428756674206,0.000536741173085615,9.64568887599041e-05,0.00227396069323504,0.056351645891343,0.00236846735273841,0.0446607082455729,2.47345553863699e-05,0.00930412137319583,0.113822769909427,7.66438085484323e-05,0.000886015998555829,0.00018277527775,0.00561189641185452,0,5.52910568608634e-05,0.00113316957575128,0,0.000172984342765822,0.000376075700970481,0,0.000336358444266877,3.06406864285597e-05,0.000769573399079404,0.0011973601174909,0.000150292459098737,0.000188895729307463,0.000238916899639681,0.00107511572302317,0.00430279739388352,8.14810987692642e-05,0.0010966612979471,0.000147381486054675,1.23672776931849e-05,0.000694525385309779,0.00215586632833693,0.00268008793861545,0.000102833850456833,0.00167324840609012,0.000115427925136393,0.00498142717212624,5.16550467981275e-05,7.56591526811405e-05,0.0139296721816751,0.000138576858439525,0.00124634803061901,0.000100907533280063,0.000809807742364536,0.30729587741285
