0.248034079280156,0.00260794357694857,0.045172884787913,3.41589844533922e-05,0.00408769180625593,0.000336845541137618,0.000390456169515858,0.000911855112769719,0.00212876893392182,0.000575958432311363,0.00953225438385494,0.000438373633818533,0.00748888291106661,0.000452132113667816,0.00772799580224035,0.0221231611673074,0.00161448644576241,0.000829778664013652,5.88293621141755e-05,0.00212022918780847,0.00269286660774242,0.00426655204429661,9.91559409827635e-05,0.0029044625392176,0.0408275773072378,2.37215169815224e-05,0.00016937163124807,0.00109308750250855,0.00412517180308674,3.84288575100662e-05,0.000920394858883068,0.00142898418296691,0.00310419771220202,0.0423153908523188,0.0029092068426139,0.00164627327851765,0.000614387289821429,0.000603949822349559,8.87184735108936e-05,0.0010907153508104,6.49969565293713e-05,0.000255717953060811,0.000510012615102731,0.00147927379896773,0.0026520655985342,0.000195939730267375,0.00124016090779399,0.000465416163177469,0.000108644547775372,5.64572104160232e-05,0.0032488989657893,0.000505268311706426,0.00575531445005695,0.00886235874429675,0.00030790529042016,0.00045592755638486,0.000812699171786956,0.00128380849903999,0.000377646550345836,0.00318105542722215,0.000258564535098594,2.46703776607833e-05,0.0502374286634681,0.000226777702343354,0.00014897112664396,0.000577381723330254,0.00236598410373704,0.000555083497367623,0.00121454166945394,0.000362464779477662,0.000154664290719526,0.00046636502385673,0.00110826927337672,3.41589844533922e-05,0.00306908986706936,0.00923810757328407,0.00111301357677303,0.000289402507174573,0.000195939730267375,0.07393380083699,0.00134026570945601,0.000869156382202979,0.000938897642128655,0.000310751872457943,0.000164627327851765,0.000913752834128241,0.0122089903600499,0.00041322882581812,0.0178314643150104,0.000145650114266547,0.00553328105110991,0.0121985528925781,0.000471583757592664,0.0006466485529163,0.00151960037783632,0.000388084017817706,0.000119556445586873,9.4411637586459e-05,0.000405637940384032,0.000175539225663265,0.000313598454495726,0.00124063533813362,0.00856868636406551,0.000804633856013239,9.91559409827635e-05,0.00406254699825552,0.000386660726798815,0.000930357896015307,7.30622723030889e-05,0.00046636502385673,0.0010518120629607,7.92298667182847e-05,0.02640774156451,0.000170794922266961,8.44486004542196e-05,0.00128997609345519,0.00235175119354813,0.000223931120305571,0.000671318930577083,0.000193567578569222,0.00426370546225883,0.000334473389439465,7.59088543408716e-06,0.000691245004841562,0.000105323535397959,0.00107031484620629,0.000158459733436569,9.82070803035026e-05,0.000349180729968009,0.000185976693135135,8.0653157737176e-06,0.0247448632241052,0.000271374154268616,0.00838697954398705,0.000223931120305571,0.00104469560786624,0.00337794401816878,0.067594462638848,0.000379544271704358,0.0019726813521834,0.00360994045424807,0.000445015658573359,0.000510961475781992,0.00044549008891299,0.0003506040209869,0.00012714733102096,0.000510012615102731,0.0561445608222068,0.000114812142190568,0.0013369446970786,0.0628662898740909,6.2624804831219e-05,0.0027891759666874,0.00084828144725924,0.00170083276757515,0.000483444516083426,0.000281337191400855,0.000224405550645202,0.000695514877898236
0.00692384592282977,0.131310347097374,0.0141781824115938,0.000116563062673902,0.00214887434364711,0.000549903389790996,0.000164559617892567,0.000231754795198699,0.0106812905313767,0.0371534477296944,0.00453636013323844,0.000189243560576452,0.00832808799551301,0.00204739591261336,0.0011011781097311,0.00241628372272253,0.000390829092494847,0.000677437093657735,2.19412823856756e-05,0.00250542018241434,0.000190614890725557,0.00156057370968118,4.93678853677702e-05,0.00492307523528597,0.00812513113344551,2.19412823856756e-05,0.000112449072226588,0.00192946151979035,0.0013919001013413,0,0.000562245361132938,0.0207358831846126,0.0024958208713706,0.279714324503338,0.0103754839081264,0.000682922414254154,0.00908506223781882,0.000264666718777212,6.99378376043411e-05,0.00318422860622118,0,4.38825647713513e-05,0.000460766930099188,0.00161816957594358,0.00179369983502898,0.000841996711550302,0.00371904736437202,0.00103124027212675,0.000134390354612263,0.00194043216098319,0.000422369685924256,6.99378376043411e-05,0.00100655632944287,0.0011313473730114,0.00166753746131135,0.000357917168916334,9.0507789840912e-05,0.000307177953399459,2.19412823856756e-05,0.00195003147202692,0.000352431848319915,2.46839426838851e-05,0.0120293080679467,0.000115191732524797,0.000309920613697668,0.000201585531918395,0.00179232850487988,0.000570473342027566,0.00042648367637157,9.87357707355404e-05,4.66252250695607e-05,2.46839426838851e-05,0,2.46839426838851e-05,0.00148789321177863,0.00547434995522607,0.0132525345609481,0.000338718546828868,9.46217802882262e-05,0.0134486347722701,0.000490936193379492,0.000393571752793057,0.000117934392823007,0.000330490565934239,0.0003771157910038,0.0196923009411439,0.00443625303235379,0.000689779064999678,0.00231480529168878,2.46839426838851e-05,0.00073091896947282,0.107181793123876,0.000748746261411181,0.000183758239980033,0.00101204165003929,0.000260552728329898,2.19412823856756e-05,6.85665074552364e-05,4.79965552186654e-05,0.000230383465049594,0.000356545838767229,0.00103946825302138,0.00219824222901488,0.000582815313369509,6.99378376043411e-05,0.000349689188021705,0.000552646050089205,0.000445682298459036,0.000383972441749324,2.46839426838851e-05,0.00206796586484993,0.000436082987415303,0.0108019675844979,0,6.58238471570269e-05,0.000861195333637769,0.000759716902604019,2.46839426838851e-05,0.000430597666818884,0.000142618335506892,0.000990100367653613,4.66252250695607e-05,9.0507789840912e-05,0.000120677053121216,0.000257810068031689,0.000253696077584375,2.46839426838851e-05,0.000186500900278243,0.000821426759313732,4.66252250695607e-05,2.46839426838851e-05,0.00165519548996941,7.13091677534458e-05,0.00458572801860621,0.000415513035178732,0.00597899945009661,0.0575423843865835,0.0040906778347794,0.000208442182663919,0.000441568308011722,0.000255067407733479,0.00243411101466089,0.000109706411928378,0.000894107257216282,0.000355174508618124,2.46839426838851e-05,0.000356545838767229,0.104467930758798,2.19412823856756e-05,0.000555388710387415,0.00749020527441002,0.000157702967147044,0.000352431848319915,0.000319519924741401,0.000119305722972111,0.00103398293242496,0,0.000139875675208682,0.00223938213348802
0.0952854210155409,0.0105716433893053,0.172181242089534,6.91367879205461e-05,0.00347098101173833,0.000135130994571977,0.000170485033849528,0.00172134889015814,0.00223516092765856,0.00269554908358402,0.00739842195281571,0.000651299968024236,0.0149971834615376,0.000623802381919473,0.00308994303285804,0.0112850093373946,0.000547594786143416,0.00107869102062398,0.000231765368597285,0.00204896298746346,0.00105276472515377,0.001473084969898,0.000706295140233761,0.00511926488738953,0.0225142378572624,6.28516253823147e-05,5.42095268922464e-05,0.000705509494916482,0.00680840231953924,0.000125703250764629,0.000963986804301251,0.00247871097601503,0.00114782780854452,0.149861058625639,0.00287860444251001,0.000998555198261524,0.000916848085264515,0.000868138075593221,0.000201125201223407,0.00199475346057121,4.00679111812256e-05,0.000378681042928446,0.000628516253823146,0.000833569681632948,0.00319679079600798,0.000146130029013882,0.00213931219895053,0.000232551013914564,0.000187769230829665,0.000277332796999463,0.00151472417171378,0.000424248471330624,0.00434226166860066,0.00422048664442243,0.000491028323299333,0.000249835210894701,5.65664628440832e-05,0.000393608303956746,0.000356682974044636,0.00147072803394616,0.000348826520871846,1.41416157110208e-05,0.0364727982093572,2.82832314220416e-05,0.000373967171024772,9.19205021216352e-05,0.000531096234480559,0.000767575474981518,0.000407749919667766,0.000203482137175244,5.42095268922464e-05,0.000769932410933355,9.4277438073472e-05,0,0.00251799324187898,0.00620345542523446,0.00378759607460174,0.000310329900325179,5.10669456231307e-05,0.0382365719466484,0.000949059543272951,0.000214481171617149,0.000334684905160826,0.000197196974637012,0.000173627615118644,0.0028864608956828,0.00979464017051646,0.000541309623605185,0.00707316479146224,3.77109752293888e-05,0.00179284261403053,0.0209130927006479,0.000540523978287906,0.000643443514851446,0.000914491149312678,0.000328399742622594,6.52085613341515e-05,0.00011784679759184,0.000178341487022318,4.16392018157835e-05,0.00144794431974507,0.00116275506957282,0.00291317283647028,0.000514597682817701,0.000361396845948309,0.00584127293396887,0.00102998101095268,0.00165692597414127,8.32784036315669e-05,0.00053738139701879,0.000865781139641384,7.77788864106144e-05,0.0548184020131376,5.49951722095253e-05,0.000117061152274561,0.00154143611250127,0.000576663662882737,3.92822658639467e-05,0.000684297071349951,4.16392018157835e-05,0.00245985548840034,0.000121775024178235,6.36372706995936e-05,0.000315829417546131,0.000211338590348033,0.00033861313174722,0.000330756678574431,0.000109204699101772,0.000927061474389141,2.74975861047627e-05,0,0.00767418345918062,0.000247478274942864,0.00510512327167851,0.000271833279778511,0.00247713968538048,0.00769932410933355,0.0157294048972415,0.000321328934767084,0.0014023768913429,0.00132931187683595,0.000485528806078381,0.000248263920260143,0.000638729642947773,0.000292260058027763,0.000163414225994018,0.000850068233295806,0.145943045428369,7.93501770451723e-05,0.000566450273758111,0.0328006919963955,6.75654972859883e-05,0.00188162053488305,0.00041246379157144,0.000512240746865864,0.000600233022401105,0.000202696491857965,0.00011784679759184,0.000603375603670221
0.000160138981224918,0.000262045605640774,0.000247487516438509,0.0431792925739187,0.000232929427236244,8.24958388128364e-05,0,0.0066870156402405,0.000329983355251345,0.000339688748052856,0.00883190744937425,0.00032513065885059,0.000509533122079283,0.00180035036468013,0.000494975032877018,0.00184402463228693,0.00140242925981822,0,0.0309116760728099,0.000329983355251345,8.24958388128364e-05,0.00102391894055932,0,8.24958388128364e-05,0.00230988348675942,0.00107729860096763,0.000960833887349506,0.00398891644142068,0.00460035618791582,0.00346967792653988,0.00131993342100538,0,0.00977818324752149,0.00122773218939104,0.0268354110961756,0.00063085053209816,0.000174697070427183,0.000480416943674753,7.76431424120813e-05,0.0058766153413144,0,0,0.0790649824575025,0.00203813248831713,8.24958388128364e-05,0.00102877163696008,0.277418947838366,0.000562912782487589,0.0359293641511906,0,8.24958388128364e-05,0,0.000412479194064182,0,0.000402773801262672,0.000480416943674753,0.00154801015184087,8.24958388128364e-05,0.000339688748052856,0.00425096204706145,0,0,0.00060173435369363,0.00872029543215688,0.0240887849333482,0.000242634820037754,0.00233899966516395,0.000242634820037754,0.000407626497663427,0.000232929427236244,0,0.00166447486545899,0,0,0.000412479194064182,0.0053039971660253,0.000742462549315527,0.000155286284824163,0.000640555924899671,8.73485352135914e-05,8.24958388128364e-05,7.76431424120813e-05,0,0.000475564247273998,0,0,0.000490122336476263,0.0676562932193273,0.000873485352135914,0,8.73485352135914e-05,0.0153684895011913,0,0,0.000257192909240019,0.000164991677625673,0.000164991677625673,8.24958388128364e-05,0.000732757156514017,0.0427910768618583,0.0935211650353519,0.0014800724022303,0,0.0003348360516521,0,0.0246419923230343,0.000232929427236244,0.000713346370910997,0.000242634820037754,0.00249913864638887,0.00116949983258197,0.000160138981224918,0,0.0003348360516521,0.000465858854472488,0.000659966710502691,0.000504680425678528,0.000761873334918548,0.000155286284824163,0.00712861101270921,0.00112582556497518,0.000174697070427183,0,0,0.0190516860693644,0.00101906624415857,0,0.000912306923341955,0.00856015645093196,0.000169844374026428,0,8.73485352135914e-05,0.00111612017217367,0.000164991677625673,0.0193622586390128,0.0398406374501992,0.00869117925375235,0.000519238514880793,0,0,0.00213033371993148,0.00107244590456687,0.000155286284824163,0.00118405792178424,0.000645408621300426,0,0.000155286284824163,0.00156742093744389,0.000164991677625673,8.73485352135914e-05,8.24958388128364e-05,0.000659966710502691,0,0.000572618175289099,0.000854074566532894,0.000329983355251345,0,8.24958388128364e-05,0.013572991832912
0.00126039439562089,0.000123460575565893,0.00031047898032936,8.36607847584671e-05,0.325535484863997,0.00206268507664201,0.00629120978977385,0.00245012385654287,0.000382768396285705,0.000116962650536109,0.0981253689349231,0.00200176702948779,0.000322865649917385,0.000117774891164832,0.000979156077925554,0.00559024612718592,0.000799244778663413,0.00360188106807206,6.53853706122e-05,0.000904023819768678,0.00121876706339883,0.00336958024825729,0.000417694743320793,0.000113307567706856,0.00978059553076778,2.84284220053043e-05,0.000237580383901472,0.0109199660727089,0.025935046335282,1.01530078590373e-05,0.00282456678638417,0.000103763740319361,0.0188080409385522,0.00121450280009804,0.000735890009623021,0.00807570245107824,0.000736702250251744,0.00503101845431015,0.000691825955514799,0.00107621883305795,0.000122039154465628,0.00220888838981215,0.000978749957611192,0.0165457477274015,0.00162874552074676,0.00032428707101765,0.00311717647288162,0.00224909430093393,0.000150061456156571,0.000164884847630765,0.000864630149275613,0.000474348527174221,0.00128516773479694,0.000259307820719812,0.00202207304520586,0.00652919629398968,0.00208969207754705,0.0164602594012284,0.000546028762659024,0.0295748996527468,0.00097001837085242,0.000405714194047129,0.00619495927527018,0.000949103174662804,0.000436985458252964,0.0114588877298666,0.0242961478066762,0.00286314821624851,0.00852507457891923,0.00840851804869748,0.000345811447678809,0.000612429434057128,0.000456682293499496,0.000368554185283053,0.0105465384436535,0.0308115360099776,0.000149452275685029,0.00488522126145437,0.00524301325840684,0.0013034431489432,0.00164742705520739,0.000218492729126482,0.00220807614918342,0.028809972040647,0.00124597712446105,7.26955362707068e-05,0.0187436708687259,0.00100778756008804,0.00124577406430387,0.000256871098833643,0.000186409224291924,0.00404394303025454,0.00159747425654092,0.00216665187711855,0.000218898849440843,0.000473536286545498,0.000564913357276833,6.57914909265615e-05,0.000538718597000517,7.47261378425143e-05,0.000339110462491845,0.00536545853318683,0.00043860993951041,0.00941285358611345,0.000319007506930951,0.0048880641036549,0.0144154436184183,0.00960718215653542,0.000394545885402188,0.00253398770145852,0.00595392686869663,0.000766958213671675,0.000736905310408925,0.000640857856062432,0.000911537045584366,0.000702385083688198,0.0382317602736764,3.12712642058348e-05,0.00173819494546718,6.84312729699112e-05,0.0106174064385096,0.00685795068846531,0.000282456678638417,0.000226818195570892,0.000180114359419321,0.00461982163601914,0.000304184115456756,6.11211073114043e-05,0.000941589948847116,9.01587097882509e-05,0.000257074158990824,0.000562476635390664,0.000448356827055086,0.000828079320983079,0.000156356321029174,0.00161838945273054,0.00127866980976715,0.00141045585177746,0.000731625746322225,0.000507853453109044,0.00142568536356601,0.000173819494546718,0.00267917571384275,0.000739748152609455,0.000936310384760416,0.000619739599715635,0.0113260863870704,0.00145756580824339,0.000898135075210437,0.0162289738821995,0.00101306712417474,5.86843854252354e-05,0.000365305222768161,0.00192440110960192,0.000693247376615064,0.000171179712503368,0.000533439032913818,0.0141841580993894,0.000425207969136481
0.000329085155134777,7.19873776857324e-05,0.000200931801452484,1.97767521114649e-05,0.0022612738364249,0.0793162464831991,0.0310902409243496,0.00272128109053758,0.000278852204771656,0.000104816786190764,0.00257335098474382,0.00018629700489,5.85391862499362e-05,6.13079315455413e-05,0.000290718256038535,0.00200931801452484,0.000361519028597579,0.000726993407617451,6.72409571789808e-06,0.000218730878352802,0.000351235117499617,0.0021801891527679,0.000961941222701655,0.000130922098977898,0.00252430463950739,3.99490392651592e-05,0.000418476074678598,0.00463290194963178,0.0838008227919949,5.18150905320381e-05,0.00154970629545439,5.37927657431846e-05,0.00906487209781107,0.00127718265135841,0.00050193396858898,0.00207655897170382,0.000262239732998025,0.00216871863654325,0.000210029107423758,0.000573525811232483,0.000284785230405095,0.0076963208516977,0.000393557367018152,0.0130930009678742,0.000102839110979618,0.000223081763817325,0.000520128580531528,0.00158372230908611,0.000153072061342739,0,0.000329876225219235,0.00698593991585387,0.000580645441992611,1.93812170692356e-05,0.0022909389645921,0.000757845140911336,0.00224822118003133,0.0206524666949606,0.0199203313317942,0.0214130805811675,0.00154298219973649,4.70686700252866e-05,0.00134561021366407,0.000992001885911081,0.000559286549712229,0.00185110399763312,0.0884681362903006,0.0976022270205018,0.169660405478793,0.000232574604830828,0.000410169838791783,0.000660939055565158,0.012630224968466,0.000126966748555605,0.00286644245103573,0.00348743246733573,0.000370220799526624,0.114571075867181,0.00044023050200121,0.000127362283597834,0.000783159383614012,0.000195394310861274,0.000217148738183885,0.000527248211291655,0.000683880088014458,2.61053127871337e-05,0.00170950245251503,0.000246022796266624,0.000451701018225859,0.000368243124315477,3.95535042229299e-05,0.00158688658942395,0.00865232904876591,0.00104381697644312,6.4867746925605e-05,0.00025393349711121,0.020549627583981,1.93812170692356e-05,0.000545047288191974,0,0.000171266673285286,0.00104658572173872,0.000437066221663375,0.00256860456423707,0.000640766768411464,0.00163514186457592,0.00186811200444898,0.0176380941381311,0.00313461520966719,0.00144370290413694,0.00128944423766751,0.00183449152585949,0.000300211097052038,0.000414125189214076,0.000699701489703629,8.26668238259235e-05,0.00144370290413694,4.42999247296815e-05,0.0113771699546836,5.37927657431846e-05,0.00234275405512414,0.00201841532049611,0.000264217408209172,0.000114309627204267,4.66731349830573e-05,0.00131001205986344,0.0244539539858264,7.79204033191719e-05,0.00121152383434834,6.32856067566878e-05,0.0002254549740707,0.000254724567195668,0.00020884250229707,0.000126175678471146,6.96141674323566e-05,0.000446954597719108,0.000968269783377324,0.00218414450319019,0.00291272005097656,8.10846836570062e-05,0.00304126893970108,8.50400340792992e-05,4.66731349830573e-05,0.0034573718041263,0.000804122740852164,0.000499560758335604,0.00944102592297113,0.000643535513707069,0.000183132724552165,0.000745583554602228,0.000106794461401911,2.68963828715923e-05,7.11963076012738e-06,0.0193946652606714,0.0016078499466621,1.34481914357962e-05,0.0013270200666793,2.61053127871337e-05,0.000113518557119809
8.72019342019381e-05,2.67909556885473e-05,2.69660599740933e-05,5.77844142302e-06,0.00187624241962604,0.00639156907885953,0.241401832378796,0.00205178446588596,9.31554799105042e-05,5.00798256661733e-05,0.00232485959919505,8.86903206290796e-05,2.52150171186327e-05,3.4758200680893e-05,0.000387418231770659,0.00102436007044445,0.00019821805123814,0.00105649170684216,3.06432499705606e-06,0.000143235305576677,0.000174578972689422,0.00172836685048239,0.000475057926686462,2.81917899729157e-05,0.00257552138395423,1.94365756956127e-05,9.36807927671424e-05,0.0057161042973656,0.0735129815750893,1.89112628389745e-05,0.00267927067314027,1.33079257015006e-05,0.0151344385040316,0.000207235921943763,0.000177468193400932,0.00128535300805086,0.000321228811834248,0.00213854863937404,6.04109785133909e-05,0.000359576650368835,0.000151552759140115,0.00351197910305456,0.000167749905553126,0.0261645201070062,0.000223433068356773,0.000113204920605528,0.000516294985932559,0.00186766230963428,5.2093524949953e-05,2.97677285428303e-06,0.000509991231652901,0.00183947051966137,0.000218179939790391,2.87171028295539e-05,0.00145748052074263,0.00138262343867169,0.00100089609618128,0.0200727295650016,0.00340122564244668,0.0364834156542356,0.000973492275493324,4.50893535281106e-05,0.00111016117036202,0.00091098004555338,5.02549299517194e-05,0.00202683210519565,0.241822870633392,0.00619291326690752,0.0723974797240181,0.000313961983984087,0.000170901782692955,0.000211000664083003,0.00256413960539374,4.59648749558409e-05,0.00447338918284521,0.00200328057878971,9.67451177641984e-05,0.0562003333110075,0.000968151594784169,0.000141746919149536,0.000162234120558425,5.41072242337327e-05,0.000317464069695008,0.00031089765898703,0.000222995307642908,1.17319871315861e-05,0.000918421977689088,0.000145424109146003,0.000483287828107127,0.000125024459879887,8.9740946342356e-05,0.00103609205757604,0.00309654418559653,0.00052671369092255,0.000127826128448624,4.65777399552521e-05,0.00460681864843131,5.25312856638182e-05,0.000127213263449213,5.77844142302e-06,5.32317028060024e-05,0.000904676291273722,3.35324706820706e-05,0.00274484722807727,0.000476633865256377,0.00123544828667023,0.0099343665361702,0.0290706383820714,0.00201168558449592,0.00157234893206085,0.000621270005117423,0.0007223051778775,4.89416478101239e-05,9.08791241984054e-05,0.000277627844733279,0.000105237675613182,0.00131004271231285,1.05938092755367e-05,0.00221874640215413,3.09934585416527e-05,0.00145826849002759,0.00805208301869282,5.10428992366766e-05,8.51006827753854e-05,2.33764221203991e-05,0.000765205727836284,0.00199820255450887,2.52150171186327e-05,0.000113029816319982,4.3513414958196e-05,0.000109702834894607,0.000112066742749479,0.000102348454901672,6.645207636473e-05,3.23067406832482e-05,6.19869170833054e-05,0.000449667805282283,0.000173528346976146,0.000833058638485383,6.16367085122133e-05,0.00113012305891427,0.000129839827732404,6.88159842196018e-05,0.00132194980372998,0.000185698094821597,0.000264757679745644,0.05294873428056,0.000303017966137458,0.000148400882000286,0.000670036548642001,0.000232801147633487,7.5294842784806e-06,1.89112628389745e-05,0.00408343193893413,0.00107943036824869,4.61399792413869e-05,0.000704532092894575,9.8321056334113e-05,9.49940749087378e-05
0.000127375943473613,7.81918458336688e-05,0.000119291816927821,1.22960244099861e-05,0.000634162363907296,0.000354342891284462,0.00139889356160461,0.309576531033365,0.000164943355068764,0.000197008125905855,0.00211722594895927,0.000146261550025968,4.11679049306718e-05,6.14121882134114e-05,0.000295444255022264,0.0010567108270571,5.57057459457935e-05,0.000773494662608299,6.8613174884453e-06,9.47677019443683e-05,0.000187633256466197,0.00959524680532642,0.00441386516016591,2.99588219049939e-05,0.00133082385741231,4.18472432958644e-05,0.00375205372479527,0.0897806790054894,0.00340830851200782,1.60323854185455e-05,0.00358914838482209,2.79887406459353e-05,0.184936419024056,0.000218746953592019,0.000231586448694159,0.000732938162206301,0.000198230934963202,0.00257367339653218,3.73636100855932e-05,0.000300471358924689,0.0004317195310799,0.0021476603077199,0.00011297397013153,0.0115483446052552,0.000124658590012843,0.000114468514534954,0.000468335868963781,0.00852304706354293,2.18067615226826e-05,5.91024377717566e-06,0.000302101771001151,0.000127036274291017,0.000237157023288738,6.61675567697597e-05,0.00369689144954163,0.00190119634882802,0.0749942680825437,0.0098159638401775,0.000353323883736674,0.04947499032792,0.00457921611825379,1.15487522082743e-06,0.000927908273016578,0.0453246405196123,5.31921939945809e-05,0.000334166541838242,0.0130000906916718,0.000519965584718419,0.00405218541453737,7.73766397954376e-05,0.00301592267227257,0.000282129223064489,0.000217931747553787,0.000164060215194014,0.00413282287848573,0.00209154695875499,9.24579515027135e-05,0.00199868140423316,0.000136003540711559,0.000171329135701575,3.72277424125547e-05,3.33555137309569e-05,6.11404528673344e-05,0.00019931787634751,0.000329003570262778,2.69697330981464e-05,0.000685927947334973,0.000141302379960062,0.000324655804725546,1.9564944917547e-05,4.28662508436533e-05,0.0012965852038066,0.00160480102009449,0.000152715264495297,8.7906384455923e-05,5.82192978970062e-05,0.000120242890639091,1.9564944917547e-05,0.000414056733584892,3.1045763289302e-05,6.52844168950093e-05,0.000713780820307869,0.000182198549544656,0.000446529107441099,0.00503104406494339,0.00151370174532216,0.00179800485115527,0.000583959258719563,5.88307024256795e-05,0.0493660923879797,0.000451624145180043,0.00697843542260451,7.60179630650524e-05,0.000159712449656781,0.0252113336736819,4.55836043044237e-05,0.000213516048180036,7.94825887275347e-06,0.000291028555648512,5.5026407580601e-05,0.000873832939147247,0.00128877281260689,1.56927162359492e-05,3.40348520961495e-05,1.67796576202573e-05,0.000916563322317862,0.000352576611534962,6.63034244427982e-05,0.000172144341739806,7.11946606721849e-05,1.58965177455069e-05,8.65477077255378e-05,8.21320083517859e-05,7.61538307380909e-05,5.6860621166621e-05,0.000176560041113558,0.000569829020723556,0.000608211638356939,0.000574244720097308,5.42791353788891e-05,0.00170228607549963,0.000130840569136096,8.44417587934407e-05,0.00129971016028649,0.000354274957447943,0.00261701518423147,0.000945367269002028,0.000381516425892167,1.4877510197718e-05,8.45776264664792e-05,0.000174929629037096,2.53393210216841e-05,2.70376669346657e-05,0.000993396491421145,0.0174704088699852,3.24044400196872e-05,3.11136971258213e-05,4.99993036781757e-05,0.000179820865266482
0.003299138387666,0.00448577509065892,0.00213820274374477,0.000222533560254879,0.00119603952948256,0.000191190805289403,0.000253249460121046,0.00136152927570028,0.297887184887777,0.0141675520994944,0.0193322112627056,0.00157904799516068,0.000910820459296731,0.00173889604548461,0.00165364375197851,0.00354173131109878,0.000367963943294688,0.00150069110774699,0.000114087628074332,0.00102804236286761,0.000369217653493307,0.000346024014818855,0.000324084086343021,0.00105750455253516,0.0060384951716486,0.000107192221981928,0.000210623313367998,0.00250491297684084,0.00379686133651776,0.000159848050323927,0.00269547692703093,0.000549751922094448,0.0044782528294672,0.0873936305253359,0.0127790680545239,0.00100672928949109,0.00708910431809135,0.00131639570854999,0.000294621896675474,0.0174384820076915,2.19399284758332e-05,0.000236324372439689,0.00175268685766942,0.00419303375928137,0.00697564354511633,0.00271867056570538,0.0205476833002667,0.000309039563959593,0.000418112351239449,0.000139161832046713,0.000628735664607448,0.000233816952042451,0.00120293493557497,0.000856910920756113,0.00107568335041513,0.00121108405186599,0.00132517167994032,0.00140164800205608,0.000154206354430142,0.00884617916145593,0.00131012715755689,4.01187263558092e-05,0.00461177296562013,0.000866313747245755,0.000996699607902135,7.52226119171423e-05,0.00439926908695421,0.00131639570854999,0.0020548310155366,8.71328588040232e-05,2.13130733765237e-05,0.000578587256662686,0.000134146991252237,8.39985833074756e-05,0.00713298417504302,0.0291280758996154,0.0698241358018887,0.000679510927651519,0.000213757588864546,0.00589557220900603,0.000278323664093426,0.000160474905423237,0.00030026359256926,0.000786703149633447,0.000277696808994117,0.00147185577317875,0.00511137647976982,0.00492018567448042,0.000950312330553231,0,0.000519036022228282,0.0445154880223662,0.000487693267262806,0.000164862891118404,0.000436918004218735,0.000653809868579828,0.000346024014818855,0.000147937803437046,0.000509006340639329,8.52522935060946e-05,0.00171570240681015,0.00203038366666353,0.00101237098538487,0.0005729455607689,0.000397426132962235,0.00216515751301508,0.00131764941874861,0.00103681833425794,3.2596465164095e-05,0.000151072078933594,0.00724895236841528,0.000930879822474636,0.00174014975568323,9.52819750950469e-05,7.83568874136899e-05,0.00597580966171765,0.000854403500358875,0.000406828959451878,0.000529692558916544,0.000840612688174065,0.00336119704249764,0.000614317997323329,0.000342889739322307,4.01187263558092e-05,0.000524677718122067,0.00101111727518625,5.39095385406186e-05,0.000229428966347284,0.00459923586363394,0.000354173131109878,0,0.00224226069023015,0.000364202812698831,0.00545990791498591,0.0030026359256926,0.00520477788956694,0.118318273139572,0.0024102578568451,0.000614944852422638,0.000519036022228282,0.000856910920756113,0.0135237719125036,0.000515274891632425,0.000855030355458184,0.000841239543273375,0.000578587256662686,0.00125621761901628,0.0131501662733151,7.39689017185232e-05,0.000398052988061545,0.0026804324046475,0.000160474905423237,0.000944043779560136,0.000780434598640351,0.000414351220643592,0.0230626259586965,0.00013038586065638,0.000447574540906997,0.00818233961128715
0.00176089101356959,0.0177528965955352,0.00143307278424987,0.000216885264978101,0.000625752476408633,0.00011048017673206,0.000551495308441184,0.00113242181150361,0.0150040230179109,0.187280652702395,0.00709744577981572,0.000518441812943477,0.00147608760715785,0.00980828519823721,0.000971682210110657,0.00169206729691683,0.000267144689638997,0.00140318880201907,0.000176587167727473,0.000497613582903827,0.000542892343859589,0.00175319362420711,0.000254919424180941,0.00109167092664343,0.00533293246536967,0.000162550751831186,7.74266812343534e-05,0.00122524327146293,0.00244912818009718,0.000129950043943038,0.000944514953537199,0.0078296033444704,0.00353129056693989,0.0400178217203122,0.0302163283362183,0.000144439247448881,0.07435949796721,0.00046274893696789,9.50853980071006e-05,0.0057119156945694,7.69738936247957e-06,0.000901047343019668,0.00217338052587659,0.00235449556969963,0.00215164672061782,0.0013782854834934,0.0119929854143527,0.000605829821588098,0.000398453096410707,0.00213851587994065,0.000702726370033429,0.000103688362588695,0.00189718008404644,0.00024948597286625,0.000574587476528622,0.000176134380117915,0.000561909423461009,0.00268684167511493,0.000258541725057402,0.00342669662913208,0.0005940573437396,0,0.00373595056645994,0.00040750884860186,0.00242241371113328,0.000132213981990826,0.000988435351664289,0.000674200750631299,0.0013515710145295,3.66757963741674e-05,0.000305631636451395,0.000840373803338946,0.000121347079361443,4.75426990035503e-05,0.00238619070236867,0.00989793714492962,0.0161613481479402,0.000309706724937413,0.000189718008404644,0.00444682711346541,0.00022277150390235,0.000142628097010651,0.00119037862552699,0.000313781813423432,0.000226846592388369,0.0229554262293523,0.00319985003674371,0.0029317997718856,0.00143443114707855,0,0.000193793096890662,0.279627138459281,0.000357249423940964,9.28214599593125e-05,0.000381699954857075,0.000400264246848938,0.000153494999640034,4.34676105175317e-05,0.000193793096890662,0.000485841105055328,0.00182971473022235,0.00123611017409231,0.000808225883060355,0.0011582307052484,0.0001485143359349,0.00269318070164874,0.00073125198943556,0.000691406679794489,1.53947787249591e-05,0.00131625358098401,0.00455096826366366,0.000414753450354782,0.00409682229127736,6.15791148998366e-05,0.000258541725057402,0.000719026723977504,0.000774266812343534,0.000207829512786948,0.000762494334495035,0.000521158538600823,0.00087388008644621,0.000442373494537797,5.34289379277994e-05,0.000376266503542384,0.000429695441470183,0.000643863980790939,0.000103235574979138,0.000263522388762536,0.00153993066010547,0.000132213981990826,0,0.000568701237604373,0.000192434734061989,0.00102556393564801,0.00132349818273693,0.0130194549252199,0.0977400917619369,0.0018057169869158,0.000633449865771113,0.000226393804778811,0.00180843371257314,0.00349461477056573,0.000158475663345168,0.000468635175892139,0.000193793096890662,3.93925220315131e-05,0.000176587167727473,0.0162845063777399,7.24460175292195e-06,0.000268050264858112,0.00214938278257003,0.000192887521671547,0.00023997743306554,0.00101831933389509,0.000362230087646098,0.00115551397959105,1.53947787249591e-05,0.000225941017169253,0.00690365268292506
0.000636068757862046,0.000253720678272093,0.000235681918499411,0.000125314159726959,0.0183513825236814,0.000392508687135382,0.00105088660504283,0.00155648727181429,0.00081697174872523,0.000468860498907919,0.474472909280132,0.00329424567244631,0.000156532258272336,0.000232810442453963,0.000754314668861751,0.00568265109394034,0.000192315267454065,0.00673258054030135,7.16396459543664e-05,0.000331913179817352,0.000963564282224864,0.00215787743435824,0.000869320965861463,5.59569690907692e-05,0.00719407828011838,3.69610506362712e-05,0.000206525392499484,0.00297183045185621,0.00702458756584607,2.97455467271984e-05,0.00709578544625499,4.55754787726133e-05,0.0107454315000186,0.00137411172913293,0.0014243257461328,0.00243383364508482,0.000858276827225127,0.00329711714849176,0.00664216585866521,0.00263108196112979,9.12982127270445e-05,0.000736717674634522,0.000943316694724914,0.0110470837399724,0.0028113959312657,0.000878671669906894,0.00456866564348858,0.00179909018385914,0.000163968644954136,2.81257397272024e-05,0.000950311315861261,0.000160213637817781,0.00166140658885948,0.00018723496368135,0.000891409243134135,0.00363484690799091,0.00183060279276815,0.00353338808771844,0.000281772790408386,0.0212552547091287,0.00060418801099849,4.67535202271558e-05,0.00311002943999222,0.000971442434452117,0.000285233287181105,0.00131366347699672,0.0105567239845191,0.00070991723154368,0.00264912072090247,0.000607280369816664,0.000199825281726773,0.00102128831349745,0.000200193419681318,7.25968046361821e-05,0.0224927136295347,0.135763829194297,0.000290534473726546,0.00124651511408779,0.00214381456449464,0.000606912231862119,0.000579154630089461,0.0001198657179997,0.000623183929452987,0.0233163854890326,0.00483387222594246,9.88818545906619e-05,0.0116939021261071,0.00115403885990621,0.000863357130997842,7.16396459543664e-05,0.000140849581408739,0.00541818078739555,0.00063916111668022,0.000446109573317066,0.00023170602859033,0.00138493498499654,0.00034487163581732,0.000283613480181109,0.00081159693458888,0.000155795982363247,0.000624950991634801,0.0224170244660803,0.00036305765077182,0.00195930382167692,0.000271833065635684,0.00770424385752619,0.00517867023416887,0.00214617064740373,0.000101237937499747,0.00176882924399558,0.0242280423196667,0.000681644236634659,0.000346049677271862,0.00168069701767762,0.000566637939634947,0.00222620383872171,0.00465098129012474,3.69610506362712e-05,0.00092741313508859,0.000104256668727012,0.00356298637926382,0.00216892157299458,0.000351424491408212,0.000159550989499601,0.000261083437362984,0.00821293688311583,0.000191210853590431,9.65993992724858e-05,0.00231271625803967,0.000418131088771682,2.1352001363583e-05,0.000400386839362635,0.00180299244617731,0.000830077459907016,0.000247388705453927,0.00102231909977017,0.00237691951731224,0.00129481481372404,0.000302609398635607,0.000493820252226038,0.00150590511685987,0.000528866985498678,0.00502132807239654,0.000613465087453012,0.00514148830075987,0.00048159807213516,0.00202151913599495,0.00123959412054236,0.000106760006817915,0.00157879643185969,0.00067487049827104,8.19475086816133e-05,0.000233178580408508,0.000675312263816493,0.00197947778158596,0.000303492929726514,0.000115448062545166,0.00301262013721974,0.000745479357952682
0.00237679013901138,0.000145022258619966,0.000294637982445088,0.00025789026080383,0.0182019339800932,0.000858977993364411,0.000587963546260132,0.00142266179496871,0.00204474822561001,0.000420630170929402,0.0982857187854353,0.129721426021587,0.000275607912309437,0.00132357418840032,0.00130454411826467,0.00925845722565201,0.000290044517239931,0.00287813405568855,0.000443597496955189,0.00134982256100122,0.00239910125572215,0.00647875456721683,0.000471814497501155,7.67764898576288e-05,0.00882667149636722,2.29673260257864e-05,3.34666750661459e-05,0.00312814980471211,0.0115460028978203,4.33098147914829e-05,0.00302643736088362,9.18693041031456e-05,0.00872167800596363,0.00425682982655075,0.0015624343790685,0.00217730250724455,0.000759234177480996,0.004556061274201,0.0022022384612154,0.00754837575070345,0.000244766074503381,0.000192925538616606,0.0006220864306413,0.00856878123556339,0.0556983904497921,0.00249293918777036,0.00251131304859099,0.00351137604468523,0.000231641888202931,0.000202768678341943,0.00108799504430725,8.72758388979883e-05,0.00526083007853513,0.000913443366511276,0.00209855738944185,0.00380798265507539,0.000274295493679392,0.00274361114610894,0.000250015749023561,0.0143224245096804,0.00104731006677586,0.000346478518331863,0.00432048213010793,0.000337947797236571,0.0008878512032254,0.000699519129813951,0.0292977772878082,0.00102827999664021,0.00170417559111335,0.000770389735836378,0.000519061568182773,0.00161033765906514,6.56209315022468e-05,0.000295294191760111,0.0124673207761119,0.208269024820461,0.000703456385704086,0.0012323610936122,0.000759890386796019,0.00553053210700937,0.00236235353408089,0.000200143841081853,0.00247981500146991,0.00542750724455084,0.00326660997018185,0.000133210490949561,0.102566828356642,0.000759234177480996,0.00177963966234093,0.000135835328209651,0.000390444542438369,0.00537041703414388,0.000780232875561715,0.000832729620763512,0.000142397421359876,0.00226654697408761,0.000284138633404729,0.000676551803788165,0.000416036705724245,0.000187675864096426,0.00067523938515812,0.0057214890176809,0.00146400298181513,0.00234988555709546,0.0003563216580572,0.00742172735290412,0.00165758472974676,0.00388475914493301,8.99006761580782e-05,0.00377648460795431,0.0134811641678216,0.000536779219688379,0.000390444542438369,0.000555809289824031,0.000178488933686111,0.0295536989206669,0.00356846625509218,3.28104657511234e-05,0.00143447356263912,1.04993490403595e-05,0.00328826487757759,0.00123170488429717,0.000719861618579648,0.000472470706816177,0.000420630170929402,0.00371480093234219,0.000221142539162572,0.000108274536978707,0.00283548045021209,0.00046525240435093,2.16549073957415e-05,0.00117723951115031,0.00104665385746084,0.00570049031960018,0.00011155558355382,0.000992844693628995,0.00264124249296544,0.00385326109781194,0.00100137541472429,0.00120480030238125,0.00116674016210995,0.000869477342404771,0.0153428299945403,0.00153159254126244,0.000973158414178321,0.000359602704632313,0.0016326487757759,0.0023393862080551,0.00015683402629037,0.00347397211372895,0.00212218092478266,5.70902104069548e-05,0.00143250493469405,0.00162871151988577,0.000580089034479862,0.00416233568518752,0.000390444542438369,0.005315295451682,0.000949534878837512
0.0220166527572513,0.00555586026151677,0.0164252160159383,1.18588265987551e-05,0.00157500040764716,0.000343164794701476,8.82000228282412e-05,0.000619623689784955,0.00155128275444965,0.00158834158757076,0.00423137756576831,0.000625553103084332,0.127354903550681,0.000505482483771937,0.00496440128490386,0.00917502590412435,0.000919800238065944,0.000937588477964077,2.6682359847199e-05,0.0341630559010262,0.000987988491008786,0.000471388357300516,0.000157129452433505,0.0169684985094937,0.0299257489219585,7.33764895797973e-05,0,0.000417282460943696,0.00359470681274765,0,0.00080714138537777,0.00539947198574569,0.00080047079541597,0.0259915831978215,0.00185887106935486,0.00139785918532826,0.000459529530701761,0.000776011965556038,0.000237917708637525,0.000712270772587729,8.00470795415971e-05,0.000271270658446523,0.000284611838370123,0.00137710623878044,0.000853835515110369,0.000198635345529148,0.0015927886475453,0.000329823614777877,0.000111176499363329,0.000335011851414832,0.00323745966146015,0.000297953018293722,0.00287354192021085,0.0026148712650255,0.000899047291518122,0.000242364768612058,7.85647262167527e-05,0.000326117731465766,0.00020604711215337,0.00189741225580082,0.000286835368357389,5.3364719694398e-05,0.188475295840665,0.000450635410752694,0.000429882464204873,0.000149717685809283,0.00147642391154501,0.000610729569835889,0.00118143559990098,0.000204564758828526,2.37176531975102e-05,0.000909423764792033,0.000156388275771083,1.33411799235995e-05,0.00176400045656482,0.00488435420536226,0.000555882496816646,0.000605541333198933,0.000174176515669216,0.0117283795061688,0.000504000130447093,0.00054031778690578,0.000328341261453032,0.000543282493555469,0.000552176613504535,0.00111472970028298,0.00495328363496753,0.000537353080256091,0.0116453677199775,8.7458846165819e-05,0.00598055448908469,0.0157818746729558,0.000359470681274765,0.000493623657173182,0.00834564921887391,0.000274976541758634,0.000320188318166388,2.6682359847199e-05,0.000483988360561693,3.55764797962654e-05,0.000125258855949351,0.000590717799950489,0.00198783580861633,0.000913870824766566,0.000324635378140921,0.00164985925055181,0.000805659032052926,0.00100207084759481,2.44588298599324e-05,0.00021938829207697,0.00140897683526459,0.000108952969376063,0.0711062654627981,0.000156388275771083,7.26353129173751e-05,0.000472129533962938,0.000724129599186484,0.000152682392458972,0.00119996501646153,8.7458846165819e-05,0.00295655370640214,0.000585529563313534,0.000384670687797119,0.000651494286269109,0.000198635345529148,0.000777494318880882,0.000854576691772791,0.000387635394446808,0.00043210599419214,0.000140823565860217,1.33411799235995e-05,0.00466793061993498,4.00235397707985e-05,0.00260894185172613,0.000681882529428419,0.0012488826761814,0.00539947198574569,0.00878739050967754,0.000712270772587729,0.000398753044383141,0.00161724747740523,0.000289058898344656,0.000240141238624791,0.000676694292791464,0.00224947117045136,5.18823663695536e-05,0.000558847203466335,0.199297957465354,6.077648631862e-05,0.000588494269963223,0.0658550288095369,0.000232729472000569,0.00092869435801501,0.00075303548902095,0.00107989439714914,0.000432847170854562,0.000302400078268256,0.000292023604994345,0.00056403544010329
0.0016891068587806,0.00188965833539078,0.000795813827504956,0.000162199002995488,0.000288442561977198,0.000104670292573443,0.000850146498459109,0.00113059896176658,0.0032399850105749,0.0131612905287767,0.00703528187869592,0.000456234634041496,0.000781431649899445,0.113160571419896,0.000571292054885586,0.00195597615434953,0.000331589094793732,0.000535336610871808,0.000669570268523246,0.000234908900890017,4.23475229495609e-05,0.00144221280988599,0.000261276226500121,0.0003619514697387,0.00262794345247369,0.000122248509646846,0,0.000850146498459109,0.00134792964558319,0.000256482167298284,0.000985179165977521,0.00246973949881307,0.00890896001674725,0.00719428484222352,0.0746067473187226,0.000406696022289179,0.0367169004170032,0.000377132657211184,0.000150213854990895,0.00324477906977673,0.000332388104660704,0.00046582275244517,0.0050201789941904,0.00219088505523955,0.000329192065192813,0.000679957396793893,0.0111693589304134,0.00116495638604641,0.00183372764470268,0.00388958003242382,0.000314010877720329,0.000143821776055112,0.000179777220068891,4.15485130825881e-05,0.0011681524255143,0.000978787087041738,0.000525748492468133,0.00166114151343655,9.74792037706874e-05,0.00592545717347063,0.00023570791075699,1.43821776055112e-05,0.00236746623584055,0.00032279998625703,0.0105916747965921,0.000303623749449682,0.00247693058761583,0.000306819788917573,0.00524789680627766,5.27346512202079e-05,0.000212536624614777,0.000381926716413021,8.14990064312304e-05,9.58811840367417e-05,0.00221325733151479,0.00522712254973637,0.00202948506211103,0.00100914946198671,0.000715912840807671,0.000518557403665378,0.00019096335820651,9.58811840367417e-05,4.23475229495609e-05,0.000463425722844251,9.50821741697688e-05,0.00690504327037934,0.000510567304995649,0.00470457009673612,0.00106747718227572,0,0.000644800962647088,0.440837713904929,0.00104510490600048,6.55188090917735e-05,0.000423475229495609,0.000683952446128757,0.00019096335820651,0.000116655440578036,8.22980162982032e-05,0.000789421748569173,0.00512804532623173,0.00129599400422996,0.000166993062197325,0.000735888087481992,0.000124645539247764,0.00218369396643679,0.000889297981940779,0.000574488094353477,0,0.000506572255660785,0.00254644444604246,0.000102273262972524,0.00123926430367489,1.35831677385384e-05,0.00055291482794521,0.000257281177165257,0.000930047485156394,9.50821741697688e-05,0.000229315831821207,0.000413088101224962,0.00144940389868874,0.000262075236367094,0.000528944531936025,2.79653453440496e-05,0.000821382143248087,0.000362750479605673,2.55683157431311e-05,0.000272462364637741,0.0017154741843907,0.000108665341908307,0,0.000159002963527597,0.000457033643908469,0.000281251473174442,0.000954017781165579,0.107851150853862,0.0214781842340971,0.000993169264647249,0.00101554154092249,8.14990064312304e-05,0.00163557319769342,0.00145739399735847,2.79653453440496e-05,0.00133115043837676,0.000388318795348804,0.000217330683816614,0.000672766307991137,0.00704726702670051,0,6.7915838692692e-05,0.00185450190124398,0.000437058397234147,9.50821741697688e-05,0.00171227814492281,0.000415485130825881,0.000257281177165257,0,6.87148485596649e-05,0.00259358602819386
0.00226131988011372,0.00020872140148367,0.00104292155125584,2.91318869065877e-05,0.0043948021859197,0.000507237560255881,0.00119166553852007,0.00150423354862369,0.000231341454846432,0.000326619861435037,0.00745639213576145,0.000703963478895662,0.00124033292605813,0.000134692135932812,0.181542036455986,0.0797576227009372,0.00121702741653286,0.00131881765666529,3.9071001262953e-05,0.00380222533343158,0.00778198381295272,0.00215747327149376,0.000247792402746623,0.000170335856383225,0.339289490414752,5.48364930006358e-06,6.16910546257152e-06,0.00249711680001645,0.00653993724648832,0,0.00156695278749317,0.00038385545100445,0.0116345901743286,0.00149360897810482,0.00108473437716883,0.00543566736868802,0.000320793484053719,0.00124992931233324,0.000183016795389622,0.000508951200662151,8.63674764760013e-05,0.00101310420818675,0.000203237752183606,0.00286109402230817,0.000414700978317308,0.000113100266813811,0.00163858295647525,0.00112997448389435,0.000102818424376192,2.36482376065242e-05,0.0668940096272318,0.00092982128444203,0.00533661895320562,0.0130240098157322,0.000997681444530317,0.00118755280154502,0.000744748120564884,0.00217221057898768,0.00046405382201788,0.00836462155108448,0.00039413729344207,1.2338210925143e-05,0.0210565278560816,0.00049421389316823,6.92310724133027e-05,0.000563787693662786,0.0100182845431349,0.000972662294598777,0.00134212316619056,0.000356437204504133,0.000219345972002543,0.000360207213397926,0.000343756265497735,0.000306056176559798,0.00480710406766823,0.00446094870560172,9.66493189136205e-05,0.00105320339369346,0.000129208486632748,0.00197994012540421,0.00135514683327821,0.00135891684217201,0.000810551912165647,0.000448631058361451,0.000451030154930229,0.00029063341290337,0.00886808910244656,0.000244707850015337,0.0626054531465008,0.000411959153667276,0.00657044004571993,0.00530611615397402,0.000472279295967976,0.000889036642772807,0.00373402244526204,0.000101447512051176,0.000201181383696082,0.00010007659972616,0.000164509479001907,5.48364930006358e-06,0.000216604147352511,0.00128934304167745,0.000979174128142602,0.000810894640246901,4.69537471317944e-05,0.00183907888400882,0.00142780518650405,0.00136782777228461,0.00017684768992705,0.00128248848005237,0.000915426705029363,0.000591548668244358,0.00118549643305749,0.000137091232501589,0.000117898459951367,0.000547336745762596,0.000637474231132391,1.16527547626351e-05,0.000740635383589837,0.000151485811914256,0.00653445359718826,0.000857848387378696,1.74791321439527e-05,0.00328470593073808,8.77383888010172e-05,0.001035038805387,0.000530543069781151,5.2094668350604e-05,0.000291661597147131,9.56211346698586e-05,7.09447128195725e-05,0.00988359240720209,0.000110358442163779,0.000338615344278926,0.000451372883011483,0.000970948654192507,0.00118858098578878,0.0132766004116164,0.000226200533627623,0.000887665730447791,0.00106896888543114,0.000117898459951367,0.000648098801651264,0.000299887071097227,0.000643986064676216,0.000192270453583479,0.0010909034826314,0.00479270948825557,0.000115156635301335,0.00116253365161348,0.00935921844288351,3.46155362066513e-05,0.000166908575570685,0.000628220572938534,0.000872928422953871,0.000217975059677527,0.000737208102777297,0.000144631250289177,0.000444861049467658
0.00394640945516253,0.000209510442276742,0.000870641116861605,7.73240626619097e-05,0.00414757128398991,0.000386620313309548,0.00253867420639224,0.00185965364584446,0.000852254289621948,0.000388906243182587,0.0114327304011081,0.00111116069480739,0.000770855308490709,0.000281566927405129,0.0163379383556273,0.378401202756911,0.00455088882419818,0.00159856069904133,9.80962080299548e-05,0.00219588411369182,0.0250771476485087,0.00183927905349782,0.000926994257644771,0.000319930793970035,0.108026983116221,3.08103591583445e-05,0.000297866601282446,0.00648558060283151,0.0148392628532122,5.6253752527816e-05,0.00227261184682163,0.000219648044322391,0.0148926343463349,0.00358364232313686,0.00158892003827243,0.0122563608731894,0.000489884710617677,0.00426415370751488,0.000195596086527813,0.00106673414466617,6.0229282741796e-05,0.00112268973242793,0.00108164238296859,0.00690996845317387,0.00123380580190867,0.000174823941159768,0.00309803130749921,0.00205674055620252,0.000478852614273883,2.70336054550635e-05,0.0360285407289592,0.000639265258407973,0.0184322476723519,0.0195160765969382,0.00109386713837658,0.00351506442694571,0.00190765817317827,0.0105833583708913,0.000353325247767466,0.0199283390801279,0.000439594253410831,9.71023254764598e-05,0.0107007359004591,0.000909402536447909,0.000633600127853052,0.00133915735257914,0.0165017302004433,0.000999150131028506,0.00400614179662758,0.0003664444974736,0.000216070067129809,0.000791428677348055,0.000284747351576313,8.20946989186856e-05,0.00780714623421379,0.0117657804447843,0.000487996333766037,0.00233393440037227,0.000276100573360906,0.00290173950318395,0.00177159565160481,0.00697457081915104,0.00135535763820111,0.000615610853634792,0.000587980918647632,0.000221238256407983,0.0124099157277044,0.00106136717887729,0.0122287309382023,0.000489685934106978,0.00209112889255344,0.00552837231556049,0.00077860759240797,0.00195993639549211,0.00154966167740938,0.000169953916647642,0.000536199637610543,5.34708813780301e-05,0.00042597806242795,0.00025363882765192,0.000639464034918672,0.0019906473663951,0.0017635452029215,0.000901550864275299,0.000226008892664759,0.0060321713819271,0.0024568776722396,0.00330575276117966,0.000394670761992858,0.00232250475100708,0.00159866008729668,0.000403317540208264,0.00185875915154632,0.000605373863333794,0.000376582099519249,0.000817667176760323,0.00114018206536944,3.75687605221104e-05,0.000662522110159756,0.00016836370456205,0.0197765732142092,0.00154697819451494,0.000105152774159769,0.0153283524577871,0.000410771659359476,0.00330227417224243,0.000262981323654772,6.35090951683294e-05,0.001524814613572,0.000121154283271038,7.33485324479297e-05,0.0128391736025589,0.000268845230720393,0.000816772682462177,0.00035064176487303,0.00202225283159624,0.00201400360640223,0.0153452484611965,0.000312377286563473,0.0015051357390128,0.0010210155472054,0.000205435523807413,0.000788248253176871,0.000533913707737505,0.000514532997944353,0.000819456165356614,0.00237527991459766,0.00352440692294856,0.000298264154303844,0.00201758158359482,0.00431265517612543,5.7843964613408e-05,0.000568898373620528,0.000737759019459326,0.0013479035190499,0.000322216723843074,0.00090522822972323,0.000329770231249635,0.000595633814309543
0.00130343334505643,0.000256918530563028,0.000183839481869545,0.000202109244042916,0.00329426649188594,0.000714804445033137,0.0013536751910332,0.000550376585472799,0.000382523145504953,1.88406922412888e-05,0.00393713374836143,0.000411069648900846,0.000575497508461184,0.000247783649476343,0.00222662726487958,0.0513294677561535,0.0879329362705021,0.000280897593415578,3.82523145504953e-05,0.000971722975596165,0.00550947515540716,0.00070852421428604,0.000459598704673862,0.000421917320191284,0.0136834809377869,0,3.76813844825775e-05,0.000868384633303036,0.0069956061221973,2.8546503395892e-05,0.000885512535340571,0.000220379006216287,0.00392514421693516,0.00200853197893496,0.000273475502532646,0.161808432408731,0.000151867398066146,0.000596050990906226,0.000115898803787322,0.000547521935133209,0.000168424370035763,0.000475013816507644,0.00142846702993044,0.00376699658812191,0.000390516166455803,0.000134168565960693,0.00154208211344609,0.000843263710314651,0.000125033684874007,2.05534824450423e-05,0.00812490579653879,0.00222776912501542,0.0286087347732951,0.00215297728611818,0.00153466002256316,0.000948314842811534,0.000416778949580024,0.00248240393530677,0.000943176472200273,0.00445610918009875,0.000235794118050068,0.00178586925244701,0.00528224498837586,7.82174193047442e-05,0.000228372027167136,0.00227115981017717,0.00552260654696928,0.00112244851352648,0.00287234917169466,0.0003648243133995,0.000176417390986613,0.000154722048405735,0.000876948584321804,1.94116223092066e-05,0.000974577625935754,0.00233910048825939,0.00019297436295623,0.00170936462334602,0.000224375516691712,0.00119895314262747,0.0208018370245865,0.0182349354392279,0.00223975865644169,0.00063715795579631,0.000196399943363737,0.000292887124841852,0.00512181363929095,0.000873523003914297,0.00216154123713695,0.0021152959016356,0.000805011395764156,0.00121665197473292,0.000874093933982215,0.0140283226988093,0.000787883493726621,0.000112473223379815,0.000779319542707853,9.7058111546033e-06,0.000190690642684559,5.82348669276198e-05,0.000437332432025066,0.000364253383331582,0.000922052059687313,0.00278670966150698,0.000221520866352122,0.00108191247870431,0.00286150150040422,0.00158033442799658,0.000492141718545179,0.000833557899160048,0.00100597877967124,5.59511466559484e-05,0.000604614941924994,9.07778807989367e-05,0.00041792080971586,0.00040193476781416,0.00126974847104928,2.8546503395892e-05,0.000731361417002754,5.08127760446878e-05,0.414680781580426,0.00138678913497244,3.08302236675634e-05,0.0190279573035658,0.000158147628813242,0.000261485971106371,0.0020993098597339,9.13488108668545e-06,0.000437332432025066,9.47743912743616e-05,0.000194116223092066,0.00194972618193943,9.99127618856222e-05,0.000361969663059911,4.6816265569263e-05,0.000211244125129601,0.000519546361805235,0.00575668787481559,0.000418491739783777,0.00068739980177308,0.00128345079267931,0.000159289488949078,0.000263198761310125,0.000620600983826693,0.000164998789628256,0.000354547572176979,0.000995131108380797,0.00258688413773574,0.00142218679918334,0.00541641355433656,0.00209988078980182,1.82697621733709e-05,0.000306589446471881,0.00113900548549609,0.00023008481737089,0.000276330152872235,0.00217695634897073,0.000173562740647024,0.000224375516691712
0.000320927829247749,0.000124068188737119,0.000178213554342046,3.11963364743622e-05,0.00530194288632091,0.000437465867801401,0.00270009670864307,0.00348251517056328,0.00011080078127101,0.000160284625333792,0.0456700022841455,0.000468662204275763,6.0958358628064e-05,0.000142355696325538,0.000465793575634442,0.00251650447559855,0.000189329490327164,0.0930228138450058,6.45441444297148e-06,0.000361447208806403,0.000636118401212856,0.00504089767996073,0.000653688751640945,9.1437537942096e-05,0.00522413133442509,4.19536938793146e-05,0.000124785345897449,0.00535321962328452,0.00925634746838144,7.92458662164832e-05,0.0361669527526105,3.15549150545273e-05,0.0137489784992698,0.000560099742217859,0.000572649992523637,0.000859154278075538,0.000299413114437844,0.0157620386483165,0.00121665712250012,0.00169105658405853,0.000145582903547023,0.000754090754087168,0.000510257319574912,0.0330394303764107,0.000889992035969735,0.00065333017306078,0.000997924188599424,0.00401392862636793,0.000177496397181716,0,0.000240247648710605,0.000245984905993247,0.000429935717617934,8.53417020792896e-05,0.000950591816017634,0.0208402285006144,0.00187966891722536,0.00317306185588081,0.000546473756171586,0.04122685509732,0.000895370714672211,3.08377578941971e-05,0.00156734697390158,0.00168962226973787,0.000187895176006503,0.00188361328160718,0.0252686739656532,0.00164479994721723,0.00548661085510593,0.000507388690933592,0.000632532615411205,0.00140742092714795,0.000304433214560155,0.000219808669641196,0.192512950961869,0.0130253669244966,0.000143431432066033,0.0023917191297011,0.0144740243883636,0.000262120942100675,9.50233237437468e-05,3.65750151768384e-05,0.000312321943323787,0.0028826132059471,0.0263071175338113,3.0479179314032e-05,0.00491431944116245,0.000271802563765132,0.000598467650295523,0.000138411331943722,0.000156340260951976,0.00228091834843009,0.000885689093007754,0.000348896958500625,0.000222318719702351,0.000370770251890695,0.00109653329814482,0.000133391231821411,0.00226980241244497,0.000100043423866058,0.00028076702826926,0.0219464434204237,0.000152037317989995,0.00413656250078439,0.000228055976984992,0.00296652059370573,0.0763309809383213,0.00353486764326738,0.000193273854708979,0.00304397356702138,0.00492041527702526,0.000988959724095297,5.98826228875688e-05,0.0101187289536785,0.0010567310757465,0.000188970911746998,0.00422728288156616,3.69335937570035e-05,0.000902542286275512,0.000168890511257754,0.00189114343179064,0.0318245661468114,0.000245984905993247,1.25502503057779e-05,0.000224111612603177,0.110337497745437,0.000203314054953602,0.000128371131699099,0.00084875549925075,0.000373280301951851,8.7134594980115e-05,0.000351048429981616,0.00125323213767696,0.000202238319213106,5.48625227652576e-05,0.000931228572688719,0.00137981037647524,0.00122490442984392,0.000290448649933717,0.000267499620803151,0.00375288342000775,0.000286862864132066,0.000451091853847674,0.00054539802043109,0.0134043844837311,0.000387982023738619,0.0157104033327728,0.00045503621822949,7.27914517735117e-05,0.000974258002308529,0.000179647868662706,0.000128729710279265,8.2831652018134e-05,0.00171400561318909,0.00125359071625713,5.02010012231115e-05,0.000210485626556903,0.000406628109907203,0.000367543044669209
0.000412146703090572,0.000229851045954357,0.000137382234363524,0.0110936154248546,0.000301184129181572,0,8.98268455453811e-05,0.000483479786317786,0.00097488547077193,0.000280048400817953,0.00855732802122027,0.000274764468727048,0.000361949348226977,0.000771454085272096,0.000303826095227024,0.00203695582104379,4.22714567272381e-05,0.000174369758999857,0.114743227320042,0.000142666166454429,8.98268455453811e-05,0.0011598230939536,0.00535790714017744,0.000132098302272619,0.00320734677917919,0.00284275546490677,0.00023249301199981,0.00236720157672534,0.0085943155458566,0.0187104035338938,0.000628787918817667,0,0.00234870781440717,0.000406862770999667,0.0141186665468975,0.00128399549808986,0.00166179664258955,0.00309902617131565,0.000171727792954405,0.00516240165281396,9.51107776362858e-05,0.000322319857545191,0.0271726207774778,0.00143458756268064,0.000536319107226834,0.000750318356908477,0.272563711011186,0.000142666166454429,0.102196530570189,0,0.000475553888181429,0,0.000132098302272619,0,0.000972243504726477,0.00067634330763581,0.000996021199135549,0.000607652190454048,9.24688115908334e-05,0.00403164018536034,0.000435924397499643,0,0.000869206828953834,0.000755602288999382,0.00303033505413388,4.49134227726905e-05,0.00364855510876974,0.00153762423845329,0.00148742688358969,0,4.49134227726905e-05,0.00224302917258907,0,8.98268455453811e-05,0.000943181878226501,0.00441736722799639,0.000618220054635858,0.000351381484045167,0.000227209079908905,0.000274764468727048,0.000227209079908905,4.22714567272381e-05,0,0.000705404934135786,0.000184937623181667,0.000383085076590596,0.00151648851008967,0.0574284159299985,4.49134227726905e-05,0,4.49134227726905e-05,0.00713066635667598,0.000459702091908715,8.98268455453811e-05,0.000237776944090715,0.00119416865254448,0,0.00116246505999905,0.0003883690086815,0.0304063872171115,0.0197407702916202,0.00139231610595341,4.49134227726905e-05,0.000264196604545238,0.000805799643862977,0.0271065716263415,0.00039893687286331,0.00401050445699672,4.75553888181429e-05,0.000216641215727096,0.00110169984095364,0.000348739517999715,0.000137382234363524,0.000179653691090762,0.000359307382181524,0.00116774899208995,0.000639355782999477,0.00300655735972481,0.00201053616058926,0.0624824969749489,0.00176219135231674,0.000301184129181572,0.00200261026245291,0,0.010488605200446,0.000784663915499358,0.000285332332908857,0.00413731882717843,0.012929781826444,0.000187579589227119,0,0,0.000808441609908429,8.98268455453811e-05,0.0462872451163258,0.00978055830026472,0.00806328037072068,0.000269480536636143,0.000274764468727048,0.000134740268318072,0.0022694488330436,0.000702762968090334,0.00017701172504531,0.000845429134544763,0.00151384654404422,0.00219018985168003,0.000309110027317929,0.00154026620449874,4.49134227726905e-05,0.000544245005363191,0.00045441815981781,0.003883690086815,0,0.0019920423982711,0.000190221555272572,0.00074239245877212,0,0.000134740268318072,0.00956391708453763
0.00478906677823015,0.00215060973624662,0.00201990164337487,5.83084429167632e-05,0.00409519630752067,0.000441686455094482,0.00294943540420627,0.00329442702479712,0.00111709258554699,0.00113409921473105,0.00658739633852133,0.000881429295425071,0.016646088645354,0.00049124863157373,0.00951107884710603,0.0164279178881071,0.00094702629370643,0.00202330296921168,6.85124204271968e-05,0.436335683649487,0.00244360966190335,0.00228180373280933,0.000994158951730813,0.0212271886438477,0.033543389498941,7.53150721008192e-05,0.000559275148309954,0.00201892983599293,0.00810001452852036,0.000111271945232823,0.00170795147377019,0.00150047059772471,0.00479781304466767,0.00558546292773495,0.00470597724707377,0.005314328668172,0.00117345741369986,0.00194458657127405,0.000173467617677371,0.000875598451133395,8.9406279139037e-05,0.000971807381946054,0.00115547897713386,0.00388625772040227,0.00150678734570736,0.000274049681708787,0.00319433086445668,0.00245429954310476,0.000114673271069634,0.000268218837417111,0.00533959566010259,0.000378518975267988,0.002449926409886,0.00101748232889752,0.00099853208494957,0.00177792160527031,0.00124245573781803,0.00260007065039667,0.000346935235354741,0.0048405725694733,0.000478615135608432,8.26036274654146e-06,0.147334745369459,0.00175654184286749,0.000663744441869155,0.00069824360392824,0.00657913597577479,0.00175168280595776,0.00236975230087545,0.000201650031753806,0.000181242076732939,0.00133817876493972,0.000277451007545598,0.000120990019052284,0.00607865517407257,0.00551792231468969,0.000558303340928008,0.00122301959017911,0.000286197273983113,0.00245770086894157,0.000695328181782402,0.000607379613716284,0.000568993222129415,0.000294943540420627,0.00038677933801453,0.000620984917063529,0.00708544762176868,0.000792023016286034,0.0109576141351327,0.000197762802226022,0.00212242732217018,0.0159687389001376,0.000690469144872671,0.000579683103330821,0.00562482112670376,0.000350822464882526,0.000388722952778422,3.30414509861658e-05,0.000348878850118633,0.000165693158621802,0.000710877099893538,0.00181825161162107,0.000284739562910194,0.000649167331139964,0.0017166977402077,0.00642364679466342,0.00194215705281919,0.00229832445830242,0.000275993296472679,0.00103303124700866,0.00141349383704054,0.000347907042736687,0.00673608286795907,0.000418848981618749,0.000652568656976775,0.000557331533546062,0.00153691337454768,9.91243529584975e-05,0.000901351346754965,0.000277936911236571,0.00656407296135462,0.000814860489761766,5.97661539896823e-05,0.00185809571428086,0.000310006554840791,0.00255731112559104,0.000715250233112296,0.000223515697847592,0.00085713411087642,0.0001171027895245,3.88722952778422e-05,0.00196596633367687,4.95621764792488e-05,0.00123711079721733,0.000761411083754733,0.00300677203974109,0.00507915128174105,0.00310686820008153,0.000375117649431177,0.000711848907275485,0.00141835287395027,0.000325069569260955,0.000528663215778653,0.000767727831737383,0.00046063669904243,0.00152476578227336,0.00294117504145973,0.037577361941399,4.90762727882757e-05,0.0011511058439151,0.0122515756641939,0.000224973408920511,0.000286197273983113,0.00111417716340115,0.00284156478481026,0.000166664966003748,0.000393581989688152,0.000284739562910194,0.000814860489761766
0.00696889898064909,0.000206570234693064,0.00079537673043235,5.53022675556235e-05,0.00542531510093477,0.00027081845729445,0.000353771858627886,0.000395248559294603,0.00234302695334928,0.000527811347699995,0.00876947575076895,0.00110767188839352,0.000488774452954849,2.84644024183356e-05,0.0123258995157799,0.24422457274932,0.00442336813580936,0.00091086087738674,0,0.000725435627347297,0.193187085944603,0.000353771858627886,0.000107351460549152,0.000505039825765326,0.0912097045720336,0,2.76511337778118e-05,0.0033075635610106,0.00770084075712057,1.46388355294298e-05,0.000850678997987973,0.000112231072392295,0.00212995056953203,0.00385489335608317,0.00117273337963543,0.00520654583663385,0.000202503891490445,0.000566848242445141,0.000154521041699536,0.000496093870719564,1.46388355294298e-05,0.000198437548287826,9.67789682223411e-05,0.00212181788312679,0.00139231591257687,9.51524309412934e-05,0.000958030458537125,0.00126056639281201,0.000100032042784437,3.98501633856699e-05,0.0189125622353827,0.000291963441948071,0.0845360221078947,0.0279081266682173,0.000573354391569332,0.000288710367385976,0.000194371205085206,0.00253821142707501,0.000324494187569026,0.00452583998451536,0.000301722665634358,0.000139882206170107,0.00563595167883046,7.97003267713397e-05,0.000281390949621261,0.000546516526432044,0.00144680491149197,0.000711610060458391,0.00355317069044881,0.000646548569216481,9.92187741439128e-05,0.000347265709503695,0.000126056639281201,6.506149124191e-05,0.00198274894559721,0.00454779823780951,0.00133376057045916,0.000879956669046833,0.000147201623934821,0.00580348501877837,0.00355235742180829,0.00712748636555124,0.00608894231160225,0.000236661174392448,0.000293589979229119,0.000185425250039444,0.0184555052594083,0.000135002594326963,0.00757071777463675,0.00019518447372573,0.00278137875059165,0.00151023986545284,0.000461123319177037,0.0011784262601191,0.00193395282716578,0.000265125576810783,0.000229341756627733,0,0.000121990296078581,2.84644024183356e-05,0.000391995484732508,0.00121014373709953,0.00477388691987515,0.000435911991320797,1.38255668889059e-05,0.000485521378392754,0.000454617170052846,0.00295135189646114,0.000316361501163787,0.000961283533099221,0.000609951480392906,0.000108977997830199,0.00217793341932294,6.66880285229578e-05,0.000109791266470723,0.000844172848863782,0.00114426897721709,0,0.00050585309440585,8.21401326929114e-05,0.0146908847224233,0.000335066679895837,4.14767006667176e-05,0.00604909214821658,0.000110604535111247,0.000740074462876726,0.00033994629173898,0,0.000534317496824186,5.61155361961474e-05,0.000122803564719105,0.0360839163114038,0.000196811011006778,0.00120038451341324,9.84055055033889e-05,0.00100520003968751,0.00133294730181863,0.0681502855386197,0.00033587994853636,0.00329861760596484,0.000303349202915405,0.000257806159046068,0.000727875433268868,0.000414767006667176,8.62064758955308e-05,6.99411030850533e-05,0.000304975740196453,0.00253170527795082,0.000204943697412017,0.00371907749311568,0.00628656659124955,2.6024596496764e-05,0.000778298088981349,0.00111905764936085,0.00033587994853636,0.000361091276392601,0.00048064176654961,0.000344825903582123,0.000374103574640983
0.00035572563737277,5.93830006072806e-05,5.12267812467626e-05,1.81726291015052e-05,0.000604561873652435,0.000276596000418972,0.00128517691555251,0.0128978446403336,8.60695779886248e-05,0.000110681327637907,0.00300055862948041,0.000221434201059679,4.47161149151209e-05,5.99553668781942e-05,0.000271158520845293,0.00155275814720459,8.1705285172909e-05,0.00128868265896185,1.82441748853693e-05,0.000176861177712286,0.00026393239667501,0.358443017789716,0.00141689270364649,5.34447005465525e-05,0.0022111224503229,0.000155468988336892,0.00092794881671859,0.0102258957961415,0.00560146251029544,3.50574340934548e-05,0.00662327939544385,5.9526092175009e-05,0.082407006221049,0.000199255008061779,0.000857905494315544,0.000978817869046031,0.000229375783068604,0.0510429801280154,0.000160477193207386,0.000362093212136683,0.000234169350587505,0.00150825666964106,0.000275952088364194,0.0166481315389269,0.000223008208304691,8.49963912306619e-05,0.00130098853378649,0.096750791153278,0.000254846082124257,7.22612417028354e-06,0.000448448973260765,0.000254631444772665,0.000167488680026077,0.000130356418200561,0.00231779721406441,0.0114692899739173,0.0157566710719791,0.00463974408359295,0.000386275687082781,0.0676462524604595,0.00179794554850718,8.29931092824645e-06,0.00114644964063984,0.00338554649245364,9.22225154009454e-05,0.000400871026991076,0.0129635952157048,0.000526648515024328,0.00390639979898497,6.51782091002803e-05,0.0391335404917657,0.00179672927018149,0.000310580247754464,0.0096293470502818,0.00637766271943807,0.00172783068032027,7.95589116569832e-05,0.00174872204920862,0.000151247787088905,0.000257636367694961,6.26741066650335e-05,3.7346899177109e-05,3.7346899177109e-05,0.000189310144104656,0.00067510601654253,3.31972437129858e-05,0.000690774543208788,0.000302137845258489,0.000262358389429998,4.95812282178861e-05,4.16396462089606e-05,0.00111268003065594,0.0014156764253208,0.000292192981301366,7.33344284607983e-05,5.85244512009103e-05,0.000285109948698811,0.000179579917499126,0.00182405975961761,6.85408609418974e-05,0.000186448312750088,0.000877365947526605,0.000104313752873994,0.000503753864187787,0.000932742384237491,0.00472466892903975,0.00241889140666452,0.00123387858852188,8.57118490693038e-05,0.0689248471638965,0.000626812612434199,0.00142762457122612,7.13311465126009e-05,0.000589608804824819,0.0170765476927057,0.000111539877044278,0.000336980642000351,3.76330823125658e-05,0.000513269453441724,0.000221004926356494,0.00118572827598128,0.00263030919798321,3.54151630127758e-05,4.98674113533429e-05,0.000147098131624782,0.00309786089553572,0.000244328851896221,0.000161979654668534,0.00020626649488047,0.000180939287392545,2.66865773813442e-05,0.000192458158594681,0.000111253693908821,0.000127423041062129,0.000327178869610957,0.000240036104864369,0.000639118487258841,0.000938108318027305,0.000470985895177986,5.08690523274416e-05,0.020363217911859,0.000119553004837067,0.000130427963984425,0.000560203487656635,0.000791582552673437,0.000833365290450126,0.00180123665456494,0.000199827374332692,5.78089933622684e-05,0.000144951758108856,0.000171781427057929,0.000118980638566154,3.94932726930348e-05,0.000880227778881173,0.00285403286412654,4.8078766756738e-05,0.000178721368092755,4.50738438344419e-05,0.000173570071654533
3.1489219008978e-05,1.87684086808478e-05,4.58783323309613e-05,1.02183558373505e-05,0.000531771579290688,0.000217296464949371,0.000629784380179559,0.015113573897064,9.48847327753972e-05,3.33660598770628e-06,0.00274185597039763,5.19259306836789e-05,5.33856958033004e-05,6.19357486467977e-05,0.000191646306418879,0.00118053290602533,9.9681103882725e-05,0.000481096875852399,3.33660598770628e-06,0.000175171814354579,0.000120951967054352,0.00578650893417961,0.420567506629419,7.34053317295381e-05,0.00177340608246589,7.31967938553064e-05,0.0133005456184941,0.00976019812766355,0.0028938800807125,1.35549618250567e-05,0.00121890387488395,3.33660598770628e-06,0.0222626693014732,0.000462745542920014,0.000149730193698319,0.000540530170008417,0.000367860810144617,0.00135341080376336,3.50343628709159e-05,0.000352637545325707,0.0108894307166279,0.00120639160243005,0.000239401479617925,0.00337852210042684,5.3594233677532e-05,0.000129710557772081,0.000362021749666131,0.00115092052788443,1.79342571839212e-05,1.00098179631188e-05,0.00025274790356875,3.12806811347463e-05,0.000162033928277986,1.37634996992884e-05,0.00300357100255834,0.000817677004862269,0.0183000326153235,0.00237149270576224,0.000293621326918152,0.0103837263716162,0.00518070640953669,3.81624309843905e-05,0.000834151496926569,0.0311113483808702,2.10623252973959e-05,0.000237107563001377,0.00469335339745734,0.000518216617465631,0.00212458386267197,6.58979682571989e-05,0.000897964086441451,0.000338874045626419,9.05054374165327e-05,7.82017028368658e-05,0.00200759411522802,0.00114862661126789,0.000112401914210855,0.00108731647624378,7.61163240945494e-05,5.10917791867523e-05,5.90162184075547e-05,5.33856958033004e-05,4.10819612236335e-05,0.000169958367498788,8.82115207999847e-05,7.09028772387583e-06,0.000507372648005585,0.000110733611217002,0.000155360716302573,6.88174984964419e-06,3.48258249966842e-05,0.00202386006941809,0.00120639160243005,0.000281317592338485,3.46172871224526e-05,4.71295595763511e-05,4.17075748463284e-05,7.36138696037697e-05,0.000153483875434489,6.58979682571989e-05,5.56796124198485e-05,0.000746357051875047,3.60770522420741e-05,0.00031614341733517,0.0198048419157791,0.00168310918292358,0.000782642641991353,0.000373491332748871,2.75269993985768e-05,0.00371301685069439,0.000422080657444844,0.0017181435457945,0.000151398496692172,7.6324861968781e-05,0.00241695396234473,1.83513329323845e-05,0.000205409806118168,0,0.000221258684559772,4.65039459536562e-05,0.000769296218040528,0.000564929101293519,2.79440751470401e-05,4.58783323309613e-05,5.23430064321422e-05,0.000442725906993776,0.000113861679330477,3.4408749248221e-05,3.33660598770628e-05,2.87782266439666e-05,7.09028772387583e-06,8.71688314288264e-05,7.36138696037697e-05,3.4408749248221e-05,3.42002113739893e-05,0.000156820481422195,0.000509040950999439,0.000254833282311067,0.000528017897554518,7.21541044841482e-05,0.00171772647004604,0.000201030510759303,8.25809981957303e-05,0.000919860563235774,0.000102392096247736,0.15836470438088,0.00105207357549864,0.000936543593174305,3.54514386193792e-06,0.000181427950581529,0.000179759647587676,3.33660598770628e-06,2.83611508955033e-05,0.0006083049791337,0.186928137014388,7.04858014902951e-05,4.10819612236335e-05,3.4408749248221e-05,6.73577333768204e-05
0.0102692738473026,0.0147307261526974,0.0079615456412171,4.20011200298675e-05,0.000548347955945492,7.93354489453052e-05,0.000317341795781221,0.00024033974239313,0.00110602949411984,0.00563981706178832,0.00368443158484226,7.93354489453052e-05,0.0507863543027814,0.000639350382676871,0.00215372409930931,0.00997993279820795,0.000357009520253873,0.0013347022587269,0.000471345902557402,0.151407037521001,0.00126470039201045,0.00033134216912451,0.000116669777860743,0.158691898450625,0.0167747806608176,7.70020533880904e-05,0,0.000527347395930558,0.00334842262460332,0,0.00126936718312488,0.00733852902744073,0.00177571401904051,0.028355422811275,0.00116903117416464,0.00256440171737913,0.00151204032107523,0.000382676871383237,0,0.000746686578308755,0,0.000469012507000187,0.00015867089789061,0.00131603509426918,0.00150970692551801,0.000392010453612096,0.00265307074855329,0.00169404517453799,0,0.00139303714765727,0.00495613216352436,0.000247339929064775,0.00252473399290648,0.00206738846369236,0.00112236326302035,0.000200672017920478,0.00283040881090162,7.46686578308755e-05,0.000287007653537428,0.00479979466119097,0.000676684711592309,0,0.0940335075602016,0.000448011946985253,8.16688445025201e-05,0,0.000583348889303715,0.000317341795781221,0.00457345529214112,0.000123669964532388,7.93354489453052e-05,3.73343289154377e-05,0.000875023333955572,0.00016800448011947,0.00319441851782714,0.00404844129176778,0.000555348142617136,8.40022400597349e-05,0.000511013627030054,0.00264373716632444,0.00133236886316968,0.000632350196005227,0.000735019600522681,0.000385010266940452,8.16688445025201e-05,0.00487212992346463,0.00362142990479746,0.000399010640283741,0.00594782527534068,8.16688445025201e-05,0.00472512600336009,0.0274523987306328,0.00168704498786634,0.000497013253686765,0.00218872503266754,0.000242673137950345,7.93354489453052e-05,0,0,4.20011200298675e-05,0.000644017173791301,0.000660350942691805,0.000116669777860743,0.000231006160164271,0.000242673137950345,0.00612749673324622,0.00138370356542841,0.000903024080642151,0.000151670711218966,3.73343289154377e-05,0.0009893597162591,0.000116669777860743,0.0376026694045175,0,0.00217705805488146,0.000399010640283741,0.000604349449318648,0,0.00156570841889117,8.40022400597349e-05,0.00259706925518014,0.00105002800074669,3.73343289154377e-05,0.000942691805114803,4.20011200298675e-05,0.00049467985812955,0.000116669777860743,7.93354489453052e-05,0.000779354116109763,3.73343289154377e-05,0,0.00232172857942878,0.000161004293447825,0.00229139443718499,0.000399010640283741,0.00298907970879223,0.00746919917864476,0.00435644950532014,0.000592682471532574,0.000476012693671831,0.00283507560201605,0.000968359156244166,0.000198338622363263,0.000406010826955385,0.000186671644577189,0,0.000401344035840956,0.197631603509427,4.20011200298675e-05,0.000653350756020161,0.0260990293074482,3.96677244726526e-05,0.000777020720552548,0.00223539294381184,0.00024033974239313,8.40022400597349e-05,0.000238006346835916,8.16688445025201e-05,0.000805021467239126
0.002050864636508,0.000236495926798231,0.00066840038594889,2.73104600522453e-05,0.00239085795737232,0.000365648601519455,0.00134429776093173,0.00213849178106066,0.000443831487159216,0.000206361925421511,0.00783089713644228,0.000591775316212287,0.000787865393022348,0.000139083751103859,0.0279711200404253,0.0372123273866957,0.00106014240384625,0.00107698628829915,7.55053895562075e-05,0.00255214058509618,0.00514395679397593,0.0014952111765502,0.00066747543275639,0.000289072213529826,0.623390508422429,1.96674257773745e-05,0.000183286777355978,0.00316426487154347,0.00711624909086838,3.80204443864591e-05,0.00242547067947062,0.000203781792831905,0.0093419785625059,0.00176739082388015,0.000565827945075306,0.00464832792803669,0.000198280755423877,0.00245117464187273,0.000143757198813334,0.000479125753715147,8.3343150818973e-05,0.000697122616663372,0.000282840949917192,0.00598400901975408,0.000761918021885366,8.23208341325253e-05,0.00216843105544948,0.00132360801846791,0.000134410303394383,2.35619655352704e-05,0.0605959230010545,0.000366232782483139,0.00389926188735238,0.00342403067339513,0.000841756086922233,0.00202769212494852,0.00216219979183685,0.00371193452499759,0.000392180153620121,0.0120713693883333,0.000534233491289375,5.94404130548867e-05,0.012394032007275,0.000779784223024714,0.000260155255827449,0.000567531806219385,0.0085664296514679,0.000981959518206487,0.00342042822411908,0.000178662011393476,0.000240585193544021,0.000413015941324864,0.000376163858865774,9.83371288868724e-05,0.00490205719326361,0.00589657660218931,0.00017515692561137,0.00122254471175051,0.000222524265416779,0.00154744669105298,0.000772530642725633,0.000933131725991866,0.000599223623499263,0.00055799018381254,0.00051626992665608,0.000170240069167026,0.00675410557513103,0.000641868833848224,0.0237098606825765,0.000133777440683725,0.00285172805597233,0.00275524083347045,0.000838348364634074,0.000646737008545594,0.00190068144709414,0.000107732706052796,0.00033215555960155,3.97243055305386e-05,0.000238637923665073,5.95864582958078e-05,0.000223449218609279,0.00117712464182405,0.000562371541040173,0.000519044786233581,0.000185672182957689,0.00372016174023614,0.00185803623674518,0.00166321188535643,0.000210986691384012,0.00146512585692045,0.00115366003978272,0.000536862305625955,0.00102922949451795,0.000209964374697565,0.000355571479895899,0.000354354436221556,0.000688311220461133,2.16633774032961e-05,0.000428545418609474,8.6750873107132e-05,0.00700802956734584,0.000931379183100813,6.88846719677844e-05,0.00288853145668444,0.000111286473581876,0.001369709632852,0.000332398968336418,2.62881433657976e-05,0.000515637063945422,5.77852336577809e-05,2.46816457156655e-05,0.00392701048312739,0.000193363898979533,0.000420220839876972,0.00025241485805863,0.000720295128222853,0.00112435362810456,0.0047836145028766,0.000288780123047984,0.000682031275101526,0.0011872017634476,0.000142832245620833,0.000643718740233224,0.000479855979919753,0.000632327211441379,0.00033624482634734,0.00138816001495503,0.00310068650999582,0.000106077526655691,0.000902802997627252,0.00448422175898835,1.99595162592167e-05,0.000249201862758366,0.000742542686589834,0.00114893791032627,0.000118004554664247,0.000280504226062455,0.000205193563494142,0.00032071534906273
0.00010826841151411,2.82439334384635e-05,0,2.51057186119676e-05,0.000141219667192318,2.82439334384635e-05,0.00101991981861118,0.000519374553785079,0.000244780756466684,0.000109837518927358,0.0039510124665584,0.000221244145267964,5.33496520504311e-05,5.64878668769271e-05,0.00107013125583512,0.000873992829179121,8.47318003153906e-05,0.000156910741324797,0.000338927201261562,7.53171558359027e-05,0.000244780756466684,0.00447352523516997,0.000313821482649595,5.02114372239352e-05,0.00376585779179514,0.00754113022806976,0,0.00124116396387915,0.000895960332964593,0.000183585567350013,0.00265492974321557,0,0.00610696605236111,0.000679423509936373,0.000288715764037627,0.00158009116514071,0.000869285506939378,0.00781886224021465,0.000428366323816697,0.00112818823012529,0,2.66748260252156e-05,0.00211044947081852,0.00350538596119597,0.000458179364668408,0.000528789198264567,0.00510116820046916,0.00153929437239626,0.000925773373816305,0,0.000105130196687614,7.53171558359027e-05,0.000346772738327802,5.17805446371831e-05,0.00025576450835942,0.00165227010615012,0.000698252798895348,0.000203983963722237,0.000167894493217533,0.00909454656718526,0.000593122602207734,0,0.000549187594636791,0.000563309561356023,0.000101991981861118,0.000265179152838908,0.00195510783690698,0.00024007343422694,0.000773569954731251,2.82439334384635e-05,0.000729634947160308,0.0287648770996619,2.82439334384635e-05,0.000291853978864123,0.00105600928911589,0.00442174469053279,0.000196138426655997,0.000870854614352626,8.47318003153906e-05,8.15935854888946e-05,8.15935854888946e-05,0,0.000514667231545336,2.51057186119676e-05,0.000246349863879932,0,0.00134315594574027,0.00281027137712712,0.0101740924674999,2.51057186119676e-05,0.000296561301103867,0.00212770965236425,0.00034834184574105,0.000630781180125686,2.82439334384635e-05,0.00191588015157578,0.000191431104416253,0.0141345195785377,0.00412675249684217,0.000426797216403449,0.000462886686908152,0.000980692133279984,0,0.000423659001576953,0.000246349863879932,0.765661653368481,0.00072806583974706,0.00013180502271283,0,0.00157224562807447,0.00333749146797844,0.000406398820031225,0,0.000702960121135092,0.000451902935015417,0.000326374341955579,5.49187594636791e-05,0.000797106565929971,0.000180447352523517,0.00145299346466762,0.00284322263280533,0.000450333827602169,0.00221244145267964,0,0.000359325597633786,0.00179662798816893,5.49187594636791e-05,0.00788005742933132,0.00876974133264293,0.00224539270835785,2.66748260252156e-05,0.000153772526498301,0.00225794556766383,0.000320097912302587,0.00451275292050117,0.000450333827602169,0.00153144883533002,0.000310683267823099,0.000508390801892343,0.00021653682302822,0.0154023583684421,0.000304406838170107,0.000214967715614972,0.000423659001576953,0.00130706647523556,0.000101991981861118,0.00144200971277489,0.00103090357050392,5.49187594636791e-05,5.49187594636791e-05,0.000652748683911157,0.00315704411545492,5.33496520504311e-05,0.000428366323816697,0.00216066090804246,0.000111406626340606,5.64878668769271e-05,8.47318003153906e-05,0.000877131044005617
0.000745820951616179,2.02309282650189e-05,0,6.61395731741004e-06,0.00023187756242214,0.000343147667879744,0.00136870010839109,0.0508088091686567,0,1.40060272603977e-05,0.00137259067151898,5.1355433288125e-05,4.35743070323485e-05,0,8.20908819984422e-05,0.000276229982080066,6.22490100462121e-06,0.000309688824979905,6.65286294868892e-05,3.54041244637831e-05,3.81275186533049e-05,0.00670966517035609,0.0726815550736445,7.70331499321875e-05,0.000966804937280232,5.83584469183239e-05,0.27221414281946,0.00944084048613365,0.0025833339169178,1.32279146348201e-05,0.000466089462721013,4.35743070323485e-05,0.0180860608126141,6.22490100462121e-06,0.000847753705566851,0.000298795248221818,0.000235768125550028,0.000675012702688613,5.99146721694792e-05,0.000160680257181785,0.00344314836818111,0.0010236071589474,0.000113215387021548,0.00255999053815047,3.38478992126278e-05,7.62550373066098e-05,9.22063461309517e-05,0.00127960621276245,0.000187525142764214,4.04618565300379e-05,2.64558292696401e-05,0.000387111031224882,6.14708974206345e-05,0,0.00140682762704439,0.000207756071029233,0.282844717510102,0.0028272722250364,0.000280120545207954,0.00570395460179697,0.0027992601705156,0,0.000688240617323433,0.0296056291779785,0.00026183489850688,0.000111659161770393,0.00215731725441404,0.000728702473853471,0.00338167747076047,0,0.00225419227629846,0.000324862021178669,9.68750218844176e-05,0.000213202859408276,0.00136403143263762,0.000385943862286515,0,0.000517055839696349,2.56777166440625e-05,4.04618565300379e-05,4.39633633451373e-05,6.22490100462121e-06,0,4.62977012218703e-05,5.91365595439015e-05,0,0.000313190331795005,3.3458842899839e-05,4.62977012218703e-05,3.85165749660937e-05,2.72339418952178e-05,0.000386332918599304,0.00124848170773934,5.09663769753362e-05,6.9252023676411e-05,3.26807302742614e-05,9.02610645670076e-05,0.000131111977409834,0.000303074867662495,3.19026176486837e-05,0.000138893103665611,0.000570745610861207,0,7.27535304915104e-05,0.00405513394819793,0.00172274135302892,0.000576192399240251,0.000922452517622306,2.64558292696401e-05,0.00453717471974329,0.000229932280858196,0.00143250534368846,0.000273895644203333,3.89056312788826e-05,0.015724488993986,7.27535304915104e-05,0.000136947822101667,0,0.000276229982080066,0.000131890090035412,0.000303852980288073,0.000494879629867386,8.09237130600757e-05,6.22490100462121e-06,7.54769246810322e-05,0.000279342432582377,0.000235768125550028,8.20908819984422e-05,1.32279146348201e-05,6.22490100462121e-06,0,1.24498020092424e-05,1.32279146348201e-05,6.61395731741004e-05,6.9252023676411e-05,0.000505384150312684,0.000913504222428163,2.48996040184848e-05,0.000157956862992263,6.61395731741004e-06,0.00201219924974381,8.98720082542187e-05,5.33007148520691e-05,0.000401895171110857,0.000348205399945999,0.132522695600007,0.000710416827152396,0.00152548980244499,1.24498020092424e-05,0,8.17018256856534e-05,6.22490100462121e-06,1.40060272603977e-05,0.000450138153896671,0.0354951636409757,0,1.98418719522301e-05,1.24498020092424e-05,0
9.31894580076393e-05,1.57159595732157e-05,6.04234718995064e-05,6.14972331125832e-06,0.00177733511339081,0.000421207239493328,0.00216017979318057,0.0301096635580737,0.000133667001918779,3.22453746108836e-05,0.00182028556191388,0.000107376121307685,2.04990777041944e-05,2.88288616601845e-05,0.00017020742138197,0.00173100069013562,4.8612098555661e-05,0.000526858835216374,8.55755148603671e-06,0.000100705786499177,0.0001686781251088,0.00342575380477524,0.0011949986154988,1.8839628556712e-05,0.00162216034899192,4.34059835831672e-05,0.000430578246443817,0.363735374477477,0.00698455638531628,1.66595679119802e-05,0.00377658087748417,2.04665394856163e-05,0.208639938255476,0.000168417819360175,0.000170597880004907,0.000745710893372583,0.000203331327894462,0.00297422094556714,3.64428048074567e-05,0.000220251201555067,0.000153515315251411,0.00673339387611203,0.000103634226171205,0.0190188816028587,0.000195424540779987,0.000103536611515471,0.000391467307712957,0.00456511206650552,3.45555881299277e-05,9.59877448053547e-06,0.000165326688595257,0.000162137943174604,8.99681743684088e-05,2.3362440939066e-05,0.00566204049120996,0.00254748220891554,0.00594609913939666,0.0496607728022142,0.000367812022806688,0.138362201783159,0.00628989795689272,5.04342387960338e-06,0.000761003856104284,0.00647055014643825,0.000101389089089317,0.00048137040564421,0.0310302673763035,0.000693064055713239,0.008536629411491,0.000129794953907986,0.000585557781531242,0.00037457997227093,0.00020590184716213,6.85254883254499e-05,0.00400473886615371,0.00111996548345773,5.88941756263363e-05,0.00182386476595747,0.000153645468125724,8.88944131553319e-05,3.4295282381303e-05,3.0130390403308e-05,2.10522274200219e-05,0.000152962165535584,0.000177333291250571,1.94903929282737e-05,0.000692087909155897,0.000156736598890642,0.000324210809912052,2.19632975402083e-05,2.42084346220962e-05,0.00123098588524616,0.00392876212577388,0.000189274817468728,4.56511206650552e-05,5.20611497249382e-05,0.000157777821885141,2.31021351904413e-05,0.000293429655137183,4.00545470696243e-05,5.67791914187607e-05,0.000588160839017489,3.8818094763657e-05,0.000447595734760156,0.001984928947919,0.00151959988403379,0.00150137848163006,0.0011143689098623,0.000141183330410317,0.0146972855641916,0.000613150190885459,0.0170430958943601,8.11177789151693e-05,0.000143298314617892,0.00259755852730721,5.01413948288311e-05,0.000437085890159434,7.61394314727221e-06,0.000583442797323666,5.35253695609521e-05,0.000907360763268516,0.00134779808994149,3.2017607080837e-05,3.09763840863382e-05,2.61932659553595e-05,0.000958998916151939,0.000267691924241916,4.00545470696243e-05,0.00025402587243912,4.85144838999268e-05,4.00870852882024e-05,4.55535060093209e-05,5.04342387960338e-05,4.55535060093209e-05,5.6128427047199e-05,0.000146714827568591,0.000408094337406359,0.000118959727121484,0.000971493592085924,4.20393784028876e-05,0.0014751852156747,0.000103081076455378,7.81893392431415e-05,0.00191894144064264,0.000182734635534533,0.000639083151092194,0.00123007481512598,0.000233494256516348,1.94578547096956e-05,0.000158884121316796,7.80917245874073e-05,1.78634819993694e-05,2.71043360755459e-05,0.00154322263072148,0.00366455179091982,1.2039140873892e-05,9.27664611661242e-05,2.59654984253129e-05,9.53044422152149e-05
0.000544064198088306,6.77291994638443e-05,0.000275242814587599,6.110498634263e-05,0.00465121152126406,0.00688512600537643,0.036952699738614,0.00260520838895757,0.00053520938258954,0.000449973334162487,0.00702470763900202,0.000471130259743508,0.00027389093435878,0.000125522079245867,0.00114423142567261,0.00564396476729748,0.000415365200304714,0.000986669785003728,3.75822703611751e-05,0.000823633029408127,0.0010321605547035,0.00465641626014502,0.000998904301074542,9.3347329799969e-05,0.0090015620976044,2.84570788166452e-05,0.000528382387434003,0.0103012597495912,0.34992000248746,2.92682069539367e-05,0.0018207798861852,0.0001559393843943,0.0280546240725257,0.00154357684526582,0.000727852315196283,0.00613807699093091,0.000269429729603676,0.00503798445472925,0.000131673134286995,0.000701017492654221,0.000162563597515515,0.00340883359097917,0.00069466365557877,0.0175409839389869,0.000522366520415757,0.000158913520897703,0.00222614117279666,0.00229853435904993,0.000282137403754577,1.14233879335226e-05,0.00155263444279891,0.00541928227326772,0.00128293433714947,0.000292006129424957,0.00149889720370334,0.00360005704934566,0.00348947324662824,0.0224741976759827,0.00417643118490274,0.0481108487712423,0.00109387388714909,4.6707461905705e-05,0.0100821875585111,0.0014173112318941,0.000613753623883938,0.00413344139362629,0.0771215901356004,0.00679921401683496,0.0254559723026779,0.000507022679818659,0.00064545521524975,0.000481742519539739,0.00486906702013828,0.000229752044887831,0.00482911895937668,0.00558110233665738,0.000156885700554474,0.0405895279301835,0.000993226404113501,0.00031816501185261,0.00118708602892618,0.000268956571523589,0.00103310687086367,0.000776587597445217,0.000490800117072828,6.91486737041045e-05,0.00210122743965376,0.000738329386969632,0.000829648896426372,0.000434967463622593,0.000171215630979958,0.00516884646087895,0.00260270741053426,0.00146408628781125,0.000392518424437669,0.000122074784662378,0.0181712305016625,7.06357419558057e-05,0.000304916585610181,0.000119033054147535,0.000433953553450978,0.00117113384222611,0.000119708994261944,0.00560327317241002,0.000417595802682266,0.00418373133813837,0.00823058480310878,0.06020105162763,0.00707486239549121,0.00265157788080607,0.00119019535345247,0.000825525661728473,0.000453691004791739,0.000400224141741938,0.000794432416465631,0.000185613155416883,0.00327891790098964,2.29819638899272e-05,0.0024725889385104,7.24607802647117e-05,0.00648861953426374,0.00649504096535063,0.000111800494923352,0.000202782034322887,0.000132551856435727,0.00202525177079411,0.00265854006398449,3.48785099035366e-05,0.000843438074760329,6.27272426172131e-05,0.000187100223668584,0.000556163526136238,0.00014823366709003,0.000257127619521421,0.00022333061380094,0.00104676086117474,0.00169012066206982,0.00112854961501831,0.000662894470201518,0.000161820063389664,0.00146908824465788,0.000182301048856276,0.000144921560529423,0.00129381697299146,0.000737788634878104,0.000829986866483577,0.0261425922708952,0.00126522470615193,0.000134376894744633,0.0015451991015404,0.000679522597015995,3.9474902681522e-05,9.46316160173473e-05,0.00276912386670191,0.00217294468579262,4.08267829103413e-05,0.00223276538591787,0.000167565554362146,0.000325465165088234
0,8.98507915293166e-05,9.54664659998989e-05,0.00580660740258209,0.000937817636587242,0.000202164280940962,0,0,0.00122421703458694,0.000376250189529013,0.00931078827222544,0,9.54664659998989e-05,0.00124667973246927,0,0.00325709119293773,0,0,0.0580660740258209,0.000190932931999798,0.000202164280940962,0.000303246421411444,0,0.000303246421411444,0.00594699926434664,0.00166223964329236,0,0.00864252301022614,0.000460485306587748,0.062070049923346,0.000550336098117064,0,0.000876045217410837,0.00498110325540649,0.0348845698112572,0.00046610098105833,0.00443638283176001,0.00992289678951891,0.000477332329999495,0.00508780107034755,0,0.000404328561881925,0.0588298057538201,0.00265059835011484,0,0.000572798795999393,0.129239132265981,0.000365018840587849,0.147916865555138,0,0.0022518854627035,0.000494179353411241,0,0,0.00412752073587798,0.000943433311057825,0,0.00719367899681591,0.000477332329999495,0.00347048682281985,0.000101082140470481,0,0.000286399397999697,9.54664659998989e-05,0.00244843406917388,0.000387481538470178,0.00161169857305712,0.0093220196211666,0.00457115901905398,0,0,0.00434091636576011,0,0,0.00046610098105833,0.00557636474928821,0.000202164280940962,0.00253266918623261,0.000628955540705216,0.000679496610940457,0,0,0,0.00019654860647038,0.000190932931999798,9.54664659998989e-05,0.00201602713493904,0.0305773474923206,0.00436899473811302,0,0,0.00952979957657814,0.000404328561881925,0,0,0.000965896008940154,0,0.0010782094983518,0.000847966845057926,0.0256130912603258,0.0252536880942086,0.000185317257529216,0,0.00144322833893965,0.000101082140470481,0.0559826587972348,0.000190932931999798,0.000185317257529216,0.000202164280940962,0.000101082140470481,0.00202725848388021,0.0012354483835281,0,0,0,0.00129160512823393,0.00039309721294076,0.0278481296996176,0.00491933083623009,0.0668939142935762,0.00124667973246927,9.54664659998989e-05,0.00298753881834978,0.00116806028988112,0.0247538930663267,0.000657033913058128,0.000286399397999697,0.00736776490540396,0.0148927686959842,0.000477332329999495,0,0,0.000864813868469673,0,0.0282019171912643,0.0100576729768129,0.0044700768785835,0.000202164280940962,0.000477332329999495,0,0.00673319369022816,0.000780578751410938,0,0.000185317257529216,0.000381865863999596,0,0.00154992615388071,0.000505410702352406,0,0,0.000303246421411444,0.00274044914164416,0,0.00302123286517327,0,0.00175209043482167,0,0.000101082140470481,0.00523942428105328
0.000233966172671807,2.80074779966251e-05,0.000188116893877332,1.95533688976438e-05,0.00130841601374234,0.000356628553157026,0.0023037187966224,0.00318569502501612,8.47485537897878e-05,5.52888361933377e-05,0.00534761299785561,0.000172660915279194,6.12015259926252e-05,0.000102694085987625,0.000331888614260007,0.00111002971126624,0.000111303792186588,0.00318242748591652,4.65235328943939e-05,0.000143253063382738,0.000189828461977126,0.00548422725163915,0.00065070707212159,2.13686683974251e-05,0.00303642554043411,4.68865927943502e-05,0.000156686279681119,0.00692510826316552,0.00285292469385622,2.42731475970751e-05,0.22066692547651,1.06324684987188e-05,0.0469392883455438,0.000229350125372363,0.000298072177864082,0.00220258068163459,0.00027784455486652,0.0255635662129196,0.000129093727284444,0.000548220448933939,8.49560165897628e-05,0.00130639325144258,0.000300976657063732,0.092788100348719,9.65739333883628e-05,0.000135213879883707,0.0022514381710287,0.0153230468090536,0.000137288507883457,1.13585882986313e-05,0.000345996084658307,9.60552763884253e-05,0.000270220296967438,0.000114312002786225,0.000932752748687603,0.0589853564975923,0.00173604871019081,0.00656360433420909,0.000446096885646245,0.219523961045747,0.00047368943804292,2.11093398974563e-05,0.00064489811372229,0.00147760192712195,0.000169082181979626,0.000504705126639183,0.045850367974175,0.000849197105997672,0.00490405753150906,0.000115401182486094,0.000896654221491953,0.000729905996012046,0.000235314680871645,0.000288995680365176,0.109573967360396,0.00382385059773923,4.70421898943314e-05,0.00225937362312775,0.000568136877731539,0.000276288583866707,7.73836243906753e-05,2.31839678972063e-05,3.80694237954126e-05,0.00033551921325957,0.00218463514943675,1.57671727981001e-05,0.000914599753689791,0.000554185004433221,0.000428670010448345,4.28929338948314e-05,3.92104691952751e-05,0.00199439176185968,0.000471096153043233,0.000406315893751039,5.44589849934377e-05,9.91153526880566e-05,0.000217784074273757,3.76544981954626e-05,0.00130084362154325,7.06410833914878e-05,0.000172297855379238,0.00139710636073165,2.36507591971501e-05,0.000506779754638933,0.000486448400241383,0.00488061423511189,0.00854036175807089,0.000838875831698915,6.71142157919127e-05,0.00740528091370766,0.00101516734597767,0.00068307126891769,0.000140867241183025,0.0017203334030927,0.00103176436997567,7.83690726905565e-05,0.000620573100425221,1.15660510986063e-05,0.000329969583360239,0.0001012418463878,0.00249743718609906,0.0121839790483318,2.94078518964564e-05,4.98429376939939e-05,5.64817472931939e-05,0.0189120495172211,0.00040398193725132,6.1875780092544e-05,0.00058722345532924,7.52052649909378e-05,3.39720334959064e-05,0.000142993734882769,0.000167370613879832,7.4531010891019e-05,0.000174320617678994,0.000340757648958939,0.000538106637435158,0.000210211682074669,0.000173801960679057,6.77884698918315e-05,0.00410330298930555,0.000165451582980063,0.000168148599379738,0.000530534245236071,0.00166784531469902,0.000465131597543952,0.00420838289749289,0.000297709117964126,4.14925599950001e-05,0.000144290377382613,0.000106739610587138,1.62339640980438e-05,2.74369552966938e-05,0.00034755205565812,0.00151318179731766,1.96052345976376e-05,5.92824950928565e-05,8.94683324892191e-05,0.000101864234787725
0.00764860792220822,0.0424638563364816,0.00559530778086537,0.000194687118332128,0.0121835198652246,4.41290801552824e-05,0.0011707185382372,0.000377693009564329,0.00259712615855059,0.0289421870112542,0.00399627758229749,0.000175218406498916,0.00904516351771069,0.00910616548145475,0.000506186507663534,0.00464783047164901,0.000593146753851885,0.000245305769098482,0.000437397059186182,0.00129272246572533,0.000401055463764185,0.000708661110728947,0.000215453744287555,0.00594834042210763,0.00394176518916449,4.67249083997108e-05,2.33624541998554e-05,0.00036860761070883,0.00495543611861378,0,0.000443886629797253,0.123846965541678,0.00129791412221419,0.0832027848045406,0.00832741700812624,0.00142900344855782,0.0133360676057508,0.000147962209932418,0,0.00264255315282809,0,4.54269942774966e-05,0.00165873424818973,0.00168858627300066,0.00111490823098199,0.00068140491416245,0.00395993598687549,0.00034394724238676,0.000516569820641247,0.0085246999547028,0.00122263510312577,0,0.00495024446212492,0.00087998577486122,0.000959158536316286,0.000215453744287555,0.000510080250030177,4.41290801552824e-05,0.000186899633598843,0.00192221081499921,0.000214155830165341,2.20645400776412e-05,0.0130336536152749,4.41290801552824e-05,0.00142900344855782,6.61936202329237e-05,0.00248939928640682,0.000777450559206299,0.000798217185161726,0.000311499389331405,0,0.000595742582096313,0,8.82581603105649e-05,0.00229211633983026,0.00251016591236224,0.00448559120637224,0.000179112148865558,0,0.00561347857857637,0.000482824053463679,0.000911135713794361,0.00172362995430044,0.00127195583976991,2.0766625955427e-05,0.0331954515897501,0.00619753993357276,0.000680107000040235,0.00288785892192657,0.000815090068750511,0.000608721723318455,0.269352224040744,0.000868304547761293,0.000685298656529092,0.00204161891424292,0.000587955097363028,0.000726831908439946,0.000251795339709553,0.00025698699619841,0.000128493498099205,0.000394565893153114,0.000404949206130827,0.000780046387450728,0.000721640251951089,0.000140174725199132,0.00120835804778141,0.000406247120253041,0.000860517063028008,0,2.20645400776412e-05,0.000586657183240814,8.43644179439223e-05,0.0207536468142049,0.000147962209932418,6.61936202329237e-05,0.000604827980951812,0.000593146753851885,0,0.000690490313017949,0.000234922456120768,0.00147572835695753,0.000205070431309842,0.000180410062987772,0.000356926383608902,0.000510080250030176,0.000498399022930249,0.000371203438953258,0.000218049572531984,0.00118629350770377,6.22998778662811e-05,2.20645400776412e-05,0.00206108762607613,0.000179112148865558,0.00271004468718323,0.00106558749433785,0.00655316840305944,0.0164536573273093,0.00435060813766196,0.000547719759574388,0.000241412026731839,0.000895560744327791,0.0023232662787634,0.000132387240465847,0.00266721352115016,0.000129791412221419,0.000186899633598843,7.00873625995662e-05,0.141541428769824,6.22998778662811e-05,0.000202474603065414,0.00789001994894006,0.000242709940854053,0.000266072395053909,0.00138617228252475,0.000132387240465847,0.00122393301724798,0,6.74915343551379e-05,0.00201306480355421
0.000145478241138659,2.37117236108031e-05,3.70111401794328e-05,9.04894976579126e-06,0.00111613515693151,0.000291691625906739,0.00166681120035963,0.0223594870525969,6.95312210954891e-05,5.40130073907865e-05,0.00236432884220278,9.41518495572136e-05,3.24398834292103e-05,4.88135369936037e-05,0.000247850333097588,0.00155405353385414,7.60806825212464e-05,0.000490193772098418,1.77370108407755e-05,0.000138928779712902,0.000193155647068611,0.00744342281162979,0.000886596583330428,2.2388465077844e-05,0.00241513395011973,5.15669840419833e-05,0.000280544175235144,0.0709609016934929,0.00653094917254372,2.52622083564926e-05,0.00652734028563565,1.55048474568949e-05,0.483281564073408,0.000144449040057468,0.000193970988184879,0.00109914665596797,0.000202979839207247,0.00432228365230904,4.92278906756414e-05,0.000241046912963485,0.000145090619952237,0.00221550903911221,0.000163656338157087,0.0343941892536651,0.000133060996925335,7.89677920477027e-05,0.000795706098238286,0.0229472410674435,6.79005388629536e-05,3.62225315587804e-06,0.000257514130262532,8.71746682016109e-05,0.0001526960149548,4.17026931599243e-05,0.0020953999363125,0.00443582992743518,0.0053095280816312,0.0146088945000991,0.000385696446738069,0.160721671520931,0.00198808233266474,1.44622801278968e-05,0.000948990228096623,0.00392036058073246,8.17880703351207e-05,0.000534984068501913,0.0304982354414294,0.000662698566304181,0.00449076520592469,7.70029536199755e-05,0.00108920216759906,0.000423816985485538,0.000322554292094645,0.000103160700579582,0.00537071876409471,0.0018384605547057,3.66903502320488e-05,0.00154825258230561,0.000162480108350013,6.74059876940699e-05,5.32912300091725e-05,2.11320377839232e-05,3.37364094665541e-05,0.000148859901833999,0.000299938600804071,2.26023250427666e-05,0.000686503853649638,0.0002161455932978,0.000253477523424617,2.3030044972612e-05,3.67839139667024e-05,0.00143923746518627,0.00126430001387951,0.000236248430000533,4.5659102510994e-05,3.5754712885512e-05,0.000175031015041413,4.35338691095748e-05,0.000303908376402948,4.81853233466433e-05,8.1814802830736e-05,0.000557319068588526,3.559431791182e-05,0.000400345854335273,0.000523876716573741,0.00270416569271274,0.00218114441599869,0.00126099855067102,6.61228279045338e-05,0.0440039867774661,0.000486103700269271,0.00299421327013914,5.79159517506256e-05,0.000265386850221249,0.00350838609080451,5.41734023644785e-05,0.000421437793375773,9.14251350044494e-06,0.000500579346644976,6.44787794241906e-05,0.0012764766656323,0.00216700292581818,1.82850270008899e-05,4.03393358835421e-05,5.04843179695622e-05,0.00141251833581874,0.000244869659836478,5.23555926626357e-05,0.000241982550310022,6.5066894327728e-05,2.59839857381067e-05,7.37950541461352e-05,5.26496501144044e-05,4.77041384255672e-05,7.09079446196789e-05,0.00027162888794743,0.00042695805372034,0.000192808124625611,0.000413377945947749,5.91322803011234e-05,0.00142939990679983,0.000107959183542535,8.02509518372389e-05,0.000772061205866521,0.000381646473652345,0.000431449112983716,0.00132280408053367,0.00018375917485982,2.75879354750268e-05,0.000134116930502141,0.000157748456626098,2.11988690229615e-05,1.70820646981997e-05,0.000743831690496726,0.00229831294428071,2.63047756854907e-05,4.69155298049148e-05,3.51665979819746e-05,6.74327201896852e-05
0.0175068502923636,0.0386695366395596,0.0264929600866624,0.000134940668348223,0.00280840865760554,0.000409280914085741,0.000387925086573239,0.00174179067909654,0.0223830193479104,0.0100083733618203,0.00781247799880407,0.000662500011733971,0.00456662689632708,0.000942237884205418,0.00226981938132872,0.0100454527106881,0.000574964586875037,0.00108891252371436,9.26983721696488e-05,0.00209779936411263,0.000853998421076841,0.000986122936346492,0.000210272763200014,0.00367015149964845,0.0118198638296115,5.56190233017893e-05,8.54233100500055e-05,0.00115626551817686,0.00594630722540395,6.68836356160757e-05,0.000984714859807206,0.00495877621251818,0.00455606632228244,0.417555710548277,0.00624364605461647,0.00210671718219478,0.00418433411591098,0.000678692891935758,0.000172489376062511,0.0038351311341681,2.44066600142873e-05,0.000329489910192878,0.00118466172838579,0.00353849634322523,0.00378866460837167,0.000736424030046476,0.006606695122329,0.000520988319535748,0.000410454311201812,0.000779605043917907,0.00129871592806794,0.000159582007785725,0.00308556505642163,0.0017361583729394,0.000436973086025028,0.00107107688755007,0.000473583076046459,0.00195370619825905,0.000297808188058948,0.00429369472712885,0.000342631957892879,2.8865569055359e-05,0.0121111009938204,0.000346152149241094,0.000634103801525041,0.000316113183069663,0.00213065448336264,0.000674703341741115,0.000883568028401842,0.000170142581830368,0.000128369644498223,0.000352957852514308,0.000297573508635733,3.14470427107163e-05,0.00326814564768235,0.0111510274734507,0.0178302385375529,0.00093472814266256,0.000217782504742871,0.0324648473691967,0.000935901539778632,0.000496581659521461,0.00038088470387681,0.000388394445419668,0.000298277546905376,0.00824522685521124,0.0086202445735077,0.0015409050928251,0.00377857339317346,0.000148317395471438,0.000665081485389328,0.0618915349254611,0.000387925086573239,0.000360936952903595,0.000534365046658963,0.000321745489226806,0.000178121682219654,0.000147143998355367,0.000232801987828586,0.00020135494511787,0.000997856907507207,0.0013620793723358,0.00315174465376806,0.00100301985481792,7.4158697735719e-05,0.00270186419946624,0.000767636393333978,0.00166880537847689,5.96085734964324e-05,0.000344040034432165,0.00294428804364662,0.000191498409342869,0.00863221322409163,0.000122267979494651,0.000196191997807155,0.00218064120050728,0.000866905789353627,0.000441666674489314,0.000561118500905393,0.000219425260705371,0.00291260632151269,0.000268238580733946,0.000193610524151798,0.000240311729371444,0.000283492743242875,0.000727740891387547,0.000188916935687512,0.000277156398816089,0.00127383990920722,0.000124145414880365,1.57235213553582e-05,0.00338431196217343,0.000201120265694656,0.00842311385800768,0.000667193600198257,0.00291213696266626,0.0316378370817895,0.00944748954033811,0.000280676590164304,0.000681978403860758,0.00109876905948936,0.00241086171468051,0.000306726006141091,0.000512539860300033,0.000411158349471455,7.46280565821477e-05,0.00061767624190004,0.059152591377127,0.000103493625637507,0.000423127000055384,0.00750974154285763,4.74052434892888e-05,0.0013670076402233,0.000468420128735744,0.000394965469269668,0.00220082363090371,0.000149021433741081,0.000294287996710733,0.00220809869302336
0.000940995506861145,0.00214753147221135,0.000815781306923212,0.000979585227962706,0.000743729170320996,0.000190789739991634,0.000415311753673445,0.00118791575027323,0.00411263880830624,0.010210894175111,0.00806714071755293,0.000361879832148206,0.000776921727632129,0.0159874785800062,0.000824686627177418,0.00476839420884325,0.000250968116254908,0.000925073873679382,0.000580464965660545,0.00045848906399687,0.000272556771416621,0.000873800817670314,0.000305749328727754,0.000217505700754254,0.00459541510936003,0.000284160673566041,3.61609973958685e-05,0.00129855760797701,0.00549242373132919,0.000615276672108807,0.00145183705962517,0.00165288141081861,0.00551050423002712,0.00829921876054134,0.371966861414327,0.000469553249767247,0.031061757046672,0.00144536046307665,0.000181074845168864,0.00647470754118711,1.80804986979342e-05,0.000388056076531783,0.00846086381606466,0.00258254287371986,0.0007021710091347,0.00150850727942466,0.0583544047602985,0.000483855733811882,0.00111343488996532,0.000681391928541552,0.000284970248134605,3.26528409320902e-05,0.000533509640683821,0.000191059598181156,0.00230890666954515,0.000883785570682606,0.000194028038265891,0.00145264663419373,0.000272826629606142,0.00542091131110601,0.000734284133687747,0,0.00304157165409577,0.000452012467448356,0.0143221836924696,0.000219394708080904,0.00315869010834806,0.00118035972096663,0.00234614709969911,6.44961072956162e-05,3.77801465329969e-05,0.00104165261155263,5.72099361785382e-05,9.0942209868714e-05,0.00322858337943411,0.00875608867540108,0.00338375183840892,0.000500856799751731,0.00020725108955244,0.00137249875190587,0.000280382658912741,8.33861805621146e-05,0.00010551455210287,0.000692456114311929,0.000145993280531081,0.00211811692955352,0.0017950966766964,0.0138326609366778,0.000953678841768651,4.72251831662461e-05,0.000107673417619041,0.101961599179631,0.000853561453456209,0.00015543831716433,0.000165692928366144,0.000383468487309919,0.000107133701239998,0.000197266336540148,0.000291986561062162,0.000996586293902554,0.0217589356793005,0.00144266188118144,0.000602323479011779,0.000580195107471024,0.000117388312441812,0.00420816860739681,0.000536478080768556,0.00130746292823121,2.83351098997477e-05,0.000325179118373295,0.00384979693171239,0.000253666698150122,0.000770175272894094,4.3177310323425e-05,0.000143564556825388,0.000466584809682512,0.000891881316368249,0.00030898762700201,0.000726997962570669,0.000806606128479484,0.00138626151957147,0.000330846140353244,0.000161645055523322,0.000304939754159189,0.00118224872829328,0.000686519234142458,0.000111451432272341,0.000951519976252479,0.00313494258767018,4.12883029967752e-05,1.40326258551131e-05,0.000457679489428306,0.000402628418765939,0.000758031654365631,0.0043290650763024,0.0755853898776193,0.0683809857919663,0.00122650547137479,0.000378611039898533,0.000311146492518182,0.00167986722977076,0.00334867027377113,0.000100657104691485,0.00108752850377127,0.000421788350221958,7.09727038441299e-05,0.000460108213133998,0.00417767463198089,1.91599314560199e-05,0.000155978033543373,0.00128101682565812,0.000576686951007246,0.00029171670287264,0.000753174206954246,0.000476029846315761,0.000890532025420642,6.12578090213593e-05,0.000179995412410778,0.0320715663918611
0.000757409934099061,7.37690385518967e-05,0.000224175413630977,4.81336253977747e-05,0.00291454928013788,0.000636582881890122,0.0014112026038409,0.00122799007066948,0.000236096777090761,6.73153681075024e-05,0.00316713877058654,0.000164837499267239,5.37805870366197e-05,5.30635125427981e-05,0.00145368926759983,0.0132803988941994,0.00792277681361136,0.000312734113617944,1.32658781356995e-05,0.000798641717493803,0.000552236994554357,0.00112768927584619,0.00035029089023185,8.90068715456057e-05,0.00998499342353055,1.38036840060657e-05,3.9080559913277e-05,0.00187613577877248,0.0117517753419952,7.35001356167136e-06,0.00128087431458883,4.36519098113897e-05,0.00737036055043355,0.000703091541192075,0.000260835847127606,0.465839108920209,9.37574900671737e-05,0.00164837499267239,7.82507541382817e-05,0.000221486384279146,2.49183386603005e-05,0.000660694511744873,0.000280645030019427,0.00705968802598534,0.00016949848347708,3.79153138608169e-05,0.00114803626460838,0.00148057956111814,9.33093185085352e-05,1.80164966572676e-05,0.002940184693292,0.0018392960766524,0.00210147643845592,0.000472103919869794,0.000858875974974817,0.00107157819670465,0.000760457500697803,0.00197401644717913,0.000873217464851249,0.0106061592038035,0.000592124263273183,0.00110044044508097,0.0030272196099796,0.000877519911814179,4.0873246147831e-05,0.00312545881563316,0.00814614551843679,0.00168216712819374,0.00287860592113507,0.000421819070990554,0.000190204009486178,0.000213777833470563,0.000689825663056376,0.000121633761014488,0.0024978393649158,0.00248538019558565,8.48836932061315e-05,0.0014095891862298,0.000301260921716798,0.000628515793834629,0.00514940157444461,0.00214432163946176,0.000377987892555709,0.000378167161179164,0.000141801481153221,6.06824290396526e-05,0.00161476212577451,0.000325641454506733,0.0012435864409101,0.00729623297463474,0.000216018691263756,0.000915793762921906,0.000605210872785427,0.0266074076304972,0.000191907061409005,5.12708263082442e-05,0.000585401689893606,4.38311784348451e-05,0.000120737417897211,4.2665932382385e-05,0.000108098979943606,0.000335949400355418,0.000339982944383164,0.00392401089881523,0.000426121517953484,0.00169202690248378,0.00522137792676195,0.00202026775203062,0.000742172101105352,0.00200260979262026,0.000577693139085024,0.000302515802080986,0.000309507278395747,0.000154260650483371,0.000143683801699502,6.27440182093897e-05,0.00141622212529765,1.68512506048075e-05,0.00145709537144548,1.49689300585258e-05,0.301530093554917,0.00359702492963258,2.29463838022911e-05,0.00143137032397963,5.59318105180845e-05,0.000778384363043343,0.000545245518239596,2.59939504010329e-05,0.000227402248853174,2.84140768176808e-05,0.000458927676045822,0.000425583712083118,5.9965354545831e-05,6.51641446260376e-05,7.19763523173427e-05,0.000278673075161418,0.000413841617246789,0.00127899199404255,0.000568281536353615,0.000244970573951803,0.000876802837320357,4.15903206416526e-05,0.00014574539086924,0.000580740705683765,0.000255188885488761,0.000185005219405972,0.00202044702065408,0.000442703865623108,0.00192633099333999,0.00174033979650501,0.000379332407231625,1.8195765280723e-05,0.000113925210205906,0.00154798456353737,0.000996554277788564,1.93610113331831e-05,0.00375863559367763,0.000189845472239268,0.000135437445020554
0.000747455528202767,0.00433658417985597,0.000733518166834345,0.0002560344903236,0.00159350498312289,0.000374760161239785,0.00213602967935293,0.000882183354764177,0.00599771117554416,0.0636808364894574,0.00881563916481136,0.000496066825001974,0.00115834958928661,0.0145325383187103,0.000527038739154023,0.0023074076043276,0.00011511228093178,0.00187844659332173,0.000291135993029255,0.000356177012748556,0.000141438407961021,0.00196981374007028,0.000248807710354788,0.000322624105750504,0.00171790883830028,9.65291324405507e-05,3.51015027056548e-05,0.00238586978684612,0.00355196235467075,4.43930769512693e-05,0.00101020059992598,0.00417862741768052,0.0014102544910566,0.0132776595969831,0.0607044355394456,0.000910574276070222,0.20796659575819,0.000692222281298281,0.000126468649454197,0.00605449301815625,8.41403667797314e-05,0.000389729919746608,0.00234715489415606,0.00300685666559469,0.00111705370375054,0.00135502124415212,0.0123867008665425,0.000302492361551672,0.000435155393836279,0.00208647461670966,0.000460449123727119,9.80777281481531e-05,0.000450125152343103,0.000188928676327495,0.000963226530128704,0.000412442656791444,0.000778943640924016,0.001663191789965,0.000263261270292411,0.00327321512730231,0.000471289293680336,0,0.00327631231871752,0.00030765434724368,0.00466798366128289,9.49805367329483e-05,0.00335064491268243,0.00126262170026517,0.00255621531468239,6.14276297348959e-05,0.000360822799871363,0.000716999812619919,0.00020493083197272,9.29157424561451e-06,0.00556100718600028,0.00911864772493224,0.00496789502998856,0.000841403667797314,0.00048677525075636,0.00246433196936465,0.000195639257727105,5.36846511968838e-05,7.02030054113096e-05,0.00074280974107996,0.000242613327524379,0.0118503705531429,0.000679317317068261,0.00396182401861619,0.00119706448197667,3.56177012748556e-05,0.000349982629918146,0.314154835825626,0.000235386547555567,0.00146961732651469,8.93023524717394e-05,0.000638537630101397,0.000176539910666676,0.000131630635146205,0.000387148926900604,0.000637505232962995,0.00265480924139974,0.00159763457167649,0.000504842200678388,0.000775846449508811,0.000167248336421061,0.00339968377675651,0.00175197794386754,0.000972518104374318,0,0.00014763279079143,0.00424624943024583,0.000298878971567267,0.00129410981298642,8.62051610565346e-05,8.00107782261249e-05,0.000422250429606259,0.000866181199118952,8.93023524717394e-05,0.000843984660643318,0.000273069043107226,0.00133437330138408,0.000345336842795339,6.76220125653056e-05,0.000153310975052639,0.000740744946803156,0.00109847055525931,0.000130598238007804,0.000297846574428865,0.00222481583325547,0.000141954606530222,0,0.000649377800054614,0.000429993408144271,0.000521360554892814,0.00139321993827298,0.020647426569463,0.0913330776429754,0.0014092220939182,0.000659185572869429,7.84621825185225e-05,0.000856373426304137,0.00420392114757136,0.000190993470604298,0.000586917773181316,0.000720613202604325,0.000169829329267065,0.000843468462074117,0.00775536730367291,8.7753756764137e-05,0.000249323908923989,0.00109485716527491,0.000191509669173499,0.000139373613684218,0.000840887469228113,0.000283393014491242,0.000788751413738831,6.09114311656951e-05,0.00035875800559456,0.00824214255442927
0.000118854099394436,5.95205374523789e-05,8.36403782838665e-05,1.05329537481173e-05,0.00150434263087756,0.000431726453332595,0.00165080678062949,0.00355826861176044,0.000113307159254895,4.69308530907239e-05,0.00439168078643395,0.000210472099452025,2.60519211048109e-05,4.16332136316116e-05,0.000343411687290689,0.00254841388051342,0.000102088628635599,0.00308409871758483,2.23124108983787e-05,0.000248552778387526,0.00052409235543147,0.0392515819063051,0.000802000288939489,2.39951904912732e-05,0.00283841289702224,0.000144407419138389,0.000139608381040135,0.0062255989168384,0.00608349752899398,6.71242082054577e-05,0.0214234669971396,2.11282326663418e-05,0.0352872648112962,0.000841078170596705,0.000336618243749004,0.00116018304154558,0.000256218774310712,0.386615121257981,0.000236150069536192,0.00034160425735758,8.05864449486135e-05,0.00132765077362364,0.000330635027418712,0.0224228510998087,0.000275290276363516,0.000133375864029414,0.000989536725792063,0.0206464591014132,0.000121347106198724,4.1134612270754e-06,0.000367531528122176,9.95332966612032e-05,0.000256218774310712,9.0558472165766e-05,0.00193581978352973,0.115939275838863,0.00233227019058164,0.00489190260171437,0.000384172348540799,0.105570486588808,0.00149056876828387,0,0.00143241938457385,0.00196274425701604,0.000146900425942678,0.000485201449284576,0.0161625993883906,0.00115002403881811,0.0045555959838159,0.000102961181017099,0.00215726111292062,0.00437435438914415,0.000303523578422079,0.0065682003769177,0.0202426543242886,0.00289201254331443,5.3101044931337e-05,0.00159328064862054,0.000487569805748649,0.00010962997421857,5.98944884730221e-05,1.83859251816249e-05,5.12936149982281e-05,0.000268621483162045,0.00219397063811376,4.47494721369718e-05,0.00121004317763135,0.000369837559416143,0.00035319673899752,3.90155564871091e-05,4.04490353995748e-05,0.00186009470184947,0.00135632035187295,0.000250796484511385,9.49835592433774e-05,9.7912842238416e-05,0.000117295970141756,0.000138174902127669,0.0123914903207141,8.81277905315851e-05,0.000136242821854346,0.00125940471235625,4.06983360800036e-05,0.000492368843846904,0.000388597435618411,0.0119975329204665,0.00253252096213609,0.00114179711636396,5.6778229967662e-05,0.00710326196228804,0.00116678950957695,0.00142543896552184,0.000142288363354745,0.00463630707910473,0.00176548509362674,0.00010495558646053,0.000534064382648623,6.1701918406131e-05,0.00103758943194472,0.000240014230082839,0.00170359619971029,0.00308821217881191,8.2580850392044e-05,3.43411687290689e-05,7.74701864432534e-05,0.0206566181041406,0.000391090442422699,0.000170521665413307,0.000522721201689112,0.0004663792479122,2.44314666820236e-05,0.000127081021848587,0.000273358196090192,0.000116111791909719,0.000294922704947285,0.000236835646407372,0.000658777048033136,0.000108632771496855,0.000489127935001329,0.000116111791909719,0.0366159751128117,0.000139172104849384,0.000166470529356339,0.000862829654964119,0.003628945354662,0.000333065709052893,0.00214049564216178,0.000213089756596527,2.23747360684859e-05,0.000154566421865864,0.000216019039591566,6.53167782723488e-05,4.37522694152565e-05,0.00111437404151679,0.00135644500221317,5.12936149982281e-05,5.7401481668734e-05,5.80870585399132e-05,0.000126894046338265
0.000815114490425079,0.00019325986605879,0.00119592913424572,7.13136037117304e-05,0.0111905306944447,0.000607591903623943,0.00152825052754238,0.000830090347204542,0.000850771292280944,9.8412773122188e-05,0.295741793408769,0.00410837670983279,0.000296664591440799,0.000169726376833918,0.000345870978001893,0.00340094576101242,0.000159029336277159,0.0069644865384876,1.14101765938769e-05,0.000350149794224597,0.000696733908263606,0.00307646886412405,0.000576213917990782,9.48470929366015e-05,0.00312710152275938,0.000179710281353561,0.00017186578494527,0.00104545743041397,0.00288178272599103,1.28364486681115e-05,0.00462468720070572,2.28203531877537e-05,0.0048093894343191,0.00192689357229096,0.00203386397785855,0.000364412514966943,0.000655372018110803,0.00609446057320448,0.0538374919861338,0.0046817380836751,3.42305297816306e-05,0.000885714958099692,0.000506326586353286,0.0041911004901384,0.0019532796056643,0.00239685022075126,0.00357495095406905,0.0011167710341257,7.41661478601997e-05,0,0.00301585230096908,3.77962099672171e-05,0.000631838528885932,0.000343018433853423,0.0008201064426849,0.00299731076400403,0.00128792368303385,0.00150756958246598,0.000430734166418852,0.00690030429514704,0.000666069058667562,3.70830739300998e-05,0.00133142498129801,0.000747366566898935,0.000359420562707121,0.000609018175698178,0.00647884089721071,0.000892846318470865,0.00178925831712732,0.000441431206975611,0.000502047770130582,0.00227419082236708,0.000191833593984555,0.000665355922630445,0.0163251101616893,0.22278013231526,0.00040220872493416,0.00183989097576265,0.00197467368677782,0.000949184065403132,0.000283828142772687,5.91902910807363e-05,0.000528433803503923,0.0162723380949427,0.0105829387908208,9.62733650108361e-05,0.00886000212514539,0.00114886215579598,0.000536278299912213,0,0.000207522586801136,0.00274985255912433,0.000435012982641556,0.000111249221790299,4.70669784497421e-05,0.00635618149882653,0.000519876171058515,0.00183632529557706,0.00257228168588212,7.4879283897317e-05,0.00115171469994445,0.0270421185274882,0.000757350471418577,0.00203529024993279,8.41500523798419e-05,0.0172001280792323,0.00259510203906987,0.00141628816971497,2.3533489224871e-05,0.00147975727701841,0.0723298225646226,0.000912100991473032,0.000720267397488477,0.00283685515565264,0.000240326844508532,0.00527364099448247,0.00326544991396014,0.000197538682281493,0.000536278299912213,0.00019325986605879,0.000939913296920607,0.0014918805896494,0.00126011137758628,0.000244605660731235,0.00029095950314386,0.00993255872496982,0.000538417708023565,0.00063754361718287,0.00653517864414298,0.00173149429812082,1.14101765938769e-05,0.000397216772674339,0.0138540937930779,0.0010219239411891,0.000120519990272824,0.000361559970818473,0.00204242161030396,0.000915666671658619,0.000154750520054455,0.000626846576626111,0.00173577311434352,0.000584058414399072,0.00442786165446134,0.000486358777314002,0.0299417296544071,0.000497055817870761,0.00297235100270493,0.00131288344433296,2.42466252619883e-05,0.00114600961164751,0.000611870719846647,0.000313779856331614,0.000268852285993224,0.000961307378034126,0.000604026223438357,0.000747366566898935,5.77640190065017e-05,0.00223853402051122,0.000582632142324838
0.00127578250337162,0.00123998900628304,0.000625107859868459,0.000896754935987165,0.00249340057397429,0.000683911462228273,0.00184847845678894,0.00179159236320173,0.0131694502502349,0.00227160872594325,0.0420132563773146,0.00507372821230657,0.000304883894843819,0.00132627690105016,0.00109745418751957,0.00579726818916863,0.000485768889059334,0.00349434015327287,0.00120163883083098,0.000302966386071216,0.000738880047042882,0.001843365100062,0.00263913124069209,0.000238410257393594,0.00501684211871936,0.000150204853853873,6.19994503141519e-05,0.00246016375524918,0.00939451464657117,0.000423130269154315,0.00377685311243632,0.00100413542725291,0.00503154301930931,0.00666909551111196,0.0113490952554441,0.00253942078451676,0.00459562935833765,0.00239560762657156,0.000969620269346065,0.197996842502221,0.000108019660856615,0.000534984947556135,0.00338056796609844,0.00603440010738049,0.00652592152275763,0.0204284992937176,0.0835989082983388,0.00100541376643465,0.00273308917054962,0.00035409995334062,0.00178200481933871,0.000120163883083098,0.00129367925191591,0.00031766728666117,0.0015065227256748,0.00173598460879625,0.000798961988584431,0.0034464024339578,0.00064556128677622,0.00931845346525794,0.000532428269192665,8.24528772219133e-05,0.00264232708864643,0.00223901107680901,0.00161070736898621,0.000683911462228273,0.0102944654305127,0.000616159485596313,0.00278230522904642,0.000120163883083098,0.000408429368564361,0.00151611026953782,0.000348986596613679,3.19584795433772e-05,0.0102439710328341,0.110291908752149,0.00380753325279796,0.0042933021418573,0.00082772462017347,0.00137677129872869,0.000609767789687638,0.000412903555700434,8.82054035397212e-05,0.00188810697142273,0.000687746479773478,0.00103865058515976,0.00939451464657117,0.030618140911328,0.00162412993039443,0.000122081391855701,0.000272286245709574,0.0213968412238819,0.000905064140668443,0.000780426070449272,8.94837427214563e-05,0.00620186254018779,0.000399480994292216,0.00130518430455153,0.000740797555815484,0.000921043380440132,0.00459946437588285,0.00355058707726921,0.000380945076157057,0.00186190101819716,0.000557355883236499,0.00991224201517389,0.00199420912350674,0.00333454775555598,4.15460234063904e-05,0.0019654464919177,0.0173336401347369,0.000310636421161627,0.000755498456405438,0.000275482093663912,0.000120803052673966,0.0105315973487245,0.002282474608988,0.000517088199011844,0.000974094456482138,0.0011894946086045,0.00253238991901721,0.000887167392124152,0.00268195560328022,0.000253750327574415,0.00124446319341911,0.00211437300658984,0.00133969946245837,0.000496634772104082,0.0548024007209833,0.000619355333550651,4.15460234063904e-05,0.000485768889059334,0.00136590541568394,0.00231315474934964,0.00360363815331122,0.00703917470422427,0.0459786645190568,0.00144004908822458,0.000811745380401782,0.00043207864342646,0.00156340881926201,0.0175030200763168,0.000993908713799032,0.00157619221107937,0.00173981962634146,0.00192198295973871,0.00177561312343004,0.00334157862105552,0.00018216333339725,0.000556716713645631,0.000669210561638319,0.000451253731152487,0.000532428269192665,0.000775312713722332,0.00334733114737333,0.0260237898921721,4.2185192997258e-05,0.000498552280876685,0.0169277674445361
0.000130559469838511,5.2523924647677e-05,5.10232410863148e-05,0,0.000595771373860794,0.00149618151067811,0.000981447049130879,0.0225897896491852,2.55116205431574e-05,2.70123041045196e-05,0.00415239141428921,0.000105047849295354,0.000457708486215471,5.10232410863148e-05,0.000100545798611267,0.00135061520522598,0.00010204648217263,0.00108649489842623,2.40109369817952e-05,0.00100695866967404,0.000277626458852007,0.00571160163454454,0.203860358393248,0.000550750867019928,0.00193137974347315,0.00017708066024074,0.0224652329135921,0.0159807792449461,0.00685812387542526,0,0.0017347901969347,0,0.0314258144584858,0.000282128509536094,5.40246082090392e-05,0.00143015143397818,0.00025211483830885,0.00508731727301786,2.70123041045196e-05,0.000832879376556021,0.206809201591325,0.00318745188433331,0.000349659269797393,0.0041448879964824,0.00010204648217263,0.000385675675270086,0.000309140813640613,0.00175429908323241,4.80218739635904e-05,0,0.000663302134122093,0,0.000133560836961236,0,0.00340955305141492,0.00297435481861988,0.0501468418864793,0.00930423808044564,0.000354161320481479,0.0137687716754982,0.00242810600228404,0,0.000259618256115661,0.0262379513868567,0.000373670206779188,0.000957436112149084,0.0139893721590184,0.000904912187501407,0.00443752129094803,0.000507231043740424,0.00092742244092184,0.000435198232795038,2.40109369817952e-05,0.000405184561567794,0.00272223998031103,0.00307940266791524,2.55116205431574e-05,0.00416289619921874,9.60437479271808e-05,7.65348616294722e-05,5.10232410863148e-05,2.55116205431574e-05,2.40109369817952e-05,0.000154570406820307,0.00025211483830885,0,0.000556753601265376,7.80355451908344e-05,0.000418690713620054,2.70123041045196e-05,8.10369123135588e-05,0.00239959301461816,0.00124856872305335,0.000180082027363464,4.95225575249526e-05,7.65348616294722e-05,0.000652797349192557,7.20328109453856e-05,0.000126057419154425,7.80355451908344e-05,0.000172578609556653,0.000798363654644691,0.000124556735593063,0.000532742664283581,0.0100170627720927,0.00292633294465629,0.00178881480514374,0.000738336312190203,0,0.00312892522544019,0.000931924491605927,0.00244311283789766,0.000103547165733992,0.000255116205431574,0.00547299294828795,4.95225575249526e-05,0.00122755915319428,0,0.00280777894330868,7.65348616294722e-05,0.0017347901969347,0.000706821957401597,4.80218739635904e-05,7.65348616294722e-05,2.70123041045196e-05,0.00112701335458301,0.00102796823953311,0.000360164054726928,0.00053874539852903,2.40109369817952e-05,0,0.000132060153399874,5.2523924647677e-05,0.00019809023009981,0.00015006835613622,0.000628786412210762,0.000874898516274163,0.000199590913661173,0.000664802817683455,0.00025211483830885,0.00243560942009085,0.000223601850642968,7.80355451908344e-05,0.000898909453255958,0.000301637395833802,0.178735914208922,0.000664802817683455,0.000394679776638259,4.95225575249526e-05,0.00027312440816792,0.000871897149151439,0.00010204648217263,5.2523924647677e-05,0.00135811862303279,0.0711564117455501,0,0,5.10232410863148e-05,0.000159072457504393
0.000128649953132796,3.18362967184607e-05,8.63755263427089e-05,1.7744821121765e-05,0.000841574237024882,0.00221079594917048,0.00826647711022457,0.0063596916993902,0.000255473233503057,8.22002743140583e-05,0.0019587151079407,0.000132825205161447,5.29735101135042e-05,2.63562784308568e-05,0.000239294131892036,0.000611413468945519,0.000118733729564751,0.000881239131297063,1.30476625895331e-05,0.000150309073031421,0.000167010081146023,0.00206074782939085,0.00130789769797479,1.82667276253463e-05,0.00237624031080576,3.0792483711298e-05,0.000229638861575782,0.0509451204873354,0.0108796629736562,8.61145730909182e-06,0.00261579539594959,3.70553617542739e-05,0.0341086776350537,0.000190495873807183,0.000406043259786269,0.00085644857237695,0.000257821812769173,0.00303827871059867,4.6188725566947e-05,0.00041830806262043,0.000184754902267788,0.14904840787202,4.6188725566947e-05,0.0142015978689514,0.000270086615603334,0.000104381300716264,0.00046971585322319,0.00186059668526741,7.61983495228731e-05,4.6971585322319e-06,0.000223636936784597,0.000481980656057351,0.000121604215334448,3.60115487471112e-05,0.00635812597987946,0.00151431172014121,0.00269251565197604,0.253623857807617,0.00142193426900731,0.0954024212286514,0.00862633164444389,4.43620528044124e-05,0.000933951688158776,0.00205083160582281,0.000176404398210487,0.00072623289973341,0.0721491379148374,0.0081091222993948,0.110722203781526,0.000245296056683222,0.000386210812650179,0.000327235377745489,0.000495289271898675,9.3943170644638e-05,0.00336812362086206,0.00164922455131698,3.05315304595074e-05,0.00981366894009139,0.000291745735501959,8.14174145586863e-05,5.27125568617136e-05,3.20972499702513e-05,1.3830522344905e-05,0.000134912831175772,0.000303488631832539,2.63562784308568e-05,0.000535737025926227,0.000110905132011031,0.000189191107548229,0.000257560859517383,9.13336381267314e-06,0.000689960397734508,0.0374467916319599,0.000379947934607203,8.89850588606155e-05,0.000105947020227008,0.000767985420019916,1.30476625895331e-05,0.000312100089141631,4.17525202865058e-06,0.000136478550686516,0.000841835190276673,1.6961961366393e-05,0.000728059572495945,0.00241747092458869,0.00087236672073618,0.0020148200570757,0.00269251565197604,0.000336368741558162,0.00275618824541296,0.000770073046034241,0.0216750380469841,9.08117316231501e-05,0.000100206048687614,0.000962134639352168,0.000102815581205521,0.000447012920317403,8.61145730909182e-06,0.00206935928669994,4.25353800418778e-05,0.00152788128923432,0.00190600255107899,2.60953251790661e-05,1.67010081146023e-05,4.64496788187377e-05,0.0010672987998238,0.0016737541569853,4.8537304833063e-05,0.000307402930609399,7.64593027746637e-05,6.34116401851307e-05,3.20972499702513e-05,0.000119255636068332,7.28059572495945e-05,7.15011909906412e-05,0.000328279190752652,0.000534171306415483,0.000184754902267788,0.00168419228705693,6.28897336815493e-05,0.00139505608407287,0.000148743353520677,0.000100467001939405,0.00451944936776246,0.000337151601313534,0.000419090922375802,0.00484590188575258,0.000426919519929522,8.92460121124061e-05,0.000101249861694777,6.315068693334e-05,4.01868007757618e-05,2.71391381862288e-05,0.0121181471066547,0.00302001198297332,3.57505954953206e-05,0.000705095686338367,3.99258475239712e-05,0.000231726487590107
0.000542084395450287,0.0002763458040658,0.000251781732593285,0.0065323681886342,0.000975863566680847,0.000440478463450336,0.000347246646725107,0.000929526795494056,0.000353387664593236,0.00152743862610915,0.00819714230524878,0.000418705763736061,0.000506913111296458,0.00383646134452562,0.000766510684812816,0.00383143687536078,0.000291419211560299,0.000550458510725008,0.00385041820331682,0.000344455274966866,0.000171390225955961,0.00297281092252603,0.000312075362571278,0.000190371553911996,0.00335857849951486,0.00248543741353726,2.84719919340522e-05,0.00100154418685666,0.0047140686253164,0.00216945413050445,0.00123266976843896,0.00116902649235108,0.00270595578243825,0.00168989646243874,0.0159465485804758,0.000926735423735816,0.00194726093854851,0.00357183930184443,4.68950455384389e-05,0.00467275632329444,8.93238962636931e-05,0.000741388338988653,0.455421793020901,0.00300239946316338,0.00128012308832905,0.000713474621406248,0.0442666898908797,0.00088486484736221,0.0214388516519896,0.000115562790791153,0.00027355443230756,0.000200978766593309,0.000415914391977821,5.63857095164563e-05,0.0026183067092295,0.00124495180417522,0.000564973643867859,0.000730222851955691,0.000245640714725156,0.00591770812746967,0.00122485392751589,1.89813279560348e-05,0.00256303754841634,0.000356179036351476,0.0712464144829765,0.000239499696857027,0.00269869821586683,0.00123713596325215,0.00163741867338382,1.84230536043867e-05,0.000348363195428403,0.00232297957720767,0.000204328412703198,0.000107188675516432,0.00182499885553758,0.00627723680993103,0.000271879609252616,0.00179987650971342,0.000538176474988751,0.000313750185626222,0.000255689653054821,7.5367037472491e-05,8.37411527472123e-05,0.000561065723406322,8.59742501538046e-05,0.000932318167252296,0.000878165555142433,0.00582335976204114,0.00155981853850474,9.49066397801739e-05,0.000301468149889964,0.0220831002537915,0.000612426963757946,0.000320449477845999,0.000193721200021884,0.000447736030021762,0.000387442400043769,0.000440478463450336,0.000496864172966793,0.0301417905198316,0.0294411562085132,0.00122485392751589,0.000141243410966965,0.00076539413610952,0.000500772093428329,0.0124936217155324,0.00152073933388937,0.00136163114366967,0.000145709605780149,0.000576697405252468,0.00127286552175763,0.000618009707274426,0.000571114661735988,0.000137335490505428,0.000623034176439259,0.000419264038087709,0.00100266073555995,0.000861975598944638,0.000327148770065776,0.0047592888477999,0.00153972066184541,0.000826804314790809,0.000427079879010783,7.76001348790834e-05,0.0484788698740645,0.00118689127160382,0.000202095315296606,0.000926177149384168,0.00341998867819615,0.000123936906065874,2.90302662857002e-05,0.000447736030021762,0.000424288507252542,0.000216052174087808,0.00315927455597649,0.065826687077177,0.00647039973560127,0.000423171958549246,0.000496864172966793,0.000127844826527411,0.00451811432788793,0.00075367037472491,0.000132869295692243,0.00134711601052682,0.000456110145296483,4.91281429450312e-05,0.000447736030021762,0.00326702150584457,0.000111654870329616,0.000219401820197696,0.000825687766087513,0.000126170003472466,6.47598247911775e-05,0.00146100397826303,0.000605169397186521,0.000502446916483274,8.54159758021565e-05,0.00031151708821963,0.00378733320158059
8.08072698243345e-05,3.63915257110989e-05,2.23321909332706e-05,8.74752822993495e-06,0.00131172237271211,0.000474943315678019,0.00365592431774196,0.0029697067220505,8.66389553109578e-05,9.08657971171538e-05,0.00343762037033961,0.000115978210201024,2.21513634763211e-05,5.28920311577462e-05,0.000238194967666807,0.00102339299260603,0.000100336635174887,0.000909697729048998,5.56044430119896e-06,0.000119391328450947,0.000173752582696408,0.0027195545387929,0.000479554415830232,3.17578221267664e-05,0.00285162639266244,4.60431912257816e-05,0.000141610502223624,0.00789079034234006,0.006096710728215,1.40367313457096e-05,0.0220405840555073,1.77889010774129e-05,0.0460203391559096,0.000229944714943484,0.000176645822007601,0.00114158633915469,0.000166067415776052,0.00426427308978452,6.79685203809158e-05,0.000282904556397586,6.78102963560849e-05,0.00182714843531471,0.000224226046617454,0.377046607983184,9.35782089713972e-05,9.90030326798839e-05,0.00141522348838361,0.00700747081857357,6.98220018146487e-05,4.43027269526421e-06,0.000303134628143818,0.000167129777085631,0.000214190122756753,5.71414763960609e-05,0.000947513270983574,0.00594067923629965,0.00163468021082402,0.0126364487259564,0.000488640995541948,0.221975287260803,0.000622204675931316,1.22736636404514e-05,0.000895412359949982,0.000966251516209972,0.000105603234858543,0.000783683594987273,0.147080103331138,0.000916772603302149,0.00729708859431041,0.000109445818318721,0.000360185690811404,0.000368368133238372,0.000373521715761434,0.000114531590545427,0.0243314419007371,0.00201896116027395,2.61747743934488e-05,0.00294314768931103,0.000390270858961387,5.54914258513961e-05,8.16209933806075e-05,3.58490433402502e-05,2.40500517742914e-05,0.000132094457301653,0.000355099918584698,2.63103949861609e-05,0.000816594192152093,0.000268347946113147,0.000321375597863605,4.39636754708617e-05,3.90135238368675e-05,0.00117628260745689,0.000886506607695216,0.000379014349766277,6.13457147701381e-05,3.59846639329624e-05,0.000262990932701016,4.37828480139121e-05,0.00023814976080257,4.90268442654494e-05,0.000138355607998532,0.000623470468129963,4.46417784344226e-05,0.000714471885839829,0.000181935025123376,0.00243138338271166,0.0105132179333189,0.00146210300659778,0.00011760565731357,0.00367685509588387,0.000582897307476906,0.000748105792832447,4.21780043334848e-05,0.000261815554230844,0.000479961277608369,8.83116092877412e-05,0.000607128186708147,1.30195769003683e-05,0.000758322544150097,6.08710426956455e-05,0.00195533249885983,0.0212656931956142,1.55059544334247e-05,3.08310814098999e-05,3.67305771928793e-05,0.0019492521756199,0.000405573382505744,4.31725553467074e-05,0.000240161466261134,4.44835544095917e-05,3.54647849942324e-05,8.469506014875e-05,6.32896099323459e-05,3.80189728236449e-05,7.86373403409398e-05,0.000323116062136745,0.000405957640851761,0.000244885583573941,0.000273795373253752,6.42389540813311e-05,0.00181539465061299,9.00972804251181e-05,0.000103094253893368,0.000488301944060167,0.000426436350351299,0.000350172370382822,0.006043389231847,0.0002979132353244,4.35794171248439e-05,0.000140435123753452,0.000109378008022365,1.76758839168195e-05,1.7336832435039e-05,0.000644175211950688,0.00109904667990731,1.32682146536739e-05,0.000150109392700253,3.8312817441188e-05,8.10559075776401e-05
0.00626647919035758,0.000735624220906039,0.00244661141129097,0.000133998464031212,0.0084569438778882,0.000422961138166546,0.00177479598278074,0.000734712666728956,0.00645334779665961,0.00146760222510375,0.0621014514221385,0.0491883749495797,0.000379206537666558,0.00021375945452598,0.000934343031510149,0.00680976547989909,0.000404274277536343,0.00269683303290027,0.000163623974786411,0.000395614512854053,0.0024689444886295,0.000567898252322754,0.000298078215906165,0.000325880618307198,0.00826323861525805,4.69450401197782e-05,0.000116678934666633,0.00192520242199945,0.00501764996775377,7.74821050520611e-06,0.00195027016186923,0.000252500507052011,0.00352589155695732,0.0165998573417713,0.00194434505971819,0.00122193837437986,0.00223558661929623,0.00285772234515543,0.00109158612705698,0.00783845436873734,6.42645694843566e-05,0.000190514823010362,0.00153779189673914,0.00424556357976441,0.209321553014852,0.00156240385952039,0.00382716021248328,0.00069141384331751,0.000157698872635372,3.09928420208245e-05,0.0023317555849785,2.96255107551998e-05,0.00434355565380084,0.000795786796593522,0.00101683868453617,0.00297531283399915,0.00036188700830198,0.00239966637117119,7.01896716353966e-05,0.00468949046400386,0.000672726982687307,0.000422049583989462,0.00672407938725328,0.000417036036015505,0.000337730822609278,0.000334996160078029,0.00510834960837354,0.00154554010724435,0.00176476888683283,0.00019279370845307,4.10199379687382e-05,0.00112212319198926,2.32446315156183e-05,2.37004086041599e-05,0.00980376517452844,0.154114185833992,0.00173104138228075,0.000597979540166495,0.00024611962781243,0.0121605884993767,0.000961689656822641,0.000294431999197832,0.00301906743449914,0.00257286166481697,0.00151044527142665,0.0002907857824895,0.142751663016652,0.000962145433911183,0.00113853116717676,8.1584098848935e-05,0.000392424073234263,0.00662836619865956,0.000566530921057129,0.000505001014104022,0.000252044729963469,0.0015537440948381,4.83123713854028e-05,0.000377839206400933,0.000340009708051986,0.000108474947072886,0.000745651316853953,0.00259200430253572,0.0043157532513998,0.00120826506172361,3.69179441718644e-05,0.00375104543869684,0.00184954342530155,0.00208198974045774,7.83936592291442e-05,0.000710100703947713,0.00853943953091422,0.000616210623708157,0.000543286289541511,0.00102458689504137,0.000211480569083273,0.0282686623626117,0.00227569500308789,7.74821050520611e-06,0.00127845473335901,2.32446315156183e-05,0.00410883045320195,0.00132631132765587,0.000741549323057079,0.000307193757676995,0.000502266351572773,0.00405504875675405,0.000178664618708282,0.000168181745671827,0.00168272901089535,0.000374192989692601,0,0.00125293121640068,0.000805358115452894,0.0376635954887184,0.000325424841218657,0.000740637768879996,0.00867389377203397,0.0126865552595537,0.000945737458723687,0.00342288593494694,0.00144207870814542,0.0020815339633692,0.00729334497084166,0.000981743848718469,0.00124016945792152,0.000112121163781218,0.000784848146468525,0.00310247464170224,8.65976468228919e-05,0.00227478344891081,0.00377656895565517,6.19856840416489e-05,0.007264175237175,0.00068229830154668,0.000562428927260256,0.0109199632643667,8.56860926458088e-05,0.00250039310773887,0.00150634327762978
0.000609504335345353,0.00124260238689762,0.000305407548678424,0.000461388228046375,0.00294528223983013,0.000393228603448615,0.000802186351035174,0.00267657602747357,0.00895774758655945,0.00153883460149558,0.0594378141732696,0.010221322165641,0.000108793246954117,0.000288367642528984,0.00198318292339251,0.00612781240374091,0.000461388228046375,0.00182195919597858,0.000264773926322067,0.00139465078023109,0.000685528532012085,0.000861170641552467,0.000931951790173217,0.000604261287299372,0.0111899752921361,0.000220208017931224,0,0.001277992961208,0.00403452547138279,0.000220208017931224,0.00356920495730193,0.000368324125230203,0.00957249496995078,0.002839110516899,0.0070689395279946,0.00109841856563313,0.00230563037822038,0.00104729884718481,0.00152441621936913,0.114814887634927,0,0.000129765439138043,0.00106040646729976,0.00362163543776174,0.00650531186305158,0.0522679459703899,0.0297057994665199,0.00136843554000118,0.000630476527529279,4.32551463793476e-05,0.00166073546856465,0,0.0009083580739663,0.000332933550919827,0.000587221381149931,0.00166860004063362,0.00234495323856524,0.00131731582155286,0.000114036295000098,0.00795894693379997,0.000511197184483199,2.09721921839261e-05,0.00208280083626616,0.00256778278051946,0.000408957747586559,0.000500711088391236,0.00500711088391236,0.000773349586782276,0.00256253973247347,0.000163845251436923,2.09721921839261e-05,0.00119017190643781,0.000340798122988799,8.9131816781686e-05,0.00933131475983563,0.275298034512364,0.00495599116546404,0.00147067497689782,0.000748445108563864,0.000500711088391236,0.000346041171034781,0.000381431745345156,8.51995307471999e-05,0.00145625659477137,0.00130027591540342,0.000245112496149637,0.00952792906155994,0.0130958232568504,0.0010223943689664,0.000359148791149735,8.78210547701906e-05,0.0103655059869055,0.000235937162069169,0.000183506681609354,4.32551463793476e-05,0.0209354908476043,0.000107482484942621,0.001703990614944,0.000844130735403027,0.000376188697299175,0.00218766179718579,0.00472791857546385,0.000812672447127137,0.00165418165850717,0.000863792165575457,0.00722623096937405,0.00551699730638407,0.00128716829528847,8.9131816781686e-05,0.00197925063735803,0.0320376450849701,0.000352594981092258,0.000739269774483396,0.000155980679367951,0.000502021850402732,0.0342305499302019,0.00168039689873708,0.000114036295000098,0.000604261287299372,0.000954234744368639,0.00748314032362714,0.00189142958258784,0.00315762568569238,0.000155980679367951,0.000623922717471802,0.00224533532569159,0.000137630011207015,0.000605572049310867,0.0555684447153353,0.000751066632586854,2.09721921839261e-05,0.000367013363218707,0.00373173944672735,0.00262152402299077,0.0036334322958652,0.00209590845638112,0.0188238532470852,0.00205134254799027,0.000112725532988603,0.000605572049310867,0.00135401715787473,0.00645943519264925,0.00117837504833435,0.000749755870575359,0.00108662170752967,0.000330312026896836,0.00171054442500147,0.00596003486626951,2.09721921839261e-05,0.00034341964701179,0.000368324125230203,0.00158340050988642,0.00049677880235675,0.000416822319655532,0.00317204406781883,0.0131548075473677,2.22829541954215e-05,0.000706500724196011,0.00673338445305178
0.000732199029346537,0.000632115665335196,0.000297340691917415,0.00328296709158132,0.00191070003658086,0.000140427045628316,0.00212909900533429,0.00108190892336291,0.00195104371819783,0.00109955928407034,0.0125313681822572,0.000828209233194626,0.000187947247532926,0.00115522580630145,0.000665282826664536,0.00233333889352022,6.28430425187491e-05,0.0012314520893566,0.00579106395210584,0.000357856214342877,0.000244777529810683,0.00214616748601839,0.000466667778704045,0.00014411228577602,0.00518067180764133,0.00116259628659686,8.02994432184017e-05,0.00143491613751144,0.0055028393805538,0.00109509820389154,0.00400682584059358,0.000297340691917415,0.00848090133991453,0.00271524614882707,0.0186729178684105,0.00117093656693114,0.00282657919328929,0.00509629920425967,0.000145857925845986,0.0121079534852868,7.89417231639843e-05,0.00044862949798107,0.00797175631950799,0.00815892772700982,0.000828597153210174,0.00159299354384718,0.462724959666016,0.002282909291499,0.00487809419551402,4.03436816169748e-05,0.000591771983718221,0.000184068047377447,0.000293849411777484,0.00010299276412795,0.000955446998294316,0.00174719175002745,0.00200690420043672,0.00118936276766966,0.000163314326545638,0.0140442562428938,0.000400139496037591,1.28013605130785e-05,0.00237717385527713,0.000912387876568506,0.00540256205653469,0.000343115253752059,0.00715208132665542,0.000470546978859523,0.000865837474702766,9.50404038092194e-05,0.000315960852663711,0.00151269410062878,0.000110363244423359,0.000385398535446773,0.00633066069373288,0.0129156029576574,0.00108772772359613,0.000479275179209349,0.000217817088730109,0.000513606100585332,0.000358438094366199,4.88779219590271e-05,6.30370025265231e-05,0.000828985073225722,0.000508175220367663,0.00034214545371319,0.0019438671979102,0.099222181576825,0.00167174130700339,2.59906410417049e-05,0.000199196927983813,0.0155519073833204,0.000517873220756359,0.000307620572329433,5.6054442246662e-05,0.00140213689619765,0.000113660564555515,0.000417789856745017,0.000327404493122372,0.00226040993059723,0.0213982499376419,0.0018412623537978,0.000292879611738615,0.000594099503811508,5.52786022155664e-05,0.0251507942080438,0.00137013349491495,0.00141028321652415,6.86618427519667e-05,0.00307736948334097,0.00463312270569556,0.00030897829238385,0.000465116098641853,0.000287060811505397,0.000690497627675145,0.000898422756008784,0.00111410628465338,0.000420505296853852,0.00012180688488202,0.00560466838463511,0.00401245068081902,0.00163915602569737,0.000843919993824313,0.000281435971279954,0.0022078467684905,0.00205752776246571,0.000189304967587343,0.00164439294590727,0.0229214178786904,0.000179994887214195,3.62705214537225e-05,0.000361153534475034,0.000815407872681547,0.000442810697747853,0.0240298993231184,0.0130193715618164,0.0188315771547696,0.0011280714052131,9.91135639724716e-05,9.89196039646977e-05,0.00411544344494697,0.0019617115186254,0.000197839207929395,0.000800472952082956,0.0013162126127538,0.000152452566110299,0.00145547589833547,0.00204608412200705,6.73041226975492e-05,0.000372403214925921,0.000841398513723252,0.00169094334777301,9.11612036537411e-05,0.000396260295882113,0.000926352997128228,0.000778167551188955,4.57745618346444e-05,0.000241674169686301,0.0281249769672491
9.42073830574611e-05,8.67521225277339e-05,7.94474733218397e-05,6.40098126289704e-06,0.000918051324423268,0.000283073983143882,0.00108063624850085,0.00836517884266343,0.000153698855971445,8.72039564992326e-05,0.00268826151909292,0.000119284168475634,3.94601668442123e-05,3.26073516098167e-05,0.000237438752022522,0.00126332778431013,7.11638505110317e-05,0.000805845888167779,2.88420685139949e-05,8.70533451753997e-05,0.000208144849537028,0.0829430115366768,0.000757725570203176,5.47472162132488e-05,0.00249608146988218,7.1389767496781e-05,0.000310108715771882,0.0117723082104106,0.00296440738134049,2.80137062329141e-05,0.0146745884206701,3.32851025670646e-05,0.202654012504053,0.000380971343635248,0.000304837319437732,0.00104855603652445,0.00030001775707508,0.0194132725024237,7.07120165395331e-05,0.000254457831615636,0.000151816214423534,0.00126890040329194,0.000171922826155223,0.0387616315242755,0.000115292968394063,0.000130655323425016,0.00117160548809591,0.240902435942368,6.55159258672991e-05,2.68088156422511e-05,0.000351376218502089,8.65262055419846e-05,0.000244592789904583,1.91276381267747e-05,0.00146906285266583,0.0105512269024356,0.00550491919175337,0.00581329587730117,0.000441065261844564,0.152347947702326,0.0012073003718443,9.94034737296951e-06,0.000926786781205574,0.0020471844191983,4.19452536874547e-05,0.000377582588849009,0.0209977789348074,0.000557412509505457,0.00349207415438896,5.48978275370816e-05,0.00889879476300329,0.000807728529715689,0.000131709602691846,0.00106753306332739,0.010832041715722,0.00159565167034736,3.94601668442123e-05,0.00165032358089869,0.000180281754627947,9.92528624058623e-05,3.93848611822959e-05,5.09066274555105e-05,8.23090884746642e-05,0.000198731641797474,0.000361617788522724,4.28489216304519e-05,0.00133373857820199,0.000239697921880015,0.000511325444412598,2.95951251331592e-05,3.74269139724686e-05,0.00228417133724933,0.000821132937536815,0.000408457910234747,5.09066274555105e-05,4.75178726692709e-05,8.76557904707312e-05,3.04987930761565e-05,0.000784308468859678,5.22621293700064e-05,8.3137450755745e-05,0.00067503995341893,9.3153103790631e-05,0.000512680946327094,0.000347610935406267,0.00308828519519303,0.00289625575730612,0.00084003465867784,5.8587804970987e-05,0.0822798698778407,0.00078701947268867,0.00135060704647127,8.05017525886698e-05,0.000236459778417608,0.00615322563519196,4.02885291252931e-05,0.000320802119764016,1.31784908353762e-05,0.000367039796180708,0.000102114477558687,0.00143479877649385,0.00410626713297941,3.35110195528139e-05,4.05897517729588e-05,1.28772681877105e-05,0.00187059264200426,0.000198355113487892,9.16469905523023e-05,0.00019353555112524,8.5547231937071e-05,2.03325287174376e-05,5.63286351134939e-05,6.95824316107866e-05,9.05927112854722e-05,0.000129826961143935,0.000135399580125751,0.000452436416793946,0.000250391325872149,0.000316660308358612,7.47785222830207e-05,0.00388863377004091,0.000136077331082999,9.24000471714666e-05,0.00063678467716538,0.000347309712758602,0.000496189006367395,0.00157403894537734,0.000250767854181731,3.39628535243125e-05,0.000223808427215647,0.000146544818089384,2.18386419557664e-05,4.75178726692709e-05,0.000638366096065626,0.00189935940485634,2.00313060697719e-05,4.11921970682903e-05,5.12078501031763e-05,8.95384320186421e-05
0.000239707131783605,0.000275166766662837,4.53883326454164e-05,0.00766637306088987,0.0014907230503229,9.36134360811713e-05,0.000778693581947925,0.000967338839505437,0.00144533471767748,0.000419842076970102,0.00591041194167032,0.000544659991744997,0.000648202125592353,0.00169780731801761,0.000510618742260935,0.00469627404340543,4.82251034357549e-05,0.000426934003945948,0.0537695719454716,0.000272329995872498,7.37560405488017e-05,0.00309349854686416,7.23376551536324e-05,0,0.00530759814872338,0.00411473603138603,5.10618742260935e-05,0.000651038896382692,0.0114676459199435,0.022960822777,0.000744652332463863,0.000262401298106314,0.00369063879823042,0.000489342961333396,0.00591892225404133,0.00200843371955968,0.00104960519242525,0.00860250742170158,0.000517710669236781,0.00498987982020547,7.65928113391402e-05,0.000171624632815481,0.112526186940358,0.00416012436403145,0.000260982912711144,0.000431189160131456,0.112774404384513,0.00193609606440604,0.252526498985145,0.000140420154121757,0.00215310902986694,7.65928113391402e-05,0.000326228640888931,6.95008843632939e-05,0.000300697703775884,0.000909185038303497,0.00156022393468619,0.00177156335856641,0.000360269890372993,0.00935425168114129,0.000493598117518904,0.00156164232008136,0.00138859930187071,0.000849612851706388,0.010039331827008,0.000348922807211639,0.00219991574790753,0.000195737184533358,0.00223679376818193,2.41125517178775e-05,0.000348922807211639,0.0033502263033898,0.00011630760240388,9.64502068715099e-05,0.00888192934454992,0.00528490398240067,0.0022750901738515,0.000655294052568199,0.000882235715795282,0.000299279318380714,0.000506363586075427,0.00011630760240388,5.10618742260935e-05,0.00021133942388022,0.000195737184533358,0.000360269890372993,0.000625507959269645,0.018736871070186,0.00136732352094317,0,4.68067180405857e-05,0.00751886097979226,0.000222686507041574,0.000658130823358538,2.26941663227082e-05,0.000831173841569188,0.000144675310307265,9.64502068715099e-05,0.000893582798956636,0.0623323645761084,0.00993153453697518,0.00195169830375291,0.000239707131783605,0.00107371774414313,0.000473740721986534,0.0276074533315745,0.000412750149994255,0.00275166766662837,0,0.00106520743177212,0.00105527873400593,0.000188645257557512,0.000364525046558501,9.64502068715099e-05,0.000585793168204906,0.000676569833495738,0.00104818680703009,0.00348922807211639,0.000141838539516926,0.0302144456878956,0.00126519977249098,0.000679406604286077,0.001910565127293,0,0.0458819307629353,0.000336157338655115,0,0.00333746083483328,0.0100464237539839,7.09192697584631e-05,0,0.000268074839686991,0.000773020040367248,0.000340412494840623,0.0121271951286972,0.0151880708114725,0.00794295821294787,0.000931879204626206,0.000187226872162343,7.23376551536324e-05,0.0044806794633397,0.000775856811157587,5.10618742260935e-05,0.000239707131783605,0.000680824989681246,0.00024963582954979,0.000469485565801026,0.002002760177979,0.000364525046558501,0.00019290041374302,0.000343249265630962,0.00147512081097603,9.78685922666791e-05,0.000537568064769151,0.000167369476629973,0.000670896291915061,0,7.37560405488017e-05,0.00603239308565488
0.000924182782817046,0.00839180786125849,0.00178846482971077,0.000487763135375663,0.0136573677905186,0.000193964287751726,4.84910719379314e-05,0.000102686975868561,0.00115237606252496,0.0200496320383365,0.00462091391408523,0.000102686975868561,0.0023503907809915,0.0158166466997547,0.0011780478064921,0.00083575788693023,0,0.000188259455759028,0.00054766387129899,0.00106965599863084,0.000567630783273433,4.84910719379314e-05,0,0.00134348793428034,0.00818928632551771,4.84910719379314e-05,0,0.000290946431627589,0.000430714815448685,0.000205373951737121,0.000927035198813395,0.0257344971190598,0.000767299903017856,0.0172685264418963,0.0171202008100861,0.000228193279707913,0.0238233784015061,0.000296651263620286,4.56386559415825e-05,0.00340293228364425,0,0,0.00123224371042273,0.00146043699013064,0.000502025215357408,0.000579040447258828,0.00613839922414285,0.000410747903474243,0.000193964287751726,0.114801186605054,0.000898511038849906,0.000102686975868561,4.56386559415825e-05,0.000145473215813794,0,5.13434879342803e-05,0,0.000145473215813794,0,0.00164584402989332,0.000193964287751726,0,0.00497176108163615,9.1277311883165e-05,0.000590450111244224,0,0.00138627417422557,0.000841462718922928,0.00232757145302071,0,0,0,5.13434879342803e-05,0,0.00322323007587427,0.00323178732386331,0.00111244223857607,0.000293798847623937,4.56386559415825e-05,0.00158594329396999,0.000564778367277084,0.000199669119744424,4.84910719379314e-05,0.00205373951737121,0.000464943807404872,0.0285156027155,0.000821495806948485,0.00153745222203206,0.000815790974955787,0,0.000484910719379314,0.54517941696617,9.98345598722118e-05,0.000821495806948485,0.000148325631810143,0.000556221119288037,0,0.000145473215813794,0,0.000319470591591078,0.00175994066974728,0.00187118489360488,0.00149466598208683,0.000142620799817445,0.000196816703748075,0.00156597638199555,0.000647498431171202,0.00018255462376633,0,0.000205373951737121,0.00108962291060528,0,0.00281248217240002,0,0,0,0.00122083404643733,0.00028809401563124,0.000701694335101831,0.00101546009470021,0.000239602943693308,0.000456386559415825,4.84910719379314e-05,0.000102686975868561,0.000185407039762679,0.000350847167550916,0,0.00121227679844829,0.00317759141993268,5.13434879342803e-05,0,0.00209652575731645,9.98345598722118e-05,0.000336585087569171,0.00151463289406127,0.0130954418392378,0.018435164584403,0.00490900792971647,0,0.000393633407496149,5.13434879342803e-05,0.00176849791773632,0.000145473215813794,0.000407895487477894,0.00114667123053226,0.000102686975868561,0.000467796223401221,0.0223401220834046,0,0,0.0033943750356552,0.000385076159507103,0,0.00023389811170061,0.000136915967824748,0.000202521535740772,0,0,0.00199383878144789
0.00200974811994913,0.000142746871659697,0.000445285017565322,2.83363192996114e-05,0.00152653930662944,0.000288263458739656,0.0011658371368983,0.000655996444537621,0.000514740958104219,0.000409704827166562,0.00558289406712043,0.000618498758847909,0.0006214815293005,0.000107592791325592,0.030862938927988,0.0925830642980913,0.00297573963652385,0.00101265056865453,7.66998116380459e-06,0.00282191390318311,0.00721233895436425,0.000672827792091525,0.000583983843610789,0.000230738600011121,0.306385067569338,3.8349905819023e-06,6.81776103449297e-06,0.00198290318587582,0.0049756872249859,2.62057689763324e-05,0.00094894711398849,0.000255666038793486,0.00381048925318459,0.00104056077788949,0.000694772460421299,0.006227811649977,0.000181522887543375,0.000863512046025,0.000120163038232939,0.000377107407220392,2.2583833426758e-05,0.000363897995216062,0.000394577919871281,0.00251532771166325,0.000590162439548298,3.17451998168579e-05,0.000832619066337454,0.000458494429569652,7.28648210561436e-05,7.24387109914878e-06,0.347139938593279,0.000631921225884567,0.00456022991194649,0.00605310652346812,0.000629790675561288,0.000543077277403831,0.000668566691444967,0.00143194287227585,0.000409491772134234,0.00459431871711895,0.000479373822737787,8.01086921552924e-05,0.0133591896920566,0.000278889037317228,7.32909311207994e-05,0.000401608735938102,0.00357080234181569,0.00132243258565931,0.00338544446369042,0.000151908238049797,0.000150416852823501,0.000519215113783105,0.000250765773049945,8.11739673169319e-05,0.0032226704189919,0.00550065482464186,0.000220938068524038,0.000860955385637065,0.000200058675355903,0.00192090417146839,0.00107443652802963,0.00242137044240664,0.000563104450442654,0.000221790288653349,0.000275906266864637,7.24387109914878e-05,0.00771536188569043,0.000336840006110418,0.0196764844556114,0.000466590520798113,0.00237790721581175,0.00231100793566079,0.000655783389505293,0.00193262219824643,0.00209454402281564,9.69400397091969e-05,0.000358145509343209,3.64324105280718e-05,0.000153186568243764,2.59927139440045e-05,6.56209499569948e-05,0.00107997595887015,0.000801939141682236,0.000381794617931606,0.000178540117090785,0.00200825673472284,0.000832406011305126,0.00118330764954919,0.000230738600011121,0.000572691926897409,0.000955125709925999,0.000425470899558827,0.00101840305452739,0.000264827405183586,3.96282360129904e-05,0.00044038475182178,0.000426962284785122,7.24387109914878e-06,0.00113877914779265,1.02266415517395e-05,0.00963860966251444,0.000345575262435862,1.42746871659697e-05,0.015426249615702,0.000316812833071595,0.00109765952655337,0.000402247901035085,0,0.000330661410172909,7.17995458945041e-05,5.68856936315507e-05,0.00494479424529835,0.000136568275722187,0.0003428055470156,4.83634923384345e-05,0.000218381408136103,0.00103203857659637,0.004396177537054,0.000622333749429811,0.000824096865044338,0.00092252828997983,0.000122506643588546,0.000527311205011566,0.000792138610195152,0.000288050403707328,0.000484487143513657,0.00052283704933268,0.0025462206913508,0.000182801217737343,0.00084114126763057,0.0049207190266453,0,0.000190897308965803,0.00139423213155381,0.000573118036962065,0.000187275373416229,0.000844976258212473,0.000137633550883827,0.000360276059666488
0.000346383473231988,6.14723756507386e-05,0.000164104515867624,3.42107134056284e-05,0.0013502540947284,0.016704984447489,0.0117599327331848,0.000595480230216719,3.58143405965172e-05,9.08722074837005e-06,0.00188907283086704,2.67271198481472e-05,6.6283257223405e-05,0,0.00058104758549872,0.0028908052827756,0.000801813595444416,0.000329278116529173,0,0.000207936992418585,0.000701854167212345,0.00119309863002129,0.000157155464707106,5.50578668871832e-05,0.0021392386726457,1.81744414967401e-05,0.00032500177735347,0.00192809442584534,0.196455556274218,0,0.000975539874457373,0,0.00554480828369662,0.000363488829934802,0.00085526783514071,0.0090171956943679,0.000102097597819922,0.000504073480336056,7.96468171474786e-05,0.000506211649923908,9.62176314533299e-06,0.00106801570913196,0.000422288493600726,0.00449229430407658,6.41450876355533e-05,0.000133635599240736,0.000752635694923825,0.000761722915672195,0,0,0.000687421522494346,0.258010785996486,0.00063557090998894,1.81744414967401e-05,0.000295067403123545,0.000497658971572501,0.000477880902884872,0.002192692912342,0.0494462408038662,0.00477346360487909,0.00026513302889362,7.37668507808863e-05,0.00188960737326401,0.000573029449544276,0.000102097597819922,0.00297045209992308,0.0230911624640052,0.00823141837083237,0.0140974866351037,0.000192969805303623,0.000174795363806883,4.38324765509614e-05,0.12823672103141,2.77962046420731e-05,0.00115086978066122,0.00215046406298192,3.74179677874061e-05,0.0289839578481247,0.000532938769772055,0.000140050108004291,0.00131016341495618,0.000220231467548733,0.00016517360066155,0.000393423204164727,2.8330747039036e-05,3.74179677874061e-05,0.000555389550444499,0.0001053048522017,0.000583720297483535,0.00354615426145217,2.67271198481472e-05,0.000681541556127754,0.00231777583323132,0.00577519605678765,0.000210075162006437,5.29196972993314e-05,0.0517773801970216,8.5526783514071e-06,0.000203126110845919,1.9243526290666e-05,0.000110650276171329,0.000291860148741767,9.62176314533299e-06,0.00242896065179962,0.000220231467548733,0.000433513883936947,0.00178911340263497,0.0475229572595936,0.0115081632642152,0.000568753110368572,0.000442601104685318,0.000213816958785178,0.000118133869728811,3.63488829934802e-05,0.000177468075791697,9.24758346745893e-05,0.00252410919845902,0,0.0076770979051818,0,0.00903750830545249,0.00264758849215746,1.81744414967401e-05,0.00013791193841644,6.20069180477015e-05,0.000345314388438062,0.0141183337885853,2.8330747039036e-05,8.01813595444416e-05,1.76398990997771e-05,0.000368834253904431,0.000295601945520508,1.8708983893703e-05,0.000130428344858958,3.52797981995543e-05,8.17849867353304e-05,0.00065000355470694,0.000386474153004208,0.00127007273518395,8.28540715292563e-05,0.000394492288958653,0.00015074095594355,0.000109581191377404,0.000760653830878269,0.000209006077212511,0.000391285034576875,0.00772360309371758,0.000207936992418585,0.000136308311225551,0.00054844049928398,0.000397165000943467,0,0,0.00299771376216819,0.000816246240162415,2.77962046420731e-05,0.0144428010235418,1.9243526290666e-05,0.000188693466127919
0.00547349950479757,0.000583972638075494,0.0014418192877365,3.38361787569305e-05,0.00507463066815705,0.0004549970861079,0.000342342514481885,0.000423947416189776,0.00145654797731304,0.000201026709085293,0.0130205596583581,0.00139763321900686,0.000600293618417072,8.24010470904071e-05,0.00462281816357922,0.144558107466888,0.0107503511001137,0.00176067551343416,4.77687229509606e-05,0.000711355899278055,0.0511276603197957,0.000499581227528797,0.000342342514481885,0.000505552317897667,0.0439758863486544,1.39325441940302e-05,0.000306515972268664,0.00112495342549512,0.00407865279462952,1.35344715027722e-05,0.00131363988115142,0.000302933318047342,0.00519564476629948,0.00320329094655317,0.00092392671640983,0.0138290452943031,0.000231280233620901,0.000998366309675077,0.00016559823956333,0.000906809590685736,2.03017072541583e-05,0.000360255785588495,0.000376974838621331,0.00222084754452841,0.00237211516720645,0.000106683481257145,0.00134946642336464,0.00155327964128874,3.34381060656724e-05,8.16049017078911e-05,0.00641653371038779,0.000806097199797461,0.268656074748498,0.00629989841184919,0.00133553387917061,0.000618206889523682,0.00109231146481197,0.000430714651941162,0.000753949677242662,0.00911068968482197,0.000736036406136052,0.000393295818962909,0.00458181667637964,0.000132956278880174,0.000124994825055014,0.00121770436255824,0.00232633680771178,0.00105648492259875,0.00237410553066274,0.00130448420925248,0.000132160133497658,0.000370207602869945,0.000381353638225169,1.35344715027722e-05,0.00442258759987644,0.00838778967749743,0.00237490167604526,0.000950597586724117,0.000189482601038811,0.00380756529188282,0.0160295911315774,0.0111181702668361,0.020398438918134,0.000401655345479327,0.000643683541764195,0.000520281007474213,0.0629671383031913,0.000304127536121116,0.00289995955581457,0.000539388496654597,0.000904819227229446,0.00348552448465509,0.0002635241216128,0.00343496925286533,0.00138290452943031,0.000271883648129218,0.000278650883880604,1.31363988115142e-05,0.000286612337705764,9.59355185931793e-05,0.00026750484852538,0.00155009505975867,0.00801798014731874,0.000738026769592342,0.000114246862391048,0.00345527096011949,0.000562476712747561,0.00138927369249044,0.00033716756949553,0.000357469276749689,0.000883323301901514,0.000137335078484012,0.00151068586332413,0.000286214265014506,5.41378860110887e-05,0.000948209150576569,0.00139564285555057,7.16530844264409e-06,0.00121372363564566,6.01089763799588e-05,0.04344923617812,0.000566457439660142,3.42342514481885e-05,0.00434575957046364,9.47413005194053e-05,0.000483658319878476,0.000408820653921971,1.35344715027722e-05,0.000440268396531354,0.000174753911462264,8.71779193855032e-05,0.0141705916634025,0.000239639760137319,0.002163127004296,7.4439593265247e-05,0.000519086789400439,0.00101389114463414,0.0830893147735922,0.000359061567514721,0.0106528232907555,0.00090402308184693,0.000236455178607255,0.0012654730855092,0.000748774732256308,0.000491619773703637,0.000314477426093824,0.000683490810889995,0.00293936875224911,0.000542971150875919,0.00980293809491964,0.00328330355749603,2.74670156968024e-05,0.00177182154878938,0.000523067516313019,0.000641295105616646,0.000267902921216638,0.0010341928518883,0.00088810017419661,0.000355080840602141
0.00886630421062965,0.000331913739826376,0.000710575893712806,0,0.00261323634595696,0.000111261225462926,0.00119208455853135,0.000303864691390345,0.000445979870132906,8.32121770268944e-05,0.00462154821397684,0.000668502321058758,0.000882610057453801,4.76833823412541e-05,0.0293402396323705,0.229000846146294,0.00189611567427575,0.000589964985437869,0,0.00146603026492326,0.0453525064162198,0.000763869085741266,9.53667646825081e-05,0.000601184604812282,0.134736409067322,2.99189849984339e-05,6.54477796840742e-05,0.000432890314196091,0.00284791338453843,0,0.000443174965289303,0.000173904100303397,0.00131176049852509,0.002297217066911,0.00121732870212378,0.0030021831509366,0.000129025622805746,0.000503947903567371,0.00014118021046136,0.000364637629668413,0.000260856150455096,0.000152399829835773,9.72367012449103e-05,0.00178111457568802,0.000629233653248313,6.2642874840471e-05,0.000918138852139441,0.000161749512647783,0.000248701562799482,0,0.0176166723543904,0.000376792217324027,0.0122359298960783,0.183020976013389,0.000860170818704975,6.35778431216721e-05,0.000395491582948048,0.000269270864985905,0.000259921182173895,0.0022018503022285,0.000624558811842308,8.41471453080954e-05,0.00590432469578469,0.000373987312480424,0.000287035262328725,0.000694681432932388,0.00549013374721263,0.000261791118736297,0.00115375085900211,0.000474963886850139,0.000115936066868931,0.000416995853415673,0.000109391288900524,0.000234677038581466,0.000697486337775991,0.00265530991861101,0.000175774036865799,0.000566590778407842,6.45128114028732e-05,0.00420642229712357,0.00142863153367522,0.00351454576903479,0.000922813693545446,6.35778431216721e-05,0.000826511960581737,0.000175774036865799,0.00954976602418763,6.54477796840742e-05,0.0212163002370145,7.85373356208891e-05,0.00904488315233906,0.00146696523320446,0.000324433993576768,0.00059931466824988,0.00227290789159978,0.00022065251436345,0.000191668497646217,6.07729382780689e-05,0.00022906722889426,0,0.000760129212616462,0.000955537583387484,0.00770320366881554,0.000792853102458499,0.000128090654524545,0.00347527710122434,0.000595574795125075,0.00074049487871124,0.000270205833267106,0.000353418010294001,0.000447849806695308,0.000336588581232382,0.00210554856926479,3.1788921560836e-05,6.35778431216721e-05,0.000724600417930822,0.000998546124322732,1.5894460780418e-05,9.72367012449103e-05,0,0.00831467292472103,0.000230937165456662,5.98379699968679e-05,0.00450374221054551,0.00015894460780418,0.000260856150455096,4.86183506224551e-05,2.99189849984339e-05,0.000613339192467896,4.6748414060053e-05,0.000126220717962143,0.0981838241137669,0.000560980968720636,0.000908789169327431,0,0.00107988836478722,0.000521712300910192,0.0623053512909574,0.000387076868417239,0.00130241081571308,0.000437565155602096,0.000195408370771022,0.000728340291055626,0.000380532090448832,7.47974624960848e-05,4.86183506224551e-05,0.000933098344638658,0.00381654052386273,0.000175774036865799,0.00179420413162483,0.0124453627910673,0,0.0006170790655927,0.000509557713254578,0.00022065251436345,0.000159879576085381,0.000525452174034996,0.000268335896704704,0.000288905198891128
0.000268627450089156,4.63620979849305e-05,0.000173176071884887,0.000100451212300683,0.0017417603870417,0.00103860190093692,0.00423895025301433,0.0119686937660705,0.00029499021168843,0.000101360273045485,0.00627660991248927,0.00042271324633319,4.77256891021343e-05,0.000223174412849028,0.000541800203902325,0.00512346635770722,0.000217265518007812,0.00161040110941773,0.000161812812574855,0.00065725091849225,0.000429531201919209,0.0051875551402158,0.00420486047508424,0.00012090507905874,0.00344806740503611,0.000130904747251568,0.000333625293342539,0.088016624902901,0.00693295177023672,0.000139995354699594,0.00248491754591779,0.000259991373013532,0.0517532827319821,0.00107587339147383,0.000651342023651033,0.00166449022373349,0.000745429810738098,0.0085251716647584,0.000251355295937908,0.00107541886110143,0.000489074680703777,0.0188784644873147,0.00106269201067419,0.0080992767058184,0.000742702628503691,0.00026999104120636,0.00182812115779795,0.0026649115733887,0.000369078662389839,0.000100905742673084,0.000575889981832421,0.000590434953749262,0.00123359543069707,0.000259991373013532,0.294007062492926,0.00575753622720701,0.00569526556618803,0.0345997610079302,0.00054361832539193,0.0393305131238827,0.0548709065562825,7.72701633082175e-06,0.0014922232125934,0.00934014462247389,0.000363169767548622,0.000633615339127384,0.0240537473074757,0.00473393382855933,0.0196098038565084,7.72701633082175e-05,0.000794064560585035,0.00115768885850606,0.000574071860342816,0.000333170762970138,0.00590571312860982,0.00999375929798693,0.000128177565017161,0.00354124613137837,0.000374533026858654,0.000237264854393468,0.000161358282202454,0.000106814637514301,7.49975114462111e-05,0.000370896783879444,0.000392714241754705,0.000255446069289519,0.00189811883514774,0.000786792074626615,0.000558617827681172,9.40877870870648e-05,0.000240901097372678,0.00641251449383725,0.00960740848144584,0.000205447728325378,9.590590857667e-05,0.000217265518007812,0.000404532031437139,6.27251913913766e-05,0.00118723333271214,0.000186811983056926,0.000323625625149711,0.00165721773777506,0.000349079326004183,0.000712249093552805,0.0106123751348251,0.0055407252395716,0.00145267907019449,0.00295853819395993,0.000242264688489882,0.00577253572949625,0.00262036759689338,0.0329902689592573,0.0001422680065616,0.00118859692382935,0.00197629805920076,0.000144086128051206,0.000753611357441321,4.68166283573318e-05,0.00151313160972386,0.00055407252395716,0.00163812746213421,0.000663614343705868,7.09067380945996e-05,6.86340862325932e-05,0.00013863176358239,0.00291808499081621,0.000647705780671823,0.000186357452684525,0.000499983409641407,0.00025590059966192,1.49995022892422e-05,0.000274081814557971,0.000241355627745079,0.000294081150943628,0.000597707439707682,0.00162130983835536,0.00160994657904533,0.00123086824846266,0.0147540558881455,9.13606048526572e-05,0.00501846984168253,0.0004263494893124,0.000189084634918932,0.0729712150460462,0.00123177730920747,0.00132177432294292,0.0025562788143848,0.00145358813093929,3.81805512817075e-05,0.000171812480767684,0.000534073187571503,0.000120450548686339,8.77243618734469e-05,0.0092374207583112,0.0131363822927694,0.000207265849814983,0.000193629938642945,0.00015635844810604,0.000250446235193105
0.000103849609802097,1.26070705349271e-05,7.89075637797594e-06,1.26977688840992e-05,0.00253529095440875,0.000454126634304891,0.000817192126040956,0.00288647496240327,8.08122291123743e-05,7.45540430194968e-05,0.00599497948357993,0.000312365114548841,2.61211245615755e-05,2.83885832908789e-05,0.000436168361168808,0.00216125096242286,5.5507389693348e-05,0.00348680733557364,4.97026953463312e-05,0.000189196756373078,0.000279350915450183,0.00849988649101601,0.00070617734665426,4.44421910943472e-05,0.00424277807592341,7.61866133045953e-05,0.000101672849421966,0.00595996992079948,0.00749540227393459,3.88188934456747e-05,0.0635659380172924,3.22886123052808e-05,0.0407500426962479,0.000355991020500639,0.000167882644317626,0.00129272357075047,0.000281527675830314,0.133436590380588,0.000200261954972079,0.000331321069525817,0.000106570560277261,0.00134269836114432,0.000250327443715099,0.0321676207074852,0.000352363086533753,0.000138224284138337,0.00115622255524641,0.0113255935594739,8.45308614284319e-05,0,0.000428368303140004,5.96795137552663e-05,0.000188380471230529,3.45560710345843e-05,0.00207526892740767,0.324302196378433,0.00135594032012345,0.00561078127648675,0.000469636052013326,0.147900256123068,0.00114887598896346,1.77768764377389e-05,0.00194112606898208,0.00156373023807682,0.000146659230611346,0.000663004932448323,0.0182104145467817,0.00103822400297345,0.00358848018499561,8.80680970461452e-05,0.000567590269119235,0.00265918489937789,0.00028052999398942,0.000880046082017247,0.0385915126843002,0.00304864361072305,5.92260220094056e-05,0.00132020517054963,0.000592260220094056,4.77980300137163e-05,3.30141990986579e-05,1.21535787890664e-05,8.90657788870387e-05,0.000272095047516412,0.00266254073829726,2.5758331164887e-05,0.0011588528073724,0.000515438718345256,0.000312546511247185,4.40793976976587e-05,2.56676328157148e-05,0.00164526805398257,0.0011816180930146,0.000293771952968552,7.68215017488002e-05,6.40330345155289e-05,6.24911625796025e-05,0.000103849609802097,0.00681189951457337,7.61866133045953e-05,0.000153915098545117,0.00151393684438131,4.90678069021262e-05,0.000414128662319978,0.00031744422210248,0.00579362914841778,0.00341515563972765,0.00146740859125601,4.89771085529541e-05,0.00450598468522095,0.00120683223408446,0.00103142162678554,7.03819189575785e-05,0.00569104931550409,0.000451677778877243,0.000104121704849614,0.000849662135044581,2.82978849417068e-05,0.000802589691824242,0.000121626486239836,0.00134578210501617,0.0046135529273391,6.53935097531109e-05,4.17212406191831e-05,5.44190095032823e-05,0.0332358658640346,0.000380933066522976,0.000102217039516999,0.000640783836901149,0.000240441323655336,3.64607363671992e-05,5.59608814392086e-05,0.000349551437709417,0.000105754275134712,0.000118361345669639,0.000584188067017736,0.000542013334652692,0.000171238483236995,0.000410591426702265,7.3374964480259e-05,0.00972685375861668,0.000167519850920937,0.000143938280136182,0.000630444225095526,0.00392497106042424,0.000272185745865584,0.00184770676933478,0.000337216462222006,1.07024052023122e-05,0.000141489424708534,0.000324700090036251,4.09049554766339e-05,2.47606493239935e-05,0.000855013337645737,0.00129054681037034,3.0383946972666e-05,3.97258769373961e-05,5.12445672822575e-05,7.88168654305872e-05
0.000383130123192858,6.97930210937573e-05,5.5163164637606e-05,4.56107289515307e-06,0.000777447783675714,0.000216263701613578,0.00185231194330707,0.0994759671475386,0.000118501837294826,0.000120309054857056,0.00261228995721455,7.41819780306027e-05,3.07226985579178e-05,1.27365809147671e-05,0.000168329407224894,0.00103149093813782,5.33559470753755e-05,0.000508000250945067,1.48880303936128e-05,0.000139327868250053,0.000174267407786509,0.0190730299198637,0.00722172743665208,3.08087565370717e-05,0.00207933289231488,7.40959200514489e-05,0.0246545783318229,0.0243092276614785,0.00518301391049781,2.25471905383038e-05,0.00199611482647312,2.9603944828918e-05,0.0636092389436796,0.000210755990947733,0.000131926882042824,0.00105472659250936,0.000206797323906657,0.00282734884711998,5.11184396173759e-05,0.000219878136738039,0.000946207480796377,0.00148381167657036,0.000291220201456566,0.00633601871520084,4.18241778687621e-05,5.59376864499905e-05,0.000481924683261456,0.00709513614931679,8.06363264671401e-05,1.17038851649211e-05,0.00026368164812734,0.000228311818695115,0.000114801344191211,4.49222651183e-05,0.00313492006461577,0.00171616822028571,0.460846416369329,0.0050266465623753,0.000311013536661947,0.0201644172114926,0.00366236941884961,1.46298564561513e-06,0.000635882407967661,0.0457056509025374,4.99996858883761e-05,0.000287605766332105,0.00866801783431137,0.0014252061927666,0.00362235245854307,4.25986996811466e-05,0.00546528408212238,0.000651200728257043,0.000204215584532042,0.000475384276845765,0.00263371839402386,0.00100610383428744,1.325292878969e-05,0.00127933791810086,0.000100515719651675,0.000162305348684126,5.93800056161437e-05,1.48880303936128e-05,4.15660039313006e-05,0.000122202330398441,0.000142770187416206,3.07226985579178e-05,0.000504902163695529,7.90012248632173e-05,0.000107400357983982,2.1428436809304e-05,3.55419453905324e-05,0.00100791105184967,0.00109181758152466,0.000337261220303866,4.5438612993223e-05,4.30289895769157e-05,0.000136487954937977,3.23578001618406e-05,0.000346039134177556,0.000111014793108443,9.13075158822152e-05,0.000672629165066347,9.1909921736292e-05,0.000345350670344326,0.00468164012394759,0.00280669493212306,0.00110137001721074,0.00116100819676434,8.73488488411389e-05,0.0250504450359305,0.000338982379886942,0.00310376707616209,2.05678570177657e-05,0.000205850686135965,0.0687660912285147,1.97933352053812e-05,0.000279516316291645,9.81060962353679e-06,0.000427622098415389,6.3855020532143e-05,0.00148217657496644,0.000847154746790317,1.14457112274596e-05,4.93112220551454e-05,4.38895693684541e-05,0.000793798799714941,0.00012375137402321,6.16175130741433e-05,0.000153957724706205,2.07399729760734e-05,7.40098620722951e-06,8.39065296749857e-05,4.21684097853774e-05,6.18756870116048e-05,7.37516881348336e-05,0.000210067527114503,0.000525556078692449,0.000196126134491582,0.000564110053353365,3.2185684203533e-05,0.00393052608189295,0.000101376299443213,8.4250761591601e-05,0.000798273814630941,0.000281323533853875,0.00778927980917159,0.00107968340646397,0.000148191840102898,3.20996262243791e-05,7.71940073009868e-05,7.89151668840635e-05,3.20996262243791e-05,3.90703225358395e-05,0.00065584785913135,0.0198141612363365,8.11526743420631e-05,9.30286754652918e-05,3.64885831612246e-05,0.000178226074827585
5.20337351694987e-05,1.09955404925321e-05,1.76992732444307e-05,3.05037574954117e-06,0.00227916272718915,0.00110675435480155,0.00547659496344657,0.00358805767962599,3.23481707393203e-05,7.52307786601955e-05,0.00220159096248861,8.48784787052559e-05,2.34098604034555e-05,2.45803534236282e-05,0.000212675034816847,0.00270756317257238,5.52614583463388e-05,0.000431876454958294,2.08205879648915e-05,7.97354033135877e-05,0.000308442645558256,0.00155299595137105,0.000645473696397095,4.67133123505316e-05,0.00199572606888004,4.11091336478862e-05,0.000132230241794064,0.0408664159588849,0.0136418833332009,1.7983029128109e-05,0.00294361259830723,1.03216202687963e-05,0.0345612183456124,0.000177276488327985,0.00015390209740999,0.000647140762213705,0.000248038111820249,0.00186771669585569,3.76685935582874e-05,0.000309577669092969,0.000109565240585264,0.0301940024788914,0.000113041250160322,0.0243036559675565,0.000121199231816072,0.000108784911905148,0.000287444710166065,0.00151124836698489,5.45165991516834e-05,1.91535221482817e-06,0.000310109711374865,0.000186782310431207,0.000134996861659927,3.09648608063888e-05,0.00289331686792526,0.00172129865987771,0.0013935960837148,0.386780409266786,0.000759401683693911,0.183997636597245,0.00290629869960354,1.54646956604645e-05,0.000988747376676855,0.00132141568080414,0.000111196836916413,0.000603938928923691,0.124893414196193,0.00300614530117282,0.0493489079371061,0.000148546205105563,0.00024775435593657,0.000321991989003892,0.000580103434694718,4.1783053871622e-05,0.00291005846506227,0.00102705442097342,1.46134280094298e-05,0.00617484725420782,0.000151029069087748,3.66754479654136e-05,5.82408951249604e-05,2.62828887256977e-05,7.04069286376653e-05,0.000146063341123378,0.000185008836158218,2.22748368687425e-05,0.000698677924586766,0.000105025146446412,0.000115204888773369,4.83094391962217e-05,1.15275827744288e-05,0.00109355970621051,0.0121917843591487,0.00014248092309194,7.30316705616891e-05,3.33058468467344e-05,0.000272937690613015,4.15347674734036e-05,0.000163939961795108,2.76661986586292e-05,0.000106195639466584,0.00063330766288439,2.48286398218467e-05,0.000418610867396335,0.00121373032294825,0.00156019625691939,0.00195866045657457,0.00230647423099318,0.00022189710103639,0.00153327491745541,0.000484123007040551,0.00525175389511702,4.96927491291532e-05,7.13646047450794e-05,0.000357816169318271,3.91583119475982e-05,0.000409424270662252,9.8959864432789e-06,0.00157441952058876,5.69285241629485e-05,0.00106681571417383,0.00107273911824562,1.49681228640276e-05,4.36629366009904e-05,3.33058468467344e-05,0.000625078742257721,0.000730742339442408,3.88390865784602e-05,0.000287834874506123,2.28778181215587e-05,3.98677016567939e-05,4.2279626668059e-05,7.42731025527814e-05,3.10712692627682e-05,5.19627961985792e-05,0.000177311957813445,0.000397045420236789,0.000120489842106876,0.00071591609452022,4.12510115897253e-05,0.000824027086201632,0.00011506301083153,8.44528448797386e-05,0.00149021496210724,0.000181320009670401,0.000386085349229716,0.00263712077444926,0.000309045626811072,3.5150260090643e-05,0.00017163684013988,4.33791807173122e-05,1.91889916337415e-05,1.04280287251756e-05,0.00388135485489292,0.00146857857597677,2.11398133340295e-05,0.000186853249402126,4.84513171380609e-05,9.55193243431902e-05
0.000201960577139388,4.05480695414988e-05,3.19705932923356e-05,4.6006463518239e-05,0.000654227506640721,0.0321437023584551,0.0194104388665723,0.000868274527585748,0.000196502183162648,0.000146206981519827,0.0020285731329271,0.000110727420671016,7.87568273786804e-05,2.69020845996483e-05,0.000254595090486526,0.00113417629130981,0.000351286640931639,0.000677230738399841,2.10538053388551e-05,0.000548958479946445,0.000266681534292165,0.00162426209336427,0.000385986431212344,8.85039594800022e-05,0.00308399259685823,2.57324287474896e-05,0.000240559220260623,0.00366258235839269,0.111722797801203,7.01793511295172e-06,0.00139695897276144,7.48579745381516e-05,0.00604283201753548,0.000561044923752084,0.000403141383710671,0.00256817436605628,0.000215606562081239,0.00152796042820321,9.90308621494298e-05,0.000307619489117717,5.02952016428206e-05,0.00332845066995938,0.000104879141410223,0.00826907698947739,2.02740347707494e-05,0.000131391340725818,0.000451097273649174,0.00165779222779282,9.55218945929539e-05,0,0.000155564228337096,0.0324033659576343,0.000820708522931298,0.000170769754415158,0.00142853968076973,0.0010523003816587,0.00117004573744267,0.0117074753095397,0.116066119865552,0.0112267467543025,0.000765734697879843,5.88726778919838e-05,0.00161139587899052,0.0011127326006869,1.87144936345379e-05,0.00100044563887967,0.062272867454209,0.0523818676830716,0.0594107195839768,0.000182466312936745,0.000427704156606002,0.000217555988501503,0.100448095156962,6.62804982889884e-06,0.00280405496290826,0.00264849073457117,0.000169989983847053,0.0777836737096844,0.000625765880904861,0.000127882373169342,0.00105619923449923,0.000134900308282294,0.000255374861054632,0.000496323966599308,0.000721677660781868,7.48579745381516e-05,0.000531803527448119,0.000133730652430135,0.000458115208762126,0.000419906450924944,5.14648574949793e-05,0.00217672954086719,0.00541199762793793,0.00191121766242718,0.000160242851745731,0.000108777994250752,0.0406564576504655,8.14860243670505e-05,0.000162192278165995,7.21287775497815e-05,8.57747624916321e-05,0.000718558578509445,8.07062537989447e-05,0.00296429781465399,0.000610950240110852,0.000940793190419583,0.00186794039589732,0.0243296214954674,0.00334053711376502,0.000684248673512792,0.000750529171801781,0.000879971086107335,0.000100980288569694,0.000221064956057979,0.000335691229569524,0.000250696237645997,0.00170184926489079,0,0.0116911001276095,4.09379548255517e-05,0.00283134693279196,0.00128311246981801,4.79558899385034e-05,0.000145037325667669,0.000120084667488285,0.000809791734977818,0.10934449756848,1.28662143737448e-05,0.000345438361670846,1.98841494866965e-05,0.000245237843669257,0.00046006463518239,7.32984334019402e-05,4.79558899385034e-05,6.23816454484597e-06,0.000107608338398593,0.000649938768516139,0.000587947008351733,0.00186599096947705,1.32560996577977e-05,0.000526735018755432,7.44680892540988e-05,5.49738250514551e-05,0.00166792924517819,0.00084410163997447,0.000410159318823623,0.00863634892705519,0.000262392796167584,0.000113066732375333,0.000400022301438248,0.000277598322245646,1.36459849418506e-05,3.35301344285471e-05,0.0101214219740126,0.00124958233538946,4.67862340863448e-05,0.00174863549897714,4.52266929501333e-05,0.000120474552772338
0.000187857148712498,3.91773116249479e-05,7.71133618914816e-05,1.55157669801774e-05,0.00142076585256903,0.000577470987390569,0.00398113893022045,0.00549700350457215,0.000155261108248308,0.000101317958380558,0.00402944468475207,0.000167247038240495,4.4400953174941e-05,8.2388722664742e-05,0.000292963540197383,0.00198328998443536,9.20990068331697e-05,0.000871882665839435,3.73283493931434e-05,0.000134625138164672,0.000272133623026495,0.00629408724376131,0.000819361794611535,3.59319303649275e-05,0.00389167760377391,6.39249599583309e-05,0.000181456894833175,0.0293543441988267,0.0107050258491385,2.13858988210112e-05,0.025734606270992,3.53112996857204e-05,0.105542190589941,0.000365551470052979,0.000417244833708604,0.00200682223102196,0.000305182206694273,0.0141619904515453,6.74806565579549e-05,0.000353022488216486,0.00012712585079092,0.00438035961462041,0.000262888811867472,0.0902143066180875,0.000179582072989737,0.000104563339640579,0.00136740454396303,0.0162217473075813,9.7930349256553e-05,1.108084358501e-05,0.000375882384900614,0.000225508743251062,0.000299027619125469,0.000152545849026777,0.00177102136234071,0.0165917724904469,0.00241972264997612,0.0496801541005289,0.000575053113702825,0.404339426435366,0.00124477826559636,1.15592464002322e-05,0.00148591914407996,0.00175342389662403,0.000141671882334836,0.000852009554298991,0.0838124106534256,0.00129826887226053,0.0116381311455205,7.6040188008686e-05,0.000648235814625995,0.00062714730133877,0.00049563824637595,0.000170970822315738,0.016098461609118,0.00289578517034541,6.29940139395202e-05,0.00330386277172989,0.000229012720627418,0.00011722161953524,8.66814181959244e-05,4.86548592886729e-05,5.30122038489394e-05,0.000161066591060058,0.00047785976337783,2.14505478500952e-05,0.000963710146750452,0.000317827556783117,0.000340984839001032,4.43492339516737e-05,4.65473009405322e-05,0.00193568243941785,0.00216609157907348,0.000387545069747381,6.32267504442229e-05,7.54454169411126e-05,0.000222793484029531,4.69222653092198e-05,0.000553951670609783,5.19519597719606e-05,0.000136887854182615,0.000812379699470455,6.82823045185973e-05,0.000563131832739722,0.000581996419426454,0.00471128506469596,0.00440625801567149,0.00202175615674038,0.000124759696326443,0.00891519161933431,0.000722685636519213,0.00172941324722221,0.00010354188498105,0.000418460235455384,0.00101513198448392,8.98362908152271e-05,0.000561450957983536,1.48175574660694e-05,0.00103150111864801,9.85897693532105e-05,0.00261823395868167,0.00518703726972565,2.19030910536838e-05,6.7959059373177e-05,4.77109834640455e-05,0.0031556096182343,0.000420903968754762,6.36017148129105e-05,0.000389122506057032,6.50239934527601e-05,3.17297434744628e-05,0.000173621432508185,7.21741760694585e-05,8.22852842182075e-05,0.000126893114286217,0.000599024973687199,0.000720720306035057,0.000407987092743765,0.000382140410915952,7.66737484937099e-05,0.00254474094241889,0.000136525819619744,0.000107304458473743,0.000700110195563055,0.000660040727336746,0.000400074051583874,0.00340175433156899,0.000467089235132424,3.98108721099718e-05,0.000169445105229354,0.000214867513063823,1.923955105542e-05,2.77215036712503e-05,0.0011912876589322,0.00188689828207101,4.78402815222136e-05,9.64692811992529e-05,5.82746348163829e-05,0.000149365116795841
0.000278157137585691,3.63377909132163e-05,0.000173902285084678,2.98488996787134e-05,0.0012674967544729,0.000368136429370798,0.00250903794400779,0.0230083105393004,0.0002976238112892,0.000372462356860467,0.00207255186030023,0.000237060826433839,5.19111298760232e-05,0.000180823769068148,0.000212403039742728,0.000720266927029822,0.000316225299494775,0.000805487698576294,2.20622301973099e-05,0.000208942297750994,0.000280752694079492,0.00470012021752494,0.00972684796051985,6.44563195960622e-05,0.00322757450004174,4.28266821477192e-05,0.00129821083964955,0.144826861241117,0.00850909937217814,6.74844688388302e-05,0.00211840669169072,6.31585413491616e-05,0.062931430155954,0.000583567618356295,0.000403609034786081,0.00136309975199458,0.000648023937952357,0.0032660752546998,6.66192833408965e-05,0.000523869818998868,0.000480610544102182,0.0272161402085011,0.000828847707020504,0.00663770314014751,0.000214566003487563,0.000199425257273723,0.000502672774299492,0.00298618774611824,0.000140160050665263,2.24948229462767e-05,0.000272100839100155,0.000202453406516491,0.000436918676456529,8.82489207892395e-05,0.0809000351697905,0.00300565441982175,0.00898235583954789,0.0402207434279428,0.000581837247360427,0.0368936725956387,0.163639454708188,0.000165683022854308,0.00126533379072807,0.0279204012038191,0.000459413499402806,0.000436486083707562,0.0199611272155778,0.00184803622358643,0.0183696184921288,0.000144485978154931,0.000777369169893448,0.000347371977420389,0.000257825278384249,0.000222785265717933,0.0046248490792047,0.00262756835722471,4.88829806332552e-05,0.00386435102652096,0.000273831210096023,4.97481661311889e-05,0.000291134920054697,0.000121558562459688,0.000132805973932826,0.000402743849288147,0.000788616581366586,0.000164817837356374,0.00098241813290374,0.000268207504359453,0.000116800042221052,4.23940893987523e-05,4.49896458925535e-05,0.00400061774244552,0.0116981731175618,0.000362512723634229,3.46074199173488e-05,0.000118097820467953,0.000399715700045379,6.79170615877971e-05,0.000540740936208575,0.000113339300229317,0.000269505282606354,0.0010507677872405,3.54726054152826e-05,0.000813706960806664,0.0424775797993029,0.00182727177163602,0.00234248973565555,0.00163736355483957,0.000352563090407991,0.00597972956896891,0.000885517357135163,0.0798501325680479,0.000249173423404912,0.000884652171637229,0.00180088361394904,0.000161789688113606,0.000866915868929588,3.59051981642494e-05,0.000413991260761285,0.000208509705002027,0.00184630585259056,0.00129301972666195,2.81185286828459e-05,6.27259486001948e-05,0.000353428275905925,0.00309087519136822,0.00167240356750588,9.9063739513411e-05,0.000313629743000974,4.3259274896686e-05,2.98488996787134e-05,0.000237493419182806,0.000219324523726198,0.000109445965488616,8.73837352913058e-05,0.0012700923109667,0.000844421045983311,0.000337854936943118,0.00549219754088326,4.19614966497855e-05,0.00176324804478892,0.000190773402294385,6.48889123450291e-05,0.0181823058318261,0.00118833228141197,0.00459629795777289,0.00180131620669801,0.000644130603211655,0.000182121547315048,0.000369001614868732,0.000892006248369666,4.23940893987523e-05,8.43555860485378e-05,0.00449896458925535,0.0487601242925486,0.000101226703258245,0.000198560071775789,3.720297641115e-05,9.51704047727093e-05
0.000510068483405325,0.000139597690195141,8.59062708893178e-05,0,0.0270202067656557,0.00262014126212419,0.00242416758165794,0.00022818853204975,0.000236242244945624,0,0.0086765333598211,0.00106845924418589,0,0,0.000571813615607022,0.00974499260400699,0.011699360266739,0.000187919967570383,4.83222773752413e-05,0.000391947360932513,0.00166174942751524,0.00079463300572619,9.66445547504825e-05,0,0.00321343144545354,0,0,0.000451007922168919,0.0117503671150795,4.56377064099501e-05,0.000185235396605092,0.000144966832125724,0.0015516820179383,0.000837586141170849,0.000177181683709218,0.179777663832655,0.000185235396605092,9.12754128199002e-05,0.000655035315531048,0.000413423928654842,0,0.000759733583177404,0,0.00379866791588702,0.00268188639432589,4.83222773752413e-05,0.000711411305802163,0.00110604323769997,0.000271141667494409,9.66445547504825e-05,0.00176913226612689,0.0029530280618203,0.00774498723486506,0.000327517657765524,0.000381209077071348,0,4.56377064099501e-05,0.00234094588173391,0.00124027178596453,0.00304698804560549,0.00068188102518396,0.0850552618933205,0.00233289216883804,0.000144966832125724,0.00013691311922985,0.0123194961597212,0.0117074139796348,0.00459061635064792,0.0062711577749202,0.00995707371026499,0.000128859406333977,4.56377064099501e-05,0.000547652476919401,0,0.000641612460704592,0.00299866576823025,4.83222773752413e-05,0.0047490060376001,0.000375839935140765,0.0001825508256398,0.0584968013336949,0.00309262575201544,0.00445370323141807,0.000969130118470116,4.83222773752413e-05,0,0.0106174781677266,8.8590841854609e-05,8.59062708893178e-05,0.00728055645786968,0,0.000359732509349018,0.00119194950858928,0.134225863693594,4.56377064099501e-05,0,0.00234899959462978,0,0,0.000230873103015042,4.56377064099501e-05,0.000273826238459701,0.000233557673980333,0.00381745991264406,0.000604028467190516,0.0022523550398793,0.00369128507727538,0.00263087954598536,0.00324296172607175,0.000593290183329351,0.000684565596149251,0.0001825508256398,9.12754128199002e-05,9.66445547504825e-05,4.56377064099501e-05,0.000673827312288087,0.00571276701413963,0,0.00335302913564869,4.29531354446589e-05,0.186840770042336,0.00224967046891401,0,0.00296108177471617,0,9.12754128199002e-05,0.000724834160628619,0,0.00038657821900193,0,0.00191946824018319,0.00106040553129002,0,0.000504699341474742,0,0.000961076405574243,0.000700673021940998,0.00135302376650676,0.000920807841094875,0.000445638780238336,0.000193289109500965,4.29531354446589e-05,0.00129127863430506,0.000233557673980333,0,9.12754128199002e-05,0.00154362830504243,0.00013691311922985,0.0203302559201501,0.0686981710018013,0.000177181683709218,0,9.66445547504825e-05,0.00293423606506326,0.000697988450975707,0.000185235396605092,0.00790606149278253,0.00259061098150599,0
0.00923201945153863,0.0010784963337775,0.00279137365137269,5.23919861347772e-05,0.00457043031987497,0.000627243994994376,0.00229308206807227,0.00201344186963155,0.0013930104548776,0.00104005391670647,0.0105427923306567,0.000805182102702891,0.0202755364298673,0.000427570512233042,0.00889609436396859,0.0178037052326293,0.000935756557311237,0.00140679781964991,6.29352650783082e-05,0.0278134942616177,0.00354692124089527,0.00349096076034884,0.000647681735715682,0.00276688080336541,0.0542493874760444,5.49872547978002e-05,0.000308512562316861,0.00429111453001712,0.0241930944767006,3.89290299453453e-05,0.00175067091750046,0.00103324133646604,0.0115870635589406,0.00592434954051579,0.00132212717951879,0.004186492762039,0.000844759949813992,0.00455047919202798,0.000237791491249484,0.001021400423191,0.000137224830557342,0.000833081240830389,0.000852545755803061,0.00638744279257396,0.00211222428311786,0.000132358701814174,0.00377027655020669,0.00160257839941671,0.000167719237347863,9.19698332458782e-05,0.00832367541948057,0.000822537961886858,0.00250329882977714,0.00216526508641839,0.00103616101371194,0.00291075600987175,0.00265723070235269,0.0048046533167128,0.000679311572546275,0.0158006444376499,0.000658062810367774,4.16865028998072e-05,0.444819965401825,0.00142236943162805,0.000716456355285792,0.00111126160064817,0.0112300519134835,0.00159268393763894,0.00764809454563739,0.000217515954819617,0.000369014763023585,0.000306890519402472,0.000892285807205601,3.81180084881506e-05,0.00614624501120426,0.00874216249139304,0.000426110673610092,0.00219511067604316,0.000322786539963488,0.00505898964568906,0.0010301594549287,0.000638111682520784,0.000776958555992516,0.00082983715500161,0.000562524482710239,0.000705588667759383,0.00829285660410718,0.00183485494475727,0.017228204406604,0.000129114615985395,0.0044805691424178,0.0105011058277569,0.000672661196597278,0.0008893661299597,0.0150663456103058,0.000285317348641093,0.000924726665493389,0.000139820099220365,0.000196429396932555,0.000350361269508107,0.000469257015132849,0.00163761452636752,0.000770794792917836,0.0011826314888813,0.00069228791586139,0.00459768064083671,0.00220257207344935,0.00535468806898224,0.000286290574389727,0.00272292344038546,0.00102691536909992,0.000724079956983422,0.00905927188115616,0.000366581698652001,0.000572094535905136,0.000701046947599093,0.00150801329750781,3.60093526994444e-05,0.00120890858409441,0.000101215477857898,0.00609320420790373,0.0013996608308266,8.77525216684658e-05,0.000635840822440639,0.000326517238666583,0.0022869183049976,0.00058231340626579,0.000109812305304161,0.00102334687468826,7.25053182732056e-05,2.46550522987187e-05,0.00369939327484787,0.000240548964203946,0.00195180423888475,0.000498940400466175,0.00171433715621814,0.00362169741924862,0.00523043958174001,0.000758629471059916,0.000556360719635559,0.00236445195630541,0.000209243535956231,0.000544682010651956,0.000965277738353123,0.000903477903314888,0.000409403631591881,0.00331480689984615,0.0251912996862158,7.10454796502551e-05,0.00147703227784297,0.0351647549539218,7.41273611875949e-05,0.000427246103650164,0.00140063405657523,0.00213006675517614,0.000163988538644767,0.000636651843897834,0.000239251329872434,0.00078701522206173
0.000126491080738004,0.000124104456573136,7.89077614509482e-05,4.92241234004025e-06,0.000416018424738553,0.000419598360985855,0.00161037465524468,0.116481578990547,0.000106950595388147,0.000110978023666362,0.00215601660493763,4.43017110603622e-05,9.53158025844157e-05,3.35619023184562e-05,0.000215989486920554,0.000817120448446681,0.000111873007728187,0.000687496923492287,9.84482468008049e-06,0.000166467035499543,0.000198835625735565,0.00762362340263991,0.0216372838427036,7.60736452551674e-05,0.0014637464331156,5.77264719877447e-05,0.00765032376048437,0.0410072747287825,0.00400266705250424,1.26789408758612e-05,0.00194733615452198,1.0143152700689e-05,0.0748986803460008,0.000409306044274862,0.0001860075208494,0.00111007856468423,0.000236424956332236,0.00176132863367258,4.08709388233645e-05,0.000393942151213524,0.00107770997444821,0.00336991332079361,6.13064082350467e-05,0.00569269528925139,9.85974108111091e-05,0.000153340602592769,0.000449431163046705,0.00337125579688635,2.71478498753735e-05,0,0.00024254068075471,6.54830005235657e-05,0.000106801431377843,3.80368226275837e-05,0.00544523219615664,0.00111783509322005,0.112004868713296,0.00665614563180654,0.00046718168027291,0.0210283963526416,0.0100153191438582,4.3555891008841e-05,0.000899608146144931,0.266959425897557,4.92241234004024e-05,0.0003509829162459,0.0100564884107022,0.00102744170297567,0.00319225898452125,6.07097521938297e-05,0.00224655915919231,0.000155428898737028,0.000289825672021157,0.000112171335748796,0.00270225521067179,0.00171374531438553,5.48923557919639e-05,0.00182949658638162,0.000264318626259131,0.000237170776383757,9.18850303474179e-05,8.66642899867692e-05,3.32635742978477e-05,0.000245225632940187,0.00019480819745735,8.35318457703799e-05,0.000719567185707701,0.000270881842712518,0.000295344740402415,4.87766313694897e-05,4.34067269985367e-05,0.00176968181824962,0.00163618002902732,0.000279085863279251,3.89318066894092e-05,0.000116646256057923,0.000236723284352845,1.789968123651e-05,8.27860257188587e-05,3.25177542463265e-05,8.50234858734224e-05,0.000901994770309799,0.000127982720841046,0.000483888049426987,0.03683873729682,0.000871266984187123,0.00151237390047479,0.00109605714771563,5.87706200598744e-05,0.013239200898564,0.000628875467442717,0.0151616266633652,7.42836771315164e-05,8.44268298322054e-05,0.0102517441001905,6.98087568223889e-05,0.000238811580497104,7.15987249460399e-06,0.000364556841183587,5.17599115755747e-05,0.000730306994449607,0.0011056036443751,9.54649665947199e-06,3.19210982051095e-05,2.81919979475032e-05,0.00119122378628974,0.000363661857121761,4.95224514210109e-05,0.000152445618530943,2.2672929566246e-05,1.98388133704652e-05,8.06977295745992e-05,6.39913604205232e-05,9.12883743062009e-05,3.32635742978477e-05,0.000170345299767453,0.00109337219553015,0.000279533355310164,0.000743433427356381,4.28100709573197e-05,0.001326664707646,0.000224790163528505,5.75773079774404e-05,0.00166258205885117,0.000145136582026035,0.010598102932117,0.00107860495851003,0.000976278447441315,4.51966951221877e-05,0.000172731923932321,0.000229563411858241,2.983280206085e-05,2.25237655559417e-05,0.000893939913753369,0.135204794727947,7.75652853582099e-05,2.55070457620267e-05,6.16047362556552e-05,0.000114110467882751
0.00103669129468622,0.000743249107618889,0.000352681689620826,0.00204376283809568,0.0019390604614895,0.000458072897652049,0.00023489151593887,0.000480804334678392,0.000903057998228326,0.00178407339085535,0.00484317374946099,0.000526956040156117,0.000456695234801968,0.0108780258642423,0.000412610023599365,0.00282076468554157,0.000106768870881305,0.000878260066926861,0.00192872799011389,0.000284487378541799,7.8526782454637e-05,0.00124265189077338,0.000518690063055629,0.000115723679406833,0.00384161285745185,0.000804555104447509,8.40374338549624e-05,0.00061168230543612,0.00593910454670071,0.000906502155353529,0.000807310430147672,0.00096918581503223,0.00254109912697505,0.00360396601581281,0.0460332264726183,0.00024453515588944,0.00445122866861285,0.00172138973117665,0.000149476419233827,0.00628627558492121,0.000139143947858216,0.000701230390691408,0.114100792569438,0.00182678093920787,0.000150854082083908,0.000695030907866042,0.0488030176327068,0.000156364733484233,0.00436856889760796,0.000644746213838072,0.000394011575123266,0.000135699790733013,0.000136388622158054,0.00017358551911025,0.00229243098253537,0.000557953454282947,0.00308320945848206,0.000564841768533354,0.00021422657318765,0.00382439207182583,0.00119581135387061,2.3420268451383e-05,0.00233789385658805,0.000190806304736267,0.254556275460932,0.000210093584637406,0.00208784804929829,0.000582751385584411,0.00224972343418285,9.09257481053692e-05,0.000745315601894011,0.00250390223002286,0.000371968969521965,8.12821081547997e-05,0.00156295850341729,0.00679394434517618,0.00103669129468622,0.000493892131754164,0.000138455116433176,0.000207338258937243,0.000230069695963586,0,7.92156138796777e-05,0.000622703608236771,9.64363995056946e-05,0.000977451792132719,0.00260171629237863,0.00923102992697009,0.00108697598871419,0,0.000291375692792206,0.0502660955794932,0.000741182613343767,0.000165319542009762,0.000123300825082281,0.000487003817503758,0.000394011575123266,0.000425697820675137,0.000590328531259859,0.00563601871968281,0.0609767354074507,0.00105391208031223,4.54628740526846e-05,0.000708118704941814,0.000202516438961959,0.00954238173108848,0.000314107129818548,0.00166628321717339,9.16145795304098e-05,0.000427075483525219,0.00272157296033571,0.000451184583401642,0.000526956040156117,7.02608053541489e-05,0.00067298830226474,0.000706052210666692,0.00146789976676168,0.00018322915906082,0.00110557443719028,0.00125229553072395,0.00121716512804687,0.000473227189002944,0.000105391208031223,0.000154987070634152,0.00891210097717626,0.001016026351935,1.23989656507322e-05,0.000747382096169133,0.00402553084793771,0.000294819849917409,0,0.000318928949793833,0.00043809678632587,0.000171519024835128,0.00314864844386093,0.208825445983906,0.0109820394094235,0.000542799162932052,0.000792156138796777,8.12821081547997e-05,0.00569663588508639,0.000790778475946695,2.3420268451383e-05,0.00148236522668753,0.000492514468904083,0.00059170619410994,0.00108973131441435,0.00396284718825901,2.41090998764236e-05,0.000220426056013016,0.00191564019303812,0.000785956655971411,1.10213028006508e-05,0.00139901662425761,0.00065232335951352,0.000185295653335942,2.27314370263423e-05,0.000108146533731386,0.00556506908290362
0.00198416361213499,3.48698636178099e-05,0.000344596299281886,0.000128539889414672,0.0423347493232853,0.0040941322224205,0.0146316682631594,0.00364355888665312,0.000361005646866738,0.000106660759301536,0.0154999962395245,0.000355535864338454,3.48698636178099e-05,0.000182553991881475,0.000576378333917916,0.00588343483198537,0.000866960530732999,0.00178041421295641,2.32465757452066e-05,0.000240670431244492,0.000617401702880046,0.00376047548819518,0.00035006608181017,8.20467379242586e-05,0.00448727284164091,1.16232878726033e-05,0.000168879535560766,0.00889113149972548,0.142615007305578,2.32465757452066e-05,0.00426916526332559,4.58094286743777e-05,0.0224329455941244,0.000570908551389632,0.000386303391060051,0.010210716534674,0.00138864103936808,0.00459871966065469,0.000163409753032482,0.00066526230000253,6.76885587875133e-05,0.00136197584954269,0.000485443199385197,0.0261599186643338,0.000597573741215016,0.000233149480268101,0.00291812897883946,0.00209561043114877,0.00017571676372112,1.09395650565678e-05,0.000330921842961176,0.00242516482847788,0.000559968986333065,0.000138795731655204,0.00164503709538138,0.00370919627699252,0.000968835230322287,0.00932666293354009,0.00101054232210045,0.0410596062713792,0.000495015318809693,0.000130591057862778,0.00716268022078777,0.000527834013979397,0.000126488720966565,0.134763818209043,0.0346298769093814,0.00336801859179081,0.0087044751709478,0.00539525674133604,0.000563387600413242,0.000588685344606555,0.00123206851449595,0.000259814670093485,0.0062519614298285,0.00892053158081501,0.000121702661254317,0.0110441746474212,0.00530705649806746,0.00174486062652257,0.000752095097639037,0.000206484290442717,0.00123343596012802,0.00350818176907809,0.00036374053813088,2.32465757452066e-05,0.00415908588994387,0.000380833608531767,0.000243405322508634,0.00147137150010837,0.000127856166598636,0.0058280532838865,0.00157803225940991,0.00545268945788302,0.000311093881296147,0.000112814264645856,0.00321623212663094,0.000188707497225795,0.000278275186126444,0.000270070512334018,0.000302205484687686,0.00124505924800062,0.000526466568347326,0.0379657605288186,0.000892258274926312,0.00478947832632859,0.0354038511371336,0.0782199413229079,0.00728780149612227,0.00427395132303783,0.0012389057426563,0.000406815075541115,0.00076371838551164,9.09351345327199e-05,0.000164093475848517,0.000162726030216446,0.065216217084729,2.32465757452066e-05,0.00201698230730469,5.67489937309455e-05,0.0198183895456047,0.0222989359221814,7.99955694761521e-05,4.58094286743777e-05,0.000538089856219929,0.00160469744923529,0.000936016535152583,5.7432716546981e-05,0.000337759071121531,5.7432716546981e-05,0.00412558347195813,0.000496382764441764,0.000136060840391062,0.00024545649095674,0.000222893638027569,0.000791751020969095,0.00106524014738329,0.00119856609651021,0.0011425008255953,0.000244089045324669,0.00226038762981332,0.000332289288593247,0.000376047548819518,0.000802690586025663,0.000116232878726033,6.97397272356198e-05,0.0262556398585788,0.00135172000730216,0.00131753386650039,0.00399841102817553,0.000328186951697034,1.16232878726033e-05,0.000140163177287275,0.00195407980822942,0.00150760880935825,5.606527091491e-05,0.0066334787611763,0.000559968986333065,0.000265968175437805
0.000145928131431675,3.59521196930617e-05,2.74032443263076e-05,8.40834590867044e-06,0.00131684299776082,0.00153790754611454,0.0218207701578763,0.00251635560880997,5.79566906713232e-05,3.90671893472487e-05,0.00218796168684488,7.85442562805747e-05,1.86669963487753e-05,2.76608816661276e-05,0.000189738189989246,0.00128128904486566,7.44571912079759e-05,0.000728574975434572,1.49078333450383e-05,0.000102270313120361,0.000150331387784962,0.00211694746735995,0.000521715613135471,2.3597238169876e-05,0.00218367553837333,3.01669903352856e-05,7.50075982521368e-05,0.00888041949073787,0.0121860002469337,1.04694446272303e-05,0.00671949801378592,5.10590364370517e-06,0.0335865756143518,0.000129966327151009,0.000214752433528132,0.00114134512619071,0.000266104239669524,0.00247204198636094,3.80717723524897e-05,0.000295568582714392,6.9374709140618e-05,0.003960143550373,0.000110690369817205,0.0960734324503996,5.43497679138434e-05,0.000115632322426479,0.000713128445833547,0.00328521569556185,3.11741181182183e-05,2.52953024550531e-06,0.000321906145316899,0.000389945824605722,0.000130118567397266,4.14093469819759e-05,0.000979630852300975,0.00260895281089891,0.00107555391823123,0.0423315481290734,0.00101154275007413,0.116607596865579,0.000859489876427646,1.74490743787172e-05,0.00069941511288222,0.00110070869122819,6.28635109160765e-05,0.000713304107656151,0.494394988419729,0.00234411333635214,0.0388221879478681,0.000105924079030535,0.000242588977016864,0.000285836917742101,0.000720599928688326,3.85870470321297e-05,0.00709445402952939,0.0014047558845803,2.28828800912842e-05,0.0118535075491078,0.00028258131862983,6.80279685006499e-05,7.52066816510886e-05,3.55071097424635e-05,4.15967195927541e-05,0.000121534559665991,0.000271233564889577,8.51374300223317e-06,0.000641165652506555,0.000126160320994578,0.000237108328151602,2.97922451137293e-05,3.72403063921616e-05,0.00131669075751456,0.00217157829418997,0.000260939782084951,4.63630103794238e-05,3.51440753090808e-05,0.000568980354204265,2.43584394011623e-05,0.000172289115610529,1.63248387140482e-05,6.65172768262509e-05,0.000594638691092701,2.77897003360376e-05,0.000841185914512253,0.000265752916024315,0.00158862696969455,0.00665990181277028,0.0043700445580266,0.000252168401742898,0.00228640257223246,0.000664973684863557,0.00086224191164845,4.94312368809164e-05,0.000124673050896526,0.000364978424219531,3.9219429593506e-05,0.000592167714788064,6.42922270732601e-06,0.00128571572279529,5.24877525942353e-05,0.00167569667976553,0.00771625003839675,1.32566122125556e-05,4.53441718083175e-05,2.36909244752651e-05,0.00107263793197599,0.00081769407343594,3.37622023045918e-05,0.000161468347338089,2.32459145246669e-05,4.43604656017321e-05,7.72677803696484e-05,3.97932582140142e-05,3.99103660957505e-05,3.89500814655124e-05,0.000162498896697369,0.000480692722163225,0.000189117518216043,0.000506163686440883,5.18670808210326e-05,0.00113377995703054,0.000134170500105344,7.79001629310248e-05,0.00073207650109849,0.000215419948454029,0.000231955581355203,0.018584154233235,0.00017129369861577,3.4816173240219e-05,0.000156175071083606,0.000119555436464647,1.58681179752764e-05,1.89246336885953e-05,0.00221785932905217,0.0011596959312588,1.04694446272303e-05,0.000123665923113593,4.39740095920021e-05,6.53344872207137e-05
0.000142988786551255,2.07171253241875e-05,3.10756879862812e-05,2.45761976884969e-05,0.00109963251475638,0.0332859209056715,0.0098954739783766,0.00157125177948936,3.77782873558713e-05,7.31192658500734e-06,0.00173292660064674,8.26653922249441e-05,6.45886848342315e-05,0.000122474770298873,0.000183813709984212,0.0013295519840405,0.000142582568407643,0.000365393220178561,1.03585626620937e-05,9.78985726103761e-05,0.000171220947532255,0.00160557721262453,0.000444605758182807,6.54011211214545e-05,0.00257948521193315,4.08249234329577e-05,0.000312178643365452,0.0041190519762208,0.0224004933113136,0,0.00121195183146497,2.07171253241875e-05,0.00801346531902443,0.000258354739336926,0.0003103506617192,0.00120849897724427,0.000215498725185911,0.00196487716064892,6.25575941161739e-05,0.000256526757690674,9.60705909641242e-05,0.0119225025149981,9.58674818923185e-05,0.00882996378768359,2.80290519091948e-05,7.33223749218792e-05,0.000184016819056018,0.00131736543973216,4.52933230126844e-05,3.27005605607273e-05,0.00105291742824106,0.00338156293649409,0.000341629458777287,6.39793576188142e-05,0.00255044061466492,0.0017280519829234,0.00112359938522946,0.0260066948812249,0.0131011444586869,0.014093332274458,0.0014248101387174,1.99046890369644e-05,0.00197990723196254,0.000847167938501823,7.19006114192389e-05,0.000654620538429963,0.0724715510200848,0.316712647175372,0.189280187542793,0.000220373342909249,0.000150706931279874,0.000300398317200718,0.00588447602835646,8.5305810158419e-05,0.00172906752828243,0.00202662231847787,6.90570844139582e-06,0.0330878895606609,0.000277243883014862,7.49472474963253e-05,0.000305679153067668,8.42902647993902e-05,0.0002045308353084,0.00037697043727149,0.000352800457726604,3.16850152016985e-05,0.000531130222772061,6.60104483368718e-05,0.000201687308303119,0.000337161059197561,1.44207440982089e-05,0.000683462026626381,0.0152486166748892,0.000535598622351788,5.50425584593608e-05,3.57471966378137e-05,0.00396428286350481,3.53409784942021e-05,0.000115975280001089,7.75876654298001e-05,2.86383791246121e-05,0.000617248469217703,5.80891945364472e-05,0.00124505861016931,0.000506147806939953,0.00144776146383145,0.00149427344127497,0.00669975584258478,0.000902819824176601,0.00150300713136262,0.000245761976884969,0.00120362435952093,8.04311924350808e-05,0.000148878949633622,0.000259573393767761,6.05265033981163e-05,0.0010157484681006,0,0.0260440669504371,3.47316512787849e-05,0.00129136747854102,0.00105494851895911,3.89969417867058e-05,0.000162284148372802,1.42176350264032e-05,0.000755768856189231,0.0542203729366911,2.74197246937775e-05,0.000309132007288366,4.10280325047634e-05,0.000116990825360117,8.57120283020305e-05,4.12311415765692e-05,0.000105819826410801,3.24974514889215e-06,0.000123693424729708,0.000221388888268278,0.000242715340807883,0.00497820334995916,9.01804278817572e-05,0.000667822628097337,0.000103382517549132,9.2008409528009e-05,0.00506472781454842,0.000132427114817355,0.000343254331351733,0.00346686874665251,0.000222810651770918,8.26653922249441e-05,0.000536207949567205,0.000199046890369644,6.70259936959006e-06,1.74673801752953e-05,0.0470743864633491,0.00133828567412815,3.18881242735042e-05,0.000790906725611627,0.00012308409751429,4.14342506483749e-05
0.000117123056910906,5.01014202170481e-05,3.14672077854443e-05,6.76808659072405e-06,0.00148533131497858,0.00984488512403573,0.0304955918221473,0.00209630494994121,0.000136416498555892,1.82386749035745e-05,0.00185247803821824,8.86443548927948e-05,2.83908047896606e-05,3.54225830657375e-05,0.000196670048659027,0.0012361426723201,0.000107937796537781,0.000602183912117538,1.371196763835e-05,0.000138569980652941,0.00018779242858548,0.00199324544958246,0.000778989187146648,2.72041922055726e-05,0.00148660582479111,4.00811361736385e-05,0.00021345841929316,0.0095445402944188,0.0200319541584311,1.84584179747019e-05,0.00216337053524929,1.21737661404582e-05,0.0162804564995298,0.000329922246990685,0.000272745099883334,0.0013023732339579,0.00021482082633415,0.00189787695671316,4.53110212664707e-05,0.000252440840111162,8.4732928226727e-05,0.0199450237994931,0.000187748479971254,0.019783820282514,0.000100027045977194,5.80561193918602e-05,0.000611632864176017,0.0012361426723201,6.94388104762597e-05,8.26233947439039e-06,0.000165290738102033,0.000959134556856894,0.000151754564920585,4.53989184949217e-05,0.00218314741165076,0.00152431373579658,0.00120072008925436,0.071383492707123,0.00307275526080294,0.0451764945583265,0.00228642665508064,8.51284657547564e-05,0.00136148412009117,0.00104922921601913,5.82758624629876e-05,0.000729503047528756,0.176055951156565,0.0261062679249917,0.380593900477308,0.000161599054507093,0.000306981070364984,0.000365300881442197,0.00186720082398378,4.94861396178914e-05,0.00241699798794454,0.00136776877192541,7.43171066552881e-05,0.0389654127042962,0.000296433402950868,0.000108992563279192,0.000126440163126708,6.82961465063972e-05,0.000174739690160512,0.000194604463790429,0.000182035160121942,8.96551730199809e-06,0.000606139287397832,0.000155753888815104,0.000245672753520438,9.7521974966342e-05,4.14435432146284e-05,0.000966693718503676,0.0172263625235048,0.000359192024064855,8.58755921965895e-05,5.53313053098804e-05,0.00187370521888915,2.36004058390832e-05,0.000164719406117102,1.74915484617414e-05,7.37018260561313e-05,0.000546061531751599,4.14874918288539e-05,0.000690828267010333,0.000842494934702467,0.00123829615441715,0.00247092293759921,0.00569305953815456,0.000624377962301406,0.00152923598058983,0.000465811362175871,0.00188038540825142,5.21230564714203e-05,0.000133779581702364,0.000382308995147458,5.31778232128318e-05,0.000555378637967401,9.22920898735097e-06,0.00504798177855295,5.30459773701554e-05,0.00128747465373546,0.00185959771372277,3.11595674858659e-05,4.39046656112553e-05,2.16227181989366e-05,0.000765760654264778,0.00460141990940784,1.41075051663793e-05,0.000242200812996625,3.99492903309621e-05,7.97667348192477e-05,0.000183353618548706,4.55307643375981e-05,5.59026372948116e-05,4.15314404430794e-05,0.000226071671575873,0.000478380665844359,0.000249452334343829,0.00185972955956545,5.46281274822727e-05,0.000951531446595885,0.000108157539608908,6.6450304708927e-05,0.00297628805257801,0.000175311022145443,0.000680676137124247,0.00927860722974041,0.000132812712189403,5.21230564714203e-05,0.000348820151107641,0.000163005410162308,8.92156868777261e-06,1.22177147546837e-05,0.0177782692209484,0.00161181542671951,3.46754566239044e-05,0.000340250171333673,3.199459115615e-05,7.80087902502285e-05
0.000905598922413383,3.42453374021868e-05,0,0,0.258491416786684,0.00134698327115268,0.00493703614214859,0.00247327436793571,6.84906748043735e-05,3.23428186576208e-05,0.0581733156525925,0.00126327244639178,0.000171226687010934,6.46856373152417e-05,0.00117956162163088,0.0105951268884877,0.00110536339059281,0.00229253508720195,0,0.000473727167396917,0.0049865016295073,0.00178456258240284,0.00181880791980503,0.000133176312119615,0.0121475821840535,3.04402999130549e-05,0,0.0138998019477987,0.0306058190438321,0,0.00273772447343037,6.84906748043735e-05,0.00796394346475299,0.000226399730603346,0.00049084983609801,0.0291465871667501,0.000325330705320774,0.0021669688500606,0.000230204768092478,0.0011167785030602,0,0.000565048067136081,0.000481337242375181,0.00699365890502436,0.000848523360076405,0.000194056911945725,0.00202618246296272,0.00109014324063628,0.000230204768092478,0,0.00468780618661045,0.00106350797821236,0.00624216400092082,0.00152011247690818,0.000456604498695823,0.0010273601220656,0.00200144971928336,0.00165709382651693,0.00089798884743512,0.0069023380052852,0.000576463179603477,0.0051824610601976,0.00179597769487024,0.00044899442371756,0,0.0321506642644197,0.0174670245938598,0.00391538357631669,0.00554393962166512,0.059240628668294,3.42453374021868e-05,0.000161714093288104,0.000471824648652351,6.65881560598076e-05,0.00807238703319325,0.0108995298876182,6.84906748043735e-05,0.00738748028514951,0.00287470582303912,0.00140215631474509,0.00380503748913186,0.000785740241505729,0.00589780810815439,0.0128971745694124,0.000578365698348043,0,0.0138750692041193,0.000526997692244763,0.00194437415694638,0.000226399730603346,0.000254937511771835,0.00173509709504413,0.000644953854407851,0.025741078613977,0.00026635262423923,0.000156006537054406,0.00172938953881043,6.84906748043735e-05,0.000350063449000131,0,3.42453374021868e-05,0.00205091520664207,0.00134317823366355,0.0108519669190041,0.00128229763383744,0.00120809940279937,0.0125509161579014,0.0242190636183243,0.000915111516136213,0.0011110709468265,0.00222784944988671,0.000650661410641548,0,0.0031049105911316,0.000563145548391516,0.000955064409772097,0.0419486357989342,0,0.00170655931387564,3.42453374021868e-05,0.0383395577404926,0.0080914122206389,0.000496557392331708,0.000854230916310103,3.42453374021868e-05,0.00706785713606243,0.00104067775327756,6.08805998261098e-05,0.0006030984420274,0,0.00144210920838098,0.00186256585093005,3.42453374021868e-05,0.000251132474282703,0.000294890405407719,0.000292987886663153,0.000852328397565537,0.0078459873025899,0.000995017303407982,0.000698224379255697,0.000376698711424054,0.000133176312119615,0.00188159103837571,0.00201096231300619,0.00124614977769068,0,0.0188786935023277,0.000133176312119615,0.00911686982395994,0.0511492164476551,0.000591683329560004,3.42453374021868e-05,3.23428186576208e-05,0.000761007497826372,0.00228302249347912,0.00147635454578316,0.00129181022756027,0.00897227839937293,9.70284559728625e-05
0.000192113954088427,1.31818977392313e-05,0,8.7879318261542e-06,0.000928103244528841,0.000165017830957784,0.000554127923482501,0.0208720704147684,0.000102525871305132,4.61366420873096e-05,0.00206491986992884,0.00037324299339416,4.9554171130814e-05,0,0.000141827455305433,0.00104454334122538,6.49330518265838e-05,0.00070181400000537,0,5.19952633047457e-05,9.44702671311577e-05,0.268560905371794,0.00146734050575036,1.22054608696586e-05,0.000960813879659526,0.000119369407305261,0.00085413815165871,0.00997357029503284,0.00238445883549651,8.54382260876103e-06,0.00368897849324562,2.58755770436763e-05,0.0789571263658216,1.31818977392313e-05,0.000157450445218596,0.000654212702613702,0.000265102610088985,0.0223804212690408,0.000211154473045094,0.000175758636523084,0.000292686951654414,0.000964231408703031,0.000195775592349324,0.0103199612745138,0.000190161080349281,6.71300347831224e-05,0.000467225042090532,0.0759372512374507,0.000112046130783466,4.3939659130771e-06,0.000126448574609663,0.00014085101843586,5.73656660873955e-05,1.19613516522654e-05,0.00222407907966919,0.00493125030055947,0.0389952269324723,0.00289733230123956,0.000270473012871635,0.0406634693241373,0.00217574545462534,1.29377885218381e-05,0.00111387035896505,0.00645131839726676,1.22054608696586e-05,0.000315144999654585,0.00704792132457567,0.000725248484875115,0.00208371627966812,2.48991401741036e-05,0.168900143951206,0.0011548807074871,0.000223604043132146,0.00592038084943661,0.00369459300524566,0.00105357538226893,1.65994267827357e-05,0.00105796934818201,5.37040278264979e-05,4.02780208698734e-05,0.00016697070469693,2.02610650436333e-05,4.540431443513e-05,0.000109360929392141,0.000464295731481814,6.02949766961136e-05,0.000639810258787505,0.000103990526609491,8.71469906093625e-05,8.29971339136786e-06,4.3939659130771e-06,0.000571459677917416,0.00127888818992283,0.000214327892871205,3.61281641741895e-05,2.95372153045739e-05,0.000228974445914796,5.32158093917116e-05,0.00107481288418214,7.32327652179517e-05,2.95372153045739e-05,0.000852917605571744,3.31988535654714e-05,0.000496762257395106,0.00201121584210235,0.00362868351654951,0.00188183795688397,0.000377881068524631,8.4950007652824e-05,0.0859218064472662,0.000226533353740864,0.00132331606748839,4.32073314785915e-05,0.000542166571830236,0.0690118727400063,9.52025947833372e-05,0.000394968713742153,2.07492834784196e-05,0.000432317424003308,7.05475638266268e-05,0.00125911534331398,0.00173854584627417,2.51432493914968e-05,2.48991401741036e-05,2.48991401741036e-05,0.00146611995966339,0.000113266676870432,0.000132307195827099,0.000379589833046383,0.000164285503305605,1.24495700870518e-05,8.05560417397469e-06,8.20206970441059e-05,3.44193996524373e-05,0.000148906622609835,0.000118881188870475,0.000375928194785485,8.12883693919264e-05,0.000299277900524029,5.8097993739575e-05,0.0123563203660076,8.86116459137216e-05,0.000136457052522783,0.000584153357221861,0.00080336343444093,0.00121688444870496,0.00120760829844402,7.34768744353449e-05,1.29377885218381e-05,0.000357131785046211,5.1018826435173e-05,5.12629356525662e-05,3.90574747829076e-06,0.000603926203830708,0.00362331311376686,0,4.05221300872666e-05,9.12968473050464e-05,0.000111802021566073
0.000328667509522671,8.68724694773579e-05,7.32624492592385e-05,0.000100192914797219,0.00110849271053109,0.000252509311280854,0.00167200546254088,0.00274198471160367,0.00022181437206552,0.000170559615073879,0.00705085919768062,0.000268146355786778,0.000112065485625792,0.000253957185772143,0.00031650536379584,0.00351978288832428,0.000157818319550533,0.00119073198163632,0.000232818218199319,0.000251930161484338,0.00116988258896175,0.00907209198752048,0.000671813763958234,5.50192306689933e-05,0.00434420262366441,0.000834554856779151,8.94786435616786e-05,0.00519063005127213,0.0064366708384757,0.000339092205859953,0.00296177205938139,5.67566800585405e-05,0.0140122397517996,0.000650964371283668,0.00148986285153669,0.00101669746778334,0.000529053339117109,0.0363561284762743,0.000534844837082266,0.000828184209017478,0.000170559615073879,0.00170675445033182,0.00141544210268442,0.00726340717300189,0.000207335627152627,0.000273937853751935,0.00516427873553067,0.00226679230356252,0.00110849271053109,8.94786435616786e-05,0.00212982337668656,0.000119884007878754,0.000165347266905238,0.000306949392153331,0.00160134918736596,0.00999554633806479,0.00371785211873266,0.00568406567790352,0.000547006982809097,0.0291173351696243,0.00132914878300358,9.84554654076722e-06,0.000913898378901805,0.00143918724434156,0.000695848480513636,0.000348648177502463,0.00698975889414821,0.000953570139963131,0.00406823774562467,9.84554654076722e-05,0.000909265180529679,0.126073960903914,0.000362837347517098,0.0015254805640224,0.00502383490987561,0.00913464016554418,0.000101640789288509,0.000996427224905295,0.000433493622692016,0.00021110010082998,0.000123648481556106,0.00010685313745715,7.78956476313642e-05,0.000471427934363795,0.00226447570437646,3.06949392153331e-05,0.00112992125300217,0.00192770009770257,0.00122461224473249,8.33975706982635e-05,0.000328957084420928,0.00418580515431736,0.00113194827728997,0.000257721659449495,5.99420039393769e-05,0.000677315687025133,6.16794533289241e-05,0.00435057327142608,0.0217809551222614,0.000316794938694098,0.000571331274262757,0.0017797273246928,0.000207625202050885,0.000663705666807014,0.000247007388213954,0.444176619838545,0.00167229503743914,0.00182287398453323,7.0077125378402e-05,0.00236003542080155,0.00454777377713968,0.00101206426941122,0.000130019129317779,0.0023047266152343,0.00134797115139034,0.000138995951163773,0.000351254351586784,0.000249034412501759,0.000945751617710169,0.000768821354874617,0.00215472681793673,0.0015069477705339,0.000819786536968,0.000186486234478062,0.000341987954842532,0.00656755869248825,0.000225289270844615,0.00162046113065098,0.00381601800924207,0.00656900656697954,4.92277327038361e-06,0.000338802630961696,0.00266466821376882,0.00010279908888154,0.0017186270211604,0.00154951528057781,0.00201370384248515,0.000389767813055079,0.000569883399771468,8.13705464104585e-05,0.101044844147894,0.000150578947094087,0.000218049898388168,0.000589284917954744,0.00738734522945625,0.000648358197199347,0.00230096214155695,0.000764477731400749,2.43242914536602e-05,0.000291601922545665,0.0010279908888154,0.000636775201269033,4.51736841282261e-05,0.00132017196115758,0.00178812499674228,0.000109169736643213,8.88994937651629e-05,0.000103667813576314,0.00083600273127044
0.000199621123593288,0,3.94756379240659e-05,3.76812907456993e-05,0.00154403574698449,0.0208211560709718,0.0128457314499267,0.000884164572140158,2.15321661403996e-05,7.17738871346653e-06,0.00219897246708831,0.000200966883977063,2.87095548538661e-05,6.19049776536488e-05,0.000476399175856341,0.00145431838806616,0.000229676438830929,0.000426606041656667,7.17738871346653e-06,0.000593031742450172,0.000217116008582363,0.0011026263411063,0.000309524888268244,5.20360681726323e-05,0.00467786309400181,8.07456230264985e-06,9.42032268642482e-05,0.00217878606133168,0.114752987924492,0,0.00071684169775747,2.96067284430494e-05,0.00684094861752279,0.00037053269233271,0.000234162306776846,0.0033397286857349,9.24088796858816e-05,0.00156242780556275,1.48033642215247e-05,0.000317150863776302,6.72880191887487e-05,0.00171180720816177,0.000148033642215247,0.00619453504651621,2.28779265241746e-05,3.00553152376411e-05,0.000280366746619786,0.00137895580657476,3.14010756214161e-05,7.17738871346653e-06,0.00110935514302517,0.0822820327979749,0.000907491085458924,0,0.00102008637090143,0.000763494724395002,0.00131256496097519,0.00467382581285049,0.0949568526791622,0.00790051062634828,0.000447689621002475,2.28779265241746e-05,0.00246498443628116,0.00017584602347993,0.000138613319528822,0.00119144652643544,0.0434568457260669,0.0222445219702111,0.0281936800400857,0.000316702276981711,0.000219358942555321,6.01106304752822e-05,0.286873049488544,9.64461608372065e-05,0.000847380454983642,0.00179300141798286,7.62597550805819e-06,0.0432419726514575,0.000567910881953039,8.07456230264985e-06,0.000970293236701757,0.000179434717836663,5.20360681726323e-05,0.000746448426200519,0.000247619910614595,0,0.00103982418986346,1.43547774269331e-05,0.000393859205651476,0.000775157981054385,4.53072662537575e-05,0.000436923537932275,0.00285256342680835,0.00280635898696541,0.000121567021334339,0.000102277789166898,0.0359999874395698,0,0.000223844810501237,0,9.82405080155731e-05,0.000548173062991006,3.90270511294743e-05,0.00319528373787638,0.000157453964901672,0.00102681517282031,0.00133140560634804,0.0265316659661236,0.004248116944783,0.00326616045142186,0.000299207391992636,0.000372775626305668,8.25399702048651e-05,0.000216218834993179,0.000153865270544939,7.17738871346653e-06,0.00173782524224808,0,0.00832891101518332,3.09524888268244e-05,0.00415570806509712,0.00115376523568974,7.62597550805819e-06,0.000318048037365486,3.6784117156516e-05,0.000839754479475584,0.0536070191272923,2.15321661403996e-05,6.86337795725237e-05,7.62597550805819e-06,0.00027588087867387,0.000103174962756081,7.62597550805819e-06,0.000129192996842398,2.37751001133579e-05,0.000269152076754995,0.000239545348311945,0.00028395544097652,0.00151801771289817,2.33265133187662e-05,0.00050331438353184,1.43547774269331e-05,3.90270511294743e-05,0.00125110857011613,0.000632507380374238,0.000133678864788314,0.008195232150395,0.000504211557121024,0.000232816546393071,0.000190649387701455,0.00010541789672904,2.33265133187662e-05,1.43547774269331e-05,0.0059688958888366,0.000440512232289008,7.17738871346653e-06,0.00368962638551639,2.96067284430494e-05,9.73433344263898e-05
0.000161747413734086,2.407403367205e-05,0.000164756667943092,7.8992922986414e-05,0.000360358191528498,0.00026481437039255,0.000961456719777496,0.00491636906396396,0.000115103973494489,3.76156776125781e-05,0.00223211430953038,0.000112094719285483,0,5.26619486576093e-05,0.000142187261375545,0.000318228632602411,0.000150462710450312,0.0016603560098192,9.25345669269421e-05,0.000148958083345809,8.5763744956678e-05,0.232154182148653,0.000772626018162354,3.98726182693328e-05,0.00066504518019038,0.000228703319884475,0.000947915075836968,0.0047914850142902,0.0010607621086747,0,0.00623818397526995,0,0.0210113652008339,0.000228703319884475,0.000386689165857303,0.000670311375056141,0.000124884049673759,0.183683372290637,0.000594327706278734,0.000700403917146204,0.000176041371226865,0.00143014806283022,0.000695137722280443,0.00834541423512657,0.000123379422569256,5.11573215531062e-05,0.00123755579345382,0.0281357745406562,2.407403367205e-05,2.407403367205e-05,0.000114351659942237,3.83679911648296e-05,0.000130902558091772,0.000154976591763822,0.00293327054022884,0.0264265181499406,0.00671364614029294,0.00249316711216167,0.000255034294213279,0.037202657472392,0.00132858573327626,2.70832878810562e-05,0.000869674466402805,0.00278431245688303,7.22221010161499e-05,0.000318980946154662,0.00684906257969822,0.000668806747951638,0.00185370059274785,3.98726182693328e-05,0.0162514773557382,0.00863881652050468,1.27893303882765e-05,0.0924397754193584,0.00747649208227602,0.00239310940971222,0.00111718562509357,0.000743285789624543,0.000114351659942237,2.407403367205e-05,0.000153471964659319,0.000127140990330514,1.2037016836025e-05,2.63309743288047e-05,0.00155127054474272,0,0.00157383995131027,0.000217418616600701,0.00036637669994651,7.74882958819108e-05,1.27893303882765e-05,0.000498783885142785,0.000640218832966079,6.46989654936343e-05,5.11573215531062e-05,0.000304686988661882,2.48263472243015e-05,6.31943383891312e-05,0.0105519498838804,7.59836687774077e-05,7.74882958819109e-05,0.00117285682796018,0.000589813824965224,0.000456654326216698,0.000588309197860721,0.0162484681015292,0.00399704190311255,0.00026030048907904,0,0.0181864278121292,0.00110213935404854,0.000836572670103736,5.26619486576093e-05,0.00256538921317783,0.00895629283955484,5.26619486576093e-05,0.000127893303882765,0.000185821447406136,0.000653008163354355,0.000267823624601556,0.000684605332548921,0.00182887424552355,5.11573215531062e-05,8.87729991656843e-05,0.000127893303882765,0.00968829392589561,0.000296411539587115,0.000330265649438435,0.000604860096010255,0.0002888884040646,2.407403367205e-05,6.54512790458859e-05,0.000269328251706059,1.27893303882765e-05,0.000619906367055287,0.000118865541255747,0.00066504518019038,0.000713945561086732,0.00060711703666701,0.000243749590929506,0.173004281416426,0.000236978768959242,8.87729991656843e-05,0.0013233195384105,0.00134588894497804,0.000310705497079895,0.00105474360025669,0.000335531844304196,2.48263472243015e-05,8.42591178521749e-05,0.000269328251706059,0.000139178007166539,0.000434837233201403,0.000738771908311033,0.00306943929318637,7.82406094341624e-05,4.96526944486031e-05,0,0.000200867718451167
0.000320995974509247,6.81359379854533e-05,9.65625443707822e-05,2.79381767223507e-05,0.00258892142861574,0.000506061973811671,0.00290029533876431,0.00304008390830866,0.000247487310231034,0.00010891981484413,0.0136315834640575,0.000339898202466501,6.47169303446062e-05,0.000113022624013146,0.000375016295234631,0.00247589880460259,0.000119958325227436,0.0157713449745985,3.79021418471052e-05,0.000201477235978491,0.000484424539741739,0.00450537289724314,0.000786322914428539,4.84033796011356e-05,0.00450136777400672,3.32620600488127e-05,9.26062641006591e-05,0.00548911908144745,0.00528725110173858,2.06117317776783e-05,0.0732361205262712,2.69124744300966e-05,0.0339527972781964,0.000526234118892669,0.000443738348815658,0.00163174581807744,0.00048193354846055,0.0160215186479759,0.000373648692178292,0.000856705628863692,7.89790765035684e-05,0.00131763670181618,0.000325440684442348,0.0858858138388437,0.000375211667099822,0.000310348207856323,0.00207631449732016,0.0076774305004885,0.000147359229320511,1.06477666529239e-05,0.0003242684532512,0.000263458960210419,0.00050430362702495,0.000136809148600183,0.00136965446092336,0.028994894298204,0.00138616338353202,0.00556712129862507,0.000464447766525932,0.128153295798816,0.00109486393253184,3.86836293078703e-05,0.00180640826555843,0.00155296211343906,0.000119958325227436,0.000854361166481397,0.0385554165213385,0.0011293959097044,0.00536999108664708,0.000215690539171155,0.000603796749373601,0.000913900742398435,0.00032182630493631,0.000268929372435775,0.28925986641351,0.00609008293877578,6.6084533400945e-05,0.0021693115051512,0.0031979932183495,0.000283191518594737,0.00014223071785924,7.80999031102078e-05,0.000113755268507613,0.000851088687739444,0.00735340626206879,5.30434613994282e-05,0.0022431620701935,0.000411208933261313,0.000650148724390229,5.90999892203573e-05,0.000117320805047354,0.00279811585326928,0.00113217995878337,0.000646827402681977,0.000109603616372299,0.000209194424653546,0.000234934667892495,4.37632978028431e-05,0.00129726918486999,6.94058551091965e-05,0.000184528726673149,0.00503434222224849,0.000157762781141946,0.00156981293681181,0.000266438381154586,0.00346780176417864,0.0315702862251552,0.00196465947636335,9.31435367299351e-05,0.00355913811115555,0.00238231568117597,0.00102790022573754,8.17142826162461e-05,0.00486285456757686,0.000603064104879134,0.000132217909768188,0.00155442740242799,1.44086750578557e-05,0.000732302593703155,0.000112289979518679,0.00260679795428074,0.0352832308371826,0.000125526423385387,0.000108870971877832,8.02489936273117e-05,0.0462405153675357,0.000314109116261255,5.47529652198517e-05,0.00069908937662064,0.000135685760375333,9.87116348878861e-05,0.000191806328651523,0.000317479280935804,0.000172659885862779,0.000118541879204799,0.000465326939919293,0.00108167633163143,0.000583673447258901,0.000451895124187394,0.00015229236891659,0.00286170939538904,0.000332522914555531,0.000262237886052974,0.00067515632313471,0.00406436975454016,0.000298186309248167,0.00861331057772096,0.0003242684532512,7.47785814019563e-05,0.000347468862242663,0.000322998536127457,3.77067699819139e-05,6.13956086363547e-05,0.00149127344700492,0.00125663183691021,5.02594123204526e-05,0.000159618813861263,0.000161767904378367,0.000217546571890472
0.00134770418400676,0.000244548247863564,0.000267672106375127,0.000195006725412919,0.00777479243984268,0.000523715062975543,0.000945120496141206,0.00238787449391352,0.00140457274302066,0.000520891801180527,0.130805752194246,0.00737395648546928,0.000190771832720394,0.00020206487990046,0.000805705139882539,0.00682261378921393,0.000203947054430471,0.00450740467626262,0.00011266158972494,0.000373611644207171,0.00133654557786455,0.00183095249458707,0.000813838822672943,0.00015803544000199,0.00745636884167618,6.52711238800221e-05,0.000164824712413815,0.00256795826412421,0.00550374720782769,5.62635743435412e-05,0.00531559697534553,0.000160657040240219,0.0106268918374796,0.00254120449759048,0.00235453311652475,0.00130522081604366,0.00116036059775174,0.00255202700113804,0.00555127211471047,0.00701661220684291,8.41600896990605e-05,0.000681145518307172,0.00114826090434453,0.00914064616396026,0.00706023832362781,0.00314571862431864,0.00613871222963067,0.00147878419591824,0.000272310322181225,5.71374410896177e-05,0.00113945501636484,0.000276007450722318,0.00137143302718868,0.000257387366978996,0.00157282570189985,0.00233080427334283,0.00161914063944191,0.00282769834926572,0.000526672765808417,0.0181916873761882,0.00121534698223563,1.49901757211585e-05,0.00260896278067087,0.0013526785024075,0.000347664523900592,0.000810276135169708,0.00754893149624136,0.001144026011652,0.0030662639709446,0.000375829921331827,0.000300542940131389,0.00160603263825076,0.00026229446486081,0.000128525632192175,0.0167219107298065,0.49403572501699,0.000468190914340221,0.00111774278875078,0.000783455148117052,0.00144927438810842,0.000587171232844483,0.000119114759542121,0.000576617611372636,0.00704249210663056,0.00165127204748995,0.000168051297322405,0.0147666674957197,0.00184372439318357,0.00102128134408772,8.65800283805031e-05,0.000160724260759148,0.00685299746376982,0.000994594798072922,0.000257857910611498,0.000111048297270645,0.00501653288663058,0.000376636567558974,0.000487752085348549,0.000566467313014363,0.000235473477808154,0.000838912076233446,0.00851475591221269,0.000439218870681838,0.00157625394836523,0.000375493818737182,0.00970597072815283,0.00236058296322836,0.00188714884841168,9.00082748458802e-05,0.00112728810243869,0.0394236916030144,0.000836962681184506,0.000337984769174821,0.000682489928685751,0.00041643111476492,0.00879150278864323,0.00337830161981284,8.23451356879785e-05,0.00083413941938949,0.000290997626443477,0.00320977977885794,0.00141640355435216,0.000772363762493774,0.000252345828059323,0.000540049649075281,0.004425664525245,0.00033159881987657,0.000173294497798864,0.00612876359282918,0.000638326047749423,1.02847393961312e-05,0.000389475686674406,0.00299689239540991,0.00142238618053684,0.00043780723978433,0.0014357630638037,0.00433868117375093,0.00148396017587577,0.000375023275104679,0.00050186839432363,0.00194966393101561,0.00092865146900361,0.00376166023926471,0.000773035967683063,0.00269245066518064,0.000368570105287499,0.00146117241995885,0.00115666346921065,8.28156793204812e-05,0.00127335829007133,0.00119047539023192,0.000236616226629946,0.000310357135895018,0.00126542626883771,0.00129614604598825,0.00178793136247253,0.000129130616862536,0.00159689064767642,0.00131725328893194
0.0036303921352525,0.0124859479357242,0.00319395155068662,0.000483831860162673,0.00260541803513567,0.000110212268829766,0.00121564132519232,0.000452972424890339,0.15927766879009,0.0332466330151873,0.0194227081358697,0.00115392245464765,0.00108889721603809,0.00686402010271784,0.00122115193863381,0.00693455595476888,0.000551061344148831,0.00161571186104437,0.000398968413163753,0.00044305332069566,0.000699847907069015,0.000330636806489298,3.74721714021205e-05,0.00107236537571362,0.00481296977979589,0,0.000138867458725505,0.000815570789340269,0.00369211100579717,0.000112416514206361,0.00228139396477616,0.00122004981594551,0.00160799700222629,0.113356624859479,0.0238334031344369,0.00147023166618908,0.0115987391716446,0.00059845261974563,0.000525712522317984,0.0157162695351247,0,0.000605065355875416,0.00135781515198272,0.00275971521149734,0.0030639010734675,0.00254039279652611,0.0202151343487557,0.000324024070359512,0.000329534683801001,0.00049485308704565,0.00115061608658276,0,0.00063151630039456,0.000806753807833888,0.00100734013710406,0.00119800736217956,0.000745034937289219,0.00151872506447418,0.000168624771309542,0.00377477020741949,0.000387947186280777,0,0.00692022835982102,0.000293164635087178,0.00123768377895827,0.000396764167787158,0.0031090881036877,0.000792426212886019,0.00218771353627086,0.000115722882271254,1.87360857010602e-05,0.000930191548923226,5.51061344148831e-05,0.000176339630127626,0.0050907046972469,0.0236482465228029,0.120702272576983,0.00066898847179668,0.000211607556153151,0.00566491061784998,0.000661273612978597,0.000382436572839288,0.000327330438424405,0.000572001675226486,0.000517997663499901,0.00276412370225053,0.00427844027597152,0.00481848039323737,0.000920272444728547,0.000132254722595719,0.000220424537659532,0.0625024797760487,0.000573103797914784,0.000536733749200961,0.000432032093812683,0.00081997928009346,0.000148786562920184,0.000185156611634007,0.000430929971124386,0.000295368880463773,0.00192651045914431,0.00212489254303789,0.000775894372561554,0.000833204752353032,1.76339630127626e-05,0.00431591244737364,0.000556571957590319,0.000969867965701942,1.87360857010602e-05,0.000257896709061653,0.00735446469901029,0.00040998964004673,0.00239491260167082,9.80889192584919e-05,5.29018890382877e-05,0.00330195957413979,0.0012233561840104,0.000596248374369035,0.00118588401260828,0.000493750964357352,0.00182511517182093,0.000349372892190359,0.000149888685608482,0.000134458967972315,0.000516895540811603,0.000523508276941389,7.4944342804241e-05,0.000242466991425485,0.00403487116185774,0.000487138228227566,0,0.00159366940727842,0.000223730905724425,0.00383097846452267,0.00134789604778804,0.0074944342804241,0.145185928097516,0.00314215178433663,0.00024026274604889,0.000397866290475456,0.00206207154980492,0.0129212863976018,0.000149888685608482,0.000425419357682897,0.000260100954438248,1.76339630127626e-05,0.00171931139374435,0.0137203253466176,9.58846738818965e-05,0.000415500253488218,0.0032501598077898,0.000152092930985077,0.000484933982850971,0.000386845063592479,0.000747239182665814,0.011430114400335,3.85742940904181e-05,0.00100844225979236,0.0128727929993167
0.000132503119888969,1.65236724092006e-05,4.71656725098067e-05,1.26542048197042e-05,0.0020106590236664,0.0219826545363389,0.0856293307316567,0.00308386108862346,5.38588056375842e-05,4.86297953815081e-05,0.00238380119553999,0.000168583290655895,4.09954404076369e-05,0.000111587078864665,0.00040043760541031,0.00173958713199141,0.000169001611476381,0.000849400425997008,3.55572697413177e-06,0.000157916109733499,0.00023488714070294,0.00141632971796078,0.000692530118314723,2.67725325111098e-05,0.00301860304062763,2.68771127162313e-05,0.000466636875252234,0.00490543910143014,0.120130444981452,1.88244369218741e-06,0.00236675462210518,2.89687168186618e-05,0.0133105501870469,0.000237083325010492,0.000247018444497037,0.00145397859180453,0.000238129127061707,0.00227901183000822,7.93763756872357e-05,0.000342500171772987,0.000110750437223693,0.00580744337060328,0.000268352806341827,0.0175493950610325,5.37542254324627e-05,0.000149968014144264,0.000546954472785564,0.00155772215528508,7.11145394826354e-05,1.77786348706589e-06,0.000400960506435918,0.00432460064218521,0.000282157393417868,0.000128738232504594,0.00151547175241599,0.00189321545331493,0.00126834872771383,0.0228215969418238,0.00980638125404006,0.0310414964841704,0.00150731449641651,7.28924029697013e-05,0.00116167691848987,0.00181791770562743,0.000268248226136706,0.00213521404796613,0.158052482320978,0.0166203045187329,0.126756333037336,0.000290732970237833,0.000309452826954586,0.000338944444798855,0.00595751596495266,5.19763619453968e-05,0.00340994216819237,0.00151860915856963,5.55320889195286e-05,0.1780847160318,0.000580838459244937,7.20557613287291e-05,0.000298576485621947,0.000109077153941748,0.000191486355577508,0.000271594792700595,0.000243358137317783,1.61053515887145e-05,0.000741369074106475,0.000200061932397473,0.000289687168186618,0.000321165809928196,3.23152833825505e-05,0.00154255802554246,0.00493346659640271,0.000691379736058387,6.79771333289898e-05,5.33359046119766e-05,0.0156407017373596,5.2813003586369e-05,0.000253711577624814,2.5203829434287e-05,0.000138882512401382,0.000738127087747707,5.09305598941816e-05,0.00256106464322097,0.000876800439738846,0.00126134185397069,0.00369889727494314,0.0274341068887086,0.00310613667231435,0.00209359112632776,0.000896356938096571,0.000784142378001177,9.56908876861933e-05,0.000122777160812668,0.000531372022222457,4.18320820486091e-05,0.00161377714523022,3.34656656388873e-06,0.00456869084093884,5.33359046119766e-05,0.00188108414952083,0.00427126473757323,3.05374198954846e-05,5.12443005095461e-05,5.18717817402753e-05,0.000773684357489025,0.00654598877917147,3.53481093310747e-05,0.000387574240180363,4.42374267664041e-05,0.000180505434039748,0.000174126041527335,6.19114814319414e-05,6.32710240985212e-05,2.12297816396691e-05,0.000296484881519517,0.000713550739544149,0.000116920669325862,0.00153126336338934,4.72702527149283e-05,0.00206692317402177,0.000102697761429335,6.57809490214378e-05,0.00215560718796483,0.000213134458037663,0.000180819174655113,0.020762412702981,0.000197865748089921,9.94557750705681e-05,0.000526979653607353,0.000222651256703722,2.49946690240439e-05,1.6209931793836e-05,0.00747361519859938,0.00147311676934177,8.68015702508638e-06,0.00112434178526149,7.33107237901874e-05,7.55069080977394e-05
0.000129771651382755,9.8978378173288e-06,4.50901500567201e-05,0.000120423693444167,0.0258614005770439,0.00194217573171141,0.0127500647483557,0.00304853404773727,7.58834232661875e-05,3.73918317543533e-05,0.0443956517698709,0.000120973573322908,1.86959158771766e-05,2.63942341795435e-05,0.000373368437664792,0.0023848290340975,0.000243596786282037,0.0342701636827435,9.34795793858831e-06,0.000217202552102493,0.000561427356194039,0.00169637942591441,0.000377767476694716,0.000109975975748098,0.00422252758884822,1.86959158771766e-05,2.85937536945054e-05,0.00347194155436745,0.0226781459590153,1.92457957559171e-05,0.0100705000992533,0,0.0121155033682892,0.000929296995071427,0.000278789098521428,0.00224680918453364,0.000307382852215933,0.00460304446493663,0.000651057776428739,0.000881457445621004,8.41316214472948e-05,0.000695598046606719,0.000480045134140447,0.0412926796141383,9.34795793858831e-05,0.000188608798407988,0.000778080028417792,0.00316235918263655,8.02824622961114e-05,9.34795793858831e-06,0.000375567957179754,0.000460249458505789,0.00016881312277333,7.7533062902409e-05,0.000880357685863523,0.0071231439492043,0.000342025284576584,0.00507704092041094,0.000817671379687107,0.0335668673178344,0.000695048166727978,5.49879878740489e-05,0.00244531582075896,0.00101287873663998,6.65354653275992e-05,0.00823885022316875,0.0527147844553357,0.0024689606555448,0.00750641022468642,0.00127297191928423,0.000431655704811284,0.000760483872298097,0.000316730810154522,0.000106126816596914,0.0812090098917891,0.00907301799921807,7.25841439937446e-05,0.00585237154943503,0.0633615586675091,0.000111075735505579,0.000148467567259932,3.84915915118342e-05,0.000444852821901056,0.00901033169304166,0.00679706518111119,3.73918317543533e-05,0.00342685140431073,0.000230399669192265,8.74309007197378e-05,0.00018036060022688,0,0.000871559607803675,0.000837467055321765,0.00152866606289856,0.00023589846797967,0.000150667086774894,0.00153031570253478,3.62920719968723e-05,0.000647758497156296,3.68419518756128e-05,0.000120973573322908,0.0130491994023905,1.75961561196957e-05,0.0170748699946497,0.000356322161423837,0.0022286631485352,0.201643700933531,0.0128204493728345,0.000515787326258579,0.00123558008752988,0.00299739521901441,0.000679101650244504,0,0.00239747627130853,0.000156715765441039,0.000271090780219061,0.0213210424182837,1.92457957559171e-05,0.0019163313774106,9.84284982945476e-05,0.00376062849070621,0.0614397284913111,0.00012372297271661,5.38882281165679e-05,0.000320579969305705,0.0228420101628799,0.00129221771504015,0.000142968768472527,0.000207854594163905,0.000177611200833178,0.000197406876467836,8.74309007197378e-05,0.000612016305038164,0.000166063723379628,8.24819818110734e-05,0.000294185735126162,0.000943043992039939,8.90805403559592e-05,0.000952941829857268,0.000294185735126162,0.00102882525312346,0.000219402071617455,0.000524585404318427,0.00102222669457857,0.00194712465062007,0.00031453129063956,0.0642639115485222,0.000560327596436558,0.000240297507009594,0.00156715765441039,6.54357055701182e-05,4.50901500567201e-05,4.67397896929416e-05,0.00213133440999814,0.000286487416823795,9.51292190221046e-05,0.000417908707842772,0.000770931589994166,0.000300784293671048
0.092085806716526,0.00556704065090822,0.0256836268955352,6.82380808840807e-05,0.0046929998409756,0.000533443780128596,0.000408241736071718,0.000264051704290573,0.00620076474120559,0.00283751741554499,0.012684569174426,0.00171307251749862,0.0037898836748402,0.000352464522131686,0.00521635625262568,0.0177668227637491,0.00051089554470603,0.000847338952195367,6.05242108710977e-05,0.00134340013149181,0.00264763753830233,0.00215513660670418,0.000223702230376508,0.00188989815318084,0.0263968631844279,1.95813623406492e-05,0.000170891889518393,0.000283633066631222,0.00236756471936941,1.06807430948996e-05,0.00107104118257188,0.00144249369242783,0.00102179108941206,0.113596823309654,0.00344097940040682,0.00565901371644763,0.00152556613872149,0.000814109973677902,0.000256931208893973,0.00207206416041052,1.06807430948996e-05,0.000273545698152706,0.000201153994953942,0.00216700409903185,0.00931835497568351,0.000239129970402474,0.00222337468758826,0.00025989808197589,0.000333476534407421,0.00034415727750232,0.00370799797777931,0.000275325822001856,0.00652118703405258,0.00625238833283094,0.000546498021689029,0.000479446690037715,0.000313895172066771,0.000139443034850078,0.000292533685876972,0.00231416100389491,0.000202340744186709,0.000225482354225658,0.0234792401956712,0.000140629784082845,0.000756552635888721,0.000414768856851934,0.00292533685876972,0.000645591582625042,0.000711456165043589,0.000324575915161671,7.06115793496139e-05,0.00050911542085688,8.78194432247299e-05,8.30724462936635e-05,0.0020904587735184,0.0119695527616841,0.00371571184779229,0.00118259561045194,0.00017207863875116,0.253974423180535,0.0012265053320643,0.000417735729933851,0.00139799059619908,0.000645591582625042,0.00017741901029861,0.00260372781668997,0.0269231864691599,0.000917950531544981,0.00708251942115119,6.17109601038643e-05,0.00271231537148811,0.016930757929265,0.000258711332743123,0.000676447062676974,0.00060583548332736,0.00051089554470603,0.00105383331869676,0.000214208236514375,0.000221328731910975,0.000103247183250696,0.000298467432040805,0.00113987263807234,0.0211751665602548,0.000449184584602166,0.000213021487281608,0.0030149364258436,0.000461645451546216,0.000989748860127362,0.000369672386006802,0.000113334551729212,0.00160626508654962,0.000169111765669244,0.00714185688278952,3.91627246812985e-05,7.89188239789803e-05,0.00268502013913448,0.0016745031674337,3.97560992976818e-05,0.000489534058516231,0.000122828545591345,0.00450727358604763,0.000188693128009893,8.78194432247299e-05,0.000951179510062447,0.000204120868035859,0.00150835827484638,0.000478853315421332,2.90753562027822e-05,0.00147572267094529,8.01055732117469e-05,6.23043347202476e-05,0.0110717769670962,0.000122235170974962,0.0219774090416051,0.000264051704290573,0.00197000372639259,0.00778744846541457,0.0687685577911274,0.000418922479166617,0.0029152494902912,0.00106570081102443,0.000932191522338181,0.000541157650141579,0.000277105945851006,0.000316268670532305,8.66326939919633e-05,0.00059693486408161,0.0353479192725702,0.000198780496488409,0.00123599932592644,0.0255109548821677,7.00182047332306e-05,0.00716618524206124,0.000838438332949618,0.000640844585693975,0.00133034588993138,0.000475293067723032,0.000538784151676046,0.00135882787151778
0.00275510062471834,0.000122708617431782,0.00033014461356646,1.2416943430597e-05,0.0112943056627836,0.000568257764059084,0.00769120084259917,0.000875029307638538,0.000228617840810403,2.3373069987006e-05,0.00938355719134583,0.000955374235718872,0.000262216628916724,3.94420556030727e-05,0.00156526528069231,0.0260763116126907,0.0247630372427958,0.000368856260732439,0,0.000186984559896048,0.00499672411815963,0.000807101322988802,0.000214740080505618,4.96677737223878e-05,0.0102454391471167,1.2416943430597e-05,0.000149003321167163,0.002542551769524,0.00947558865441966,0,0.00105397937472655,2.55642952982878e-05,0.0044584131000214,0.00114820206311167,0.000332335838877742,0.163948208198543,0.000220583348002369,0.00030969317732783,7.37712521464878e-05,0.000510555497528663,0.000227157023936215,0.00020962722144596,0,0.00399314292559256,0.000438975470693457,0.000127091068054345,0.000577753073741305,0.000683662297119927,0,2.55642952982878e-05,0.00293332028336926,0.00161639387128889,0.060057103331612,0.000687314339305396,0.000593091650920278,0.000217661714253994,0.000114674124623748,0.000436784245382175,0.00147615545136685,0.00413411175395169,0.000845812970154781,0.0143474129298362,0.00218173000159959,0.000632533706523351,0,0.00349938682211706,0.0077116522788378,0.00112702021843595,0.00192316541486834,0.00232854209745548,0.000163611489909042,0.000123439025868876,0.00183770762772835,1.1686534993503e-05,0.00551166206631086,0.00314075627950394,0.000680740663371551,0.00160762897004376,0.000387116471659787,0.000870646857015975,0.0877381222805981,0.00423125607608519,0.0108867377548852,0.000753781507080945,0.000354978500427654,0.000228617840810403,0.0290717166132129,7.59624774577696e-05,0.00076400722520026,0.00298737050771421,8.54577871399908e-05,0.00136440296049148,0.000382734021037224,0.0575642193358104,8.54577871399908e-05,0.00014827291273007,0.00111606409187954,3.5790013417603e-05,0.000269520713287663,1.31473518676909e-05,6.28151255900787e-05,0.000631072889649163,0.000776424168630857,0.00244905948957598,0.000301658684519797,0.0052655144230102,0.00240377416647615,0.00408152234648093,0.000747938239584193,0.000280476839844072,0.000907167278870672,0.000442627512878927,0.000528085300018918,0.000417793626017733,2.62947037353818e-05,0.000488643244415845,0.00243518172927119,0,0.00113578511968107,4.89373652852939e-05,0.278133689577875,0.00310642708296052,0,0.00233584618182642,7.45016605835817e-05,0.000254912544545785,0.000414141583832263,1.2416943430597e-05,0.000289972149526294,1.1686534993503e-05,0.000420715259766109,0.00105105774097818,8.61881955770847e-05,0.000573370623118742,8.76490124512726e-05,0.00016507230678323,0.000314075627950394,0.00799358993555606,0.00108611734595869,0.00138120235454464,0.000411950358520981,5.9893491841703e-05,0.000770580901134105,0.000723104352722999,0.000558032045939769,0.00037469952822919,0.00350596049805091,0.000291432966400482,0.00606896370381354,0.0445512626205448,0.00078080661925342,2.62947037353818e-05,0.000424367301951578,0.000850195420777344,0.000510555497528663,7.37712521464878e-05,0.00356366276458133,0.00146592973324753,4.89373652852939e-05
0.00136398726313746,0.000271534501457919,0.000263641056648096,8.20918260221616e-05,0.00364677150213833,0.000429403397654384,0.00138924628652889,0.000681993631568728,0.000323631237202753,0,0.0030989664323366,0.000509916534714581,0.000299950902773283,0.000134188561766995,0.00616162301854802,0.282032783054984,0.0518946635577019,0.000191021364397722,2.84164013153636e-05,0.00185495953030846,0.0355599688682537,0.000243118100142556,0,0.00098194453434201,0.0494887415796677,0,0,0.000274691879381849,0.00318895170316859,0,0.000896695330395919,0.000216280387789157,0.00181549230625934,0.00105140684866845,0.000236803344294697,0.049878677753273,2.52590233914343e-05,0.000269955812495955,8.0513137060197e-05,0.000609373939318354,0,0.000202072187131475,5.3675424706798e-05,0.00262378105478524,0.00053675424706798,0,0.000997731423961657,0.00024785416702845,5.05180467828687e-05,0,0.0245059887565772,0.000811446126449828,0.0920265156598051,0.00688624125208979,0.000108929538375561,0.000306265658621141,0.000154711518272535,0.000811446126449828,0.000486236200285111,0.00477395542098109,8.20918260221616e-05,0.000315737792392929,0.00550488841037072,0.000127873805919136,0.000198914809207545,0.000721460855617844,0.00371149774957888,0.000756192012781066,0.000770400213438748,0.000257326300800237,2.84164013153636e-05,0,0.000265219745610061,5.68328026307273e-05,0.000686729698454621,0.00252590233914344,0.000108929538375561,0.000271534501457919,5.05180467828687e-05,0.00105298553763042,0.00959527151082112,0.0835536920009409,0.00169551194515003,5.52541136687626e-05,0.000610952628280318,8.0513137060197e-05,0.00817287275609098,0.000195757431283616,0.00349363867282776,0.000776714969286606,0.00075777070174303,0.000525703424334227,7.89344480982323e-05,0.00478027017682895,0.00189442675435758,0.000110508227337525,0.000355205016442046,0,0.000214701698827192,5.20967357448333e-05,0.000134188561766995,0.000494129645094934,0.00138766759756692,0.000625160828938,5.68328026307273e-05,0.00119980361109313,0.000508337845752616,0.000459398487931712,0.000347311571632222,0.000221016454675051,0.000647262474405505,0.000113665605261455,0.000369413217099727,0.000187863986473793,0.000483078822361182,0.000544647691877803,0.00123769214618028,0,0.000663049364025152,0,0.128612632353336,0.000994574046037727,0,0.0497413318135821,0.000110508227337525,0.000295214835887389,0.000498865711980828,0,0.00107350849413596,2.6837712353399e-05,2.52590233914343e-05,0.00601164756716138,0.000164183652044323,0.00044834766519796,0.000137345939690924,0.000252590233914343,0.000314159103430965,0.0160868405224198,0.00105772160451631,0.00156132338338304,0.000323631237202753,7.89344480982323e-05,0.000323631237202753,0.000628318206861929,8.20918260221616e-05,0,0.000497287023018864,0.00110508227337525,0.000653577230253364,0.00377148793013354,0.00272165977042705,0,0.000702516588074268,0.000688308387416586,7.5777070174303e-05,0.000358362394365975,0.000866700240118591,0.000290478769001495,0.000184706608549864
0.00255632524934105,0.000322300074614675,0.00184218775524621,5.73959036985037e-05,0.0263392009607191,0.00107286189221049,0.00105078654463415,0.000296913424901875,0.000951447480540581,3.86318582586083e-05,0.0485889437829199,0.00470425656851967,0.000199781895565946,1.87640454398954e-05,0.00231570396075886,0.0416241716225822,0.00353205561221561,0.00151436884373744,3.64243235009735e-05,0.000682128240109141,0.00842947147202833,0.00122518179048729,5.29808341832342e-05,0.000405082628025978,0.0203667156739383,1.87640454398954e-05,0,0.00166448120725661,0.00621531411012066,0,0.000757184421868722,0.000133555852836903,0.00242939200077705,0.00273955063422474,0.000932683435100686,0.00998467970878202,0.000146801061382711,0.000471308670755021,0.000245036358097458,0.000822306697218948,0,0.000149008596140346,0.000203093197702398,0.0018543291964132,0.00488085934913045,0.000150112363519164,0.00212916727373873,0.000419431603950604,5.62921363196864e-05,9.6027761957112e-05,0.00254308004079524,0.00052649703969589,0.0948986079285818,0.00126050234660945,0.000490072716194916,0.00061921349951655,0.000112584272639373,0.000618109732137732,0.000220753475763476,0.00358724398115648,0.000492280250952551,0.00180907473388168,0.00446915411683157,0.000182121617504868,1.87640454398954e-05,0.00292939862338133,0.0024702313937933,0.00191724393700579,0.00155851953889014,0.00233888307571403,0.000143489759246259,0.000190951756535407,0.000515459365907716,0,0.00326052883702654,0.0273005823476691,0.000356516863358014,0.00158059488646649,0.000650118986123436,0.00353315937959443,0.0163777003668923,0.00322851958304083,0.131429996865301,0.00214903508655744,0.000348790491706292,0.000295809657523058,0.26534347033294,0.000153423665655616,0.00246250502214157,0.000277045612083162,0.000447025788421039,0.00118213486271341,9.6027761957112e-05,0.00173181101736447,0.000902881715872616,0.000406186395404796,0.000173291478474329,9.27164598206599e-05,9.27164598206599e-05,9.93390640935641e-05,0.000330026446266396,0.00156624591054186,0.0070243755987938,0.00170090553075758,3.53205561221561e-05,0.00169097162434823,0.00126050234660945,0.00465017196695762,0.000334441515781666,7.17448796231297e-05,0.00183666891835212,0.0003620357002521,0.000942617341510042,0.000153423665655616,0,0.00222188373355938,0.00370093202117467,1.76602780610781e-05,0.00126712495088235,0.000146801061382711,0.0300003973562564,0.000650118986123436,3.75280908797909e-05,0.00136315271283946,0.000296913424901875,0.000760495724005174,3.86318582586083e-05,1.76602780610781e-05,0.000533119643968794,0.000205300732460033,0.000205300732460033,0.00325611376751127,0.000411705232298883,0.00337752817918118,1.87640454398954e-05,0.000283668216356067,0.00146580307906948,0.0229716066879473,0.000675505635836236,0.0129725780032407,0.00057285526960622,0.000167772641580242,0.00317222744672115,0.000672194333699784,0.000323403841993492,7.17448796231297e-05,0.000703099820306671,0.000664467962048062,0.00132783215671731,0.077013161322225,0.00110155984405974,1.87640454398954e-05,0.00197022477118902,0.000887428972569173,0.000350998026463927,0.000503317924740725,0.000535327178726429,0.00822306697218948,0.000257177799264449
0.000761822161406675,0.000252353590965961,0.00050141083604122,0.000121232276646928,0.0807930715204505,0.00147932678361614,0.00293338158207022,0.00189356758388102,0.000773908763005916,0.000174706332207204,0.287115755947341,0.0046288021518546,0.000324140679252359,0.000191920582969759,0.00106545224400578,0.00574223454160282,0.000273962969582785,0.00939605083111868,6.59269178140392e-06,0.00021316370093206,0.00174376697618134,0.00197854005573022,0.000484562845933188,0.000179101460061473,0.0067212492711413,6.11655293052475e-05,0.000180932763334085,0.0032805966825575,0.0125664030566649,5.86017047235904e-06,0.00553236718656146,5.60378801419333e-05,0.0101439550876535,0.00121488659105093,0.00114053567818288,0.0029934483294119,0.000690767594429322,0.00275940777117206,0.00476834746122765,0.00292788767225239,0.000588214611163039,0.000829580382493327,0.000803942136676756,0.0104930014914134,0.00323518036139671,0.00110061326683993,0.00243343578864709,0.000886717044598827,6.88570030502187e-05,0.000176537635479816,0.000894042257689276,0.000254184894238573,0.00217522202720877,0.000353807792268677,0.00238106051505038,0.00226825223345747,0.000873531661036019,0.00190492166417121,0.000726294877917999,0.0147929015755068,0.00113687307163765,9.88903767210588e-05,0.00279493505466074,0.00137237867249558,0.000191554322315236,0.00316046318787413,0.00818226302203131,0.002293157957965,0.00318683395499975,0.00203494419652668,0.000156759560135604,0.000960335436157838,0.000674652125630334,0.00015456199620847,0.0247914511833149,0.0923266195313622,0.000178735199406951,0.0019847664868571,0.00726954147096139,0.00094568500997694,0.000924808152669161,0.000184961630533832,0.00142914907394656,0.127510350526097,0.00564297790422723,0.000108779414393165,0.0175988244498032,0.00132769487264385,0.00111086856516656,3.14984162889298e-05,0.00025674871882023,0.00424239716133342,0.000994031416373902,0.000690767594429322,0.000160422166680829,0.00127678464166523,0.00038420742659404,0.000125627404501197,0.00142695151001943,0.000100355419339149,0.000721533489409207,0.022165362290389,0.000617881724179356,0.00610190250434385,0.000339523626742302,0.00443834661150293,0.0123953593310029,0.00563125756328252,0.000325605721870449,0.00195839571973149,0.0192620140819896,0.000691500115738367,0.000376882213503591,0.00206058244234325,0.000451965647680691,0.00186499925282826,0.017627392780856,1.17203409447181e-05,0.00129619645635492,0.000198513274751163,0.00514925854193098,0.0046712883877792,0.000353441531614155,5.45728375238436e-05,0.000317914248125478,0.00771821077275138,0.0001860604124974,0.000131853835628078,0.00222246965164217,0.00039775907081137,0.000118668452065271,0.000496649447532429,0.00143171289852822,0.00127971472690141,0.000234773079548884,0.000512032395022371,0.00271179388608415,0.00179907233501423,0.000854852367655375,0.000889647129835007,0.00206973895870631,0.000549757242438182,0.00900598323405228,0.00126689560399312,0.00398015453269536,0.000416072103537492,0.00494488509670746,0.00198366770489354,0.000253452372929528,0.00433359606430951,0.000953376483721911,0.000134051399555213,0.000340988669360392,0.00209684224714097,0.00160751801269899,0.00039775907081137,0.000286049571182026,0.0100685053928219,0.000505439703240967
0.000574325635330614,0.000129656979677182,3.78927088493171e-05,5.34150233177121e-05,0.00542687506134738,0.000188550466924915,0.00271777464795163,0.00187500428004995,0.000331903606427151,3.15011675976251e-05,0.0592422827846119,0.000522736766656242,5.66107939435581e-05,3.01315516151196e-05,0.000735940321266256,0.00591765412174516,0.00015522314468395,0.0312724417285467,4.65669434051849e-05,0.000177593539064872,0.000594869875068195,0.00379794511948758,0.000621805656057469,6.07196418910744e-05,0.00788807498190966,6.71111831427665e-05,0.000335555915713832,0.00390705785942718,0.00414080565377478,6.80242604644368e-05,0.0422636099881528,2.32834717025925e-05,0.0138974933744827,0.000761963024933859,0.000635045277221688,0.000510410222813693,0.000346056304913041,0.0282565473350697,0.00246941761645731,0.000849618447814207,1.46092371467247e-05,0.00108838816743099,0.000189007005585751,0.0176949819553094,0.00116599973977296,0.000309989750707064,0.00258857420693528,0.00413715334448809,0.000166636611204828,0,0.00109614932466519,0.000115504281191292,0.000489865983076112,9.49600414537104e-05,0.00163851725373734,0.0358916998988767,0.00301863362544199,0.00307250518742053,0.000446494810296773,0.0370380684762337,0.0010664743117109,8.67423455586778e-05,0.00173119460188687,0.00200511779838796,0.000115960819852127,0.00118380474754553,0.00875230266687059,0.00111304125511609,0.00377466164778499,0.000246987415511814,0.000498083678971144,0.00364683082275115,0.000162984301918147,0.00124680708274078,0.103907742667418,0.0166157245610951,0.000118700051817138,0.00126050324256584,0.00402119252463597,0.00113586818815784,0.000140613907537225,9.58731187753807e-05,0.000175310845760696,0.00356556694112249,0.118491413649136,7.76115723419748e-06,0.00553461818530448,0.000701243383042784,0.000243791644885968,8.90250388628535e-05,3.92623248318226e-05,0.00266390308597308,0.00120754475790896,0.00028122781507445,0.000143353139502236,0.000661067980889292,0.000224617021130892,0.000291271665612823,0.00753882290637077,8.49161909153372e-05,0.000241965490242627,0.030357538252233,0.00120480552594395,0.00204803243250647,0.000228725869078408,0.00714802581269588,0.0142083962025114,0.00131757057517023,9.13077321670292e-05,0.00109386663136101,0.00611533536188678,0.00101899429098405,0.000119156590477973,0.0335555915713832,0.000478452516555233,0.000559716398183889,0.00267349039785062,3.24142449192954e-05,0.00102675544821824,0.000292641281595329,0.00149151180494842,0.00798075233005919,0.000356100155451414,3.15011675976251e-05,0.000142440062180566,0.161765343693717,0.000260227036676033,0.000116873897173797,0.0013093528792752,0.00130478749266685,0.000114591203869622,0.000309989750707064,0.00204209742991561,0.000617696808109953,0.000159788531292301,0.000957361571771301,0.00215121016985521,0.00492742176639373,0.00116873897173797,0.000401754021534929,0.00567249286087669,0.000404036714839104,0.000736396859927091,0.00106145238644171,0.0667664964538359,0.000246530876850979,0.00285610586218467,0.000322316294549613,7.806811100281e-05,0.000341947456965524,0.000438733653062575,0.000114134665208787,0.000152483912718939,0.00151662143129436,0.000796203424496495,6.11761805519096e-05,6.89373377861071e-05,0.000489409444415277,0.000304967825437878
0.00257069939542106,0.014474379728435,0.00112635865076481,0.000142472496613697,0.000450130496547623,7.02038389110972e-05,0.000307657999933926,0.000870321120618455,0.00627704912616869,0.0901727014437213,0.00340798341537547,0.000142472496613697,0.00268839406653672,0.0109290858634246,0.000710297664276983,0.00129567379166804,0.000230227295252569,0.000600862268327332,0.000217838382503552,0.000638029006574383,0.000156926228154217,0.00246539363705441,0.00019512537579702,0.00149596121444382,0.00537575572367769,5.26528791833229e-05,3.30371006640457e-05,0.00139478509366018,0.00143091942251148,0.0001084029865539,0.000834186791767155,0.0209857857874393,0.00377242393207572,0.0285440549737355,0.0132499421850738,0.000309722818725429,0.0401669199511051,0.000436709174402854,0,0.00336152499256665,0.000121824308698669,0.00029630149658066,0.00251598169744623,0.000589505764974066,0.000858964617265189,0.000835219201162906,0.00633486405233077,0.00261922263702138,0.00072991344279626,0.00947855066239387,0.00125953946281674,1.85833691235257e-05,0.000680357791800192,0.00015176418117546,0.00116971984538637,0.000285977402623146,8.87872080346229e-05,0.00105615481185371,0.000143504906009449,0.00465410155604744,0.000156926228154217,0,0.00773687601176121,0.000425352671049589,0.00182220258350127,3.61343288513e-05,0.000473875912649906,0.000313852456308434,0.000616348409263603,1.65185503320229e-05,0.000435676765007103,0.000815603422643629,5.57501073705772e-05,0,0.00224549043575936,0.00571954805246292,0.00350606230797185,0.00015899104694572,5.26528791833229e-05,0.0036113680663385,0.000140407677822194,1.75509597277743e-05,0.0001084029865539,0.000331403416036209,0.000213708744920546,0.097388210710628,0.000631834550199874,0.00253559747596551,0.00229814331494268,3.71667382470514e-05,0.00119759489907166,0.460331733787043,0.000156926228154217,0.000100143711387889,0.000264296805312366,0.00030352836235092,0.000184801281839506,0,0.000593635402557072,0.000988015791734118,0.00193267038884667,0.0010478955366877,0.000769144999834814,0.000275653308665632,5.26528791833229e-05,0.00272143116720077,0.00052756120122898,0.000406769301926063,1.85833691235257e-05,0.000692746704549209,0.00279576464369487,3.30371006640457e-05,0.00376313224751396,3.51019194555486e-05,5.57501073705772e-05,0.000467681456275397,0.000453227724734877,3.40695100597972e-05,0.0010117612078364,0.000143504906009449,0.00164256334864052,8.56899798473686e-05,0.000196157785192771,3.51019194555486e-05,0.000514139879084212,0.000208546697941789,0.000183768872443754,0.000495556509960686,0.00107473818097724,0.000188930919422512,0,0.000331403416036209,3.61343288513e-05,0.000612218771680597,0.00109745118768377,0.0117994069840431,0.0301391274901715,0.000995242657504377,0.00033966269120222,0.000119759489907166,0.00113255310713932,0.00155790577818891,5.26528791833229e-05,0.000118727080511414,0,0.000119759489907166,0.000452195315339126,0.0275746225511249,1.65185503320229e-05,8.98196174303743e-05,0.00464893950906868,0.000194092966401269,8.36251610558657e-05,0.000783598731375334,0.000104273348970894,0.00170347550298986,1.85833691235257e-05,3.40695100597972e-05,0.00237660642901979
0.0039373928904206,0.000614463926859761,0.00142206662251169,6.65151076913511e-05,0.0234129410512213,0.00103070152711527,0.00138683057396131,0.00258730578954658,0.00204105282298219,0.000354621622309129,0.0673788619510031,0.0181972521534973,0.000440733248980369,0.000146220180080704,0.0021872730030629,0.0187465199691355,0.00101430828527632,0.00266324230059364,6.18044060134933e-05,0.000784614471463983,0.00622943189879905,0.00172675480703553,0.000466547894175029,0.000495377388443518,0.0183837959399404,1.26246804966587e-05,4.72954448456915e-05,0.00194834621396195,0.00967370853758151,3.05253468725181e-05,0.00283621926620458,0.000407381481101136,0.00677964185477284,0.00601613132682566,0.00199356895006939,0.00333140822658098,0.000421890442268938,0.00193930166674047,0.000694357427316228,0.00254170619730491,6.33118305504078e-05,0.000183717365436451,0.00040756990916825,0.00452491160368302,0.0276616171085148,0.000694922711517571,0.00215392123518367,0.00110946445916905,7.21679497047803e-05,5.33251429933494e-05,0.00322513479672851,0.000285845377812407,0.0193666367380087,0.00115694833208186,0.000881843354094966,0.00169133033041804,0.00139662883345126,0.00143186488200163,0.000204067596684797,0.00907073872281572,0.000636133154577907,0.000364985166000416,0.00526637604777782,0.000696806992188715,0.000313921159812439,0.0010508633302965,0.00516104475826092,0.00119614137004163,0.00190086234104915,0.00122270972750475,0.000269640564040576,0.000647438838604766,0.000135479780255188,8.83727634766109e-05,0.00864621028760718,0.0724257193005927,0.000544368685893239,0.00218746143113001,0.000701706121933687,0.00685049080800782,0.00353114197772215,0.000743725580900177,0.0229957613106303,0.00319366730952042,0.000904831578282912,0.000268133139503662,0.39766499939232,0.000988870496215893,0.00175596115743825,7.63133671812951e-05,0.000351983629369529,0.00447102117648832,0.000477476722067659,0.000594867407879873,0.000394379944470249,0.000731666184604862,0.000210285722899569,7.02836690336372e-05,0.000327864836778898,6.4630827020208e-05,0.000293947784698322,0.00358691668558799,0.00856763578362051,0.00257995709492912,0.000313355875611096,0.0039730057951052,0.00162594579112937,0.00324435445957417,0.000143393759073989,0.000949300602121888,0.00507530998772391,0.000453546357544142,0.000840200751262704,0.000323530991235268,0.00111116031177308,0.00590043649361747,0.00512204014836826,6.4065542818865e-06,0.000775569924242496,2.5626217127546e-05,0.00963639978029287,0.000826257074296245,0.000143770615208218,0.000490101402564318,0.000179760376027051,0.00193138768792167,0.000236477224228458,4.84260132483774e-05,0.00156074967990782,0.000247971336322431,4.22078870336052e-05,0.00250703543295588,0.000595432692081216,0.00971403214394397,0.000134914496053845,0.00133067900996125,0.00208759455555943,0.023236007096201,0.000325980556107754,0.0110833389076637,0.00124532109555847,0.00060523095157116,0.00652262597122892,0.000522322602040864,0.000885423487370138,0.000133972355718274,0.00133765084844448,0.00299468727064771,0.000227432677006971,0.0134908843211832,0.00210285722899569,3.58013327517187e-05,0.00583750151920129,0.000986797787477636,0.00109325964539722,0.00219047628020384,0.000184471077704908,0.00751959887433073,0.000602216102497331
0.000531784632207212,0.000920478620406861,0.000459527416452149,0.00410371152926168,0.00199615007859307,0.000342776841241998,0.000846797617149236,0.00136790384308723,0.00317077476820739,0.00202213420051484,0.0174275149782445,0.00131024044923343,0.00019221131284598,0.0018398894001868,0.000337793584983028,0.00701784860013213,2.45603344192086e-05,0.00162311775292161,0.00620984919242773,0.000638568694899424,0.000437102763286785,0.00330318700594574,0.000429271932022689,0.000198262409731872,0.00341673405927512,0.00154302970590245,5.69515001025127e-06,0.0029006110895961,0.0099270024147436,0.00206911918809941,0.00317967344009841,0.000408627013235529,0.00916136068524045,0.0042734981889423,0.0233195036107251,0.00183170262204706,0.00422117399822311,0.00420942775132697,0.000521462172813632,0.0244667203909151,2.38484406679272e-05,0.000756743057612137,0.0073595576007472,0.0046678873271522,0.000898053967241497,0.0028009459644167,0.269465666788163,0.000962836298608105,0.00575566097911019,0.00016195582841652,0.00128745984919243,6.05109688589197e-06,0.000526089482196961,8.57831970294097e-05,0.00187299245962139,0.000755319270109575,0.000785218807663394,0.00199721791921999,0.00023243330979338,0.0111450526231861,0.000831491901496685,0,0.00243752420438754,0.000719012688794223,0.00615610121420598,0.000249518759824134,0.00563891040390004,0.00198796330045333,0.00437743467662938,7.29691095063444e-05,0.000185448322208807,0.00371893295669408,0.0011297753832836,0.000129208715857576,0.00819069355536825,0.0234440850171994,0.00163984725607672,0.000741081395083946,0.000485867485249561,0.000961056564229902,0.000407915119484247,7.36810032576258e-05,0.000152345262774221,0.00153306319338451,0.000662773082442992,0.000695164248126296,0.00286501640203203,0.153246876210219,0.000439950338291911,7.2257215755063e-05,7.68845251383921e-05,0.0190588195093059,0.00112087671139258,0.000248094972321571,2.91876438025378e-05,0.0025962765109233,0.000196126728478028,0.0019089430940611,0.000749980066974964,0.00267956807982322,0.0190253605029957,0.00219156491331982,0.000194346994099825,0.0013632765337039,0.000187584003462651,0.0326481593275167,0.000932224867303005,0.00245211802628881,7.26131626307037e-05,0.00126717087728091,0.00872888523133699,0.000543886825978996,0.000469137982094448,0.000494054263389298,0.000689469098116044,0.00177190354693943,0.00180714228762786,0.00119811718340661,0.000795185320181333,0.00850997790281796,0.00297891940223705,0.000638212748023783,0.00297820750848577,6.15788094858419e-05,0.00288744105519739,0.00212713852882885,0.000245959291067727,0.0027397231018065,0.0524185166412283,0.000309317834931772,6.40704376153268e-06,0.000188651844089573,0.0018915016971547,0.000772760667015969,0.0316362023600702,0.0142446380162653,0.0229315215162767,0.000728623254436522,0.000517902704057225,0.00011603868145887,0.00788279950793904,0.0047291101897624,0.00024738307857029,0.00088417203909151,0.00322523464018042,0.000106428115816571,0.000927597557919676,0.00232718067293892,4.84087750871358e-05,0.000349183885003531,0.000920478620406861,0.00328930507779575,0.000241331981684398,0.00134263161491674,0.000322487869330478,0.0014857222589243,7.93761532678771e-05,0.000403643756976559,0.0297617861129462
0.00476338276852848,0.00041069077453024,0.000865234080611982,4.35899415422121e-05,0.00118506871192773,0.000273881379689923,0.000398349044093589,0.00180399336382529,0.000445615245765867,0.000215586397627447,0.00523762032530701,0.000460582876295422,0.00277032459801408,0.000455068486100323,0.0508022387373832,0.0330942188708735,0.000904885172014837,0.000968169364253832,0.000154928105481356,0.00364947594911846,0.00335642549875033,0.000850791630101008,0.000313795061102069,0.000674068553848545,0.228592480787602,4.85791517187304e-05,3.17733911241426e-05,0.00213118051540117,0.00130034572600623,3.15108011148521e-05,0.00151435658357794,0.000683259204173711,0.00484504826141781,0.00140406877967595,0.000930093812906719,0.00357857664661004,0.000292787860358834,0.000799323988280083,0.000132082774673089,0.000456118846137485,0.000129719464589475,0.000483953387122271,0.000691399494461714,0.00290477068277079,0.000860770050454044,6.11834721646713e-05,0.00251141084885372,0.000710043385121335,0.000174097176159558,1.73309406131687e-05,0.0189912972419121,0.000253136768955979,0.00228505826084536,0.00793021828057112,0.000304867000786194,0.000702428274851912,0.000671442653755641,0.000983136994783387,0.000200093587079311,0.00607685799499924,0.000218737477738932,2.20575607803965e-05,0.0315651572467753,0.000685622514257325,0.000298564840563224,0.000379442563424678,0.00430673874237242,0.00112861185993029,0.00261303318244911,0.000177510846280334,5.77698020438956e-05,0.000375241123276031,0.000202194307153635,7.90395927964208e-05,0.00360851190766915,0.0071017468012598,0.00016306839576936,0.000582949820624765,0.000124205074394376,0.00204084955220526,0.000485003747159433,0.000659626103337572,0.000597917451154319,0.000228190718073388,0.000299090020581805,0.000283072030015088,0.006214980339886,0.000489992957335951,0.348185949438819,8.50791630101008e-05,0.0458579314524536,0.0048563396318173,0.000560367079825787,0.000655162073179634,0.00721518568527327,0.000140485654970382,0.000206658337311572,0.000186176316586918,0.000260489289216111,3.99136814121461e-05,0.000303554050739742,0.00105324852726393,0.00050732389794912,0.00024184539855649,0.000433010925319927,0.00705736908968972,0.000935608203101818,0.000395723144000685,4.67410216536973e-05,0.00127986370528158,0.00130901119631282,0.000526230378618031,0.00458771005231318,5.77698020438956e-05,0.000189852576716984,0.000426708765096956,0.000395985734009975,1.36546804831026e-05,0.000366575652969447,8.71798830844243e-05,0.00512969583148864,0.000603694431358709,3.17733911241426e-05,0.000964230514114476,3.96510914028556e-05,0.000536208798971067,0.000378654793396807,0.000100046793539656,0.000576910250411085,0.000152564795397742,1.33920904738122e-05,0.0185144337850407,0.000192478476809889,0.000659888693346862,0.000250510868863075,0.00112230969970732,0.000990752105052809,0.00461922085342803,0.000183025236475433,0.000717658495390758,0.000739453466161864,0.000139697884942511,0.000763874337025874,0.000442201575645092,0.000127881334524442,0.000182237466447562,0.000836874359608615,0.00990962177060242,7.14244825269982e-05,0.000452967766026,0.0456397191547333,1.78561206317495e-05,0.000232392158222035,0.000579010970485408,0.00177510846280334,0.000256813029086045,0.000313269881083488,7.77266427499686e-05,0.000398349044093589
0.00138261025490992,2.67399025409199e-05,0.000215492155770943,0,0.00147855931696851,0.00215177568682226,0.0032937268188639,0.00104285619909588,0,5.34798050818398e-05,0.00175539595503921,0.000467161826744307,5.66256759690069e-05,5.19068696382563e-05,0.000352337539362709,0.00601175926537623,0.00458825268893314,0.000413682021662467,0,0.00021863802665811,0.00087927091296319,0.00628387709711618,0.000187179317786439,5.50527405254234e-05,0.00396694318871765,0,8.17926430663433e-05,0.00146597583341984,0.0265275562560361,0.000114824287381597,0.00043727605331622,2.83128379845034e-05,0.00501923700047503,0.000243804993755446,0.0001336995127046,0.372637844197598,0.000130553641817433,0.000909156686391277,2.67399025409199e-05,5.50527405254234e-05,0,0.000707820949612586,0.000328743507708957,0.00294610808583194,0.000136845383591767,8.33655785099268e-05,8.33655785099268e-05,0.0010695961016368,0.000397952667226632,0,0.00125834835486682,0.0220116585975078,0.00217222384758885,0.000497047600172394,0.00057569437235157,0.000622882435659076,0.00259219761102565,0.0031505896934978,0.00306407824410071,0.00621938674392926,0.000229648574763195,0.00188437666141306,0.00115768048647747,0.000610298952110408,0,0.00774513412420528,0.00329058094797673,0.00193942940193849,0.00576166252984645,0.000698383336951085,0.000737706723040673,0.000324024701378206,0.0041525495710605,0,0.00144552767265326,0.00109004426240338,0,0.00345416623410942,0.000662205821748664,8.17926430663433e-05,0.0059960299109404,0.00118284745357481,0.000596142533118156,0.000407390279888133,0.000336608184926874,0.000100667868389346,0.00105229381175738,2.51669670973364e-05,0.000316160024160288,0.0983147569657446,2.83128379845034e-05,0.00292880579595252,0.000698383336951085,0.0703306624889501,0.000281555444401451,0.000196616930447941,0.00410221563686583,0,0.000163585286132687,0,5.50527405254234e-05,0.000407390279888133,0,0.00318204840236947,0,0.00101454336111137,0.00409749683053508,0.00665823573268906,0.00415726837739125,0.000346045797588375,0.00049075585839806,0.000128980706373849,0.000169877027907021,0.000349191668475542,0.000591423726787405,0.00021863802665811,0.00265039622243824,0,0.00137789144857917,5.34798050818398e-05,0.181710221249099,0.00212031697795059,0.000328743507708957,0.00132913044982808,0.00025009673552978,0.000509631083721062,0.000687372788846,0.000342899926701208,0.00070939388505617,5.34798050818398e-05,0.00143766299543534,0.000726696174935588,5.50527405254234e-05,0.000375931571016462,7.70738367355927e-05,0.000339754055814041,0.000342899926701208,0.00114037819659806,0.000945334201593698,0.000132126577261016,0.0012504836776489,8.02197076227597e-05,0.000132126577261016,0.001412496028338,0.000103813739276513,5.50527405254234e-05,0.00260478109457432,0.00058041317868232,0.00516709293217188,0.00258275999836415,0.000358629281137044,8.17926430663433e-05,2.83128379845034e-05,0.0023106421666242,0.000427838440654719,8.17926430663433e-05,0.0500366493958355,0.000128980706373849,2.67399025409199e-05
0.0161110946106045,0.000426813103162267,0.00214396581975067,0,0.00103843187985871,0,0.000160604930571369,0.000430113204475377,0.000280508611614377,0.000221106787978391,0.00564537331296071,0.000188105774847288,0.00462344193966755,0.000436713407101598,0.0345575609171202,0.0445172666800871,0.00110553393989195,0.000855826273866608,0,0.00449253792091417,0.00759243308769579,0.000783224044978181,7.26022288884269e-05,0.000829425463361725,0.16236828470634,0,3.52010806731767e-05,0.000895427489623931,0.00227706990604611,0,0.000375111515923539,0.000830525497132762,0.00109123350086848,0.00408552542563057,0.000716121984944938,0.00240027368840223,0.000270608307675046,0.000380611684778723,0.000218906720436317,0.000232107125688759,0,5.50016885518385e-05,0.000299209185722002,0.000804124686627879,0.000634719485888217,1.76005403365883e-05,0.000731522457739453,0.000339910435250362,0,5.61017223228753e-05,0.0123071778303594,0.000310209523432369,0.00477084646498648,0.0232525138521753,0.000165005065655516,0.000174905369594847,7.15021951173901e-05,0.000201306180099729,0.000127603917440265,0.00136844201116974,0.000260708003735715,7.70023639725739e-05,0.0451684866725409,0.000206806348954913,0.000280508611614377,0.00074252279544982,0.000699621478379386,0.000699621478379386,0.000247507598483273,0.000149604592861001,0,5.50016885518385e-05,0.00113413481793891,5.94018236359856e-05,0.00268628246887179,0.0037005136057677,0.000203506247641803,0.000356410941815914,0.000243107463399126,0.00821725226964468,0.00103953191362975,0.00132114055901516,0.000379511651007686,0.000397112191344274,0.00020790638272595,0.000145204457776854,0.0071260187687762,0.000115503545958861,0.226764261662833,3.74011482152502e-05,0.106509669846864,0.00428023140310408,0.000106703275790567,0.00121333724945356,0.0108232322732308,1.98006078786619e-05,0.000149604592861001,1.87005741076251e-05,0,0,7.26022288884269e-05,0.00116053562844379,0.00354540884405151,0.000521416007471429,7.26022288884269e-05,0.00187335751207562,0.00173035312184084,0.00173365322315395,1.98006078786619e-05,0.000328910097539994,0.000831625530903799,5.39016547808018e-05,0.00748242971059212,5.50016885518385e-05,0,0.000374011482152502,0.000583017898649489,1.87005741076251e-05,0.000555517054373569,0,0.00441003538808641,0.000473014521545811,0,0.00113633488548098,0,0.000506015534676915,0.000215606619123207,0,0.000199106112557655,5.2801621009765e-05,1.87005741076251e-05,0.0503298451262454,7.26022288884269e-05,0.00127603917440265,0.000155104761716185,0.0015796484952088,0.00212966538072719,0.0223152850792519,0.000244207497170163,0.000990030393933094,0.000149604592861001,3.74011482152502e-05,0.000651219992453768,5.61017223228753e-05,0.000205706315183876,0,0.00111543424383129,0.0136910203143237,0.000165005065655516,0.00128373941079991,0.0993990515508826,1.98006078786619e-05,0.000311309557203406,0.000662220330164136,0.000112203444645751,3.8501181986287e-05,0.000478514690400995,0.000111103410874714,0.000174905369594847
0.0015957987136642,0.00333034739457766,0.000933123995553386,0.000138924057546941,0.00172123077314111,0.000215610833674043,0.00072430268348878,0.00119425944207019,0.00209578604859504,0.0230356281887358,0.00715615577634654,0.000279850153517177,0.00126128420667617,0.0196607136779526,0.00110764951897545,0.00370377108309669,0.00030657301421073,0.00128513457745804,0.000214044020994942,0.00123203703666629,0.000296562822094252,0.00152703304608144,0.000511303204279906,0.000614886931398238,0.00506628879787255,8.94824130064254e-05,0.000143363360137726,0.00185528030235307,0.00505497292852349,8.42597040760893e-05,0.00187617113807441,0.0054882836794437,0.00590853765803808,0.0121168588086775,0.0198941687671386,0.00104898108865801,0.0275816481319981,0.0015273812266768,0.000171043717468508,0.00343279953476109,8.31281171411831e-05,0.000358713058365252,0.00353037714660953,0.00380613617813128,0.000642480243580181,0.000946790083921098,0.0103019674553857,0.00142423272530266,0.000382476383998281,0.0065007928507382,0.000973948170358846,8.08649432713708e-05,0.000717077936135148,0.000402061542487042,0.00104123407041134,0.00115709116351597,0.000736489004326231,0.00202353857505873,0.000199420435990001,0.00646745455873289,0.000573975711443939,1.48847204514579e-05,0.0049702779987032,0.000714031355925786,0.00302272983858086,0.000256522053628342,0.00706580291185173,0.000625506439556589,0.00192300142814976,7.75572276154913e-05,0.000129262046025819,0.000602439475114271,9.56626185739898e-05,4.07371296566217e-05,0.00508186987951472,0.00836695379669613,0.00146714598368025,0.000863226741035721,0.000242594829814112,0.00179147620825413,0.000326941579039041,0.000132917942277054,9.33123995553386e-05,0.000647789997659356,0.000268273148721598,0.0143600993394057,0.00204730190069176,0.00307521806333074,0.00166587005847954,4.27391680799172e-05,0.000372727327328321,0.633344942254683,0.000406413799928989,0.000193240230422436,0.000360976232235064,0.000337996312941585,0.000113245738639455,8.22576656527938e-05,0.000231714186209246,0.000300392808643165,0.0021453147382844,0.00133945075033354,0.000413377411836103,0.000512434791214812,9.07880902390094e-05,0.0038913533788446,0.000989703342298693,0.000998320812033748,6.00611526988653e-05,0.000894475949468898,0.00424484372827952,0.0003646321284863,0.00205931413123153,0.000109415752090542,0.000340607667406754,0.000293255106438373,0.000936344666060426,7.46847377038064e-05,0.00039483679513341,0.000292384654949983,0.00208124950873894,0.000692705294460246,4.93545993916763e-05,0.000152677191063492,0.000643437740217409,0.00121645595502412,0.000131351129597953,0.00029099193256856,0.00153451892888159,0.00010706553307189,5.74497982336973e-06,0.000881680312589575,0.000190628875957268,0.000579198420374275,0.00120305100210292,0.0187838208485492,0.0205573657561425,0.00180453298057997,0.000305180291829307,0.000174003252529032,0.00135851363792926,0.00188461451751179,0.00010053714690897,0.000430699396455051,0.00054359695449915,0.000207428589683183,0.00109128503099373,0.011456708399883,3.63848722146749e-05,0.000335297913327578,0.00212590367009332,0.000184883896133898,9.43569413414058e-05,0.000655362925608343,0.000725608360721364,0.000367417573249146,4.49152968008906e-05,0.000117423905783724,0.00282061100297686
0.000239324285109529,3.98483138771988e-06,6.14132837401534e-05,3.98483138771988e-06,0.00272187423965901,0.00429119460088163,0.0091489384643585,0.00579722646359341,6.98517502082661e-05,0.000369651711672603,0.00412664450475344,0.000202288793388368,0.000113450493626848,0.000103840017927053,0.000619289678020936,0.0021368072312032,0.000320661725788282,0.00128616293084817,6.77421335912379e-05,0.000308707231625122,0.00014650115396029,0.00328654828748355,0.0020847700213165,0.000102668008695371,0.00363510383298587,8.25094499104351e-05,0.000602412745084711,0.0284917788240434,0.0175262260505774,5.57876394280782e-05,0.00265764813376282,3.23474547944319e-05,0.0297976315099839,0.00017627018844502,0.000365901282131219,0.0022544769580641,0.000311988857473833,0.00669475113321573,0.00010337121423438,0.000222916155865977,0.000275187767599008,0.0766967529249834,0.000463178048360851,0.0141963134215216,0.00014579794842128,8.76662905298372e-05,0.000700627118699689,0.00264920966729471,0.000837986600652856,3.75042954138341e-06,0.000780323746454086,0.00155338103567174,0.000349727554734003,0.000201116784156685,0.00731591602600735,0.00495689584447719,0.0034077340420395,0.146785483399896,0.00290259806318442,0.0682102340783718,0.00830626382677891,8.43846646811268e-06,0.00169495975085897,0.00235269133167908,0.000266983702977232,0.0010787172968404,0.0605502161419425,0.0213329120350815,0.16114986294524,0.000184474253066797,0.000557641992434446,0.000788293409229526,0.00205734500529514,0.000203226400773714,0.00668678147044029,0.00445316627670013,7.17269649789578e-05,0.0135737421176519,0.000351837171351031,0.00024987236819467,0.000294174317152261,0.000177207795830366,0.000153298807504047,0.000692891857770585,0.000435987434185822,4.52395563429374e-05,0.00106043395282616,0.000396842325847632,0.000611320015245496,9.75111680759687e-05,3.14098474090861e-05,0.00181356708510522,0.127742208599829,0.000439034658188196,9.93863828466604e-05,7.24301705179671e-05,0.00210680379487213,0.000139234696723859,0.000358166021202116,0.000122123361941297,0.000214477689397864,0.00127725566068739,3.51602769504695e-05,0.00111575278856157,0.00355681361630949,0.00368854745395059,0.00465826789224453,0.00519504812035503,0.000734380984572139,0.00484367975269668,0.000768603654137263,0.00954976562159385,7.40709834423224e-05,0.000307300820547103,0.00109723504270098,0.00014251632257257,0.0010883277725402,0,0.00381489004912594,0.000149079574269991,0.0021143046539549,0.00221931668111363,0.000112512886241502,8.43846646811268e-05,5.48500320427324e-05,0.00214805851982735,0.00411117398289523,3.4925875104133e-05,0.000560454814590484,7.31333760569765e-05,5.18028080403584e-05,8.36814591421174e-05,7.12581612862848e-05,9.58703551516135e-05,7.75870111373693e-05,0.000604991165394412,0.000518028080403584,0.000401764764620698,0.00298182588724615,6.75077317449014e-05,0.00218603161893386,9.61047569979499e-05,0.000168769329362254,0.00866021061474697,0.000335663443953815,0.000860957981593829,0.00601428257330097,0.000328162584871049,4.26611360332363e-05,0.000154002013043056,0.000216118502322219,3.56290806431424e-05,5.39124246573865e-05,0.0292256910049229,0.0059238034606151,9.21199256102301e-05,0.000723364097794325,5.93036671231252e-05,9.16511219175571e-05
0.0031780151811155,3.33003868636248e-05,0.000133201547454499,4.15048300039381e-05,0.00596463016300781,0.000912141031481896,0.00168528914388084,0.000955093704392948,0.000113896975359644,5.79137162845648e-05,0.00352501486452051,0.000449313915507749,8.88010316363328e-05,0.000116792661173872,0.000758669683327799,0.00963249886103025,0.00650177988154715,0.000568037033891107,8.20444314031335e-06,0.000166984548620495,0.00133973730338293,0.00255061658803271,0.000475857702138174,8.88010316363327e-05,0.00601289159324494,1.64088862806267e-05,0.000455587901438577,0.000855675158104445,0.00852441642278557,2.46133294209401e-05,0.000729230210883146,6.12920164011645e-05,0.00381989220326942,0.000683381852157865,0.000264472637699513,0.307293074291715,0.000255785580256828,0.00185661722122267,4.97092731442515e-05,0.000355686740847702,0,0.000570450105402964,0.000584445920171733,0.00621945051465989,0.000673729566110438,4.0056987096824e-05,0.000997563763001629,0.00198740569716532,0.00052363651807294,4.24700586086809e-05,0.00259936063257222,0.00483965622418013,0.00395405897932866,0.00034072569747419,0.000221037350486089,0.000572863176914821,0.000654907608317954,0.00191211786599538,0.00207861980031351,0.0100407905608364,0.000313216682239021,0.0103771727295893,0.000907314888458182,0.000512053774816027,0.000209454607229176,0.00407326471201439,0.0053560535277175,0.00145170382153309,0.00329287738507988,0.00245602418476792,0.000417461371551238,0.000427113657598666,0.00177843370423851,1.59262719782553e-05,0.00175285514621283,0.00100094206311823,8.20444314031335e-06,0.00190294819425033,0.000406361242596697,0.0015072044663058,0.016970649328587,0.00164523215678401,0.000873049272989815,0.000513984232025513,4.92266588418801e-05,6.61181594248782e-05,0.00245409372755844,7.43226025651915e-05,0.00116647876883161,0.0126155378639877,0.000256750808861571,0.000601820035057103,0.00108009080870713,0.197086650502305,7.52878311699343e-05,0,0.00114669158243438,4.34352872134236e-05,0.00010183161780036,0.000249028980023629,6.56355451225068e-05,0.000364373798290387,0.000469583716207347,0.00396515910828321,0.000734538968209231,0.00215101194566921,0.00515818166374524,0.00220458213323243,0.00128423665861023,0.000640911793549184,0.000305012239098708,0.000111001289545416,0.000366304255499873,0.000106175146521702,0.000484544759580859,7.2392145355706e-05,0.00235370995266519,0,0.00168239345806661,3.33003868636248e-05,0.236966035535856,0.00308535323506019,5.9361559191679e-05,0.000975846119394918,0.00016505409141101,0.000842161957638047,0.000792935298796167,0,0.00017567160606318,2.50959437233114e-05,0.00143963846397381,0.000363891183988016,0.000142371219199555,0.000153953962456468,0.000115344818266758,0.000336864783055219,0.000171328077341838,0.00256219933128962,0.000510123317606542,0.0001298232473379,0.000879805873223014,2.55785580256828e-05,0.000213315521648147,0.000343621383288418,0.000797761441819881,0.000830579214381134,0.00214666841694787,0.00046717064469549,0.0147424190945384,0.00587148560265013,0.000345551840497903,1.59262719782553e-05,6.61181594248782e-05,0.00103375983567948,0.00140826853431967,1.68915005829981e-05,0.0137940819903786,0.000488888288302201,0.000250959437233114
0.0089333624975019,0.000785229502598811,0.00296310050780273,2.67513056997591e-05,0.00171523077721985,0.00016365504663382,0.0016365504663382,0.000734874103634558,0.000191979958551212,0.00021243683938044,0.00439822937828392,0.000785229502598811,0.0151790055752868,0.000366650248708463,0.0314973020521399,0.021770842020951,0.00114558532643674,0.00115974778239544,2.67513056997591e-05,0.0226788128085252,0.00284980086013316,0.00266726253888774,0.000226599295339136,0.00265939450779958,0.142976287327907,0.000110152435234302,0.000143198165804593,0.00260746550261769,0.00868315910889827,0,0.000508274808295423,0.00136903740934061,0.00150908836270994,0.00339269500521651,0.000728579678764027,0.00160979916063844,0.00095360536788553,0.0012824890673708,0.000107005222799036,0.000405990404149285,0.000572792663218371,5.35026113995182e-05,0.000758478196899052,0.00210863233162807,0.00123213366840655,0,0.00226599295339136,0.000158934227980922,2.8324911917392e-05,0.000108578829016669,0.00938970830061544,0.000113299647669568,0.00246741454924837,0.00498361089124335,0.00261848074614112,0.00485772239383272,0.000404416797931652,0.000744315740940356,0.000132182922281163,0.00479320453890977,0.000193553564768845,5.19290051818853e-05,0.323311559868635,0.000261218632127059,0.000380812704667159,0.000549188569953878,0.00460279818657619,0.000764772621769583,0.00172624602074328,0.000160507834198555,0.000999239948196883,5.66498238347839e-05,5.19290051818853e-05,0.000187259139898314,0.00200162710882903,0.00373574116066047,0.000412284829019816,0.00251619634199499,7.55330984463786e-05,0.00321487750262399,0.000363503036273197,0.000874925057003885,0.000643604943011851,0.00030527960622078,0.000758478196899052,0.000462640227984069,0.00651787695343542,0.000402843191714019,0.0916688566019862,0.000135330134716428,0.0234498798551653,0.00225183049743266,0.000280101906738654,0.000179391108810149,0.0903737786848744,0.000105431616581403,0.000349340580314501,0.000514569233165954,5.19290051818853e-05,0,0.000473655471507499,0.000769493440422482,0.00180492633162492,0.00107949386529616,0,0.000985077492238187,0.00143512887048119,0.00192294679794739,0.000402843191714019,0.000355635005185033,0.000206142414509908,0.000328883699485273,0.0052825960725936,5.66498238347839e-05,2.51776994821262e-05,0.000687665917105572,0.000571219057000738,0,0.000125888497410631,2.51776994821262e-05,0.00346508089122762,5.35026113995182e-05,0.000344619761661602,0.00139264150260511,2.51776994821262e-05,0.00156573818654472,0.00081198080829857,0,0.000440609740937208,0,0,0.0117217927151474,5.35026113995182e-05,0.00147446902592202,8.02539170992772e-05,0.000980356673585289,0.00171050995856695,0.00377822852853656,0.000302132393785514,0.000489391533683828,0.000549188569953878,0.000135330134716428,0.000476802683942765,0.000569645450783105,0.000136903740934061,0.000734874103634558,0.000158934227980922,0.0146455530675093,5.19290051818853e-05,0.00177188060105463,0.0368821825288796,5.50762176171511e-05,0.000298985181350249,0.000481523502595663,0.00236513014510223,0.00013060931606353,0.000229746507774402,0.000269086663215224,0.000931574880838669
0.000666652719957044,0.000313800966506977,0.000820066525804899,0.000235699392620796,0.00120917972427355,0.000440716024072021,0.000959533622030223,0.00077264771308829,0.0009065361254646,0.000529974965656228,0.0605287197617902,0.00153692740040306,0.000387718527506398,0.00127472925949945,0.000377955830770625,0.00290509961437348,0.000382139843657385,0.00204737697258774,0.00059134048799537,0.00179354685745765,0.000266382153790367,0.005937114286312,0.000231515379734036,0.000316590308431483,0.00163734370968529,0.00081588251291814,0,0.00150345529730898,0.00184933369594778,9.62322963954729e-05,0.0039301827716296,2.51040773205581e-05,0.00355083226989672,0.00235559925524571,0.00253690648033863,0.00191209388924918,0.00121336373716031,0.00233746853273641,0.0060863440792731,0.0225839068917666,2.37094063583049e-05,0.000329142347091762,0.000775437055012796,0.0032175059099182,0.000790778435597582,0.0158016220023291,0.0205421086030278,0.0013179640593293,0.000744754293843225,2.37094063583049e-05,0.00086330132563475,0.000741964951918718,0.000499292204486656,0.000119941702753778,0.00086330132563475,0.00153553272944081,0.00377119028193273,0.0010376351959164,0.000343089056714295,0.00592456224765172,0.000354246424412321,4.74188127166098e-05,0.00172381330934499,0.00136538287204591,0.000661074036108031,0.00071686087459816,0.0051798079538085,0.000638759300711979,0.00143930043304533,0.000145045780074336,0.000294275573035432,0.00208642775953083,0.000357035766336827,0.000733596926145199,0.00808211822625747,0.30181376958641,0.00099718973801106,0.000193859263753199,0.00114084084712314,0.000292880902073178,0.000641548642636486,2.37094063583049e-05,0.000221752682998264,0.00171265594164697,0.00480045745207562,0,0.00379489968829104,0.0116259771413429,0.000384929185581892,4.74188127166098e-05,2.51040773205581e-05,0.00493713520637644,0.000167360515470388,7.2522890037168e-05,9.62322963954729e-05,0.0925057355843323,0.000503476217373416,0.00794125645906989,0.00241278076469809,0.000189675250866439,0.00251738108686708,0.00638201432327078,2.23147353960517e-05,0.00113944617616089,0.000408638591940196,0.0266340313661499,0.000740570280956465,0.000331931689016269,0.000188280579904186,0.00190093652155115,0.0731825694023138,0.00133609478183859,7.53122319616744e-05,0.00316450841335258,0.00398178559723297,0.00659958299338228,0.00199298480505987,6.97335481126615e-05,0.000521606939882708,0.000697335481126615,0.00327468741937058,0.000672231403806057,0.0203078038813693,0.00031519563746923,0.00050068687544891,0.00562052397788052,0,0.000700124823051122,0.118901278215937,0.00217708137207729,0,0.000121336373716031,0.0226424830721812,0.000610865881466915,0.00242393813239611,0.00112968347942512,0.00360940845031136,0.000357035766336827,0.000451873391770047,0.00026777682475262,0.00493155652252742,0.00119383834368877,0.000799146461371101,0.000426769314449488,0.00857583174689511,0.000239883405507556,0.000820066525804899,0.000832618564465178,6.97335481126615e-05,0.00054392167527876,0.000347273069601054,0.00198740612121085,0.000117152360829271,0.000290091560148672,0.000347273069601054,0.00268474160233747,4.74188127166098e-05,0.000873064022370522,0.00140024964610224
0.000103113839661945,1.12367645785453e-05,8.9563623552523e-05,4.49470583141813e-05,0.00123340015903327,0.0228506217566236,0.0366794435289786,0.00149647264740156,8.42757343390899e-05,3.80067037215503e-05,0.00231675646163537,4.49470583141813e-05,0.000146077939521089,2.28040222329302e-05,0.000330493075839568,0.000901915603966181,0.000281910593691152,0.000460707347720358,2.11515568537324e-05,0.000301079192089847,0.000226718250025944,0.00332476034294606,0.000447487624686775,3.30493075839568e-05,0.002941718868048,3.93286760249086e-05,2.84224045222029e-05,0.00240004071674694,0.289947854802494,0,0.00093331244617094,1.6855146867818e-05,0.0049580571237452,0.00038238048874638,0.000163924565616426,0.00171294561207648,6.94035459263093e-05,0.00135700456939727,9.02246097042021e-05,0.000166899003298982,9.12160889317208e-05,0.0025391783016754,0.000268360377581729,0.00749855739772396,5.48618505893683e-05,7.23779836088654e-05,0.000323552721246937,0.000730059204529606,1.65246537919784e-05,5.61838228927266e-06,0.000738652024501435,0.0322683524457479,0.00054333061668025,1.75161330194971e-05,0.00110748229713839,0.000559855270472228,0.000682137708532869,0.00616633980901466,0.0307722102914222,0.00739544355806201,0.000919762230061518,6.01497398028014e-05,0.00171625054283488,0.000253818682244788,3.30493075839568e-05,0.00362484805580838,0.0527404155355541,0.0146028365559713,0.037999102380806,0.000314298915123429,0.000116994548847207,9.7164964296833e-05,0.0315878672025942,2.31345153087698e-05,0.00188810694227145,0.00128727053039512,7.96488312773359e-05,0.0909421101718498,0.000683129187760387,6.24631913336784e-05,0.000801445708910953,0.000106088277344501,0.000161611114085549,0.000281249607539472,7.93183382014963e-05,1.15672576543849e-05,0.000482519890725769,3.86676898732295e-05,0.000409811414041064,0.000926372091578309,2.87528975980424e-05,0.000544322095907769,0.0032123926971606,0.00235939006841868,0.000167559989450661,5.05654406034539e-05,0.133223411336309,5.28788921343309e-06,7.5021928215582e-05,3.43712798873151e-05,0.000108071235799539,0.000722127370709456,1.6855146867818e-05,0.00454097486203567,0.000186067601697677,0.0014508646029357,0.00552617472111342,0.0603738141082206,0.0155477162597966,0.000746583858321584,0.000376101120305429,0.000425675081681364,9.98089089035496e-05,5.32093852101705e-05,0.000138146105700939,2.28040222329302e-05,0.00200741494264954,5.61838228927266e-06,0.0051702336784342,5.94887536511223e-06,0.00205037904250868,0.00440051530480385,2.71004322188446e-05,6.60986151679136e-05,5.68448090444057e-05,0.0004435217077767,0.00906939098718943,5.05654406034539e-05,4.56080444658604e-05,1.12367645785453e-05,0.000312646449744231,0.000209863103158126,7.73353797464589e-05,8.29537620357316e-05,2.9083390673882e-05,0.00044385220085254,0.000377423092608787,0.000276622704477719,0.00160189993859439,7.40304489880633e-05,0.00121489254678625,8.55977066424481e-05,4.46165652383417e-05,0.001563562741797,7.20474905330258e-05,0.000259106571458221,0.0173214725978276,0.000317603845881825,0.000279266649084435,0.000439886283942465,0.000664952068589211,0,0,0.00475910029208978,0.000798801764304236,1.15672576543849e-05,0.0041628907832752,6.74205874712719e-05,0.000122943424212319
0.000363140475606766,2.4515812699191e-05,2.4515812699191e-05,9.95954890904634e-05,0.00431631527335131,2.75802892865898e-05,0.00013636920813925,0.000242093650404511,0.000252819318460407,0.000959181171855847,0.0103717210100515,0.000553138024025496,0,0.000101127727384163,0.000110321157146359,0.00092393969110076,2.4515812699191e-05,0.000784506006374111,0.000366204952194165,0,0.000188465310125031,0.0032498774209365,0.000157820544251042,2.60480509928904e-05,0.00239029173817112,0.00252972542289777,5.51605785731797e-05,0.000533218926207404,0.001901507722481,0.000556202500612895,0.00211755332189262,0,0.0027135940181417,0.000260480509928904,0.00176667075263545,0.00198884530522187,0.00144796518754597,0.00778223829369943,0.00199344202010297,0.00451397401323854,2.4515812699191e-05,0.000288060799215494,0.000851924491296886,0.00251287080166708,0.000528622211326305,0.0016318337827899,0.0161926942878156,0.000511767590095612,0.00115071095856828,7.96763912723707e-05,0.000263544986516303,5.20961019857808e-05,5.51605785731797e-05,5.36283402794803e-05,0.00167013974013239,0.00147860995341996,0.000749264525619024,0.00255730571218436,0.000284996322628095,0.00731643785241481,0.00101893846531013,0,0.000419833292473645,0.000102659965677862,0.00204094140720765,0.000657330227997058,0.00334947291002697,0.000203787693062025,0.00390720764893356,2.75802892865898e-05,0,0.0249724197107134,2.75802892865898e-05,0.000200723216474626,0.00168699436136308,0.0344339911743074,2.4515812699191e-05,0.00013483696984555,0.000360075999019368,0.000306447658739887,7.50796763912724e-05,0,0.00013483696984555,0.000827408678597695,0.00140506251532238,0,0.00172223584211817,0.0114672713900466,0.000442816866879137,0,0.000104192203971562,0.00168546212306938,0.000278867369453297,8.27408678597695e-05,0,0.0104391394949743,2.75802892865898e-05,0.120259254719294,0.00954737680804119,0.000436687913704339,0.00103426084824712,0.00307213777886737,7.96763912723707e-05,0.000476526109340525,5.20961019857808e-05,0.4465953665114,0.00142344937484678,0.00120893601372886,5.36283402794803e-05,0.000478058347634224,0.0100131772493258,0.000862650159352782,0.000137901446432949,0.000959181171855847,0.000592976219661682,0.00178199313557244,0.00078910272125521,0.001075631282177,0.000283464084334396,0.00177739642069135,0.00319165236577593,0.000962245648443246,0.0224043883304732,0,0.000206852169649424,0.00287141456239274,0,0.0086908556018632,0.0830350576121598,0.0117492032360873,0,0.000401446432949252,0.020355785731797,0.000330963471439078,0.00453082863446923,0.00095151998038735,0.00153530277028683,0.000159352782544741,0.000429026722235842,5.51605785731797e-05,0.0115132385388576,0.000284996322628095,0.00018999754841873,0.000606766364304977,0.0132599901936749,5.20961019857808e-05,0.00048878401569012,0.000608298602598676,0,8.12086295660701e-05,0.000795231674430007,0.00849932581515077,0.000104192203971562,0.000520961019857808,0.00029878646727139,0.000252819318460407,0.000110321157146359,0.000307979897033587,0.000496445207158617
0.000638671777232714,6.9722041461374e-05,0.000118885019414907,1.51958295492738e-05,0.000848731773943264,0.000100560636723136,0.00181992405660715,0.00188964609806852,0.000405818036198254,5.94425097074535e-05,0.00516613511058988,8.31301263577921e-05,0.000255647485358371,3.84365100363985e-05,0.000285592208293705,0.00165858010168692,0.000168941869694868,0.00251580366273124,3.70957015467567e-05,2.90508506089058e-05,0.000227937443239107,0.0169777640320078,0.000325369526819745,7.6426083909583e-05,0.00298553357026909,0.000342353101021875,0.000272631059560501,0.002648990639369,0.00149947082758275,5.22915310960305e-05,0.0131868514956272,3.84365100363985e-05,0.0116645869237205,0.00110795474860735,0.00167779835670511,0.000532747906551011,0.000172964295163793,0.182335652634063,0.000830407391251493,0.000565821182628843,3.03916590985476e-05,0.000214976294505903,0.00135868593617037,0.0073570161826646,0.000262798463969794,0.000426824035869309,0.00201165967062592,0.0075496456690098,0.000155086848635236,2.27937443239107e-05,0.000256094421521585,2.18998719974829e-05,0.000268161697928361,6.12302543603092e-05,0.000942588368218191,0.0709470934847434,0.0019209316294935,0.0017157879305783,0.000459003439620712,0.0345316287783983,0.000668616500168048,7.15097861142297e-05,0.0012348846189601,0.000671745053310545,0.00076873020072797,0.000397773185260403,0.00506512753770353,0.000569396671934554,0.00395493810828012,7.68730200727969e-05,0.000972980027316738,0.038851266795861,0.000133633912800967,0.00547943736100285,0.0125289614633763,0.0039415300233837,0.000223021145443754,0.000699902031593023,0.000580123139851689,0.000736550796976566,0.000227490507075893,3.08385952617616e-05,2.23468081606968e-05,0.000408946589340751,0.00697667350776954,5.31854034224584e-05,0.00229457026194035,0.00085051951859612,0.000307492080291188,4.02242546892542e-05,5.89955735442395e-05,0.00121790104475798,0.000706606074041232,0.000190394805529137,5.27384672592444e-05,0.000663253266209481,0.000138997146759534,0.00161612116618159,0.117809244070051,8.89402964795732e-05,0.000419226121094672,0.00222976451827433,0.000257435230011227,0.000380342674895059,0.000614537224419162,0.104485183172317,0.00212518145608226,0.00045766263113107,3.93303823628264e-05,0.0042686872948563,0.00238351055841992,0.000878676496878598,0.000168941869694868,0.0202238613854306,0.00098906972919244,0.000217657911485187,0.000510848034553529,0.00013855021059632,0.00054392131063136,0.000160003146430589,0.00164740669760657,0.00202328001086949,0.000610067862787022,5.45262119121002e-05,0.000250284251399804,0.0449626718916484,0.00019307642250842,0.000393303823628263,0.00158170708161412,0.0090634184538154,1.60897018757017e-05,3.70957015467567e-05,0.00200495562817772,9.92198282334938e-05,0.000384365100363985,0.000672638925636973,0.000720461095100865,0.000325816462982959,0.000450064716356433,0.000127823742679186,0.142467159130727,0.000227490507075893,0.000269502506418003,0.000608727054297381,0.0466225928018249,0.000416097567952174,0.00210015303094228,0.00129119857552506,1.43019572228459e-05,0.000347716334980442,0.000225255826259824,0.000328051143799029,8.89402964795732e-05,0.000783926030277243,0.000988622793029226,0.000151511359329524,8.04485093785085e-06,0.000101454509049563,0.00022480889009661
3.38853320363889e-05,0.00290417228100109,0.000271082656291111,0.0123362541160712,0.000370745397574608,3.38853320363889e-05,3.38853320363889e-05,0.00153679947059152,0.000707605463112826,0.000574057389792941,0.0106977986493705,0.000492333941940474,0.000781355891662614,0.00164044872152635,0.000263109636988431,0.00328488395270405,0.000139527837796895,0.00058203040909562,0.0277580667022795,0.000380711671702957,3.38853320363889e-05,0.00088699839742312,0.000137534582971225,0.000101655996109167,0.00340248598741858,0.00294802388716583,0,0.0011401417602832,0.00830190634891527,0.00815041898216436,0.000416590258565016,0.000394664455482647,0.00417786211460418,0.00566283695972828,0.0150630267175877,0.00126970332395175,0.00141521092622565,0.00488746083254268,0.000424563277867696,0.00500107635760586,0,0.0018696730264784,0.194721063919696,0.00442303245816158,6.77706640727777e-05,0.000500306961243153,0.100571665484002,0.0003049679883275,0.0971392806741985,0.000245170343557402,6.37841544214379e-05,0.000466421629206764,0.000169426660181944,0.000105642505760506,0.000550138331884902,0.000912910710156829,0.000705612208287156,0.00163646221187501,0,0.00583625012956156,0.000926863493936519,0,0.00785741052279088,0.00222247913062198,0.0222606698930818,6.77706640727777e-05,0.00481570365881856,0.000988654393532287,0.00321910654345694,3.38853320363889e-05,6.77706640727777e-05,0.00356194637347217,3.58785868620588e-05,6.37841544214379e-05,0.000926863493936519,0.00667142390151727,0.00112818223132918,0.00118797987609928,0.00110625642824681,0.000332873555886879,0.000237197324254722,3.58785868620588e-05,0.000137534582971225,0.000651794327994068,0.000358785868620588,0.000972708354926927,0.000384698181354297,0.0168190842190029,0.000418583513390686,0,0.000231217559777712,0.0328309002336095,0.00131156167529082,0.000510273235371503,0.0003049679883275,0.000404630729610996,0.000342839830015228,6.57774092471078e-05,0.000514259745022843,0.114135764572686,0.0190575093882302,0.00133149422354752,6.37841544214379e-05,0.000544158567407892,0.000376725162051617,0.0204527877661992,0.00030895449797884,0.00185970675235005,0.000277062420768121,0.000446489080950065,0.0020749782735224,0.000857099575038071,0.00317126842764086,0.000103649250934837,0.000165440150530604,0.000472401393683774,0.00119595289540196,0.00191551788746881,0.000199325482566993,0.0117243248845905,0.000916897219808169,0.000139527837796895,0.000139527837796895,0,0.069961251126189,0.000849126555735391,0,0.00148298159029843,0.0041898216435582,0.000173413169833284,0,3.58785868620588e-05,0.000673720131076437,0.000239190579080392,0.0123741259577589,0.0243316616569529,0.0109310094639739,6.57774092471078e-05,0.000135541328145555,0.000103649250934837,0.00686277636478158,0.00105841831243073,0.000386691436179967,0.00030696124315317,0.000131554818494216,0.000169426660181944,0.000982674629055277,0.00695247283193673,0.000376725162051617,0.000514259745022843,0.000992640903183627,0.000779362636836944,6.37841544214379e-05,0.00402836800267893,0.00790524863860695,0.000271082656291111,0,9.56762316321568e-05,0.00770791641086563
0.000668862667104683,0.000943510700322889,0.000279383344135761,0.00844246745213636,0.000551071808030495,0.000188228608972822,0.000292405449159038,0.00049128850769636,0.00368525572158739,0.00230491258912003,0.0087774906995534,0.000674781805751627,0.000221967699260404,0.00566343185739611,0.000284710568918011,0.00418068762633662,7.87245440043565e-05,0.000439200087603252,0.00462284728326334,0.000157449088008713,0.000388295495239533,0.00163427418042126,0.000248603823171652,8.05002855984397e-05,0.00200244460426119,0.000645778026381601,0.000119566600668271,0.000912139265494085,0.00481166780610086,0.00133831724807406,0.00150760461337666,0.000535090133683746,0.00380008701133811,0.00354911553270768,0.0832787292793153,0.000163960140520351,0.00375687729921542,0.00277193262836392,9.41143044864111e-05,0.0107905897533791,1.06544495644994e-05,0.000485369369049416,0.0507086688745054,0.00214864732884071,0.000545152669383551,0.00120099323146496,0.222693385658519,0.000812697736225425,0.00462462302485742,8.22760271925229e-05,0.000133180619556242,8.87870797041614e-05,0.000223743440854487,0.000120158514532965,0.0013554827501502,0.000522068028660469,0.0005611343437303,0.000240908942930625,0.000438016259873863,0.00427835341401119,0.001969889341703,1.06544495644994e-05,0.00112049294586652,0.000354556404951951,0.0605462773057265,0.000175206503949545,0.00669868920674663,0.000327920281040703,0.00144900514077191,0.000268136980706568,4.9128850769636e-05,0.00176153566133056,0.000146794638444214,0.000109504064968466,0.00171063106896684,0.00946825417965178,0.00167156475389701,0.000978433618339859,0.000290629707564955,0.0002858943966474,0.000241500856795319,4.9128850769636e-05,5.20884200931081e-05,0.000604935969717687,0.000484777455184722,0.000800267545066842,0.00139632480681411,0.0429676193520319,0.000619141902470352,0,0.000177574159408323,0.0315709098012057,0.000493064249290443,0.000121342342262354,2.07169852643043e-05,0.000778958645937843,0.000279975258000456,0.000538049703007218,0.000480634058131861,0.00476549852465469,0.141272082086615,0.00115541586388349,0.000182309470325878,0.000490696593831666,0.000308387123505787,0.0109551418077641,0.000760609316132316,0.000968371082640054,4.9128850769636e-05,0.00119921748987087,0.00316141195133284,0.00045103836489714,0.000587770467641549,0.000149754207767686,0.000266953152977179,0.000820392616466452,0.00106307730099116,0.00107313983669096,0.000581851328994605,0.00289978602313791,0.0015141156658883,0.000136732102744409,0.000442751570791418,2.84118655053317e-05,0.00504724952424923,0.00110510318538446,0.000261625928194929,0.0011122061517608,0.010602953058271,0.000333839419687647,9.47062183511055e-06,0.000153305690955852,0.00067655754734571,0.000442751570791418,0.00994533675459547,0.104932122277566,0.0209188278921651,0.000458733245138167,0.000549296066436412,0.000241500856795319,0.004807524409048,0.00197107316943238,0.00024564425384818,0.000499575301802082,0.00106070964553238,1.89412436702211e-05,0.000278199516406373,0.00220073574893381,4.20258843933031e-05,0.000336798989011119,0.000490696593831666,0.00104650371277972,0.000202434541725488,0.000714440034686152,0.000681292858263265,0.000789021181637648,2.84118655053317e-05,0.000162776312790963,0.0246253925128815
0.00058775692023623,0.000298003070084685,0.000520044573285039,0.000160859788696231,0.0124566658165387,0.000943504529852896,0.00428443860277463,0.00319279183162242,0.000429646871517712,0.000733836856552252,0.221902297613982,0.00224069436433917,0.000224447525680853,0.000309689464989967,0.00146079936316022,0.00961962159453297,0.000278411172743477,0.0298377722156649,0.000140236738863381,0.000421397651584572,0.00140992917357252,0.00371558614488517,0.000634158782360143,0.000119613689030531,0.0067241453980008,5.36199295654105e-05,0.00120541726273009,0.0034591728919634,0.0122143449810027,0.000118238819041674,0.0163434232750366,8.73042442923991e-05,0.0122724332380319,0.00304774304779804,0.00174024168839534,0.00478007923375746,0.00133431132418541,0.0104239205380141,0.00664818383111647,0.0024620484325451,0.000158453766215732,0.000914288542589691,0.0010648368063695,0.0160412955949853,0.00177255113313347,0.000872698725426777,0.00353375958885888,0.00314776483948737,0.000392525381818582,2.88722697659903e-05,0.00076992719375974,0.00023166559312235,0.00129065920203921,0.000503889850915973,0.00234655935348114,0.0115561259738376,0.00331618641312231,0.00351141795153996,0.0004244911090595,0.029006663307401,0.00133671734666591,8.45545043146857e-05,0.00599374571642069,0.00174986577831734,0.0008902283177847,0.00163025208928681,0.0133386449143903,0.00246239215004231,0.00725140803872734,0.000637939674829499,0.00037671437694673,0.00196847010654555,0.000367777722019162,0.000466080926222414,0.0677192213011357,0.0617746271868167,0.000284254370196118,0.0029085374614263,0.00665437074606633,0.000909820215125907,0.000214823435758856,0.000186638600987294,0.000319657272409178,0.0163839819397078,0.0291513683737282,0.000281160912721191,0.0090260214768441,0.000899164972712268,0.00214514090011363,0.000121675994013816,0.000521419443273895,0.00699740080828607,0.00102530929418987,0.000783332176151093,0.000349560694666811,0.00137486998885668,0.000439270961439709,0.000200731018373075,0.0024644544550256,0.00019041949345665,0.000702214846808549,0.0918540328030231,0.000329625079828389,0.00445904709135942,0.000708401761758404,0.00534102618921098,0.0174416006786358,0.00359219156338529,0.000350248129661239,0.00358841067091593,0.0149321192314752,0.00127312960968128,0.000613192015030079,0.00674030012036987,0.000806361248464442,0.00179626764044125,0.00530459213450628,7.63052843815457e-05,0.00172339953103185,0.000176670793568083,0.00445767222137057,0.00478489127871846,0.000318282402420321,0.000227197265658566,0.000394587686801867,0.0520677013479913,0.000292847307626473,8.18047643369724e-05,0.00204202565094938,0.000960002969719176,5.74008220347663e-05,0.0011108949509962,0.0030903640174526,0.000608723687566295,0.000239571095558276,0.00183991976258745,0.00400740230002,0.00165946807655001,0.000833171213247147,0.000604599077599724,0.0037791738818698,0.000637252239835071,0.00296490713096943,0.0013655896164319,0.0195654310939222,0.000479485908613767,0.00581913722783589,0.000958284382233105,0.000140236738863381,0.00169521469626028,0.00140958545607531,0.000384619879382656,0.000248851467983059,0.00189766430211943,0.00257238174915085,0.000363996829549806,0.000156047743735233,0.00160516071199017,0.000865824375482493
0.0277314613685454,0.000744971822626339,0.00289804747015524,6.42480832655159e-05,0.00650052928182881,0.000193509107930661,0.00130408311866315,0.000665426576678558,0.00203375777860722,0.000435204278310459,0.0163144240006364,0.00172322537615723,0.00148611935458211,0.000248578893586818,0.0054870922541287,0.0534941778998831,0.00144711158974233,0.0010593285157469,0.000103255848105293,0.00105320965067399,0.0175710859149845,0.000718201787932374,0.000208041412478813,0.000883411144900844,0.0336323418732293,0,1.22377301458126e-05,0.0011801761009368,0.00468399121330975,0,0.00169033647639036,0.00047956605008903,0.00308849714554944,0.0130002937055235,0.00133697201843002,0.00715448298649566,0.000228692582099872,0.000286821800292482,0.000291410949097161,0.00155725116105465,0,0.000190449675394208,0.000208806270612927,0.00272671924811386,0.0066557954830538,9.10181179594809e-05,0.00239247624350635,0.000719731504200601,0.000269230063207876,0.000126966450262805,0.00506412570596406,3.7478048571551e-05,0.0267922155798542,0.00961044245513342,0.000217219710088173,0.00117864638466857,0.000738852957553433,0.000551462714695678,0.000217984568222286,0.0032820062534801,0.000268465205073763,1.22377301458126e-05,0.0115501226832447,0.000325064706998146,0.000234046589038665,0.000618005372363534,0.0029018717608258,0.000983607560469684,0.00199245543936511,0.000920124335338281,7.57209552772152e-05,0.000407669385482381,6.42480832655159e-05,2.60051765598517e-05,0.00659001768352006,0.0174318817345759,0.000932362065484094,0.000580527323791983,0.000199627973003567,0.0411317758782101,0.00172857938309602,0.00167197988117164,0.00551998115389558,0.000584351614462549,0.000302883821108861,0.0006333025350458,0.0697145243500236,0.000272289495744329,0.0056079398393186,0.000105550422507633,0.0015427188565065,0.00354358773534685,0.000755679836503925,0.000206511696210587,0.000773271573588531,0.000237870879709232,0.000115493578251106,0.00010019641556884,0.000117788152653446,5.20103531197034e-05,0.00030747296991354,0.00112434145714653,0.115840058985859,0.000539989842683979,0.000564465302975604,0.0026716494624577,0.00358794950712542,0.00234276046478899,6.42480832655159e-05,0.000325064706998146,0.00280320506152519,0.000185860526589528,0.00347475050327665,0.000445912292188045,0.00020268740554002,0.00114728720116993,0.00231599043009503,0,0.00120694613563076,7.87803878136683e-05,0.00690819866731119,0.00125283762367756,0.000329653855802826,0.00102873419038237,0.000259286907464403,0.00296688470222543,0.000448206866590385,1.37674464140391e-05,0.000624889095570554,0.000168268789504923,0,0.0227575889224067,0.00015373648495677,0.0120885828096605,6.65426576678558e-05,0.000847462812597519,0.00200469316951092,0.292149037196581,0.000145323045481524,0.0204477173573845,0.000374780485715509,0.000302883821108861,0.0012436593260682,0.000172857938309602,0.000118553010787559,0.000178211945248395,0.00106162309014924,0.00527446169284521,1.37674464140391e-05,0.00307396484100129,0.00724473624632103,3.82429067056642e-05,0.0177309412650142,0.000335007862741619,0.00100043443942018,0.00122530273084948,0.000159090491895563,0.000601178493413042,0.00106391766455158
0.000929193668975572,0.000227748121778041,0.000195546030788933,8.91391214336184e-05,0.024793276576759,0.00426047664695028,0.0242131722419842,0.00411860076780986,0.000676710607742129,6.34707880365032e-05,0.0107816334207301,0.000471830637536064,0.00030008615226082,0.00012507478818958,0.000957662184197827,0.00526854210400062,0.000497498970933179,0.00598258846941128,8.68056365793352e-05,0.000895124790103037,0.00106640257840742,0.00362483537264353,0.000663643092558143,0.000133942030635856,0.00493018680012956,3.12686970473949e-05,0.000185745394400943,0.00659956186488376,0.110021010697628,4.66696970856641e-05,0.00367243846367091,8.21386668707688e-05,0.0166120786776421,0.00302979673480131,0.00201566421712983,0.00778870574662648,0.000587104789337654,0.00436501676842216,0.000236615364224317,0.00147662921579041,0.000133942030635856,0.00178231573170151,0.000400892697965855,0.0325567806869593,0.000678110698654699,0.000270684243096852,0.00145329436724758,0.00331821546279072,0.000228681515719754,1.68010909508391e-05,0.000781250729214017,0.0022205441873359,0.00200399679285842,0.000613706516676483,0.00208660215670004,0.00269937527943481,0.00290985561329116,0.00749842023075365,0.00184531982276716,0.0327369257177099,0.00114574106345305,0.000130675151839859,0.00548415610453639,0.00133101976088314,0.000133008636694143,0.0265233222477246,0.0740844105477249,0.00469123795105096,0.0126880905466795,0.00165304067077422,0.000554902698348546,0.000545102061960557,0.00104120094198117,0.000149809727644982,0.0155988795539124,0.00415640322244924,0.000261350303679719,0.0124785436067649,0.0110905868154372,0.000782650820126587,0.00060017230452164,0.000229148212690611,0.000494698789108039,0.00256916682456581,0.00108787063906683,8.91391214336184e-05,0.0037564439184251,0.000187145485313513,0.0004251609404504,0.000572170486270242,0.00011807433362673,0.00175198042859583,0.0023152836724198,0.00280578218879013,0.000158210273120401,0.000398559213111571,0.00378911270638507,2.3334848542832e-05,0.000568903607474245,0.000234281879370034,0.000351889516025907,0.00386985128234327,0.000301952940144247,0.0711684878738126,0.000390158667636152,0.00122414615455697,0.0950792404786817,0.0554874696530295,0.00256730003668238,0.00264897200658229,0.00222241097521932,0.000992664457012075,0.000637508062190172,0.000534368031630854,0.00136088836701797,0.000291685606785401,0.0253010428810511,0,0.00379471307003535,0.000143742667023845,0.00879957138550197,0.0475886234212808,0.000331354849308215,0.000283285061309981,0.000148876333703268,0.00335041755377983,0.00141082494289963,1.68010909508391e-05,0.00193352555025906,0.000174544667100384,0.00106780266931999,0.000880190487035625,0.000576370759007952,0.000504032728525172,0.000198346212614072,0.00130955170022373,0.00161617161007655,0.0013562213973094,0.000934794032625852,0.000195546030788933,0.00281511612820726,0.000277218000688845,0.000205346667176922,0.00103373379044746,0.00101973288132176,0.000316887243211659,0.0946741475079782,0.00132915297299971,0.000693511698692968,0.00183318570152489,0.000590838365104507,7.88717880747723e-05,0.000139075697315279,0.00297379309829852,0.00253976491540184,0.000120407818481013,0.00216594064174567,0.000556302789261116,0.000553502607435976
0.000151717372854061,3.36207958466168e-05,0,9.60594167046196e-06,0.000170081673106415,0.000202572358168271,0.000824133289786398,0.0249534111828983,3.84237666818478e-05,5.82007054151518e-05,0.00145586521846737,0.000158498037562622,1.4691440201883e-05,1.44089125056929e-05,3.4185851238997e-05,0.000569858363215346,0.000101144915236041,0.00034157598469378,2.4579909568535e-05,0.000533412290406829,7.43047840979851e-05,0.00245968612303064,0.0505976025829812,7.8825227237026e-05,0.000592178051214361,3.39033235428069e-05,0.00310102399338207,0.0145224886395613,0.002858615230051,4.52044313904092e-06,0.00108095096562316,3.87062943780379e-05,0.0179492670666505,0.000142111431183599,0.00019579169345971,0.000672698444628527,0.000405144716336542,0.000795315464775012,4.915981913707e-05,0.000287330667025288,0.00121543414900963,0.0033558639753455,0.000435940235221259,0.00256422137062096,4.80297083523098e-06,0.000114423716956973,0.000170929256194985,0.000963984499400476,0.000190423667232099,0,0.000137590988044558,9.43642505274792e-05,8.61709473379675e-05,4.80297083523098e-06,0.0106366027061633,0.000424074071981276,0.0206496667868351,0.00398787843172266,0.000641902925743811,0.00786444095114644,0.0204256223237564,0,0.000434527596740308,0.0862110662708265,0.000133635600297897,0.000166126285359754,0.00534542401191589,0.000364178200388984,0.003887298571879,0.000173472005460695,0.000805768989534044,9.54943613122394e-05,6.8936757870374e-05,0.000133353072601707,0.000871597942746327,0.000583419692632469,1.52564955942631e-05,0.000808029211103564,0.000228282378521566,0.000183077947131157,2.40148541761549e-05,0,2.37323264799648e-05,8.50408365532073e-05,0.000124594714019815,1.38438571133128e-05,0.00019663927654828,6.69590639970436e-05,5.33977345799209e-05,5.11375130104004e-05,4.15315713399385e-05,0.000438482984486969,0.00169318848326701,0.000341293456997589,2.37323264799648e-05,3.36207958466168e-05,0.000238453375584409,9.60594167046196e-06,0.000172059366979745,0.000187315862574008,8.70185304265377e-05,0.000413338019526054,4.68995975675495e-05,0.000278854836139587,0.244540434798823,0.000790512493939781,0.000585962441898179,0.000307955188847163,6.46988424275232e-05,0.0030917005794078,0.000184773113308298,0.00980710139014928,0,0.000121204381665535,0.00282019146336915,0.000163583536094043,0.000348074121706151,0,0.000208222912092072,4.23791544285086e-05,0.000369546226616595,0.000427746932031747,4.4074320605649e-05,9.88846936665201e-06,9.06913904770085e-05,0.000290438471683379,0.000163583536094043,1.44089125056929e-05,0.00034185851238997,9.46467782236693e-05,1.41263848095029e-05,3.72936558970876e-05,9.91672213627102e-05,5.4245317668491e-05,1.9494411037114e-05,0.000170646728498795,0.000270096477557695,5.3962789972301e-05,0.00114932266810115,1.9494411037114e-05,0.00100099562760137,3.4185851238997e-05,6.21560931618126e-05,0.00222095021975004,0.000291851110164329,0.0132836046917679,0.000773560832168377,0.000117248993918874,6.44163147313331e-05,0.000112728550779833,3.4185851238997e-05,0,1.9776938733304e-05,0.00049244577445927,0.409811226294514,0,4.4074320605649e-05,5.08549853142104e-06,6.75241193894237e-05
0.000234897776043222,0.000105710784250532,0.000111545910980664,5.33303443009742e-05,0.000936877091740269,0.000225466582839869,0.000791745276905939,0.00159617856193437,0.00016168729067331,0.00022139556419094,0.00500518172823698,0.000149813486280599,0.000112835066886158,9.19371711549873e-05,0.000284632053870976,0.00186995456607487,7.79600071269966e-05,0.000481872907411602,0.000219224354244844,0.000171593436052371,0.000326088593779239,0.00354185407487933,0.000529435975293259,5.51623026929924e-05,0.00294165022540552,0.00141277917180011,0.000184959947283022,0.00265783237526433,0.00435381874440829,0.000189370217486029,0.00252423511326863,4.30849473678354e-05,0.00901778125955417,0.000407101864892933,0.000596607783000593,0.00137437589587854,0.000352753765929726,0.0157958237590891,0.000382675752999357,0.000632636298043618,8.69840984654566e-05,0.000582562768661787,0.000862988103262202,0.00726174736533851,0.000293384743966174,0.000192423481472726,0.00660278514669848,0.00162487924340933,0.000475291427262499,6.6493304599179e-06,0.000507045372724148,3.9421030583799e-05,0.000247925035719796,0.000134750717279561,0.000673482185154542,0.00329481109320014,0.00168791218215692,0.0023186486714977,0.000291552785574155,0.0227899016482605,0.000407712517690272,8.75269009519806e-06,0.00136331629521562,0.00068915560695292,0.000235915530705455,0.000271401243261955,0.0102978452233992,0.00076345169729588,0.00260280577319297,6.10652797339399e-05,0.000226077235637209,0.0377852952906592,0.000159448230416399,0.000299966224115276,0.0026353739223844,0.00668427336998788,7.82314083702586e-05,0.000800972919176845,0.000231912362367341,0.000254099414004006,8.37272835463132e-05,3.50107603807922e-05,5.93690219635527e-05,0.000374262314458236,0.000446183643922654,9.91293041014292e-05,0.00137132263189184,0.00177102881290589,0.00115752630251224,2.78864777451659e-05,0.000143842658928836,0.00263428831741135,0.000574556431985559,0.00036367766597102,4.26778455029425e-05,0.000551555176619109,7.5788797180901e-05,0.00419559181958657,0.0047533892248007,0.000238290291583997,0.0004906255975068,0.000838901242922704,0.000120637852629939,0.000267737326477919,0.000205247190216854,0.737392157019732,0.00102894996351689,0.000784756694891944,5.89619200986598e-05,0.00159393950167746,0.00338566265938208,0.000441094870611493,0.000177767814336581,0.000516408715616685,0.000553862087186835,0.000226416487191286,0.000375687170985362,0.000265973218396716,0.000440144966260076,0.000626665470691855,0.00157426291154097,0.00109327205816997,0.000645460006787745,3.90817790297216e-05,0.000159244679483952,0.0016619933634254,0.000258441833896197,0.0020553894655336,0.00314106228889224,0.00323347441222294,1.39093137171752e-05,0.000228791248069828,0.00199880230631349,0.000219427905177291,0.00205423601024974,0.00074404650840265,0.00149915261746823,0.000647156264558132,0.000167793818646704,0.000140450143388062,0.0243592793374227,9.53296866957618e-05,0.000176885760295979,0.000264344810937144,0.00238073170589387,0.000437770205381534,0.00151333333242866,0.00065590895465333,3.6232065975471e-05,0.000147506575712873,0.000291281384330894,0.000741264645659215,5.42123983415756e-05,0.000678638808776519,0.000891824485358785,5.82155666796894e-05,8.24381276408189e-05,9.02409133846001e-05,0.000622323050799663
0.000134212175836799,5.8815999033812e-05,8.35117375005312e-05,5.34928893289714e-05,0.00567940899869078,0.00110860304410319,0.0124334753091047,0.00270221992000151,0.000125223974204036,2.67028126177247e-05,0.00859219717636082,0.000145207451620568,5.34928893289714e-05,3.37712041930048e-05,0.000286313490845604,0.00169815925993766,0.000167547059562194,0.0134186869249678,2.17287592869721e-05,0.00019206826984187,0.000250884268875682,0.00308941070295852,0.000626032606926657,5.84669426597241e-05,0.00307998618085815,2.97570558909939e-05,8.49079629968828e-05,0.00459742150311179,0.0181312970315286,1.36131985894283e-05,0.015023822661211,1.39622549635162e-06,0.0235961236242488,0.000294341787449626,0.000488678923723067,0.00237079089280505,0.000296436125694153,0.0047161879343952,0.000188054121539859,0.000644358066566272,0.000100353707550273,0.00157651311356802,0.000305598855513961,0.089908021027505,0.000190584780251996,0.000218422026085506,0.00119167846113611,0.0052379399495631,4.48537440702958e-05,6.02122245301636e-06,0.00021109184222966,0.000354641276073311,0.000261006903724231,6.90258979758832e-05,0.00150565466962818,0.00548245393961168,0.000938961646296464,0.00580437118061425,0.00073127310371416,0.0732869163984678,0.00094454654828187,5.26202483937516e-05,0.00117762894207907,0.00141568538920702,0.000132641422153404,0.00375034894729397,0.105825951590942,0.00222471080024926,0.00659934707259945,0.000595315646006922,0.000374101168928712,0.000478818081155083,0.000422620004926931,0.000188839498381556,0.0573273608624206,0.0033915189947316,8.89221112988937e-05,0.00487727745103677,0.0108347971157821,0.000137179155016547,0.000153584804598678,0.000106025873629201,0.000252804078933165,0.00106470920506163,0.0020425906370689,1.03844271291152e-05,0.00162354845997637,0.000238230975314995,0.000638598636393822,0.000145032923433524,0.000105938609535679,0.00159352961180481,0.00110336719849187,0.000814348520747082,7.74032509539929e-05,0.000140669718757426,0.000691480677068139,1.69292341432634e-05,0.000355601181102053,5.59362839475867e-05,0.000153148484131068,0.00308548381875003,0.000147127261678052,0.00981529071116484,0.00031397620849207,0.00185933604067275,0.244179244985827,0.0095796776586555,0.000414242651948821,0.00224041833708322,0.00163768524312693,0.000743315548620193,0.000133688591275668,0.000815046633495258,0.000515119944060225,0.000118068318535234,0.0052089682705138,7.330183855846e-06,0.00118417374909322,3.09787532003015e-05,0.00300720792686082,0.0974054901506327,3.98796907395431e-05,9.33725800685145e-05,0.000142415000627865,0.00715504482014739,0.000313365359837417,3.69127115597959e-05,0.000361884195835635,0.000106200401816245,0.00019913666141715,0.000139622549635162,0.000261966808752973,0.000170775831022507,3.76980884014937e-05,0.000265544636587374,0.000799775417128912,0.00053562700603789,0.000488155339161935,0.000104978704506937,0.00147589761373718,0.000207426750301737,0.000180636673590491,0.000652386363170294,0.00114769735800103,0.000204110714747902,0.0733518408840481,0.000437891221293277,0.000173306489734645,0.000681183514032546,0.000258825301386181,2.46084743731973e-05,5.38419457030593e-05,0.0016212795935448,0.000897772994154091,0.000108382004154294,0.000222174382106951,0.000158733386116475,0.000201492791942243
0.000247961444821452,2.0642974593659e-05,9.41221341591834e-05,4.59551934406457e-05,0.00580239610870099,0.00852112501262539,0.0708174445914301,0.00324782800273569,0.000101986124480577,0.00056817330072071,0.004727732681343,0.000114027859660212,5.40649334595831e-05,6.24204231760642e-05,0.000565961553442818,0.00411802768173743,0.000268358669717567,0.000852997200173696,0.000115748107543017,0.000167355544027164,0.000716851867734564,0.00182149675819286,0.000560309310399316,0.000111324612987233,0.00478351786268539,2.0642974593659e-05,5.48021825522138e-05,0.00446355175648368,0.255563957464659,5.55394316448445e-05,0.0023333933781761,4.96414389037991e-05,0.0123314740730383,0.00053573434064496,0.000701369636789319,0.00374596263965648,0.000414825489453529,0.00190996664930855,0.000107638367524079,0.000650253699700259,9.14188874862042e-05,0.00314485887946493,0.000362480803876751,0.0133751730385058,0.000184803772552757,0.000175956783441189,0.00128084742359703,0.00106385044066607,0.000354616813555357,1.67109794329621e-05,0.000626907478433621,0.00585375779548759,0.000801144013992005,0.000126806843932477,0.00188539167955419,0.00185196972068827,0.0015988475322184,0.0109373360388737,0.00529172823720547,0.0282907051812146,0.00114150734508984,7.29876601704372e-05,0.00422566604926151,0.00103878397151663,0.00024648694663619,0.00978575295618455,0.0876623576095534,0.00745113082952073,0.0283314996310068,0.000778535041817997,0.000523201106070239,0.000284086650360355,0.00632780896204912,4.20231982799487e-05,0.00389193795999736,0.00307236271868958,0.00015531380884753,0.0394892731485771,0.00143345798577158,0.000207904244121852,0.000497643137525708,0.000149415816106484,0.000703335634369668,0.000944170337962356,0.000274502412156156,4.1285949187318e-05,0.00220388328757064,0.000422935229472466,0.000268604419415111,0.000415071239151072,4.22689479774923e-05,0.0018944844183633,0.00397770460444006,0.00114421059176281,0.000248944443611626,9.60881317395318e-05,0.0154699434603671,4.84126904160813e-05,0.000203234999868524,9.33848850665527e-05,0.000203972248961155,0.00117148880819015,0.000153102061569638,0.0129596102999596,0.00027130766608809,0.00335546637025976,0.0125219300886345,0.158680579703877,0.00739215090211028,0.000637966214823081,0.00112061862079863,0.000621500985087663,0.000157771305822965,0.000324143851059955,0.00121547800405045,0.00012287484877178,0.00575472066737754,7.61824062385035e-05,0.00465277902359222,0.000144500822155613,0.00425810500933726,0.0104910545881346,3.31762091683806e-05,0.000198074256220109,6.63524183367611e-05,0.00113266035597827,0.00329378319617633,4.27604473725794e-05,0.000448001698621909,7.4216408658155e-05,0.00042318097917001,0.000296374135237533,0.000111570362684776,0.000128035592420195,0.000231496215086033,0.000471102170191004,0.00160769452132997,0.000483389655068182,0.00154502834845636,0.000184803772552757,0.00110218739348287,0.000143763573062982,0.000110095864499515,0.00155141784059249,0.000433256716769296,0.000286052647940704,0.0546235225220996,0.000485109902950987,0.000189964516201172,0.00203308724777787,0.000593485519567697,0.00013393358516124,4.69381922308199e-05,0.00376685136394768,0.00138651979354076,2.92442140076836e-05,0.00160376252616927,0.000132213337278435,0.000226089721740075
0.000553316105392373,1.16128071502103e-05,0.00022337576106581,0,0.00211353090133827,0.0122945472405579,0.0348124634111186,0.00309583776498547,2.32256143004206e-05,0.000227474398883531,0.00369423888637278,0.000346334895597448,0.000221326442156949,4.3718803389027e-05,0.000327891025417702,0.000924925934199102,0.000415328632195756,0.000519843896547649,1.16128071502103e-05,0.000338137619962006,0.000267094564454837,0.00132590933403283,0.000636655074352705,0.000125008453440499,0.00155406683921932,0,4.64512286008412e-05,0.00325500153357365,0.353394799238473,0,0.00142427664165815,3.55215277535844e-05,0.00703326249520972,0.000359313915353566,0.000102465945443032,0.00619030931736504,0.000168044150526572,0.000971377162799943,9.35855635046359e-05,0.000379807104442172,0.000105198370654846,0.00184165459276276,0.000134571941681849,0.00599220848950851,0.000260946607728255,0.000157797555982269,0.00140173413366068,0.000493202750732461,1.16128071502103e-05,0,0.00125759870373748,0.0366759774055759,0.000937221847652266,0.000206298103491971,0.00161213087497037,0.000891453725354379,0.0030043015203897,0.00287109579131376,0.0100047749130576,0.00818224729677758,0.00147072787025899,6.89937365983082e-05,0.00262517752225048,0.00195778266426487,6.07964609628657e-05,0.0115444965199149,0.0549688810923689,0.00756745162411939,0.0212985714197886,0.000689937365983082,0.000143452323620245,0.000165994831617712,0.0123430477880676,2.18594016945135e-05,0.00179793578937374,0.0035719628581441,6.01133546599121e-05,0.0486808875736816,0.00163740580817965,6.83106302953547e-05,0.000926292146805009,0.000312862686752724,0.000127740878652313,0.00102875809224804,0.000280756690513908,0,0.00052394253436537,0.000278024265302094,0.000732973063069156,0.00234168840652476,2.32256143004206e-05,0.000806065437485185,0.00210123498788511,0.00351936367281667,0.000123642240834592,0.000156431343376362,0.0634482796309313,0,9.35855635046359e-05,0,6.96768429012618e-05,0.00111892812423791,9.35855635046359e-05,0.00900060864771593,0.00014823406774092,0.000542386404545116,0.00832774893930669,0.075113685966469,0.0577689338281755,0.000974792694314711,0.000978208225829479,0.000749367614340041,8.06065437485185e-05,2.32256143004206e-05,0.00015028338664978,9.01700319898682e-05,0.00528177793443682,0,0.00370380237461413,5.8747142054005e-05,0.00588974254406548,0.0076658189317447,0.00012705777234936,0.000186488020706318,6.69444176894476e-05,0.000717261618101224,0.00366759774055759,7.85572248396579e-05,0.000743219657613459,4.64512286008412e-05,0.0010014338401299,0.000219960229551042,0.000310813367843864,0.000103832158048939,0.000170093469435433,0.000187171127009272,0.00116333003392989,0.000712479873980549,0.0010308074111569,5.8747142054005e-05,0.000623676054596588,3.48384214506309e-05,0.000191952871129947,0.00169820226914252,0.000215178485430367,0.00020219946567425,0.0274301335950997,0.000254798651001673,0.000318327537176353,0.000991187245585596,0.000513012833518114,3.34722088447238e-05,3.6204634056538e-05,0.0034483206173095,0.000444019096919805,6.83106302953547e-05,0.0135002298652709,0.000321059962388167,7.9923437445565e-05
7.04640278910874e-05,4.63657262176607e-05,1.94468841019644e-05,5.09676606234691e-06,0.00077188790103446,0.000437926016036603,0.00126201865683588,0.0452075727255323,6.4179665853048e-05,9.6591139356322e-05,0.00214217572432097,9.09995416374365e-05,1.36078705548097e-05,1.69727258192717e-05,0.000184621691054527,0.00129250028687865,4.80481538498917e-05,0.000641697692199172,2.80569549257349e-05,9.59973413684758e-05,0.000156911118288369,0.0448255132035189,0.00120318317287345,1.54882308496561e-05,0.00231259574683284,8.47151795993972e-05,0.000547234328965966,0.0381280162154355,0.00351464080689625,1.60325456718485e-05,0.00560777871405425,2.1624143390734e-05,0.288487103177794,0.000125538791263826,0.000192736930221759,0.00064694290775848,0.000278590222631195,0.00729322481939016,6.52682954974327e-05,0.000346431642742628,0.000167302583075679,0.00165991279185851,0.000207779812580531,0.0203255566744799,8.96140129991286e-05,0.000119402878722748,0.000584297220040702,0.0670502337757937,5.89839334593933e-05,5.19573239365462e-06,0.00023845937528592,7.34825009959724e-05,7.79359859048192e-05,3.77061722282364e-05,0.00271687321022483,0.00418845307360477,0.0181215764762573,0.00795367663137214,0.000308725470514392,0.0829892067813907,0.00278243840471618,9.8966331307707e-06,0.000635066948001556,0.00609924551532833,7.68968394260883e-05,0.000345540945760859,0.0165847778005455,0.000752836882257727,0.00342522472655974,0.000122668767655903,0.00994581939743062,0.000655454012250943,0.000227375146179457,0.000617747840022707,0.0055409269572559,0.00120006573343725,2.45931333299652e-05,0.00133540219150054,0.00016616447026564,7.18990396950491e-05,4.20112076401216e-05,2.50384818208499e-05,2.44446838330036e-05,0.000156069904472254,0.000278689188962503,2.62260777965423e-05,0.000575390250223008,0.000131278838479673,0.000130635557326173,2.24158740411956e-05,1.67253099910025e-05,0.00126469074778119,0.00149424315324941,0.000284973551000542,5.02748963043151e-05,6.12601590794706e-05,9.73828700067837e-05,9.32757672575138e-05,0.000571233664308085,3.41928674668128e-05,7.71442552543576e-05,0.000781685567833923,2.82054044226965e-05,0.000477512548559686,0.00106240356658823,0.00202861185914538,0.00188822811818539,0.000794600674069579,4.13679264866215e-05,0.23565090873607,0.000762040751069344,0.00291614191831289,7.01671288971642e-05,0.000186601017680681,0.023861524725773,6.24477550551631e-05,0.000254739336786038,6.68022736327022e-06,0.000447674199670412,7.43731979777418e-05,0.000880206550650746,0.00227771011504688,2.03870642493876e-05,4.40400174319296e-05,5.37882010657387e-05,0.0012488066516063,0.000190411221436028,0.000100945657933861,0.000121580138011518,0.000151022621575561,3.12238775275815e-05,4.79986706842379e-05,0.000107032087309285,2.75621232691964e-05,0.000101935321246938,0.000199911989241568,0.000640213197229556,9.84220164855146e-05,0.000497008915827304,2.91455845701197e-05,0.00360658052868111,0.00012776553371825,8.82779675264746e-05,0.000773669294997999,0.000311249111962738,0.000588651738618241,0.00118131161365444,0.000393044784788558,4.77017716903148e-05,0.000133950929424981,0.000113069033519055,1.5884096174887e-05,1.35583873891559e-05,0.000878821022012438,0.00375201155253779,1.6873759487964e-05,5.85385849685087e-05,7.27897366768185e-05,0.000103172400388285
0.000710028569785387,0.000195020027389287,0.000142697581016552,0.000130589907475753,0.0134057891111368,0.000502900868855302,0.000630463857945855,0.00208338468284165,0.00190479649811488,0.000637814945452768,0.162412332876269,0.00442751676372264,0.000126698155266211,0.000266368817897563,0.000553493647579352,0.00392288622721865,0.000255125978181107,0.00559763692805837,0.000182912353848489,0.000592843586586946,0.000911534850857245,0.00418103912378496,0.000693164310210704,0.000127995406002725,0.00610226746456235,0.000111995980252384,0.00028453032820876,0.00508089871801358,0.00504154877900599,0.000185506855321517,0.00805160290463088,7.91322949273604e-05,0.011251488054699,0.00232034915071156,0.00275103639523425,0.00193030909593299,0.000900724428052961,0.00341825569071467,0.014789090813173,0.00561060943542351,0.000203668365632715,0.000830240471369028,0.0012354151180736,0.0123351248366005,0.00306107932126112,0.00254866528033805,0.00877373914795707,0.00364008556665858,0.000648625368257053,3.67554375345663e-05,0.000514576125483929,0.000320420931918984,0.000914994186154616,0.00032215059956767,0.00236099634045567,0.00361154605045527,0.00106850218997545,0.0021309505431805,0.000217073289910027,0.0210491904506779,0.00179063843330164,3.45933529737095e-05,0.00269266011209111,0.00200727930629949,0.000689704974913333,0.00108233953116494,0.0145525587622152,0.00106547527159025,0.00304897164772032,0.000460524011462508,0.000691002225649847,0.00236142875736784,0.000208857368578771,0.000102482808184614,0.0235814238883534,0.313899220049616,0.000838023975788112,0.00186414930837077,0.0013093584100549,0.00100926107300797,0.000701812648454131,4.36741081293082e-05,0.000256855645829793,0.00996807465937439,0.00315102203899276,7.43757088934754e-05,0.00884335827081666,0.00244229071994389,0.000994558897994148,2.07560117842257e-05,0.000108969061867185,0.00673964999310295,0.000803430622814403,0.000585492499080033,0.000128427822914896,0.0074985416739637,0.000166048094273806,0.000542250807862896,0.00141270605206386,0.000171669514132033,0.00136427535790067,0.0125543602110713,0.000543980475511582,0.00161205024857486,0.000447983921009538,0.0165269743831897,0.00439724757987065,0.00142611097634117,3.54581867980522e-05,0.00258888005316998,0.115537042346156,0.00110266312603699,0.000328204436338069,0.00172188414426639,0.000841915727997655,0.00552801780519878,0.00403790912585624,7.56729596299895e-05,0.00102655774949483,0.000972073218561237,0.00397910042580093,0.00372354203070765,0.00155886296837778,0.000257720479654136,0.000271557820843619,0.0064776053443271,0.000153075586908664,0.000317394013533785,0.00502814385472867,0.00111823013487516,5.10251956362215e-05,0.00027501715614099,0.00736449243119058,0.00153464762129619,0.00100709898844712,0.00244185830303172,0.00539267131168914,0.00120082176509989,0.000607113344688601,0.00039176972242726,0.00323707300451486,0.00105682693334682,0.00306151173817329,0.000881265667005249,0.0049083643700572,0.000468307515881592,0.00267406618486774,0.00130071007181148,0.000189398607531059,0.00150740535582939,0.000865266241254908,0.000258152896566307,0.000366257124609149,0.0015389717904179,0.00204576441148274,0.000927534276607586,9.16723853803301e-05,0.001440813151355,0.00108752853411099
5.343520712793e-05,3.50012273763733e-05,1.54005400456043e-05,7.93361153864462e-06,0.000808295010878381,0.000418848020937267,0.00242068488534998,0.0332163981216941,5.39018901596149e-05,1.16670757921244e-05,0.00155685459370109,0.000144905081338186,0,5.64686468338823e-05,0.000118304148532142,0.000282809917201097,4.73683277160252e-05,0.000512417968790106,1.58672230772892e-05,9.4969996947893e-05,0.000129271199776739,0.00258449062947141,0.00184013119393387,3.1967787670421e-05,0.00127917818984852,1.16670757921244e-05,0.000715891770604756,0.26133899762085,0.00519044867840032,2.42675176476188e-05,0.00272472888049274,4.78350107477102e-05,0.102518128302366,0.000294010309961536,0.000181773040841299,0.001665125057052,0.00025970910713269,0.00321171262405602,7.91027738706037e-05,0.00025410891075247,0.00042094809457985,0.0263318900382773,5.92687450239922e-05,0.00992284796120184,6.13688186665746e-05,7.2569211427014e-05,0.000650322804653017,0.00332768335742973,0.000172906063239284,4.2001472851648e-06,0.000251075471046518,0.000310810899102195,5.99687695715196e-05,7.70027002280213e-06,0.0193069103623234,0.00340188595946765,0.010008484297516,0.0829776430826841,0.000337178490392396,0.0623180519530218,0.0331382287138869,1.23671003396519e-05,0.000794527861443675,0.0272475221464433,0.000128337833713369,0.000535518778858512,0.0236015609614044,0.00135128071824385,0.0177558893065183,0.000338811881003294,0.00062722199458461,0.000572153396845783,0.000270676158377287,5.99687695715196e-05,0.00356335828843065,0.00115597386948369,5.01684259061351e-05,0.0031841783251866,8.16695305448711e-05,3.1501104638736e-05,5.92687450239922e-05,2.63675912902012e-05,3.12677631228935e-05,0.000126004418554944,0.000269509450798075,2.31008100684064e-05,0.000415581239715473,0.000361446008040015,0.000126237760070786,5.97354280556771e-05,1.16670757921244e-05,0.00132327973634275,0.00888354484963939,0.000153072034392673,5.48352562229849e-05,7.37359190062265e-05,0.000318044486093312,6.53356244358969e-05,0.000485350352952377,1.96006873307691e-05,3.96680576932231e-05,0.000491183890848439,2.47342006793038e-05,0.000505417723314831,0.0131263936322034,0.00266196001273111,0.00147751847831464,0.00120007541597792,0.00016777254989075,0.00893441330009306,0.0002081406321315,0.161682102985745,0,0.000221674440050364,0.00278353094248505,5.95020865398347e-05,0.000459449444693861,7.46692850695964e-06,0.000700957913590837,0.000101036876359798,0.00119890870839871,0.00122737637333149,1.89006627832416e-05,3.12677631228935e-05,2.03007118782965e-05,0.00074155933734743,0.000744359435537539,4.80683522635527e-05,0.000177339552040292,7.49026265854389e-05,6.02021110873621e-05,2.38008346159339e-05,9.63700460429479e-05,1.93673458149266e-05,9.21698987577831e-05,0.000102903608486538,0.0003619126910717,2.0534053394139e-05,0.00190453345230639,2.42675176476188e-05,0.00115154038068268,7.84027493230763e-05,8.3536262671611e-05,0.00544362422308942,0.00052875187489908,0.00131231268509816,0.00144578403216006,0.000131837956451006,6.67356735309518e-05,0.000282809917201097,0.000240341761317764,0,4.2001472851648e-06,0.00322104628468972,0.012089890618831,1.21337588238094e-05,0.000248742055888093,5.57686222863548e-05,0.000114804025794505
0.0323754297634466,0.00590160202032508,0.0325881270951436,4.14410294151423e-05,0.0033582212511596,0.00085328577434311,0.000500288090047862,0.0004623420872099,0.00223182411428537,0.00183488895301985,0.00578127324816786,0.00061612325660585,0.0341968378996688,0.00168210636264595,0.00360836529618353,0.00867765170162858,0.000654568548954837,0.000718477606366141,3.19545287056519e-05,0.0109743834523473,0.00141848150082433,0.000738449186807173,8.23827693192587e-05,0.0108101172032198,0.0173627927459226,5.04282406136069e-05,7.98863217641297e-06,0.000109843692425678,0.00518512157200304,6.54069259443812e-05,0.000722971211965373,0.00675488779466819,0.00156177759048873,0.0318312041964285,0.00196120919930938,0.0017739756326747,0.00152932377227206,0.00149437350650025,8.6876374918491e-05,0.00109843692425678,0,0.000137304615532098,0.001063985947996,0.00127119109507171,0.00130813851888762,0.000203210830987505,0.00167761275704672,0.000276606389108299,8.48792168743878e-05,0.000304566601725744,0.00132411578324045,0.000239658965292389,0.00211698752674944,0.00139950849940535,0.000845796431677723,0.000241656123336492,0.000235165359693157,0.000308061628302925,0.000161270512061337,0.00360337240107327,0.000607136045407385,1.59772643528259e-05,0.0730345718043224,0.000195721488322118,0.000528248302665307,0.000759918635781283,0.00145293247708511,0.00113538434807269,0.00167162128291441,0.000344010473096783,0.000148788274285691,0.000297077259060357,0.000129815272866711,0,0.00218139587367177,0.00441321998795714,0.000855282932387213,0.00101355770738239,0.000180243513480318,0.00978158081050665,0.00057318435865763,0.000473825745963494,0.000329031787766009,0.000211199463163918,0.000161270512061337,0.00219537597998049,0.00585866312237686,0.000694511709836902,0.0127139081087612,0.000136306036510046,0.00405223367148548,0.0235914293959695,0.00026811846742086,0.000576679385234811,0.00272062854557964,0.000207205147075711,8.38806378523361e-05,3.34523972387293e-05,8.53785063854136e-05,0.000133310299443891,0.000141298931620304,0.00104900726266523,0.00117832324602091,0.00110592626692217,9.23685595397749e-05,0.00132811009932866,0.000907209041533897,0.00167311915144749,0.000202711541476479,0.000307562338791899,0.00109693905572371,0.000100357191716188,0.20006930138413,4.34381874592455e-05,0.000143795379175433,0.000781388084755393,0.00153231950933821,7.98863217641297e-06,0.000791373874975909,0.00013231172042184,0.00372819477882973,0.000352498394784222,6.74040839884844e-05,0.000480815799117855,0.000230671754093924,0.000371970685714229,4.39374769702713e-05,0.000100856481227214,0.000457349192099642,3.44509762607809e-05,4.34381874592455e-05,0.00502534892847478,0.000119330193135169,0.00282947365898327,0.000270115625464963,0.00199316372801503,0.00606736613798565,0.00863221635612524,0.000672542971351766,0.00032054386607857,0.000609632492962514,0.000275607810086247,0.000251641913557008,0.000534239776797617,0.000254637650623163,2.49644755512905e-05,0.000363982053537816,0.290759748877348,4.29388979482197e-05,0.000719476185388193,0.055150520808889,9.18692700287491e-05,0.000798363928130271,0.00166313336122697,0.000329531077277035,0.000179744223969292,0.000214195200230073,0.000213196621208021,0.000611629651006618
0.000287956751999575,5.72464920142868e-05,3.44858385628234e-05,8.24211541651479e-05,0.00421968720654707,0.000511769844272299,0.00103492001527033,0.00347306880166194,6.48333764981079e-05,0.000197603854964978,0.0224144156322927,0.000767999624794077,0.000100353790217816,4.62110236741833e-05,0.000384861958361109,0.00309131056877149,0.000259333505992432,0.0155807018626836,2.41400869939764e-05,0.000178636643755425,0.00162911101370778,0.00654265329213885,0.000480042872794501,7.72482783807244e-05,0.00367929411626763,3.55204137197081e-05,0.000172774051199745,0.0043079709532679,0.00516321974962592,4.03484311185033e-05,0.0474321672176929,1.79326360526682e-05,0.0172053297173782,0.000240366294782879,0.000397621718629353,0.000766620191251563,0.000253126055051124,0.0659600288439554,0.00175532918284771,0.000998365026393737,5.27633330011198e-05,0.00128701149516457,0.000286232460071434,0.0183543978582915,0.000503148384631593,0.000373826490021005,0.00147082101470442,0.00513666565393254,0.000143116230035717,0,0.000195534704651209,0.000145530238735115,0.000272093266260676,8.89734634920843e-05,0.00210708473618851,0.0675405148252896,0.00233986414648757,0.00378482078226987,0.000505907251716619,0.0512328514857017,0.00153427495766001,5.51773417005174e-06,0.00263575264135659,0.00154048240860132,0.000131391044924357,0.000802830321742528,0.0103060928544998,0.00120941835839822,0.00389483060728527,0.000348651827870144,0.000612123634490115,0.00597846497325106,0.000244849453796046,0.00102181539661646,0.0797553988442416,0.00889527719889466,2.96578211640281e-05,0.00111285801042231,0.00304165096124102,0.000165532025101552,0.000190016970481157,2.27606534514634e-05,8.27660125507761e-05,0.00150185826941096,0.0355283454625775,6.20745094130821e-06,0.00208604837466519,0.000825246116808363,0.000135184487166268,1.82774944382964e-05,5.37979081580045e-05,0.00148806393398583,0.00166601086097,0.000257609214064291,0.00020312158913503,0.000278300717201985,0.000112768692100432,0.000159669432545872,0.0200269610285884,4.06932895041316e-05,0.000263471806619971,0.0108595905634331,0.000113803267257317,0.00195810591359711,0.000501079234317824,0.00909357077063089,0.0101564243151371,0.00205535597834427,9.5870631204649e-05,0.00346996507619129,0.00430624666133975,0.00129218437094899,5.7591350399915e-05,0.107871358166126,0.00071075313277979,0.000220364508416441,0.00234710617258576,1.17251851113599e-05,0.00146875186439065,0.000224847667429608,0.00149565081846965,0.00541117292889262,0.000245539170567302,0.000139322787793806,0.000150703114519538,0.16958997372524,0.000364170455223415,0.000181740369226079,0.00146771728923376,0.00177015809342972,3.48306969484516e-05,7.03511106681597e-05,0.00218605730649737,0.000156910565460846,5.7591350399915e-05,0.000178981502141053,0.00124390419696104,0.000901114961646575,0.00082593583357962,0.000203466447520658,0.0125431892020701,0.000176912351827284,0.000436935574590972,0.00137874382574168,0.07858805320889,0.000278645575587613,0.00451764485172986,0.00042762439817901,3.41409801771951e-05,0.000529702480324967,0.00018346466115422,3.44858385628234e-05,3.44858385628234e-05,0.0015780719726348,0.00125252565660174,7.06959690537879e-05,8.31108709364043e-05,0.000192430979180554,0.000166911458644065
4.91373142246007e-05,5.51541282112864e-06,1.47077675230097e-05,0,0.000126520227442254,0.000129528634435597,0.000813439824255549,0.100306473105761,0.000381399153267138,3.0084069933429e-06,0.00120503413455568,1.68805059070907e-05,3.84407560260481e-05,7.5878709720982e-05,9.34277505154822e-05,0.00030786031565209,4.67974421186673e-05,0.000292651146963523,8.69095353632392e-06,4.69645758405197e-05,8.23969248732249e-05,0.049331690743115,0.00261881828770499,8.85808725817631e-06,0.00119383617519157,8.82466051380583e-05,0.00464096918839698,0.0209680953424344,0.00196532543526217,2.5738593165267e-05,0.00196047855732845,2.67413954963813e-06,0.0971011825880757,2.0056046622286e-05,5.11429188868292e-05,0.000727031690057867,9.5099087734006e-05,0.00412502738903867,6.50150178005771e-05,0.000196716390620255,0.000332930373929947,0.00089767522006915,0.000905697638718064,0.00820994268483277,1.16993605296668e-05,7.88871167143248e-05,0.000297163757453537,0.0256175883506459,0.000126018826276697,0,0.000140225192634149,4.81345118934863e-05,3.19225408738052e-05,2.67413954963813e-06,0.00183078278917101,0.00145991306038057,0.192341665450769,0.00339532155943116,0.000157439965984945,0.0234199470420089,0.00220900640172295,5.34827909927626e-06,0.000396608321955705,0.015890572872559,2.95826687678718e-05,0.000164292448580893,0.00611508861513499,0.000325743623890295,0.00149902235129402,3.3593878092329e-05,0.0257512953281278,0.000471818496789278,0.000202900338328793,0.0011007426921198,0.00192237206874611,0.000753104550666839,1.70476396289431e-05,0.000866922615248311,0.000167300855574236,1.98889129004336e-05,1.48749012448621e-05,2.67413954963813e-06,2.23959187282193e-05,3.91092909134577e-05,0.000360340304313738,8.69095353632392e-06,0.000312372926142104,3.69365525293767e-05,9.49319540121536e-05,8.69095353632392e-06,3.0084069933429e-06,0.000468642956074082,0.000740235254084205,0.000106129913376263,4.94715816683054e-05,4.24519653505053e-05,5.68254654298103e-05,1.4373500079305e-05,0.000444408566405487,0.000101784436608101,6.16723433635294e-05,0.000603519869608956,3.1421139708248e-05,0.000293319681850932,0.00289659453342365,0.00193975397581876,0.00143250312999678,0.000466804485133706,2.52371919997099e-05,0.0950766918152778,0.000342624129797385,0.00195162047007028,2.33987210593336e-05,0.000165629518355712,0.265107008201085,3.12540059863956e-05,0.000171980599786102,3.0084069933429e-06,0.00013888812285933,0.000188693971971341,0.0003681955892408,0.000989765900809813,3.74379536949338e-05,1.68805059070907e-05,0.000100614500555135,0.00082898326038782,4.21176979068006e-05,8.84137388599107e-05,0.000127857297217073,5.09757851649769e-05,5.68254654298103e-06,1.62119710196812e-05,5.56555293768436e-05,3.3593878092329e-05,3.44295467015909e-05,4.19505641849482e-05,0.000244015233904479,0.000118163541349635,0.000179167349825755,3.42624129797385e-05,0.00435550479147311,5.94996049794484e-05,4.17834304630958e-05,0.000590316305582617,0.000361343106644852,0.0022863893149406,0.000710819719038186,4.3621901403472e-05,7.67143783302439e-05,1.38720989137478e-05,0.000101951570329954,2.2228785006367e-05,4.42904362908815e-05,0.000696947620124438,0.00671058606609504,1.70476396289431e-05,4.88030467808959e-05,1.67133721852383e-05,2.85798664367575e-05
0.00293468495946231,0.000682097978106319,0.000338276233044597,0.000314985082572674,0.00355134589576656,0.00048135044308641,0.000633297472355623,0.00163814424985859,0.00611337244767809,0.00206403957277375,0.0765801936492796,0.0622550270066435,0.000492441467120659,0.000204074842230183,0.000574515044974103,0.00380754855095771,0.000221820480684982,0.00404156915808037,0.000226256890298681,0.000425895322915165,0.00178343666470725,0.000734225791067289,0.000153056131672637,0.000301675853731575,0.00768386145092776,1.77456384547985e-05,3.6600379313022e-05,0.00183334627286137,0.00901478433503766,0,0.0024355888779211,0.000373767509954194,0.00415469760322971,0.00776482592637778,0.0039672592970509,0.00018300189656511,0.00162261681621064,0.000693189002140568,0.00223816865011146,0.0229284739860031,0,0.000258420859998004,0.00143850581724211,0.00386189456872553,0.0608131938821912,0.0104410900258421,0.00796113705178399,0.00060778811707685,0.000283930215276776,0,0.000463604804631612,0.000151947029269212,0.00218825904195734,0.000796335525659084,0.000329403413817198,0.0011800849572441,0.00404600556769407,0.00100817408471324,0.000218493173474707,0.00523385424176214,0.000855117953040604,3.77094817164469e-05,0.00645275778312612,0.000493550569524084,0.000402604172443242,0.000411476991670641,0.00321306966272196,0.000558987611326154,0.00151725208788527,0.000389294943602143,0.000248438938367179,0.000989319343855018,0.000212947661457582,3.77094817164469e-05,0.014932954759713,0.315749254128634,0.00183778268247507,0.00110466599381121,0.00204962124152923,0.0033794350232357,0.000541241972871355,9.31646018876923e-05,0.00152501580470925,0.00199638432616484,0.000883954615529652,0.000129764981200714,0.0469128134600668,0.00194425651320386,0.000393731353215842,0.000395949558022692,3.77094817164469e-05,0.00657143174029258,0.000240675221543205,0.000291693932100751,7.09825538191941e-05,0.00449186473387088,1.88547408582234e-05,0.000219602275878132,0.000596697093042601,0.000501314286348059,0.0012333218726085,0.00465046637756064,0.00104477446402626,0.00197420227809634,0.000750862327118663,0.00659250468595765,0.00403491454365982,0.00226922351740736,1.88547408582234e-05,0.000984882934241318,0.0239976487029047,0.000442531858966538,0.000398167762829542,0.000110910240342491,0.000929427814070073,0.0950911127624414,0.00255759014229784,3.99276865232967e-05,0.000266184576821978,0,0.00103701074720229,0.000985992036644743,0.000621097345917949,1.88547408582234e-05,0.000372658407550769,0.00597695285205683,7.32007586260439e-05,3.77094817164469e-05,0.00619211871832126,0.000347149052271996,0,0.000566751328150128,0.00114126637312423,0.00751305968080033,0.000877300001109102,0.00104366536162284,0.00797777358783537,0.00993533932988033,0.0006011335026563,0.00170801770127436,0.00212725840976897,0.00202965739826758,0.00384414893027073,0.000760844248749487,0.000635515677162472,7.09825538191941e-05,0.00067100695407207,0.0015227975999024,1.88547408582234e-05,0.00169359937002983,0.00130652263123454,7.76371682397436e-05,0.00227365992702106,0.00197420227809634,0.00181560063440657,0.0223062675376818,3.6600379313022e-05,0.00142519658840101,0.00148065170857225
0.000487000346846177,5.56841481859001e-05,0.000358643666282069,0.000105233602080133,0.16464386919888,0.00252041555475333,0.00760702092166703,0.00582748767752272,0.000478506154750023,5.6627947307695e-05,0.0662721586337564,0.00099523617393274,9.29642134967993e-05,0.000121278187150647,0.000538909298544898,0.00745648496174074,0.00103629143573082,0.00689917158032084,0.000101930305153851,0.000279364540051295,0.00133075676173083,0.00179840922658021,0.000176490435775649,4.86056547724382e-05,0.00483602670007716,1.60445850705136e-05,0.000183568929189111,0.00922988351159339,0.0494494111873229,4.95494538942331e-05,0.00322448969961233,6.98411350128239e-05,0.0149747887659591,0.000882924078439145,0.000962675104230815,0.00873250137440747,0.000491719342455152,0.00322307400092964,0.000433203796903867,0.00126940981881416,4.62461569679509e-05,0.00243736123203537,0.000414327814467969,0.0198136468634016,0.000763533489532088,0.000332217290871811,0.00177906134458342,0.00200934833030138,0.000162805348509623,2.40668776057704e-05,0.000770140083384652,0.000573357966490412,0.00203671850483343,0.000250106767275653,0.00114246883693275,0.0038993060716957,0.000809779646500039,0.010626234312289,0.00121325377106737,0.0241202022561518,0.00126374702408339,0.000332689190432708,0.0035274492177085,0.00179510592965393,9.6739409983979e-05,0.0476670465458132,0.028095484157152,0.00323959048556105,0.00776369157588499,0.00691521616539136,0.000360531264525658,0.000420934408320533,0.000555897682737206,3.25610697019246e-05,0.0128724762221609,0.0191732791592637,3.20891701410272e-05,0.00502242702663165,0.0147652653609206,0.000805532550451962,0.000712096437394265,0.000240196876496806,0.00105139222167954,0.0212250984500459,0.00141664248181417,8.49419209615425e-06,0.00987402641221842,0.000245859671227576,0.000357227967599376,0.000240668776057704,3.96395631153865e-05,0.00271955716945205,0.00153886446808661,0.00340853052836234,0.000218017597134626,0.000353452771112196,0.00149922490497123,4.05833622371814e-05,0.000500213534551306,5.52122486250026e-05,0.000251522465958345,0.00432354377694252,0.000422822006564123,0.0294219938228347,0.000160917750266033,0.00447832683291688,0.0429169055658194,0.0271870775024244,0.000989101479641073,0.00119060259214429,0.00416168222755469,0.00108300949225967,0.000159973951144238,0.000539853097666693,0.000933417331455173,0.000834790323227604,0.145463511546202,0,0.00222925352567959,0.000134019475294878,0.0108947451624396,0.0198287476493503,0.00011891868934616,0.000104761702519236,0.000128828580125006,0.00509745905681435,0.000832902724984014,7.31444319391061e-05,0.000792319362746833,9.29642134967993e-05,0.000473787159141048,0.000757398795240421,0.000452551678900663,0.000697939450567341,0.0001670524445577,0.0015591561492052,0.000785240869333371,0.001652120362702,0.00054598779195836,0.000498797835868614,0.000970697396766072,0.000306734714583348,0.00094332722223402,0.000451607879778868,0.000255297662445525,0.00025057866683655,0.0256925715930621,0.000474730958262843,0.000640367704137851,0.00641122743435287,0.000495966438503229,3.11453710192323e-05,0.000563919975272463,0.00195838317772445,0.00090604715692312,0.000140626069147443,0.00124156774472121,0.00442594598165726,0.000377519648717967
0,0.00174133493809298,0.000422529801154915,0.00147245233735804,0,0,0.000921883202519814,0.000614588801679876,0.00951332249266975,0.000665804535153199,0.000896275335783153,0.000230470800629954,0.000653000601784868,0.000653000601784868,0.000217666867261623,0.00115235400314977,0,0.00231751193966787,0.014826954840527,0,0,0.00327780694229267,0,0.000230470800629954,0.00184376640503963,0.00375155247692091,0,0.000460941601259907,0.0287704382786392,0.0488342018668135,0.000409725867786584,0,0.00107553040293978,0.0200637635881743,0.00655561388458535,0.000230470800629954,0.00130600120356974,0.00582578968259049,0.000409725867786584,0.00258639454040281,0,0.000217666867261623,0.00637635881742871,0.00436614127860079,0.0013316090703064,0.00067860846852153,0.0709337908605524,0,0.0277717314759094,0,0,0,0,0,0,0.0104480096285579,0,0.00225349227282621,0.00204862933893292,0.0056209267486972,0,0,0.00108833433630811,0,0.010025479827403,0.000640196668416538,0.00624831948374541,0,0.000883471402414822,0,0,0.0092444398919348,0,0,0.00122917760335975,0.000870667469046491,0.00513437728070063,0.00108833433630811,0.00107553040293978,0.00231751193966787,0,0,0,0,0,0,0,0.0225861384617354,0.00110113826967644,0,0,0.00489110254670235,0,0,0,0.00154927593756802,0.0023303158730362,0.00582578968259049,0.00327780694229267,0.00385398394386756,0.0119076580325476,0.0044557688121791,0,0.000896275335783153,0,0.205208640094237,0.00220227653935289,0.00720861448637021,0,0.000204862933893292,0.00067860846852153,0,0.000217666867261623,0.013316090703064,0.000204862933893292,0.000870667469046491,0,0.109780924700068,0,0.081138525755112,0.000230470800629954,0.00309855187513604,0.00338023840923932,0.000230470800629954,0.00508316154722731,0.0024583552067195,0,0.024814022867825,0.0138922677046389,0.00184376640503963,0,0.000230470800629954,0.00869387075709658,0,0.0254286116695049,0.0106784804291878,0.0149934059743153,0,0,0,0.0178102713153481,0.00418688621144416,0,0,0.0258383375372915,0,0.000691412401889861,0.00546727954827723,0,0,0,0.00350827774292263,0,0.00115235400314977,0.000230470800629954,0.0026248063405078,0,0,0.00590261328280048
0.00110387083327954,9.22197855705546e-05,0.000114352534107488,3.0432529238283e-05,0.0027942595027878,0.0161495288491155,0.00773355121794671,0.00556730845489438,4.97986842080995e-05,0.000213027704667981,0.00485076072101117,0.00081153411302088,0.000379023318694979,0.000168762207594115,0.000468476510698417,0.00333927843550978,0.00027942595027878,0.00148842733910875,3.13547270939886e-05,0.000390089692963446,0.000733147295285909,0.00334850041406684,0.00139528535568249,0.000204727923966631,0.00322215930783518,3.13547270939886e-05,0.000260059795308964,0.0200199932495117,0.0237917824793474,0.000178906384006876,0.00188220582349502,0,0.0178426841121909,0.000603117397631427,0.000451876949295718,0.00207678957104889,0.000353201778735224,0.0046229778506519,0.000132796491221599,0.00081983389372223,0.000123574512664543,0.00817620618868537,0.00097107434205794,0.01371769310362,0.000355968372302341,0.000249915618896203,0.00116012490247758,0.00153545942974973,0.000123574512664543,0,0.00194030428840447,0.00660570324041883,0.00175309812369624,0.00042236661791314,0.00316037205150291,0.00269558433222731,0.00419600024346023,0.0231434773867864,0.0102622177382913,0.0293581687363861,0.00110018204185672,0.000410378045788968,0.00438505080387987,0.00103286159839021,0.000748824658832903,0.00149857151552151,0.0575248578432005,0.159217459787563,0.125291645071867,0.000253604410319025,0.000494298050658173,0.000699025974624804,0.00536719152020628,3.0432529238283e-05,0.00417571189063471,0.00901632843523312,9.77529727047879e-05,0.0246217605494824,0.00106144973191708,0.00043066639861449,0.00153730382546114,6.17872563322716e-05,0.000124496710520249,0.00105222775336003,0.00121730116953132,6.27094541879771e-05,0.00151701547263562,0.000442654970738662,0.000503520029215228,0.000614183771899894,0.000193661549698165,0.00128554381085353,0.0101220436642241,0.00233408277279074,0.000187206164708226,3.22769249496941e-05,0.00365098131073826,0.000106052753406138,0.000566229483403205,7.65424220235603e-05,0.000159540229037059,0.00102087302626604,0.000137407480500126,0.00225477375720006,0.00129568798726629,0.0025443438838916,0.00461652246566196,0.00758784395674523,0.00096277456135659,0.00204266825038778,0.0005819068469502,0.00156496976113231,0.000663982456107993,0.000458332334285656,0.000475854093544062,0.000492453654946762,0.00201961330399515,0.000118963523386015,0.186810541828128,0.000138329678355832,0.00244290211976399,0.00146537239271611,9.1297587714849e-05,0.00010974154482896,0.000181672977573993,0.00162122383033035,0.0457465468301293,6.63982456107993e-05,0.000394700682241974,7.65424220235603e-05,6.17872563322716e-05,0.00150041591123292,0.000125418908375954,0.000295103313825775,6.17872563322716e-05,0.000689803996067748,0.00118502424458163,0.00066674904967511,0.0159309679573133,0.000127263304087365,0.00201961330399515,0.000262826388876081,0.00021948308965792,0.00765147560878891,0.000787556968772536,0.000462021125708479,0.00851649719744072,0.0010476167640815,0.000534874756309217,0.000817989498010819,0.00152715964904838,0,6.27094541879771e-05,0.0217537252182381,0.00105591654478285,3.13547270939886e-05,0.00275921598427099,0.000188128362563931,0.000390089692963446
0.000115141312933363,0.000352332417576091,0.0010201520325896,0.00290156108592075,0.000778355275429535,0,0.000829017453120214,0.00297294869993944,0.000354635243834758,0.000151986533072039,0.00313414653804614,0.000944158766053578,0.00011744413919203,0.00182383839686447,4.14508726560107e-05,0.00129649118362967,7.36904402773524e-05,0.000607946132288157,0.0402395860439517,0.000695453530117513,7.82960927946869e-05,0.00717560662200719,3.68452201386762e-05,0.000805989190533542,0.00290386391217942,0.00457111012345452,0.000442142641664114,0.00314105501682215,0.00484054079571859,0.0227588319144086,0.00152216815697906,0,0.00493035101980661,0.000905010719656234,0.00509615451043065,0.000725390271480188,0.000502016124389463,0.00549684627943876,0.00031088154492008,0.00446518011555582,0,0.000379966332680098,0.0118779778422057,0.00354635243834758,0.000147380880554705,0.000350029591317424,0.195995845701429,0.00199424754000585,0.0508187698762691,0,7.36904402773524e-05,0.000584917869701485,0.000112838486674696,3.68452201386762e-05,7.82960927946869e-05,0.00152447098323773,0.0137133303703635,0.00283938477693673,0.000223374147090724,0.00914222024690903,0.000156592185589374,0,0.00251238344820598,0.000478987861802791,0.00318020306321949,0.000345423938800089,0.0136741823239662,0.000198043058245385,0.00367531070883295,0.000156592185589374,0.000110535660416029,0.00492344254103061,0,0.000481290688061458,0.00391941029225168,0.00511918277301732,0.000306275892402746,0.000552678302080143,0.000506621776906798,0.000158895011848041,0.000124352617968032,0.000257916540970733,0,0.000154289359330707,0.00159816142351508,3.91480463973435e-05,0.000589523522218819,0.0565274761715053,0.000695453530117513,3.68452201386762e-05,0,0.0131445322844727,0.000534255692010805,0.000248705235936064,0,0.0023350658262886,8.05989190533542e-05,0.00270351802767537,0.00196891645116051,0.0103972605578827,0.00687163355586311,0.00202648710762719,0,0.00103166616388293,0.000257916540970733,0.0858240318342702,0.00254922866834466,0.000964884202381583,0,0.000534255692010805,0.00138169575520036,3.91480463973435e-05,0.000158895011848041,0.00131030814118167,0.0029683430474221,0.000495107645613461,0.000969489854898917,0.0127852913881206,0.000285550456074741,0.125743525028267,0.000891193762104231,0.000195740231986717,0.00468625143638788,0,0.00518135908200134,0.00332067546499819,0,0.0123178176576112,0.0341923642886915,0.00036154372261076,0,0,0.00217617081444056,0.000119746965450698,0.0863744073100917,0.00590214370096419,0.00978010312055986,3.91480463973435e-05,7.36904402773524e-05,3.68452201386762e-05,0.00782039797443402,0.000716178966445519,4.14508726560107e-05,0,0.00312954088552881,0.000405297421525438,0.00163730946991242,0.00124582900593899,7.82960927946869e-05,7.82960927946869e-05,0.00145538619547771,0.0113437221501949,0,8.05989190533542e-05,0.000782960927946869,0.000458262425474785,0.000110535660416029,0,0.00427865118860377
0.000702261644400064,6.31261942350176e-05,0.000124663873735456,4.11632513830093e-05,0.00214974389689186,0.000288557154829216,0.000814217400258886,0.000684511718887592,0.000174598489087664,9.52418182167278e-05,0.00324554280031942,0.000173631567075311,0.000124042281013229,4.72410468892254e-05,0.0010454498929272,0.0101780282995972,0.0137644801751289,0.000274674917366154,1.95456378211269e-05,0.000480145844991075,0.000666830859233145,0.00107846337306324,0.000255819938125279,8.42603467907237e-05,0.00738977054526252,1.85787158087743e-05,0.000164100478667836,0.00119891422945916,0.00631828282385982,5.87059793214058e-06,0.0014417497862757,2.44493137409149e-05,0.0047634722279969,0.000696183848893848,0.000291319789150223,0.240263820527119,0.000130258208235496,0.000790320613382173,4.37877539879662e-05,0.000259549494458639,4.33733588398151e-05,0.000373300962626116,0.000329582274496175,0.00632650166096482,0.000324471401002311,5.3871369259643e-05,0.00189599593450733,0.00133145161100948,3.9160341500279e-05,2.0719757407555e-05,0.00257588024090724,0.00125409785002128,0.00270834855659954,0.000642934072356432,0.000348920714743226,0.000776507441777136,0.00184357494826622,0.00164625379188827,0.0004802149108491,0.00823568917435496,0.00017321717192716,0.000944959069500559,0.00228131435642983,0.00035962592273713,0.000139098638062719,0.00204193209251455,0.0093051049200169,0.000797848791906918,0.0021174901411941,0.000491956106713381,0.000200152856556981,0.000232337546396717,0.000654882465794788,2.62450260495697e-05,0.00153450523360352,0.00192527985831001,4.143951481511e-05,0.00102127684261839,0.000216176135618824,0.000820226129907077,0.0058492565820108,0.00239534208802941,0.000382210458311365,0.00029380616003913,0.000130189142377471,8.67467176796303e-05,0.00198184479603264,0.000291388855008249,0.00163050677625853,0.00271629113027244,0.000343671709533312,0.000706405595881575,0.000390567427132412,0.0157548200716986,0.00024103984450789,7.63868389758528e-05,0.000342773853378985,3.01127140989799e-05,6.3678721099219e-05,4.42712149941425e-05,0.00021652146490895,0.000248291759600534,0.000345605553558017,0.0021956726924786,0.00012632145432806,0.00224519291268266,0.00355336932953766,0.00142855820739289,0.000368673550138429,0.000820571459197203,0.000579048153683137,0.000213689764729917,0.000293184567316903,8.03926587413134e-05,0.00033351902840361,0.000120381790537895,0.000876376672481551,4.76554420373765e-06,0.000373300962626116,2.53471698952423e-05,0.574121962293633,0.00229139797170151,5.44238961238445e-05,0.00151316388347374,4.15776465311604e-05,0.000471788876170027,0.000342635721662935,3.79171560558257e-05,0.000463570039065031,2.81788700742748e-05,0.00026742300227351,0.000491817974997331,4.58597297287217e-05,0.000166655915414767,0.000105808894494581,0.000343740775391337,0.000453900818941505,0.00131791470283655,0.000205885322773072,0.000197666485668075,0.000635682157263788,4.62050590188477e-05,0.000144140445698558,0.000225154697162098,0.000124387610303355,0.000206575981353323,0.00145059021610293,0.00068768874835675,0.00118081897465656,0.00283066419116214,0.000621247392936524,1.41585008951626e-05,3.79862219138508e-05,0.000547830385855754,0.000613235753405603,0.000124663873735456,0.00205871509601466,0.000207266639933575,0.000127012112908312
0.000120180110623242,2.52391309578734e-05,0.000106448977200565,1.38619061219408e-05,0.00209314782441307,0.000540222020657902,0.00678919545496868,0.00248271969551931,0.000121749383014405,4.64243082385754e-05,0.00433759966187411,0.000149996286055341,2.05313137843841e-05,5.29629432017551e-05,0.000310323615352506,0.00266475529289423,0.000168696782050035,0.00554999335674688,5.4270670194391e-05,0.000150388604153132,0.000283122893905678,0.00274073423116638,0.000382248599947482,2.32775404689195e-05,0.00195897503496862,4.81243533290021e-05,0.000106056659102774,0.00500846360909634,0.00839560729272265,1.29464972270957e-05,0.0213087574815061,9.0233162491879e-06,0.0231653374929514,0.000135742061835609,0.000257099126752223,0.00171769940482729,0.00023369081358404,0.00459312951623517,0.000105533568305719,0.000511059708722121,6.27708956465245e-05,0.000641178544489395,0.000154181012431776,0.153133915428772,0.000225582906229698,0.000190928140924845,0.00163635878588534,0.00539607388971363,5.98938962627255e-05,2.22313588748108e-06,0.000259583808038232,0.000298423299719519,0.000284561393597578,8.08175281449003e-05,0.000372832965600503,0.00566180401461725,0.00115681529768574,0.0067557176439572,0.000372702192901239,0.0885430561265963,0.000326931748158982,3.50470834026429e-05,0.000690610624811033,0.00072761929870263,0.000104748932110138,0.00214454149522366,0.146704867987576,0.000768158835474344,0.00614553222919328,0.000336870473303015,0.000588738692084695,0.000647586406753311,0.000293846255245293,4.59012174415211e-05,0.0749553803550113,0.00231990768493614,1.55619512123675e-05,0.00309133583789207,0.00392396561410337,0.000156665693717784,0.000162942783282437,5.30937159010187e-05,6.0678532458307e-05,0.000372179102104185,0.000929401573666354,6.93095306097042e-06,0.00120232419702947,0.000206228546738686,0.000219828907462099,9.65102520565315e-05,2.26236769726015e-05,0.00210857900292617,0.000590831055272912,0.000701203213451384,7.27096207905576e-05,0.000118872383630606,0.000484905168869402,1.63465874079491e-05,0.000462673809994591,3.64855830945424e-05,0.000216298044581982,0.00155305657645443,2.68084033490365e-05,0.00445477200041429,0.000146857741273015,0.00274688054803177,0.110352149955485,0.00376416137560325,0.000211328682009966,0.00259701503467569,0.000971641155528494,0.000404872276920083,7.34942569861391e-05,0.000555653199171006,0.000580107693933297,8.06867554456367e-05,0.00201416111405786,6.66940766244323e-06,0.000743573568012788,4.98243984194289e-05,0.00242531048054259,0.195160076245715,9.06254805896698e-05,2.66776306497729e-05,2.98161754320992e-05,0.00530819463580849,0.000278676622130716,4.79935806297385e-05,0.000554083926779843,3.75317646886511e-05,7.46712112795115e-05,0.000103310432418238,8.80100266043979e-05,7.85943922574193e-05,6.56478950303236e-05,0.000315816068721577,0.000556830153464378,0.000253437491172843,0.000199166820978452,0.000115079975351962,0.0013627822990259,0.000140449879009099,0.000125149473195258,0.000295284754937192,0.0003829024634438,0.000137834425023827,0.0434715914619028,0.000228982996410551,7.99021192500552e-05,0.000268737896986683,0.000158234966108947,1.09849067381418e-05,2.68084033490365e-05,0.000707087984918246,0.000752989202359767,1.84389505961666e-05,0.000226629087823806,9.96487968388577e-05,0.000112072203268899
0.000679999924861887,0.000347513773755384,0.000642430868239683,0.000247955773706544,0.00211701634066118,0.00141259652899486,0.000760773396599625,0.00170939207631027,0.000525966792710852,0.000728839698470752,0.0242639752194503,0.00194419868019904,0.00010143645287995,0.000125856339684382,0,0.00605237502183702,0,0.00144640867995484,0.000785193283404057,0.000120220981191052,0.000193480641604349,0.00571425351223718,0.00101999988729283,0.000219778981239892,0.00224475113317667,0.00227480637847443,3.19336981288731e-05,0.0030243090580874,0.00291911569954523,0.000700662906004099,0.00946552381596422,0.000223535886902112,0.00608055181430367,0.00231049698226553,0.00433734758703342,0.000582320377644157,0.00157790037813256,0.00840231951355586,0.00251336988802543,0.0226109367280733,0.0004057458115198,0.00179580090654134,0.00154596668000368,0.00430165698324232,0.00200806607645679,0.00550574524798395,0.0562371208577767,0.000557900490839725,0.00117215456661276,0,0.000231049698226553,0,0.000125856339684382,0.000155911584982145,0.00114773467980832,0.00549823143665951,0.000223535886902112,0.00258475109560761,0,0.0144002194032907,0.000745745773950743,9.39226415555092e-05,0.00182961305750132,0.00129425400063492,0.000871602113635126,0.000533480604035292,0.00459469562489551,0.000154033132151035,0.00149149154790149,0.000214143622746561,0.000221657434071002,0.00742928094704078,3.0055245297763e-05,0.000356906037910935,0.00960640777829748,0.0745219807158033,0.000370055207728706,0.00172817660462137,0.00040950271718202,0.00123414351003939,0.000287403283159858,3.0055245297763e-05,0.00226541411431888,0.00100309381181284,0.00266364611451424,6.57458490888565e-05,0.00618010981435251,0.0406572330765488,6.57458490888565e-05,3.19336981288731e-05,0,0.00438618736064228,0.00104066286843504,0,0,0.0286182288819637,3.19336981288731e-05,0.0351721508097071,0.00346011011490496,0.000627403245590802,0.00277635328438085,0.00762088313581402,0.00060674026444859,0.00144077332146151,0.000621767887097471,0.110633357941065,0.000676243019199666,0.00091480652875066,9.76795472177296e-05,0.000529723698373072,0.0163857440457741,0.000492154641750868,6.57458490888565e-05,0.00214143622746561,0.000291160188822079,0.00366110456783375,0.00091104962308844,0.000695027547510768,0.000520331434217521,0.00304685049206072,0.00183712686882576,0.000371933660559817,0.0897919237798979,3.38121509599833e-05,0.00111016562318612,0.00902220894782222,0,0.00478817626649986,0.198028375908467,0.00429977853041121,0,0.000262983396355426,0.0160983407626143,0.000386961283208698,0.0071381207582187,0.00279325935986084,0.00810740241907156,0.00120033135907941,9.76795472177296e-05,9.58010943866194e-05,0.00701977822985876,0.00168309373667473,0.000415138075675351,0.0011064087175239,0.0213749147652028,0.000332486151106503,0.00135060758556822,0.0006086187172797,6.57458490888565e-05,0.000597348000293039,0.000636795509746353,0.00590961260667264,0.000319336981288731,0.000460220943621995,0.00071193362299076,0.00224662958600778,0.000191602188773239,0.000488397736088648,0.0022128174350478
0.00222525568289322,4.89168607189302e-05,0.000246430222867063,0,0.00279010698025143,0.00011260107561716,0.000819588156951132,0.000368260894846286,0.000173516411606771,4.98398203551364e-05,0.00293039684495478,0.000732829951147746,0.000323958832308387,0,0.00973907008124814,0.323405979486299,0.0229503143139041,7.84515690775295e-05,0,0.00289070958059791,0.013153097775575,0.000299961881767025,6.46071745344361e-05,0.000220587353053289,0.112988718664367,0,3.32265469034243e-05,0.00103832959073201,0.00436744499852788,1.66132734517121e-05,0.000467940535556558,0.000125522510524047,0.00193267747821585,0.000671914615158135,0.00144720070957137,0.0160447303158091,0,0.000712524839151209,4.70709414465177e-05,0.000203974079601577,0,0.000640533987527124,7.38367708964984e-05,0.00189852797167621,0.000429176230835897,7.84515690775295e-05,0.000385797127934204,0.0002667353348636,0.00013475210688611,0,0.102787245805379,0.000733752910783953,0.0106878725872681,0.0089923957355573,0.000407948159203154,0.000666376857340898,0.000348878742485955,0.00255198339411023,0.000382105289389379,0.0020738903025554,0.000231662868687764,6.27612552620236e-05,0.00534301333399786,0.000297193002858406,0,0.00112416483689919,0.00359031298484223,0.000625766633347824,0.00228709397851904,0.000342418025032511,3.32265469034243e-05,3.32265469034243e-05,0.000415331836292803,0,0.00223356231961908,0.00353032060848883,0.000109832196708541,0.000491937486097921,4.61479818103115e-05,0.00181546160441765,0.00200374537020372,0.0252955547495041,0.000546392104634088,0.000263966455954982,7.93745287137358e-05,1.66132734517121e-05,0.00388012231061099,0.000143981703248172,0.00488707127371199,0.000308268518492881,0.000997719366738934,0.0005630053780858,0.00113616331216987,0.0027845692224342,0.000736521789692571,2.95347083585994e-05,0.000202128160329164,1.56903138155059e-05,3.32265469034243e-05,0,0,0.000175362330879184,0.000904500443482105,0.000770671296232202,0,0.000425484392291072,0.000805743762408039,0.00232770420251211,0.000310114437765293,0.000286117487223931,0.000224279191598114,9.04500443482105e-05,0.000646994704980567,4.61479818103115e-05,6.55301341706423e-05,0.000347955782849749,0.000533470669727201,0.000123676591251635,0.000505781880641014,4.89168607189302e-05,0.0464525584902595,0.000663607978432279,0,0.191284307563377,5.99923763534049e-05,0.00158656761463851,0.000126445470160253,0,0.000543623225725469,3.13806276310118e-05,0.000130137308705078,0.00707817745006558,3.2303587267218e-05,0.000181823048332627,0.000108909237072335,4.61479818103115e-05,0.000393180805023854,0.0097187649692516,0.00012736842979646,0.000678375332611579,3.13806276310118e-05,0.000215049595236052,0.0002667353348636,0.000380259370116967,0.000130137308705078,0,0.000603615602078874,0.000901731564573487,0.000425484392291072,0.00102633111546133,0.002192952095626,1.47673541792997e-05,0.000202128160329164,0.000480861970463446,0.000310114437765293,0.000157826097791265,0.000763287619142552,7.93745287137358e-05,0.000135675066522316
0.0010042937964596,0.00182006226621538,0.000727672522697921,0.00828806669920344,0.000734720198462549,0.000273097435879365,0,0.000498623060347486,0.000481003870935914,0.00389560277889855,0.00481003870935914,0.0005144803308179,0.00105538944575316,0.00247725803126701,0.000177953813056876,0.0065649099747517,0,0.000828101902343881,0.00938574219954437,0.0011522949875168,0.000186763407762662,0.00161391775009999,9.1619784940174e-05,0.00124920052928045,0.0035520285853729,0.00345159920572694,0,0.000630766980934275,0.0111934710331716,0.00594471450746437,0.00169496602139322,0.00184472913139158,0.00380574491289954,0.00829687629390922,0.0133905839527947,0.000743529793168335,0.00120691447469268,0.0033916939617276,8.98578659990168e-05,0.00407003275407312,0,0.000241382894938535,0.25874660610364,0.00160687007433536,0.000426384383760041,0.000456337005759713,0.0482501502035897,0.00107653247304704,0.0812949399449929,8.80959470578596e-05,0.00015681078576299,2.99526219996723e-05,0.00138486828774955,0.000185001488821505,0.000940864714577941,0.000577909412699559,0.000320669247290609,0.00306750087655467,0.000555004466464516,0.00508137422629734,0.000914435930460583,0,0.0103054638868284,0.000466908519406656,0.0303508156803738,0.000539147195994101,0.00118577144739879,0.000875673713755125,0.00241735278726767,5.81433250581874e-05,2.99526219996723e-05,0.00379341148031144,0.000149763109998361,0.000116286650116375,0.00121748598833962,0.00401541326689724,0.000664243440816262,0.000521528006582529,0.000592004764228817,0.000239620975997378,0.000336526517761024,0.000271335516938208,0,0.000694196062815934,0.000341812274584495,0.000600814358934603,0.00110824701398787,0.00491399192688741,0.000146239272116047,0.000209668353997706,0.000116286650116375,0.0244765779305557,0.000808720793991152,0.000149763109998361,0.000366479139760696,0.000695957981757091,0.000114524731175218,0.000246668651762007,0.00119986679892805,0.0600250544873433,0.016140939419941,0.000761148982579907,0.00014447735317489,0.00128620082704475,0.000148001191057204,0.0114912353342272,0.000967293498695299,0.0028278799005573,5.63814061170302e-05,0.000428146302701198,0.000829863821285038,0.000292478544232094,0.00201915910656614,0.00014447735317489,0.000209668353997706,0.000498623060347486,0.00124743861033929,0.00130205809751517,0.000278383192702836,0.0111599945732897,0.000983150769165714,0.00131086769222095,0.000787577766697265,0.000179715731998034,0.183112711716585,0.000676576873404362,2.81907030585151e-05,0.00177249045480414,0.00251425832903131,0.000153286947880676,2.81907030585151e-05,0.00021319219188002,0.000451051248936241,0.000155048866821833,0.00463384681524342,0.0369139637361844,0.0118911909338699,0.000354145707172596,0.000422860545877726,0.000207906435056549,0.00560114031393872,0.000664243440816262,0.000331240760937552,0.00135139182786757,0.00136724909833798,0.000126858163763318,0.000324193085172924,0.0114648065501099,0.000177953813056876,0.000324193085172924,0.00074705363105065,0.00106419904045894,2.81907030585151e-05,0.000370002977643011,0.000281907030585151,0.000236097138115064,0.00089153098422554,5.99052439993446e-05,0.00466203751830193
0.000155760264381007,2.24823777832963e-05,9.02233984244702e-05,2.26293214289388e-05,0.00193010478551371,0.000219533806589835,0.0011576220403713,0.00170087269831147,2.96826164197769e-05,7.30309918843024e-05,0.0192613730708136,0.000479771003022631,0.000138861745132124,5.73080218005593e-05,0.0002747846173514,0.00148530637015398,0.000102125833721509,0.0230414983549659,1.67515756032404e-05,0.00021923991929855,0.00053649125024062,0.00473114455875027,0.000496375634980229,3.95278406778217e-05,0.00301322639754428,3.2621489332626e-05,0.000114175212664191,0.00270802444554489,0.00308302462922445,2.05721103899444e-05,0.0626341411805159,4.93730649358664e-05,0.0152424643624923,0.000680496022970231,0.000243044789892628,0.001715860950167,0.000368093832334361,0.043728371732157,0.000739126537581572,0.000612901945974699,7.0973780845308e-05,0.00094866817626772,0.000540017897736039,0.0241873649036858,0.00022937903084788,0.000253036957796316,0.00195229327600572,0.00446708682753077,0.000132983999306426,2.60090252787154e-05,0.000233640396571511,0.000100509453619442,0.00021747659555084,3.71767423475423e-05,0.00148471859557141,0.070595254014133,0.000740449030392354,0.00347698054319188,0.000395425350423859,0.056915241435757,0.000836844061933808,2.35109833027935e-06,0.00166663482887678,0.000763225295466935,0.000304908064708104,0.000645523435307325,0.0127539737235373,0.00084595456796364,0.00356103230849937,0.00017324655821246,0.000504016704553637,0.00240311638083679,0.000307112219392741,0.000519298843700452,0.131999623824267,0.00694264642566929,2.39518142397209e-05,0.000959395062399619,0.00288641403135483,0.000293593403993634,8.0231230520783e-05,1.49882518555309e-05,5.98060637764811e-05,0.00113278856425772,0.0297202339930613,4.34953191101681e-05,0.00180138215193091,0.000570141345092743,0.000349578932983412,6.9063513451956e-05,3.54134185998328e-05,0.00208366089521008,0.00091046282840068,0.000636706816568778,0.000103889157469219,0.000260824971015366,0.000234375114799723,7.84679067730735e-05,0.00645494046578197,5.34874870138553e-05,0.0002007250199476,0.0084449982587178,0.000120346845781174,0.00113660909904443,0.000198226977971678,0.00493480845161072,0.0128048162249296,0.000793495686469282,8.24353852054199e-05,0.00211158018788215,0.00245381193858343,0.000765576393797215,5.30466560769279e-05,0.0337970384977657,0.000456700850656765,0.000200871963593242,0.0013251377964037,0,0.000952341767408781,0.00012842874629151,0.00180931710879561,0.0079110050504531,0.000167074925095477,2.02782230986594e-05,7.50882029232969e-05,0.303832290278355,0.0001899981338157,9.68358624783809e-05,0.000743094016013919,0.000538989292216542,4.20258826537435e-05,0.000172364896338605,0.000966742244681742,0.000200431132656315,0.000121228507655029,0.00030887554314045,0.000939704613883529,0.000794083461051852,0.000371326592538496,6.67124151216767e-05,0.00525926002118927,0.00019058590839827,0.000353546411415758,0.000609228354833638,0.0257731807274592,0.000238636480523355,0.00294313427857282,0.000406299180201401,5.71610781549168e-05,0.000184708162572572,0.000212627455244639,7.40595974037997e-05,7.77331885448612e-05,0.000770572477749058,0.000732073242590734,6.68593587673191e-05,6.0099951067766e-05,0.000158405250002571,0.000143857829083968
0.000276460157730322,0,0.000128828032979976,1.44031341219849e-05,0.000770567675526194,0.0307090822963077,0.00851145209197521,0.00185320325702873,2.64057458903057e-05,4.6010011778563e-05,0.00224928944538332,2.76060070671378e-05,0.000260056588313617,8.24179341424694e-05,0.000254455369488401,0.000524114047216674,0.000294063988323859,0.000644140164899882,0,0.000224448840067599,0.000188441004762636,0.00110624071798023,0.00103822591795975,0.0001272276847442,0.00411889627182875,6.80148000204845e-06,0.000128427945921032,0.00386204037998669,0.0391793254212117,0,0.00131308572745429,2.68058329492498e-05,0.0108111525067855,0.000424892456598556,0.000146431863573514,0.00174597992523173,0.000139630383571465,0.00160434910636555,8.04174988477493e-05,9.28201976750141e-05,2.08045270650894e-05,0.00740121050340554,7.5616454140421e-05,0.00952167191580888,0.000113624724740103,6.88149741383725e-05,0.000293263814205971,0.000871389614380089,6.96151482562606e-05,7.20156706099247e-06,0.000639739207251498,0.0104094650996057,0.000482504993086496,3.36073129512982e-05,0.0014467148051416,0.00134269216981615,0.00058332693194039,0.0136369674041071,0.0615337897526502,0.0103966623137195,0.00114824985916936,6.161340707738e-05,0.000988215035591745,0.000573724842525734,0.000136829774158857,0.000516112306037794,0.0581926627234086,0.143616050852666,0.107258139371127,0.000252054847134736,0.000324470604803605,0.000635338249603114,0.0360302401802632,6.96151482562606e-05,0.0017147731346341,0.00164875876990833,1.28027858862088e-05,0.0410513327700108,0.000478104035438111,0.000127627771803144,0.0006061318943002,0.000106423157679111,4.24092282480668e-05,0.000204444487120397,0.000163635607108107,1.28027858862088e-05,0.000524114047216674,0.00015203308239873,0.00106983279561633,0.000224048753008655,0.000302465816561684,0.000462900727198238,0.00908917780509039,0.00113984803093153,9.1619936498182e-05,2.68058329492498e-05,0.0088875339273826,0,8.16177600245813e-05,1.36029600040969e-05,3.40074000102422e-05,0.000680948174322733,6.64144517847083e-05,0.00188000908997798,0.000933403108516413,0.00568563719465356,0.00112744533210427,0.0111596283351257,0.00138150061453372,0.00275740001024223,0.000709354355507758,0.00150832821221898,0.000174037870640651,4.20091411891228e-05,0.000292863727147027,0.000225249014185487,0.0009778127720592,0,0.0226201221385774,6.80148000204845e-06,0.00220808047831208,0.00128748015568188,5.44118400163876e-05,0.000186440569467916,2.08045270650894e-05,0.00070855418138987,0.253126280278589,1.44031341219849e-05,0.00021764736006555,4.12089670712347e-05,6.72146259025964e-05,0.000150432734162954,6.24135811952681e-05,6.76147129615404e-05,0,0.000158434475341834,0.000270458851846162,0.000487706124852768,0.00293263814205971,4.08088800122907e-05,0.000632537640190505,4.80104470732831e-05,2.72059200081938e-05,0.0029870499820761,0.00052171352486301,0.000456899421314078,0.00405888321298715,0.000559721795462693,5.32115788395555e-05,0.000158834562400778,0.000201243790648845,6.40139294310442e-06,2.08045270650894e-05,0.0224760907973575,0.00219687804066165,4.84105341322272e-05,0.00109583845444769,6.40139294310442e-06,5.28114917806115e-05
0,6.34084135919457e-05,0,0.000524880756955551,0.000309996688671735,0,0.000510789998379563,0.000112726068607904,5.63630343039518e-05,0.000123294137539894,0.00225099868251407,0.000119771447895897,0,0.000228974826859804,0,0.00117657834109499,0,0.000179657171843846,0.00407927460774851,0,0.000345223585111705,0.00879263335141647,0.000468517722651599,6.34084135919457e-05,0.00145487082297075,0.00877149721355249,0.00120475985824697,0.00111669261714704,0.00123294137539894,0.00356496191972495,0.00066578834271543,0.000119771447895897,0.00569618915434312,0.000126816827183891,0.00389609474626066,6.34084135919457e-05,0.000546016894819533,0.00542141936211136,0.000422722757279638,0.00456540577862009,0.000119771447895897,0.00130339516827888,0.00219463564821012,0.000732719445951373,0.00073624213559537,0.000412154688347647,0.040866722560009,0.000394541240127662,0.00349450812684501,0,0,0,0,5.98857239479487e-05,0.000376927791907677,0.000500221929447572,0.000785559790611327,5.63630343039518e-05,0.000123294137539894,0.00468165453687199,0.000126816827183891,0,0.00119419178931498,0,0.00018670255113184,0.000183179861487843,0.00085249089384727,0.000704537928799397,0.000538971515531539,6.34084135919457e-05,0.00203611461423026,0.0111140858268105,0,0.000302951309383741,0.000602379929123484,0.00783798445789329,0,0.000112726068607904,0.000123294137539894,0.000119771447895897,0,0,0.000183179861487843,0.000126816827183891,0.00029238324045175,0,0.00119771447895897,0.01864911897532,0,0,0,0.00102510268640312,0.000415677377991644,6.34084135919457e-05,0,0.00324791985176522,5.98857239479487e-05,0.0212876135186738,0.00298371812846545,0.000996921169251147,0.00323382909318923,0.00073624213559537,0.000126816827183891,0.000422722757279638,0,0.481748944954452,0.00115191951358701,0.000239542895791795,0.000169089102911855,0.000253633654367783,0.00311053495564934,0.00037340510226368,0,0.00040863199870365,0.00029238324045175,0.000246588275079789,0.0001162487582519,0.0104095478980111,0,0.0267689186047331,0.000317042067959729,0.000546016894819533,0.00808809542261708,0,0.00154998344335867,0.00148657502976673,0,0.0588817573994096,0.107561805589804,0.00255042730225382,0,5.63630343039518e-05,0.00382211826373673,0,0.0277658397739842,0.00120475985824697,0.0024482693025779,6.34084135919457e-05,0.000190225240775837,5.98857239479487e-05,0.0191246820772596,0.000183179861487843,0.000299428619739744,0,0.00490006129479981,0.000658742963427436,0.00200441040743428,0.000239542895791795,0,0,0,0.0322678371390124,0,0.000243065585435792,6.34084135919457e-05,6.34084135919457e-05,0,0.000429768136567632,0.00137737165080282
0.000702447383383497,0.000572904115932168,0.000494941906341399,0.00064338510339049,0.00406663485178518,0.000132299507184336,0.00126511403745021,0.000716622330581819,0.00293263907591944,0.0011942393014586,0.0247644202525346,0.00182148071498434,0.000452810813279721,0.00059298529112979,0.000309880095696643,0.00473797610103902,7.99309522572028e-05,0.00187109303017846,0.00162460644834098,0.000497304397541119,0.000376423597822098,0.00270190243541343,0.000290192669032308,0.000179155582645455,0.00417176571017273,0.000939484000422098,6.85122447918881e-05,0.00352168688171637,0.0069346991682456,0.000480766959143077,0.00537427373083035,0.000208292974108671,0.00848213090406238,0.00499981887567469,0.00605270245368336,0.00157538788168014,0.00166358755313636,0.00460882658212098,0.00131669509531077,0.0345805711873723,4.56748298612588e-05,0.000305942610363776,0.00237115366745259,0.00531403020523749,0.0017899808323214,0.00771668375535301,0.101946613998863,0.000629997653258742,0.00224082290293469,5.15810578605595e-05,0.00033547375036028,0.000154349425048392,0.000393748533286713,0.000495729403407972,0.00134110750437455,0.00225932908399916,0.00128440771558126,0.00130960762171161,0.000217349190374266,0.0119270368217878,0.000668978758054126,1.33874501317483e-05,0.00200418003442937,0.000742215985245455,0.00195417397070196,0.000380754831688252,0.00354216180544728,0.00127889523611525,0.00229358520639511,0.000301611376497623,0.000268142751168252,0.00351144941985091,0.000129937015984615,0.000230342891972727,0.00638187622751105,0.0595993529924101,0.00108556470627147,0.000960746421219581,0.000679216219919581,0.00117022064092811,0.000381936077288112,5.31560519937063e-05,0.000818996949236364,0.00153876926808448,0.00153837551955119,0.000404773492218741,0.00605348995074993,0.0640345364713516,0.000357917416757623,0.000157499413314685,0.000105918355454126,0.00708196111969483,0.000670553752187273,0.000465804514878182,0.000109462092253706,0.0177505776290983,0.00027916771010028,0.0145226271532139,0.00147458825715874,0.000791040803373007,0.004558033021327,0.00493603161328224,0.000437060871948252,0.00107335850173958,0.000210261716775105,0.048541319183586,0.00197543639149944,0.0016832749798007,8.54434317232168e-05,0.00101705246147958,0.0112927079346629,0.000370911118356084,0.000511085596206154,0.00128952644651399,0.000327205031161259,0.00286806431646042,0.00125330158145161,0.000472104491410769,0.000625272670859301,0.00384022944514532,0.00169705617846574,0.00098004009935063,0.0225125723906678,8.34746890567833e-05,0.000922946562024056,0.00460488909678811,8.6624677323077e-05,0.00370792993796098,0.3110932349277,0.0012446391137193,0,0.000461473281012028,0.00633187016378364,0.0011084021212021,0.0149463005750304,0.00432650888375441,0.0101972995150593,0.00184668062111469,0.000343348721026014,0.000330748767960839,0.00590425925663427,0.00189983667310839,0.000361461153557203,0.000693784915651189,0.00790647054839721,0.000325630037028112,0.0012001455294579,0.00276844593753888,0.000112218331986713,0.000653622565255944,0.000609916478061119,0.00678034974319721,0.000251211564236923,0.000622910179659581,0.00129740141717972,0.00218491061120797,0.000148836945582378,0.000325630037028112,0.00584007824570853
7.78708247610534e-05,5.45095773327374e-05,4.98373278470742e-05,0.000138610068074675,0,5.29521608375163e-05,0.00589014918492608,0.00731051302856769,0.000137052651579454,0,0.0101637000478127,4.98373278470742e-05,0,0,0.000104346905179812,0.000406485705252699,4.98373278470742e-05,0.00268965828724678,8.41004907419376e-05,0,0.00019000481241697,0.00723108478731142,0.000137052651579454,2.80334969139792e-05,0.00272392145014165,0.000651000095002406,0,0.0152081720758337,0.00273170853261775,0.000652557511497627,0.00435297910414288,0,0.0141117508631981,0,0.000834775241438492,0.00152003849933576,0.000163528731998212,0.0307106958692642,0.00205423235719659,0.000651000095002406,2.49186639235371e-05,0.00179725863548511,0.000404928288757478,0.00695697948415251,0.000356648377405624,0.000774035998124871,0.00353845027714226,0.00535284049407481,0.000361320626891288,0,0.000224267975311834,7.47559917706112e-05,0.000177545480455202,5.29521608375163e-05,0.00288589276564464,0.0108754393861287,0.000501488111461184,0.00229718933045107,5.29521608375163e-05,0.0143313465890243,0.000766248915648765,0,0.000453208200109331,0.000266318220682803,0.000104346905179812,0.000129265569103349,0.00711272113367462,0.000105904321675033,0.00094846664558963,0,0.000819201076486281,0.0631143034688338,0,0.000931335064142198,0.0129872961536485,0.0210422542669318,5.29521608375163e-05,0.000492143612489857,0.000397141206281372,5.13947443422952e-05,2.64760804187581e-05,0,0.000191562228912191,0.000967155643532283,0.0119936644296974,8.41004907419376e-05,0.00269277312023723,0.00265539512435192,0.000132380402093791,2.64760804187581e-05,0,0.000559112521784363,0.00155897391171629,0.00020402156087396,0,0.00243579939852575,4.98373278470742e-05,0.0140260929559609,0.0574390777602482,0.000267875637178024,0.000207136393864402,0.00280957935737881,0.000112133987655917,0.00013082298559857,0.000133937818589012,0.395831419008891,0.0081686495174345,0.000912646066199546,9.96746556941483e-05,0.00465979015370143,0.00555997688793921,0.00026320338769236,7.78708247610534e-05,0.0116915256296246,0.00110576571160696,0.000107461738170254,0.000238284723768823,0.000418945037214467,0.000523291942394279,0.000210251226854844,0.000537308690851268,0.00160881123956336,0.000761576666163102,0,0.000439191451652341,0.0249202213400323,0,0.000907973816713882,0.00328770622141167,0.0355308999219734,0.00010278948868459,0,0.0104673962643808,0.000241399556759265,0.000731985752753902,0.000590260851688785,0.000104346905179812,0.000278777552644571,0.000110576571160696,0.000165086148493433,0.0362940340046318,0.000155741649522107,0.00048124169702331,0.000607392433136216,0.0697364384065138,0,0.00860628355259162,8.09856577514955e-05,0,5.29521608375163e-05,0.000149511983541222,0.000702394839344701,2.80334969139792e-05,0.00101232072189369,0.000104346905179812,5.29521608375163e-05,0.000358205793900846,5.45095773327374e-05,0.000135495235084233
0,0,0,0,0.023996011849409,0.000843647240410703,0.0143611768879004,0,0,0.000335541516072439,0.00599181278700783,0.000172564208265826,0,0,0,0.00515775244705634,0.00211870500148597,0.00133257916383054,0,0.000153390407347401,0.000306780814694801,0.000508105724338264,0.000153390407347401,0,0.000345128416531651,0,0,0.000306780814694801,0.0842688550364782,0,0.00301987364465195,0,0.00345128416531651,0.00136133986520818,0,0.106807658016087,0,0.00171605518219904,0,0.000153390407347401,0,0.000498518823879052,0.000306780814694801,0.0115138674515143,0,0.000172564208265826,0.00258846312398738,0.000335541516072439,0,0,0.00103538524959495,0.00972111706564151,0.000162977307806613,0,0.000498518823879052,0.00732439195083837,0,0.00193655389276093,0.000517692624797477,0.00340334966302045,0.000172564208265826,0.00233920371204786,0.000766952036737003,0,0,0.0925902846350746,0.0099416157762034,0.00113125425418708,0.00185985868908723,0.00777497627242136,0,0.000162977307806613,0.00120794945786078,0,0.00464964672271808,0.0010737328514318,0,0.00590553068287492,0.00326913305659147,0,0.00766952036737003,0.000661496131685665,0,0.000814886539033065,0.000153390407347401,0,0.00135175296474897,0,0,0.00802423568436089,0,0.000517692624797477,0,0.0765897477686489,0,0.000172564208265826,0.00377723878092974,0,0.000162977307806613,0,0,0.0012271232587792,0.000153390407347401,0.0302754316501932,0,0,0.0503312274108658,0.0376765188047052,0.0158471464590783,0.00127505776107527,0,0,0.000306780814694801,0.000814886539033065,0,0,0.0378203223115934,0,0.00215705260332282,0,0.0964442186196781,0.0149172171145347,0,0,0,0.00334582826026517,0.000345128416531651,0,0.000862821041329128,0,0.0383667756377686,0,0,0,0.000325954615613226,0,0.000172564208265826,0,0.000853234140869915,0,0,0,0.000172564208265826,0.000345128416531651,0.000632735430308027,0,0.0266228225752332,0,0.0132299226337133,0.00513857864613792,0,0,0,0.000162977307806613,0.00280896183454927,0,0.0872695548802117,0.000479345022960627,0
0.026860646625463,0.00038832472202862,0.00180146190577677,4.17605078077749e-05,0.00293235565744479,8.59210447999048e-05,0.000848650319587886,0.000317763864008586,0.000480485842707847,0.000366244453532555,0.00629671656807347,0.000394084792071072,0.00167906041737468,0.000105601284111615,0.0239906917268114,0.130506866963502,0.00199202422301455,0.000667208113250657,7.39208988781304e-05,0.00197426400705033,0.0372743732563788,0.000317763864008586,3.9840484460291e-05,0.000705128574363464,0.104091665754656,0,0,0.000394564797907943,0.00345460200796042,2.44802976804198e-05,0.000531366461416171,0.000347044220057716,0.00147985799507322,0.00471653735309421,0.000975851866358695,0.00156961908656809,0.000769449356504175,0.000654247955655141,0.000109441330806583,0.000274083332853327,9.84011965585502e-05,0.00010800131329597,0.000197762404790842,0.00165746015471548,0.00117169424780205,4.17605078077749e-05,0.000495366023650848,0.000131041593465777,0.000183362229684713,0,0.0133873627903315,0.000374404552759362,0.0161488363698503,0.0774926223102873,0.000330724021604103,0.000174722124621035,0.000188642293890294,0.000376804581943716,0.000370564506064394,0.00211874576394849,0.000252963076031005,5.04006128714525e-05,0.0224057124534634,0.000264963221952779,0.000107521307459099,0.000298563630533747,0.000944651486962081,0.000544806624848558,0.000982571948074889,0.000591367191025043,3.07203735597425e-05,0.000131041593465777,0.000279363397058908,1.63201984536132e-05,0.00175346132208968,0.00649495897870118,0.000224642731655617,0.000420485113098975,4.1280501970904e-05,0.00796185681617888,0.00137665674014596,0.00259779158914572,0.00120673467389363,0.000130081581792035,0.000300483653881231,0.000204482486507036,0.0116833420694396,9.74411848848082e-05,0.0620575546198642,6.57607996513237e-05,0.0206416910029626,0.00320211893776628,0.000308643753108038,0.000894250874090629,0.00577159018253662,4.22405136446459e-05,0.00022128269079752,3.36004085809683e-05,6.38407763038398e-05,0.000151681844451229,6.52807938144528e-05,0.00100465221657095,0.00759753238599381,0.000311043782292393,8.1600992268066e-06,0.00173522110028858,0.000299523642207489,0.000798249706716434,8.88010798211306e-05,0.000154561879472454,0.000708488615221561,0.000106561295785357,0.00426437185476175,0.000132001605139518,0.000111841359990937,0.00062928765213785,0.00106129290532173,7.68009338993562e-06,0.000526566403047461,0.000173762112947293,0.0052575039312478,0.000200642439812068,8.64010506367757e-06,0.00308259748438541,0.000303363688902457,0.00057504699257143,0.000223682719981875,6.43207821407108e-05,0.000266883245300263,4.84805895239686e-05,1.63201984536132e-05,0.165847776708965,0.00011328137750155,0.00196034383778107,0.000124321511749583,0.000948491533657049,0.00192722343503697,0.123481501535059,0.000390244745376104,0.00241202933027666,0.000646087856428334,0.000166082019557358,0.000649447897286431,0.000556326764933462,0.000207842527365133,3.9840484460291e-05,0.000189122299727165,0.00620935550576295,0.000171362083762939,0.00153265863712903,0.0299173237946573,8.1600992268066e-06,0.00128641564281422,0.000608647401152398,7.87209572468401e-05,0.000187202276379681,0.000586567132656333,0.000269283274484618,0.000220802684960649
0.000604959143063325,0.000385550481113734,0.00031199150774335,0.00022067692011115,0.00258344187509433,0.000714029344957342,0.00189985072601438,0.00170073419464973,0.0007913930928124,0.000918218908968234,0.1070384523192,0.00151303198673909,0.00025111511598855,0.000257456406796342,0.000338624929136075,0.00175146452111206,0.000109070201894017,0.0048853304383227,0.000225749952757383,0.00112494498930224,0.00141791262462222,0.00277494885748964,0.000101460652924667,0.000381745706629059,0.00404067050272485,0.000498425457492425,0,0.00341415097091504,0.00413325334851861,0.000134435365125183,0.00739394508188509,0.000343697961782309,0.00490689082706919,0.00112874976378692,0.00242490960489953,8.62415549859667e-05,0.00109070201894017,0.00394047810796174,0.0181145313215377,0.00587076702985353,2.15603887464917e-05,0.000325942347520492,0.00165634515899518,0.004413538402223,0.00100699698027732,0.00220423268478838,0.00638948461793089,0.000637933855263842,0.000128094074317392,8.62415549859667e-05,0.000413452160668017,6.34129080779167e-05,0.000375404415821267,0.000196580015041542,0.000514912813592684,0.00415227722094199,0.00011414323454025,0.00266207388111094,0.000125557557994275,0.00612061388768052,0.0004261347422836,0,0.000873829873313692,0.000128094074317392,0.00035764880155945,0.000528863653369825,0.00461392319174922,0.00210784506450995,0.00224862172044293,0.000230822985403617,4.31207774929834e-05,0.00601408020210962,0.00014458143041765,0.000125557557994275,0.0103033293044999,0.199999239045103,0.000210530854818683,0.000948657104845634,0.00210911332267151,0.000404574353537109,0.000234627759888292,0.000153459237548558,0.000135703623286742,0.00268490252801899,0.00827411624600657,6.34129080779167e-05,0.0035612689176558,0.00360819446963346,0.000489547650361517,6.848594072415e-05,4.31207774929834e-05,0.010012898185503,0.000390623513759967,0.000187702207910633,4.05842611698667e-05,0.0277558298657041,0.00019023872423375,0.016870370065049,0.00742818805224716,0.000196580015041542,0.000910609359998884,0.0170352436260515,0.000259992923119458,0.00149527637247728,8.62415549859667e-05,0.0857799090151595,0.00258851490774056,0.00243251915386888,0.000224481694595825,0.00134054887676716,0.0787905382868115,0.000377940932144384,0.000149654463063883,0.00758418380611884,0.000344966219943867,0.00194297150350737,0.00128474551765859,0.000325942347520492,0.00109957982607108,0.000851001226405642,0.000760954896935001,0.000703883279664875,0.0113940313234401,2.15603887464917e-05,0.000153459237548558,0.017665567932346,0.0001674100773257,0.00131518371353599,0.0416711584143222,0.0106736606876749,2.282864690805e-05,0.000427403000445159,0.0709983601421971,0.000584667012478392,0.0011566514433412,0.000831977353982267,0.00466465351821155,0.0005174493299158,2.15603887464917e-05,0.000219408661949592,0.00326449650785115,0.000812953481558892,0.000946120588522517,2.15603887464917e-05,0.0807512654045807,0.000194043498718425,0.0021915501031728,0.00148766682350793,2.15603887464917e-05,0.000754613606127209,0.000343697961782309,0.00150415417960818,0.000176287884456608,0.000229554727242058,0.000584667012478392,8.49732968244084e-05,0.000112874976378692,0.000901731552867976,0.00109831156790952
0.0324759366621063,0.00259749851166217,0.00442493418439537,0.00010988031151969,0.00782311791688545,0.000317031718483039,0.000440421904369904,0.000498964693294329,0.0119175105084306,0.000857426693170038,0.0359362658166854,0.0104863644838012,0.00114923997950102,0.000562911431965624,0.00285959007438537,0.0108088001520311,0.00141493417538879,0.00180401855716343,0.000276502095381514,0.000924075406714768,0.00384400958660685,0.000910565532347593,0.000119787552722285,0.00131586176336284,0.0190822472144891,4.68342311395399e-05,0,0.000867333934372633,0.0111591562272865,0.000148608618038925,0.00123210054228636,0.00118436565285567,0.00122039198450147,0.0893245873408875,0.00297397367736078,0.00202197786362052,0.000770062838928973,0.00140953022564192,0.000500766009876619,0.00640368045004094,0,0.000281906045128384,0.000735837823865463,0.00177970078330252,0.0834495933077486,0.000999730703170948,0.0049419120435126,0.000939386597664233,0.00240475763735714,0.000291813286330979,0.00184364752197381,0.00015311190949465,0.00453121186275048,0.00241826751172432,0.00139692100956589,0.000200846798925335,0.000154012567785795,0.000225164572786249,0.000281906045128384,0.00240115500419256,0.000309826452153879,0.000107178336646255,0.0133288420506548,0.000354859366711129,0.000290912628039834,0.000374673849116319,0.00176438959235305,0.000675493718358748,0.00125641831614727,0.000348554758673114,0.000248581688356019,0.000363865949622579,0.000271098145634644,7.74566130384698e-05,0.00270737882318186,0.0643979684751585,0.00488156793800589,0.000727731899245158,0.00013509874367175,0.0771017536717587,0.00136089467792009,0.000342250150635099,0.00264253142621942,0.000970909637854308,0.000523282467155244,0.00124110712519781,0.105315775300167,0.000939386597664233,0.00375934770723922,0.000395388989812654,0.000670089768611878,0.00810592462030498,0.000349455416964259,0.000448527828990209,0.000584527230953104,0.000535891683231274,0.000258488929558614,0.00020174745721648,0.00010267504519053,0.00021075404012793,0.000797082587663323,0.001503198687921,0.0216806463844424,0.00174187313507443,0.000228767205950829,0.00143024536633826,0.00116905446190621,0.00280374926033438,0.00012068821101343,0.000242277080318004,0.00552733993275685,0.000238674447153424,0.00218589767260891,0.000154012567785795,0.000148608618038925,0.011615789980897,0.00198685219026587,8.01585879119048e-05,0.00101053860266469,7.56552964561798e-05,0.00489958110382879,0.000197244165760755,0.000134198085380605,0.000394488331521509,0.000234171155697699,0.000655679235953558,4.32315979749599e-05,6.12447637978599e-05,0.00130055057241338,0.00015311190949465,1.5311190949465e-05,0.00644330941485131,0.000312528427027314,0.105659826767384,0.000202648115507625,0.00155453621051627,0.00729533215827448,0.0589084561906297,0.000973611612727743,0.00753040397226333,0.000743943748485768,0.00153382106981993,0.0025119359740034,0.000813294436903933,0.000530487733484404,3.24236984812199e-05,0.000797983245954468,0.00952085879569377,6.30460803801498e-05,0.00180852184861916,0.00753941055517478,2.97217236077849e-05,0.0287751317437915,0.00123390185886865,0.000360263316457999,0.00926417118271745,8.82645125322098e-05,0.000808791145448208,0.00149869539646528
0.0002357188588774,0.00053987222517082,0.000159680517304045,0.0024499553654935,0.00135348248000572,5.17060722698814e-05,0.000263092661843808,0.000310236433619288,0.000736051146430076,0.000736051146430076,0.00799010893252814,0.000442543147956926,0.00010493291137123,0.00162265820917539,0.000603744432092438,0.00623818554267804,0,0.000629597468227379,0.011554786385487,0.000187054320270453,0.000185533553438986,0.0014051885522756,0.000524664556856149,2.58530361349407e-05,0.00333352089457588,0.00190552083982828,5.01853054384143e-05,0.00205151445564912,0.00712327183859189,0.00372739950392586,0.000898773197397056,0.00030415336629342,0.00387187235291523,0.0024727668679655,0.0124596426502099,0.000532268391013485,0.00131394254238757,0.00525577016955029,0.000358900972226235,0.00944548279024215,0.000103412144539763,5.32268391013485e-05,0.00586711843580007,0.00440718227759165,0.000339131003417163,0.00207888825861552,0.296792854829119,0.00031479873411369,0.0118863135547468,7.90798752362892e-05,0.000567246028137228,0,0.000337610236585696,0,0.000218990423731262,0.00226290104522304,0.0002357188588774,0.000909418565217325,0.000377150174203841,0.00775895237414514,0.000594619831103636,0,0.00184012786607519,0.000631118235058846,0.00170782115173755,0.000625035167732978,0.00653321430798266,0.000231156558382999,0.000237239625708867,7.90798752362891e-05,0.000393878609349979,0.00383993624945442,0,7.75591084048221e-05,0.00266894578922476,0.0122817129309283,0.000311757200450755,0.000504894588047077,0.000403003210338781,0.000406044744001715,0.000336089469754229,7.75591084048221e-05,0.000158159750472578,0.00107518214984724,0.000215948890068328,0.000284383397484348,0.00202414065268271,0.107177563214475,0.00111320132063392,0,0.00010493291137123,0.0109236681504282,5.01853054384143e-05,0.000734530379598609,0,0.00322098414904732,2.73738029664078e-05,0.00178233872647944,0.000757341882070615,0.00298222375650698,0.00835357220524877,0.00173215342104103,0.000159680517304045,0.00045623004944013,0.000354338671731834,0.0421602188687624,0.000719322711283938,0.00157399367056845,0.000109495211865631,0.000337610236585696,0.00335329086338495,0.000240281159371802,0.000132306714337638,0.000176408952450183,5.17060722698814e-05,0.000734530379598609,0.00151468376414123,0.00228419178086358,0.000369546340046505,0.0307499053322647,0.00119988503002754,0.000517060722698814,0.00301415985996779,7.90798752362891e-05,0.00377758480936427,0.000745175747418879,0,0.00619712483822843,0.0552798743238291,0.000323923335102492,0,2.43322693034736e-05,0.00204391062149178,0.000403003210338781,0.180150038855593,0.00925234540264583,0.0124277065467491,0.000479041551912136,0.000258530361349407,0.00015207668314671,0.00430681166671482,0.00141735468692734,0.000355859438563301,0.000311757200450755,0.00185077323389546,0.00031479873411369,0.0024727668679655,0.000524664556856149,5.01853054384143e-05,0.000250926527192071,0.000285904164315815,0.00708373190097375,0.000107974445034164,0.000202261988585124,0.000883565529082385,0.000469916950923334,0,0.000127744413843236,0.0126360516026601
0.000506094028026163,0.000788079074137309,0.000564291625912271,0.00102183406675168,0.00171055923068563,0.000325392094258244,0.00234108679673347,0.000913155679538946,0.0020356297912539,0.00348703286781686,0.00697310113456378,0.000327642830088094,0.000613486280478982,0.0265663996007838,0.000275875906001555,0.00473426205124347,3.72979080375063e-05,0.000839202930843891,0.000796117416386772,0.00094466598115684,0.000143725559420391,0.00142568038136468,0.000172985125208434,0.000134079548721035,0.00461240078274161,0.000460436244049215,3.21533689978502e-05,0.00209865039448968,0.00655285660176188,0.000407704718892741,0.0010858192710574,0.00107745939511796,0.00384586446583287,0.00482139768122764,0.0866488279775467,0.00137487805834808,0.00810682892542798,0.0018800074853043,6.55928727556145e-05,0.00442398204041421,9.03509668839591e-05,0.000820875510515116,0.0293055451057106,0.00364554897697626,0.000869748631391849,0.000812194100885697,0.0409119467128646,0.000737598284810684,0.00264300693162329,0.000497412618396743,0.000499020286846636,5.81975978861089e-05,0.000440822688960527,0.000375229816204912,0.00178354737831075,0.00184624644785656,0.00122761562833792,0.00164625249268993,0.000410920055792526,0.00747790902783003,0.000908654207879247,1.60766844989251e-05,0.00355423340902236,0.000181345001147875,0.0676555113768265,0.000350150188386589,0.0034040771758024,0.000550787210933174,0.0018157007473086,7.45958160750125e-05,0.000259477687812651,0.00165975690766903,0.000114144459942368,3.95486438673558e-05,0.0020430250661234,0.00920165113980478,0.0012070374721793,0.00107070718762841,0.000219607510255317,0.00212469462337794,0.000268159097442071,5.78760641961304e-05,0.000185524939117596,0.000847241273093353,0.000260120755192608,0.00122022035346842,0.00159512863598335,0.0103090131680907,0.00138741787225724,9.35663037837442e-05,0.000147583963700133,0.0833260988253088,0.000902223534079677,0.000168805187238714,0.000125719672781594,0.000277805108141426,0.000245651739143576,0.000276518973381512,0.00035851006432603,0.00208932591748031,0.0360696493417884,0.00123758317272726,0.000199993955166628,0.000705444915812834,9.74247080634862e-05,0.00558664786337648,0.000894828259210172,0.00174303413337346,0.000142117890970498,0.000879716175781182,0.00386419188616164,0.000815087904095503,0.000979070085984539,0.000236648795824178,0.000360117732775923,0.000466866917848785,0.00160702538251255,0.000167840586168778,0.000670076209915199,0.00119449765827014,0.00189511956873329,0.000423781403391666,0.00034564871672689,0.000132150346581164,0.00431755438903133,0.00111507883684545,0.000207389230036134,0.000727952274111329,0.00259574147919645,7.6846551904862e-05,1.67197518788821e-05,0.00050448635957627,0.000279412776591318,0.000338253441857384,0.00316099770617866,0.398727819802231,0.0165708817804221,0.00235684194754242,0.000489052742457302,7.0415878105292e-05,0.00274429004396652,0.00105655970526936,4.43716492170333e-05,0.00147905497390111,0.000647568851616704,6.9772810725335e-05,0.00122954483047779,0.00579210789127274,3.31179700677857e-05,0.000192277146607144,0.000801905022806385,0.000572651501851713,0.000154979238569638,0.000896114393970086,0.000338896509237341,0.000356902395876137,0.000213498370145725,0.000131828812891186,0.00910872790340099
0.00288360419737214,0.00550401035569699,0.00208637108701253,0.000677787034591445,0.00251392322256253,0.0011585806380226,0.00219308550741781,0.00235998593499309,0.0266362434116577,0.0338326379920467,0.0171831050470365,0.000958809391146777,0.00135950930811324,0.0040532960982569,0.00126436911985604,0.00588896931694206,0.000330328585506145,0.00229354984246313,0.000875243435037654,0.00111089480157252,0.000729639594614834,0.0036347718637824,0.00139839872813078,0.000636814252787249,0.00748482444551905,0.000290281742273795,0.000630564167427287,0.00336879600901957,0.00892002923188071,0.000444681999129155,0.0027315187869464,0.0015139095649686,0.00801700763968767,0.0226227626719902,0.0541641656680033,0.00107385725869867,0.033324529200746,0.00312944088819732,0.00045880256234981,0.0159196618657523,0.000159724403643476,0.000758575174985029,0.00396371154143077,0.00472205523177284,0.00253267347864242,0.00285860385593229,0.0428716503304096,0.00190928533514694,0.00161043866108357,0.000465052647709772,0.0024761912257598,0.000143751963279128,0.000991680210447319,0.000574776368473551,0.00196507313410067,0.00150372424067829,0.00247480231790203,0.00281994592055771,0.000816214851082457,0.00976610560190521,0.00118473840267726,2.45373721539253e-05,0.00567507750684558,0.00144168635636459,0.00373268986775514,0.000608573126345939,0.00855428349600145,0.00211113994380942,0.0046470542074533,0.000130557338630319,0.000581720907762398,0.00192618371408313,0.000376394029455495,0.000337273124794991,0.00906007744087246,0.0234218476594935,0.0214627931261098,0.00270096281407547,0.000637508706716133,0.00450631154453267,0.000472460156284542,0.000217132595097942,0.000270374062979101,0.00171738456613181,0.00123635947805769,0.00296902203062496,0.00376093099419645,0.00959966814361585,0.00146784412101925,4.95377135937736e-05,0.000372458790525148,0.0905868853301469,0.00098450418651551,0.000276624148339063,0.000570378160257281,0.000818992666797996,0.000787279270712262,0.000591211778123822,0.000404866640539767,0.000931957172563236,0.00451233014524967,0.0032072197282324,0.00102084727546048,0.00141784343813955,0.00102825478403525,0.00726769185042111,0.00165372628931738,0.0031000423385412,0.000317365445500297,0.00129677696987065,0.00779663425958827,0.000545146334174471,0.00329495240791483,0.000875011950394693,0.00103172705367967,0.00142640836992913,0.00208822296415622,0.000728945140685949,0.00157201221035195,0.00160141076000807,0.00257897040723473,0.000878021250753193,0.000386347869102842,0.000226623465459366,0.00131298089487796,0.00376718107955641,0.00175719992472119,0.000667370225658174,0.00554660353000191,0.000352551111230454,6.64360925299674e-05,0.00106436638833725,0.0006057953106304,0.00254725701114899,0.0043627910658965,0.015512480378783,0.248750850995419,0.00334726793722414,0.000776862461778992,0.000462969285923118,0.00264077680690546,0.0142564447060735,0.000305096759423335,0.00135626852311177,0.00163844830288191,0.000622925174209555,0.00163636494109526,0.011128161241091,6.48157000292365e-05,0.000752093604982105,0.00256369242079927,0.000489358535220736,0.000464358193780887,0.00125904497306792,0.00251068243756107,0.00486904798005343,0.000145603840422821,0.000301161520492988,0.0299920762806714
0.033374207024714,0.00125759987630356,0.00363096724165943,4.50492213605388e-05,0.00450811917756979,0.000292965258912407,0.000978294703868217,0.000937605084574827,0.00141861451265026,0.000458630137464066,0.0150970113183989,0.00129160477242732,0.00115965414986161,0.000207517058396288,0.00757960415394511,0.0722246555260427,0.00215393406130937,0.00157294442582733,4.62117819117785e-05,0.0010393291328083,0.0208258190747704,0.000450782853743198,0.000315053909385962,0.00101840304288599,0.0547551487627013,9.88176468553754e-06,0.000256053961410546,0.00106577738534901,0.00443313402201483,2.55763321272736e-05,0.00139303818052298,0.000349930725923153,0.00340048961237615,0.00962309496288671,0.00130671805959344,0.00364288348730963,0.000360103130746501,0.00135670816329674,0.000177871764339676,0.00084256575951098,5.08620241167374e-05,0.0001200343769155,0.000534487213432457,0.00356441065010095,0.00442383353760491,6.39408303181841e-05,0.00170402312797961,0.000340630241513235,0.000165083598276039,0.000142994947802484,0.00569887182217706,0.000420556279410965,0.0351636783532097,0.016716167526138,0.000411255795001048,0.00146598885511328,0.000673413199305603,0.00166013646717031,0.000299940622219845,0.00615924580046799,0.000390039064940923,5.84186676997955e-05,0.00996459712481337,0.000578083234103946,0.000256344601548356,0.000588255638927294,0.00330428772676107,0.00112390541291099,0.000890230742111809,0.000771649565885358,8.39949998270691e-05,0.000215364342117156,0.000135728944357236,0.000195600812746081,0.00413144955896812,0.00839049013843481,0.000537102974672747,0.000546984739358284,0.000227280587767363,0.0233889744501161,0.00250095838585443,0.00146627949525109,0.00335834679239371,0.000470255742976463,0.000357196729368401,0.000736772749348167,0.0432022032847567,0.000203448096466949,0.00888951925505445,0.000192985051505792,0.0024884608599286,0.00422968592554788,0.000292093338498977,0.000558900985008491,0.000862038648744246,0.000212457940739057,0.000258088442375216,2.44137715760339e-05,0.000129916141601038,8.92265223076478e-05,0.000155201833590501,0.00150551591385543,0.0498444929942648,0.000490891192760968,0.000220014584322115,0.00277416011539576,0.00101375280068103,0.00157294442582733,0.000157236314555171,0.000418812438584106,0.000920457316444041,0.000335689359170467,0.00476824210090967,0.000100270847544425,0.000226699307491744,0.000917841555203752,0.00236987968370215,1.01724048233475e-05,0.000541171936602085,7.93447576221103e-05,0.00813298297633521,0.000505713839789274,6.45221105938039e-05,0.00123202354417628,0.000171187041170047,0.000795772697323582,0.000414743476654767,5.49309860460763e-05,0.000542334497153325,0.00011974373677769,1.45320068904964e-05,0.040293476785555,0.000257797802237406,0.00733226939666886,9.15516434101272e-05,0.00092307307768433,0.00167030887199365,0.361336607491366,0.000209260899223148,0.01367025888189,0.000341502161926665,0.000262448044442365,0.0010744965894833,0.000233965310936992,0.00064260534469775,0.000277561331608481,0.000701314652535356,0.00507573936671258,0.000103758529198144,0.00281659357551601,0.0107124141993983,1.04630449611574e-05,0.00770719517444366,0.000576339393277087,0.000565876348315929,0.000386260743149394,0.000389457784665303,0.000474324704905802,0.000426659722304974
0.000919229399474159,6.89853207860532e-05,0.000206093645848334,8.62316509825665e-05,0.00350704124546098,0.00890169333093034,0.0139721144087053,0.0131270442290761,0.000269042751065608,0.000192296581691123,0.00740040028732386,0.000632940318212038,0.000567404263465288,0.000530324653542784,0.000903707702297297,0.00466254536862737,0.000606208506407443,0.000844207863119326,4.31158254912833e-05,0.000300086145419332,0.0010045987339469,0.00438487945246351,0.00310175248584292,2.93187613340726e-05,0.00727019049434019,7.07099538057046e-05,0.000804541303667346,0.0306717359379891,0.0180819148945344,9.05432335316949e-05,0.00268180434555782,0.000145731490160537,0.0383282442287312,0.00122104017791314,0.000690715524370358,0.00441247358077793,0.000618280937545002,0.0077479138407836,0.000594136075269884,0.00062259252009413,0.000569991212994765,0.0141937297517305,0.000411324975186842,0.0107246304327018,0.00050531747475784,0.000162115503847225,0.001686691093219,0.00340873716334086,0.000100028715139777,1.37970641572106e-05,0.00167548097859127,0.00241276159449221,0.00124259809065878,0.000510491373816794,0.0456631084613083,0.00367605528138681,0.0114869182273877,0.025246040458166,0.0040520252796708,0.0305225551817893,0.0139824622068232,7.76084858843099e-05,0.00604570105038774,0.00487208828051501,0.000642425799820121,0.00093302646363137,0.0460175205468466,0.0317272113460157,0.0815182289398595,0.000338028071851661,0.00109169270143929,0.0010011494679076,0.0018410457484778,0.000172463301965133,0.0103391749528097,0.00949582940620023,0.000211267544907288,0.0118766852898289,0.000771773276293971,0.000480310295972896,0.000713998070135651,0.000350962819499046,0.000203506696318857,0.000480310295972896,0.00122104017791314,0.000307846994007763,0.00276286209748143,0.000641563483310295,0.000924403298533113,0.000983040821201259,0.000375107681774164,0.00427536525571565,0.0190158036746756,0.00209715375189602,0.00025265873737892,4.31158254912833e-05,0.00316470159106019,0.000112963462787162,0.0012969240307778,5.86375226681452e-05,0.000250934104359269,0.00182207478526163,0.000364759883656257,0.00334406342510393,0.00355101938746209,0.00630180905380596,0.00546277508974559,0.00630870758588457,0.000918367082964334,0.00720206749006396,0.00251192799312216,0.0112221870588712,0.0005510202497786,0.000798505088098566,0.00341649801192929,0.000764874744215365,0.00170997363898429,7.15722703155302e-05,0.022327961388916,0.000244897888790489,0.00669157611624716,0.00560678194688648,0,0.000197470480750077,2.93187613340726e-05,0.00373469280405496,0.00413825693065337,4.31158254912833e-05,0.000826961532922813,4.31158254912833e-05,0.000342339654400789,0.000709686487586523,0.000114688095806814,0.000477723346443419,0.000367346833185733,0.00131848194352344,0.00188243694094943,0.00106927247218383,0.105418193326188,0.000553607199308077,0.00681661201017189,0.00031043394353724,0.000199195113769729,0.117122415314051,0.000886461372100784,0.00111325061418493,0.0128855956063249,0.000928714881082242,0.000409600342167191,0.00144524247046782,0.000482897245502373,1.37970641572106e-05,0.000180224150553564,0.0349824561706076,0.00548864458504036,0.000555331832327729,0.00175653873051488,0.000184535733102692,0.000231100824633278
0.0107252011403318,0.000674006764726431,0.00147678717962417,2.19189191780953e-05,0.00724968251815503,0.000273986489726192,0.000947993254452623,0.000297275341352918,0.00205352874049781,0.000623319264127086,0.0380841220719406,0.00387964869452287,0.000487695951712621,6.98665548801789e-05,0.00499340377525984,0.0513505479044828,0.00245217908304941,0.00311933618553269,9.8635136301429e-05,0.000952103051798516,0.0174734883822879,0.00111101521583971,0.000363032098887204,0.000380841220719406,0.0449680326263112,0,0.000291795611558394,0.000664417237586015,0.00491257776079061,0,0.00125622805539459,0.000165761826284346,0.0049961436401571,0.0049207973554824,0.00117403210847673,0.00687158116233288,0.000202750002397382,0.00199325171275804,0.000116444258133631,0.000654827710445598,0.000156172299143929,0.00011370439323637,0.000338373314811847,0.0035755236909268,0.00692363859538086,0.000364402031335835,0.000671266899829169,0.000250697638099465,2.46587840753572e-05,9.58952714041671e-05,0.00345359970299864,0.000231518583818632,0.083530261122824,0.00348921794666305,0.000568521966181848,0.000483586154366728,0.000800040550000479,0.000210969597089168,0,0.00311248652328954,0.000341113179709108,0.000117814190582262,0.00801684468938837,0.000747983116952503,4.65777032534526e-05,0.00085894764529161,0.00489750850385567,0.00130280575864804,0.000854837847945718,0.000863057442637504,2.19189191780953e-05,0.000764422306336075,0.000201380069948751,4.79476357020835e-05,0.00367963855702275,0.0293727216310964,0.000590440885359943,0.000323304057876906,0.00243163009631995,0.008133288947522,0.00414952538690317,0.00235628381164525,0.021738088094876,0.00170008616875102,0.00114937332440137,0.000642498318407919,0.186708093423913,4.65777032534526e-05,0.00297960307577233,0.000226038854024108,0.000958952714041671,0.00243163009631995,0.000136993244863096,0.000687706089212741,0.000760312508990182,0.000209599664640537,0.000320564192979644,4.65777032534526e-05,0.000168501691181608,4.52077708048216e-05,0.000409609802140656,0.00393992572226263,0.0451324245201469,0.00183022975137096,0.000191790542808334,0.00146856758493239,0.00712090886798372,0.00172611488527501,9.17854740582742e-05,0.000195900340154227,0.0012480084607028,0.00027124662482893,0.000580851358219526,0.000619209466781193,6.98665548801789e-05,0.00263985982851186,0.00129869596130215,0,0.00123293920376786,0,0.0125992687300589,0.00167953718202155,2.46587840753572e-05,0.00156720272123382,0.000160282096489822,0.00273164530257013,0.000110964528339108,0,0.0005575625065928,0.00014247297465762,0,0.00877030753613539,0.000524684127825657,0.00896757780873825,0,0.000360292233989942,0.00200147130744983,0.155116081226035,0.000309604733390596,0.0761120769134874,0.00133842400231245,0.000141103042208989,0.00235354394674799,6.5756757534286e-05,0.000553452709246907,7.26064197774408e-05,0.000360292233989942,0.00250286658364876,0.000231518583818632,0.00815520786670009,0.0041152770756874,0,0.0121362315624217,0.000531533790068812,0.00132061488048024,0.000616469601883931,0.000164391893835715,0.00141788008433304,0.00030001520625018
0.00051213930910319,0.000169160710487003,9.02891536435955e-05,4.73229341060442e-05,0.00116429441054553,0.000449642989775843,0.00130641344440051,0.00344090311988837,0.000635629632389439,0.000269966071709719,0.00549351660779594,0.000232257955961728,0.000178775528845056,0.000120635924086202,0.00103194042658545,0.00285620197848925,9.14910059383522e-05,0.00103689806730132,9.7350035875291e-05,0.000197103776340095,0.000321345257310567,0.0386668934161329,0.00103794968805924,0.00018448432724515,0.00620260946170238,0.000366865412974476,0.000380536482827334,0.0044943266562426,0.00554759996105999,7.73692414749612e-05,0.0065527991740871,0.000120786155623046,0.0185821387923067,0.00097350035875291,0.00109969484970236,0.00242368538391369,0.0004757832771868,0.108160697266627,0.00021723480227727,0.000523707137440223,0.00015729241907628,0.00098431702940572,0.00101466379984833,0.0131526208192066,0.000359954762279625,8.89370698119943e-05,0.00313443078472542,0.00717565912584475,0.000409681400975183,3.22997804215858e-05,0.0011055538796393,0.000311429975878824,0.000507782594534697,0.000243825784298761,0.00191980880933695,0.0250210624614656,0.00439096735889353,0.00438435717127237,0.000416592051670034,0.0416258537658239,0.00104561149643831,1.29199121686343e-05,0.0016770346457961,0.00246514928808279,0.0004036721395014,0.000377832315164131,0.0162953143384584,0.00137161393139106,0.00446578266424213,6.59516446747728e-05,0.0022596325456794,0.0257758257025728,0.00040893024329096,0.013675126104352,0.00846960335268716,0.00475663091957325,0.000461961975797099,0.00201791000289646,0.000327805213394884,0.000305120251331352,9.01389221067509e-05,7.58669261065154e-05,0.00031653784813154,0.000490355736260725,0.00238342333203934,0.000145874822276092,0.00160822860192128,0.00123520369593618,0.000904093388730712,5.45340478745843e-05,0.000125443333265228,0.00326858754712763,0.00113995690157671,0.000564119420851416,5.18298802113818e-05,0.000195451229434805,0.000254792686488416,0.000525359684345513,0.0218471207825501,0.000398864730322373,0.000306923029773487,0.00148263503711921,0.000166757005897489,0.000528664778156094,0.000594766654367712,0.0805735299243194,0.00340064106801402,0.00143380978764472,9.64486466542235e-05,0.00462728156635006,0.00158554363985775,0.000950214470541999,0.000238417448972356,0.00264768060534896,0.00174689231042883,0.000218737117645716,0.000396310794196015,0.000121837776380958,0.000746200043507053,0.000470224710323551,0.00259660188282181,0.00299441499238627,9.04393851804401e-05,5.84400678325435e-05,0.000318190395036831,0.00758128427532513,0.000215432023835135,0.00051213930910319,0.00151238088141444,0.00131122085357954,1.56240798318368e-05,0.000212277161561398,0.000506730973776785,0.000197704702487474,0.00123370138056773,0.000755063704180884,0.00195901924045339,0.000649601165315985,0.000352443185437396,0.00011958430332829,0.412657337488537,0.000133105141644302,0.00021167623541402,0.000519650885945419,0.00553197588122815,0.000597771285104603,0.00264918292071741,0.000651253712221276,3.6205800379545e-05,0.000362358466869139,0.000998288562332267,0.000501172406913535,6.12944670325906e-05,0.00131362455816905,0.00275554684880338,0.00026410704177278,6.58014131379282e-05,0.000102608139664851,0.000476985129481557
0.00220326462772779,0.00291631185299942,0.00154536314110127,0.000809231653140999,0.000910545917163406,0.00031292000533503,0.00141326986016067,0.000852835260441781,0.0490720126399163,0.00855400178518298,0.0228777867834901,0.0014491787132319,0.000872072146015656,0.00278421857205881,0.000840010670059198,0.00367424514461008,8.97721326780823e-05,0.00228021217002329,0.00141455231919892,0.000470662467040803,0.000954149524464189,0.00126706952979922,0.00027444623418728,0.000597625911828376,0.00368963465306918,0.000176979347279648,0,0.00045783787665822,0.00627635453323621,0.000511701156265069,0.00188393232720147,0.000728436733730725,0.00148252264822662,0.0154767156737014,0.0315920959484554,0.00206219413351938,0.0155549456750351,0.00215196626619746,0.000333439349947163,0.0682794016559111,0,0.000314202464373288,0.0028829679180047,0.00305097005201654,0.00499133057690137,0.0042244200720229,0.0628661420554227,0.0013568416624773,0.00103109706675969,0.000356523612635812,0.00056428197683366,2.05193446121331e-05,0.00113241133078209,0.000171849511126615,0.0014799577301501,0.000303942792067221,0.000928500343699022,0.00140429264689286,0.000132093280940607,0.00367424514461008,0.000718177061424658,0,0.00298684710010362,0.000760498209687183,0.00252387938729237,0.000752803455457633,0.00215196626619746,0.00262775856939129,0.00213914167581487,8.72072146015656e-05,2.18018036503914e-05,0.00189034462239276,2.30842626886497e-05,4.61685253772994e-05,0.00546584042105695,0.044756537976177,0.0255388892878761,0.000241102299192564,0.000624557551631801,0.00398460023186859,0.000306507710143738,0.00016800213401184,0.000265469020919472,0.00073997886507505,0.0011875570694272,0.00134273461305646,0.00423596220336722,0.0166181042177513,0.000378325416286204,0,0.000328309513794129,0.0609219341534231,0.000680985749315167,0.000310355087258513,0.000270598857072505,0.001812114621059,0.000566846894910177,0.000278293611302055,0.000384737711477495,0.000439883450122603,0.00471431942463758,0.00260723922477916,0.00133375739978865,0.00140942248304589,0.000171849511126615,0.00795252849623983,0.00103237952579795,0.000925935425622506,4.23211482625245e-05,0.00128758887441135,0.00896823605454042,0.000793842144681899,0.00111445690424648,0.000275728693225538,0.000664313781817809,0.0036921995711457,0.00183904626086243,0.000580953944331018,0.00271881316110763,0.000919523130431214,0.00246232135345597,0.000584801321445793,0.000796407062758416,4.48860663390411e-05,0.000997753131764971,0.00173003724261047,4.10386892242662e-05,0.000761780668725441,0.00754598898111194,0.000174414429203131,2.30842626886497e-05,0.000509136238188552,0.000504006402035519,0.00295478562414716,0.0052888610737773,0.00802819357949707,0.217785911417989,0.00363705383250059,0.0017043880618453,0.000505288861073777,0.00240974053288738,0.0752829104638398,0.00039627984282182,0.00176851101375822,0.00147226297592055,6.66878699894325e-05,0.000698940175850783,0.00583775354215186,0.000157742461705773,0.00039627984282182,0.00100673034503278,0.000620710174517026,0.000733566569883758,0.00354471678174599,0.000625840010670059,0.0200999805066226,0,0.000183391642470939,0.0470149483425499
0.00133271131732903,0.000109693362921122,0.00101623966108533,8.19548113778495e-05,0.0335863425458947,0.000239560217873714,0.0015092293726044,0.000664464393786564,0.000915372200927981,8.69981843857172e-05,0.315038077466209,0.0377887331047004,0.000230734315109946,0.000259733709905185,0.000916633044179948,0.00251033891466613,0.000573683679644947,0.00631178131934638,0,0.000370687916078273,0.0015319245511398,0.000959501714746823,8.44764978817833e-05,2.26951785354045e-05,0.00636221504942506,2.26951785354045e-05,2.14343352834376e-05,0.0011738450675812,0.00277637684083115,2.14343352834376e-05,0.00763566673391164,0.000284950574944523,0.00351523098648376,0.00124823481944725,0.000461468630219891,0.00143231793423442,0.000788027032479322,0.00158487996772241,0.00353918700827113,0.0023703853136978,0.000150040346984063,0.000170213839015534,0.000195430704054872,0.00756758119830543,0.00814756909421021,0.00116754085132136,0.00104649989913254,0.000422382489408917,8.82590276376841e-05,0,0.000673290296550333,0.000110954206173089,0.00245864434133549,0.000331601775267299,0.00117888844058907,0.00149283841032883,0.000504337300786766,0.000837199919306032,0.000129866854952592,0.011507716360702,0.000163909622755699,0.000124823481944725,0.00191396005648578,0.000107171676417188,0.000108432519669155,0.00123814807343151,0.00352783941900343,0.00057620536614888,0.00272594311075247,0.00174122453096631,2.01734920314706e-05,0.000636725842243292,0,6.55638491022796e-05,0.0121494855759532,0.214136574541053,0.000321515029251563,0.000520728263062336,0.00268433528343756,0.00255194674198104,0.000907807141416179,0.000231995158361912,0.00205391365745411,0.0352733508170264,0.00317480330845269,2.26951785354045e-05,0.0749483054266694,0.00038833972160581,0.000785505345975388,0,0.000234516844865846,0.00113223724026629,0.000289993947952391,0.00113223724026629,8.82590276376841e-05,0.00176518055275368,8.57373411337502e-05,0.000781722816219488,0.000524510792818237,0.000126084325196692,0.000631682469235425,0.012462174702441,0.000603943917692153,0.00125201734920315,6.30421625983458e-05,0.00304367561024813,0.00248386120637482,0.00072750655638491,4.28686705668751e-05,0.00136171071212427,0.0175332862618519,0.000288733104700424,0.0003353843050232,0.000544684284849708,0.000577466209400847,0.00655260238047206,0.00529554165826105,0,0.000597639701432318,4.4129513818842e-05,0.00217117207988703,0.00114988904579383,0.000176518055275368,0.000249646963889449,0.000276124672180755,0.00316975993544483,2.14343352834376e-05,2.01734920314706e-05,0.00131001613879363,0.000438773451684487,6.30421625983458e-05,0.000496772241274965,0.00122049626790397,0.00134279806334477,4.28686705668751e-05,0.000103389146661287,0.000688420415573936,0.00317480330845269,0.000257212023401251,0.000910328827920113,0.000518206576558402,0.000653116804518862,0.0464343352834376,0.000627899939479524,0.00208669558200525,8.9519870889651e-05,0.00228843050231995,0.00208795642525721,6.17813193463789e-05,0.00313067379463385,0.00179922332055679,0.000129866854952592,0.000385818035101876,0.000962023401250756,0.000351775267298769,0.00057620536614888,8.69981843857172e-05,0.0183276175105911,0.000853590881581602
0.000130366511123245,6.83985731005365e-05,0.000115751431400908,9.3536510222956e-06,0.00187599163315916,0.00583375522196798,0.00363330881897295,0.00682991905584247,0.000528481282759701,0.000151996829112303,0.00407585343296531,0.000306916674169074,9.93825421118907e-05,0.000159012067379025,0.000438452391670106,0.00107333145480842,0.000246702545713046,0.00108093129626403,5.08604774337323e-05,0.00049457429780388,0.000368300009002889,0.00903854990348201,0.00203851131967155,7.07369858561104e-05,0.00412379089445457,0.000146150797223369,0.000655924777938479,0.0511288102974344,0.0135435020770951,7.59984145561517e-05,0.00183156179080326,0.000227995243668455,0.03384969384331,0.00122942050624298,0.00145975416266701,0.00212503259162778,0.000447806042692402,0.00302882912165709,8.94442879007016e-05,0.00118323685432039,0.000189996036390379,0.0200115517590125,0.00176842464640276,0.00609682665697005,0.000209287941623864,0.000294055404013418,0.00136095622374401,0.00260499180970932,0.000145566194034475,9.93825421118907e-06,0.000519127631737406,0.00100084065938563,0.000179473178990297,8.59366687673408e-05,0.106922754042239,0.00280901832263315,0.00566655870994445,0.0367540024857328,0.00133815669937716,0.0239576232840435,0.0257470936452464,7.30753986116843e-05,0.00122942050624298,0.00488728265914945,0.000539588743348677,0.00111659209078654,0.0226989726183558,0.012957145078635,0.0643864414151606,0.000123935876045417,0.00113588399602002,0.000260148419057596,0.00159245908654583,0.000117505240967588,0.00444181502921262,0.0046943636068146,0.000273594292402146,0.00946823324731872,0.000332639214480387,0.00150886083053406,0.00045423667777023,0.000140304765334434,0.000118674447345375,0.000268917466890998,0.00041389905773658,8.06752400672995e-05,0.00153984479954541,0.00114465304385342,0.000238518101068538,0.000198180481034888,2.10457148001651e-05,0.00266228292222088,0.027395674637926,0.000553034616693227,0.000284117149802229,0.000192334449145953,0.00142526257452229,3.79992072780759e-05,0.000410976041792113,0.000250794768035301,0.000464174931981419,0.00151762987836746,0.000505097155203962,0.000885089227984721,0.00350878833973864,0.00230918259612923,0.0035929711989393,0.00498608059807245,0.000522050647681873,0.00646629587235072,0.00155504448245664,0.021962957203539,0.000223903021346201,0.000110490002700867,0.00101954796143022,0.000188242226823699,0.00100902510403014,0,0.00659257016115172,0.000254302387168661,0.00204084973242712,0.00277861895681069,0.000118089844156482,0.000189411433201486,0.000264240641379851,0.000636632872704994,0.00251671672818641,0.000176550163045829,0.00027417889559104,8.59366687673408e-05,9.99671453007842e-05,0.000191165242768166,8.47674623895538e-05,0.000192334449145953,0.000160765876945706,0.00157082876855677,0.00234776640659619,0.00157316718131234,0.0473043362356933,2.86455562557803e-05,0.00168716480314657,0.000486389853159371,0.000144396987656688,0.271303817108062,0.000220980005401733,0.00102948621564141,0.00277101911535507,0.00235127402572956,7.95060336895126e-05,0.000776937638039428,0.000265409847757638,5.84603188893475e-05,2.04611116112716e-05,0.0298510080312786,0.00619270157994858,0.000126858891989884,0.000683985731005366,0.000102890161245252,0.000330885404913707
0.000584520259563528,0.000120252865899788,6.63674044712755e-05,0.000129690432590658,0.00305990267128803,0.000305350948094905,0.00108136248019253,0.00151670829851328,9.71156056253986e-05,0.000206104279023181,0.0492503984327551,0.000267296243696238,0.000120557303534978,0.000118426240088652,0.00115138313628607,0.00331684803538783,0.000104726546505132,0.0138519124011149,0.000168658449894893,0.000210975281186211,0.000757136398715882,0.00406667793085917,0.000293782317957711,4.10990807505605e-05,0.00500617247305346,0.000105030984140321,1.55263193946562e-05,0.00181718824444515,0.00444387616085876,3.07482011541231e-05,0.0337563494274289,1.00464419612481e-05,0.00749434126545592,0.000206408716658371,0.000378415980540346,0.00105609415647181,0.000296217819039225,0.0339113081837403,0.00416927341391798,0.000688637930798281,7.45872206213877e-05,0.00051480404110517,0.000333359210532324,0.0107719168459043,0.000475531586165745,0.000283431438361273,0.00266322043263632,0.0024924309192951,0.0003169195782321,5.47987743340807e-06,0.00109597548668161,7.33694700806303e-05,0.000203668777941667,5.81475883211634e-05,0.00110358642756135,0.0303305127186433,0.00118091358689944,0.00181109949174137,0.000292564567416953,0.020232316359413,0.000864907321572907,5.17543979821874e-06,0.0032748356417317,0.000737652390063764,0.000134865872388876,0.000431388129063291,0.00425969139156921,0.000651800976940371,0.00211979925382336,0.000253596550112718,0.000385113608514512,0.00944822200810109,8.06759733251744e-05,0.00145186308221795,0.052548066897126,0.0168978109411842,0.000166831824083757,0.000839943435487382,0.00180227080032088,0.000167136261718946,0.000186315832735874,3.65325162227205e-05,0.000190882397263715,0.00182023262079705,0.0502790932020598,0,0.0040258832877438,0.00147256484141082,0.000291955692146575,2.07017591928749e-05,4.17079560209392e-05,0.00278225554799535,0.000471269459273094,0.000227110475851246,0.000198797775778637,0.000997337692880269,7.61094087973343e-05,0.000851512065624577,0.023006047653623,2.6181636626283e-05,0.000359236409523418,0.0158959066837761,6.18008399434355e-05,0.00147956690702018,0.000420428374196475,0.0246643194524994,0.00505792687103565,0.00123845229995022,5.20588356173767e-05,0.00105974740809408,0.00923694228927968,0.000495624470088241,0.00024811667267931,0.0551071696585275,0.000380851481621861,0.00052363273252566,0.00140893737565625,0.000151305504689101,0.000649365475858856,0.000131821496036983,0.00195205411683403,0.00270584170156283,0.000480402588328774,2.10061968280643e-05,0.000158003132663266,0.122140683675597,0.000346450028845466,0.000293782317957711,0.00184854532086966,0.0048710021630294,3.13570764245017e-05,0.000182967018748792,0.00678013057330173,0.000409773056964848,0.000100159981977292,0.000398204426827653,0.00187229145641442,0.000354974282630767,0.000512368540023655,0.000158003132663266,0.0186702468532565,0.000288302440524302,0.000349798842832549,0.000809804109603637,0.276513397539231,0.000182358143478413,0.00282853006854413,0.000751047646012095,0.000102595483058807,0.000274907184575972,0.000598219953147048,0.000126341618603575,0.000101986607788428,0.000748307707295391,0.000639623471532798,7.79360346084704e-05,5.96697764971101e-05,0.000182053705843224,0.000342796777223194
4.46039278335716e-05,1.05179567817156e-05,6.23286327805368e-06,6.81719421037121e-06,0.000273272099347166,9.25190642836093e-05,0.000630687852948057,0.0119273629904655,2.02568056536745e-05,4.499348178845e-05,0.00124735176352049,6.50555104646853e-05,1.90881437890394e-05,3.31120861646602e-06,0.000254963063467883,0.000656203636992589,4.73308055177201e-05,0.000325082775345987,6.81719421037121e-06,5.51218846152872e-05,6.9145826990908e-05,0.00356441868713695,0.289435277266001,9.34929491708052e-06,0.00211060332753093,6.46659565098069e-05,0.0507904341909948,0.00520463561415226,0.00347735337822164,1.03231798042764e-05,0.000969405016714786,0,0.0141963200006545,2.64896689317281e-05,9.89467045391022e-05,0.000238212243408114,0.000195166531394056,0.00165716252405252,5.60957695024831e-05,0.000206268819108089,0.0167778940596333,0.00104322549116423,8.58966470506773e-05,0.00199743790363877,1.8698589834161e-05,5.41479997280913e-05,0.000401630127479584,0.000566801004348006,3.05799854579509e-05,0,0.000256131725332518,9.13504024189742e-05,9.07660714866567e-05,2.59053379994106e-05,0.00187044331434842,0.00112892736123747,0.0404824469909587,0.00218500813291269,9.50511649903186e-05,0.00799598447783311,0.00317057963875493,2.23993524055054e-05,0.00117333651209361,0.0261063478401278,1.01284028268372e-05,0.000216786775889805,0.00359227179491075,0.000495707407582707,0.00329913244386479,4.55778127207675e-05,0.00100563353451847,0.00016575520780074,0.000162054445229396,0.000106932560614108,0.000925774973768411,0.00183129314188315,1.03231798042764e-05,0.000427925019433873,7.96637837726236e-05,2.31784603152621e-05,6.97301579232255e-05,1.96724747213569e-05,6.23286327805368e-05,0.000104790013862277,0.000184453797634901,7.01197118781039e-06,0.000633219953654766,0.000197893409078204,0.000172182848056233,3.15538703451468e-05,2.22045754280662e-05,0.000657956629789541,0.00114392518850029,0.000209580027724555,4.88890213372336e-05,3.50598559390519e-05,0.000163612661048909,1.30500574884249e-05,6.93406039683472e-05,2.23993524055054e-05,5.68748774122398e-05,0.000576734630197405,3.5059855939052e-06,0.000369102372247241,0.0117115500994629,0.00227869585906094,0.000525508285130901,0.000707624759036532,6.70032802390771e-05,0.00158509504240003,0.000262559365588011,0.00115269015248505,3.44755250067344e-05,0.000137902100026938,0.00241796139792995,2.6294891954289e-05,0.000113944531801919,1.67508200597693e-05,0.000226720401739203,7.61577981787184e-05,0.000726128571893254,0.000216007667980048,1.28552805109857e-05,1.94776977439177e-05,1.67508200597693e-05,0.000513237335552233,0.000261780257678255,0.000122904272764121,9.17399563738526e-05,6.23286327805368e-06,1.90881437890394e-05,2.29836833378229e-05,2.04515826311136e-05,2.57105610219714e-05,8.74548628701907e-05,5.29793378634563e-05,0.000519470198830286,0.00011842440228302,0.000504861925522348,4.98629062244294e-05,0.00159619733011406,0.00011374975482448,9.8751927561663e-05,0.000845916413018348,0.000104010905952521,0.359511943432091,0.000270739998640457,3.66180717585654e-05,9.73884887195887e-06,2.22045754280662e-05,0.000322550674639278,1.01284028268372e-05,6.23286327805368e-06,0.000686588845473101,0.100491091193217,6.62241723293203e-06,2.25941293829446e-05,9.73884887195887e-06,2.31784603152621e-05
0.000221090752032051,2.41336620499485e-05,9.50675562818639e-05,1.07831255967855e-05,0.00454981881048041,0.00284505800184575,0.0638726341217265,0.00195497333523762,8.36975939179064e-05,0.000111572340358576,0.00309937838581891,9.98356050151364e-05,1.9218904124883e-05,7.54085245816019e-05,0.0001760510301516,0.00235079473469513,0.000163507394253298,0.00356877444496062,1.85587127618145e-05,0.000159546246074887,0.000172236591164982,0.00209911511617424,0.000649408237471713,2.57474631596715e-05,0.00205026095530717,2.6114236139154e-05,0.000307209047614542,0.00426197537618254,0.0563875311564477,2.2593215536122e-05,0.00375194087091418,1.2470281302405e-05,0.0145951438817389,0.000271852132392429,0.000220577269860775,0.00171877153645089,0.000290924327325519,0.00289721311952816,0.00010394346238534,0.000363178604283571,0.000124262685448671,0.00245319775056665,0.000160646565013335,0.0480941338989853,8.34041755343204e-05,0.000145682227450449,0.000582435491418209,0.00260863613927133,6.19112789366459e-05,8.80255150757999e-06,0.00019218904124883,0.0011024462217285,0.000357016818228265,3.0075384317565e-05,0.00108616150143947,0.00205092114667024,0.0012511359876107,0.012222196059083,0.00124629458428153,0.0414806302421487,0.000976202962190621,0.000103870107789444,0.00147677472458834,0.00113083445034044,0.000106584227837614,0.00399467122873569,0.247034438735745,0.00295971123523198,0.0245536904660518,0.000589844305603756,0.000332296319411145,0.000445702524667133,0.00129199449752505,3.79976806743869e-05,0.0114364949824356,0.00185227690098252,2.10527690222955e-05,0.0173316370816578,0.00353598494059488,0.000185587127618145,0.000173777037678808,9.80750947136204e-05,0.000110105248440646,0.000519277184351323,0.00056879153658146,1.79718759946425e-05,0.00121211134259376,0.000222411134758188,0.000328922007999906,0.00032129313002667,1.69449116520915e-05,0.00129888982953932,0.0021354989957389,0.000716454338121114,0.000125803131962497,7.47483332185334e-05,0.0025674108563775,6.38184984299549e-06,0.000315571471546743,3.4916787646734e-05,9.41139465352094e-05,0.00139755176102012,6.38918530258514e-05,0.00953081593564044,0.000173556973891119,0.00271331314761563,0.0604647996601628,0.0293314220059827,0.00139432415880067,0.00153098377095585,0.00090160133816388,0.000628795596024797,4.02716731471784e-05,0.000274052770269324,0.000303614672415613,4.63601046065879e-05,0.00385111628456624,3.81443898661799e-06,0.00247058278979412,8.39176577055959e-05,0.00204006466647756,0.0355414753853885,2.7287909673498e-05,9.85885768848959e-05,4.16654104692119e-05,0.00157785735773371,0.000664959411801772,2.8168164824256e-05,0.00024185010267076,7.04204120606399e-05,0.000236715280958005,0.000125509713578911,0.000157198899006199,0.000102403015871514,3.2129313002667e-05,0.000193362714783174,0.000455605395113161,0.000392887215621653,0.000986619314807924,5.67764572238909e-05,0.00118819774433151,0.000114286460406747,9.61678752203114e-05,0.00105865352797829,0.000413573211664466,0.000224098290463807,0.213313624420508,0.000135485938620835,0.000195783416447758,0.000517003191878531,0.000136659612155179,2.0832705234606e-05,1.75317484192635e-05,0.00253535489797073,0.00153443143696298,3.0662221084737e-05,0.000559035375327226,0.000134825747257767,7.00536390811574e-05
0.0187258177417328,0.0131695072139731,0.024664941911299,8.20498093623961e-05,0.00148022984202848,0.000131536100634091,0.000145894817272511,0.000427171819992975,0.00198457976395295,0.0028063598858482,0.00374480458043061,0.000584092080398557,0.0361314027696939,0.000820241687969703,0.00213355144907656,0.00787037155743358,0.000358967915960483,0.000553579807541916,2.56405654257488e-05,0.00977059386113583,0.000285635898842841,0.000584604891707072,0.000249739107246793,0.00991136056532319,0.01331386359732,9.17932242241806e-05,0.000184868476719649,0.00103716087147154,0.00288712766693931,6.97423379580367e-05,0.000861779403959416,0.0136248836559344,0.00216611496716726,0.0523931621740123,0.00200278456540524,0.00108510872881769,0.00142612824898015,0.000714858964069876,7.94857528198212e-05,0.00169279012940793,6.97423379580367e-05,0.00020717576864005,0.000547169666185479,0.00206842441289515,0.0010307507301151,0.000479991384770017,0.00316635342442572,0.000763576038378798,0.000237175230188176,0.000507683195429826,0.00117818398131316,0.000256918465566003,0.0019022735489363,0.00148048624768273,0.000539477496557754,0.000661526587984318,0.00067255203111739,0.000541785147446072,0.000152817769937463,0.00593373965082678,0.000375377877832962,1.25638770586169e-05,0.0511960041742841,0.000336404218385824,0.000401274848912968,0.00011025443133072,0.00245252008297287,0.000536144223052407,0.000798190801703559,6.43578192186294e-05,0.000100511016468935,0.00133689908129854,0.000174099439240834,8.71779224475458e-06,0.00202560466863415,0.00376711187235101,0.00111203132251472,0.000392813462322471,3.46147633247608e-05,0.0090626578497309,0.00052358034599379,0.000378711151338309,0.00025614924860323,0.000158458694331127,0.000117177383995672,0.00276559138682126,0.00390146843518193,0.00100587938165212,0.00814703325837741,0.000191022212421828,0.00227252331368411,0.0320363480655475,0.000358455104651968,0.000184612071065391,0.00167279048837585,0.000253841597714913,5.82040835164497e-05,6.12809513675396e-05,0.000536400628706664,7.97421584740787e-05,0.000481017007387047,0.000761011981836224,0.000795883150815242,0.000330506888337902,0.000108715997405175,0.00413248992966793,0.00109818541718482,0.000642039758260749,1.69227731809942e-05,0.000394608301902274,0.00134766811877736,0.000234611173645601,0.0822895486491268,5.64092439366473e-05,4.02556877184256e-05,0.000476145299956155,0.000468965941636945,6.12809513675396e-05,0.000302302266369578,9.25624411869531e-05,0.0018509924180848,0.000259738927762835,5.33323760855574e-05,0.000197175948124008,0.000199483599012325,0.000392557056668214,0.000298199775901458,8.56394885220009e-05,0.000711782096218786,0.000138459053299043,0,0.00206842441289515,0.000157689477368355,0.00186842800257431,0.000341275925816716,0.00170355916688675,0.00852574440971572,0.0052581107518583,0.000303327888986608,0.000351019340678501,0.000799472829974847,0.00066844954064927,0.000210509042145397,0.000531272515621515,0.000180253174943014,0.000185381288028164,0.000186663316299451,0.466423423169328,4.38453668780304e-05,0.000239226475422236,0.0256587702272011,0.000126151581894684,0.00052255472337676,0.000509221629355371,0.000647424277000156,0.000389993000125639,0.000142305138112906,0.000129741261054289,0.00157971523588038
0.00107194501665472,0,0.000618706519679903,4.31655711404584e-05,0.0184772625354018,0.00159712613219696,0.00230935805601452,0.000575540948539445,0.00021103168113113,0,0.00737172031587606,0.00040048057669203,0.00021103168113113,0,0.00135731740363886,0.0211847030808227,0.0077074525358574,0.00235492171444056,0,0.000541967726541311,0.00165228213976532,0.00158993187034022,0.000124700538850213,0.000206235506559968,0.00585373106410327,0,0.000306955172554371,0.00165947640162207,0.0053189575994187,0,0.00248202034057636,4.31655711404584e-05,0.00468106638145415,0.000285372386984141,0.000465228933402718,0.231938206086825,4.07674838548773e-05,0.0015036007280593,0.000172662284561833,0.000333334132695762,0,0.00172422475833275,0.000381295878407382,0.00542926961455543,4.07674838548773e-05,0,0.00403598090163286,0.000714630011103144,0,0,0.00151559116448721,0.00120144173007609,0.00327338914481809,0.000366907354693896,0.000206235506559968,0.00143405619677745,0.000776980280528251,0.000474821282545042,0.00105515840565565,0.00596883925381116,0.000738610883958954,0.0216403396650831,0.00245324329314938,0.000731416622102211,3.83693965692963e-05,0.0140479953189336,0.00603118952323627,0.00214389003330943,0.00399761150506356,0.00895925409893069,4.31655711404584e-05,0,0.000311751347125533,4.07674838548773e-05,0.00781536646370855,0.00826860496068336,4.07674838548773e-05,0.00378657982393243,0.00182734251161274,0.000251799164986007,0.023175115527855,0.00222782308830477,0.00204556845460061,0.000832136288096614,0.00111990676236634,0,0.00459233715188765,0.000393286314835287,0.00210312254945456,0.00932376336633901,0.000652279741678038,0.000115108189707889,0.000498802155400852,0.171878110019448,0.000402878663977611,0,0.000815349677097547,0.000124700538850213,4.07674838548773e-05,0.000129496713421375,0.000359713092837153,0.000292566648840884,4.31655711404584e-05,0.00750601320386859,0.000429257624119003,0.00270504245813539,0.00837891697582009,0.00291127796469536,0.00186091573361087,0.000326139870839019,0.00175300180575973,0.00267386732342284,0.000124700538850213,0.000206235506559968,0.000251799164986007,3.83693965692963e-05,0.00613430727651625,0,0.00153237777548627,0,0.204995695433322,0.00325900062110461,0,0.00053956963925573,0.000129496713421375,0.00325420444653345,0.000232614466701359,0,0.00127818052321468,0.00021103168113113,0.00364029649951199,0.00061151225782316,8.39330549953357e-05,0.000129496713421375,0.000158273760848347,0.000115108189707889,0.000206235506559968,0.0010863335403682,0.00125899582493004,0,0.000201439331988806,0,0.000158273760848347,0.000407674838548774,0,0,0.00547962944755263,0.000551560075683635,0.0369449327216612,0.0211799069062516,0.001213432166504,4.07674838548773e-05,0,0.000654677828963619,0.000688251050961753,0,0.015997640282111,0.000791368804241737,4.31655711404584e-05
0.0018887761067878,0.000176303054580055,8.81515272900276e-05,2.33342278120661e-05,0.121343170006702,0.00180127275249255,0.00233277460821183,0.000954110648315593,0.000411589851685055,0.00016787680564792,0.0475700642598707,0.00179414284954997,7.9077105363113e-05,2.07415358329477e-05,0.00126653003179937,0.0184197801656471,0.00427923811153502,0.00117124860156676,0,0.000365569569055703,0.00379375653844508,0.000890589694827191,0.000372699471998278,7.32435484100965e-05,0.0101030724696299,2.07415358329477e-05,0.000103707679164738,0.00145061116231678,0.0144212009608516,0,0.00154783711153372,0.000415478889653733,0.00702295439843712,0.00278584753156278,0.000682526163502934,0.0421792094622887,0.000438813117465799,0.00130347589250181,0.00015167248077843,0.000890589694827191,5.31501855719284e-05,0.000494555995016846,0.00217137953251171,0.00608051086402757,0.0017837720816335,0.00025213929496927,0.00189914687470427,0.00129375329758011,0.000109541236117755,3.50013417180992e-05,0.000967074108211185,0.000373995817987838,0.0187380331060839,0.000374643990982617,0.000598263674181584,0.00230555134243109,0.0022575865408174,0.00106170736544901,0.000357791493118347,0.0057804067674446,0.000937258150451323,0.00585559483483904,0.00319808555624262,0.000906794019696681,0.000243713046037135,0.00823374155268545,0.0049125031274347,0.00176821592975879,0.00457739768913364,0.00968888992596568,0.000243064873042356,0.000287788809682149,0.000599560020171144,7.9077105363113e-05,0.00263482322377913,0.0152385471072687,0.000312419383483774,0.00238657296677854,0.00183303322923675,0.00381773893925193,0.0263624920436765,0.00206896819933653,0.0432713809584923,0.00509399156597299,0.000439461290460579,9.85222952065014e-05,0.111677614308549,0.000377884855956515,0.000989760163028472,0.000396033699810345,0.000208063531324256,0.00280658906739573,0.000792715572615469,0.00970833511580907,0.000408997159705937,0.000562614159468706,0.000853643834124753,6.41691264831819e-05,0.000142598058851515,8.81515272900276e-05,0.000560669640484367,0.00154589259254938,0.00252852285263528,0.00456637874822239,0.0017422890099676,0.00198340936402562,0.00819679569198301,0.00893117569506831,0.000661784627669987,0.00105198477052731,0.00246759459112599,0.000410941678690276,0.000675396260560359,0.000423256965591088,0.000143894404841074,0.00105457746250643,0.0114726620075992,0,0.00228416163360336,8.81515272900276e-05,0.0968506570529648,0.00401672804864927,0.000152968826767989,0.00070650856430978,0.000186025649501749,0.000786233842667673,0.000167228632653141,0.000110189409112534,0.000688359720455951,0.000110189409112534,0.000206767185334697,0.00139292376578139,0.000340938995254077,0.00094244353440956,8.7503354295248e-05,0.000144542577835854,0.000467332729236102,0.0101594635201757,0.000552243391552232,0.00267954716041893,0.000738269041053981,0.000197044590413003,0.00248898429995372,0.00105846650047511,0.000581411176317314,9.78741222117218e-05,0.0029952074088766,0.00070715673730456,0.00353772820550714,0.186258343606875,0.000980037568106778,7.84289323683334e-05,0.000361680531087025,0.00163858133080287,0.00276899503369851,0.00013481998291416,0.000801789994542383,0.00876005802444649,0.00032019745942113
0.0481566152760983,0.00140722267007031,0.00935477685968919,0,0.0018718650633705,0.000461143580097631,0.000485285391195307,0.00097721852747548,0.00104789455416723,0.000467791325182498,0.00390082683953603,0.00055526165524654,0.0183708686013704,0.000529370437547584,0.016077046665771,0.0204365679161628,0.000932083837162435,0.000917388821711675,3.63876573066416e-05,0.0101010737157956,0.00304991546867303,0.00201251735411348,0.000175290541448341,0.00347117257826145,0.073051021093645,1.15460835684536e-05,2.9040149581262e-05,0.00045939417349635,0.00524891956648305,5.94798244435488e-06,0.000727753146132832,0.00177669734426083,0.00182498096645618,0.0123294678445071,0.000793180953020735,0.0013697853688029,0.000665124389806978,0.000516774710018362,5.91299431232926e-05,0.000502429575887859,5.94798244435488e-06,0.000491233373639661,0.000258912176989565,0.00138937872273725,0.00125467441443862,5.66807738814994e-05,0.00148594596712795,0.000744197568184872,7.27753146132832e-05,5.1782435397913e-05,0.00677685129204174,0.000296349478256975,0.00385744155582426,0.00741503482018899,0.000662325339244928,0.000382770164360249,0.000274656836401093,0.000380670876438712,0.000305096511263379,0.00222069673966591,0.000279205293564423,0.0001077634466389,0.122750263110753,0.00250165143983161,0.000356529065341036,0.000382070401719737,0.00154787496081329,0.000371923843432308,0.00136208797975727,0.000131205495096063,2.34420484571633e-05,0.000154297662232971,0.000153947780912714,6.92765014107215e-05,0.00397360215414931,0.00403203233463209,0.00052237281114246,0.000710259080120023,0.000123857987370684,0.0119578938823951,0.000964272918626002,0.000887648909489901,0.00063293530834341,0.000181938286533208,0.00028585303864929,0.000769389023243316,0.00642207163330198,0.000315592950871065,0.0884972317389941,7.2425433293027e-05,0.033190791683461,0.00667538570916745,0.00046394263065968,0.000927185498678848,0.00713687917058534,0.000148349679788616,0.000532519369429889,9.5167719109678e-05,0.000138902884141699,8.67705674235299e-05,0.000154647543553227,0.000738249585740517,0.00189110853598459,0.000679119642617224,0.000660226051323391,0.00211048412378521,0.000707460029557974,0.00178264532670518,0.000153248018272202,0.00040096399301357,0.000579403466344216,0.00018263804917372,0.0346162081821846,0.000104264633436338,0.000188236150297819,0.000826419678445071,0.000652178780957499,2.9040149581262e-05,0.000842164337856599,4.86335035156075e-05,0.00380810828966814,0.000702561691074388,1.18959648887097e-05,0.000717956469165659,0.000456945004254557,0.00101990404854673,9.34183125083971e-05,5.35318419991939e-05,0.000501030050606834,0.000174940660128085,1.25957275292221e-05,0.0196251931344888,0.000146600273187335,0.00311604303820144,0.000176340185409109,0.00113886369743383,0.0019509382417484,0.0116891850284384,0.000273607192440324,0.000525521743024766,0.000575204890501142,9.97161762730082e-05,0.000401663755654082,0.000374023131353845,0.000582902279546778,6.15791123650858e-05,0.00102935084419365,0.0571545131891263,0.000299498410139281,0.000671772134891845,0.267911124546554,1.81938286533208e-05,0.000990514017645215,0.000464642393300193,0.00186416767432487,0.000114061310403511,0.000744547449505128,0.000221824757042411,0.000391167316046397
0.00386306174976653,0.000145775915085529,0.000446438739949434,0.000838211511741794,0.00158531307655513,0,0,0.000154886909778375,7.28879575427647e-05,0.000163997904471221,0.00824089469967884,0.0011388743366057,0.000236885862013985,0.00125276177026627,0.000223219369974717,0.0010386533949844,0.000159442407124798,0.000163997904471221,0.00585836958749972,0.00030977381955675,0.000236885862013985,0.0016992005102157,0.00022777486732114,0,0.00164909003940505,0.00888777532287087,0.000291551830171059,0.00157164658451586,0.00369906384529531,0.00271507641846799,0.00171742249960139,0,0.00211375076874018,0.000236885862013985,0.00388583923649865,0.00199530783773318,0.000382661777099515,0.0194246406851468,0.000624103136459923,0.00705190989226249,0,0.000774434548891875,0.00344851149124206,0.00232785914402205,0.00022777486732114,0.00192241988019042,0.0996378379609594,0.000154886909778375,0.00312051568229962,0,8.19989522356103e-05,0,0.000387217274445938,0.000314329316903173,7.28879575427647e-05,0.0111427465093502,7.28879575427647e-05,0.00270140992642872,0.000291551830171059,0.00622280937521354,0,0,0.00203630731385099,0,0.000760768056852607,0.000163997904471221,0.00273329840785368,8.19989522356103e-05,0.000724324078081225,0,0,0.00881944286267453,0,7.74434548891875e-05,0.00597681251850671,0.0243855772954012,7.28879575427647e-05,0,0.000327995808942441,0.000906543971938136,0.000378106279753092,0.000655991617884883,0.000245996856706831,0.000860988998473909,0.00022777486732114,0,0.00117531831537708,0.0569391613329385,0.00174931098102635,0,0,0.00409994761178052,0.000942987950709519,0.000154886909778375,0,0.00828189417579664,7.28879575427647e-05,0.0302439468829009,0.00551670728651801,0.00102954240029155,0.00412728059585905,0.00322529212126734,7.28879575427647e-05,0.000232330364667563,0,0.205885702571578,0.000218663872628294,0.000564881670956427,7.28879575427647e-05,0.000232330364667563,0.00239163610687197,7.28879575427647e-05,0.00121176229414846,0.00102498690294513,0,0.00101132041090586,0.000938432453363096,0.00450538687561215,8.19989522356103e-05,0.0217798328132474,0.000460105231988702,0.000291551830171059,0.0189599799558117,0,0.00212286176343302,0.00276974238662506,0,0.023779696148327,0.162667699246065,0.00272418741316083,0,0.00039177277179236,0.0069334669612555,0.000378106279753092,0.0728196250825684,0.00476505022435824,0.00384028426303442,0.00045554973464228,0,0,0.00861900097943193,0.00123453978088058,0.000291551830171059,0,0.00970320934788056,0,0.000409994761178052,0.00274240940254652,0,0.000892877479898868,0.000528437692185044,0.0423114593535749,0.000150331412431952,0.000314329316903173,0.000441883242603011,0.000159442407124798,0,0.000519326697492199,0.00382206227364873
0.0229727865082407,0.00204676121119203,0.00506094288999617,2.75967803756228e-05,0.00962974319662706,0.000381755461862783,0.000656190111153699,0.000436949022614028,0.00625220390954389,0.000470678420850901,0.035244154848601,0.00785894978919126,0.00182292065925642,0.000234572633192794,0.00175546186278268,0.0323280950555768,0.00151015714833269,0.00137983901878114,0.000233039478727482,0.000657723265619011,0.00763357608279034,0.00118512840168647,0.000124185511690303,0.000924492142583365,0.0199555385205059,0,0,0.0019317746262936,0.00208815638175546,0,0.00222614028363358,0.000729781525488693,0.00261709467228823,0.0268256036795707,0.00350632426216941,0.00251743963204293,0.00070831736297432,0.000671521655806823,0.000466078957454964,0.00402759678037562,4.90609428899962e-05,0.000174779609045611,0.000945956305097739,0.00314756611728632,0.0420068991950939,0.000715983135300882,0.00153162131084707,0.000912226906860866,0.000291299348409352,0.000108853967037179,0.00298965120735914,2.45304714449981e-05,0.0131789957838252,0.00384668455346876,0.000472211575316213,0.000561134534304331,0.000789574549635876,0.000737447297815255,2.75967803756228e-05,0.00583365274051361,0.000150249137600613,2.60636259103105e-05,0.013241855116903,0.000179379072441548,0.000134917592947489,0.00117439632042928,0.0025511690302798,0.000440015331544653,0.000314296665389038,0.000384821770793407,9.96550402453047e-05,0.00129091605979302,0,0.000944423150632426,0.00313223457263319,0.0360199310080491,0.00220927558451514,0.000607129168263703,0.000205442698351859,0.0538106554235339,0.00184898428516673,0.00132157914909927,0.00393254120352626,0.00109927175162898,0.000559601379839019,0.000791107704101188,0.15055116903028,0.000210042161747796,0.00433269451897279,0.000102721349175929,0.0013246454580299,0.00498888463012649,7.35914143349942e-05,0.000532004599463396,0.00115906477577616,0.000706784208509007,2.75967803756228e-05,0.000266768876964354,0.000466078957454964,5.36604062859333e-05,0.000775776159448065,0.0025266385588348,0.0621326178612495,0.00092755845151399,0.000274434649290916,0.00561441165197394,0.000910693752395554,0.000921425833652741,2.45304714449981e-05,0.00105787658106554,0.00323342276734381,0.000202376389421234,0.00289459563050977,0.000285166730548103,0.000604062859333078,0.00571100038328862,0.00239478727481794,2.75967803756228e-05,0.000843234955921809,0,0.00665695668838635,0.000236105787658107,0.000426216941356842,0.000535070908394021,4.90609428899962e-05,0.00155768493675738,0,0,0.00187504791107704,0.00044461479494059,5.21272518206209e-05,0.00982752012265236,0.000542736680720583,0.0583978535837486,0.000229973169796857,0.000539670371789958,0.00441088539670372,0.134908394020698,0.000147182828669988,0.020122652357225,0.00104714449980836,0.000916826370256803,0.00235185894978919,4.90609428899962e-05,0.00124185511690303,4.90609428899962e-05,0.000725182062092756,0.00832042928325029,0.000134917592947489,0.00272134917592948,0.00851207359141433,5.36604062859333e-05,0.0531038712150249,0.000466078957454964,0.000329628210042162,0.00657416634725949,2.75967803756228e-05,0.00142889996167114,0.000913760061326179
0.00043422545100651,0.000139067379061795,0.000336275922251121,8.01405235271363e-05,0.00199277530561432,0.0144378652973986,0.014950659889118,0.00544719852562389,0.000238064496360023,0.000417725931456805,0.00438284856610009,0.000460677061713179,0.000456486707541826,5.84030612632399e-05,0.000609696531931939,0.00339052031889643,0.000403583486128487,0.00159050130516438,3.16895534208611e-05,0.000406726251757002,0.000911663929405103,0.00388864867101608,0.00139512604192502,0.00021396995987474,0.0053028932038479,5.81411641275303e-05,0.000346489910543795,0.0120645534535982,0.0190511833429231,6.07601354846262e-05,0.00273865834811524,8.11881120699747e-05,0.0132116629080063,0.00153314583244397,0.000600792029317813,0.00455674826421126,0.000547626910768765,0.00646964494343415,9.34972774483257e-05,0.000722836094558485,0.000233874142188669,0.0273596080761744,0.00106670703374518,0.01372052904269,0.000474557609905788,0.000208993914296258,0.00131131895849795,0.00294241431969731,0.00014247204182602,2.77610963852172e-05,0.00137888841951102,0.00214231857010449,0.00119084627607153,0.000155043104340081,0.00648143031454108,0.00338266340482514,0.00491292836877631,0.0533942785427939,0.00628081710858753,0.0318430251423869,0.00405626283787022,0.000125972522276316,0.00325459570546315,0.0020113700022497,0.000560983664689954,0.000732788185715449,0.0626491995244996,0.113059684000154,0.197157473247862,0.000287824952144846,0.000552602956347247,0.000730954905765482,0.00287851141858417,0.000193280086153682,0.00711941173712965,0.00463060325648136,0.000164995195497045,0.0207095160062363,0.000507294751869487,0.000430296993970866,0.000538722408154639,0.000134615127754732,0.000187256452032361,0.000627243640024482,0.000827333051706613,0.000246968998974149,0.00232774174218689,0.000448367896334828,0.000954091265390058,0.000695074998173267,0.000141162556147472,0.00334521211441867,0.0350601695574436,0.00125448728004896,0.000260325752895338,0.000146400498861664,0.00290967717773361,7.90929349842979e-05,0.000603411000674909,0.000149543264490179,0.000254302118774018,0.0013291279637262,0.000164995195497045,0.00158814423094299,0.00241835815114241,0.00286934501883433,0.00343399524342422,0.00529529818691232,0.00103580317173145,0.0026718745785093,0.00132415191814772,0.00422937684457426,0.000843308776984899,0.000650290587966927,0.00110703919264446,0.000172852109568333,0.00128853390769121,2.25231536710252e-05,0.00997854276767131,0.000117068019662189,0.00317393138766459,0.00257444884402533,3.98083646278586e-05,0.000430820788242285,0.000151376544440146,0.00298510355281797,0.0155603564210499,6.25934154345934e-05,0.000424797154120965,0.000108425414183773,0.000153995515797242,0.000499699734933909,0.000166828475447013,0.000239373982038571,0.000100568500112485,0.00073200249430832,0.0015802873168717,0.00102585108057449,0.00693739322781148,0.000190661114796586,0.00299374615829639,0.00024618330756702,0.00018123281791104,0.0112091974083707,0.00106801651942373,0.000672028050230823,0.00762592079759201,0.00283739356827776,0.000123615448054929,0.000474557609905788,0.00119058437893582,2.56659192995404e-05,4.53082044777601e-05,0.132566568359212,0.00326507159089153,0.000212398577060482,0.00124793985165622,0.000356965795972179,0.000208993914296258
5.86934384105295e-05,2.79337290213076e-05,2.10861612067458e-05,1.84775639440556e-06,0.00028629354958025,0.000198144700411843,0.00152244257743757,0.0242220211911572,3.66290532302749e-05,9.2387819720278e-06,0.00174939053929162,0.000141516401500943,1.84775639440556e-05,4.56504520970785e-05,0.000233686838115997,0.00110311056746012,7.11929669609201e-05,0.000407593322295344,5.43457763060458e-06,6.58670808829276e-05,0.000118582483899792,0.00318444510842906,0.0850630959897491,1.29342947608389e-05,0.00134940562567912,1.97818625754007e-05,0.0055497906763734,0.00915237218770118,0.00338476363989315,5.86934384105295e-06,0.000948551179645724,1.71732653127105e-05,0.0245433134206786,7.16277331713684e-05,0.000119886782531137,0.000579217283869837,0.000148037894657669,0.00122582333035917,2.33686838115997e-05,0.000241186555246232,0.00206405258410362,0.00189286338873958,0.00012836472363488,0.0032818327395695,3.04336347313857e-05,0.00011380005558486,0.000353682312199746,0.0010571340407052,2.38034500220481e-05,3.9128958940353e-06,0.000177493305415546,3.30422319940759e-05,8.08665151433962e-05,9.16269788519933e-05,0.00427136063454998,0.000755406290654037,0.0188732011955636,0.00445624496554315,0.000268685518057091,0.0102520046254777,0.0079740470658335,2.73902712582471e-05,0.00134940562567912,0.0632963082805464,3.46726052832572e-05,0.000297814854157131,0.00566141690090602,0.000861271862898215,0.00254686046080653,0.000111408841427394,0.000558022431110479,0.000257381596585433,8.73880083001217e-05,8.09752066960083e-05,0.00157504928890182,0.00146472736300055,2.03253203384612e-05,0.00113789186429599,0.000124995285503905,5.03241888593985e-05,6.0432503252323e-05,1.28256032082268e-05,9.21704366150538e-05,0.000161298264076344,0.000274554861898144,9.2387819720278e-06,0.000468677974863339,0.000100974452376633,0.000180101902678236,5.24980199116403e-05,7.17364247239805e-06,0.000739863398630508,0.00110756692111721,0.000387920151272555,1.79341061809951e-05,5.28240945694766e-05,0.000186840778940186,5.57587664900031e-05,8.55402519057162e-05,1.64124244444258e-05,5.3367552332537e-05,0.000553348694348159,2.79337290213076e-05,0.000265424771478728,0.0825823199929307,0.000922682590124046,0.000571391492081766,0.00042400574673977,3.16292418101187e-05,0.00383974647912736,0.000301184292288106,0.00315031596090887,2.03253203384612e-05,0.000109343701927764,0.00257870708572188,7.55406290654037e-05,0.000200101148358861,7.8257917880706e-06,0.000308792700970953,3.14118587048945e-05,0.000886923069314668,0.000599977370418746,9.2387819720278e-06,8.19534306695171e-05,3.58682123619903e-06,0.000494111798174569,0.000353464929094522,2.20643851802546e-05,0.000140103411316986,3.85855011772925e-05,4.46722281235697e-05,5.18458705959677e-05,4.68460591758115e-05,3.36943813097484e-05,6.90191359086782e-05,9.05400633258724e-05,0.000364877542118792,0.000110974075216946,0.000610411759469507,6.21715680941165e-05,0.000927356326886366,8.49967941426557e-05,7.81492263280939e-05,0.00115843456773967,0.000114126130242696,0.0249117777840336,0.0010561558167317,0.000137386122501684,3.72812025459475e-05,0.000200318531464085,9.07574464310966e-05,1.7825414628383e-05,1.11952299190454e-05,0.000512480670566012,0.564488274192267,1.11952299190454e-05,3.93463420455772e-05,4.54330689918543e-05,0.000123473603767336
0.00203247697084752,0.00295882329639121,0.0012158295522761,0.000312337165684963,0.0039628730143736,0.000131029249994667,0.000127982058134326,0.000777033924386981,0.0871801591243589,0.00423102589808362,0.0435352301086933,0.0148733434703249,0.000617056351719073,0.000653622654043166,0.000901968790660966,0.00917357109555689,0.000393087749984002,0.00270742996791307,0.000565254090093275,0.00077398673252664,0.00136514195343281,0.00124934866273985,0.000383946174402979,0.000831883377873121,0.00566472966837411,0.000129505654064497,0.000195020279061831,0.000837977761593803,0.00212389272665775,0.000156930380807567,0.00236309728769453,0.00162567685749198,0.00503091376142316,0.0235989773624117,0.00805068089502119,0.000438795627889119,0.00342809084288374,0.00259011308128994,0.000876067659848067,0.0808252404996176,0,0.000182831511620466,0.00302586151731871,0.00350731783125261,0.0427307714575633,0.0126199450896027,0.0237863796618226,0.000208732642433366,0.000681047380786236,0.000163024764528249,0.000467743950562359,0.000208732642433366,0.00214827026154048,0.000208732642433366,0.000188925895341148,0.000839501357523974,0.000466220354632189,0.00096595981972813,0.000234633773246265,0.00599534998522112,0.000976624991239323,0.000297101206383258,0.00540724195617529,0.000543923747070887,0.000629245119160438,0.000213303430223877,0.00150683637493868,0.00127524979355275,0.00179327240981074,0.000127982058134326,0.000126458462204156,0.00096595981972813,8.07505842990392e-05,0,0.00655298609566354,0.127994246901768,0.0200444280573238,0.000417465284866731,0.000204161854642854,0.00570586675848871,0.000612485563928562,7.92269883688687e-05,0.00124934866273985,0.00146112849703356,0.000362615831380591,0.000571348473813957,0.0168540181795466,0.0056494937090724,0.000338238296497862,2.74247267430699e-05,0,0.0124279720024012,0.000243775348827288,0.000185878703480807,0.000492121485445088,0.00325287731091413,7.77033924386981e-05,0.000716090087180159,0.000804458651130051,0.000341285488358204,0.00194715559875796,0.00348141670043971,0.00323459415975208,0.000850166529035168,7.4656200578357e-05,0.0165691057406047,0.00159215774702823,0.00135142959006128,0.000159977572667908,0.000228539389525583,0.0141907724936085,0.000202638258712683,0.00128896215692429,0.000394611345914173,5.33258575559693e-05,0.042746007416865,0.00178413083422972,0.00055306532265191,0.00264953332256659,0.000588108029045833,0.00216350622084218,0.000537829363350205,0.00241185235745998,0,0.00184812186329688,0.00198524549701223,0.000679523784856066,0.000632292311020779,0.0176950431330008,0.000397658537774514,0,0.000461649566841677,0.00060639118020788,0.01143458745593,0.00123563629936832,0.00251393328478141,0.0599733065993034,0.00763321561015446,0.000521069808118329,0.00126915540983207,0.00118840482553303,0.0188560232317907,0.000860831700546362,0.000100557331391256,0.000610961967998391,0.000254440520338482,0.000749609197643911,0.00352103019462414,2.74247267430699e-05,0.00145808130517322,0.0011640272906503,0.000208732642433366,0.00307918737487468,0.000990337354610858,0.000591155220906174,0.111504368149532,4.87550697654576e-05,0.000513451828467476,0.00820151689210808
0.00108848764246382,5.92858193063085e-05,0.000243071859155865,0,0.00172284590904132,0.00503692320826397,0.00508435186370902,0.000518158060737136,1.89714621780187e-05,1.89714621780187e-05,0.00305914827620552,9.72287436623459e-05,0.000106714474751355,4.15000735144159e-05,0.000950944541673188,0.00899958737069763,0.00181177463800079,0.000573886730885066,0,0.000239514709997486,0.00184734612958457,0.00478673705079135,0.000480215136381099,3.79429243560374e-05,0.00637203985904204,0,0,0.00526695218717245,0.148353277082948,0,0.00153194557087501,0,0.0106418045654824,0.000339114886432085,0.000188528905394061,0.12435556314414,6.2842968464687e-05,0.000433972197322178,9.96001764345982e-05,0.000138728817176762,3.79429243560374e-05,0.00131258803944167,2.13428949502711e-05,0.00510925190781766,0.000163628861285411,0.000186157472621809,0.000473100838064342,0.000548986686776417,0,1.89714621780187e-05,0.00249711870918171,0.0553456837552112,0.00537603809469605,0.000320143424254066,0.00168016011914078,0.00095331597444544,8.53715798010842e-05,0.00462073675673368,0.00722101279150837,0.00800358560635164,0.000285757649056407,0.00250067585834009,0.0031397769904621,0.000601158207765968,1.89714621780187e-05,0.0176837741826857,0.00734788444482387,0.00376109237679221,0.00464682251722846,0.001268716533155,0.000623686819102365,0,0.0132408948838709,0,0.00146080258770744,0.00148807406458834,1.89714621780187e-05,0.0110413909876069,0.000690086936725431,3.79429243560374e-05,0.00404092144391799,0.000598786774993716,0.000322514857026318,0.000773087083754263,0.000156514562968654,0.000101971609206851,0.000417372167916412,1.89714621780187e-05,0.000571515298112814,0.0289848370588542,0.000187343189007935,0.000997187480732109,0.000996001764345982,0.0766613072286014,0.000119757354998743,0.000264414754106136,0.0108718335443908,0.000143471682721267,1.89714621780187e-05,0.000286943365442533,9.96001764345982e-05,0.000589301043904706,1.89714621780187e-05,0.00515905199603496,0.000514600911578758,0.000735144159398225,0.00432075051104376,0.0311985695517518,0.0248798869300854,0.00022291468059172,0.000258486172175505,0.000194457487324692,0.000235957560839108,0.000158885995740907,0.000148214548265771,0.000162443144899285,0.0066376403295343,0,0.0025872331545273,2.01571785641449e-05,0.103894841185147,0.00326546292739147,0.000816958590040931,0.000535943806529029,0.000120943071384869,0.000155328846582528,0.00292753375734551,1.89714621780187e-05,2.13428949502711e-05,0.000203943218413701,0.00766328500353343,0.001014973226524,0.000179043174305052,0.000500372314945244,2.13428949502711e-05,6.16572520785608e-05,0.000719729846378585,0.0055278097921202,0.00312317696105633,0,0.000583372461974076,0.000120943071384869,0.000218171815047215,0.00201334642364224,0.000460057957816954,0.00026915761965064,0.00546496682365552,0.000181414607077304,0.00528355221657821,0.00308641975308642,0.00133630236716419,4.03143571282898e-05,0,0.00177383171364475,0.00075530133796237,0.000117385922226491,0.144245955521407,0.00014228596633514,1.89714621780187e-05
0.000635773244099456,0.000126912909943808,0.00103101630649589,0.00016921721325841,0.221948922992872,0.000415790866863523,0.000510069028536066,0.000355356147842662,0.000630938466577787,1.93391100866755e-05,0.234240136147335,0.0101010589371467,4.10956089341854e-05,3.98869145537682e-05,0.000597095023926105,0.0049000470182114,0.000297338817582635,0.00293712734441384,2.17564988475099e-05,7.85651347271191e-05,0.00106365105476715,0.00122199001860181,0.002372667068759,0.000222399765996768,0.00396330887338806,0,4.35129976950198e-05,0.00119298135347179,0.00344477898418907,0,0.00222037157682643,4.35129976950198e-05,0.00253584081011532,0.00127879865448142,0.00140692025880564,0.00186380673460335,0.000287669262539298,0.000655112354186132,0.00232431929354231,0.00129088559828559,0.000270747541213457,0.000461721253319377,0.000292504040060967,0.00460270820062876,0.0032151270519098,0.000713129684446158,0.00116639007710261,0.000824329567444542,4.10956089341854e-05,6.52694965425297e-05,0.000771147014706185,0.00114825966139636,0.00254551036515866,0.000246573653605112,0.000477434280264801,0.000418208255624357,0.00079048612479286,0.000483477752166887,0.00046897341960188,0.00579448085972014,0.000381947424211841,0.000466556030841046,0.00116155529958095,0.000645442799142794,4.10956089341854e-05,0.00509948159098024,0.00240409312264984,0.000814660012401204,0.00112287707940759,0.00647376710151462,4.23043033146026e-05,0.000591051552024019,0.000170425907638828,0.00021273021095343,0.00611236748176987,0.0717565592822289,0.000410956089341854,0.000976625059377111,0.00254551036515866,0.000796529596694946,0.00201005875463383,0.000475016891503966,0.0039874827609964,0.0432446675425672,0.00110353796932092,3.86782201733509e-05,0.108399338118957,0.000120869438041722,0.000142625936889232,0.000835207816868297,4.35129976950198e-05,0.0031377706115631,0.000427877810667695,0.00145526803402233,6.16434134012781e-05,0.00112771185692926,0.000228443237898854,7.85651347271191e-05,0.000507651639775231,0.000228443237898854,0.000123286826802556,0.00837746075067173,0.000408538700581019,0.00441536057166409,0.000245364959224695,0.00479730799587594,0.00388111765551968,0.00288273609729506,0.00022602584913802,0.000302173595104304,0.0101300676022767,0.000334808343375569,0.000560834192513589,0.000435129976950198,0.000302173595104304,0.00220224116112017,0.02106149957877,0,0.00102980761211547,0.00019097371210592,0.00588755032701226,0.00294558820507676,0.000398869145537682,0.00044721692075437,0.000288877956919715,0.00152174622494528,0.000292504040060967,0.000100321633574629,0.00110353796932092,0.000273164929974291,0.000268330152452622,0.000375903952309755,0.000963329421192522,0.000948825088627515,2.05478044670927e-05,0.000333599648995152,0.000889599063987072,0.00247540609109446,0.00105519019410423,0.000838833900009549,0.00117485093776553,0.000287669262539298,0.0190429799634733,0.00188798062221169,0.00056446027565484,0.000948825088627515,0.00123891173992765,0.000977833753757529,0.000699834046261569,0.0177520943651877,0.000450843003895622,8.58173010096224e-05,0.000371069174788086,0.000420625644385192,0.000441173448852284,0.000557208109372337,0.000290086651300132,0.0681606935004877,0.000102739022335463
0.000543987905757258,0.00246375917781921,0.000409572289509098,0.00198829688034533,0.00079068009557741,0.000287280434726459,0.000413262129955126,0.00248115413992191,0.00706604445414345,0.00640503589424074,0.0142238077993739,0.00118970998381214,0.000609350793658324,0.00347213985971227,0.000438036772949885,0.00461704463810836,0.000225607387271421,0.00128617295547259,0.00207000049022166,0.000432238452248984,0.000279373633770685,0.00120394222553254,0.000269885472623756,0.000266195632177728,0.00367666244443496,0.000549786226458159,8.96104108321064e-06,0.0025960663138125,0.00333772424346411,0.000549259106394441,0.00108692157138708,0.000513414942061598,0.00301354540427737,0.00595065839931559,0.0738041886014503,0.000457013095243743,0.0126925240142723,0.000871856585390024,0.000375309485367411,0.0286537195436616,3.42628041416878e-05,0.000670496721049644,0.00934004040902408,0.00321226966829916,0.00136102400452058,0.00312634909791308,0.225256325308985,0.000319434758613274,0.00173686060995171,0.000168151300326129,0.000412735009891408,1.68678420389847e-05,0.00032365171912302,0.000478625017856192,0.000747456250352511,0.000968846677114186,0.00300616572338531,0.00106847236915694,0.000121237614655203,0.00507880181392556,0.000311527957657499,3.79526445877157e-05,0.00297137579917991,0.000933002512781344,0.0053681907289069,0.000278319393643248,0.00188339998766539,0.00114332341820493,0.00277844985585902,6.27272875824745e-05,3.4789924205406e-05,0.00235411820456581,0.000113857933763147,9.80443318515988e-05,0.00380053565940875,0.0182562762868187,0.00538716705120075,0.000514469182189035,0.000668915360858489,0.00208528697206949,0.000352116202563807,9.01375308958247e-05,0.000155500418796891,0.000575615109580354,0.000619893194932689,0.000899266828703374,0.0021548668204803,0.0605887614839695,0.00104844180673565,1.68678420389847e-05,0.000443835093650786,0.0371667085727117,0.000520794622953654,0.000129144415610977,4.37509652886167e-05,0.00114912173890584,0.000669969600985925,0.000452269014670278,0.000357387403200989,0.00198935112047276,0.018661631615818,0.0018433388628228,0.000988350119471762,0.000720046007039161,0.00103210108476038,0.00958884107909911,0.0011538658194793,0.000607242313403451,1.68678420389847e-05,0.000755363051308286,0.00625427955601731,0.0003663484442842,0.00142322417203934,0.000123346094910076,0.000866585384752841,0.00218385842398481,0.00129724247681067,0.000379526445877157,0.000585103270727283,0.00207790729117743,0.00136207824464802,0.000436982532822449,0.000506562381233261,0.000225607387271421,0.00238047420775172,0.000857624343669631,0.000209793785359873,0.00135891552426571,0.0155083993946553,0.000137051216566751,1.84492022301396e-05,0.000672605201304517,0.000721627367230316,0.000850771782841293,0.0119355796027729,0.022341983900699,0.108226710122445,0.00234673852367375,0.000365294204156763,0.000344736521671751,0.00213799897844132,0.0150403167780735,0.000136524096503033,0.000271466832814911,0.000800168256724339,1.7394962102703e-05,0.000569289668815735,0.00431869468204381,8.43392101949237e-06,0.000372146764985101,0.00164619595899217,0.00101207052233908,0.000438563893013603,0.00125507287171321,0.000750091850671103,0.00350903826417255,2.53017630584771e-05,0.000160244499370355,0.138274135114577
