0.431039410946307,0.000631739444367622,0.000100788041539187,0.00368279503784188,0.000545868032976235,9.35313025483652e-05,0.000149569453644153,0.00050676227285903,4.19278252803016e-05,0.0926967775644207,0.00955349688141642,0.000395089122833611,0.00191940746307227,0.00295067070410123,0.00351508373672067,0.00332318330563006,0.00102037813254272,8.18398897298195e-05,0.00163155681643635,5.60381510957877e-05,0.00167630670687975,0.00617427542469057,0.00336390167441189,0.0144259939615869,0.00149045355828149,0.0120598938984129,0.00176459703126808,0.000418471948470703,0,0.000822430418959763,0.000933700416819025,0.00268418712227162,8.70808678898572e-05,0.000103206954536127,6.85358682466469e-06,0.00280674538078327,0.000793403462996477,0.000348323471559429,0.0141002470113322,0.0052857280504811,0.000551915315468586,0.000277368690315841,3.26553254586964e-05,0.00015360097530572,0.00123808030226737,0.000313249233103792,3.54773906217937e-05,0.0220907229445589,0.000954261177293019,0.00575217510672446,0.000994576393908693,0.0261170036279663,0.00219476039255733,0.00060472824923512,0.00047209118656955,0.00816100929951102,0.00414158220292826,0.010817782074484,0.00614403901222881,4.63624991080258e-05,0.0600007337369424,3.95089122833611e-05,0.000551915315468586,0.0148872000396702,0.000647865531013891,0.00160494877347001,0.000134249671330197,0.000283819124974349,0.00284343222790353,0.000847425853261481,0.000514422164016008,0.000318087059097673,0.00013384651916404,0.000792194006498007,6.85358682466469e-06,0.000946198133969884,1.41103258154861e-05,7.13579334097441e-05,0.000449917817430929,0.00178475463957592,0.00145094464599813,0.00176822540076349,0.00489346099281059,0.000722045529586733,0.000687374443297253,0.00796628680325731,0.00430485883022174,0.0295312993231478,0.000364046406039542,7.25673899082143e-06,2.17702169724643e-05,0.0271772938249586,3.54773906217937e-05,0.000370899992864207,0.00094660128613604,0.0404208424832077,0.00183877702984092,0.0204107878681838,0.017229917277207,0.00106915954464769,7.74052159020953e-05,0.0038484905781323,0.000586586401758066,0.000382994557848909,0.0214618055653544,0.00261887647135422,0.000281400211977409,0.000128202388837845,0.0018883647462782,0.000252373256014123,0.000122961410677808,0.000459996621584848,0.000189078365927514,0.000114092063022359,0.00512204827102146
0.00166971845585254,0.154099694957246,0.00302336482480211,0.000120505674489664,0.000357942702615484,0.000592316027152584,0.000663802444222723,0.000991618728215791,0,0.0105268855308428,0.46064162123024,6.33165408335521e-05,0.00328939641975599,0.000300242951694585,0.00220076041123072,0.000943110088061054,0.000832816758867124,9.19111076616078e-06,0.00409106552547112,0.000137866661492412,0.000245606904362408,0.00156912685468956,7.55713551884331e-05,0.0463354530758052,0.0141854582330396,0.00152878809077141,0.00121833279378109,4.90192574195242e-05,1.63397524731747e-05,0.000157780734819093,0.00435965020674893,0.0179497287090472,0.000102123452957342,9.29323421911812e-05,0,0.00058669923723993,0.000231820238213166,0.0118621496782601,0.0124468064464408,0.00292992186534614,0.00372546356388384,0.00254185274410824,0.000185864684382362,0.0105033971366626,4.34024675068704e-05,0.000232330855477953,2.45096287097621e-05,0.0570339060076164,0.00124488489155,0.000363559492528138,0.00325671691480964,0.000127143698931891,0.000229267151889233,0.00205676634256087,0.000313008383314253,0.000283903199221411,0.000324752580404348,0.00150172537573771,0.00728395528218242,0.000102123452957342,0.00244943101918185,1.63397524731747e-05,7.86350587771534e-05,0.00148947056138283,0.000243564435303261,0.000511638499316284,0,0.000165950611055681,0.000104676539281276,0.000188928387971083,0.00114225082132787,1.83822215323216e-05,0.00081954070998267,0.0571431781022807,1.63397524731747e-05,0.000102123452957342,4.13599984477235e-05,8.16987623658736e-06,0.000236415793596247,0.00170035549173974,0.000405940725505435,7.96562933067268e-05,0.0608374940130126,0.00152010759727004,8.83367868081008e-05,3.57432085350697e-05,0.000349772826378896,0.000687801455667698,0.00186222116467713,0,0,0.00170341919532847,0.000551466645969647,0.000172078018233121,9.49748112503281e-05,0.00240398608261583,0.00120505674489664,0.000179737277204922,0.000747543675647744,0,3.37007394759229e-05,0.000266542212218663,0,0.0014215584651662,0.000252755546069422,0.00291715643372648,8.47624659545939e-05,0.000564742694854101,0.000508064178462777,8.68049350137407e-06,9.19111076616078e-06,0.000356410850821124,0.00184486017767438,9.29323421911812e-05,0.000359474554409844
0.00167776312430869,0.0388225346719986,0.164287841402195,0.000380222070960606,0.000311090785331405,0.00157140730026376,0.00115661958648856,0.000930613460393091,0,0.0204043648430188,0.246189802603591,4.78601208202161e-05,0.00204203182166255,0.000850846592359398,0.00141187356419638,0.0036347102867353,0.000779056411129073,0,0.00717370033183017,0.000276525142516804,4.5201225219093e-05,0.00107153492725262,0,0.0218800519016421,0.00508912618054965,0.0095693652684421,0.00177614226155024,0,0.000180804900876372,0.000388198757763975,0.00181868459116821,0.00775068067727389,8.50846592359398e-05,0.000685995065089764,0,0.00187983918999404,0.000223347230494342,0.00697960095294818,0.0239805794265294,0.00367991151195439,0.00121245639411214,0.00291946737003318,8.77435548370629e-05,0.0439222964349528,4.5201225219093e-05,0.00119384412490428,0,0.0418217689100655,0.00150227601463456,0.000404152131370714,0.0022999446949715,0,0.000268548455713435,0.00365598145154429,0.000667382795881903,0,0.000183463796477495,0.000638134944269548,0.00371713605037012,0.000414787713775206,0.00256317535948269,4.5201225219093e-05,0.000135603675657279,0.000465306730196546,0.000834893218752659,0.000598251510252701,0,0.000268548455713435,0,0.000592933719050455,0.000465306730196546,0.000382880966561729,0.00126031651493236,0.243304900876372,9.0402450438186e-05,0.00222283672253893,0.000138262571258402,4.25423296179699e-05,0.000135603675657279,0.00324651152897133,0.000781715306730197,4.5201225219093e-05,0.0343555900621118,0.00139060239938739,9.0402450438186e-05,0,0.000316408576533651,0.00101038032842678,0.000417446609376329,0,4.25423296179699e-05,0.00214572875010636,0.00111939504807283,0.000172828214073003,0,0.00116459627329193,0.00195960605802774,0,4.5201225219093e-05,0.000186122692078618,8.50846592359398e-05,4.25423296179699e-05,0,0.00130285884455033,9.0402450438186e-05,0.00465306730196546,0,0.00212977537649962,0.000941249042797584,0,0,0.00176816557474687,0.00255253977707819,0.000180804900876372,0.000228665021696588
0.00376140229597591,7.06249602734598e-05,2.90808659949541e-05,0.28509551610436,0.000110507290780825,6.68859917883943e-05,8.68271570420771e-05,0.000446599013493937,0,0.276723550225356,0.000711234894048019,0.000155790353544397,0.000121308755293237,0.0690932295174113,0.00617095976412925,0.00133439630822561,0.000528025438279809,1.32941101691219e-05,0.000546304839762351,0.000157452117315537,0.0011956390333354,0.00158656896049614,0.000694617256336617,0.00125172356061138,0.000172823432198584,0.0253435592736597,0.00510535374588558,0.000675091532025719,2.24338109103931e-05,0.00126210958418101,0.000122555078121592,0.00036226450210857,0.000470279147232686,2.07720471392529e-05,8.14264247858713e-05,0.00367956043024726,0.00324127023560902,1.37095511119069e-05,0.00793949185756524,0.000556275422389193,0.000164514613342883,0.000235970455501913,0.000155374912601612,6.60551099028242e-05,0.00220516052430309,0.000789753232234395,9.26433302410679e-05,0.0118766256723392,0.000732422382130057,0.00248807580633971,0.00217483333547978,0.000724113563274356,0.00424082114394987,0.00195921948617433,0.000191933715566697,0.0013485213002803,0.0137224297811332,0.00183084823485375,0.00123385960007162,2.90808659949541e-05,0.00594952974162481,0.000241786628700904,0.000685477555595346,0.0312336809604662,1.4124992054692e-05,0.00404016316858469,8.22573066714415e-05,0.0015624733858146,0.0282167488339611,0.0198535072147551,0.00140626759132742,0.0003975769822453,0.000535918816192725,0.000300779242576382,4.81911493630667e-05,0.00218646568187776,4.15440942785058e-05,0.000229738841360137,0.000336922604598682,0.00272778523032669,0.00196877462785839,0.0229111525536532,0.000598234957610483,0.00032196673065842,0.000656396689600392,3.5727921079515e-05,0.0228725165459741,0.0256131804455272,0.00039176080904631,4.02977714501506e-05,0,0.0342223631028619,6.35624642461139e-05,0.000356032887966795,0.000949282554263857,0.0187014894804122,0.00268499481321983,0.000473187233832181,0.000387190958675674,0.000479418847973957,0.000147896975631481,0.00230195826397201,6.02389367038334e-05,0.000475679879488891,4.2790417106861e-05,0.00191518274623912,0.000262974116782942,4.07132123929357e-05,0.0110831334716198,0.000211043998934809,6.10698185894035e-05,0.000989580325714008,0,0.000248433683785465,0.00305806077984081
0.000306959363401637,0.000260352967911336,9.9962682741266e-05,0.000375422551259803,0.223268098307995,0.00302652289611499,0.00207864523886742,0.000384422406940689,1.60711708587244e-05,0.0023409267472818,0.00183982763990677,0.0021242873641062,7.48916562016559e-05,0.000483420819430431,0.00223871410062032,0.000872664577628737,7.87487372077498e-05,0.000376708244928501,0.00407918458736144,0.00193014762013281,7.32845391157835e-05,0.0387787710118506,3.14994948830999e-05,0.00359897800210275,0.000261960084997208,0.00127315815542815,9.77127188210446e-05,0.00072030987788803,0.00272213492005075,0.00165854483262036,0.000104141187164534,8.03558542936222e-05,6.33204131833743e-05,0.000579847844582778,0.000344887326628227,0.00165661629211732,5.14277467479182e-05,5.8499061925757e-05,0.260474787386445,0.000108641115004977,0.000218889347095827,0.000695560274765594,0.000272245634346792,0.000122140898526306,2.66781436254826e-05,0.00322516256792882,3.79279632265897e-05,0.00818183308417661,0.0968117689827045,0.000456742675804949,0.00139497763053728,0,0.00539091355285053,0.000164247366176164,0.127800200632497,0.000148497618734614,0.0002356033647889,0.000141426303556775,0.000141104880139601,0.0157953895667887,0.000167783023765083,2.18567923678652e-05,4.4677854987254e-05,0.000228532049611062,2.08925221163418e-05,0.000519420242153974,0.000134997835213285,0.000103498340330185,0.000130176483955668,4.4035008152905e-05,0.000322709110843187,0.000122783745360655,0.0753622200843994,0.000211175185083639,0.000337816011450388,1.09283961839326e-05,0.000203782446488626,0.00011314104284542,2.08925221163418e-05,0.00117190977901819,0.00188225553097381,0.000142390573808299,0.00212203740018598,0.0030503082289859,0.00185814877468572,2.7642413877006e-05,0.000312102138076429,0.000237853328709122,5.33562872509652e-05,2.8285260711355e-05,6.36418366005488e-05,0.002356033647889,0.000435850153688607,4.4035008152905e-05,0.000484706513099129,0.00273499185673773,0.000340387398787784,4.85349359933478e-05,0,0.000280602643193329,0.00109476815889631,1.02855493495836e-05,0.000495634909283062,0.0352100068109622,0.000144319114311346,0.035119365407319,0.000554455394625993,0.00397343628311103,0.00042749314484207,0.000205389563574498,5.88204853429315e-05,0.00446939261581127,2.05710986991673e-05,0.00165886625603754,0.000504634764963948
0.000770512151568085,0.000208224629813878,0.000115050184566423,0.000194451016168602,0.0109500228479944,0.114425510676981,0.0130468529723458,0.00075592832535544,0,0.00778371213471566,0.00216731861771254,0.000532309656761548,2.91676524252903e-05,0.000464251801102537,0.00320682134164719,0.0001182910348359,0.000138546349020129,0.000512054342577319,0.0182864976455223,0.0200859797576492,8.26416818716558e-05,0.0133701277867261,0.000168524214012788,0.00287058312618899,0.000414828834493018,0.00333726556499363,0.000318413538976086,0.000247925045614968,0.0246223599223492,0.00115536312106844,0.000316793113841347,0.00045128840002463,0.000179056977388588,0.00023577185710443,0.000130444223346437,0.00120964736308218,0,0.000200122504140186,0.114639406794767,9.15540201127168e-05,0.000380799906663512,0.0014113902923571,0.00181973742631117,0.000110188909162208,9.39846578148243e-05,0.00414018621925648,0,0.0305579771908958,0.413412582925256,0.000474784564478336,0.00373183908530242,0,0.00146810517207294,0.000926883177070336,0.0241265098311193,4.37514786379354e-05,0.00079481852858916,0.000184728465360172,0.000531499444194179,0.00266316870894248,0.000480456052449921,2.75472272905519e-05,8.10212567369175e-05,0.000337048428025577,2.75472272905519e-05,0.000993320607594609,0.00013773613645276,4.13208409358279e-05,0.000116670609701161,3.88902032337204e-05,0.00025521695872129,2.59268021558136e-05,0.0597118560025408,8.26416818716558e-05,6.9678280793749e-05,8.50723195737634e-05,8.26416818716558e-05,4.21310535031971e-05,4.05106283684588e-05,0.00150294431246982,0.00141787199289606,0.000110188909162208,0.00183108040225434,0.00674582983591575,0.000858015108843956,0,0.000149889324963297,0.000397004158010896,2.83574398579211e-05,2.75472272905519e-05,3.88902032337204e-05,0.00305531159154916,0.00163581917351836,2.75472272905519e-05,0.000134495286183283,0.00156614089272462,0.000334617790323469,0,0,0.000187159103062279,9.23642326800859e-05,0.000297348012224487,0.000175816127119111,0.00396355987957,0.000674096856051153,0.010323728533418,0.000389712244904573,0.0519111294039104,0.000321654389245562,0.000119101247403269,0.000110188909162208,0.00278956186945207,0.000103707208623254,0.000742964924277533,0.000552564970945777
0.000133221129277886,0.000829326953634471,0.000314239152266157,0.000455595923026662,0.00155492447836555,0.00844479585895849,0.147779859711032,0.0069702108402338,8.64411907528265e-06,0.0101680264204957,0.00584545840526173,0.000399663387833657,0.000953903963837074,0.000822208267337179,0.00247984521942079,7.01699077875886e-05,0.000682885406947329,9.2034444272127e-05,0.226762192657075,0.0130185518049683,0.000102203996125401,0.00404900707038093,8.64411907528265e-06,0.0410015991620289,0.00129814329407039,0.00349527497197017,0.00158543313392537,0.000376781896163791,0.00186458733229773,0.000816615013817879,0.000782038537516748,0.000552715143225426,0.00016830608317168,0.000133221129277886,0.000525257353221587,0.000716444928063132,0.000263391392999789,0.000262882915407125,0.0296508538609975,0.00042915508820815,0.000573562724524637,0.0319949355631771,0.00267662604778164,0.00058220684359992,0.000393561656721692,0.00229882719643252,0,0.258272040596851,0.0306428936442843,0.000393561656721692,0.0137283865243268,4.93223264883775e-05,0.000926954651425898,0.00337832512565752,0.00241425160996718,0.000218645364845385,0.000848649102155691,0.000234408170217959,0.000559325351930054,0.00168153539893881,0.000334069778380041,1.67797605579016e-05,8.49157579748354e-05,0.000414409238020903,7.88140268628712e-05,0.00128797374221711,0.000131695696499894,0.000784072447887403,0.000513053890997658,0.000624918961383669,0.00180560393154875,2.5932357225848e-05,0.00724122939712354,0.000914242711609306,0.000225764051142676,0.000267967691333762,0.000114915935941993,7.93225044555349e-05,0.000121017667053957,0.0106398936264876,0.000451019624692689,5.18647144516959e-05,0.0100281950825132,0.00539952355649567,0.000806445461964605,0,6.81359974169338e-05,0.000404748163760293,0.00233594606069697,1.62712829652379e-05,0.00015457718816976,0.00360764851994885,0.013250417587223,6.66105646389428e-05,9.45768322354455e-05,0.00384968385405676,0.00153356841947367,2.49154020405206e-05,1.72882381505653e-05,0.000321866316156113,0.000127119398165921,9.25429218647907e-05,0.000140339815575177,0.00207763944362382,4.93223264883775e-05,0.00946988668576848,0.000276611810409045,0.049283682191335,0.000486613056179147,1.67797605579016e-05,9.15259666794633e-06,0.00103780276662658,5.28816696370233e-05,0.000580172933229265,0.000373222553015145
0.00136434325476964,0.000233221069191391,0.00024753236207359,0.00143748986283421,0.000584112768747529,0.000743657181989821,0.0049262650387836,0.148621716485867,0,0.0328253354408037,0.00293646528027342,0.000740476894682666,0.000631817078354859,0.00279918287818121,0.0270398627812037,0.000386404907819372,0.00283681627798255,0.000145763168244619,0.0334290599812787,0.00372941691552415,0.000524747405680629,0.0098053558158444,7.31466080645726e-05,0.0177051894868182,0.000760088666410124,0.0147093588434779,0.00952019005396948,0.000949315761185866,0.000267144133801048,0.0186751771155006,0.000560260613943864,0.000586232960285632,0.00100921117213729,0.000337640502442991,0.000350361651671612,0.0017772505568153,0.000700193255458698,3.65733040322863e-05,0.0952973091589094,0.000353541938978767,0.000666800238733567,0.0571386319040062,0.0119546999875969,0.000133042019015998,0.000488174101648343,0.00337269468923823,9.38184755610822e-05,0.113816122148475,0.00462625793614195,0.00137335406880658,0.0358561492445228,0.000461141659537523,0.00527768678622427,0.0103555455199823,0.00199032980639471,0.000448420510308901,0.000383224620512217,0.000810973263324609,0.00217531651809424,0.000223150159385399,0.0010298830396338,3.65733040322863e-05,0.000312728251870274,0.000807792976017453,0.000201948244004363,0.00915180677422398,0.000141522785168412,0.00839489839512102,0.00178096089200698,0.000647718514890635,0.0290551048381711,0.0001494735034363,0.00189757142660268,0.000924933558497675,0.0003132582997548,0.0011014395040448,0.000223150159385399,0.000220499919962769,0.000173325658239965,0.183379076465768,0.00374796859148255,0.000300007102641653,0.00561373714501368,0.00581462529324899,0.00149155474705585,3.49831603787086e-05,0.000481283479149506,0.00209898962272252,0.00198979975851018,0.000276154947837988,0.000153713886512508,0.00244564093920245,0.00536567473505556,0.000290466240720187,0.000899491260040432,0.00386616926973183,0.011753281791477,0.000266084038031996,7.20865122955208e-05,0.000138342497861257,0.000810443215440083,7.1026416526469e-05,0.000159014365357766,0.00231259892018645,0.000128271588055265,0.00890480446003492,0.000435169313195754,0.00190393200121699,0.000818393933707971,0.000148943455551775,5.40648842216406e-05,0.00368171260591682,9.0108140369401e-06,0.000990659496178885,0.00122547070902385
0.00014047022219084,1.20188425403927e-05,8.93901413941707e-05,3.68077052799526e-05,0.000145728465802262,3.68077052799526e-05,6.00942127019635e-05,2.70423957158836e-05,0.14373709382885,0.00169991504180679,4.88265478203454e-05,0.031142323377475,1.35211978579418e-05,0.00091418321072862,0.0008232907140169,0.386247289187624,1.35211978579418e-05,0.0016082713674363,0.000236620962513981,2.55400403983345e-05,1.35211978579418e-05,0.000391363560221537,3.75588829387272e-05,0.000350799966647712,1.35211978579418e-05,0.00126798788801143,0.000276433378429032,0.00149108765266747,0.000117183714768829,0.000121690780721476,1.20188425403927e-05,9.3897207346818e-05,0.000533336137729926,1.20188425403927e-05,0.00530256309328951,0.00199738139468151,0.000410143001690901,0,0.00352302321965261,0,1.27700201991672e-05,2.47888627395599e-05,2.40376850807854e-05,1.27700201991672e-05,0,0.00202968203400882,0.00287475690013018,0.00137916218151006,0.000811271871476507,0.0334965141600745,0.000280940444381679,3.68077052799526e-05,0.000299719885851043,0.000160752018977752,0.000256151581642119,0.000112676648816182,0.000331269347519574,3.90612382562763e-05,3.98124159150508e-05,5.18312584554435e-05,0.000280940444381679,0.036596624357837,0.000277184556087807,0.00060169330467841,0,0.00022159740933849,0.00410593708286166,8.78877860766216e-05,7.7371298853778e-05,0.00060169330467841,0.000219343876362167,0.0108312306618701,0.00065127103015753,0.000260658647594767,0.000495026077132424,0.000657280451427726,3.75588829387272e-05,0.0041577683413171,0.0588104500831178,0.000169014973224272,0.00100808041807544,0.000343288190059966,8.41318977827489e-05,0.000113427826474956,0.000356809387917908,0,0.000371081763434625,0.000217841521044618,2.70423957158836e-05,0.00104639047867294,0.00188470474586533,0.00408715764139229,3.90612382562763e-05,0.00922971989336282,0.0336287214280188,0.0251892404316868,0.000129202557309222,6.38501009958362e-05,3.83100605975017e-05,0.0615041731674833,0.000406387113397028,1.20188425403927e-05,0.0883347367835925,0.000676059892897089,2.40376850807854e-05,0.00303325538613161,0.000336527591130996,5.33336137729926e-05,0.000576153264280075,0.00287325454481263,0.0115057881994497,0.00059343035043189,0,0.000536340848365024,0.00723684556463395
0.00568085569994391,0.000377401278415757,0.000147175844694732,0.0180906052245142,0.000282125085262807,0.000143320152107073,0.000293539964634167,0.000921459795653366,8.81228687468974e-05,0.560696439546926,0.00312174121047947,0.00101988142223309,0.000205822958264918,0.0215636203228483,0.00749856109103924,0.00516875884494611,0.000651459848922803,0.000112373145811386,0.00250909195141929,0.000335749651909595,0.00118669085944656,0.00270715279171168,0.000429858990726806,0.0110952120161645,0.000327429473167804,0.0442098278052764,0.0106080249645948,0.000592356140177763,7.51352726621503e-05,0.00117426132413108,0.000191617775047226,0.000290851126382247,0.000928917516842655,0.000136877086861905,0.000334633530371062,0.00470668452799347,0.00190105937690486,0.000181775612389253,0.018023840863391,0.000534419285768461,0.000213179213859794,0.000679565818574951,0.000170868060989954,0.000102226586370177,0.00535997075761569,0.0017704224240993,0.000237886086099137,0.0344951059338855,0.00337185390070526,0.00809791835723144,0.00311712452593372,0.000750135139488558,0.00500621096269795,0.00277985289010794,0.000566482413602681,0.000733646980396593,0.00228855648196462,0.00146952620387025,0.0011887201713348,0.000159808311199037,0.00649176873048531,0.000319058561628807,0.00124021396049894,0.00488972846031287,0.000126020268259812,0.00494624479640041,0.000183601993088671,0.003512383748966,0.00640166728264738,0.00287025873472911,0.00262567591939878,0.000637406864096729,0.000898274907330204,0.000818725881311128,0.000213635809034649,0.00247327459659182,8.05636819631969e-05,0.000407282895970116,0.000812079884877136,0.00800000405862378,0.00482052892492383,0.00146678663282113,0.00482722565415503,0.000550552315279983,0.00140986443435595,0.000218658355958047,0.00231813370273574,0.0197449510086061,0.000620512842627117,0.000239306604420907,9.17248973485264e-05,0.0361335216196547,0.000144740670428842,0.000626194915914194,0.00185707404172722,0.0475814787747928,0.00354104777938742,0.000849114826837548,0.000800411341519747,0.00190445847431766,0.00043467860646138,0.00111206291475647,0.000427322350866503,0.000744706730187511,0.000670129518294627,0.00308308281900846,0.000898528571316234,0.000382017962961507,0.00509027520766836,0.000435997659188737,0.000171273923367602,0.000815834111870384,2.24238963650712e-05,0.000363804888764537,0.00654990851608344
0.00116591558164675,0.0497210737860479,0.00153079896247051,0.00024672138364991,0.000216179052574724,0.00035307801172024,0.000582037188645574,0.000691643000872839,1.84120435559635e-06,0.00765345328165975,0.622427905206568,0.000151303675574594,0.00282516562445475,0.000472539682556874,0.0017190350312956,0.000473839356219648,0.000584853148248251,7.1482051452564e-06,0.00417715115215529,8.94608704542695e-05,0.000229609013756721,0.00148823465001467,1.70040637546251e-05,0.0627109871270573,0.013927302970285,0.00167506273903842,0.000981578533809981,1.87369619716569e-05,9.65007694609614e-05,0.000129425835584567,0.00315712393915491,0.0129149654931227,0.000116645711233957,5.9351763933341e-05,4.2131087901587e-05,0.000265566651760132,0.00014567175636924,0.00464481705847676,0.00731792086438696,0.00140657182153704,0.00276603047279853,0.00144664509280591,0.000125201896180552,0.00400353641203641,0.000143938858152208,0.000623085215161516,1.77622067245765e-05,0.0670004517449039,0.00194875235119089,0.00060315688566565,0.00215128483030648,0.000224302012967061,0.000422718858817208,0.00152819961514497,0.00041383775545492,6.11929682889374e-05,0.00021802025693032,0.00116645711233957,0.00359663024944962,0.000105056954407556,0.00142628353875578,1.09389199950136e-05,0.000100399790449283,0.00100594741498699,0.000205781663272533,0.000521494057188024,2.28525952371076e-05,0.00027228163235113,0.000211846807032144,0.000171990148040412,0.000855618494659479,3.36832090935567e-05,0.000655685362869428,0.0165787455484823,6.40089278916141e-05,0.000172856597148928,8.46954003574319e-05,2.4260575038446e-05,5.46945999750679e-05,0.0018983899967584,0.000482070622750549,7.97133179834653e-05,0.0633575747742873,0.000657201648809331,0.00031376288342133,0.000239248260088961,0.000280079674327774,0.000492359705914176,0.00193521408387032,8.66449108515928e-06,1.24552059349165e-05,0.0014488112155772,0.000536765222725617,3.42247397863791e-05,9.81253615394288e-05,0.00262349959444766,0.000757059908565792,0.000233832953160736,0.000119678283113762,6.01099069032925e-05,0.000105923403516072,0.000380154546361363,8.77279722372377e-05,0.000755868541041582,0.000416437102780468,0.00231309420132183,0.000106681546486024,0.000642255401687431,0.000328384212127537,4.48387413656993e-05,1.7870512863141e-05,0.000392068221603457,0.000498533155812352,8.53452371888189e-05,0.000679296101076487
9.78919524428961e-05,2.112659929163e-05,1.3546827026694e-05,0.000250938843494475,0.000237069472967145,5.32196776048694e-05,0.000109503518465777,5.62838408609073e-05,0.00374553640113058,0.00315705578422098,0.000155627239056663,0.535253682075967,1.61271750317786e-05,0.000291740596324875,0.000641216479263517,0.0485792442612254,1.61271750317786e-05,0.0131749343704612,0.000848289406671554,0.000140467694526792,1.09664790216094e-05,0.0022550628846936,8.33774949142953e-05,0.000356249296451989,2.29005885451256e-05,0.00147079836289821,0.000177560197099882,0.000437852802112789,3.30607088151461e-05,0.000196912807138017,1.56433597808252e-05,7.90231576557151e-06,0.000850385939425686,0.000141435325028698,0.0415795664821825,0.00123711559668774,0.000374956819488852,0,0.0194309881087888,2.22555015438545e-05,3.2415621813875e-05,0.000374795547738535,3.93503070775398e-05,2.16104145425833e-05,5.9509275867263e-05,0.0078232926079158,0.00179301932003314,0.00204073272852126,0.00182495112659607,0.0222109905407668,0.000179818001604331,1.09664790216094e-05,0.000750074910728023,8.54740276684266e-05,0.00031028684761142,7.70878966519017e-05,0.000405437180298914,1.1289022522245e-05,5.12844166010559e-05,0.000162561924320328,0.000158691402312701,0.0105750724835882,0.000272549258037058,0.000391083994520631,0,0.00018723650211895,0.00321140436407807,3.54797850699129e-05,4.88653403462891e-05,0.000170948055336853,7.3862461645546e-05,0.0118963719339418,0.000839258188653758,4.56399053399334e-05,0.00122373004141136,0.000239166005721277,0.000514779427014373,0.00612445599006824,0.0019957379101826,0.000191268295876894,0.00220184320708873,0.000152079260549672,0.000160142848065561,0.000519617579523906,0.000363345253465972,2.58034800508458e-06,0.000127243411000733,0.000139983879275838,5.48323951080472e-06,0.00427547537267482,0.0457413452708833,0.0042761204596761,0.000185946328116407,0.000842161080159478,0.0139040439536479,0.0193932505192144,7.78942554034906e-05,6.11219933704409e-05,2.20942297935367e-05,0.0380357810406995,0.00306625978879206,8.70867451716044e-06,0.073146898889386,0.00124711444520744,7.74104401525373e-06,0.00572901765828903,0.00132194453735489,9.12798106798669e-05,0.00036786086247487,0.00105713632333309,0.022789633580907,0.00185172223714882,4.03179375794465e-05,0.00163368283071917,0.00512795784485464
0.00178664873808407,0.00480024251004672,0.00070111144793062,0.0001896726622421,0.00080864907339824,0.000305677817274099,0.0010643684662425,0.00409151028550816,0,0.00949887466532089,0.0846558203257967,2.70960946060143e-05,0.134844561559787,0.000441158290304171,0.00131585409430457,0.000616436152286826,0.0178139886975415,4.06441419090215e-05,0.00805685438050707,0.000715506248190066,0.00219732392195647,0.00116513206805862,4.06441419090215e-05,0.223026261196191,0.0580974138471204,0.000983080182424457,0.00110416585519508,6.94337424279117e-05,6.94337424279117e-05,0.0003793453244842,0.0317015839360803,0.0344433700090264,4.31844007783353e-05,0,0,0.000463173867171557,0.000402207654308025,0.00248776018601469,0.00958185645505181,0.0128774189615083,0.00837608024508418,0.00337177027253591,0.000302290805448347,0.00112110091432384,0.000110924637293371,0.000111771390249809,6.77402365150358e-05,0.0946271831408099,0.00276972892050853,0.000425916737088288,0.00798488037920984,0.000209147980240173,0.000869615286261772,0.0127419384884782,0.000569864739682739,0.000536841374381659,0.000620669917069015,0.00919235009509036,0.0677944287042478,0.000513979044557834,0.00365881952476837,0,0.000166810332418276,0.00133871642412839,0.0013946021192533,0.000669781588542416,8.80623074695465e-05,0.000158342802853896,0.000477568667431002,0.000128706449378568,0.00198478892989055,0.000151568779202393,0.000580872528116432,0.00655725489465546,1.35480473030072e-05,0.000326846641185048,1.43948002594451e-05,0,1.52415532158831e-05,0.00712457937546889,0.000439464784391295,0.000167657085374714,0.0343265181010379,0.00156310595758445,0.000493656973603323,0.000987313947206647,0.000692643918366241,0.00178834224399694,0.0540346931621312,4.23376478218974e-05,0,0.00144710080255245,0.00110585936110796,2.87896005188902e-05,0.000110077884336933,0.0011448099971041,0.00346406634478764,0.000406441419090215,0.000141407743725137,8.55220486002327e-05,0.000474181655605251,0.000215075250935239,5.41921892120286e-05,0.000629984199589833,0.00289758861693066,0.00229300700603396,0,0.000795101026095233,0.00051143878568852,0.000121932425727064,1.35480473030072e-05,0.000157496049897458,0.000797641284964546,0.000149028520333079,0.000343781700313807
0.00298455628625424,0.00032008396657158,0.000164576023800819,0.0420089465301567,0.000242522933080456,0.000167470092214667,0.000126567258632283,0.00109337904675175,0.000113640419717095,0.269498544765933,0.00117865759601313,0.000494885698767995,0.000187921509005859,0.181461562430361,0.0126040538180962,0.00163977916328623,0.000664285169925227,9.29960650316466e-05,0.000947325060799554,0.000449931169406224,0.000676054381474875,0.00400558362265978,0.000400346130582296,0.00240400616243634,0.000318926339206041,0.20306231025764,0.00714931367167566,0.00135731808609468,5.40226103918279e-05,0.00146266217635874,0.000151456246991375,0.000235577168887221,0.00232490162579117,0.000150105681731579,0.000144317544903883,0.0068566268860885,0.00571366280051283,7.73680955968679e-05,0.0166160043912665,0.000587110012222616,0.000165347775377845,0.000731234619232242,0.000393786242177574,0.000191008515313963,0.0023110100974047,0.00145494466058848,0.000267604859333805,0.0099789408288419,0.00233840727838912,0.00751936855285968,0.00221087533028556,0.000462472132532898,0.00709606281286085,0.00242079175923666,0.000458420436753511,0.00061855888898643,0.00405304634464689,0.000811496783242958,0.00116515194341517,0.000162453706963997,0.00386088020196739,0.000893302450407726,0.00275650369524302,0.00376730532325297,4.70768461985929e-05,0.0116854765035409,0.000178660490081545,0.0115421236481083,0.00442175066057112,0.00797663136224765,0.00642811182294475,0.000663899294136714,0.000852592554719599,0.000460928629378846,0.00043681139259678,0.00907406210477878,0.000124637879689717,0.000374685390646178,0.000626276404756691,0.00712326705595103,0.0111952213142351,0.00241944119397686,0.00128689575469104,0.000619330640563456,0.00263514575975566,0.000175766421667697,0.0038288525115208,0.00944643224069388,0.000261044970929083,0.000449545293617711,6.09683745850629e-05,0.0238614011342819,0.000172100601676823,0.000419061106325179,0.00216283379461568,0.0227249969371109,0.00345223774193206,0.000617208323726634,0.00011171104077453,0.00132606214722512,0.00079914875801054,0.00111460221511996,0.000462858008321411,0.00130946948831906,0.000389348670609674,0.00504088836324031,0.0013092765504248,0.000280917574037505,0.00815220484602109,0.000654831213106657,0.000201427161603816,0.000756702421274104,6.36695051046543e-06,0.000764998750727135,0.00323537554878772
0.0014961060790328,0.000851496478394912,0.000168246527047541,0.00411539860238656,0.00119664336103431,0.000413371251860825,0.00104228321002298,0.00999034192484089,0.000148725099866188,0.0486051336523443,0.00356497485660304,0.0019616015539861,0.000276520009764739,0.0115266983691961,0.193170157010638,0.00333554777426549,0.000809434846633027,0.000564913877299579,0.00899414538311203,0.0012236111058003,0.000431685168082507,0.011986156289351,0.000427056376070433,0.0152673660704313,0.000661716005899898,0.0529543868772539,0.00345670137388584,0.00183783168061979,0.000261426122768847,0.0132091636396715,0.000364668309820747,0.000357221992236107,0.00183199537764805,0.000384994744308548,0.00110326251348639,0.00893578235339458,0.00270744082340977,8.93558110156797e-05,0.107875406604159,0.000382579722389205,0.000252973546051147,0.00523898755036075,0.0044951607992032,0.000219968246486797,0.000867194120870639,0.00437058591853044,0.000159793950329842,0.0537392690010403,0.00724164447697568,0.0114323112625151,0.00569904922599554,0.000516814690739337,0.0708340016571075,0.00249310762806811,0.00180683889932156,0.000496287004424924,0.00253657802261628,0.000281551305430036,0.00111392886029682,0.000338706824187813,0.00192537622519596,0.000299462717998494,0.00159190194850006,0.00305862526084752,8.49282708302181e-05,0.05539355901579,0.000142687545067831,0.00866630615756126,0.000780052079947691,0.00103664815887785,0.0331127680397609,0.000285576341962274,0.00289078123745321,0.000715651495431885,0.000409346215328587,0.00242609076980635,0.00025860859719628,0.000100424661479334,0.000482199376562091,0.0165916030895375,0.0108744411991469,0.000558071315194775,0.00528728798874761,0.00423755846113998,0.0197961359246787,9.55946176406483e-05,0.0023846328935243,0.00321097289359273,0.00109259616667596,0.000166435260608034,0.00011491479299539,0.0422864300522108,0.000950713628914575,0.000355611977623212,0.00248364879221735,0.0399587514256176,0.00228622075031108,0.000600736702436496,0.000652458421875752,0.000856729025886821,0.000860150306939223,0.000307915294716194,0.000843647657157048,0.00242971330268536,6.92306283544906e-05,0.0116206829722238,0.0018718432393172,0.00139387015111396,0.00270542830514365,0.00130713061384423,0.000235263385309301,0.00714484234837536,1.40876278628324e-05,0.0041160023578664,0.00446135049233241
0.000537086373559238,0.000128982106377484,3.41782237719515e-05,0.000315945128082385,0.000103755322164853,3.88573853597782e-05,4.90294757680971e-05,6.12359842580798e-05,0.0197042546090505,0.00947967621422463,0.000652844762405907,0.0157373427916143,2.85835740473761e-05,0.000935425433949006,0.000890668236152403,0.527578317212774,9.83641142484437e-05,0.00171908327900589,0.000258777979987633,1.17996248736499e-05,3.01093876086239e-05,0.00160261284383064,0.000123082293940659,0.00106898498101023,6.66271921744888e-05,0.0016766656620032,0.000443299699994538,0.000642570951093505,3.46868282923674e-05,0.00013620429056739,3.84505017434454e-05,5.39120791640902e-05,0.000755684596434011,0.000158481168561608,0.00671307106497006,0.00312618854518865,0.000417157427645158,1.57667401328943e-05,0.00908489738547777,2.11579480493033e-05,3.05162712249567e-05,4.81139876313484e-05,3.20420847862045e-05,3.07197130331231e-05,0.000113927412573172,0.00218984762310289,0.00131158933724864,0.00328822994539317,0.000761177525254503,0.0435130494187617,0.000115860109750752,0.000146274660071626,0.000443401420898621,0.000326117218490704,0.000461711183633595,0.000257455608234551,0.0014316200040668,8.18853277869671e-05,0.000131932012595896,1.58684610369775e-05,0.000271493092998031,0.00590205029671479,0.000109248250985345,0.00110702859913735,1.06806949287348e-05,0.000357345536044243,0.00764025710568832,0.000153598565165615,0.000115453226134419,0.000405256081867425,0.000140883452155217,0.0170065145118602,0.000308214339372063,0.000287564995843175,0.000163668934669851,0.000305874758578149,6.00153334090815e-05,0.00790910545518019,0.035396738481964,0.000276986021818524,0.00237487794763021,0.000330796380078531,0.000542681023283813,0.000238128636458745,0.000481750201737983,8.95143955932063e-06,0.000452149418649775,0.000241485426293491,5.35051955477574e-05,0.000764737756897415,0.00119359308851214,0.016515914591467,3.20420847862045e-05,0.00947296263455514,0.0131361358323989,0.056403834430512,0.000235585613856666,2.62439932534628e-05,1.67839491737262e-05,0.103275402939388,0.000799322864285699,0.000113622249860922,0.0335915993181038,0.000518064564495681,1.95304135839723e-05,0.00236267143914023,0.000533831304628576,7.45614226929775e-05,0.000925253343540687,0.00170057007446275,0.00330989649796289,0.000626295606440195,1.8309762734974e-06,0.000588658871929415,0.0118035919889092
0.00449409804453847,0.00143500360389033,0.0002911194525831,0.00109988860702618,0.000183470780406069,0.000158196744329723,0.000305160583736626,0.0071497439833753,0.000146027763996668,0.0578503964279362,0.0154967284164412,0.000206872665661946,0.0217347349502476,0.00195358938116055,0.00345786256540827,0.00038379091819637,0.129160621179642,6.36531278959833e-05,0.00519709067762499,0.000201256213200535,0.0222355352947233,0.00246655870596935,0.000597216111729961,0.0914555036553745,0.00638122607157233,0.00723773507193739,0.00621647679937096,1.49772065637608e-05,7.86303344597441e-05,0.00279980155201303,0.00658997088805474,0.0067678252159994,8.98632393825647e-05,0,5.05480721526926e-05,0.000527946531372567,0.000335114996864147,0.000301416282095686,0.014965973658838,0.0115408737327879,0.00198354379428807,0.00279699332578232,0.000907993147927997,0.000426850387067182,0.00218105570584766,0.000236827078789467,0,0.131336060433028,0.00115418098081981,0.000603768639601606,0.019677241198551,0.0018936805549055,0.000914545675799642,0.0548212564004156,0.000947308315157869,0.000621554072396072,0.0023448689026388,0.0234121820853888,0.0851753737281075,0.000163813196791134,0.00578681818607307,7.58221082290389e-05,0.000188151157457245,0.00206779058120922,0.00132454670548259,0.00086586975446742,1.49772065637608e-05,0.00317329564069681,0.00142470677437774,0.000406256728042011,0.00317797601774799,9.36075410235048e-05,0.000834979265929663,0.00241039418135525,0.000126370180381732,0.00163438766627039,0,0.000182534704995834,0.000271461868968164,0.0443315953533217,0.000805024852802142,0.000951052616798809,0.0136058560877664,0.00183189957782999,0.00019283153450842,0.000521394003500922,0.000537307285474918,0.0102135188010746,0.0587593256512745,0,6.36531278959833e-05,0.0040035945295753,0.000546668039577268,6.36531278959833e-05,0.000232146701738292,0.00184968501062446,0.0589998970317049,0.000809705229853317,0.000308904885377566,0.000545731964167033,7.48860328188039e-05,0.000414681406734126,0.000371621937863314,0.00105589306274513,0.00388284080165498,0.00529163429405873,7.58221082290389e-05,0.000407192803452246,0.000868677980698125,0,1.49772065637608e-05,0.000690823652753466,3.18265639479917e-05,0.000316393488659446,4.77398459219875e-05
0.000169101527349152,0.000125316310446247,5.13343922309927e-05,0.000200808063727118,0.000205337568923971,0.000733779841890072,0.000304986683254721,0.000318575198845278,0.00232061649585399,0.00588684692084237,0.000712642150971428,0.30412909693745,7.54917532808716e-05,0.000149473671496126,0.00165326939685109,0.0407987631431142,0.000347262065092009,0.101460916409491,0.000779074893858595,0.000691504460052784,2.71770311811138e-05,0.00894577276378328,0.000199298228661501,0.000754917532808716,0,0.00235081319716634,5.28442272966101e-05,0.00249726719853123,9.66294441995156e-05,0.000249122785826876,8.15310935433413e-05,0,0.00333522565994891,0.000860605987401936,0.0169886641583273,0.00094666658614213,0.00123957458887191,0.000154003176692978,0.0559197613252728,0,2.41573610498789e-05,0.00054656029375351,0.000101158949396368,2.56671961154963e-05,7.24720831496367e-05,0.0367206986308816,0.00626128601711549,0.00167591692283535,0.00188578399695617,0.0272691311201164,0.00060544386131259,0,0.00303627831695666,0.000129845815643099,0.00077605522372736,0.000199298228661501,0.000529952108031719,5.43540623622276e-05,0.000157022846824213,0.000152493341627361,0.000147963836430508,0.0145095149805835,0.0012561827745937,0.0004937160664569,0,0.000182690042939709,0.00238704923874116,5.13343922309927e-05,9.66294441995156e-05,0.000128335980577482,0.000150983506561743,0.00901522517680168,0.000573737324934624,0.000252142455958111,0.0034560124651983,0.000587325840525181,0.000357830910551331,0.00369607624063147,0.00210772975160194,0.000588835675590798,0.0162473351411092,0.000155513011758595,0.000439362004094673,0.00108104190698208,0.00148265803443632,2.41573610498789e-05,0.000126826145511864,0.000193258888399031,5.13343922309927e-05,0.0254860159076223,0.0615046412329917,0.00507455565554019,0.000360850580682566,0.00054656029375351,0.0208115665444707,0.0162760220073559,0.000703583140577723,2.56671961154963e-05,7.7001588346489e-05,0.0284422729661012,0.0322123311249479,0,0.036983409932299,0.00144491215779588,0,0.0102910358072484,0.00883706463905883,0.000397086622257385,0.000129845815643099,0.00289888332598547,0.0365576364437949,0.00572378473375568,0.000181180207874092,0.00570566671296827,0.00344997312493583
0.000684285165803935,0.000975618550765969,0.000217509805697159,0.000257938629864417,0.000815405676616665,0.00149791525217001,0.0121522762588969,0.00420603184398189,1.01072060418146e-05,0.00718526740867217,0.00538065308667926,0.000180427286232934,0.000423000231236484,0.000503584711840141,0.00316785788284901,0.000815269092751235,0.00044055125794423,5.88676460002986e-05,0.263581797140453,0.00255739629630995,0.000210202568896658,0.00388130370392224,2.70436053551256e-05,0.0469206552911429,0.0010779881579057,0.00159728001427028,0.00115181173717057,6.87016843112533e-05,0.000256026455748398,0.000409478428558921,0.000525711298039789,0.00070292886343512,5.59310928935551e-05,0.000218124433091594,5.12872414689376e-05,0.000416990541157567,0.000273304314725284,0.000173734676826867,0.020319171908414,0.00035593755331039,0.000888819504285251,0.0115490536172256,0.00117216273311963,0.000249880181804052,0.000291879720423754,0.00106214442951583,2.13753749397836e-05,0.509334004779616,0.00531488795547475,0.000598169038650366,0.0153902699566442,0.000128866877033136,0.000808030147883449,0.00505899808359178,0.000713992156534944,0.000148534953655046,7.06138584272723e-05,0.000438980543491786,0.000724235946442188,0.000270094593887681,0.000414258863848969,9.28770284923504e-06,0.000105852495708194,0.000306835653688331,7.64869646407592e-05,0.000663182958595011,3.99507806382537e-05,0.00046766315523207,0.000157344612975276,0.000269343382627816,0.00196482719614222,5.55896332299803e-05,0.00220084411560513,0.00282052511306071,0.000128183957705987,0.000253226486507085,0.000118281627462317,6.03700685200278e-05,4.90336076893438e-05,0.00548500315986773,0.000437887872568346,7.40284550630205e-05,0.0146006103386611,0.00243884150111678,0.000218943936284173,0.000124905944935668,6.91114359075431e-05,0.000448336538273736,0.00149777866830458,2.17851265360734e-05,2.60192263644011e-05,0.00255862555109882,0.00233462801179374,9.85452589076924e-05,0.000265519034395778,0.00206446512597335,0.00159147519998951,7.31406599377259e-05,3.38727986266219e-05,0.000152495885752514,5.27896639886668e-05,0.000118759670991322,0.000110223179401951,0.00195239806438809,0.000200300238652988,0.00826141168439457,0.000214163500994126,0.00396380035864191,0.000535886796014319,4.71214335733248e-05,1.70046912460259e-05,0.000688724141430407,2.21265861996482e-05,0.000578091210432166,0.000419722218466166
0.000217081656367864,0.000118988608436931,0.000334328968095962,0.00064427978226826,0.00487272862355139,0.019782291476817,0.0132622961667094,0.00530921366523223,0.000120729905145764,0.00762687958468913,0.00236410049835912,0.000656468859230091,0.000533417225139217,0.00122529245078225,0.00542588054472404,0.000704644734841142,0.000148010220250816,0.000423715532482729,0.0226385985115396,0.186811534813745,8.99669966230453e-05,0.0174315409198922,2.08955605059976e-05,0.00576543340294651,0.00059088001653071,0.00272977280721408,0.000431841583790617,0.000514262961342052,0.0238232607057824,0.00552803661830892,0.000351161502948015,0.000486402214000722,8.82256999142121e-05,0.000827115936695739,0.00025364888725336,0.000849172361674292,0.000150912381432205,2.78607473413301e-05,0.31631409277861,0.000112603853837876,0.000311692110881131,0.0117798722352562,0.0083698328471246,0.000207794740587421,0.000181094857718646,0.0028957764267895,0.000112023421601598,0.0263539452559532,0.0519347547731845,0.000212438198477642,0.00433118534710428,9.86734801672109e-06,0.00439735462203994,0.00100588906546927,0.0157535113248134,4.06302565394398e-05,4.64345789022169e-05,0.000408043862103231,0.0002942791437928,0.000955971893149391,0.000530515063957828,0,0.000124792930799708,0.000232172894511085,5.97845203366043e-05,0.00173259022528897,9.92539124034886e-05,0.000413848184466008,0.000135821143288984,2.03151282697199e-05,0.00112313637719737,0.000138723304470373,0.0135066581381823,0.000717994676275529,0.000437065473917117,6.61692749356591e-05,0.000229270733329696,2.90216118138856e-05,6.15258170454374e-05,0.00553209964396287,0.00121252294158414,2.03151282697199e-05,0.00294453273463683,0.0846601046867581,0.00189336995473789,0.000128275524217374,0.000224046843203197,0.000145108059069428,0.000196766528098144,5.10780367924386e-05,3.71476631217735e-05,0.000626286382943651,0.0151196793227981,9.28691578044338e-06,3.83085275943289e-05,0.00217836218275025,0.000998923878633941,4.99171723198832e-05,0,0.000195605663625589,0.000351741935184293,0.000121890769618319,0.000781842222266077,0.0042655965044049,7.8358351897491e-05,0.0104646127878509,0.000752240178215914,0.059035762751806,0.000214179495186476,0,0.0001979273925707,0.00665465558892396,1.04477802529988e-05,0.00127462919086585,0.000665755775010535
0.0151163625363393,0.00266103354748073,0.000175607705204653,0.0049670062603506,0.000146126119659347,0.000507595994606152,0.000212780139153084,0.00367238011249148,0,0.185739116167702,0.0088585755523311,0,0.0051080051477412,0.0063641770535847,0.00275332372831822,0.000111517301845291,0.0330168121946092,4.35814742843666e-05,0.00164327794213406,0.00068576731594518,0.122971538733676,0.00129975338012787,0.000417869429903044,0.0207255546383507,0.00281100509134164,0.00684100965457836,0.0126386275424663,0,0.000371724339484303,0.00279946881873696,0.00177017694078559,0.00417741249096325,0.00010254464537498,0.000115362726046853,0,0.00165481421473874,0.000743448678968606,0.000132026230920287,0.00910340089316386,0.00442864687213195,0.000889574798627953,0.000549895660823331,0.000743448678968606,0.000258925229571825,0.0385721683577988,0.000134589847054661,0.000132026230920287,0.0357444997615837,0.00225854581438394,0.000392233268559299,0.00554125627445049,0.00190861221204182,0.000907520111568574,0.00767803032245164,0.000572968206032701,0.000265334269907761,0.000669103811071745,0.0971892512702718,0.0323566810400078,6.66540194937371e-05,0.0386977855483831,0,0.000510159610740526,0.0048567707665725,0.000570404589898327,0.00151125171121377,0,0.00109979132164666,0.00674359224147213,0.00089085660669514,0.00284945933335726,8.33175243671714e-05,0.000578095438301451,0.001588160195245,4.61450904187411e-05,0.00294687674646349,0,2.30725452093705e-05,2.0508929074996e-05,0.0204512477119726,0.00156765126617001,0.00170480472935904,0.00557842870839892,8.97265647031076e-05,0.000156380584196845,0.00112927290719197,0.00157277849843876,0.146966985751422,0.00800745499571876,0.000331988289401498,0,0.00357111727518368,8.97265647031076e-05,0.000201243866548399,0.000651158498131124,0.00189835774750432,0.0396450417100345,0.00164071432599968,0.000258925229571825,0.0001307444228531,0.00010254464537498,0.0024533806405964,0,0.000169198664868717,0.00242389905505109,0.00130359880432943,6.92176356281116e-05,0.000389669652424925,0.00139204356096536,0.000267897886042136,2.17907371421833e-05,0.000296097663520255,0.000242261724698391,4.61450904187411e-05,0.000443505591246789
0.000289908567625773,0.000187044660269214,7.28856139142473e-05,0.000511477992380683,0.00604360975024814,0.000583084911313978,0.000342335061844793,0.00087121751368843,3.78635791581811e-05,0.00496027094694183,0.00091178056002862,0.00106295072222113,5.70440038724567e-05,0.000695325915197517,0.00339891333658974,0.00102373740947195,0.000113874891914755,0.000421543112053746,0.00344395181536326,0.00117007694618086,7.06834170026083e-05,0.255309212599521,4.09182393904546e-05,0.00260498583063884,0.000156071826286161,0.00260669075728011,0.000181290532854931,0.000838113521403791,0.0011683720195396,0.00422345848347344,9.42682355401619e-05,6.26560540666336e-05,0.000453155293527274,0.00349005587328758,0.000454505027118279,0.00228751428231255,0.000298149046391906,7.24593822539301e-06,0.511399778871015,4.60330193142615e-05,0.000158700254858117,0.00282762083454454,0.00106877588824547,3.98526602396615e-05,6.17325521359463e-05,0.0058237452521345,5.89620463438843e-05,0.00865569944189226,0.0127795617940716,0.000719905274275811,0.000622227185453111,2.93389459518364e-05,0.00774690250348586,0.000227465629389298,0.0130222296860122,4.31204363020937e-05,0.000154082745204681,0.00011820824712798,0.000136038938251251,0.000801599675836615,0.000266892057968642,7.40222316750933e-05,0.000195072023205188,0.000352209428642142,2.2874432437025e-05,0.00107183054847774,0.000198410837877673,0.000265826478817849,0.000101158980715291,7.84976641084242e-05,0.000377001903550595,0.000193367096563919,0.00583290923283132,8.65250270443988e-05,0.000600986641047302,0.000332886926707761,0.00107275405040843,5.94593166142544e-05,0.000159765834008911,0.00144520948291564,0.00378202456060488,6.64211003994359e-05,0.00124850357167924,0.0073397091906628,0.00261663616268751,6.64211003994359e-05,0.000316903239445865,0.000306318486547987,0.000136891401571886,8.6453988434346e-05,0.000171203050227423,0.00190014074169424,0.00125056369137077,7.14648417131898e-05,0.000445696239471723,0.00516358344891315,0.000351143849491349,5.05794903576453e-05,1.49181081111032e-05,0.000523838710529883,0.000475887648744194,7.84976641084242e-05,0.000634161671941994,0.0190117790540101,4.04209691200845e-05,0.048363511955656,0.00207894492319732,0.000863900536852984,0.000387799772278632,7.55140424862036e-05,9.27053861189988e-05,0.0166724065863589,0,0.00394079585407305,0.00149877259489551
0.0536107053870607,0.000618609846206719,0.000150356559841911,0.00880015465246155,0.000300713119683822,3.65151645330355e-05,0.000146060658132142,3.4367213678151e-05,0,0.0299961336884612,0.00119426067531575,0.00067230861757883,0.000760374602629092,0.0050390927055589,0.00725792593865452,0.000936506572729616,0.000247014348311711,6.87344273563021e-05,0.000146060658132142,3.4367213678151e-05,0.000429590170976888,0.000584242632528568,0.237705129306641,0.00215009880573932,0.000599278288512759,0.00741043044935132,0.000521952057736919,0.000139616805567489,0.000107397542744222,0.000738895094080247,0.000322192628232666,0.000779706160323052,0,3.65151645330355e-05,0.000137468854712604,0.000184723773520062,0.000794741816307243,0.000397370908153621,0.00477274679955323,0.000758226651774207,0.00132743362831858,0,3.65151645330355e-05,6.87344273563021e-05,3.4367213678151e-05,0.00053698771372111,0.000259902053441017,0.00846292636824469,0.00154222871380703,0.00238637339977661,0.0035892258785119,0.041133258871037,0.00302646275453218,0.000867772145373314,0.00127373485694647,0.129630982043131,0.0111242374774465,0.00181072257066758,0.000861328292808661,0.00109975083770083,0.0158561732107569,0.000358707792765701,0.000208351232923791,0.116726093306985,0.000685196322708136,0.0026784947160409,0.000829109029985394,0.000468253286364808,0.0150807629521437,0.000504768450897843,0.000659420912449523,0.000436034023541541,0.000970873786407767,0.00149497379499957,0.000107397542744222,0.00182146232494201,0,0.000627201649626257,7.51782799209554e-05,0.000356559841910817,0.00102672050863476,0.00727081364378383,0.000524100008591803,0.000141764756422373,3.4367213678151e-05,0.00282240742331815,0.0268364979809262,0.00458802302603316,0.000470401237219692,3.65151645330355e-05,3.4367213678151e-05,0.0101598075436034,7.3030329066071e-05,0.000225534839762866,0.00144342297448234,0.0142645416272876,0.000494028696623421,0.0189084113755477,0.152745081192542,0.000427442220122004,0.000412406564137813,0.0119039436377696,0.000558467222269954,3.86631153879199e-05,0.000629349600481141,0.000457513532090386,0.000384483203024315,0,0.000704527880402096,0.000332932382507088,0.000219090987198213,0.000405962711573159,0.000221238938053097,3.86631153879199e-05,0.00352693530372025
0.00121797488671205,0.00211427522716102,0.000294106460968992,0.000227999317661758,0.000266988466863387,0.000452763604906354,0.00103138395838997,0.000946654292159591,5.42922496097709e-06,0.00818924039010303,0.0172119933998628,0.000111228784951831,0.00264060061068372,0.000494200124945314,0.00148659493413366,0.00062658319575546,0.000779557938438328,2.09855016626368e-05,0.0113564758220015,0.000196296019573566,0.000251741627853803,0.00234103679405447,3.68230853570933e-05,0.510971225895366,0.00785268470392101,0.00149208042049319,0.00115670622368092,7.82314746967736e-05,6.15218393246472e-05,0.000173678937352708,0.00159757054279197,0.00183324954135708,0.000195733405587972,5.90744684873155e-05,3.74700914405258e-05,0.000345557509951516,0.000254414044285372,0.00036418003287466,0.0122175846576516,0.000724899989737921,0.00135139879339554,0.00220727531897963,0.00027359918119411,0.000442327115473595,0.000178264241335294,0.000358722677214404,2.6583510819292e-05,0.262437960555809,0.0031776156599327,0.000574963362577258,0.00357079844376471,0.000102170699783776,0.000352308877778638,0.00346353608741131,0.000200600016563356,9.2521869930848e-05,0.000229940335912056,0.000689680354239769,0.00172441186584402,0.000186872235314875,0.000610408043669647,2.86370518667082e-05,9.80636176889438e-05,0.00056182632601365,0.000259083740365798,0.000461315337487375,1.55844074009394e-05,0.000255904971347195,0.000109962903484246,0.000264653618823174,0.000842908273216154,5.61770064615091e-05,0.000964461024803625,0.0032661992319644,4.05082069627306e-05,0.000168756064978765,3.55290731902283e-05,3.96080245857811e-05,6.79075080611332e-05,0.00252813407496359,0.000579408013063446,0.000120736961308361,0.0889938864113869,0.000825270324767798,0.000183187113709237,0.000180092736788473,8.1297720918258e-05,0.000444746355611647,0.00900576206739485,7.51089670767297e-06,5.68240125449416e-06,0.00317575903378024,0.000682253849629935,9.67696055220788e-05,0.000157672569462573,0.00297352743665867,0.0010559701895604,9.95545447507665e-05,0.00023129060947748,0.000132720639201502,3.07468543126837e-05,0.000118627158862386,2.98466719357342e-05,0.000778376449068581,0.00029950755523069,0.003121016692982,8.45890127339799e-05,0.000757053379014588,0.000491443316415906,0.000110075426281365,6.89202132352014e-06,0.000229940335912056,6.30127663864699e-05,0.00012942934738578,0.000682366372427054
0.0016988271200879,0.0110556049862748,0.000801888209924208,8.52516589776856e-05,0.000146005714800864,0.000452062436877843,0.00117490504729017,0.00112558320627243,8.7538101938773e-05,0.0104193205736751,0.129101062085419,7.57792524246094e-05,0.0237228256254075,0.000474600231779989,0.00140942876815599,0.00228154344045645,0.00242591598171368,3.36433749988568e-05,0.00787320301914994,0.000304096913824618,0.000567691123767117,0.00344109665643647,0.0001110558009671,0.330672566996045,0.0947652215040614,0.000936135075210908,0.00146756974630935,1.17588495141635e-05,5.81409781533641e-05,0.000231257373778549,0.0129768703430056,0.0291681528545914,5.06283798526485e-05,8.06787730555109e-05,0.000225704583730194,0.000337087019406021,0.000215905542468392,0.00325654804600585,0.00937474277516688,0.005204924083561,0.00649905079953644,0.00253305216617606,0.000263267575233772,0.00125787026330677,0.000490931967216328,0.000525881881050091,3.23368361639497e-05,0.143912312952634,0.00153126351451107,0.000384775686880129,0.00508668231900191,0.000134573499995427,0.000263594209942499,0.00622043139299251,0.000214925638342211,8.45983895602321e-05,0.0005088968761963,0.00367006758725393,0.0102945461149414,0.000104849741501292,0.00236450865647305,0,0.000157111294897574,0.000851536685650676,0.000596761612843799,0.000421358774257527,0,0.000201533615284414,0.000184221975721895,0.000141106194169962,0.00104751751088673,2.09046213585129e-05,0.000910004298512767,0.0110640974887017,0.000136859942956514,0.000329247786396579,0.000290051621349367,4.54022245130203e-05,0.000101910029122751,0.00335225201566279,0.000990683071568278,7.28395400460686e-05,0.0648013864990116,0.000934175266958547,2.67840461155947e-05,0.000406660212364822,0.000213292464798577,0.000752239734197739,0.0195095645175409,4.89952063090147e-05,3.91961650472118e-05,0.00291880775718237,0.000992642879820638,0.000110402531549646,0.000177362646838633,0.00129249354243181,0.00146463003393081,0.000121834746355083,7.80656953856968e-05,2.28644296108735e-05,0.000314549224503875,0.000260327862855232,9.66838737831224e-05,0.000810054077642377,0.00267775134214202,0.00322617101809426,9.24376225696744e-05,0.000911310837347674,0.00053306784464208,5.22615533962824e-06,0,0.000290051621349367,0.00109977906428302,0.000164623893198289,0.00040992655945209
0.00330117195176469,0.000331688955014995,0.000114881355470443,0.00711950051949044,0.000646231439064252,0.000166892317399848,0.000114024031922157,0.00169073729539378,9.06857797743467e-05,0.161067470696443,0.00147869260445082,0.00214902436103914,0.000169750062560804,0.0483334249399421,0.0180234176974633,0.00199546818772376,0.000392082636083205,0.000230810550833238,0.00117929616975464,0.000274248277279773,0.000375698230493722,0.00331050725262381,0.000169273771700645,0.00404094691576425,0.000218141213952998,0.463134563503717,0.00472337646020061,0.00100754568558116,5.65833541869348e-05,0.00206405407158671,3.4769232791635e-05,0.000200899484815228,0.0012951301069454,0.000220236893737699,0.000992018603539965,0.00484073452814388,0.00569901065815109,2.61007391367342e-05,0.019803507158223,0.000136409702349648,6.496607332574e-05,0.000669664949384094,0.000499057563275003,9.54486883759406e-05,0.00125388331845559,0.00294271545040874,0.000158700114605107,0.0165783512277397,0.00297719890868428,0.0030193982788944,0.00338461811046462,0.000179466396108056,0.00980806716691813,0.00130465592414858,0.000693288976047999,0.000549734910795961,0.00132808943446843,0.000723104783893977,0.000568691287030305,0.000268056496097701,0.00267808824850419,0.000259483260614832,0.0047696719318081,0.00186324984494351,5.05820893489266e-05,0.0232868127349126,0.000146126035896899,0.0242187234319005,0.0012688388514646,0.00193774173547244,0.0107424545763788,0.000643945242935487,0.0013513324284442,0.00102526370557909,0.000303397277921528,0.020607390872,0.000239764819004234,0.000248147538143039,0.000357408661463602,0.00941931856685604,0.011621496987889,0.000905714699679085,0.00149221926487935,0.000701766953358836,0.00398064849286807,9.17336196666974e-05,0.00141391704746915,0.00431538570938808,0.000163844055894828,0.000279296960397463,0.000344929840927426,0.0147800674561219,0.000115357646330603,0.000371887903612447,0.00121711366405129,0.0202799885347264,0.00160881526744637,0.000301587372652922,0.00018222888309698,0.00137076509553871,0.000352836269206072,0.000414754081026792,0.00125245444587512,0.00125959880877751,0.000278439636849176,0.00599231056983724,0.00136200134371177,0.000285583999751567,0.00332108090971935,0.000553640495849268,0.000124502430845663,0.00104098130396435,3.14351967705193e-06,0.000440378529303367,0.00407562089038385
0.00298909813312736,0.00261820304133975,0.000195906073241322,0.00779798002472294,0.000420891954229403,0.000234168978171268,0.000554046863385614,0.00798419282871534,9.18309718318697e-06,0.334294327447818,0.0038548601286756,0.000591289424184095,0.000562719788503068,0.0133027366139778,0.00976775437051654,0.00124941138897916,0.00442574267023039,6.68325406109719e-05,0.00189018750353932,0.000330591498594731,0.00402780845895895,0.00308501048148509,0.00018570263192667,0.00587718219723966,0.000619348887799388,0.0476005842490497,0.125802309344873,0.000274472571364144,0.000109686994132511,0.0036640557760916,0.000257126721129235,7.75461539913567e-05,0.000369874747656142,0.000113768370658372,0.000111217510329709,0.00213966164368256,0.00137848492160951,0.000136215941550607,0.0229863125936485,0.000586187703526768,0.000249474140143246,0.00238454423523422,0.00105554600400077,0.000259677581457898,0.0335274878158156,0.00116268213780462,2.60187753523631e-05,0.0307434788531128,0.00622256868574064,0.00379721068524781,0.0106222925806187,0.000247943623946048,0.00344468178782658,0.00821683129068941,0.00264065061223199,0.000309164271833961,0.000563229960568801,0.00219118902232156,0.0023733204497881,0.000216823127936359,0.00361456908571554,0.000135195597419142,0.00100095759296738,0.00361303856951834,0.000261718269720829,0.0106268841292103,0.000134175253287676,0.0433120778645014,0.00198354899156839,0.0017412172603454,0.0200548639039489,0.000366813715261746,0.00101116103428203,0.00363038441975325,0.000325999950003138,0.00395383350942772,8.6219079108811e-05,0.000386200253759586,0.00024641310774885,0.0758411589476783,0.0033574423645863,0.00109278856479925,0.00264728284908651,0.000804541347660325,0.00224475708922348,0.000186212803992403,0.00188508578288199,0.0166515060534466,0.00106013755259236,0.000102034413146522,0.000131624392959013,0.00951215816558451,0.000302021862913705,0.000365793371130281,0.000562719788503068,0.0131017288200791,0.0311786556251827,0.00047905156972292,0.00113360233005786,0.000816275305172175,0.000204068826293044,0.000786175153293951,0.000281104808218668,0.00204732049978496,0.000151521103522585,0.00639959839254986,0.000497927936155027,0.000708628999302595,0.0031946974756176,0.000199987449767183,8.3668218780148e-05,0.000439258148595777,8.67292511745436e-06,0.000412729201177681,0.00184529236175485
0.000505449815557189,3.98022408275156e-05,0.000108586695849824,0.000663885919822057,0.000595487894322346,0.0001820083051433,0.000291754289560916,0.000402659562546323,0.000146843218586951,0.0110468607624873,0.000685525973087502,0.00186529530557687,3.4005797988557e-05,0.00240011376485145,0.00362239034482652,0.00355824304407538,0.000140273916702798,0.000223742693583801,0.000580417142941053,0.000203648358408745,1.97079056524592e-05,0.00466420433774868,8.42416359261981e-05,0.00114885497068159,9.35159444685319e-05,0.00951659985300221,0.000754310428109811,0.148892067915761,6.41473007511417e-05,0.000148775366199937,4.5212254143877e-05,7.2648750248281e-05,0.0317988989850042,0.000387202381642434,0.000389520958778017,0.165885306171975,0.0325470265407525,0,0.031323204242687,6.49201597963362e-05,8.15366292680175e-05,0.000506609104124981,0.000181621875620702,0.000127135312934492,0.000224901982151593,0.00256241416434229,0.00398756624368091,0.00325025871456538,0.00353505727271954,0.0340146858675768,0.000833142050719648,4.44393950986825e-05,0.00571336049160018,0.000431255347218519,0.00132429397394074,0.000149548225245132,0.00263622220315837,7.22623207256837e-05,0.000239199874487691,0.000287889994334943,0.00071528104632749,0.00130922322255945,0.00753846712682694,0.000761652589039158,1.31386037683061e-05,0.0025059954540431,0.000250406330643011,0.00175941361638523,0.000347400140814918,0.00123039159994961,0.00101978751013411,0.000609012927613249,0.00182703878283975,4.75308312794604e-05,0.00045212254143877,0.00667441071429951,0.0005039040974668,0.000263931363933914,0.000615195799974805,0.000803000547957063,0.190583176249732,0.000723782495824629,0.000504676956511994,0.000298710020967666,0.0131571523853908,0,0.000756629005245394,0.000866761419185607,0.000132545326250853,0.00170260847656344,0.000308370759032597,0.0288999047064797,0.000129840319592672,0.00199745420230513,0.0158857312444499,0.132980445893298,0.000214468385041468,0.000231084854513149,7.14894616804892e-05,0.00130883679303685,0.00155190096275051,6.41473007511417e-05,0.000494629788924466,0.00142437922029342,6.18287236155583e-06,0.00695804998388589,0.00387279667546953,0.000305279322851819,0.00643791584647,0.0234609091759236,0.000738080388160727,0.00282557266923101,0,0.000958345216041153,0.0155000745808979
3.24019673712189e-05,0.000117218881960586,3.24019673712189e-05,0.000165821833017414,0.0156225132681291,0.0288463279517478,0.0042742006958799,0.00103495695779834,0.000179163819582034,0.00271032927069842,0.000675676319593946,0.00102161497123372,0.000207753790791933,0.000263980734171401,0.00161533337335929,0.00109308989925847,0.00028780571017965,0.000494606501931253,0.00671197224104395,0.0281201426830163,1.52479846452795e-05,0.0270489717616854,5.14619481778182e-05,0.00477643119013379,0.000325925671792849,0.000891054102708519,0.000177257821501374,0.00156863642038312,0.0839163304962552,0.00391777905479649,6.48039347424377e-05,0.000117218881960586,0.000923456070079737,0.000672817322472956,0.00028589971209899,0.0024901864923822,4.86029510568283e-05,0,0.45006427978527,0,0.000109594889637946,0.00206896091655636,0.00179449719294133,6.38509357021077e-05,9.91119001943165e-05,0.00319540578222638,3.24019673712189e-05,0.0152718096212877,0.104462989805769,0.00153623445301191,0.000643274352222727,0,0.00394541602696606,0.000244920753364801,0.0749981654768474,0,0,6.09919385811179e-05,0.000173445825340054,0.00112167987046837,9.52999040329966e-05,0,0.000101017898274976,0.000314489683308889,0,0.000389776607494956,0.000180116818622364,1.71539827259394e-05,0,3.33549664115488e-05,0.000236343762001832,0,0.0215701802788285,3.43079654518788e-05,0.000228719769679192,0.000628026367577448,0.000140090858928505,0.000264933733211731,4.86029510568283e-05,0.00159722639159302,0.00701597893490921,0,0.00148858450099541,0.0419481587582041,0.00156863642038312,0,0.000418366578704855,0.000141996857009165,0.000483170513447293,4.76499520164983e-05,0.000108641890597616,0.000833874160288721,0.00197937900676534,0,8.10049184280471e-05,0.00261884136282675,0.000811002183320801,4.76499520164983e-05,0,0.000186787811904673,0.000982542010580195,0,0.000216330782154902,0.0044238215452117,0,0.00849598644454165,0.000768117226505953,0.00829871564319335,0.000193458805186983,1.62009836856094e-05,6.09919385811179e-05,0.00793657600786796,0,0.0016505943378515,0.000610872384851508
0.000418178765723894,0.000293251147032794,0.00015122816999449,0.000655322069976123,0.00232102365252413,0.000661897207801971,0.000750880739711772,0.00612452171351598,4.47109372157623e-05,0.00778408650075987,0.000528202738676407,0.000650061959715446,9.11752445184172e-05,0.00162318235794086,0.0255992032686325,0.000183227174080281,0.000444917659549007,0.000471218210852396,0.00373160988742926,0.00472577072669738,2.98072914771748e-05,0.0376124184189774,9.77503823442646e-05,0.0029110326867635,5.39161301719486e-05,0.00596365000804358,0.000417302080680448,0.000708799857626349,0.00132730115577773,0.0900368689895021,9.51203272139256e-05,9.99420949528804e-05,0.000266512253207681,0.00134176645899459,0.000255115347642879,0.00179676599654323,0.000157364965298614,1.49036457385874e-05,0.514998985237062,0.000155173252689998,0.000191555681993021,0.00395341120342118,0.0156352394073434,0.000137639551821072,0.000149913142429321,0.00430934533106038,7.89016539101687e-06,0.00984035127016321,0.0083657670270865,0.0019418573712336,0.00122779740334657,0,0.060242727787979,0.000366892690682284,0.00614687718212387,0.000120544193473869,0.000468588155722058,0.000158241650342061,0.000416425395637002,0.00042869898624525,0.000339715454335449,8.28467366056772e-05,0.000220047945905026,0.00029412783207624,0.000104763862691835,0.00478231691199967,0.000196815792253699,0.000367769375725731,0.000127557673821439,9.64353547790951e-05,0.00250819590929992,9.59970122573719e-05,0.00337129233457282,0.00142417485307855,0.0004466710296359,0.00014289966208175,0.000718443393104258,0.000111339000517683,0.00016788518581997,0.0051991806501584,0.00398146512481146,5.08477325198865e-05,0.00129749386430055,0.0576266996183352,0.00405861340863473,3.0245633998898e-05,0.000543544726936718,0.000378289596247087,0.0001608717054724,4.51492797374854e-05,7.89016539101687e-06,0.00180772455958631,0.00198744499349281,4.9532704954717e-05,0.000199007504862314,0.00360668226873816,0.000848192779534314,0.000142461319560027,0,1.44653032168643e-05,0.000383988049029488,7.89016539101687e-06,0.000374344513551578,0.00498220110190543,0.000137201209299349,0.0164689668836608,0.00143951684133886,0.00191643350497365,0.000231883193991551,0.000178843748863049,5.12860750416097e-05,0.0413457816764936,0,0.00427077118914874,0.000871863275707364
0.0049545582741929,0.00828829451073161,0.000520320710951485,0.000598599047997283,0.000134684785799389,0.000879480139749855,0.00135490592210154,0.00192357501769896,0,0.00818929543740899,0.125214258168862,0.000294694915937124,0.0534479880740651,0.000844945579288473,0.00242893075245051,0.000277427635706433,0.00686201716367655,1.84184322460703e-05,0.0060159204323727,0.000233683859122016,0.00202487639505235,0.00190861004149903,0.0003016018280294,0.157631850073961,0.0632258732926977,0.000856457099442267,0.000648098584658597,4.02903205382787e-05,2.0720736276829e-05,0.000771271850304192,0.0906417096909732,0.0520930821519636,1.84184322460703e-05,0.000115115201537939,3.68368644921405e-05,0.00172903032709985,2.0720736276829e-05,0.0135974076056614,0.0154795411508067,0.0508245126310155,0.0432430254577268,0.00224819988603595,0.000272823027644916,0.000957758476795653,0.000617017480243354,0.000390240533213613,0.00020720736276829,0.0718813852963353,0.00305285514478614,0.00283068280581792,0.00514795181277664,0.000204905058737532,0.00024634653129119,0.00644990474217073,0.000314264500198574,0.000444344677936445,0.00245425609678886,0.00944405113417252,0.0571155583950639,0.000192242386568358,0.0055186227617288,0.000115115201537939,0.000389089381198234,0.00189709852134524,0.00658113607192398,0.000742493049919707,0.000145045153937803,0.000155405522076218,0.000405205509413546,9.20921612303513e-05,0.000702202729381428,0.000269369571598777,0.000636587064504803,0.0060435480807418,3.68368644921405e-05,0.000564064487535901,4.14414725536581e-05,0.000385635925152096,5.87087527843489e-05,0.00503974352333097,0.00121101192017912,0.000772423002319571,0.0322138379983769,0.00128353449714802,5.98599047997283e-05,0.00181882018429944,0.00183493631251475,0.00152872987642383,0.0113745330639638,0.000110510593476422,0,0.0041671702956734,0.000626226696366389,0.000227928099045119,0.00137792896240913,0.00476576934367068,0.00293889109526359,0.000633133608458665,0.000233683859122016,0.000658458952797012,0,0.00081271332285785,0,0.000379880165075199,0.00767588163854978,0.00519169558936105,0.000240590771214293,0.00187062202499151,0.000854154795411508,0.000149649761999321,5.52552967382108e-05,0.000476576934367068,0.00152988102843921,0.000381031317090578,0.000542192599243693
0.00127054302802425,0.0366262434277805,0.00176033908693062,0.000568989797780509,0.000619777086841099,0.000792798190250906,0.00100541616309778,0.00124644058575821,9.72705705736726e-05,0.0117843726650759,0.303656340491759,2.92672513230519e-05,0.0303234547752103,0.000987339331398251,0.00172332462202206,0.000541444149476461,0.00262200139794165,1.4633625661526e-05,0.00527068764267785,0.000180768316995321,0.00136609199557892,0.00138158642274995,4.47616784940794e-05,0.13644048246203,0.0581161531124861,0.00300936207721734,0.000431261556260265,5.76737011366023e-05,5.50912966080977e-05,0.000453642395507305,0.0237211071973336,0.0916168262592665,9.6409769064171e-05,0.00025910125435996,5.85345026461038e-05,0.000857358303463521,0.0002255299954894,0.0172409934338061,0.0103451125411894,0.00835063544367431,0.0134646572116229,0.00187568648920383,0.00019712354567585,0.00433327479883069,0.000218643583413388,0.000544026554004965,0,0.0649259538541527,0.0024825515534024,0.00497801512944733,0.003382949932341,2.84064498135504e-05,5.85345026461038e-05,0.00418263453466792,0.000331408581158088,7.48897313266329e-05,0.000271152475492981,0.00435737724109673,0.0131013989746132,0.000335712588705596,0.0044537870101609,2.75456483040489e-05,0.000117069005292208,0.00139277684237347,0.00108030589442442,0.000823787044592961,1.37728241520244e-05,0.000909867195543114,0.000858219104973022,0.00024791083473644,0.00266159826737872,8.60801509501527e-05,0.00141257527709201,0.0207530635925723,4.13184724560733e-05,0.000204009957751862,0.000233277209074914,2.75456483040489e-05,4.13184724560733e-05,0.00413356884862633,0.000643018727597641,0.000274595681530987,0.0410894992545459,0.000655069948730662,0.000158387477748281,0.00137383920916444,0.000509594493624904,0.00309458142665799,0.0134939244629459,0,0,0.000964958492151212,0.000785050976665393,0.000116208203782706,0.0061452619763314,0.00268311830511626,0.0018025183608962,0.0002255299954894,2.75456483040489e-05,0.000165273889824293,5.50912966080977e-05,0.00038305667172818,0,0.000624941895898109,0.0016338012650339,0.00375481618444566,0.000133424233972737,0.00137556081218344,0.000321939764553571,0.00154772111408375,0,0.000143753852086755,0.00162088924239138,0.000104156982649685,0.000179907515485819
0.000943067124444585,2.04475789137131e-05,9.91397765513361e-06,0.000712567143962728,0.000482686787084318,8.79865516893108e-05,7.43548324135021e-05,0.000229880356878411,0.000202616918326793,0.0108198673633714,0.000436834640429325,0.00661758008480169,2.04475789137131e-05,0.00301322958355717,0.0046069014916199,0.00193446488995795,4.46128994481013e-05,0.0020311261720955,0.000472772809429184,9.91397765513361e-06,3.09811801722925e-05,0.00372393785670956,8.42688100686357e-05,0.00102609668730633,0.000104716388982349,0.0120746051603493,0.000451705606912025,0.0240946834435954,0,0.000441791629256892,2.10672025171589e-05,2.10672025171589e-05,0.366586053635858,0.00209246890883664,0.000956079220116948,0.020213980815214,0.0044352657534654,0,0.0407005960159442,0.000321584650188397,0.000131979827533966,0.000318486532171167,0.000163580631309705,7.55940796203938e-05,0.000270155891102391,0.0122710258426416,0.0069744832803865,0.00373509108157159,0.00413598755300105,0.00554377238003003,0.000548366889049578,4.21344050343179e-05,0.00633874946325105,0.00043001878079142,0.000912705567875738,0.000127642462309845,0.00189233048492363,8.55080572755274e-05,0.000452325230515471,5.20483826894515e-05,0.000955459596513502,0.000788161223583122,0.00954468198747989,0.000917042933099859,4.02755342239803e-05,0.00226968125942215,0.000396559106205344,0.000873049657255204,0.000199518800309564,0.00040771233106737,0.00121136414473664,0.000295560458843671,0.000796216330427918,0,0.000850743207531153,0.00467691895880928,0.000907748579048171,0.000128881709516737,0.000646267418394022,0.00111470286259909,0.244817003463076,0.000431877651601758,0.000404614213050141,0.000670432738928411,0.0190682967724426,3.09811801722925e-05,0.000490122270325668,0.000628298333894093,8.36491864651898e-05,0.0134960217066541,0.000749124936566034,0.00910784734705056,8.3029562861744e-05,0.000499416624377356,0.00802846302984789,0.0321634220076672,0.000301137071274683,0.000244131699757665,0,0.000677868222169761,0.012552334958606,0,0.000650604783618143,0.00142885202954613,3.22204273791842e-05,0.00631086640109599,0.042355610660748,9.17042933099859e-05,0.0019635871993199,0.00466576573394726,0.00146664906935633,0.00371836124427855,0,0.00703520639352419,0.00407774293427714
0.000324770147319569,6.70287281937194e-05,0.000163582015234672,0.000802748816224782,0.00329158933094158,0.00029444762742241,0.000228216860278616,0.000726942516481886,0.000110916585939607,0.00205953746985702,0.00312321954940735,0.00177306945293386,8.45838712920745e-05,0.000549795163398484,0.00201086184581158,0.000988673740857361,0.000173157547833775,0.00151931783905764,0.00256384885340977,0.00103176363755332,2.55347535976074e-05,0.083639085408963,4.06960135461868e-05,0.00172598975098827,0.000457231681607157,0.00240824644867435,8.2987949192224e-05,0.000503513422502821,0.000604854475843325,0.00197415563751502,0.000104532897540205,0.000260933263325551,0.00451725750362673,0.1072547426815,0.000703801646034054,0.00132301942077603,9.09675596914764e-05,0,0.370238765905359,4.1493974596112e-05,9.57553259910277e-05,0.00161666908714852,0.000475584785755438,0.000191510651982055,4.06960135461868e-05,0.06232714168756,6.62307671437942e-05,0.00806738621474409,0.00585942798960097,0.000503513422502821,0.000555380890747961,2.63327146475326e-05,0.0160134823498995,0.000322376264169793,0.00379111294819477,1.35653378487289e-05,0.000179541236233177,7.89981439425979e-05,0.000215449483479812,0.000820303959323138,0.000171561625733925,2.55347535976074e-05,0.000411747901761419,0.000146824833186243,1.27673767988037e-05,0.000980694130358109,0.000507503227752447,7.74022218427474e-05,1.27673767988037e-05,2.87265977973083e-05,0.000497927695153344,0.000123683962738411,0.00334664864338642,0.000108522702789831,0.00370732703795262,0.000320780342069943,0.0272415922833975,0.000165177937334523,9.73512480908782e-05,0.000551391085498335,0.00808095155259281,0.000109320663839757,0.000391798875513288,0.00306895819801244,0.00137169504482147,1.27673767988037e-05,0.000280084328523756,0.000353496745116877,0.000232206665528242,0.000122886001688486,0.000494735850953643,0.000869777544418502,0.000947179766261249,8.21899881422988e-05,0.000125279884838261,0.00175391838773566,0.000121290079588635,1.35653378487289e-05,2.55347535976074e-05,0.000450847993207756,0.00251597119041425,5.58572734947662e-05,0.00082987949192224,0.00924517672443373,1.43632988986542e-05,0.0455077186772359,0.0271617961784049,0.00126317234203164,0.000209863756130336,7.82001828926726e-05,0.000300033354771887,0.063127496620635,0,0.0923224975542494,0.000777214062627175
2.13565230094869e-05,3.18800271011182e-05,1.57852561374469e-05,0.000144852938673042,0.000108330189178557,5.26175204581562e-06,0.000115449030181719,3.65227494944849e-05,0.00178528151766262,0.00211955752998502,0.00010368746678519,0.151561053501804,5.57126687204007e-06,0.000259682939202312,0.00056981679507921,0.0510993502355253,0,0.00527753730195307,0.000164661887551407,3.74512939731583e-05,8.32594882543766e-05,0.00104368399402884,3.5903719842036e-05,0.000288158303214961,4.95223721959117e-06,0.00117894197308892,0.000147948086935286,0.000112353881919475,2.19755526619358e-05,6.53076283333586e-05,0,0,0.000669790083949706,0.000132781860450288,0.381373645369674,0.000712812644794905,0.000103377951958966,1.02139892654068e-05,0.0112103174910233,0,1.11425337440801e-05,0.000210470081832625,4.95223721959117e-06,4.24035311927494e-05,3.71417791469338e-05,0.00573685730407015,0.000422797252622596,0.000648433560940219,0.000527722778712685,0.00719683873937087,0.000102139892654068,0,0.000642552779241955,0.000276396739818432,0.000210779596658849,4.67367387598917e-05,0.000248849920284456,1.60947709636713e-05,1.60947709636713e-05,0.000111425337440801,0.000154447898286,0.00206694000952687,0.000133091375276513,0.000127210593578248,0,0.000129377197361819,0.00370210683647063,0,1.54757413112224e-05,0.000113901456050597,2.59992454028537e-05,0.0655375978492434,0.000108330189178557,1.05235040916312e-05,0.000557745716856456,0.000167757035813651,0.000382869840039643,0.0785322683134506,0.00187596936174638,5.16889759794829e-05,0.000640076660632159,0.000113901456050597,5.50936390679518e-05,0.00017951859921018,0.00144357714951083,0,0.000147019542456613,0.000259373424376088,4.79747980647895e-05,0.000830428278760195,0.00585106827494697,0.00207220176157268,0.000105235040916312,0.0017116169890212,0.00279677596976412,0.00665766391208788,8.29499734281522e-05,1.11425337440801e-05,5.57126687204007e-06,0.0486903963430204,0.00172740224515865,7.52121027725409e-05,0.130168936287302,0.000808452726098259,0,0.00395590899397468,0.000781215421390508,9.90447443918235e-06,0.000228731456579867,0.00034510903124026,0.00486433500894343,0.000957638872338443,0,0.000996018710790275,0.00251790311133589
0.000531450180882302,4.9439059853591e-05,3.46940770902393e-05,0.00106029830598284,0.000267065543419638,5.8270279476561e-05,3.20920213084713e-05,0.000525772968267535,0.000124504426648836,0.0128745777573118,0.000504641121312572,0.00152464698776561,2.51532058904235e-05,0.0020978089113314,0.00296145488035274,0.00551533320507038,2.69667599201405e-05,0.000157779200585384,0.000281810526182989,3.02784672787543e-05,6.66283980483005e-05,0.00273933393680001,0.000184745960505524,0.000554553282217393,1.86086413484011e-05,0.0066357941947347,0.00047688585964038,0.0190986951873007,1.30102789088397e-05,0.000259259376074334,3.92673872521345e-05,4.1475192157877e-05,0.00251374358553825,0.000119379165260505,0.000519543804426333,0.351689365003769,0.0202317722049978,2.79129620226016e-05,0.0171100937686284,0.00012765843365704,4.42349482900551e-05,0.00029608240789511,0.000157306099534153,4.13963419826719e-05,0.000167872023011635,0.00114750659975966,0.000743872552884812,0.00329286216673973,0.000825403634046875,0.0642710143601939,0.000784638093465844,0.000328884080780427,0.00267798850049045,0.000381871398518248,0.000542331505060604,0.000324705021494558,0.00444573057841335,0.000293243801587727,0.000246327947340699,5.50374222931523e-05,0.000753098023383808,0.000836127257874767,0.00168621099676083,0.00159545444509978,3.06727181547797e-05,0.00134991499951113,5.90587812286119e-05,0.00062252213324418,0.000619920077462412,0.0025191842476274,0.000873344540571569,0.000612902411869159,0.000510397184102543,0.000149105681312824,9.94300709336176e-05,0.00342667091406277,0.000112755750543278,0.000386996659906578,0.00121263684447907,0.000708863075093753,0.0203778027294777,0.0010906556234368,0.00027826226829876,0.000386838959556168,0.00366487729335735,2.15260978309894e-05,0.000930984018646489,0.000889351126138202,3.84788855000836e-05,0.000666283980483005,8.72871439520339e-05,0.0750270456100953,7.14382587358109e-05,0.00140171956462087,0.00631589903392765,0.266477557663133,0.000250270456100953,0.000127579583481834,0.00015044613429131,0.00151084820710472,0.00046821234036782,0.00030940808750477,0.0010799319996089,0.00175488949936447,0.000101243624963335,0.00538357456230268,0.00138941893728888,3.57979795431105e-05,0.0200227403905291,0.0102758336829024,0.000489423037497989,0.00103948185972869,1.41930315369161e-06,0.000181040002270885,0.0273170912485768
0.000373205065284465,0.000100402070660599,6.86961536098838e-05,0.00237265945929522,0.000301866751920355,4.49167158218471e-05,2.24583579109235e-05,0.000544945449309174,0.000180327403225945,0.0388437116267579,0.00101128664593012,0.000969672629801052,6.80356136713272e-05,0.0103889721536178,0.00484572098925103,0.00369373933640837,0.000209391160522434,0.000210051700460991,0.00190103394316582,0.000152584725806569,7.72831728111193e-05,0.00472748434024941,6.67145337942141e-05,0.00342886282104718,6.86961536098838e-05,0.0578672618571873,0.00188980476421036,0.0313241249662299,5.54853548387523e-05,0.000309793231183034,5.94485944700917e-05,0.000297903512289015,0.00600695020123349,0.00018891442242718,0.000204767380952538,0.22375328040647,0.139537080400261,3.36875368663853e-05,0.0207033032941787,0,1.12291789554618e-05,0.000711401513825431,0.000175043083717492,6.73750737327706e-05,0.000416800701229199,0.00184554858832707,0.000428029880184661,0.0148258189209023,0.00151263645929456,0.0247022120822002,0.00191424474193695,6.73750737327706e-05,0.00408543951997242,0.000859362460062104,0.000408213682027963,0.000179006323348832,0.0036171167035358,0.000275445154378092,0.000885784057604367,0.000244399777265933,0.000663182098310801,0.000902958096006838,0.0164890584861878,0.00114471571351854,0,0.00386019540092462,1.05686390169052e-05,0.00397578989017203,0.000529753030722373,0.0143528723248958,0.00251731770583911,8.98334316436942e-05,0.000584577845622569,0.000203446301075425,0.000120218268817297,0.0272380249063189,0.000112291789554618,5.81275145929786e-05,0.00111300979646783,0.00457952339401273,0.0761846948932997,0.000583256765745456,0.00181186105146069,0.000342820228110862,0.00483845504992691,5.54853548387523e-05,0.000825014383257162,0.00126757614209007,0.000205427920891095,0.000404250442396624,5.41642749616391e-05,0.0579201050522718,5.48248149001957e-05,0.000780758207373872,0.00296648486405758,0.108197763015444,0.000490120634408979,0.000192217122119963,3.36875368663853e-05,0.000418782321044869,0.000433314199693113,0.000330269969278287,0.00069224585560729,0.00103308446390248,3.23664569892722e-05,0.00550626092780761,0.002877972512291,0.000162492824884917,0.0215481338755926,0.00362570372273704,0.000223262499232122,0.00167843198387226,0,0.000630155101382973,0.010916083024586
0.00144390934104965,0.0584333873591246,0.00328648842987907,0.000642220720968869,0.000278343969358968,0.00036677616795739,0.00142216371844348,0.00123515136403042,0,0.00574664320072369,0.244881805292595,0.000150769650069441,0.00638741421351882,0.000735002044088525,0.00126559523567906,0.00100754718075251,0.00115251799812698,0.000331983171787519,0.00434767481306013,0.00352424057037318,0.000839381032598138,0.001214855449598,0.000398669747779772,0.0532202367663389,0.0208236082076678,0.000972754184582643,0.0007147061296561,0.000420415370385941,0.00155553687042798,0.00036677616795739,0.0230692061687982,0.0492494860784524,0.000273994844837734,0,2.60947471274033e-05,0.000682812549833718,0.000263846887621522,0.125937598761369,0.00734277190001653,0.00815460847731352,0.0770142970220095,0.0023195330779914,0.000259497763100288,0.00326039368275166,9.42310312934007e-05,0.000916215565806603,0,0.0376286253577155,0.00299799650330388,0.00110322792021966,0.00678753366947234,0.000140621692853229,0.00019426089528178,0.00429983444332656,0.000307338132833861,0.000503048736289385,0.000600179183930275,0.00352134115402569,0.00784147151178468,2.46450389536586e-05,0.00391711148545798,0,0.000336332296308753,0.00144535904922339,0.00336767208760876,0.00059872947575653,0,0.000297190175617648,0.000234852724146629,0.000168166148154377,0.000636421888273891,0,0.000778493289300864,0.126700145260759,4.92900779073173e-05,0.000260947471274033,2.60947471274033e-05,2.60947471274033e-05,0.000165266731806887,0.0035343885275894,0.00115541741447447,0.000120325778420804,0.0295725970362166,0.00117861274525438,0.000475504280988237,0.000607427724798998,0.000565386187760404,0.000994499807188813,0.0045056930039983,0.000279793677532713,0,0.00325459485005668,0.00100464776440503,0.000405918288648495,0.000239201848667863,0.00220935525678681,0.000823434242686947,0.000865475779725541,0.000246450389536586,0,0,0.000430563327602154,0,0.0007147061296561,0.000894469943200434,0.00479853405509471,0,0.00123805078037791,0.000440711284818366,2.3195330779914e-05,0,0.000168166148154377,0.0177835701673253,9.56807394671453e-05,0.000384172666042326
0.000320969224565335,0.000114208908283981,5.58459288326935e-05,0.000398545086795964,0.00469525914240319,0.000566209631238865,0.000321530581178115,0.000689871060550948,4.93269488133129e-05,0.00429771001088796,0.000966384463039674,0.00156135003947514,7.89339830679997e-05,0.000670875477105587,0.00322104613585377,0.00132465673993813,0.000116291360234617,0.000448723124667362,0.00298154605325286,0.00155229590055933,5.58459288326935e-05,0.0830119310191232,5.25683305451716e-05,0.00290891375087026,0.000158157698581305,0.00222666627528642,0.000224741836168145,0.000894331625547687,0.0017533340010459,0.0047586743313695,9.54125158947672e-05,9.50322420603034e-05,0.000542270487945473,0.00168405173006215,0.000421705574142596,0.00265534353639419,0.000290909483364858,1.63336666041146e-05,0.710425748609334,6.26546412973799e-05,0.000128079849102996,0.00259859219366991,0.000998472331357292,6.33427558549812e-05,0.000109971571271384,0.00549942965262728,8.09440019073087e-05,0.0100220625824617,0.0123438335329198,0.00188309791998723,0.000989834682831612,1.33458007618985e-05,0.00805238898616153,0.000387100655206384,0.0114813905846335,9.59919807853788e-05,0.000266173575846875,0.000194881286023816,0.000204297590496254,0.000577654062828445,0.000222949116662815,9.67344201764749e-05,0.000212808481077112,0.00038121546491111,1.30560683165927e-05,0.00103595646646873,0.000202722170324904,0.000254276437311505,0.000129166345772893,9.47062930593343e-05,0.000519417841321978,0.000229884587072323,0.00514110305089532,0.000127663358712869,0.000538884239990962,0.000214909041305579,0.000641087360072584,0.000128876613327587,9.0468956046737e-05,0.00127359139645298,0.00385456423579274,0.000142874312091424,0.00122230875363386,0.0102762122618284,0.00278416582488828,2.66191684124706e-05,0.000286798904297082,0.000329769847591499,0.000142113764422496,0.000117088124459208,0.000256376997539972,0.00501030696011759,0.00106279293421518,0.000160837723700384,0.000579338132666785,0.0102091029841844,0.000378734630848179,4.9978846815251e-05,2.87197286409377e-05,0.000619466076341638,0.00054178156444402,2.77056650823674e-05,0.000501327671768197,0.00851742766915517,0.00021244631552048,0.0240308979371647,0.00176265976412918,0.000704792281484197,0.000338642903728989,0.000182621981931814,0.000124240894202695,0.0160757866195146,2.98786584221609e-06,0.00347709718439277,0.00165484307791976
0.0329786349571728,0.00323645990786457,0.000502848305090688,0.0012671376612345,0.000614035878527075,0.000342577928966166,0.000658110231961319,0.00160971559020067,0,0.0221193152848856,0.0732766176539823,8.0135188062261e-05,0.0190982186949384,0.00290289718755541,0.0019352647917036,0.000341576239115388,0.0149021399100282,1.60270376124522e-05,0.00331058495682216,0.000261441051053127,0.00310924529681573,0.00769498143367862,0.000327552581204492,0.0977839615431233,0.0210034327911186,0.0040688641738613,0.000960620566896354,1.80304173140087e-05,0.000102172364779383,0.00205646926364777,0.0520267691595722,0.0209283060523102,1.60270376124522e-05,1.70287274632305e-05,0,0.000336567789861496,0.00021937007732044,0.00402679320012862,0.00625755649781181,0.185916641373998,0.0362942283632488,0.000850434683310745,0.000574969974346723,0.00168784739856137,0.000383647212848075,0.00106780138092963,0.00019032107164787,0.0442356255002189,0.000874475239729423,0.000567958145391275,0.00408589290132453,0.000398672560609749,0.00102673209704772,0.00402879657983017,0.00261140544097893,0.000152256857318296,0.00102372702749538,0.0197613373761536,0.110866030994287,3.60608346280175e-05,0.0128086081219016,1.80304173140087e-05,0.000200337970155653,0.00220872612096607,0.0248739623745258,0.00167783050005359,3.20540752249044e-05,0.000575971664197501,0.000811368779130393,0.000319539062398266,0.000916546213462111,0.0002073497991111,0.000442746914043992,0.00912639623044075,0,0.000430726635834653,1.70287274632305e-05,0.00012120447194417,6.41081504498088e-05,0.0079444022065224,0.000526888861509366,0.000274463019113244,0.0167783050005359,0.000791334982114828,0.0011058655952592,0.013715137436856,0.00123808865556193,0.00807061512772046,0.00425918524550917,1.60270376124522e-05,4.80811128373566e-05,0.0027696724374019,0.00016728220507997,6.91165997037001e-05,0.00019032107164787,0.0022397785063402,0.00783621970263835,0.0014053708606419,0.000528892241210923,0.000186314312244757,1.80304173140087e-05,0.000572966594645166,3.20540752249044e-05,0.00192224282364349,0.0473889451504688,0.00465685611626814,6.51098403005871e-05,0.000878481999132537,0.000413697908371423,0.000324547511652157,3.60608346280175e-05,0.000691165997037001,0.000525887171658588,4.90828026881349e-05,0.000368621865086401
0.00192747564775013,0.00535601609023149,0.00105000591552628,0.000531164964309658,0.00092306858066806,0.000667961509642308,0.00150352959734984,0.00132236660488228,0,0.0065304945379974,0.104866259809914,0.00112394999408447,0.0150291339669519,0.00071972236463304,0.00135317663761486,0.00187078518752218,0.00330283550893244,7.88736837954017e-05,0.0137659226249162,0.00213698387033166,0.00099331545529834,0.00137535986118232,0.000208275821272233,0.136770664905154,0.0379468687147533,0.00154666364317545,0.00107711874433095,4.43664471349134e-05,0,0.000284684702449028,0.0477382971171669,0.0329667350238593,0.000266198682809481,2.21832235674567e-05,0.000902117758409907,0.00119419686871475,0,0.0441310584848365,0.0102042828410301,0.0406458275821272,0.197467661789644,0.00166250936624995,0.000324121544346729,0.000876237330914541,0.000931695389833182,0.000857751311274993,6.40848680837639e-05,0.0802354872421816,0.0028148045904484,0.0012126828883543,0.00302184801041133,0.000209508222581536,0.000740673186891194,0.00412977678747486,0.000815849666758686,0.000305635524707181,0.000830638482470324,0.00266568403202272,0.0306609121741531,0.000667961509642308,0.00479527349449856,6.28524667744607e-05,0.000155282564972197,0.00271621248570414,0.026635889497969,0.00036355838624443,5.91552628465512e-05,0.000579228615372481,0.000624827463816698,0.000612503450723666,0.000932927791142485,0.00143821232795678,0.00153064242615451,0.0325945498284497,0.000188557400323382,0.000505284536814292,2.21832235674567e-05,0.000256339472335055,0.000170071380683835,0.00401269866309106,0.00169208699767323,0.000415319241235162,0.0189617265449383,0.00161444571518713,0.000193487005560595,0.00642574042670663,0.00115845723074496,0.00184860196395473,0.00663031904405095,2.21832235674567e-05,0.000197184209488504,0.00153433963008242,0.000729581575107466,0.000266198682809481,0.000170071380683835,0.00143451512402887,0.00220106873841543,0.000528700161691052,0.000168838979374532,0.000338910360058367,3.94368418977008e-05,0.000552115786567812,3.94368418977008e-05,0.000703701147612099,0.00424685491185866,0.00600549158023426,0.000435037662184012,0.00129771857869622,0.000617433055960879,0,3.94368418977008e-05,0.000244015459242024,0.00739440785581891,8.1338486414008e-05,0.000642081082146942
0.00261779419882156,0.000439932436144395,0.000175275361080324,0.00112228552094715,0.00114582997243555,0.00116675837375858,0.0164636757074454,0.0370598386594661,2.26724347666091e-05,0.0173221761700502,0.00569165314314067,0.000896869198363748,0.000848472270304255,0.00165377971287977,0.0060679283585942,0.000239368590132084,0.00110266514470681,0.000380635299062495,0.113698336279296,0.00733148058847176,0.000238932581771188,0.00689460021085364,0.000167863218945087,0.0223476085377413,0.00107694065141393,0.00455803140481022,0.00401302095368981,0.000484405288955821,0.000562450785556264,0.00213338890986574,0.000553294609977441,0.000548062509646685,0.000109438098584978,0.000280789384417236,0.000668400817254072,0.000762578623207679,0.000354038789047819,0.00012469839121635,0.0629539392047382,0.000333546396085691,0.000737290138275691,0.181655035416959,0.00404048948042628,0.000134726583516966,0.000564194818999849,0.00271807612182771,3.66247023152916e-05,0.168010589771069,0.00931967871415902,0.0010333398153243,0.105179168915743,4.31648277287365e-05,0.00272679628904564,0.0105875910276455,0.00242507850330538,0.000160015068448953,0.000740778205162862,0.000555474651781923,0.000785687066335184,0.000207975988147549,0.000639624265434914,3.66247023152916e-05,0.000440804452866188,0.000860680504409353,7.45574297132722e-05,0.00223367083287189,9.63578477580886e-05,0.00157181014103126,0.00101982355613651,0.000508385748805119,0.00504984883590128,0.000100281923006156,0.00344272201763741,0.000725953920892387,0.000314362028206253,0.00061520779722472,0.000175275361080324,5.8425120360108e-05,0.000107694065141393,0.0837275575596438,0.00135467797730489,5.79891119992117e-05,0.00763058232404665,0.0120377548359867,0.00102374763138458,4.57808778941145e-05,0.000465656929437279,0.000764322656651264,0.0021133325252645,7.45574297132722e-05,5.8425120360108e-05,0.00399863267778023,0.019699293753657,7.36854129914795e-05,0.000415079959573305,0.00380853303242943,0.00451573859380327,7.10693628261016e-05,0.000336162446251069,0.00021015602995203,0.000287329509830681,0.000564194818999849,0.000455628737136663,0.00225808730108209,0.000591663345736318,0.010072665153427,0.000313926019845357,0.00511394206495304,0.000765194673373057,4.22928110069439e-05,0.00030040976065757,0.00135685801910937,0,0.000752986439267959,0.000294741651965918
8.13115456655207e-05,0.000194191103177655,9.75738547986248e-05,0.000613184714959985,0.00137751324421588,0.00125889404818618,0.00220880422284338,0.0281940610047046,0,0.00698992310797599,0.00126463368670374,0.000600748831505259,0.000741369975185629,0.00327063734859312,0.0480216422636369,0.000243934636996562,0.000409427547586386,0.000340551885375592,0.0189522863850035,0.0128826186526773,0.000648579152484977,0.028867511924099,6.50492365324165e-05,0.0114123145857607,0.0011708862575835,0.013569462061946,0.00140621143680371,0.000346291523893159,0.00152961366493138,0.0454588936655436,7.93983328263319e-05,0.000437169133754623,0.00183859753846036,0.000350117949571536,0.000571094032497833,0.00173432743872458,0.000181755219722929,0.00137081699927872,0.348352054120965,4.87869273993124e-05,0.00109818416969433,0.0187236574507204,0.0593880397412571,4.97435338189067e-05,0.000348204736732347,0.00372406879148085,9.85304612182192e-05,0.0464614171932785,0.00601418455998975,0.00062083756631674,0.00634995341326737,0,0.022865763247564,0.00309366516096816,0.00621698512094375,0.000128185260225644,0.000154970239974286,0.000591182767309315,0.000473520177699208,0.000372119897222206,0.000113836163931729,0.000145404175778343,0.000737543549507252,0.000114792770351323,1.72189155526985e-05,0.0140544615166803,6.31360236932278e-05,0.000446735197950566,0,0.000202800560954004,0.00556744936203918,9.85304612182192e-05,0.00393643541663079,0.000507001402385011,0.00059883561866607,0.000801636179620074,0.000134881505162805,0,8.13115456655207e-05,0.0264836487264699,0.00299800451900873,7.74851199871432e-05,0.00515419538877442,0.100019897413528,0.00581042739261615,1.62623091331041e-05,0.000158796665652664,0.000286981925878308,0.00179937667525699,9.18342162810586e-05,0,0.000788243689745753,0.0117566928968147,4.7830320979718e-05,0.000283155500199931,0.00105609348723217,0.00161857806195366,1.62623091331041e-05,0,0.000132968292323616,0.000573007245337022,0,0.000661971642359298,0.00315967100392017,9.66172483790304e-05,0.0163350112209933,0.00153439669702935,0.00618254728983835,0.000288895138717497,3.06114054270195e-05,0.000161666484911447,0.0178579286409875,0.00102356886896597,0.00167597444712932,0.000243934636996562
0.000456782376855077,0.111394797008316,0.0383793361269182,0.000976071815806113,0.00127177830187545,0.000492844143448899,0.000689981800828459,0.000490440025675978,0,0.00821006219452678,0.403798025257661,0.00143045007488827,0.00270703661230956,0.000603433561003286,0.000512077085632271,0.000120205888646073,0.000754892980697338,0,0.00395958197200164,0,0.000343788841527769,0.00162758773226783,0.000218774717335853,0.0305226792450108,0.00755614216029215,0.00451252905977358,0.00125254535969208,0,0,0,0.00232478188641505,0.0102367334770996,0.00011539765310023,0.000163480008558659,0,0.00166605361663457,7.69317687334867e-05,0.00601269855007657,0.0114315800102415,0.00200743834038942,0.00436587787562537,0.00186559539178705,0.000192329421833717,0.0728976591105245,0,0.000437549434671706,0,0.0319891910864929,0.00286570838532238,0.0015458477279885,0.0046159061240092,0,0.000262048837248439,0.0017814512697348,0.00153623125689681,3.84658843667434e-05,0.000646707680915873,0.000769317687334867,0.00331047017331285,0.000129822359737759,0.00320949722685015,0,7.69317687334867e-05,0.00221900070440651,0.00160835479008446,0.000322151781571476,0.000704406507465988,0.000286090014977654,0.00011539765310023,0.000254836483929675,8.17400042793296e-05,0,0.000742872391832731,0.125473310686544,4.08700021396648e-05,0.00079095474729116,3.84658843667434e-05,0,0,0.000456782376855077,0.00121888771087118,0.000629878856505423,0.050476856760259,0.00100251711130825,0.00042793296358002,3.84658843667434e-05,0.000555351205544857,0.000694790036374302,0.000884715340435097,0,0,0.00211802775794381,0.00129341536183175,0,0,0.00418556904265626,0.000454378259082156,0.000117801770873152,0,0,0,0.000163480008558659,0,0.00174298538536806,4.08700021396648e-05,0.00671950917531548,0,0.00137275124833815,0.000644303563142951,3.84658843667434e-05,8.65482398251726e-05,8.41441220522511e-05,0.00204109598921032,0.000747680627378574,0.00023079530620046
0.00874357699320404,0.000222416166864558,0.000332355717025746,0.00863448313189025,0.000548852061958548,0.000378868603632403,0.00122794020641573,0.00345294756390871,8.62602624341631e-05,0.354440881275434,0.00312143753573035,0.00153915370225664,0.00029937385197739,0.0136883196839153,0.00765771251315046,0.00437221134102572,0.00177256382413731,0,0.00458194217517937,0.000663865745204099,0.0202288772296586,0.00357980089101777,0.000537858106942429,0.00974656396621304,0.000270620431166002,0.0250349269493974,0.0764545002486325,0.000324744517399202,1.35310215583001e-05,0.00292270065659282,0.000260472164997277,0.000911652577490469,0.00122709451756834,0.000215650656085408,0.000971696485655426,0.0029928928309265,0.00150025201527652,0.000240175632659827,0.019071974886424,0.000716298453742512,0.000559846016974667,0.00118142731980908,0.000652026101340586,0.000214804967238014,0.110052872466739,0.00169222338363491,0.000302756607366965,0.0322647209057666,0.00224361251213564,0.00520606054455596,0.0044297181826485,0.000949708575623188,0.00388340318723213,0.00550628008538075,0.00105541968154741,0.0012871384257333,0.000668094189441067,0.00494981682379566,0.00255228894143436,0,0.00882476312255385,0.000583525304701692,0.000919263777117013,0.00451766982277745,0.000191971368358383,0.00468257914801923,0.000106556794771613,0.00898713538125345,0.00676212802376047,0.00246010885706844,0.00879347263520028,0.000692619166015486,0.000599593392802173,0.000635958013240105,2.70620431166002e-05,0.00246856574554237,2.87534208113877e-05,0.000175903280257901,0.00056069170582206,0.0208335447555452,0.00269267329010172,0.0014495106844329,0.00305124536139667,0.00075435445187523,0.00107402483619007,0.0007991759607871,0.00177848364606907,0.0702226191321879,0.00146473308368599,0.000259626476149883,4.56671977592628e-05,0.0139098901619325,0.000602976148191748,0.000871905201662963,0.00402547891359428,0.0108484965343671,0.0272244153752998,0.000962393908334095,0.00236539170616034,0.00290494119079755,0.000537012418095035,0.000704458809878999,0.000791564761160556,0.000752663074180443,0.00259795613919362,0.00290240412425537,0.00124908242760058,0.000611433036665686,0.00345548463045089,0.000756891518417412,0.000162372258699601,0.000406776335596397,1.52223992530876e-05,0.000270620431166002,0.00198652310252793
0.000315625357397575,7.5383734914153e-05,0.000105208452465858,0.000424591254594357,0.000980693074771037,0.000213469828775592,0.000342397151105405,0.00033676098400902,9.88677644824249e-05,0.00730823000164623,0.00130383332163046,0.00998212160828967,3.12337593258017e-05,0.000640879166918142,0.0018632229059467,0.00460803628188632,8.54818676285099e-05,0.0046789580511825,0.00157061189752603,0.000162744324908125,4.08622114487932e-05,0.0172022864990549,0.000104973612170176,0.00232679764962438,4.32106144056204e-05,0.00286575612821623,0.000268422457965348,0.00117302727693518,0.000109435577788147,0.00105091032318017,5.89449142163626e-05,2.70066340035127e-05,0.00481774866593099,0.00756937241044542,0.00141960958740204,0.00311985332814493,0.00080832029773992,0,0.166547563496706,2.44233907510028e-05,8.47773467414617e-05,0.00145812339589401,0.000307171106752997,7.58534155055184e-05,5.9414594807728e-05,0.481251407574022,0.000613637692618946,0.00379736758118957,0.00426634365166796,0.0022518835953016,0.000637356562482901,6.03539559904589e-05,0.0048447552999345,0.000320322163311229,0.00181907293035834,0.000205720099018062,0.000363297937421167,4.08622114487932e-05,0.000227560246516555,0.000286035480141552,0.000407682753305201,0.000862568406042629,0.00185688221796326,0.00097153430323941,1.22116953755014e-05,0.000560328945498969,0.000738807570217835,0.000101685848030618,5.30739068242946e-05,0.000240476462779105,0.000338639706374482,0.00102296432799393,0.00316541234550738,0.000268187617669666,0.0268986074674987,0.0010123965146882,0.0157662380909551,0.000344510713766549,0.000306936266457314,0.00147197897333929,0.0262506830917101,0.000352730124115445,0.000825463639324759,0.00188952501906316,0.00200741484749589,7.98457005321246e-06,0.000632659756569246,0.000429992581395059,3.0998919030119e-05,0.00164810919510133,0.00273236684026844,0.00476843220383762,0.000607766685226878,0.00029707297403864,0.00142336703213296,0.00927736588094583,0.000373630910431207,0.000159691401064249,1.24465356711841e-05,0.00337019308334271,0.0225646298106741,8.4542506445779e-06,0.00230378330064748,0.00350475657276891,2.01962654287139e-05,0.0151805463935224,0.0430358932256324,0.000313276954440748,0.000480483244966844,0.000225446683855411,0.000921043639667626,0.018085990531709,8.4542506445779e-06,0.0298127406966256,0.00235709204776746
0.00146485024055269,7.26664971115067e-05,3.19023645855395e-05,0.000396121026937116,0.000691217899353357,6.11461987889508e-05,1.41788287046842e-05,0.000407641325259672,0.00392044613684519,0.00894506855906767,0.000584876684068225,0.0242484556153922,0,0.000494486651075863,0.00157473616301399,0.0361639887880912,7.79835578757633e-05,0.00437682718577722,0.000784266462727847,0.000114316806431517,0,0.00351812187234978,3.19023645855395e-05,0.00150738672666674,5.84876684068225e-05,0.00159689058286506,0.000545884905130343,0.014112365445131,0.000186097126748981,4.34226629080955e-05,1.41788287046842e-05,0.000171032121250254,0.0330331261747381,8.86176794042765e-05,0.0015437199752225,0.0156321586469144,0.00142851699199694,1.41788287046842e-05,0.0169268629430109,0,1.59511822927698e-05,2.92438342034112e-05,0.000680583777824844,6.11461987889508e-05,0.000102796508108961,0.00363332485557534,0.104038041797415,0.00828575302429986,0.000677925247442715,0.107565911614499,7.97559114638489e-05,4.5195016496181e-05,0.00211796253776221,0.000305730993944754,0.00103948537941216,0.000194958894689408,0.00351634951876169,7.79835578757633e-05,9.12762097864048e-05,0.000153308585369398,0.000420047800376271,0.0487255448436474,0.00113164776599261,0.000889721501218936,0,0.000409413678847757,0.000538795490778001,4.5195016496181e-05,0.000734640562261452,0.000488283413517564,0.000203820662629836,0.00221632816190096,0.000648681413239304,0.000127609458342158,0.00142319993123268,0.000755022628524436,5.93738452008653e-05,0.00163233765462677,0.00671013068449182,0.000362446308763491,0.0200851970369793,0.00022420272889282,0.0001346988726945,0.000910989744275963,0.00168107737829913,1.41788287046842e-05,0.000464356640078409,0.000186097126748981,5.76014916127797e-05,0.0317977957238425,0.00887771912272042,0.00892202796242256,0,0.0102654719821914,0.237530827875223,0.0628733573605402,0.000289779811651984,0.000229519789657076,6.11461987889508e-05,0.00376270666750558,0.00470116789239687,0,0.00232621408436226,0.00158005322377825,1.59511822927698e-05,0.00940499431517587,0.00423681125231846,3.0130010997454e-05,0.00232444173077417,0.0661920894542303,0.027146253731912,0.00185388185313746,0,0.000589307568038439,0.0161168973532558
0.000654701784232303,0.000640120881686671,0.000157195044926684,0.00020318096833983,0.000348151620223207,0.000519055206004758,0.00156151609709549,0.00154156507193398,2.20129709760394e-05,0.00815638920931187,0.00650352438088349,0.00017595648596442,0.000463858502661853,0.000540433732114787,0.00155783405099811,0.000673429237152217,0.000459179471775026,2.45620798126883e-05,0.0373202789051353,0.000324949065123398,0.000204359223090992,0.00200620530130574,1.58158041598307e-05,0.0939651706309444,0.00119828508193193,0.00153938983239338,0.00105115051988055,0.000101658460405559,8.12089428493311e-05,0.000230983248718215,0.000530599836691626,0.00051446681009879,0.000121348909997096,6.04988497231345e-05,4.73001306355967e-05,0.000491400207470269,0.000201379598095265,0.000131103499812006,0.0119407848588283,0.000262433587076159,0.000619127554245291,0.0028026035487379,0.000366176652041466,0.000177599244992482,0.000162939036838599,0.000305757107926583,1.92372746872439e-05,0.742353831918402,0.00340086239864049,0.0007003025089768,0.00877543745794891,5.06083074369367e-05,0.000390863354952835,0.00726610445108278,0.000304896075608426,5.71226966861506e-05,0.000197402988310093,0.000310651396892949,0.000566242042914281,0.00022120600015809,0.000299231389304762,3.38521653506977e-05,9.18358943550053e-05,0.000345897075074348,4.68582851039109e-05,0.000550324274400985,1.57138398063647e-05,0.000484172067746793,0.000115163072553495,0.000247864013903134,0.00105918304505915,5.99663692105901e-05,0.00116143063284029,0.00110515763909969,5.39391429834913e-05,0.000125053614839693,5.05403312012927e-05,3.85878431005611e-05,6.70358977175631e-05,0.00405574545283451,0.000539606687914452,6.21189500059825e-05,0.0227241723414644,0.000818989016411174,0.000250005265325919,5.49474571455435e-05,9.93019509032348e-05,0.000319816859332278,0.00191743966692732,7.08085787958035e-06,3.53136544170431e-05,0.00335679113919799,0.000745540693797863,6.94377247103167e-05,0.000218600244458405,0.00466154966489359,0.00105690584116507,3.16316083196613e-05,2.22735465460079e-05,0.000150306786381428,3.12803977688341e-05,5.83575983003494e-05,8.91281743018538e-05,0.00082914013426734,0.000116477279775945,0.00291764199819272,0.00011531035439739,0.0010059349938047,0.000506411626174979,6.50985750017099e-05,1.61556853380505e-05,0.000385232656766993,3.04873416863211e-05,0.000111752931398689,0.000979798131199595
0.000152248555172312,0.000109950798478239,6.68935516777808e-05,0.000124439532815435,0.0106537766784775,0.00884116590611522,0.00282530319575326,0.000236785646244581,1.49561128642025e-05,0.00209262893235496,0.00162057662007857,0.000508624682014638,3.24828076269399e-05,0.000245665838257702,0.00108899196792475,0.000236727223928706,3.70397482652516e-05,0.000215110967054663,0.0044698329653409,0.00220328079862371,4.90747453356645e-06,0.0100862623020601,4.7555765122894e-05,0.00221893797927842,0.000176084860049634,0.0015285614725742,7.3845807267e-05,0.000304146576449369,0.00247985204197971,0.000625410891450344,9.57541757204216e-05,8.53550034945308e-05,0.000317233175205546,0.000193553132496496,0.000164867775401483,0.00106410406136166,0.000131333366088778,3.31254531015736e-05,0.0647084986417104,2.68158429869881e-05,0.000174916413732119,0.000470358065115994,0.000245607415941826,8.20833538054865e-05,1.09833953846487e-05,0.00136433634264735,1.99220097136448e-05,0.00867197487933893,0.699002736910232,0.000667591803512665,0.000486190512718334,0.000184205561956369,0.00280281060414108,0.000175968015417883,0.0172986140415582,2.61147751964786e-05,6.98730897874462e-05,9.50531079299122e-05,7.53647874797705e-05,0.00886652119120531,0.000117896233437346,0.00011520880690706,3.9727174795538e-05,0.000114157205221296,1.0340749910015e-05,0.000376765515082977,0.000155753894124859,7.41379188463789e-05,2.60563528806028e-05,5.9298650613928e-05,0.000154234913912089,9.563733108867e-05,0.104708271963125,0.000323659629951883,0.000122453174075658,7.02820459985767e-05,9.28330599266321e-05,7.93375049593243e-05,7.40210742146273e-05,0.000475791340492443,0.0016135075198576,3.16648952046788e-05,0.00110897239995427,0.00122546649781059,0.000935983922646049,0.000164400396874476,8.36607563341329e-05,0.000237895670246221,5.84223158757911e-05,4.3641469959216e-05,1.30865987561772e-05,0.00117323694741764,0.00035409765652317,8.5296581178655e-05,0.000215870457161048,0.00234530544851776,0.000142725717684558,3.22491183634367e-05,1.51898021277057e-05,9.01456333963457e-05,0.000118305189648477,3.53455011048536e-05,0.000144478387160831,0.00351626392561624,1.99804320295206e-05,0.0074270537503417,0.000348313847251467,0.00696388163007843,0.000178713864264045,4.38751592227191e-05,6.64261731507745e-05,0.00187290260234611,0,0.000550162948602325,0.000523697639510592
0.000734601083085793,2.76854935524933e-05,9.21945916537484e-06,0.000274387374395376,0.000125899849720104,1.18226005767748e-05,1.35851442407435e-05,0.000157083314544166,0.000602979745471883,0.00582650838012231,0.00022335495630939,0.00195994855433322,1.85744986125934e-05,0.0010185061932666,0.00194289255487727,0.00784163810916594,1.93608642472872e-05,0.000228669703357665,0.000131350177050223,1.96862569237122e-05,3.42475791937306e-05,0.00112900412296925,0.000253426662822333,0.000598586944340146,1.89812394581247e-05,0.00163287468241336,0.000371517088308237,0.00207285981305269,2.30215318570683e-05,6.41837054248301e-05,6.10111268296864e-06,1.86287307253309e-05,0.000880648162687878,5.90316547147677e-05,0.000264435781708045,0.0208778177887241,0.000971053094621289,4.63684563905617e-06,0.00675016260821103,3.11292327113244e-05,2.44857989009808e-05,3.95352101856368e-05,3.75828541270868e-05,2.23436304478496e-05,0.000120069897600823,0.000638311966920364,0.00127863052201201,0.00231782626628797,0.000401995535666712,0.411973051303931,0.000352047759835475,0.000417831312586061,0.00119006948191168,0.000238485715763152,0.000147945203547897,0.000384342982970656,0.00240383839708964,8.4764792208711e-05,7.65215110726111e-05,5.12222304805678e-05,0.000380872127755456,0.00263627723228257,0.000230323782796158,0.00124172556929415,1.41545814244872e-05,0.000474205593776692,0.000202882333750984,8.76119781274297e-05,0.000293775354699032,0.000528166545950503,0.000328646603189244,0.000849708742371135,0.000192307071767172,5.07070254095616e-05,4.50668856848617e-05,0.000421220819632155,0.000107244002938404,0.000496332295773591,0.00361077406606269,0.000234011566462308,0.00415914207400791,0.000720256689266725,0.000188375243593703,7.76603854400986e-05,0.0012532227771945,6.23940457044926e-05,0.000577599116710734,0.000379516324937018,6.42108214811989e-05,0.000881217599871622,0.000238241671255833,0.039874811675599,1.22835735350435e-05,0.00576221621047201,0.0246790008026082,0.356079537792719,0.00016003896468836,0.000110199653082598,0.000219965449263296,0.00240532978018993,0.000648236443551326,0.000245996863377296,0.000827663388543342,0.000781213583983674,4.14062180750805e-05,0.00340851540160818,0.000535542113282803,1.88998912890184e-05,0.00229716383133498,0.00864660535852863,0.00118638169824553,0.000422386810056011,1.46426704391247e-06,0.000101956371946498,0.0510543278595325
0.00062756142514981,0.000494135129443128,0.000146343792472402,0.000982056779429328,0.000652415342977526,0.000872012787994773,0.00329036439767838,0.00931335165546714,2.61620187660161e-06,0.0171900814554454,0.00413310842717868,0.000137514111138872,0.00137971946467277,0.00210653304851616,0.00392119607517395,0.000535667334234179,0.002117815419109,9.10765278291934e-05,0.0486968371427413,0.00110420070454317,0.000518334996801693,0.00537089894004581,0.000151412683608318,0.0329992988578971,0.0012487458582254,0.00589544741630443,0.00331636290382711,0.000352042665020204,2.71430944697417e-05,0.00101083500007195,0.000647182939224322,0.00055872261327173,0.000298901064401734,0.00038294654968756,0.00013767762375616,0.00191260708441306,0.000907822051180757,0.000252463481092055,0.0272318818209288,0.000743001332954856,0.000629850601791837,0.0274993884628113,0.000975189249503249,0.00032980494906909,0.000611373676038338,0.000915670656810562,0.0001015413353356,0.363667104008414,0.00354871433299279,0.0016746962262596,0.233372401948024,4.79091968652669e-05,0.00120296232538488,0.0366547869299787,0.000782571386338456,0.000104157537212201,0.000989741872441845,0.000710462322114624,0.00118056109681647,0.000423497678774885,0.000680212487916418,5.39591637049081e-06,0.000367085825810663,0.000536648409937905,0.000140784363484624,0.00220823789646904,1.73323374324856e-05,0.00268242448660308,0.00052471198887591,0.000709154221176323,0.0045837492004233,7.2436089458407e-05,0.00152851594640449,0.0013054847364242,0.000180027391633648,0.000477947380331656,9.89251334589982e-05,3.35200865439581e-05,0.000122961488200275,0.0609669874566201,0.00180877657243544,0.000450804285861914,0.0116566509738157,0.00263255313833037,0.000976660863058837,0.000118383134916223,0.000386053289416024,0.000943304289132167,0.00408389112937511,0.000145199204151389,0.000376079019761481,0.00737687172893009,0.00291984480690468,0.000128520917188054,0.000237583832918883,0.00673541173131083,0.00639138118453772,9.46738054095206e-05,3.33565739266705e-05,0.000160732902793711,0.000559703688975456,8.97684268908926e-05,4.69281211615413e-05,0.00191113547085747,6.6713147853341e-05,0.0104469846311221,0.000148796481731716,0.00158280213534397,0.000943304289132167,0.000192290837930218,1.86404383707864e-05,0.000715040675398676,2.59985061487285e-05,0.000387524902971613,0.000784370025128619
0.201196590376504,0.000331979378222153,0.000124492266833307,0.00556797765974067,0.00146461490392126,8.05538197156694e-05,3.90563974379003e-05,0.000517497266052179,0.000117169192313701,0.0576350374941415,0.00126445086705202,0,0.000900738165911576,0.0036737423840025,0.00373965005467896,0.000632225433526012,0.000973968911107639,4.14974222777691e-05,8.29948445555382e-05,7.81127948758007e-05,0.00159887127011404,0.000908061240431183,0.0145924464927355,0.00361271676300578,0.00095199968754882,0.00733039759412592,0.00148414310264021,0.000331979378222153,0,0.00102523043274488,0.000383240899859397,0.00214321980940478,3.90563974379003e-05,4.14974222777691e-05,0,0.00241661459147008,0.000800656147476957,0.000126933291673176,0.00239464536791126,0.000461353694735198,8.29948445555382e-05,4.14974222777691e-05,0.000124492266833307,0,0.000207487111388845,8.29948445555382e-05,0.000497969067333229,0.00461109592251211,0.00271686064677394,0.00473070613966568,0.00126200984221215,0.188127343383846,0.00290970160912357,0.000727425402280894,0.0027046555225746,0.0710264997656616,0.00718881815341353,0.00466723949382909,0.0025166966099047,4.14974222777691e-05,0.05431524371192,3.90563974379003e-05,0.000668840806124043,0.0445975238244024,0.000214810185908452,0.00185761990314013,0,0.00237999921887205,0.00759891032651148,0.0010081432588658,0.0026655991251367,8.29948445555382e-05,0.000205046086548977,0.00319041946570848,8.29948445555382e-05,0.0017819481331042,0.000124492266833307,0,0.000485763943133885,0.00186250195281987,0.00388367052023121,0.00497724964849242,0.00619776206842681,4.39384471176379e-05,0.000483322918294017,0.00157201999687549,0.0115728987658178,0.0191376347445712,7.81127948758007e-05,0.000209928136228714,0,0.00838247930010936,0.000126933291673176,0.000163548664271208,0.00317089126698953,0.00656879784408686,0.000822625371035776,0.0110578425246055,0.140695789720356,0.000717661302921418,0.000117169192313701,0.0295656928604906,0.000156225589751601,0.0028218247148883,0.00308057334791439,0.00285599906264646,0.000544348539290736,7.81127948758007e-05,0.00151831745039838,0.000429620371816904,0,0.00165989689111076,0,0.000165989689111076,0.000607815185127324
0.000666443240912353,0.000297926064719194,5.20975934520316e-05,0.000845514622734488,0.00139490742641046,0.000329274833073447,0.000463916665501425,0.00286581870127691,9.8782449922034e-05,0.0180663628617682,0.000710196198183756,0.00121109989972905,0.000151331104789235,0.00213103965596644,0.0609699714884079,0.000628328551330563,0.000278755954574507,0.000327245056705186,0.00258841593094791,0.00155841718940926,9.94590420447877e-05,0.0197167965798719,0.000160803394507786,0.00264367095430613,0.000221245624140446,0.0103753146717198,0.000988050029927925,0.00258345425538105,0.000482861244938527,0.0178266237196058,9.08888751565747e-05,0.000129454626153533,0.00198737659523508,0.00194430023008643,0.000525712079379592,0.00554557456879656,0.00114298962603851,4.69103871775869e-05,0.282176353285734,0.000138024793041746,0.000269734726271125,0.00256135224603776,0.00346009211576221,0.000130356748983871,0.000469329402483454,0.00536966061688061,0.000217862663526678,0.00710850237235751,0.00731914805324148,0.00178507555053173,0.00110893448919324,4.55572029320796e-05,0.31402061260455,0.000465269849746932,0.00424110495612751,5.39018391127081e-05,0.000328823771658278,8.90846294958983e-05,0.000349798127463641,0.000430312590071326,0.000497069679516354,0.000149075797713389,0.000676141061338489,0.000549618334383555,3.04466455239146e-05,0.0125453711400983,0.000707940891107911,0.000979254332332127,0.000262292212920835,0.000224177523339045,0.00664390911473333,0.000243798694898901,0.00331236950229432,0.000303564332408808,0.000546009843062202,0.000844838030611734,0.000605549949864524,0.000226432830414891,0.000536537553343651,0.00360781472923009,0.0129944027788992,0.000103067533366141,0.000657647543316555,0.00667909190511652,0.0396370218579851,9.67526735537731e-05,0.000701851562003128,0.000910241935811254,0.000255075230278129,0.000141407753655514,0.000144790714269283,0.00246505063389916,0.000786651108054919,0.000286875060047551,0.00094023751992,0.0100223591143499,0.000862203895095744,0.000195084062060638,2.18764786357016e-05,0.00027492193254557,0.000884531435146615,9.13399365717438e-05,0.00045128694587669,0.004485129181734,7.89357476545934e-06,0.0136391950718834,0.00625667288981066,0.000940688581335169,0.000722149325685737,0.000529997162823699,6.47273130767666e-05,0.0460946426082536,8.11910547304389e-06,0.0177855771308254,0.00208300161525093
0.000725700663128373,0.000499888817831896,0.000355308905433102,0.000577242303005021,0.000344750908849583,0.000667954885896068,0.00198964368269816,0.00624882569221673,3.74916613373922e-05,0.0147990791703225,0.00510166704301974,0.00014371803512667,0.00414627608687033,0.00175435118740832,0.00313335482280665,0.000481573925799262,0.0087704631211334,7.06739363141646e-05,0.0234566363688076,0.000662352683627262,0.00144235161489944,0.00178645611579494,3.66297840652682e-05,0.0559974591858018,0.00222256601548966,0.00311223882963961,0.00473838577281949,0.000137469424903771,0.000199740057814727,0.000834943607370085,0.00120662818097354,0.00116956745827221,0.00011980094082523,8.83424203927058e-05,6.48562647273279e-05,0.000811241982386676,0.000414562967891624,0.000308767532738408,0.0149516314474884,0.00069445761201388,0.000905186605048187,0.0090930206902258,0.00114608130260683,0.000521866688271057,0.000705015608597398,0.000795943660806476,0.000104718088563061,0.459632038736212,0.00290301812183152,0.000708463117685894,0.0615233853160245,2.84419499800906e-05,0.0015386664000593,0.158036186779147,0.000296701250928673,6.80883044977927e-05,0.000886871713015553,0.00115383819805595,0.00432662390606227,0.000226242783932539,0.000977368826588569,3.68452533832992e-05,0.000140055056720143,0.00156818569662954,0.000312430511144935,0.00118421937189832,8.05855249435901e-05,0.00147294825805985,0.000774181259685346,0.00051604901668422,0.0031441282887082,6.37789181371729e-05,0.00103985492881756,0.002245836701837,2.28397477112849e-05,0.000342165277033212,0.000142209749900453,0.000142425219218484,9.95468249303172e-05,0.0283165468369966,0.000650717340453589,0.000276016196397698,0.0112203492671458,0.00159382654547523,0.000717081890407134,0.000196508018044263,0.000152983215802003,0.00194461059522968,0.0284458284278152,0.000146950074897135,4.0939170425888e-05,0.00499544066923046,0.00151216367394149,0.00013272909990709,0.000164618558975676,0.00377286775872263,0.0197443154884517,0.000175392024877226,0.00118551218780651,0.000312430511144935,0.000207927891899905,0.000373839266783767,5.06352897372826e-05,0.00132707552975287,0.000101701518110627,0.00495342415221442,0.000173237331696916,0.00155611941481981,0.00093836888002496,6.80883044977927e-05,1.52983215802003e-05,0.000309844879328563,5.70993692782123e-05,0.000118939063553106,0.000839468463048736
0.000188611636714172,0.000143843894147774,4.67859604689825e-05,0.000303466582806655,0.0677304754389303,0.00435476381071098,0.00180171816394278,0.00067500215123681,5.35745115958544e-05,0.00232792261345274,0.000897006120521001,0.00068619408687841,5.21067167576118e-05,0.000400341042130666,0.00212261481045356,0.00122597563864212,0.000165126919302291,0.000390983850036869,0.00396928419131752,0.00299613621356268,4.73363835333234e-05,0.0568234754703044,5.87117935297035e-05,0.00151384690129245,8.43982031989488e-05,0.00138211231456018,0.000218701430898145,0.000735365213959536,0.00979973223752663,0.00260295067126845,6.238128062531e-05,5.17397680480512e-05,0.000179804867684717,0.00082251553248019,0.000251726814758604,0.00137403944294984,0.000150448970919865,9.54066644857682e-06,0.404376377089704,5.54092551436577e-05,0.000183290880425543,0.00105754618095378,0.00048785830936088,0.000127331202217544,0.000197785354453189,0.00430265709395336,6.66011907852574e-05,0.00726430012881734,0.0998280294872644,0.00112579864093206,0.00089663917181144,1.9264807251934e-05,0.00462245289433547,0.000187694264940271,0.186405908021003,6.20143319157493e-05,0.000273743737332242,4.14652041803531e-05,0.00018127266252296,0.00368067903124807,0.00017008072688136,0.000302365736677973,0.000122560868993256,0.000248974699436899,3.30253838604582e-06,0.000592071742876104,0.000128982471410567,8.42147288441684e-05,0.000126780779153203,4.67859604689825e-05,0.000277413224427849,0.00017595190623433,0.0360473899580449,0.000260533583788059,0.000707293637678147,0.000132651958506174,0.000401808836968908,0.000117056638349846,0.000247873853308217,0.000877924787623847,0.00226664217895612,6.56838190113558e-05,0.00101442970758041,0.00633169998346896,0.00201363104371405,1.88978585423733e-05,0.000178337072846474,0.000424743131316449,0.000104213433515224,2.4952512250124e-05,5.39414603054151e-05,0.00158962180981672,0.000659590305435263,8.12791391676833e-05,0.000921775158416345,0.00422981777510558,0.000190629854616756,0.000131000689313151,2.23838712831995e-05,0.000498316347583358,0.000551340436114872,3.21080120865566e-05,0.000302916159742314,0.0204781231600962,6.238128062531e-06,0.0181202942268143,0.00119313372913644,0.00373718913252041,0.000197601880098408,0.000340711876827061,7.92609212650997e-05,0.00775509402785471,6.05465370775067e-06,0.00212665124625873,0.00103479536096102
0.0476477101034384,0.000623933349237517,0.000184733207323265,0.012815101633849,0.000256913732038978,2.07977783079172e-05,2.07977783079172e-05,0.000206754384355177,6.60635310957371e-05,0.031147731512916,0.00221557508915518,0.00112063323117954,0.000645954526269429,0.00896139565326433,0.00591268603306847,0.00140201493769842,0.000430636350846286,4.15955566158344e-05,0.000581114393897687,0,0.000922442637892329,0.00075116681653301,0.0535347047633029,0.00419381082585531,0.000840474923384655,0.00538173098685458,0.000644731127545434,0.000103988891539586,0,0.00101786773836395,0.000209201181803167,0.00182041730130475,4.15955566158344e-05,0.000380477003162486,0.000176169416255299,0.0029141357605564,0.000475902103634106,0.000319307066962729,0.0150319001217282,0.000325424060582705,0.000203084188183192,0.000200637390735201,1.95743795839221e-05,0.000335211250374666,0.00128946225509087,0.000311966674618758,8.80847081276494e-05,0.00862251420671768,0.000207977783079172,0.00361024963450963,0.000864942897864557,0.0575046336226671,0.00389285473975251,0.000311966674618758,0.000378030205714495,0.240435774625487,0.0161929055107996,0.00288722098862851,0.00175190697276103,6.11699361997565e-05,0.0133962160277467,0.000316860269514739,0.00014313765070743,0.21266829378697,0.000201860789459197,0.00137877036194251,2.07977783079172e-05,0.00032420066185871,0.0261733923011518,0.000864942897864557,0.00088941087234446,0.000490582888322047,0.000300956086102802,0.00127478147040293,0,0.000817230347628747,0.00019085020094324,0.00014313765070743,0.000144361049431425,0.00280770007156883,0.000806219759112791,0.0113678209433628,0.00271105157237321,0,0.000425742755950306,0.000598241976033619,0.0392295034836279,0.00980309397537298,0.00018595660604726,4.40423540638247e-05,0.000466114913842145,0.032407832198631,4.15955566158344e-05,0.000229998960111085,0.00111940983245554,0.0266199328354101,0.00303769903167991,0.00372524911456517,0.0234941490956025,0.000404944977642388,2.07977783079172e-05,0.0227735672471694,0.000145584448155421,0.000127233467295494,0.000521167856421926,0.000579890995173692,0.000551752824521804,2.07977783079172e-05,0.0023379149615547,0.000908985251928382,0.000128456866019489,0.00202227809076395,8.56379106796592e-05,0.00167238605570134,0.00627970565026701
0.00238826072187959,7.7027613657549e-05,4.89685179644313e-05,0.0036033005050907,8.12094981118117e-05,4.58658294983654e-06,4.84289199703329e-05,0.000158641810264934,0.000186431106961003,0.0115007218472166,0.000373536711414629,0.00107730739521749,9.7802136430338e-05,0.00495998476175265,0.00241470102359041,0.00316784492385328,6.92034427431219e-05,0.000138406885486244,0.000221370077078875,2.05047237757398e-05,0.000279646660441504,0.000815602368079757,0.00081452317209156,0.00123986129093964,0.000134629699527555,0.0025226206224101,0.000600167868935964,0.00154001267515688,1.10617588790175e-05,0.000242144599851665,4.31678395278733e-05,0.000140700176961162,0.00118657598902242,8.67403775513205e-05,0.000127614925604276,0.020006944626184,0.00187807081845954,1.59181408259033e-05,0.00784454073870426,3.19711811503312e-05,3.56134676104955e-05,6.62356537755806e-05,8.40423875808284e-05,5.71973873744322e-05,0.000280590956931177,0.000578718848670552,0.000211657313185104,0.00336237000072576,0.000494946260086773,0.0171028282219464,0.000898295760675339,0.000462435480942343,0.00136531782456752,0.000434915983243324,0.000225686861031663,0.00114597123996651,0.209755769853901,0.000307570856636098,0.000330099072889706,2.13141207668875e-05,0.00130083586427276,0.000712404251708435,0.000154594825309196,0.00934340906681114,4.85638194688575e-06,0.00114799473244438,7.6353116164926e-05,0.000225956660028712,0.00262703283426814,0.00651915316570002,0.000719553925130239,0.000696081412386958,0.000287201032358882,0.000155943820294442,5.23410054275464e-05,0.000442875053656276,0.00011425987525034,0.000682861261531546,0.000912460208020423,0.000553627541944976,0.00367061535485448,0.0193072209273369,0.000196548569350348,0.000186026408465429,0.00107649799822634,3.46691711208233e-05,0.00568763265679436,0.00145556558908048,0.000137597488495096,0.000210982815692481,0.00010576120684329,0.428775088271487,2.32027137462319e-05,0.000914348800999767,0.0025555361000501,0.141740386994285,0.000365577641001677,0.00012626593061903,0.000164037790205919,0.00147971259931638,0.000556865129909566,0.000776751312504671,0.000401460907609222,0.000918935383949604,2.5226206224101e-05,0.00291868555007834,0.00106017515890486,7.02826387313188e-05,0.0291451715557393,0.00116998335070389,0.000345207816724462,0.000346961510205282,0,0.000173615654601166,0.0197252744732647
0.0607012734975911,0.00149027957613946,0.000228679499500922,0.00213305438554746,0.000132881330791077,0.00011743001325723,0.000101978695723384,0.00196463502442853,6.41229677654614e-05,0.0865721870103864,0.0210446944810984,0.000742435807501306,0.0124468088393897,0.00168573874294261,0.0020782022083023,0.000910082602743536,0.0159457596949292,0.000176145019885846,0.00237177724144538,3.70831620812307e-05,0.0416335750949483,0.0020279854263173,0.00152427247471392,0.0462596995645819,0.00717172903333467,0.00341242347734991,0.00328031471243553,0.000129018501407615,0,0.00253478864142745,0.00503249412077368,0.0103230252443626,0.000210137918460307,5.40796113684614e-05,6.5668099518846e-05,0.000495214726959768,0.000643547375284691,0.000647410204668152,0.0091572233364339,0.016252468347976,0.00205502523200153,0.000462766960138691,0.000582514671025998,0.000477445711795845,0.00506107905821129,0.000539250981931229,2.54946739308461e-05,0.0283771172167851,0.0010136064302203,0.00154435918750792,0.00461376341560645,0.00246603027840184,0.000594875725053075,0.00483703495397053,0.000202412259693384,0.00175526967184492,0.00271170622718999,0.285495539204628,0.072911677178713,3.94008597113076e-05,0.0633318603077284,0.000247221080541538,0.000481308541179306,0.0102952128728017,0.00231074453718669,0.00183870678652769,2.62672398075384e-05,0.000798060550623152,0.00355225790103122,0.000322159970580691,0.00262208858549368,0.000129791067284307,0.000597193422683152,0.00253710633905753,4.17185573413845e-05,0.0013751672605123,0,6.72132312722306e-05,0.00104296393353461,0.0109209912329224,0.00148255391737253,0.00161852551167038,0.00796901701808113,0.000574789012259075,0.00101978695723384,0.00550530443730937,0.00257650719876884,0.0334397414067498,0.00345723229819807,9.42530369564613e-05,0,0.00323936872097084,0.000230997197130999,0.000212455616090384,0.000597193422683152,0.00478836330373891,0.0126160007663853,0.00393699570762399,0.00365269146500122,0.000230997197130999,1.39061857804615e-05,0.00361560830291999,5.25344796150768e-05,0.000128245935530923,0.0243783162390257,0.00216472958649184,0.000102751261600077,0.000304390955416768,0.000604146515573383,0.00021786357722723,0.000238722855897922,0.000349199776264922,0.000133653896667769,0.00010043356397,0.00024799364641823
0.0138754322004631,0.00728878449036964,0.00070280868150135,0.00146340086836514,0.000491159795580771,0.000580522658525016,0.000956115443380899,0.00279645289905222,0.000139755454830096,0.0357081906103148,0.0639132602394387,0.000375592784855884,0.040719901848669,0.00133909914171338,0.00269633961650566,0.0015453728178328,0.039085166167892,0.000251291058204116,0.00654431793290932,0.000254650564329839,0.00884423582657961,0.00237248322598591,0.000333263007671768,0.0999170873888171,0.0204620799105565,0.00274471650471607,0.00207214337834624,0.000219711700622315,2.28446416549196e-05,0.00319690602923845,0.0225160819558238,0.0168620331462312,0.000421282068165723,0.000159912491584437,2.21727404297749e-05,0.000165959602610739,9.94413813214147e-05,0.0016024844219701,0.0193541147902929,0.0451013697378376,0.00743324325377575,0.00176239691355453,0.000872127790237813,0.00054961520216836,0.00113013786069338,0.000116238911950032,2.15008392046302e-05,0.0720929857543502,0.00647242450181884,0.000937302209076848,0.00562582895813652,0.00149363642349665,0.000992398109538713,0.00834971652487311,0.000575819349949003,0.000692058261899035,0.00236710801618476,0.0487639033161013,0.222800430554305,0.000122957924201479,0.0171354969448651,6.45025176138906e-05,0.000268760490057878,0.00330508212648675,0.00441035964184977,0.00136261568459344,1.07504196023151e-05,0.00073438803908315,0.000991054307088424,0.000258010070455562,0.00137806941277177,0.000198210861417685,0.00267551067852617,0.00619156978970835,1.14223208274598e-05,0.000264729082707009,0.000132364541353505,5.77835053624437e-05,0.000487800289455048,0.013122902828301,0.00181547711034096,0.000179397627113633,0.0181608182144359,0.00110124610801215,0.000432704388993183,0.00184705646792276,0.00131558259883331,0.0112691273481268,0.00945700974391157,1.07504196023151e-05,0.000165287701385595,0.00835979504325028,0.00043807959879434,0.000184772836914791,6.85339249647588e-05,0.00285222070073923,0.0119464037830727,0.000606054905080514,0.000382311797107331,0.000617477225907974,7.72686408916398e-05,0.00144190002916051,0.000118926516850611,0.000656447496966366,0.012816515869635,0.00644017324301189,0.000327887797870611,0.00123965776039196,0.000695417768024758,1.20942220526045e-05,0,0.000619492929583408,0.000391718414259357,0.000258010070455562,0.000243228243502379
0.000214393453094317,6.89347681040725e-05,8.79076400593218e-05,0.000215658311224667,0.042790150549739,0.0056159700987538,0.002764979872945,0.000142928968729545,1.07512941079746e-05,0.00158170509200262,0.00128825800576143,0.00140336009562327,3.28863113890988e-05,0.00055021328670223,0.00230899851695384,0.000592586034068954,2.27674463462992e-05,0.000205539446181868,0.00437134969848944,0.000895519556287768,1.13837231731496e-05,0.00932453413693987,4.36376054970734e-05,0.00181570384611736,0.00028712279558944,0.000808244345293621,9.61292179065966e-05,0.000663418089368551,0.000630531777979452,0.000727925854016399,0.000571715874918179,0.000179609854509694,5.6918615865748e-05,6.57726227781976e-05,0.000209334020572917,0.000763974310731373,0.000229571750658517,0.000194155723008718,0.0477958266005989,0.000192890864878368,0.000511635113726557,0.000354160276497987,0.000261193203917266,5.43888996050481e-05,6.70374809085476e-05,0.00156652679443842,4.42700345622484e-05,0.00659054328818844,0.265385576190311,8.22157784727471e-05,0.00106564297481984,0,0.00232417681451804,0.000171388276662419,0.0164191233900728,0.000195420581139068,4.42700345622484e-05,5.37564705398731e-05,2.02377300855993e-05,0.266387976258613,0.000182139570770393,7.46266296906473e-05,0.000194155723008718,0.000454716497860809,0,0.000485705522054383,0.000136604678077795,9.10697853851967e-05,0.000193523293943543,2.27674463462992e-05,0.000607131902567978,0,0.266496121628758,0.000253604055135166,0.000155577550033044,1.13837231731496e-05,9.73940760369465e-05,0,5.37564705398731e-05,0.000949276026827641,0.00117125862870406,0,0.000861368386768319,0.00137806293301628,0.000927141009546517,2.15025882159492e-05,0.000272576927090415,6.32429065174977e-05,4.04754601711986e-05,0,0,0.000498354103357882,0.000230836608788867,3.28863113890988e-05,0.000108777799210096,0.00173917992923119,0.000110042657340446,0.000129015529295695,0,9.35995016458966e-05,0.000117631806122546,2.02377300855993e-05,0.000771563459513472,0.00757839748799175,0.0019788705449325,0.0117688724738412,0.000256133771395866,0.00413608608624435,0.000153047833772345,0.000173917992923119,7.58914878209973e-05,0.00226219876613089,1.01188650427996e-05,0.000579937452765454,0.00054641871231118
0.180311729658218,0.000709071354469053,0.000244486851247299,0.00560059295497159,0.000110643684506077,6.00807104038376e-05,0.000302188127575737,0.000691225598903557,0,0.178333230224523,0.00719540864400811,0.00482965631454215,0.00297607716980593,0.00504796939096005,0.00368931253390694,0.00140862497263651,0.00204690816336243,0.000195708452701609,0.00295466226312734,9.99362311667793e-05,0.0138030970713925,0.00113736948804096,0.00389572843994784,0.0132141871377312,0.00198028400925124,0.00863199196703056,0.00385527806066605,0.000122540854883075,2.85532089047941e-05,0.000861355135294622,0.000687656447790458,0.00404682250373571,0.000979731980545747,6.42447200357867e-05,0.000631739747018569,0.00175899664023909,0.000619247718122722,0.0002421074171719,0.00706810892097424,0.00351085497825197,0.00114986151693681,0.00100650061389399,0.000120756279326525,0.000259358314218546,0.00435376949946225,0.000498491438796197,9.51773630159803e-05,0.0135413593230986,0.00105349443688313,0.0031438272721216,0.00271195998743659,0.0167982097138017,0.0038689598065996,0.00147822341934194,0.000246271426803849,0.00517407939695623,0.00305102934318102,0.0392820771507705,0.0129583979746257,0.000195708452701609,0.141987969581315,0.000181431848249212,0.000717399373732951,0.0290582437872976,0.000797705273777685,0.00142825530375855,0.000234969114945701,0.00067635413593231,0.0140755422730258,0.00138185633928826,0.000463394786184054,0.000528234364738691,0.000480050824711851,0.00367741536352994,1.90354726031961e-05,0.00102137207686524,7.2572739299685e-05,0.000251030294954648,0.000232589680870302,0.00403373561632101,0.00214089580934071,0.00179111900025698,0.00278631730229282,0.000204036471965508,0.00057879733884093,0.00216766444268895,0.00545663719340992,0.11801755070574,0.00152640695936878,0.000101720806723329,7.13830222619852e-05,0.00776290367099089,0.000129084298590423,0.000491947995088848,0.000883959759010917,0.0077046075361436,0.00345612799451778,0.00736256388780493,0.00539834105856263,0.000941661035339355,5.71064178095882e-05,0.0354232299389913,0.00029148067423644,0.000876226598265869,0.00677127452006815,0.0038856158451274,0.00081912018045628,0.000296239542387239,0.00329611105294717,0.000453877049882456,0.000111833401543777,0.000659103238885663,0.000112428260062627,0.00014574033711822,0.00157280592383907
0.00104445367453502,1.0788417554913e-05,2.29253873041902e-05,0.000401194277823329,7.61931989815734e-05,0.000217791179389807,7.2147542398481e-05,0.000175986061364519,0.0293755124498339,0.00569830729728564,0.00026768761058128,0.0226610710740949,2.22511112070082e-05,0.00103501380917447,0.00126089630173046,0.107971831441764,4.58507746083804e-05,0.00216240344366288,0.000406588486600785,8.02388555646658e-05,6.74276097182065e-05,0.00140384283433306,0.000113952660423769,0.000905552798515514,4.78736028999266e-05,0.00237884607085833,0.00039512579294869,0.00430255577611876,1.21369697492772e-05,4.65250507055625e-05,9.84443101885815e-05,4.85478789971087e-05,0.00298434600612782,2.35996634013723e-05,0.00244829650886808,0.00666656777283908,0.000846890778060674,0,0.00594509234885427,1.0788417554913e-05,0,2.42739394985544e-05,0.000208351314029258,0.000113952660423769,7.75417511759375e-05,0.00216982048073189,0.0232308343762137,0.00140923704311052,0.00199720579985328,0.098653335778708,0.000161826263323696,6.94504380097527e-05,0.000909598455098606,0.000285218789108014,0.00014024942821387,0.000254876364734821,0.00208486169248695,6.67533336210245e-05,0.000172614680878609,9.97928623829457e-05,0.000327023907133302,0.205150525395935,0.000421422560738791,0.00121302269883054,0,0.000457833469986622,0.000856330643421223,0.000123392525784318,0.000327023907133302,0.000834079532214215,0.000327698183230484,0.00460598001985069,0.000869141889267682,7.01247141069348e-05,9.17015492167609e-05,0.000331743839813576,5.73134682604756e-05,0.00177199758339447,0.0320186747507876,0.000316235489578389,0.003473870452682,0.0004699704397359,0.000190820135502525,0.000111929832132223,0.00114964074569542,1.0788417554913e-05,0.00106872761403357,0.000608871315755405,2.35996634013723e-05,0.00495458076209382,0.00173423812195227,0.0179687837138049,6.81018858153886e-05,0.015451036766927,0.218349479998274,0.0687545850774608,0.000269036162775644,0.000142946532602598,0,0.0138846933931731,0.000771371855176283,0.000174637509170155,0.0103986859707418,0.00123864519052345,2.15768351098261e-05,0.00256966620636085,0.000672253268890519,0.00029061299788547,0.00140721421481897,0.0218451969965046,0.0140950675354939,0.000674950373279247,0,0.000691807275708799,0.0124060059120528
0.00341144089546627,0.000193279778288027,7.18198083256057e-05,0.00267423168647696,0.000528086825923571,1.79549520814014e-05,0.000219684119584206,0.000703411652130197,3.80222514664971e-05,0.0718261453675167,0.00107518477758039,0.00021440325132497,1.79549520814014e-05,0.0108997120870625,0.0158890764183884,0.00629057027040158,1.79549520814014e-05,0.000211234730369428,0.00187998910028791,0.000415076245175927,0.000311571227294907,0.00361317006296907,7.18198083256057e-05,0.00359943980549506,5.70333771997457e-05,0.141485022401443,0.00270063602777314,0.0169061716451172,0.000223908814191594,0.000389728077531595,7.18198083256057e-05,0.000139414922043823,0.0120931883136498,0.000165819263340001,9.08309340588542e-05,0.0419913520501387,0.0364168675156895,0,0.0310567862325652,5.38648562442043e-05,0,0.000158426047777071,0.000420357113435163,5.38648562442043e-05,0.000793186412537204,0.00329631796741493,0.000367548430842805,0.00655883837797075,0.000387615730227901,0.00625677271354247,0.00192117987270995,0,0.011587281134415,0.00107518477758039,0.000861837699907268,0.000306290359035671,0.000961118023180899,0.000195392125591721,0.000130965532829046,0.000474221969679367,0.0036047206737543,0.00037705399370943,0.0707689155420178,0.00187365205837683,7.18198083256057e-05,0.0220465688086572,1.90111257332486e-05,0.00318225121301544,0.000932601334581027,0.00141316034617148,0.00725380064088617,8.87185867551599e-05,0.00169515871121466,0.00017004395794739,0.000486896053501533,0.0409879870808839,0.000234470550710066,5.28086825923571e-05,0.00024397611357669,0.0035466311229027,0.216894764969677,0.000398177466746373,0.00057667081390854,0.000563996730086374,0.080364253169049,0.000442536760123953,0.00106356686741007,0.00514673420545112,3.80222514664971e-05,0.000181661868117708,5.06963352886628e-05,0.0111098906437801,7.28759819774528e-05,0.0004435929337758,0.00237005367474499,0.0454281411132493,0.000323189137465225,0.000596738113293635,1.90111257332486e-05,0.000210178556717581,0.0013286664540237,0.000200672993850957,5.38648562442043e-05,0.00213980781864231,1.79549520814014e-05,0.00501471249897023,0.00748615884429254,0.00018483038907325,0.00298052204551263,0.00188104527393976,0.000144695790303058,0.00231090795024155,0,0.000374941646405735,0.00669614095271088
0.0100130675879228,0.000347284942193495,0.000118658837702674,0.0241663460862612,6.83988841534523e-05,0.000185924038693362,0.00065829202317853,0.000327256539651324,7.14220392541574e-05,0.0426718342464521,0.00231157996887662,0.000728202484882335,0.000460275364082348,0.00880682870274147,0.00337119583167375,0.00136608821113111,0.000406236466657244,5.93294188513371e-05,0.0010414769321929,6.15967851768659e-05,0.000796223474648199,0.00127425987494719,0.00811830512855589,0.00408957306247879,0.00065829202317853,0.00459973048572277,0.000715354075704338,0.000530941614561329,1.85168249918186e-05,0.000687389891022816,0.000126972514229613,0.00128408512902448,0.000627304683396303,6.4619940277571e-05,0.000380161753913663,0.0022197516326927,0.00138271556418498,6.80209897658642e-05,0.011377266327116,0.000225225055002528,0.000306850242721565,0.000193104032057537,8.08693989438608e-05,5.81957356885727e-05,0.000760701402214915,0.00173982576045577,9.40957025094455e-05,0.0144707097839124,0.00198054448534941,0.00694229779438162,0.00079811294658614,0.00895458540828843,0.00272801958399874,0.000697970933875284,0.000314408130473328,0.0332766239822359,0.0212463561533677,0.00201644445217029,0.0020383623266504,0.000295135516706333,0.00925690091835894,0.000487861654376282,0.000366935450348079,0.475484857393995,8.54041315949184e-05,0.00155541329931276,3.77894387588134e-05,0.000452339581942997,0.0347927362652395,0.00160000483704816,0.00113028211327611,0.000586114195149196,0.0010222043184259,0.0010637727010606,0.000145111444833844,0.000739539316509979,3.32547061077558e-05,0.000277752374877279,0.000959095955698685,0.00120132625814268,0.0023025105035745,0.0218381387643307,0.000956450694985568,0.000317809179961621,0.00022069032235147,0.000435334334501531,0.0821319440927927,0.00911821367811409,0.000241474513668818,2.64526071311694e-05,1.24705147904084e-05,0.0397718727161008,3.13652341698152e-05,0.000643932036450181,0.00282022581457025,0.0377006335777302,0.00155654698247553,0.000931887559792339,0.00421087716089458,0.00109627161839318,0.000142844078508315,0.0107881289768661,0.000394143846254424,0.000604253125753427,0.000526028987522683,0.00142126079171897,0.000866511830739592,0.000496931119678397,0.00281417950436884,0.000813228722089665,0.000163250375438074,0.00038696385289025,4.38357489602236e-05,0.000213888223374884,0.00720153334426708
0.0332247402571014,0.00207252482288718,5.41836555003183e-05,0.000927895100442951,0,0.000585860775097192,0.00241794562670171,0.00214702734920011,0,0.0132004930712651,0.0437126640748818,0,0.0200852037982743,0.00131056716741395,0.00159841783725939,0.000345420803814529,0.0120727957411647,0.000169323923438495,0.00398927163621094,0.00228925944488845,0.00221137044010674,0.0040603876840551,0.00208945721523103,0.0751087059588475,0.0178535144873549,0.00211316256451241,0.00066036330141013,0,5.75701339690882e-05,0.00212670847838749,0.0356325264483968,0.0153136556357775,0.00033187488993945,0,0,0.000162550966500955,0.00033864784687699,0.0135086626119231,0.0160959321620633,0.125401297698549,0.0818952088102624,0.0022045974831692,0.00100578410522466,0.000402990937783618,5.75701339690882e-05,6.09566124378581e-05,0,0.0298077834821126,0.00175080936835404,0.000934668057380491,0.00724367744469881,0.0025195399807648,0.000491039377971635,0.0037454451864595,0.000802595397098465,0.000396217980846078,0.00130379421047641,0.00501198813377945,0.0881026238435176,0.000426696287065007,0.0106064505641873,0,0.000216734622001273,0.00133427251669534,0.123769015076602,0.000568928382753342,0,0.000484266421034095,0.000220121100470043,0.000413150373189927,0.000223507578938813,0.000118526746406946,0.00154423418175907,0.010978963195752,6.09566124378581e-05,0.00110060550235022,0,5.75701339690882e-05,0,0.00862197418148815,0.000765344133941996,0.000111753789469407,0.0135797786597673,0.00212670847838749,0.00209961665063734,0.0328996383240995,0.00064004443059751,0.00378608292808474,0.00397233924386709,0.00033526136840822,0,0.00355580239220839,0.000409763894721157,0.000348807282283299,0,0.00218089213388781,0.00590263197106593,0.00576378635384636,0.00383010714817875,0.000938054535849261,5.75701339690882e-05,0.00125299703344486,0,0.00213009495685626,0.0651998699592268,0.00214025439226257,0.000406377416252387,0.00127670238272625,0.000514744727253024,0,5.41836555003183e-05,0.000165937444969725,0.00168985275591618,0,0.000111753789469407
0.00101860877016412,0.000135049223753943,4.55791130169558e-05,0.00452853809552909,0.000538508779718848,0.000163747183801656,0.000404134802083674,0.00422265160372641,0.000282252877645741,0.0830340023559337,0.0010547344375183,0.00123941425100181,0.000284616239061435,0.0227814535550526,0.109727156677019,0.00232014566409274,0.000554377063509936,0.000202573835630915,0.0015162651596974,0.0011036897811291,0.000336272567147318,0.00461024287590023,0.000399070456192902,0.00371722988382728,0.000244439094994637,0.190636159497185,0.00759010399803098,0.00172896768710986,5.09810819671135e-05,0.00531519982389581,0.000193120389968139,0.000224181711431545,0.00165941733687657,0.000381176434045504,0.000515888034740062,0.0050835904051578,0.00456736474735835,8.74443723806781e-05,0.057310163838342,0.000111077986537618,0.000110065117359464,0.00173538252523817,0.00127655278753415,5.23315742046529e-05,0.00136568527521175,0.00274183686526443,0.000204937197046609,0.0149280035707015,0.00425134956377413,0.00356867573769794,0.00367165077081033,0.000299809276733754,0.0280092090065678,0.00151120081380662,0.000989573187057018,0.000559441409400709,0.00114623028661159,0.000369697250026419,0.00065262537379093,0.000160033330148422,0.00185996543415118,0.000624602659861986,0.00790240532796198,0.00206557787731656,5.73959200954258e-06,0.17284477475984,7.22513347083595e-05,0.0268771588884504,0.00111584421126695,0.00126743696493076,0.0438241483542733,0.000509810819671135,0.00182417738985639,0.00031972903723746,0.00039198037194582,0.0113660802941912,0.000101624540874842,0.000366658642491955,0.000397382340895977,0.0144806530170165,0.0162849106463692,0.00111584421126695,0.00132483288502618,0.00172018948756585,0.0328223633411583,1.6543529909858e-05,0.00182147640538131,0.00319323889566198,0.000297445915318059,0.000255580655954337,0.000109389871240694,0.0211612004930647,0.000272124185864195,0.000407173409618138,0.00126406073433691,0.0118515822535867,0.00218003209444803,0.00036699626555134,0.00015294324590134,0.000834941825858753,0.000322767644771924,0.000540196895015772,0.000713059901420819,0.00195855136749156,0.000597255192051813,0.00910130481183761,0.00213175199695599,0.000456128753228943,0.00214289355791569,0.000846758632937223,0.000108714625121924,0.00347616701942649,2.32959910975552e-05,0.00215774897252863,0.00222864981499944
0.000324482830451712,1.36202669572324e-05,1.28190747832775e-05,0.000277212492188376,4.00596086977422e-05,3.92584165237874e-05,4.00596086977422e-05,0,0.00471501594372426,0.00718268783950518,0.000392584165237874,0.0227690803916227,0,0.000717868187863541,0.000558430945246527,0.195483679715417,4.08608008716971e-05,0.00245485282099764,9.2938292178762e-05,8.33239860913039e-05,0.000107359751309949,0.000369349592193183,5.60834521768391e-05,0.000336500713061035,0,0.00109843447049209,0.000135401477398369,0.000503949877417597,0,1.44214591311872e-05,4.00596086977422e-05,1.44214591311872e-05,0.000512762991331101,0,0.0115115291553832,0.00126588363484865,4.08608008716971e-05,0,0.00332014036886888,8.17216017433942e-05,1.28190747832775e-05,4.00596086977422e-05,1.28190747832775e-05,3.92584165237874e-05,2.72405339144647e-05,0.00120579422180204,0.000374957937410867,0.00178505616357139,0.000968641338311407,0.0159068694216995,0.000119377633919272,0,0.000541605909593475,0.00049113080263432,0.000139407438268143,6.97037191340715e-05,0.00054080471741952,1.44214591311872e-05,8.33239860913039e-05,4.24631852196068e-05,0.000260387456535325,0.000833239860913039,9.61430608745814e-05,0.000409409200890926,0,0.000152226513051421,0.208541509766533,1.36202669572324e-05,2.72405339144647e-05,0.000197894466966847,0.000114570480875543,0.0854375310461967,0.000160238434790969,0,0.000353325748714087,0.000124985979136956,4.00596086977422e-05,0.0160078196356178,0.00740381687951672,0.00030926017914657,0.000404602047847197,8.17216017433942e-05,5.20774913070649e-05,0.000151425320877466,0,0,0.000147419360007691,0.000443059272197029,1.36202669572324e-05,6.97037191340715e-05,0.00154870447225472,0.00749274921082571,4.00596086977422e-05,0.00457160254458634,0.0020830996522826,0.0156520903103818,0.000135401477398369,2.5638149566555e-05,0,0.312137260243242,0.000673802618296025,0,0.0447521912605958,0.000467095037415675,0,0.00161760699921483,0.000403800855673242,0.000656977582642973,0.00054240710176743,0.000320476869581938,0.00171375006008941,0.000700241960036534,0,0.00056724405916003,0.00498742128286891
0.00151815845550241,0.000124668053257807,4.81343834972229e-05,0.00544496146120585,0.000210828599717836,4.76530396622507e-05,0.000459202018563506,0.0075951243720268,0,0.126395114937688,0.00128470669554088,0.000263295077729809,0.000229119665446781,0.0302197286472265,0.0205986280738016,0.000503485651380951,0.000636817893668259,8.76045779649456e-05,0.00141466953098338,0.000285436894138532,0.00100215786441218,0.00245389087068842,0.000309985429722115,0.00370105274710147,0.000274847329769143,0.238495762008205,0.0317398124780688,0.000912146567272374,1.63656903890558e-05,0.00259396192666534,6.49814177212509e-05,0.000265220453069698,0.000836575585181734,0.000107339675198807,0.000172321092920058,0.00298240640148793,0.00299107059051743,0.000235858479136392,0.0168966126390302,0.000349455624189838,7.41269505857233e-05,0.00187868498789661,0.000449575141864062,7.12388875758899e-05,0.00390177312628489,0.00208999493144942,0.000339828747490394,0.0199878027472218,0.000836575585181734,0.0010555870300941,0.00863049496105206,0.000393257913172311,0.0094271190079311,0.00265268587453195,0.000673400025126148,0.000467384863758034,0.000831280802997039,0.000449575141864062,0.000938620478195846,1.63656903890558e-05,0.00212609571907233,5.58358848567786e-05,0.00194318506178289,0.00157014358967941,0.000170877061415141,0.0427019369757263,1.63656903890558e-05,0.224180596356131,0.00104884821640449,0.00143969941040194,0.0539028080155301,0.000126593428597696,0.000440910952834562,0.000251261481855503,0.000118891927238141,0.00883458474708029,0.000299877209187699,1.6847034224028e-05,0.000193981565493808,0.0492607280710579,0.00436145648868337,0.000627672360803786,0.00189312530294578,0.000674844056631065,0.00152778533220185,3.9951538302695e-05,0.00183488269891414,0.00384497455375816,0.000393257913172311,0.000264739109234726,6.35373862163342e-05,0.0087493868882902,0.000139108368306974,0.000147291213501502,0.000874120404309568,0.00734001213949152,0.0039258403180335,0.000267627172244559,0.000380261629628061,0.000699392592214649,9.48247354895291e-05,0.00016847034224028,0.000407216884386506,0.000922736131641763,4.23582574775561e-05,0.0055758869843183,0.000570873788277063,0.000515519247255257,0.00198361794392056,0.000728754566147955,8.66418902950012e-06,0.000698911248379676,0.000121298646413002,0.000669067930611398,0.00180792744415569
0.0153240340880929,0.00021407879154104,0.000131821915973547,0.0967678320778614,0.000198260161624215,9.38572041731655e-05,0.00109148546426097,0.0012791998726073,0,0.193140198407802,0.00085736974149195,0.000672819059128984,0.000307935995714206,0.0148547480672271,0.0053076776247589,0.000928026288453771,0.00173372183888409,0.000218297092852194,0.00187398035747994,0.000200369312279792,0.00642025459557563,0.000852096864853008,0.00215555196999944,0.00417506372271418,0.000296335667108534,0.0103791303760932,0.00436805100769945,0.000634854347328603,0,0.0011885063944175,0.000392302021937276,0.00140469433661412,0,3.69101364725932e-05,0.000159240874496045,0.0035475914026801,0.00224730002351703,0.000180332381051812,0.00831849018559471,0.000878461248047717,0.000164513751134987,0.00100501028738232,0.000232006572113443,0.000159240874496045,0.00348853518432395,0.000691801415029175,0.000107566683434414,0.00766992635900486,0.00120221587367875,0.00307514165583091,0.00176852282470111,0.00588242117840356,0.00513683642165718,0.00154600743053776,0.000697074291668117,0.0100479937231676,0.0109802383129326,0.00590140353430375,0.0023042470912176,0.000187714408346331,0.0237036896426993,0.00111890442278347,0.000466122294882462,0.117638932390121,0.000111784984745568,0.00312892499754811,0,0.000690746839701386,0.160434653767101,0.00320696357180445,0.00158502671766593,0.000466122294882462,0.00058423473159476,0.00109992206688328,0.000101239231467684,0.00183390649502399,0.000107566683434414,9.17480535175887e-05,0.000317427173664301,0.00221988106499453,0.0011705786138451,0.00943106715641145,0.000952281520992904,0.000435539610376599,0.00036382848808699,7.2765697617398e-05,0.0338023029816008,0.0982421283861096,0.00124756261277365,3.58555611448048e-05,1.89823559001908e-05,0.022409725715503,1.6873205244614e-05,0.000268916708586036,0.00136778420014152,0.0144329179361117,0.00541946260950447,0.00178223230396236,0.00180016008453476,0.000216187942196617,0,0.0310509159514009,0.000106512108106626,0.000181386956379601,0.000334300378908915,0.00272924094831632,0.00051990563659967,9.38572041731655e-05,0.00475613472832558,0.00025309807866921,9.17480535175887e-05,0.000703401743634847,0,9.28026288453771e-05,0.00161244567618843
0.00148221294492624,0.000380797796370127,0.000100946397462947,0.0834966632718027,0.000827560565339805,6.49655033177383e-05,8.095701182672e-05,0.000428772321897073,0.000136927291608156,0.104376576038124,0.00190199004328701,0.000663647603122742,0.000123934190944608,0.043349981160004,0.00377699441596512,0.00269856706089067,0.000259862013270953,0.000189899163544158,0.000555704920687115,3.29824862997748e-05,0.000766592939149312,0.00192397836748686,0.000268857236807255,0.00131929945199099,0.000409782405542657,0.0152648943411049,0.00268157608309987,0.00187800278052354,0.000159915085089817,0.000938501655620865,0.000206890141334951,0.000208889079898574,0.000519724026541906,0,0.000493737825214811,0.0438637083708551,0.0297741899051604,1.59915085089817e-05,0.00450760646096923,7.19617882904178e-05,0.000203891733489517,0.000430771260460695,0.000145922515144458,0.000143923576580836,0.000510728803005604,0.00064765609461376,0.000147921453708081,0.00632764002314771,0.000481744193833075,0.00937302292482692,0.00411981237962642,0.00127132492646405,0.00240072521491088,0.00170109671764293,0.000195895979235026,0.00132929414480911,0.0537744457692965,0.00143124001155386,0.000453759053942357,0,0.00364506447076602,0.000889527660812109,0.000891526599375731,0.0088083227806035,0,0.00264559518895467,0.00015491773868076,0.00108842204789257,0.00554705451405304,0.0937642112038508,0.00138526442459054,0.00063266405538659,0.000439766483996997,0.000337820617252239,5.19724026541906e-05,0.00297542005195241,8.69538275175882e-05,0.000274854052498123,0.000784583386221916,0.00319530329395091,0.00329924809925929,0.0207699711453218,0.000642658748204703,9.99469281811358e-05,0.000958491041257092,0,0.00951294862428051,0.00578292926456052,4.99734640905679e-05,0.00114739073551944,0,0.219770301969654,0.000134928353044533,0.000753599838485764,0.00260061907127315,0.0693251883249994,0.00169010255554301,0.000200893325644083,4.99734640905679e-05,0.000638660871077458,0.00216185205655797,0.00118437109894646,0.000401786651288166,0.000324827516588691,0,0.00422475665421661,0.000188899694262347,8.19564811085314e-05,0.0813767889250808,0.000447762238251488,0.000313833354488766,0.000611675200468551,0,3.39819555815862e-05,0.00832557911748861
0.00119091992626669,0.00101254852501877,0.000173039647406271,0.00318111822388616,0.000644172805050237,0.000231204234769724,0.00121612458079085,0.0230923105930801,8.23998320982245e-06,0.0637769853391311,0.00491830056647461,0.000506031910062037,0.000505547205167342,0.0119789967675031,0.0859095802407141,0.00298481274153451,0.0012006140241606,0.000100333913201956,0.00772377249697181,0.0010842848494337,0.000983466231337044,0.00561530620504665,0.000491006058326479,0.0105273056078902,0.00068537272109935,0.0988608950269763,0.0177460156045894,0.00121951751505372,7.46445537830975e-05,0.0063220059415126,0.000412968570280513,0.000741113783989325,0.000808972469246686,0.000377100408073051,0.000272888855713532,0.0028791470744909,0.00198050419972556,2.3265834945381e-05,0.0339472767097844,0.000175463171879749,0.000272404150818836,0.00507776847682941,0.00205175581924579,0.000105665667043606,0.00166496131327883,0.001976626560568,9.88797985178694e-05,0.0565854188165348,0.00143666530787728,0.00439627339488762,0.0124656404817773,0.000299547624921781,0.0214845444573753,0.00376712644157294,0.000735782030147675,0.000584554103002698,0.00160098026717903,0.000894765235607779,0.00115456705916453,0.000150258517355586,0.00148222756797865,9.69409789390876e-05,0.00141485358761598,0.00172458001532637,0.000209877219403125,0.0691441226380936,3.39293426286807e-05,0.0542510800436816,0.00103872258933232,0.00086810646639953,0.175203370056192,0.000167707893564622,0.000887009957292652,0.000944689839761409,0.000300032329816476,0.00533999382485964,0.000267557101871882,0.000141533829251068,0.000136202075409418,0.0924036564198436,0.00280595663539189,0.00038679450596696,0.00343074124465431,0.00162182257765094,0.0052910386304954,2.52046545241628e-05,0.00181473512573972,0.00182879156768589,0.000857927663610925,0.000123115043252641,2.56893594188582e-05,0.0199252488111401,0.000781828995143742,0.000187096089352439,0.000839993582507194,0.0169418901842897,0.00356306568090617,0.000375646293388965,0.000304879378763431,0.000292761756396045,9.64562740443922e-05,0.000183703155089571,0.000200667826403911,0.00127865151220657,0.000114875060042819,0.00732389095884807,0.000681495081941786,0.00107168252217161,0.00191797726830985,0.000498761336641606,0.000185157269773657,0.00261982995582884,0,0.00210895099681985,0.00185011858305249
1.26795594011603e-05,3.36800796593319e-05,5.58693086113624e-05,0.000146211169344629,0.000144626224419484,3.5265024584477e-05,0.000167211689602801,6.85488680125227e-05,0.00324240108061545,0.00307241573739365,0.000186231028704541,0.0605417262506899,0,0.000532541494848731,0.000356216371926346,0.12885562617806,1.30757956324465e-05,0.00442873235708651,8.87569158081218e-05,1.42645043263053e-05,3.96236231286258e-05,0.000772264414776917,8.04359549511104e-05,0.000774641832164635,5.30956549923586e-05,0.00441526032522277,0.000114116034610442,0.000223080998214163,0,6.10203796180837e-05,9.54929317399882e-05,0,0.000262704621342789,0.000101832711440568,0.089069942430838,0.0011791990243079,0.000114512270841729,0,0.00629143888036321,6.73601593186639e-06,7.17187578628127e-05,6.49827419309463e-05,7.13225216315265e-06,5.38881274549311e-05,2.65478274961793e-05,0.00271144453069186,0.000343536812525186,0.00107142276939804,0.000976722310120626,0.0141388974409875,5.86429622303662e-05,7.13225216315265e-05,0.000366914750171075,0.00016523050844637,0.000216741218513583,0.000173551469303381,0.00102427065787498,4.51709303666334e-05,1.30757956324465e-05,7.88510100259654e-05,0.000110549908528866,0.00122357748221197,3.96236231286258e-05,0.000270233109737228,0,7.5284883944389e-05,0.0274591708281377,2.6151591264893e-05,1.30757956324465e-05,0.000106587546216003,1.98118115643129e-05,0.186585263895311,0.000271025582199801,6.41902694683738e-05,0.000593958110698101,0.000220703580826446,9.86628215902783e-05,0.05373993510443,0.00653908652491712,0.000122436995467454,0.000438237271802601,0.000295592228539549,0.000227439596758312,7.48886477131028e-05,0.000200495533030847,0,0.000395839995054972,0.000240911628622045,3.80386782034808e-05,0.000659337088860333,0.00370916736107066,0.00595186443015088,2.06042840268854e-05,0.00360931583078653,0.00302050879109515,0.014988031684634,6.18128520806563e-05,0,0.00041406686169414,0.240541543982024,0.00093075890729142,0,0.103373674144041,0.000857455204503462,0,0.00385656723910915,0.000482615729706662,0.000211986383738148,0.00037800936464709,0.000523824297760433,0.00368063835241805,0.000880833142149352,0,0.000773453123470776,0.00425161476170155
0.000475654461973097,0.000121099054913151,0.000156451751411151,0.000335272118061037,0.0264969103028813,0.00667111810680268,0.00326221827757549,0.000384251672118267,4.51228962574478e-05,0.00358219231969739,0.00142079273343964,0.00173845278088167,0.000218029720947668,0.00033964299690079,0.0016761034797852,0.00107022253943947,0.000106572310533972,0.000310718063402426,0.0060307843567789,0.00176197839346034,6.74915114961827e-05,0.0102846779099383,8.88316846549757e-05,0.00324859142001626,0.000278322137884258,0.00187857801427375,0.000237570120466563,0.00051113571373109,0.00205765549144362,0.00104631126108082,0.000157994414531064,0.000121613275953122,0.00010271565273419,0.000382323343218376,0.000366639601499263,0.00144007602243855,6.83913983161318e-05,2.1340173158793e-05,0.0706364873766448,9.28168977147503e-05,0.000310332397622448,0.000445443975874806,0.000262638396165145,8.51035821151865e-05,2.31399467986912e-05,0.00244833492656152,8.21468111353538e-05,0.0131703578309951,0.453358609011518,0.000952208810766143,0.00092379809830775,4.98794408771788e-05,0.00298518169229116,0.000327944468241451,0.0227091581224556,4.13947937176587e-05,0.000289377890243633,4.92366645772152e-05,0.000183576911269617,0.0336447113137371,0.000151052430491456,9.05029030348811e-05,0.000166350506430591,0.000913128011728353,8.74175767950557e-06,0.000506764834891337,0.000166221951170598,9.71877765545031e-05,7.67474902156592e-05,0.000124698602192947,0.000314060500162237,0.000338743110080841,0.270585553782636,0.000520006026670588,0.000199646318768708,0.000166479061690584,0.000157094527711115,0.000210187850088112,0.000129198036292693,0.000929068863967452,0.00211884779520016,8.2018255875361e-05,0.00174745164908116,0.00113848538249561,0.00147735704783644,2.33970573186767e-05,0.000333729454941124,0.000274208369564491,0.000266366498704934,4.38373436575206e-05,1.5169520679142e-05,0.00162622403890802,0.000369210706699117,0.000100401658054321,0.000659231373242714,0.00375137104184782,0.000268809048644796,4.8850998797237e-05,3.67668043579205e-05,0.000409705613596827,0.000320616818421866,3.95950200777605e-05,0.00044094454177506,0.00576853162639373,1.34983022992365e-05,0.00983653427360364,0.00058274099354704,0.00559022548078382,0.000360726059539597,0.000136011465072307,8.65176899751065e-05,0.00288349448163691,0,0.00106058089494001,0.000601381506245986
0.00196945073760619,0.0863266974901338,0.012880029188957,0.000518488051328977,0.000683725414801606,0.000666755090985498,0.000823953880018917,0.000156752201564575,7.59198697036401e-06,0.00945782941519817,0.173129457222056,0.000143801164968071,0.00222534535725434,0.000771703146164059,0.00189219110549602,0.000521614163610892,0.00145453538602798,0.000137548940404242,0.00998390945349752,0.00026661271890043,0.00110485739792239,0.00111959478439427,0.000668094853392033,0.0740915406061889,0.00704982978318625,0.00152911549332508,0.000989191243491546,0.000250535570022012,0.000163897601066094,0.00022686643417323,0.00260226518095948,0.00718291284890204,0.000795372282012841,0,2.90281854749212e-05,0.00266925330128622,0.000557341161118487,0.0201129598343696,0.0079903429925737,0.00203688544540178,0.00893264255183652,0.00169078015704695,0.000171489588036458,0.012053395784125,0.0010990517608274,0.000417112695901176,9.64628932705074e-05,0.0930197038857129,0.00388263145413792,0.000913717961256751,0.00268220433788272,0.000197838248698309,0.000405501421711207,0.00253125777341313,0.000650231354638235,0.000190246261727945,0.00122409625210399,0.00194310207694434,0.00578554065888622,9.9589005552422e-05,0.00302473692648679,0,0.000160771488784179,0.00187522078167991,0.0010374226901268,0.000502410902450559,2.94747729437662e-05,0.00038049252345589,0.000489906453322901,0.00026661271890043,0.00042470468287154,8.12789193297794e-05,0.00144694339905761,0.3292943962651,0.000129063778496188,0.000196945073760619,2.85815980060763e-05,1.47373864718831e-05,0.000318416865286443,0.00156662884070806,0.00197614954963887,0.000777508783259043,0.0461744647537539,0.000923989473040184,0.000208109760481743,0.000528312975643566,0.000757858934629866,0.0015710947153965,0.00193997596466243,5.93961333563772e-05,7.14539950151907e-06,0.00376651871223824,0.000608698720035655,0.000161218076253024,0.000257234382054686,0.00403313143113867,0.00211057237776119,0.000311718053253769,0.000235351596081284,0.000223293734422471,0.000296980666781886,0.000796265456950531,0.000220614209609401,0.000811449430891259,0.000430063732497679,0.00507769952076699,0.000247409457740098,0.00151393151938435,0.000594854508501462,8.17255067986243e-05,5.76097834809975e-05,0.000326008852256807,0.00743568135626828,0.000158538551439954,0.000876204613873776
4.26246237436706e-05,4.38782891478962e-05,6.39369356155058e-05,0.000131634867443688,0.000873804786745246,0.000348518982374718,0.000150439848507073,0.000149186183102847,0.000437529226074736,0.00499084197422213,0.00115713316810023,0.0333312021021461,0,0.000359801971012749,0.000727125934450851,0.00545344450838138,4.01172929352194e-05,0.00663063632294922,0.00123611408856645,0.000304640693226822,0,0.00828296732571857,0,0.000921444072105819,0,0.00240202291449626,0.000383621613693035,0.00133891465171295,0.000233181765185962,0.00149186183102847,6.14296048070546e-05,0.000100293232338048,0.00238572526424133,0.00442418521151216,0.00542962486570109,0.00264272667210757,0.00067321832206915,0,0.138299352732552,0,0.000142917856081719,0.00176892188536233,0.000282074715950761,2.13123118718353e-05,4.01172929352194e-05,0.350735462809389,0.0013414219825214,0.00361933202199932,0.00465485964588967,0.00434018962942904,0.000251986746249347,0,0.00567032862331241,0.000382367948288809,0.00339743324545139,6.14296048070546e-05,0.00113205986001572,0,6.0175939402829e-05,0.000127873871231012,0.000186796145229615,0.00195195703437927,0.00166110666059893,0.000584208078369132,2.00586464676097e-05,0.000451319545521218,0.00160970637902568,0,6.39369356155058e-05,0.000920190406701594,0.000183035149016938,0.00221898776547932,0.00149562282724115,2.00586464676097e-05,0.164250226600022,0.00132888532847914,0.00672591489367037,0.00112579153299459,0.000399919263947968,0.0003623093018212,0.0207055378161901,0.000233181765185962,0.000511495484924047,0.00323571040830629,0.00245342319606951,0,0.000105307893954951,0.000285835712163438,0,0.00161346737523835,0.0466451286950221,0.00232805665564695,0.000858760801894539,0.000960307699636813,0.00674848087094643,0.00646013782797454,0.000211869453314127,2.25659772760609e-05,0,0.00635859093023227,0.0290524420775242,0,0.004612235022146,0.00274552723525407,0,0.00965823827415406,0.0282500962188198,0.000446304883904315,0.000928966064531173,0.000411202252585998,0.0015470231088144,0.0135659133391253,0,0.0185015940355615,0.00140911991434958
0.00277757213477292,0.000337316375485449,0.00017199795383664,0.00552619963006524,0.000413017740280863,0.000104089376593695,6.0115789690476e-05,0.00261559347921803,0.000114108674875441,0.116138139405177,0.00171775302763712,0.000421923783197971,0.000104646004276014,0.0284731758336752,0.0145663898186117,0.00443298286199029,0.000592808481669972,7.51447371130951e-05,0.0010859806082048,7.40314817484566e-05,0.000670179729512344,0.00404556999509611,0.000321174172698191,0.00472187262911397,0.000637895323937829,0.291894443352836,0.00371326326875153,0.00616910460314395,1.83687135165343e-05,0.00159418168216225,4.73133529971339e-05,0.000330636843297618,0.00329133948555356,0.000112438791828483,0.000351788695225749,0.0364006672852656,0.0309134315929627,0.000197602827223324,0.0285305084849541,0.000536589085755731,6.62386941959875e-05,0.00113440721656658,0.000729738891520501,0.000198159454905643,0.00118784347406922,0.00218977330224382,0.000664056825006833,0.0105163668020571,0.00163091910919532,0.00482039572888447,0.00279093119914858,0.000361807993507495,0.00807054476594641,0.00230109883870767,0.00087334883355886,0.00069467134753439,0.004207548650651,0.000831601757384919,0.00124016647620723,6.51254388313491e-05,0.00320784533320568,0.00065181101599581,0.020933097248979,0.00162535283237213,0.000249925829361331,0.0170806770596477,1.83687135165343e-05,0.0112744937053759,0.00160921062958487,0.00344608198123831,0.00784678043765408,0.000362921248872133,0.00096686228418849,0.000421367155515652,0.000141383431309083,0.127279599094478,7.12483433368605e-05,0.000163648538601851,0.000955729730542105,0.00673185518996868,0.0450328493826721,0.000514880606145281,0.00230722174321318,0.000695784602899028,0.00994192703390364,0.000131920760709656,0.00168658187742724,0.00591082935854783,0.000692444836805113,0.000203725731728836,4.73133529971339e-05,0.0276159692029036,0.000189810039670855,0.000932351367884698,0.00354905810246736,0.0273916482469289,0.00192593178082451,0.000400215303587521,0.000217641423786816,0.00220925527112499,0.000370714036424602,0.000510427584686727,0.000640678462349425,0.00104367690434854,4.67567253148147e-05,0.00494619358508861,0.00191424259949581,0.000267737915195546,0.00383126833740321,0.00465786044564725,0.00012858099461574,0.00155855751049382,2.95012671629188e-05,0.000419697272468694,0.00412238461525616
0.000677818351545769,0.000116687716215474,5.83438581077371e-05,8.23677996815112e-05,0.0011102492998737,0.000265979353138213,0.000109823732908682,0.000483910823128878,0,0.00208321893361155,0.000655510405798693,0.00169025588929768,2.91719290538685e-05,0.000490774806435671,0.00180865960133985,0.000535390697929823,0.00020420350337708,0.00134534072813135,0.00140540058206578,0.000703558288946241,0,0.0298531793970677,0,0.00154096425237494,0.000116687716215474,0.00319175223765856,8.57997913349075e-05,0.00285713305145242,0.000465034869035198,0.00145001647355994,5.49118664543408e-05,3.08879248805667e-05,0.003797498764483,0.0776642551205315,0.000991845587831531,0.0058378178024271,0.000151007632749437,0,0.216812640711658,0,0.000145859645269343,0.00153066827741475,0.000492490802262369,2.74559332271704e-05,0,0.216419677667344,0.000772198122014167,0.00650877217066608,0.00346459557410356,0.00313340837955082,0.0010158695294053,0.000202487507550382,0.00892832628631047,0.00034319916533963,0.0024109741365109,8.40837955082093e-05,0.000113255724562078,0.000116687716215474,0.000288287298885289,0.000365507111086706,0.000677818351545769,0.000145859645269343,0.000612610510131239,0.000259115369831421,3.08879248805667e-05,0.000288287298885289,0.000375803086046895,0.000113255724562078,6.17758497611334e-05,8.57997913349075e-05,0.000168167591016419,0.000205919499203778,0.00308192850474988,3.08879248805667e-05,0.00923034155180935,0.000264263357311515,0.147294217780462,0,6.17758497611334e-05,0.000518230739662841,0.0165610757234638,0,0.000564562626983691,0.00181723958047334,0.000372371094393498,3.08879248805667e-05,0.000255683378178024,0.000149291636922739,0,0.000420418977541047,0.000828825984295206,0.0112226127066059,0.000691546318159354,5.49118664543408e-05,0.000830541980121904,0.0065842759870408,0.000226511449124156,0.0002779913239251,0.000181895557630004,0.000269411344791609,0.00377175882708253,0,0.000533674702103124,0.00486828016034265,0,0.0802931607270331,0.0212577563011367,0.00048219482730218,0.00140711657789248,5.49118664543408e-05,0.000260831365658119,0.0315931991653396,0,0.0442623963538521,0.00124581297018286
8.21816488378145e-05,1.28912390333827e-05,0.000148249248883901,3.94794195397344e-05,0.00029005287825111,0.000194174287940326,1.45026439125555e-05,0,0.000273938829459382,0.00225113261620445,0.00057124302966677,0.0479610491212606,1.28912390333827e-05,0.000402045517353622,0.00012810668789424,0.0693927340142593,0,0.00679932288766977,0.000163557595236043,0,0,0.000306166927042838,9.91014000691293e-05,0.000255407673348894,0,0.000732383517584053,8.21816488378145e-05,0.000520483775972825,0,5.47877658918763e-05,0,0,7.09018146836047e-05,0.000221568170886265,0.166249447086701,0.000592996995535603,0.000135358009850518,0,0.00488416818877286,3.8673717100148e-05,0,0.00011924396105879,2.9005287825111e-05,8.13759463982281e-05,0,0.00240341037728628,0.000186117263544462,0.000721103683429843,0.0056407227795445,0.006880698834068,0.000138580819608864,4.18965268584937e-05,0.000277161639217727,7.81531366398824e-05,0.000110381234223339,1.36969414729691e-05,0.000244933541634271,1.28912390333827e-05,7.89588390794688e-05,0,0.000205454122094536,0.000605082532129399,0.000124078175696308,0.000303749819724079,0,0,0.00643192257521837,1.45026439125555e-05,1.45026439125555e-05,0.00013938652204845,4.35079317376665e-05,0.100056157460039,0.000306972629482425,0,0.000821010785938559,9.02386732336787e-05,9.58785903107836e-05,0.437010586124354,0.00267412639698732,0.000331143702670017,0.000727549302946534,0.000253796268469721,0.00051484385889572,0.000331949405109604,0.000467307414960122,2.57824780667653e-05,0.000276355936778141,0.000219956766007092,0,0.00069693261024225,0.00521208908168453,0.00201264469408687,9.10443756732651e-05,0.00123594754232556,0.00169922644508775,0.00479634662285794,5.31763610127035e-05,2.57824780667653e-05,0,0.0726928912068053,0.00126817563990902,0.000190951478181981,0.0228626124257042,0.000281995853855246,0,0.00338233884138378,0.00041815956614535,8.21816488378145e-05,0.000308584034361598,0.00379163568069368,0.00376101898798939,0.000666315917537967,0,0.000690486990725559,0.00165410710847091
0.00058327296520459,4.06608557474353e-05,6.30944313322272e-05,0.00011076577944991,7.19743883345407e-05,4.20629542214848e-05,3.08461664290889e-05,5.37471081718973e-05,0.0177472951183605,0.00618372163671629,0.000383240249573528,0.00602154557988456,7.94522468628047e-06,0.00105297595401117,0.000651508424274998,0.247510106793167,7.94522468628047e-06,0.000875844180122917,0.000284625990232047,3.78566587993364e-05,8.41259084429697e-06,0.0011501881148786,0.000191620124786764,0.000902016684971841,8.08543453368542e-05,0.00191760334634169,0.000717874418713341,0.00136517654756619,6.26270651742107e-05,8.50606407590026e-05,1.54230832145444e-05,5.74860374360293e-05,0.00115486177645877,4.20629542214848e-05,0.00129553899002173,0.00440071974388335,0.00146519290538172,7.29091206505737e-05,0.00553595214170542,0,1.49557170565279e-05,6.07576005421448e-05,0,7.29091206505737e-05,0.000149557170565279,0.000964176383988036,0.0017026149136541,0.00347533475101068,0.00110672306218307,0.0955829224405861,0.000180403336994368,0.000127590961138504,0.000534199518612857,0.000362208772462786,0.0006459000303788,0.000176664407730236,0.00133199355034702,0.000118243637978174,0.000111233145607927,0.000167317084569906,0.000435585259271376,0.0107325964526909,0.000104222653237679,0.000908559811184072,0,0.000301451171920641,0.00129320215923165,0.000156567662935527,2.29009417428084e-05,0.000394924403523941,0.000111700511765943,0.00592760498212325,0.000464561961068399,4.67366158016498e-05,7.33764868085902e-05,0.000472974551912696,4.76713481176828e-05,0.00321968546257566,0.302323744537658,0.000251910359170892,0.00270418059028346,0.000340709929194027,0.000393054938891875,0.000185076998574533,0.00102493398453018,2.33683079008249e-05,0.000495875493655505,0.000469235622648564,0,0.000570186712780128,0.000170588647676022,0.0140686560886126,4.86060804337158e-05,0.0445110181571752,0.0372271165844881,0.0988521487159115,0.000338373098403945,0.00013740565045685,3.13135325871054e-05,0.0264814338793728,0.000537938447876989,7.15070221765242e-05,0.0056317622040988,0.000679550393755988,0,0.00315145000350525,0.000323884747505433,8.41259084429697e-06,0.00117916481667562,0.00363517397705232,0.00285794405627089,0.000561774121935831,0,0.000221998925057837,0.0166078564251163
0.000656392909073102,0.000254269849999623,0.000281580315369953,0.00178083069018255,0.000944565405739341,0.000451564418795627,0.00144839640481267,0.0343047697256899,1.95411088425636e-05,0.062246201020093,0.00272633783610707,0.000363276276434647,0.000764693030369237,0.00321180490156932,0.00734133561360023,0.00104768595601697,0.003224282959023,9.4409453564675e-05,0.0071398032139709,0.000859573354026504,0.000995654810785562,0.00640477499943496,7.29848643517437e-05,0.0129211462108142,0.0005925900115269,0.023428376891956,0.0195314560056655,0.000470163787453007,6.99242087498964e-05,0.00727141140485034,0.000389645001619793,0.000298296203656965,0.000191173257592309,0.00022248611874967,0.000203651315045995,0.00149642515425704,0.000771049776619228,9.8882719444298e-05,0.0324620196183315,0.000382581950230915,0.000329609064814327,0.015624175977338,0.00243628185907046,0.000189289777221942,0.00168241884083084,0.00264605448532015,4.44972237499341e-05,0.0924828885808352,0.0027826068121718,0.00185146120407133,0.0649188596656446,0.000123838834351668,0.00279649747990326,0.0122315569602134,0.000987414584165204,0.0002323743906941,0.00223545576458002,0.00121249048842413,0.0017954276630529,0.000380463034814251,0.000947626061341189,0.000243910707962602,0.000550211703193629,0.00148936210286816,0.000164098227268275,0.00632190186313878,4.73224443054854e-05,0.0149501254397927,0.000768695426156269,0.000526903633610331,0.0201605384493683,0.000238731136944091,0.0017836559107381,0.000626728093239812,0.000129489275462771,0.00104933400134104,9.8647284398002e-05,0.000259449421018134,0.000443324192175269,0.426145674022285,0.00132267409009063,9.91181544905939e-05,0.00533754793457543,0.00114068279930387,0.000816724175600642,2.82522055555137e-05,0.000635674624999058,0.00234870002184837,0.00165416663527533,7.36911694906316e-05,2.82522055555137e-05,0.00939880248318052,0.00102202353597071,0.00016904236324049,0.00150113385518296,0.00515390859846459,0.0299744129191686,0.000154209955323846,2.40143747221866e-05,0.000389645001619793,0.000171161278657154,0.000129960145555363,0.00010688751101836,0.00192515237356196,8.89944474998681e-05,0.00912946479021796,0.00021377502203672,0.00140437005115533,0.00139354003902571,0.000175163674444185,0.000265570732221829,0.000876760112406108,5.32083204628841e-05,0.000485937935554836,0.000941975620230086
0.000986263253901623,0.000580362953069919,8.04352889721543e-05,0.000619835826361809,0.000722428058361015,0.000151747130815523,0.000140389370104177,0.000553923575676294,0.00014299606928383,0.0260636403261576,0.00189041548364417,0.0025869627430072,0.000205184463998412,0.00318762071111871,0.00745404249701673,0.00337660640164356,7.18704202390082e-05,0.000375737067467147,0.00119442680267678,0.000309266238385991,6.92637210593551e-05,0.00462596007989161,0.00014299606928383,0.00352351251969687,0.000198109137653639,0.0224835251957026,0.000979746505952491,0.0316038070469133,2.51360278037982e-05,0.000446862716511968,0.000126424910213178,0.000111715679127992,0.0432214929050303,0.00037778518825116,0.000656143422078407,0.0386890016100091,0.00962560910646634,1.86192798546654e-05,0.0575387881492752,0.000147837082046043,0.000229389527809477,0.000587810665011785,0.000213749332731558,9.04897000936736e-05,0.000119535776666952,0.00683402047785637,0.00099371096584349,0.0123160950454655,0.00429677121206112,0.0117232571748929,0.00222314201464704,3.83557165006106e-05,0.0127193886471175,0.00114955433822704,0.000861514078875366,0.000236092468557157,0.00203397013132364,0.000156215757980642,0.000378716152243893,0.000306659539206338,0.00100897877532432,0.000415396133557584,0.0166973977880668,0.00162099450414717,9.68202552442598e-06,0.00410238593037842,9.29102064747801e-05,0.0014910319307616,0.000197178173660906,0.000595816955349291,0.00114676144624884,0.000320810191895884,0.00191555151144797,0.00163793804881491,0.000589300207400158,0.00817796009776611,0.000466040574762274,0.000363075957165974,0.00152473282729855,0.00317049097365242,0.417364005245423,0.000353766317238642,0.00104454159984673,0.00100637207614466,0.0448616652674278,1.95502438473986e-05,0.00080733197449829,0.00129981192665419,0.000248939771656876,0.00133723667916207,0.000152305709211163,0.0259964247258823,0.000113019028717819,0.00122514861443698,0.00476821137798125,0.0779613452578649,0.00113968611990407,0.000330678410218857,4.82239348235833e-05,0.000951817586170493,0.00266665326078517,6.62846362826086e-05,0.000712932225635136,0.00168821010442251,0.000366427427539814,0.00570383019067818,0.0167759711490535,0.000308707659990351,0.00287779589433708,0.00456544742036394,0.000542938200562042,0.00357899797366377,3.16527757529311e-06,0.00143405693440633,0.00931913576005855
0.00416613645866066,0.000371362015638756,7.59604122897455e-05,0.0474018942059735,7.59604122897455e-05,0.000177890196302481,0.00012984685861495,0.000196717990801649,0,0.0324811916825296,0.00134910886100933,0.000662218978936243,0.000589504738111871,0.0119491571640407,0.00307866901776045,0.00168865839628742,0.000256447545764525,0,0.00360130262368563,5.51849149113536e-05,0.000368765078466457,0.000372660484224905,0.00134910886100933,0.00179058818030015,0.000165554744734061,0.00612098091510872,0.00183733304940154,0.000879712467116283,0,0.000705068442279176,0.000163607041854836,0.000275275340263693,0.000819982912153406,0.000135040732959548,0.000640145012971701,0.0101546735779821,0.00238788372992892,0,0.00329486403735434,0.000251253671419927,8.11542866343434e-05,0.000384995935793325,3.31109489468121e-05,9.86836125473616e-05,0.000947882067889132,0.000442777787876978,0.00012984685861495,0.00815827812677728,0.000531073651735144,0.0106734117781489,0.00254045378880149,0.00157374392641319,0.00215351015012894,0.00171722470518271,0.000148025418821042,0.00517504655009881,0.12772905635094,0.00141338305602373,0.00101085779431738,0.000368115844173382,0.00266575600736491,0.000481082611168388,0.000432390039187782,0.104165746918085,1.16862172753455e-05,0.00125237295134119,9.15420353235394e-05,0.000851795392514069,0.00873349971044151,0.0118576151287172,0.000859586204030966,0.000392137513017148,0.00056483383497503,0.00078362579174122,0,0.000964762159509075,0.000167502447613285,0.000186330242112453,0.000660920510350093,0.00130106552332179,0.00135949660969852,0.191007975194056,0.000732336282588315,0.000149973121700267,0.000430442336308558,0.000382398998621026,0.0508240081647705,0.00509713843492984,0.000146077715941818,2.20739659645414e-05,0,0.210781054823941,2.20739659645414e-05,0.000651831230247047,0.00118485258486141,0.062727718928296,0.000414860713274764,0.000379802061448727,7.59604122897455e-05,0.00122835128249742,3.37601832398869e-05,0.00305334888033054,0.000203210333732396,0.000413562244688614,0.000225933533990012,0.00224829835691785,0.000434337742067006,8.89450981512404e-05,0.0139793127984855,0.000764148762948978,0.000301893946279758,0.000503805811426004,0,0.000254499842885301,0.00812192100636509
0.00179890387254756,0.00421906317623523,0.000445968693757063,0.000336177181352877,0.000576563641148498,0.000485360749360294,0.00108185771985019,0.00117638283319529,7.75185029943104e-06,0.0108699925321205,0.0485256336682792,0.000144516637725107,0.00108391433319493,0.000584710994014227,0.00223767441959801,0.000966291869978057,0.000435527426006809,3.54370299402562e-05,0.0109020282399906,0.000215786200171917,0.000234849423867457,0.00194879934517431,2.53912647562996e-05,0.330569350465344,0.00618186331225647,0.00138069945894458,0.00131283121856793,7.26933716854809e-05,9.8321937981559e-05,0.000185411603080269,0.00121276906929466,0.00195837050727871,3.09283006844647e-05,6.22521039352268e-05,7.14277634733288e-05,0.000390361032935634,0.000196011071857042,0.000602666810524133,0.0141778177956063,0.000457200966639912,0.00128032090761827,0.00238132095167726,0.000334674271600946,0.000702808060310661,9.9112943114154e-05,0.000544844335331439,2.53121642430401e-06,0.235622789585595,0.00310532794954147,0.00152126107100671,0.0036663878900911,3.17984063303192e-05,0.000502762862277384,0.00249870611335436,0.000375490136442848,8.78015697180454e-05,0.000171806314799635,0.000859506177077731,0.00102063392258733,0.000200045198033277,0.00057782924936065,7.15068639865884e-05,0.000101090455945641,0.000346064745510314,0.000116910558597542,0.000634465216854453,1.82722185629446e-05,0.000320198877674458,7.26142711722214e-05,0.000353579294269967,0.000926108809242231,0.000100536752352825,0.00103265720060278,0.00491570139651165,7.49081860567469e-05,0.000157172719846627,3.57534319932942e-05,5.32346454236438e-05,4.60364987170292e-05,0.00291770153208993,0.000526572116768494,6.25685059882648e-05,0.261795725613925,0.00110590427588107,0.000402305210437819,4.16859704877567e-05,5.71896710866188e-05,0.000319486973055122,0.00272865130539973,5.06243284860803e-06,3.92338545767122e-05,0.00278497087084049,0.000646092992303599,9.74518323357045e-05,0.000128538334046688,0.00454013215955554,0.00103526751754034,6.16192998291508e-05,1.21023785287036e-05,0.000121577488879852,5.14944341319348e-05,0.000136843887938936,6.34386116341193e-05,0.00105148312275854,8.47166497009249e-05,0.00362486012062986,0.000114774844739535,0.000948019651415112,0.000537329786571786,1.72439118905711e-05,1.82722185629446e-05,0.000439798853722822,0.000147443356715709,0.000274083278444169,0.000796225766470131
0.00122803762190611,0.000138322918950963,6.96434208655545e-05,0.000427258772299751,0.00333926949112107,0.00125888315087078,0.00137238505823299,0.00290020266476453,3.66290656455511e-05,0.00482178272698574,0.00110345060257223,0.000931872347706225,0.000282429374582802,0.00129840398485677,0.00830443573165354,0.00160252162199286,0.000462441953775083,0.000393280494299602,0.00831190613319967,0.0192377298654605,7.97646100570883e-05,0.037439724703654,5.75943861137284e-05,0.00454513688908382,0.000481720409378005,0.00394123926732229,0.000268693474965721,0.00121285583811881,0.00668263565405775,0.0211617197346321,0.000172060216256076,0.000111574061801909,0.000330143552200033,0.000987297907564625,0.000386774015533616,0.00198375308154064,0.000204110648695933,4.96420231775232e-05,0.548668461169576,0.00030267175296587,0.000316166671887915,0.00671299922163235,0.0136209518255493,9.06087413337318e-05,7.61498996315405e-05,0.00662142655751848,9.27775675890604e-05,0.0137226456788547,0.0104224150603295,0.00127237806979283,0.00298478688872234,0,0.0115974369293276,0.000732340332215986,0.00877844475879037,7.88006872769422e-05,0.000653057683548971,0.000182422386142646,0.000498348077335525,0.000567991498201079,0.000342915529036969,5.06059459576693e-05,0.000332071397760325,0.000543893428697427,8.62710888230744e-05,0.00218882765301672,0.000320745305093609,0.000267729552185574,8.795795368833e-05,0.000166517660270236,0.000782705297478619,0.000170614332085857,0.00512300859578139,0.000275440934426743,0.000524855953789542,0.000242185598511703,0.000481238447987932,3.32553359150398e-05,0.000128924671844539,0.00391641825573353,0.00432271170756511,0.000111815042496946,0.00193989459504399,0.147930096319984,0.00260162758361428,1.63866872624834e-05,0.000481479428682968,0.000333035320540471,0.000403883644881209,0.000141455667986438,0.000143142532851693,0.00276453053345896,0.00464273407057361,9.42234517592796e-05,0.000667757505946199,0.00620404799371522,0.000526783799349834,3.13274903547477e-05,3.85569112058433e-06,0.000178807675717098,0.000414968756852889,4.33765251065737e-06,0.00030267175296587,0.00550279417115895,1.27719768369356e-05,0.017109629347593,0.00126322080338144,0.00325805899689376,0.000464610780030412,0.000402919722101062,0.000111092100411836,0.0117827510838107,2.89176834043825e-05,0.00318263203934733,0.000942234517592796
0.00071476878903833,9.74055802328657e-05,6.08784876455411e-05,0.00105070735268236,0.000983464295873877,0.000117882889713639,0.000272569592412991,0.00158726820515829,0.000179868258952735,0.0218744707722381,0.00103272052678709,0.00113040282741834,0.0001881698709044,0.00281729037599661,0.0369407895829159,0.00209145277102273,0.000232168414248223,0.000524108434548431,0.00187533413988105,0.000189000032099566,2.73953194404935e-05,0.00767345664732207,0.000107644234973252,0.00626744030310845,0.000275613516795268,0.0204565554508938,0.00134845850134873,0.00728853857316321,0.000224143522694947,0.00184766210004217,4.67657473277111e-05,9.13177314683116e-05,0.0044886815822651,0.000503907845466047,0.000604634070479578,0.0139350858220644,0.00275004731918812,9.40849354521999e-06,0.144496197308285,0.000177101054968847,8.35695603134246e-05,0.00165838534754422,0.000956345696831773,7.44377871665934e-05,0.000642821485457236,0.0049961867929102,0.000428363176705898,0.00859438213316007,0.00423548241773933,0.00376837838525899,0.00170985534164454,5.4790638880987e-05,0.0686280424024201,0.000636733636692682,0.00186647908713261,0.000400967857265405,0.000594672136137581,0.000159390949471962,0.000451054249373782,0.000198685246043175,0.000716982552225441,0.000222483200304614,0.00990492993992954,0.000697335403939834,3.23762866114923e-05,0.0226063962259765,0.000212521265962616,0.00234631225793883,0.000341472971611808,0.000532963487296873,0.00426066397399271,0.000273123033209768,0.00316485119637297,0.000137806758397634,0.000788653135408146,0.00424129354610549,0.000269525668030714,0.000137530037999245,0.000241576907793443,0.0030378365335125,0.114249550882793,0.000375509580613633,0.00141016715018944,0.00160276454746806,0.34390119310767,2.40746746598276e-05,0.000785885931424258,0.00108972492885519,0.000244897552574108,0.000411206512005791,0.000134762834015357,0.0115915407681094,0.000259563733688716,0.000517743865385488,0.00206405745158223,0.0320904344399566,0.000444966400609228,0.000388238718939519,0,0.000563126010721255,0.000310203566593871,9.15944518667005e-05,0.000569213859485809,0.00208315115907106,8.85505274844234e-06,0.00763139514676696,0.0144982118327856,0.000524661875345209,0.000760981095569264,0.00141542483775883,0.000139190360389578,0.0101146840019083,0,0.00277993312221412,0.00603665549085218
0.23083997801524,0.000237523786902496,0.000132571415945579,0.000596571371755107,0.000383904725342407,0.000267904736390025,0.000353523775854879,0.000781618973179145,0,0.0511062808470209,0.0085729515644808,0.000149142842938777,0.00393847581538326,0.0021432378911202,0.00160190460934242,0.00293038067329708,0.00304085685325173,0,0.0029773330497778,0.000927999911619056,0.00268180926839912,0.00237799977352383,0.00500733285644449,0.0460271384736059,0.00403790437734244,0.00163504746332881,0.0010550475185669,0,4.6952376480726e-05,0.000933523720616788,0.0113652370128346,0.00472285669306127,0.000198857123918369,0,0.0014803808113923,0.00197476171668936,0.000370095202848076,0.00140857129442178,0.0066672374602631,0.0255669499460048,0.0234402834818778,0.00111028560854423,0.000140857129442178,4.6952376480726e-05,0.00158533318234922,0.000198857123918369,0,0.0244953310004447,0.00766704688885268,0.00444666624317464,0.00165438079482088,0.0051454280813878,0.000726380883201821,0.00183114268274832,0.000243047595900229,0.00520618998036286,0.00127047606947847,0.00926342768919736,0.0163062841613063,0,0.0334107587227849,0,0.000593809467256241,0.00696552314614065,0.0216699026981045,0.000336952348861681,0,9.39047529614521e-05,0.000892095153133795,0.000270666640888891,0.000325904730866216,0.0012925713054694,0.000488857096299324,0.00185876172773698,0,0.00135333320444446,0,0.00191676172221317,0.000698761838213158,0.00419533293377782,0.000621428512244904,0.000574476135764178,0.00209628551463947,0.000980476097097515,0,0.179606649561271,0.00214599979561907,0.0105559989946668,0.00088104753513833,0,0,0.00274533307187304,0.000265142831891159,0.000417047579328802,0.000334190444362815,0.00505428523292522,0.00328390444915196,0.0474964716670027,0.0313807589161182,0.0010467618050703,0.000248571404897961,0.00133952368195013,0.00720857074204088,0.0010633332320635,0.0847352300252162,0.00316514255570071,0.000187809505922904,0.00053580947278005,0.00101638085558278,0.000447428528816331,0,4.6952376480726e-05,0.000135333320444446,0,0.000701523742712024
0.00626904695941266,0.000343711040310292,0.00018094611442028,0.056384194486771,4.15570023548968e-05,4.50200858844715e-05,0.000104758276769636,0.000276180911483585,0.000140254882947777,0.0602022440781272,0.00184062889596897,0.0011107840421111,0.000876160132982407,0.0181136584014406,0.00587771852057072,0.00214105139215958,0.000440677379138385,0.000348039894722261,0.000325529851780025,0.000118610610887935,0.000722052915916332,0.00105104585122593,0.00533488017730988,0.0016726693447846,0.000403449231195456,0.00732701897769774,0.00105191162210833,0.000532449092672115,7.27247541210694e-05,0.00101728078681258,7.27247541210694e-05,0.0011099182712287,0.000484831694140463,1.38523341182989e-05,7.61878376506441e-05,0.00371242554370411,0.00198001800803435,7.27247541210694e-05,0.0120636514752736,7.44562958858568e-05,0.000148912591771714,0.000204321928244909,0.000224234658539964,8.83086300041557e-05,0.000523791383848178,0.00186919933508796,5.54093364731957e-05,0.00517644410583183,0.00130644826153207,0.00779972987948469,0.000606905388557972,0.00433318326638039,0.00451326360991827,0.000438080066491204,0.000221637345892783,0.0187950200858845,0.0322612203906358,0.00147873666712841,0.00175751489125918,6.14697326499515e-05,0.00661622108325253,0.000403449231195456,0.000408643856489819,0.307203213741515,4.67516276492589e-05,0.00239299071893614,4.32885441196842e-05,0.000637207369441751,0.042019324006095,0.00544743039202106,0.000777462252389528,0.000352368749134229,0.0008086300041557,0.00125017315417648,0,0.00100515999445907,0.000155838758830863,0.000297825183543427,0.00070993212356282,0.00107528743593295,0.00308214434132151,0.0482701897769774,0.000448469317079928,1.47181050006926e-05,0.000315140601191301,0.000310811746779332,0.139585642055686,0.00952434547721291,0.000269254744424435,4.15570023548968e-05,4.15570023548968e-05,0.0604377337581383,0,0.00101641501593018,0.00146142124948054,0.0446166366532761,0.00133068984623909,0.000704737498268458,0.00246311816041003,0.00101901232857737,0.00171855520155146,0.00970702313339798,6.23355035323452e-05,0.00146748164565729,0.000323798310015238,0.0105797201828508,0.000866636653276077,0.000432019670314448,0.00496000138523341,0.000140254882947777,0.000366221083252528,0.000433751212079235,0,7.27247541210694e-05,0.0063738052361823
0.0195635146536466,0.000216846037679756,9.71927626511899e-05,0.0236717465539448,0.00028953642319199,0.000151914738261524,0.000138846803787414,0.000969477388798003,0.000136804939025834,0.312769168822195,0.00149872873499944,0.000617051530949361,0.00112057538115489,0.0125533845541915,0.00591283197658226,0.00141950438225015,0.00376152326378197,0.000202552984348698,0.00178704003933448,0.000170699894068056,0.021236618639285,0.000916797277949249,0.00145054072662616,0.00675163002063917,0.000532518329819965,0.015997602034024,0.010165219529048,0.000383053829272337,5.43136026580179e-05,0.00104911011449961,0.000659930690942533,0.00110546558191921,0.000425524616313193,4.77796354209631e-05,0.000104543475792876,0.00327800968823992,0.00138969315673109,5.51303485626497e-05,0.0081013026280433,0.000324248124138843,0.000276876861670196,0.000581523084097876,0.000149056127595312,7.71824879877096e-05,0.0197987374741806,0.000722003379694553,2.08270205681121e-05,0.01122004686488,0.000822871498916587,0.00304768734313374,0.00187320673227314,0.00178867353114375,0.00394202410870561,0.00205452432310141,0.000602758477618304,0.00108708879906499,0.000886986052430187,0.00768639570849032,0.00301011703152067,2.81777337097987e-05,0.041455980254351,0.000242165160723343,0.00102134075374213,0.0122765076925213,0.000184584574446798,0.00311466050731355,0.000115569545505406,0.00231547463963129,0.0303114823856495,0.00228117131163675,0.00151873900966292,0.000412456681839083,0.000410823190029819,0.0010515603522135,8.00410986539211e-05,0.00227177873373348,2.77693607574828e-05,0.00020132786549175,0.00031363042737863,0.00517612717060433,0.00366800585770163,0.00137825871406624,0.00100459746269717,0.000434100448311827,0.0013259869761698,0.000496989882968479,0.00446719172538389,0.306775887374007,0.00165758581345033,7.514062322613e-05,0.0002384898041525,0.0115908495055829,7.14652666552867e-05,0.000398980374412658,0.000620726887520204,0.0104531224604307,0.00674877140997296,0.00173395155553341,0.000454927468879939,0.000759982064259934,0.000480654964875842,0.00659889853647301,0.000329965345471266,0.000686066559890752,0.000708527072268128,0.00270465406318836,0.00109321439334973,0.000310771816712418,0.00354467722610222,0.000354467722610222,7.02401477983389e-05,0.000741196908453402,0,0.000568863522576082,0.00191486077340937
0.00157372099447605,0.00179478428591466,0.000257852427606699,0.000133689093039397,0.000451323866919242,0.000654978013564023,0.00107411138633619,0.0036027075490322,0.00019314296488247,0.00839777727922659,0.0153262884327401,1.11681306224558e-05,0.0218057750403449,0.000750564072715041,0.00227961254470126,0.00101531446335326,0.0104057414702581,1.08396561923835e-05,0.00896078245237039,0.000215479226127382,0.00156386676157388,0.00512452958355683,5.25559088115565e-05,0.308683845660376,0.0159829088184545,0.00077388575725017,0.0017717910758096,5.38698065318454e-05,3.38328662974395e-05,0.000447710648188447,0.0043371763746737,0.0044317770105345,2.26647356749837e-05,0.000108396561923835,6.43809882941567e-05,0.000260480223047277,0.000171135178067631,0.000425045912513463,0.0153936256909049,0.00201617605178334,0.00217023055948721,0.00407242598403549,0.000671401735067635,0.000437527940856208,0.000476944872464875,0.000295626987065005,0,0.23971078483381,0.00160098437217204,0.000901005361688122,0.0178473296835444,9.4929110290874e-05,0.000511106213192387,0.0436874276740364,0.000268035134938938,0.000274276149110311,0.00064413835737164,0.00171824974370783,0.00744158821328633,0.000246027348124099,0.00168080365867959,5.91253974130011e-06,0.000113323678374919,0.00117659540851872,0.000309751387558111,0.00123309301049114,3.21904941470784e-05,0.000410264563160213,0.000162594842885753,0.000351139165747212,0.001350686856457,0.000128761976588313,0.000788010157743276,0.00260907239806371,4.50009969198953e-05,0.000325518160201578,5.41982809619177e-05,1.64237215036114e-05,4.53294713499675e-05,0.00932506059532049,0.000684212237840451,0.000175076871228498,0.0360944127484868,0.00117429608750822,0.000174419922368353,0.000145842646952069,0.000126134181147736,0.00157930505978727,0.155392055583129,0,0,0.00151032542947211,0.00135364312632765,3.77745594583063e-05,0.000101170124462246,0.00146762375356272,0.00401395753548263,5.81399741227844e-05,4.04023548988841e-05,0.000786367785592915,5.81399741227844e-05,0.000194785337032831,5.15704855213398e-05,0.0012028733629245,0.000986408713506901,0.00612309185097641,0.000168507382627053,0.000687168507711102,0.000680270544679585,0.000149784340112936,0,0.000314350029579122,4.36870991996064e-05,0.000167193484906764,0.000387928301915302
0.000387589911845829,4.95754538407456e-05,0,0.000207315534243118,0.00112821714649697,5.10777403207682e-05,0.000150228648002259,0.000488243106007343,0.00193043812682903,0.0108795586883236,2.70411566404067e-05,0.113542812160108,0,0.00102606166585543,0.000791704974971907,0.0201261319728627,0,0.041155138120219,0.000247877269203728,0.000650490045849783,0,0.00581835553712751,7.81188969611749e-05,0.000465708808807004,0,0.00306316213276607,0.000301959582484541,0.0112446143029691,2.55388701603841e-05,0.000253886415123819,0,0,0.069877353331771,0.000588896300168857,0.00473821155799126,0.0141199906257324,0.00181025520842723,0,0.0307608179649426,0,0,0.000623448889209377,7.66166104811523e-05,7.81188969611749e-05,0,0.0170103898132958,0.0458287513595693,0.00165702198746492,0.00105760968193591,0.0640004086219226,2.40365836803615e-05,0,0.00110868742225667,0.000228347544963434,0.000767668391291546,4.95754538407456e-05,0.000694056353770439,2.40365836803615e-05,0.000356041895765355,8.11234699212201e-05,0.000579882581288721,0.0104198590254367,0.00284533059316279,0.000431156219766485,9.91509076814912e-05,0.000504768257287592,0.00095545420129437,7.96211834411975e-05,0.00015623779392235,0.000694056353770439,0.000226845258483412,0.00144670188026176,0.000234356690883525,2.55388701603841e-05,0.00278223456100184,0.00179373005714698,0.000778184396651704,0.00075865467241141,0.00555094854368349,0.000333507598565016,0.0417635641446281,0.000178772091122689,5.40823132808134e-05,0.00023135211792348,0.00312175130548695,0,0.000208817820723141,0.000329000739124948,5.10777403207682e-05,0.118117274491776,0.0166438319121703,0.0108044443643225,5.10777403207682e-05,0.00414330611190232,0.122866002055128,0.0425252233899996,7.66166104811523e-05,7.36120375211071e-05,0,0.00748889810291263,0.0294898836028435,0,0.00725604369850913,0.00196198614290951,0,0.00526701639895922,0.00909334006357677,0.000614435170329241,0.00256290073491855,0.0315750572371149,0.0291143119828379,0.00342821774741156,0,0.00413429239302218,0.00642527927505664
0.000100620443410619,7.5465332557964e-05,6.2147920930088e-05,9.47015937982294e-05,0.000235274272092476,1.25775554263273e-05,0,2.58949670542033e-05,0.00151004650736083,0.00205754009650684,9.91407310075214e-05,0.325196394828701,0,0.000312219317053537,0.000853794056587162,0.0332276818677522,3.69928100774334e-05,0.0252564711522668,0.000941836944571453,0.000203460455425883,1.18376992247787e-05,0.00257174015658317,0.000206419880232078,0.000412099904262608,2.4415254651106e-05,0.00140424707053937,0.000434295590309067,0.000579307405812606,0,0.000301861330231856,0,0,0.00104615666898982,0.000116897279844689,0.0251203376111819,0.00152854291239955,0.000126515410464822,0,0.0189062853743746,1.18376992247787e-05,0,0.000475727537595793,1.25775554263273e-05,2.51551108526547e-05,1.3317411627876e-05,0.0177750452422067,0.00078276786123849,0.00301417416510927,0.000744295338757959,0.0174805824739904,0.000170906782557742,9.91407310075214e-05,0.000753913469378092,0.000251551108526547,0.000154629946123671,0.000108758861627654,0.00108019005426105,0.000112458142635397,0.000226395997673892,4.73507968991147e-05,0.000395083211626988,0.00930295187827294,0.00057708783720796,0.000216038010852211,1.25775554263273e-05,0.00025525038953429,0.00240527251123472,4.8830509302212e-05,0.000130214691472565,0.000100620443410619,7.69450449610614e-05,0.00791646135657074,0.0003329352906969,0,0.0126618990333039,0.000251551108526547,0.000739856201548667,0.00337004499805418,0.00128365050968694,0.000230835134883184,0.00222918673526613,0.000227875710076989,0.000151670521317477,0.000650333601161278,0.000567469706587828,0,0.000129474835271017,0.000236753984495573,4.73507968991147e-05,0.00442729951006722,0.328080354302338,0.00718474357323911,0.000353651264340263,0.000365488963565042,0.0108070795360214,0.0162783161464738,0.000566729850386279,8.80428879842914e-05,4.73507968991147e-05,0.0289949645386923,0.00395823067828537,0.000142052390697344,0.0357602096456533,0.00107205163604402,0,0.00460190557363271,0.00225138242131259,3.7732666278982e-05,0.000341073708913935,0.00103505882596658,0.0139899409150837,0.00296830308061325,0,0.00254066619611812,0.00312515259534157
0.00107346751808636,3.40887566913021e-05,3.04115985671991e-05,0.00114682307046005,0.00015798647226057,2.25882570480615e-05,6.39562859442207e-05,0.000114179511955567,0.000110577397874813,0.0143189663013222,0.000385501250684026,0.000740403292692481,6.03916938851412e-05,0.00280071874182958,0.00235580136982395,0.00396739096175545,5.13301256507444e-05,5.55701140999653e-05,0.000364038654286201,6.23428390122163e-05,5.68083408152245e-05,0.0013398926329863,0.000304566249932085,0.00153108609442882,6.26054931639379e-05,0.00263918643852077,0.000691324488342208,0.00112138313976473,1.07875812314247e-05,0.000126974521346578,2.23256028963399e-05,4.19120982104397e-05,0.000595136785779574,5.84217877472289e-05,0.000192056467941035,0.0132700944684435,0.00133034327847013,1.60781862875322e-05,0.00941543842080917,2.18940996470829e-05,2.53836476628133e-05,7.05601617589363e-05,3.66402541651695e-05,2.91733718519399e-05,0.000115211367551616,0.00053003607817428,0.0002809086152663,0.00566239200786942,0.000676878509997518,0.0178017978751729,0.000664121022628181,0.000276312167611171,0.00093606187471427,0.00045765609836413,0.000187028517036649,0.000506115789356774,0.0225656875520243,0.000164046278761005,0.000194120179133133,4.16119220370435e-05,0.000469963321473373,0.000512944797301536,0.000157292314859591,0.00257926376990656,5.75963032703894e-06,0.000851749892011622,5.31124216802842e-05,0.000171175462879164,0.000640332060886534,0.00183452668371067,0.000558008745332636,0.000759689611833185,0.000292183982779493,7.38058166337824e-05,3.02427494696637e-05,0.000404524915673009,8.83268390218219e-05,0.000456230261540498,0.000679786466677293,0.000406851281016829,0.00373060824397839,0.00216284437336273,0.000512794709214838,0.000142883858536575,0.000863344196709049,3.23439826834369e-05,0.00137109219400866,0.00048031939945554,5.46508245689395e-05,0.000248639676626212,7.01474195205166e-05,0.580444287752482,2.00179985633568e-05,0.000892292436430941,0.00252451914028343,0.232662368293952,0.00041437444636257,5.03920751088814e-05,9.91894642965957e-05,0.00150969854207434,0.000199617155308451,0.000182488352414032,0.000374507298333392,0.000600671283976566,1.67535826776735e-05,0.00247562794604153,0.000423717429759526,5.57202021866633e-05,0.0118096248188062,0.000854095018366279,0.000302802714913383,0.00040992808679414,2.90795667977536e-06,8.45371148326953e-05,0.0309078273038446
3.3455259166741e-05,0.0013088102904322,0.000171331478763007,0.000312249085556249,0.00134632073252824,0.00705500450125305,0.036513880891167,0.0196615544327205,1.82483231818587e-05,0.0103741717288867,0.00622774718367546,0.00244527530636907,0.000373076829495779,0.00133516897947266,0.00834455267277107,0.000309207698359273,0.000249393750152069,0.000328469817273457,0.0700907955457871,0.0656848392931005,0.000809008994395737,0.0123226871264163,1.62207317172078e-05,0.013651773331495,0.000508925457627394,0.00465535000283863,0.000876933308461545,0.000649843064420636,0.00336681562705294,0.00501930267074348,0.000118614100682082,0.00016626250010138,3.64966463637175e-05,8.31312500506898e-05,0.000344690548990665,0.00061740160098622,0.000127738262273011,0,0.241052238866495,0.00022911783550556,0.000601180869269013,0.0868620183456476,0.0161071865951873,0.000102393368964874,3.24414634344155e-05,0.00181773574805959,1.82483231818587e-05,0.084013252337813,0.0254118038264706,0.0003142766770209,0.0283426872886236,0,0.00375205800533662,0.00324313254770923,0.00263688269977859,0.000259531707475324,8.61726372476662e-05,0.000117600304949756,0.00104015442136595,0.000610305030859942,0.000156124542778125,1.72345274495332e-05,0.000209855716591375,0.000407545884394845,0.000234186814167187,0.00145378308015475,9.93519817678975e-05,0.000138890015328591,0.00016626250010138,8.61726372476662e-05,0.00119120998548245,0.000831312500506898,0.0047972814053642,0.000485608155783907,0.000368007850834151,4.86621951516233e-05,0.000216952286717654,0.00135950007704848,0,0.025839625625512,0.00120844451293198,3.3455259166741e-05,0.00914849268850518,0.0635670200082726,0.00079481585414318,5.17035823485997e-05,0.000294000762374391,0.00255983422412185,0.000677215549193424,3.5482850631392e-05,1.72345274495332e-05,0.000539339329597158,0.0542330027007518,0.000150041768384172,0.000248379954419744,0.00117397545803291,0.0020367156262419,1.72345274495332e-05,8.61726372476662e-05,0.000178428048889285,0.000405518292930194,0.000838409070633176,0.000463304649672747,0.00333842934654782,4.86621951516233e-05,0.0101328883445932,0.00153387294300846,0.0316365096229491,0.000186538414747889,6.8938109798133e-05,6.99519055304585e-05,0.00280720038280927,0,0.00105536135735083,5.06897866162743e-05
0.001048825345325,4.96610948616047e-05,2.88628585520438e-05,0.000147709923178106,4.20209264213578e-05,6.791260835775e-06,1.44314292760219e-05,0.000153227822607174,0.00336719201313769,0.00776198668148859,0.000117998157021591,0.00596400037521716,4.1172018816886e-05,0.000947805340392849,0.00127845485233464,0.063704573362383,0,0.00042105817181805,0.000411295734366624,0,9.25309288874344e-05,0.000726664909427925,0.000211377993513497,0.000737276254483824,6.791260835775e-06,0.00098430836738514,0.000324707158710492,0.00241981112654708,0,4.96610948616047e-05,1.48558830782578e-05,6.791260835775e-06,0.000503826663254058,5.85746247085594e-05,0.000935071726325771,0.00676918923805873,0.000618429189857761,6.791260835775e-06,0.00769704524974649,8.1919583831536e-05,7.64016844024688e-06,0.000166810344278724,1.44314292760219e-05,2.97117661565156e-05,8.06462224248282e-05,0.00100892668791482,0.00468681888428922,0.00340242167872328,0.000405777834937556,0.253218951522707,0.000341260856997694,7.68261382047047e-05,0.000839145167020449,0.000514013554507721,0.000170630428498847,0.000488546326373564,0.00156114108462378,0.000253823373737091,9.59265593053219e-05,4.92366410593688e-05,0.000673183730346197,0.0125209627121579,0.00019227757241288,0.00173601605114499,7.64016844024688e-06,0.000696528689469174,0.00036885035414303,5.26322714772563e-05,0.00014940773838705,0.00057471044822746,0.000233449591229766,0.00292406224360337,0.000312822452247886,8.8286390865075e-05,8.36173990404797e-05,0.000279715055673483,0.000331073965744031,0.00139390628654282,0.0691426754766298,0.000892201892299941,0.00474072451717319,0.000847209789262932,0.000410446826762152,0.000194824295226295,0.00150256645991522,0.000140494208540095,0.000581501709063235,0.000548394312488831,6.791260835775e-06,0.00179501512965578,0.000445252038545499,0.0205006941941936,2.07982363095609e-05,0.131038226733883,0.14888184012608,0.157411663735813,0.000335742957568627,0.000167659251883195,3.69274807945266e-05,0.00883500589354104,0.000422331533224758,8.40418528427157e-05,0.00170460646977953,0.000699924319887061,0.000163414713860836,0.00405735389557333,0.000356541193878188,0.000167659251883195,0.00139178401753164,0.0136372762120384,0.00313119569909451,0.000336167411370863,0,0.000121818241241714,0.0274647077274786
0.000282335881466624,4.10212923479209e-05,1.68460773908795e-05,0.000283867343047613,0.000201715368238843,5.01006717209274e-05,2.16592423597023e-05,0.000130721184948708,0.002726767344951,0.00574845043435532,0.000726459739953448,0.00941258165698455,1.43301047935404e-05,0.00100256038498319,0.00138159712627798,0.0270845544004689,3.12855722973477e-05,0.000741664965650411,0.000197011593382948,9.2872205875693e-05,2.16592423597023e-05,0.00109685466232694,0.000143629218274187,0.0010364713199908,1.10484014057067e-05,0.00174499108142409,0.000342062883125197,0.00531800033998447,2.33000940536191e-05,9.93262225384326e-05,1.09390112927789e-05,9.50600081342488e-05,0.00219633468736415,6.72749194505903e-05,0.00191093588273555,0.0113132348691049,0.000879277727713569,7.00096722737851e-06,0.00620723256797447,2.04559511174966e-05,1.10484014057067e-05,8.19331945829141e-05,4.34278748323323e-05,1.83775389718686e-05,0.000178196493959369,0.001967818741458,0.0140931658089388,0.00280651273727536,0.000945458746034882,0.204390175280154,0.000214185841112611,6.65091886600958e-05,0.00138608212090802,0.00025433201255711,0.000482191617785695,0.000197996104399298,0.00189835601974885,0.000157084202164305,5.74298092870893e-05,3.79583691859428e-05,0.00037061370259935,0.0259334422421298,0.000430231314144995,0.000965367746587739,0,0.000385162587618746,0.000342281663351052,8.57618485353867e-05,0.000109061942589006,0.000543450081025257,0.000241642759457486,0.00208650701398465,0.000570797609257204,6.26805347076232e-05,0.0001598189549875,0.000414041577431682,7.6791859275308e-05,0.000899077338153499,0.0105744140463906,0.000524853761827532,0.00483482421118243,0.000538965086395217,0.000196792813157093,0.000159162614309933,0.00136125056527341,4.37560451711157e-05,0.000449046413568575,0.000224359121614896,3.23794734266256e-05,0.00471569837820406,0.000407587560768942,0.0191120935801787,4.02555615574264e-05,0.0254382332009057,0.354074792645571,0.132335564235296,0.000249956408039998,0.000109718283266573,0.000223046440259762,0.00655542129742362,0.00160365905552139,0.000155552740583316,0.0027932765336111,0.000651418122484985,1.71742477296629e-05,0.00396440708261601,0.000775685290770953,5.01006717209274e-05,0.00118797662639579,0.0489724220961902,0.0059164736478124,0.000489630145464784,0,0.000289336848694002,0.0252322516182626
0.000698876921594713,4.95186497999638e-05,1.62113444046048e-05,0.000296714318311626,0.000105746470337578,2.5296058558994e-05,5.14270361431178e-05,6.74097717670323e-05,0.000166079309415415,0.00956598533530333,0.000470616023831531,0.00115527944297463,1.56547317211849e-05,0.00118173842446148,0.0014472923720138,0.00396601446204989,1.76028761131546e-05,7.6146602994284e-05,0.000254849092908686,3.39136156397986e-05,3.7253291740318e-05,0.000654656031799442,0.000207775563110888,0.00110529363610108,2.50674497783037e-05,0.00158406999945203,0.000414626751586811,0.00120647787033706,1.16590478152063e-05,7.83134166547401e-05,1.43029580614508e-05,2.25328741663023e-05,0.000536475231694751,7.82239610449047e-05,0.000189665771875333,0.0120822623053373,0.000826142435853792,6.09292098100719e-06,0.00665725666540955,1.90739239193357e-05,2.4610232216923e-05,4.65566751631936e-05,2.67770458773791e-05,1.90938029437436e-05,7.07991454285713e-05,0.00040736096816574,0.000346481455916688,0.00453724816792178,0.000757689015305348,0.0544469183779881,0.000355784839339564,0.000100180343503379,0.000763036472871061,0.000291953291965945,0.000189347707484808,0.000233051742645474,0.00401596051087463,7.78561990933594e-05,6.89305171342331e-05,5.45381034629469e-05,0.000262910037306071,0.000714303044535207,0.000142333814760233,0.00110263978634263,2.63397073404063e-06,0.000442367930147971,9.6542482036742e-05,0.00010767473570514,0.000168703340637251,0.000595754482478971,0.000257433366081707,0.000599442041506628,0.000316921346622209,5.42896156578488e-05,3.8207484911895e-05,0.000242047001190028,4.92403434582539e-05,0.000375097311551793,0.000903909179337317,0.000231481299717254,0.0032168038506545,0.000585586361494354,0.000524925518513788,0.0001174452762016,0.000792387852409257,2.08729756282465e-05,0.000436384343801207,0.00027579164512236,3.46292605184813e-05,0.000169081042101001,0.000180909061623674,0.103624364603016,1.495896586691e-05,0.00117858759909284,0.00409523806021315,0.664677793466856,0.000185998091872084,5.08008468742704e-05,0.000242494279239205,0.00136690159730844,0.000164061588438017,8.30943220248289e-05,0.000319933018819999,0.000395274521325765,3.27606322241431e-05,0.00126465383526664,0.000308770946614989,3.71141385694631e-05,0.00301198032266817,0.00145705297299805,0.000321165518333286,0.000298245003191031,2.92221658795451e-06,8.14046049501614e-05,0.0914719094624941
0.0016990582265101,0.00056814706249373,0.00036702006621042,0.0019231851469426,0.000399317832036937,0.000445317680335309,0.000473700565455582,0.0134158068202115,0.00015708458833806,0.116785785068156,0.00459166570833649,0.000372892387269787,0.00162810101370942,0.0051554085300357,0.00403085904716697,0.00160265428911883,0.0184322370851756,2.54467245905891e-05,0.00469394196678713,0.000660636119178756,0.00750825183448863,0.00224322664467809,0.00014876546683729,0.0182859184187797,0.000994869059474378,0.0090546297134552,0.0319987668125775,0.000338637181090147,9.54252172147092e-05,0.00478349486294247,0.000382679589035398,0.000807444145662924,2.39786443257474e-05,2.4468004414028e-05,0.000127233622952946,0.00119844285619909,0.000384147669300239,6.5574251829595e-05,0.0154339278242806,0.00107512411395239,0.000438955999187662,0.00395158271286552,0.00154442043861345,0.000309275575793314,0.0144801650122218,0.000390998710536167,1.61488829132585e-05,0.109175256975216,0.00146367602404715,0.00137265504762697,0.0290459680398926,0.000259850206876977,0.000413509274597073,0.0478432677509255,0.000418892235568159,0.000317105337205803,0.000644487236265497,0.0025324384568519,0.00755571976305184,0.000194765315135663,0.00259214038762213,0.000135552744453715,0.00032297765826517,0.00181797272796228,0.00039344551097757,0.00256375750250185,8.31912150076952e-06,0.00419528403682924,0.00157720756452824,0.00135601680462543,0.00440228335417192,0.00021825459937313,0.000933209688351028,0.0015356119570244,2.34892842374669e-05,0.00139614433186444,2.54467245905891e-05,0.000151212267278693,0.000377296628064312,0.15053009931563,0.00188305761970359,0.000562764101522644,0.00525230182751525,0.000722295490302106,0.000482998407132913,0.000189871714252857,0.000555423700198435,0.0058175127294793,0.00444094280114608,1.61488829132585e-05,0.000116957061099054,0.00502621746672963,0.000510402572076624,0.000250063005111366,0.000233914122198108,0.00619383063736705,0.285634100568392,0.000132616583924032,0.000143871865954485,0.000663082919620159,0,0.00107071987315786,0.00104820930909696,0.000901401282612791,0.000748720935069257,0.00274579945534222,0.000140446345336521,0.000624423472645994,0.00180182384504902,1.76169631781002e-05,5.82338505053866e-05,0.000895039601465144,0,0.000381211508770556,0.00140984641433629
0.361499585942156,8.77131881938049e-05,4.38565940969024e-05,0.00188841334581956,0.000371491149997291,0,0,0.000131569782290707,0,0.102216821841616,0.00113253204756119,0.000265719364234174,0.000343113353816943,0.00329182435692044,0.00370975190066739,0.000128989982637948,0.00118154824096361,4.12767944441435e-05,0.000613992317356634,0,0.00226506409512237,0.00173878496595954,0.0112582456846401,0.00211801551491511,0.000528858928815588,0.00692160246835231,0.00147048580207261,0.000482422535065927,0,0.000957105671173577,0.000490161934024204,0.00104223905971462,4.38565940969024e-05,0,0.000180585975693128,0.00140599081075364,0.00128732002672672,0.000405028545483158,0.00455334638711958,0.00141373020971191,0.00196580733540233,0.000227022369442789,8.25535888882869e-05,9.28727874993228e-05,0.000918408676382192,0.000335373954858666,0.000263139564581415,0.00363751751039014,0.00595933719787321,0.00294355140379798,0.00047468313610765,0.031349725380327,0.00228312269269169,0.00257206025380069,8.25535888882869e-05,0.0110389627141556,0.00388775807670776,0.00611670497669151,0.0013956716121426,8.77131881938049e-05,0.0552876863582774,0.000216703170831753,0.000670747909717331,0.0152362967491945,0.00197096693470785,0.00240437327637136,0,0.000570135723259732,0.00283777961803486,0.000257979965275897,0.000257979965275897,0.000257979965275897,0.00151176259651675,0.00182391835450059,4.12767944441435e-05,0.000701705505550439,0,8.77131881938049e-05,0,0.00243533087220446,0.00161495458262711,0.00266235324164725,0.00104739865902014,0.000319895156942112,0.000206383972220717,0.0280037252306986,0.00203546192602682,0.0256432085484241,0.000221862770137271,8.77131881938049e-05,0,0.00832243367980043,0.000134149581943466,9.02929878465638e-05,0.000668168110064572,0.00597997559509529,0.00645981833050845,0.0761402069515281,0.138568778748642,4.64363937496614e-05,0,0.00399352986247088,0.00012383038333243,0,0.0145113730467692,0.00170524757047368,0.000634630714578706,0,0.000619151916662152,0.000570135723259732,4.64363937496614e-05,4.64363937496614e-05,0,0.00012383038333243,0.00157625758783573
0.141820894598177,0.000147433695381345,2.50637282148286e-05,0.00304745448353239,0.000249162945194472,0.000368584238453362,0.000459993129589795,0.000147433695381345,2.35893912610151e-05,0.0408907354140159,0.00117062354132788,0.000288970042947435,0.00017986910836524,0.000788770270290194,0.0057233760547038,0.000448198433959288,0.000371532912360989,0,0.00165273172522487,0,0.00117209787828169,0.00290444379901249,0.0524377424362828,0.00931338653723954,0.000513069259927079,0.00287348272298241,0.000471787825220303,7.07681737830454e-05,4.71787825220303e-05,0.000684092346569439,0.000955370346071113,0.000815308335458836,9.43575650440606e-05,2.50637282148286e-05,5.30761303372841e-05,0.000471787825220303,0.000144485021473718,0.000126792978027956,0.00406622131861748,0.00285579067953665,0.00178247337716046,0.000420186031836832,0.000168074412734733,0,0.000524863955557587,7.81398585521127e-05,0.000288970042947435,0.0107316986868081,0.000455570118728355,0.00332020681998788,0.000516017933834706,0.0800904063420078,0.00250342414757523,0.000638387901001222,0.000557299368541483,0.0293511000765181,0.00991491601439543,0.00301207039664087,0.00103793321548467,0,0.02846649790423,0.000100254912859314,0.000126792978027956,0.0214692947214314,0.00135196698664693,0.00246804006068371,0,0.0011838925739122,0.00294572523371927,0.000275701010363114,0.00258156400612734,0.000207881510487696,0.000538132988141908,0.000648708259677916,5.01274564296572e-05,0.000221150543072017,0,0.000131215988889397,0.000455570118728355,0.001952022126849,0.000451147107866915,0.00279091985356885,0.00119273859563508,0.000253585956055913,2.35893912610151e-05,0.00857621806033282,0.0042107063400912,0.00994735142737932,0.000255060293009726,2.50637282148286e-05,0,0.0132380715082909,0.000144485021473718,0.000493902879527504,0.00127530146504863,0.00376398224308573,0.000582363096756311,0.0381293022995234,0.410162014887855,0.000280124021224555,0,0.00838013124547563,2.50637282148286e-05,0.00034646918414616,0.00219823639813585,0.000613324172786394,0.000252111619102099,0.000405442662298698,0.00159523258402615,0.000119421293258889,0.000126792978027956,0.00094947299825586,0.000150382369288972,0.000305187749439383,0.000269803662547861
0.00038466754510949,1.42314434534523e-05,1.08828685232282e-05,0.000263490989822006,0.000154034446790307,4.33221881597739e-05,1.40221575203133e-05,2.11378792470394e-05,0.0126465210817906,0.00436005384508488,8.47608029212968e-05,0.0241212502239359,2.82536009737656e-05,0.000822075145370009,0.000665319981448895,0.266153525463401,2.13471651801784e-05,0.00269350995949899,0.000138338001804882,4.8135764621971e-05,7.11572172672615e-06,0.00145014223072016,9.85736745084711e-05,0.000450801899981415,0,0.001202975543683,0.000334857493022407,0.000262444560156311,8.45515169881578e-05,0.000125362273950264,3.34857493022407e-05,6.90643579358714e-06,0.000358506803467114,0.000129966564479322,0.0120573811800043,0.00145474652124922,9.94108182410271e-05,0,0.00561137443932299,3.34857493022407e-06,2.11378792470394e-05,4.9391480220805e-05,4.41593318923299e-05,1.71614465173984e-05,0.000118246552223537,0.00216590012205556,0.000764521513756783,0.00121030055134286,0.000855979466538528,0.0244328769783799,0.000179567330633266,0.000106526539967753,0.000496635519338857,0.000236493104447075,0.000152988017124612,0.000142523720467662,0.000460638338838949,0.000104642966569502,3.18114618371287e-05,1.75800183836764e-05,0.000350344652074693,0.00202525997498615,0.000110712258630533,0.000772683665149204,7.11572172672615e-06,0.000156964449854253,0.0341862293204569,3.68343242324648e-05,0.000103805822836946,0.000266630278819092,9.3969383979413e-05,0.0487069059335073,0.000599394912510109,0,0.000340926785083438,0.000209285933139004,9.33415261799959e-05,0.010476016669206,0.0148182812099741,0.000111758688296228,0.000909765951355252,0.00018710162422627,7.70172233951536e-05,0.00012619941768282,0.000356623230068863,2.49050260435415e-05,0.000321463193301511,0.000137710144005465,0.000165335887179813,0.00097736530775915,0.00164122028767607,0.00603120202119983,2.05100214476224e-05,0.00620951363623426,0.00536755632721604,0.0239125921485964,0.000145453723531608,3.87178976307158e-05,2.46957401104025e-05,0.385356305115451,0.00119565053602313,0.000203216641077973,0.0689268570777991,0.000400363990094915,7.32500765986515e-06,0.00294904808386171,0.000669714986044814,3.87178976307158e-05,0.000490775513210965,0.000534097701370739,0.00383495543883912,0.000751755071835304,0,0.000741290775178353,0.00568860094865128
0.000120882572294794,0.000112248102845166,1.94275562616633e-05,0.000275223713706896,0.00105232596417343,0.000181323858442191,5.18068166977687e-05,7.33929903218391e-05,0.000692916173332657,0.00627078343779242,0.000275223713706896,0.0530706871634581,5.50447427413793e-05,0.000522385401702502,0.00115593959756897,0.00929284774516227,9.06619292210953e-05,0.0221355417428029,0.00350451528786781,0.000262272009532454,0,0.00570414638016058,1.94275562616633e-05,0.00143224261995707,0.000366964951609195,0.00173660766805646,0.000451151028743069,0.00468204105906085,3.45378777985125e-05,0.0003378236172167,0,0.000134913585150439,0.0319453783462617,0.00241765144589588,0.00329728802107674,0.00783362240817512,0.00197945212132725,0,0.109304828071524,0,0.000274144405025693,0.00102210532109973,0.000162975610861731,5.28861253789723e-05,5.18068166977687e-05,0.227027184547753,0.00390062157386951,0.00458166535170892,0.00377973900157471,0.0129592593352106,0.00121853950107877,0,0.00573004978850946,0.000537495723239351,0.00153153901862779,3.5617186479716e-05,0.00282994736211562,0,0.000388551125233266,0.000516988858296484,0.0008904296619929,0.00334261898568729,0.00282778874475321,0.000765229854973293,0.000157579067455713,0.000997281221432048,0.00216725183185666,0.000328109839085869,5.82826687849898e-05,0.00053425779719574,0.000140310128556457,0.00216509321449425,0.00361784269939418,0.000173768697673766,0.019049798223242,0.00129301180008181,0.00226654823052738,0.0012573946136021,0.00109226038537796,0.000266589244257268,0.04544968856548,0.000727454051131169,0.000991884678026031,0.00151642869709094,0.00159953546554361,0,0.000484609597860378,5.61240514225828e-05,0.00023636860118357,0.0138885441097268,0.00904352743980426,0.00764258477160209,0.000545050884007775,0.000461944115555105,0.0104174873909763,0.0137298857335899,0.000111168794163962,8.63446944962812e-05,0,0.00569119467598614,0.170876150408141,0,0.00520442646076335,0.00144951155885632,0.00106851559439148,0.00991884678026031,0.069383358571168,9.49791639459094e-05,0.00145274948489993,0.00284505768365247,0.00415425911395233,0.0155452829353742,0,0.0209677297497407,0.00347321533611291
0.0623777478423469,0.000248031712413913,0.000222782975222077,0.0295038920185771,7.42609917406925e-05,0.000304470066136839,0.000203475117369497,0.000237635173570216,2.52487371918354e-05,0.125867925340969,0.00374572442340053,0.000224268195056891,0.00214168700180157,0.0064131792467262,0.00406207624821588,0.00136937268769837,0.00160552264143377,4.9012254548857e-05,0.000525767821524103,0,0.00269567400018714,0.00106341740172672,0.00784196072781713,0.0039358325622567,0.00148967549431829,0.00433981235732607,0.00227238634726519,0.00017377072067322,0,0.000975789431472699,0.000199019457865056,0.00264814696547309,0.000124758466124363,0.000126243685959177,0.000130699345463619,0.00142878148109092,0.000956481573620119,0.000178226380177662,0.00367146343165984,0.000488637325653757,0.000224268195056891,0.000148521983481385,0.000100994948767342,0.000399524135564926,0.00168720973234853,5.04974743836709e-05,5.04974743836709e-05,0.00600474379215239,0.00231991338197923,0.00387345332919452,0.000144066323976943,0.048366183920713,0.00294370571260105,0.000678745464509929,0.00047081468763599,0.0251819022992688,0.0074632296699396,0.0081182116170925,0.00578938691610439,2.37635173570216e-05,0.0877512435003067,0.000375760618207904,0.000714390740545462,0.138115048098844,2.67339570266493e-05,0.00250259542166134,0.000228723854561333,0.000319322264484978,0.0958263837421896,0.000766373434763947,0.000750036016580994,0.00103371300503044,0.00039358325622567,0.00190108138856173,0,0.00125946641992214,5.04974743836709e-05,0.000944599814941609,0.000264369130596865,0.00142878148109092,0.00181048297863808,0.00705033855586135,0.002616957348942,7.42609917406925e-05,7.72314314103202e-05,0.000800533490964665,0.0246546492579099,0.064898165902026,0.00268379224150863,4.9012254548857e-05,7.12905520710648e-05,0.0120807781363759,5.04974743836709e-05,0.000484181666149315,0.00137679878687244,0.00860536372291145,0.00114658971247629,0.00515519804663887,0.012095630334724,0.00199167979848537,2.52487371918354e-05,0.121425632815041,2.52487371918354e-05,0.000130699345463619,0.00267933658200418,0.0010188608066823,0.000227238634726519,0.000203475117369497,0.00131144911414063,2.37635173570216e-05,9.9509728932528e-05,0.000150007203316199,7.27757719058786e-05,0.000100994948767342,0.00209713040675716
0.000182497032716575,1.95695072489096e-05,1.93419548390385e-05,0.000107177185049261,0.000159741791729471,4.9151320532145e-05,0,0.000101943479622227,0.0154228196838296,0.00430642935680946,0.000149501933285274,0.131016030612171,0,0.000396168745585483,0.000688573592269772,0.129295051736316,1.092251567381e-05,0.00508966475158559,0.000123560958559976,4.73309012531766e-05,5.93911789763418e-05,0.00214946006364186,3.09471277424616e-05,0.000182952137536317,8.19188675535749e-06,0.00127315573322848,0.000145178437497724,0.000278751702092026,1.45633542317467e-05,9.71648790149347e-05,1.93419548390385e-05,0,0.000537251239705529,0.000165430601976247,0.0626490468284655,0.00162836504503717,0.000167251021255215,0,0.0144570872563369,3.02644705128485e-05,3.54981759398825e-05,0.000109452709147971,3.43604138905273e-05,2.36654506265883e-05,2.77613940042671e-05,0.0042652423706228,0.0011652958909496,0.000945480263014177,0.00046966817397383,0.0154913129592008,6.09840458454391e-05,0.000472398802892282,0.000685615410941448,0.00012014767241191,0.000994859135956193,5.00615301716291e-05,0.000247349469529822,3.86839096780771e-06,2.29827933969752e-05,0.000125381377838944,8.80627826200931e-05,0.00355186556567709,0.000244391288201499,0.000121512986871136,0,0.000192964443570643,0.00906364003757345,0.000104446556130808,4.05043289570454e-05,0.000140854941710175,0.000183862347175802,0.036518976050564,0.000549994174658307,0,0.000545670678870758,0.000240750449643562,0.000192054233931159,0.0101590773386926,0.0059020268548252,0.000164975497156505,0.00120762063918562,0.000170891859813152,7.80504765857672e-05,0.000218905418295942,0.000279889464141381,0,6.75830657316993e-05,4.369006269524e-05,3.86839096780771e-06,0.000934785299750238,0.00549197741223759,0.00384381530754163,4.61931392038214e-05,0.00352342151444321,0.00585765413490035,0.0130797125193875,3.57257283497535e-05,5.16543970407264e-05,2.77613940042671e-05,0.108929111052858,0.00137942270863825,7.73678193561541e-06,0.365906323044324,0.000749102533295469,3.64083855793666e-06,0.00369567868871558,0.00106540038301622,9.3068935637256e-05,0.00028626093161777,0.000833069372537883,0.0110408429269429,0.000972103894969089,0,0.00124380147235511,0.0043949472442493
0.000952941085946408,0.000182301772963661,6.05699613634673e-05,0.00110939704477777,0.0236633225602982,0.000863565866084353,0.000491662357386842,0.000956295122894873,0.000320014584141837,0.00787922468081899,0.00145052233206584,0.00248119815670021,6.07672576545535e-05,0.00102377045444636,0.00332345602334725,0.00238649593697883,0.000307782214094492,0.000655418278988399,0.00495036123964416,0.000968724789233304,1.99269253997075e-05,0.147306737924826,8.24698496740369e-05,0.005972947916344,0.000335009102264389,0.00379736171453634,0.000883690087775147,0.00123191804154231,0.0014138252219238,0.00331201283846425,0.000120745330144762,8.9967108735313e-05,0.00204181931645122,0.00151227607117582,0.00109874304505912,0.00440976940206794,0.000529740541566481,1.32188515027763e-05,0.318949776058845,0.000421227581469064,0.000269112141041594,0.00334081809696284,0.000599780724902087,0.000153299218173987,0.00024070147512518,0.00409725207698738,0.000138107403760349,0.0189122305746511,0.0162907547549886,0.00658081778918063,0.00152016792281927,3.39349620668286e-05,0.00664789852814994,0.000840876792609439,0.0312961241735505,7.0434775917778e-05,0.000928673642142803,0.000131596626154504,0.000580051095793465,0.00201557890973675,0.000320803769306182,0.00022452317925611,0.000324946991418992,0.000759985313264091,2.68322955877249e-05,0.000937157382659511,0.000218209697941351,0.000512773060533067,0.00015625866254028,0.000129426366952556,0.000555980948280948,0.000214066475828541,0.00837720051952059,0.000229652882824352,0.000437405877338134,0.000302849806817337,0.000668045241617916,0.000254709511792301,0.000216434031321575,0.00256643015444946,0.00556395270492229,0.000142842514746418,0.00273709144623903,0.00481126735442838,0.00214165123974084,1.06539997186555e-05,0.000457135506446755,0.000321592954470527,0.000289236362732388,0.000169674810334143,0.000265758104093129,0.0119508282399652,0.00150122747887499,0.000580642984666724,0.00273571037220143,0.0158505867295752,0.000295944436629319,0.000128439885497124,6.19510354010708e-05,0.000566240355417431,0.000626415724198725,5.5637554086312e-05,0.000713620684858832,0.125843663602721,0.000323368621090303,0.14722584644548,0.0010689513051051,0.000938538456697114,0.000728023314108125,0.000627796798236329,0.000266547289257473,0.00752981294930531,3.35403694846562e-06,0.00191910102339559,0.00179401517484693
0.246015308550694,0.000877643665028302,0.000103337811305157,0.000266349569983713,0.000148457137367971,0.000360954608502519,0.000563263844719656,0.00168105876137262,0,0.049971836807764,0.0140437541025839,2.32873940969367e-05,0.00312487719538269,0.0015340570861357,0.00171453439038696,0.000410440320958509,0.00452939815185419,0,0.00217737134806358,9.89714249119809e-05,0.00423539480138036,0.000154278985892206,0.000992625173381926,0.0286245737315284,0.00532553593754321,0.0011410823107499,0.000614205019306705,2.32873940969367e-05,0,0.00134193608483598,0.0136551457135913,0.00738355939085999,6.98621822908101e-05,2.61983183590538e-05,0,0.00157335456367429,0.000216863857527723,0.000902386521256297,0.00189646715676928,0.0536483341508179,0.0062351997694548,0.000500678973084139,0.000385697464730514,0.000145546213105854,0.00106394281780379,0.000208131084741372,2.32873940969367e-05,0.0210896462790383,0.00117455793976424,0.000400252086041099,0.00201435958938502,0.00482194604019695,0.00128517306172469,0.00111197306812873,5.23966367181076e-05,0.00457888386431018,0.000972248703547107,0.0454060521026334,0.0389641767105683,0.00164176128383404,0.0367387751121797,2.32873940969367e-05,0.000193576463430786,0.00521928720197594,0.0144294515673144,0.000427905866531212,2.61983183590538e-05,6.98621822908101e-05,0.00109741844681814,0.000263438645721596,0.0006389478755347,0.000403163010303216,0.000704443671432335,0.00208276630954478,0,0.000675334428811164,0,0.000125169743271035,5.23966367181076e-05,0.00469677629692592,0.000432272252924387,0.000487579813904612,0.00480156957036213,0.000883465513552536,0.000145546213105854,0.0467916520514011,0.00164758313235827,0.0115301710022458,0.00122986550074447,0,0,0.00143654112335478,0.000368231919157811,7.56840308150442e-05,0.000123714281139976,0.00151368061630088,0.00406365026991545,0.0115330819265079,0.00407383850483286,0.000247428562279952,0,0.000976615089940283,5.23966367181076e-05,0.00100717979469251,0.251295725162175,0.00334319651504147,0,0.000292547888342767,0.000991169711250868,9.31495763877468e-05,7.27731065529272e-05,0.00022996301670725,4.80302503249319e-05,0.000366776457026753,0.000430816790793329
0.000988387261604349,0.000764295078524283,0.000236631963051132,0.000982162478741013,0.00613186219160712,0.000684275043744887,0.000674531905350102,0.00140896606897925,0.0004818342793199,0.00869232287605898,0.00376012970643202,0.00467219571727722,0.000374208685755279,0.00158235784670868,0.00422761992089293,0.00431684180860074,0.000452063578669167,0.0010506350902377,0.00756690017721686,0.000656759699204058,0.000132885581995546,0.122567959292446,0.000156882571004925,0.0105128463279735,0.000649452345407969,0.0057467375822799,0.000715579386550355,0.0016288181825727,0.000374840185466052,0.00283417070194982,0.000340558772595511,0.000428156803904184,0.00169738100831378,0.0034691887682544,0.00263371465090155,0.00641711963238778,0.000618779502313274,0.000221927041214558,0.208202116714859,0.000272447018076409,0.000436727157121819,0.00394588083564372,0.000561673885610503,0.000146959004121348,0.000366991546203586,0.00647233074995823,0.000355895194142858,0.0355867227727095,0.0190735466214585,0.00751232055935718,0.00342615657367743,0.000180608917281116,0.00694270782023982,0.001132910481127,0.00557325559030608,0.000274612159941916,0.000985680834272464,0.000312772785321493,0.000644310133477387,0.0015700887094708,0.000585219803397901,0.000557614244612676,0.000317734568763282,0.00116286161026653,0.000106723451120659,0.00193500532805327,0.000395679675921566,0.00108437521764186,0.000196937695516821,0.000171948349819084,0.000995965258133626,0.000676336190238025,0.0082242011618873,0.000875980313086731,0.000591805443238821,0.000642505848589464,0.00204768291930408,0.000397393746565093,0.000497892414822417,0.00403600486579549,0.00593411256789073,0.000318185639985263,0.00362471812559338,0.00376364806196347,0.00286818147208717,0.000151740359074344,0.000665420266666089,0.000757529010194571,0.000573401737382004,0.000391529820679342,0.000916035437598627,0.012970282345325,0.00138000729652809,0.000496088129934494,0.0034527697757743,0.0189314591865345,0.000723157383079633,0.000155258714605794,0.000142177649168351,0.00176179397881264,0.000936062999854575,0.000146688361388159,0.00207835576239878,0.0324309382894874,0.000112226520028825,0.345323708556027,0.00217073514866044,0.00111234163340467,0.000992176259868987,0.000905751013737464,0.000497080486622851,0.00699611465292235,2.51697741865291e-05,0.00296200428625918,0.00300458540961417
0.000558553562288862,0.000121673862029776,6.78904882340053e-05,0.000573542371379486,0.00107875340719877,0.000268476021652657,0.000208520785290159,0.000799256202391244,9.12553965223318e-05,0.0125160964379977,0.000683754202928196,0.00367049483789823,4.4084732619484e-05,0.00121850200960254,0.0048867926108698,0.0016827142440857,0.000173252999194572,0.00306873823764228,0.00129344605505566,0.000668324546511377,0.000178102319782715,0.0121250648596629,0.000114179457484463,0.00162011392376604,8.86103125651627e-05,0.006287805413517,0.000355763792239236,0.00427004720152322,0.000272443647588411,0.00161085612991594,0.000216896884487861,9.52230224580853e-05,0.0394029340152948,0.0101430152810909,0.00152753598526512,0.00831482141936087,0.00191107315905463,5.11382898386014e-05,0.179526697493651,0.000106685052939151,6.70087935816156e-05,0.00144068906200474,0.00059117626442728,8.99328545437473e-05,7.18581141697588e-05,0.120984817658933,0.000804987217631777,0.00433176582719049,0.00968806084045779,0.00546033498224928,0.000639669470308712,0.000137103518446595,0.0236686520960747,0.000148124701601466,0.00279938052133723,0.000180306556413689,0.000544005600524432,0.000482286974857154,0.000394558356944381,0.000448782578066347,0.00166816628232127,0.000302862113095855,0.00438158157505051,0.00122070624623351,0.000135340129141816,0.0024343589352479,0.000757375706402734,0.000367666670046496,0.000127845724596503,0.000306388891705413,0.000712850126457055,0.000622035577260919,0.00364360315100035,0.000463771387156971,0.00484755719883845,0.00265125581973576,0.00368680618896744,0.000354000402934456,0.000168844525932624,0.001024970033403,0.115732562614648,0.000229240609621317,0.00041086970801359,0.00224964390557227,0.0352937960878327,4.54072745980685e-05,0.000622476424587113,0.00153723462644141,3.13001601598336e-05,0.0016060068093278,0.000718581141697588,0.00333545086999016,0.000746354523247863,0.000163113510692091,0.0012811023299222,0.0138311440120369,0.000317410074860284,0.000323141090100817,1.49888090906245e-05,0.00101483054490052,0.0200351884335769,0.000224391289033173,0.00137368026842312,0.00264993327775718,1.58705037430142e-05,0.0074234281257949,0.192236325907848,0.00071417266843564,0.00068772182886395,0.000409106318708811,0.000532543570043366,0.0225101053228347,5.15791371647962e-05,0.0649716380872693,0.00191504078499038
0.000312976350004707,0.000345025128245189,0.000288939766324346,0.000405116587446093,0.00587143632608831,0.0375716841032051,0.042684966519042,0.00221587255803333,4.90746916807381e-05,0.0115936455284944,0.00264252191835974,0.000794709547931952,0.000175767518162644,0.00119381698945795,0.00478528320103197,0.000886349023213331,0.000227846782803427,0.000450185181846771,0.0598841436666607,0.0580313236746328,8.31265185612502e-05,0.00709880438026677,6.00914592009038e-05,0.00782991713387776,0.000422643263046357,0.00313877721892721,0.000585390965048804,0.000702569310490567,0.00534363300944037,0.0014892666638624,0.000999521271375033,0.00035303732280531,0.00024136736112363,0.000414631068486236,0.000335009885045039,0.000842281953132668,0.000339015982325099,0.000242869647603653,0.0783272140197381,0.0007180929374508,0.000702569310490567,0.0083376899641254,0.00360047993045415,0.00027591995016415,7.66166104811523e-05,0.00313777569460719,8.46288050412728e-05,0.0694236628148041,0.199015401440993,0.000362051041685445,0.00449283809958757,5.65861240808511e-05,0.00274868349628134,0.00126893131345908,0.00963616624502493,3.35510647205046e-05,0.00032249083104485,0.000203309436963058,0.000767167629131538,0.00254337101067825,0.000297953485204481,9.01371888013557e-06,8.36272807212578e-05,0.000166753799282508,3.40518268805121e-05,0.00120483375697812,0.000298955009524496,0.00044016993864662,0.000361550279525438,0.000179773615442704,0.000964467920174505,0.00015423474528232,0.0408787174078948,0.000591900873128902,0.000309471014884654,0.000133703496722011,0.000377574668645679,3.2048778240482e-05,4.15632592806251e-05,0.00535314749048051,0.00167254561442516,0.000113172248161702,0.00354539609285332,0.0112446143029691,0.00120132842185807,5.00762160007532e-05,0.000128195112961928,0.000214826966643231,0.000424646311686387,0.000129196637281943,4.90746916807381e-05,0.00109917294121653,0.0083311800560453,0.000109666913041649,0.000237862026003577,0.00231902956299488,0.000766166104811523,7.41127996811147e-05,5.00762160007532e-05,0.000492749965447411,0.000203309436963058,1.6024389120241e-05,0.000270912328564074,0.0030050737222052,0,0.0115996546744145,0.000661006051209942,0.248621902535659,0.000229349069283449,0.000187785810002824,4.20640214406326e-05,0.00195397394834939,1.70259134402561e-05,0.00140864395610119,0.000548835327368254
0.000843536408476176,0.000124867219971606,7.14945513952733e-05,0.00420378032405402,0.000136782978537485,3.94709502494738e-05,9.03611691245815e-05,0.000345060508470242,0.000189907402143695,0.0152171684235377,0.000598518622965291,0.000578162535415248,0.000119157585658789,0.00789270058007402,0.0024640795734357,0.00203635348991468,9.38365987062962e-05,3.79814804287389e-05,0.00074572789024792,0.000122384770270381,0.000133804038896015,0.00283421282388832,0.000337116669426323,0.00116724784951589,9.90497430788682e-05,0.0046995255293886,0.00132910357003574,0.00204553855380921,8.86234543337241e-05,0.000339599119127548,0.000151181186804588,0.000137775958417975,0.00195195020007303,7.09980614550283e-05,0.000155649596266793,0.0814687860498242,0.00606884478458419,0,0.0119795575232004,2.78034366537174e-05,6.15647525903742e-05,0.000280020326298154,0.000110717256674625,6.62814070227013e-05,0.000300128168878074,0.0007156902488631,0.000782716390796169,0.00384332862743618,0.0017384595257677,0.0178840641375635,0.000796121619182782,0.00156295033189111,0.00141598930957861,0.00100489563905579,0.000362934146319061,0.000673985093882524,0.0518794750810458,0.000193879321665654,0.000162103965489977,1.58876780878385e-05,0.001992414130203,0.000450316375802173,0.000396695462255718,0.00334733517713147,1.19157585658789e-05,0.00124147309558251,0.000263139668329825,0.00026562211803105,0.00116575837969515,0.0116429373437143,0.00077278659199127,0.00108284455967424,0.00029367379965489,0.000115185666136829,0.000113696196316094,0.00126207742810267,0.000130576854284423,0.000399177911956942,0.000934642312511124,0.00103766397511195,0.00627761880445719,0.00404415880826527,0.000783957615646781,0.000306582538101259,0.00205298590291288,2.43280070720027e-05,0.00184073645345816,0.00189286789718388,0.000272572977194479,0.00032172548127873,7.74524306782127e-05,0.409660552310304,5.13867088153527e-05,0.000707498164849058,0.00368743078619927,0.152193778037718,0.00071370428910212,0.000185687237651612,6.25577324708641e-05,0.000872332825010383,0.000121888280330136,0.000292432574804277,0.000154904861356425,0.000797114599063272,3.89744603092288e-05,0.00541620875813219,0.000664055295077625,0.000129583874403933,0.119234789844497,0.00284166017299199,0.000551103833671898,0.000564509062058512,0,0.000170047804533896,0.0211839845254015
0.000276984071527359,3.87148190884832e-05,3.17902173002992e-05,0.000249285664374623,0.000266911923471819,9.159359638007e-05,0,0.000152655993966783,0.000819621048019595,0.00357970436986439,0.000174688817838278,0.00351927148153114,4.24918746093108e-05,0.000811437427724469,0.00111832318879171,0.0100985874441861,1.07016573090116e-05,0.000458912245780557,8.4668994591886e-05,2.64393886457934e-05,3.05311987933567e-05,0.000600551827811593,2.20328238714945e-05,0.000166819952169887,5.35082865450581e-06,0.00288157860776475,0.00019546262320283,0.0144859521862542,0.000203016734244485,0.000107331327716852,4.81574578905523e-05,5.35082865450581e-06,0.00470148985955019,0.00011897724890607,0.00125996277082275,0.0503528714120333,0.00192850159800924,0,0.00688431319596182,0,5.03607402777017e-06,0.00013125267934876,8.78165408592424e-05,2.83279164062072e-05,1.10164119357472e-05,0.00057694523080642,0.0155451015052196,0.00067577818360141,0.00177458658553551,0.223525830967952,0.000168708479930301,0.000126846114574461,0.00155835015696813,0.00018318719276014,0.000251174192135037,0.000198610169470186,0.00146549754208112,0.000555856670815133,1.13311665624829e-05,6.92460178818399e-05,0.000471817185476718,0.0101089743468684,0.000787201321465825,0.000652486341222973,5.66558328124144e-06,0.000502977893523546,0.0001139411748783,8.15214483245296e-05,0.000177836364105634,0.000542636976492236,0.000318531682256463,0.00103050664793247,0.000446636815337867,0,0.000204275752751428,0.000915306454547229,0.000118032985025863,0.000463948319808327,0.00407607241622648,0.000349377635676556,0.00958805543962094,0.000467725375329155,4.09181014756326e-05,0.000190111794548324,0.00189702613533568,5.22492680381155e-05,0.000316328399869314,0.000320420210016877,0,0.00396307550522839,0.00019042654917506,0.0141730860872789,2.20328238714945e-05,0.0110230217829087,0.196689536737845,0.132403422264106,0.000123069059053634,9.12788417533344e-05,8.52985038453573e-05,0.00338613027442197,0.000857391603227872,4.46951569964603e-05,0.00213088882300025,0.00109534610104001,8.52985038453573e-05,0.00469141771149465,0.000804827580563021,4.34361384895177e-05,0.0036593372904285,0.215429397704432,0.00239622697333839,0.000408551505502855,0,0.000162098632768852,0.018998589269763
6.37647223444871e-05,3.01111188848967e-05,4.60522994710185e-05,0.000166496775010605,5.75653743387731e-05,7.43921760685683e-05,0.000193951030464482,5.66797531950997e-05,0.0205278124892065,0.00318823611722436,7.61634183559152e-05,0.296036579695718,5.84509954824465e-05,0.000425098148963248,0.00102112117865547,0.08709552575342,0.000278085039113458,0.0160988211496957,0.000205464105332236,2.83398765975498e-05,0,0.0020466704630293,0.000153212457855504,0.000167382396154279,6.28791012008137e-05,0.00122481404170036,0.000125758202401627,0.00118761795366607,5.75653743387731e-05,0.00014966997328081,4.78235417583654e-05,4.25098148963248e-05,0.00169153638441626,4.78235417583654e-05,0.0191869820776849,0.00420935729587982,0.000673072069191809,0,0.0126794379139725,0,7.97059029306089e-05,0.000309967400285701,0.000104503294953465,4.51666783273451e-05,0,0.00680245600455563,0.0187964231533249,0.000968869531178735,0.0013266604732228,0.0419332755317934,0.000573882501100384,0,0.00100075189235098,0.000226719012780399,0.000462294236997532,7.52777972122418e-05,0.000751006729835071,0.000141699382987749,0.000108931400671832,3.01111188848967e-05,0.000154983700142851,0.0404162065126808,0.000394101408934677,0.00029402621969958,0,0.000229375876211419,0.00156577818201463,0.000100960810378771,0.000108931400671832,0.000515431505617938,0.000199264757326522,0.00625514213776545,0.000332993550021211,0,0.00122215717826934,0.000602222377697934,7.43921760685683e-05,0.004406850810919,0.00354514143812475,0.000343621003745292,0.0014966997328081,0.000278970660257131,0.000137271277269382,0.000749235487547724,0.00114422251762607,4.78235417583654e-05,0.000224062149349378,0.000166496775010605,4.60522994710185e-05,0.0164433277745846,0.0157543145248067,0.00496213526800224,0.000263029479671009,0.00250365097316479,0.0503785587578632,0.026356970856865,0.000243545814510194,6.37647223444871e-05,0,0.0221245874112497,0.0026001836778252,4.60522994710185e-05,0.0653916083854152,0.000584509954824465,0,0.00262498106984805,0.00142585004131423,0.000274542554538764,0.000943186518012206,0.00572288383041772,0.162665577943074,0.00251516404803255,3.18823611722436e-05,0.00211929139681052,0.00568745898467078
0.00027848117299623,0.000124431721445807,0.000114372869712164,0.00044482477666555,0.00334587212666106,0.000656433213136264,0.000310706753550309,0.00124990546542121,2.81275298477798e-05,0.00364987297905561,0.000780119834453654,0.00101352244968059,4.58236578977074e-05,0.000722002024437049,0.00611503675392659,0.000486550383856959,0.000213657461823864,0.000562550596955595,0.00318977364975749,0.00138365093847224,1.91863283067637e-05,0.0609400630280199,5.17844589250515e-05,0.00218686887690685,0.000131323897633674,0.00244281077101844,0.000246069317410047,0.000995826321630667,0.00107536576033929,0.0105996081518425,8.92257403780564e-05,5.02942586682155e-05,0.000643207685856845,0.00905557441072825,0.000582295750358673,0.00270285071583632,0.000184226006751352,0,0.52932155280357,2.71961546872573e-05,0.000103568917850103,0.00275277242444033,0.0021557609465454,0.000101519892496953,0.000105990493267462,0.0110980801377541,0.000182176981398203,0.0070879512466084,0.00902781943094468,0.000567580022822417,0.000900080955128953,4.47060077050804e-05,0.0335647117598781,0.000434393374867698,0.0080522970878134,7.61864881307412e-05,8.94120154101609e-05,5.97942853055451e-05,0.000323187180701311,0.000533491691947293,0.000253520318694227,7.56276630344277e-05,0.000274196847257827,0.000447991452211327,3.11079303614518e-05,0.00177631870614853,0.000125176821574225,0.000220922188075939,9.09022156669969e-05,7.41374627775917e-05,0.00123388581266022,0.000173049504825082,0.00469059158342346,0.000168020078958261,0.00118992490508356,0.000208255485892833,0.00241095774052857,4.76864082187525e-05,2.08628035957042e-05,0.00159917115061715,0.00437150245342845,7.78629634196818e-05,0.00111522861720965,0.00921968271401232,0.00449220867423217,0,0.000451344402789208,0.00033846173333388,0.000112510119391119,6.96668620070837e-05,0.000170255379343515,0.00126592511818219,0.00133503315509296,0.000149951400844124,0.000545227018969877,0.00432847292101231,0.000266000745845229,3.55785311319598e-05,1.50882776004646e-05,0.000170814204439828,0.000651403787269443,5.77452599523956e-05,0.000458981679105492,0.00799194397741155,9.50002663732959e-06,0.0247166477349142,0.00450822832699315,0.00102563032676739,0.000267118396037856,0.000241971266703748,9.48139913411914e-05,0.171549990816641,6.70590115576207e-06,0.020427478845676,0.0010261891518637
0.00140974895624356,0.0425997216649497,0.00260261345768042,0.00031628982992644,0.000722948182689006,0.000759095591823456,0.00189773897955864,0,0,0.00918144192015037,0.181206961990999,0,0.00331652478808581,0,0.000144589636537801,0.000162663341105026,0.000921758932928482,0.000153626488821414,0.00534981655189864,0,0,0.000759095591823456,0.000153626488821414,0.0345930705416689,0.00894648376077645,0.000144589636537801,0.00155433859278136,0,0.000144589636537801,0,0.00631675974624519,0.0190677583184225,0,0,0,0.000433768909613403,0,0.108866959460681,0.00950676860236043,0.00385873592510257,0.0588931663323031,0.00102116430804822,0,0.00509678468795749,0.000451842614180629,0,0.000153626488821414,0.0478772433985794,0.00105731171718267,0.000298216125359215,0.00309964033327911,0.000162663341105026,0.000144589636537801,0.00166278082018471,0.000867537819226807,0.000478953171031466,0,0.00104827486489906,0.00633483345081241,0.000162663341105026,0.00419309945959623,0,0,0.000614505955285655,0.0012199750582877,0,0,0,0.000487990023315079,0,0,0,0,0.26408393428401,0,0,0,0,0,0.000325326682210053,0.000153626488821414,0.000153626488821414,0.0264056823727159,0.000786206148674294,0,0.000804279853241519,0.000307252977642827,0.000759095591823456,0.000786206148674294,0,0.000307252977642827,0.00401236241392398,0.000605469103002042,0,0.000153626488821414,0.000614505955285655,0.000587395398434817,0.00126515931970576,0.000162663341105026,0.000325326682210053,0,0.000153626488821414,0,0,0.000795243000957906,0.00204232861609644,0,0.000289179273075602,0.000289179273075602,0,0,0.000614505955285655,0.112797990204052,0,0
0.000215956340594265,7.10566023890809e-05,3.01874454594134e-05,0.000324631144248154,0.0016672758338353,0.000363178189988636,0.000223387096399659,0.00106631345807405,3.99403124539932e-05,0.00336381026865433,0.000586100864150458,0.00179266983805132,0.000256825497523933,0.00118938535110089,0.00474360873726844,0.00076211689229073,0.000150937227297067,0.00160968747634349,0.00255014250796368,0.000514115417285703,1.57903560864624e-05,0.0373237575660188,0.000265649520042838,0.000989219366593087,2.32211118918565e-05,0.00226359398721817,0.000349709945091359,0.00124372275292783,0.000615823887372034,0.00409991951562618,8.49892695241948e-05,4.59778015458759e-05,0.00154652605199764,0.035845966005221,0.0011494450386469,0.00185025819554313,0.000400796391253443,3.01874454594134e-05,0.345456301815009,3.15807121729248e-05,6.40902688215239e-05,0.00203556266844014,0.000932559853576957,0.000128180537643048,0.000140255515826813,0.0610394791411718,0.00021363422940508,0.00432284218978801,0.00520988866405692,0.00149033096121935,0.000518759639664074,7.43075580539408e-05,0.0593118284164177,0.000349245522853522,0.00369447890199437,0.000538265373653234,0.000251716852907724,2.5078800843205e-05,0.000230353429967216,0.00101754912310115,0.000334848433480571,7.10566023890809e-05,0.000873578229371641,0.00029444369878874,7.43075580539408e-06,0.0011944939957171,0.000424481925383137,0.000640438265977402,0.000152794916248416,0.00015047280505923,0.000942312720571537,0.000219207296259125,0.00276609884855795,0.000424481925383137,0.00284551505122809,0.000460706859934433,0.00733787135782665,0.000236390919059099,6.22325798701754e-05,0.00148243578317612,0.0125505465553106,0.000122143048551165,0.000295372543264415,0.00325885084290314,0.00627713096660665,0,0.000468602037977664,0.000284226409556323,0.000531763462323514,0.000121678626313328,0.000255896653048259,0.000825742738874417,0.000868005162517596,0.000117034403934957,0.00178895446014862,0.0035723358534432,0.000544302862745116,4.55133793080387e-05,1.67192005621367e-05,0.00026379183109149,0.00271733451358505,7.05921801512437e-05,0.00072496311326376,0.00445334483862024,0,0.0149334970576529,0.0502713851346801,0.000334384011242734,0.000386863724118329,0.000169049694572715,0.000110996914843074,0.0926889258052966,1.53259338486253e-05,0.182395331999203,0.00085593018433383
0.000541494627562563,3.05073306136069e-05,1.24631048036331e-05,0.000295295853546013,0.000369864665788626,2.85350547692609e-05,1.69951429140451e-05,4.54462710516317e-05,0.000202514962230078,0.00601938587694392,0.000506581148786056,0.00158965433054286,7.83874739837932e-05,0.000790630833687714,0.000892559727856147,0.00509371709289226,8.93818627331261e-06,0.000162272142342253,0.000362688938780474,2.02263182335055e-05,1.6407656492325e-05,0.00148285769173731,0.000136842372944941,0.00238137621044234,2.50101362389405e-05,0.00198113010398761,0.000341539427598551,0.000965450007465274,9.73548927421843e-06,5.74897426968933e-05,1.97227584434598e-05,1.87995654950425e-05,0.000545690959146278,7.46107755584499e-05,0.000636919207776239,0.00860902602388602,0.000564238744746298,2.09816579185742e-06,0.00946046170222176,4.82578132127207e-06,3.89839204127109e-05,4.65373172633976e-05,3.89839204127109e-05,2.29539337629202e-05,7.42750690317527e-05,0.000654250057216981,0.000498859898672021,0.00685709955100091,0.00206904325066644,0.0503480479378849,0.000321648815891743,0.00012169361592773,0.000895916793123119,0.000190387563953142,0.000530038642339022,0.000156732984651749,0.00374107157019762,0.000106502895594683,0.000171126401983891,9.42915706860725e-05,0.000220559188040052,0.0010819401722292,0.000145360926059882,0.00117325234749083,7.13376369231523e-07,0.000327523680108943,0.000231763393368571,0.000105160069487894,0.000151319716908757,0.00038555894591172,0.000127232773618234,0.000917318084200065,0.000630205077242295,0.000210991552029182,9.65995530571157e-05,0.000326013000738806,5.49299804308273e-05,0.000429284721014028,0.00119167424314334,0.000221524344304307,0.00269425469332411,0.000463191080210444,0.000557272834317331,9.74807826896958e-05,0.000943545156598282,1.51907203330477e-05,0.000483165618548927,0.000354631982139741,3.60884516199476e-05,0.000253836097498911,0.000330922708691752,0.0740755334649471,2.0645951391877e-05,0.00153560557974461,0.00619210688492962,0.459537837860294,0.000154047332438172,3.04234039819326e-05,0.000194290152325997,0.00241742269874645,0.000294834257071805,4.17115359421255e-05,0.000495754613300071,0.000312920446197616,1.06167189067986e-05,0.00146607236540245,0.000380313531432076,5.80352658027763e-05,0.00223458853164399,0.0013782431453553,0.000412121724836635,0.000358702423775945,0,9.5844213372047e-05,0.322662985308895
