0.509443304321464,0.000518274391345272,6.94360611872386e-05,0.00238215611223409,0.000231453537290795,7.30667049094472e-05,0.000110734633527361,0.000570918725317295,0.000121626564693987,0.084438788708335,0.00302614154246083,0.000160655984707729,0.00163651265778551,0.00386845088601322,0.00535429182932707,0.00330479344814034,0.000697537425129319,6.21747737428215e-05,0.00231635069476906,7.35205353747233e-05,0.00166056567244514,0.00231998133849127,0.00403772964956119,0.00857966494604409,0.00101975705547533,0.0063227660422262,0.00135377627791852,0.000731574710025024,0.000366241185477788,0.00103291813896833,0.00111959975783606,0.00217611708099875,0.000807818228191404,9.1673753985766e-05,1.9514710006871e-05,0.00239168655200489,0.000420700841310916,0.000167917272152146,0.00841628597854471,0.00354123912054917,0.00045836876992883,0.000120265073298158,0.000142502766096686,0.000127526360742576,0.0010410870873433,0.000342188170818156,0.00028863617591558,0.0148933543789648,0.000592702587650547,0.00619342435962252,0.000866816188677293,0.0265767658770319,0.00342732767376488,0.000513282256227235,0.000227822893568587,0.0074360121735484,0.00367965741245837,0.00843988516273907,0.00532252369675774,2.90451497776685e-05,0.0572275678408471,2.49606755901838e-05,0.000588618113463062,0.0133607688977275,0.000804641414934471,0.00177447711922943,3.99370809442941e-05,0.000153848527728588,0.0029185837221904,0.000693452950941834,0.00101748790314895,0.000173817068200735,0.000280013397075335,0.000628555194407356,1.27072530277299e-05,0.000794657144698398,9.7573550034355e-05,0.000116180599110674,0.000150671714471655,0.00254871189299041,0.00212574189935311,0.00178809203318771,0.00220788521356808,0.000868631510538397,0.000535973779491038,0.00808498973889318,0.00378313075854132,0.0272021442581823,0.000404816775026254,0.0001801706947146,3.53987762915334e-05,0.0191189698411503,9.48505672426985e-05,0.000298620446151654,0.000366695015943064,0.0277930315239718,0.0027175368260731,0.0188689092547831,0.0198913892930501,0.000735659184212509,0.000571372555782572,0.00468216891025321,0.000178809203318771,0.000921729674975697,0.0178732052139674,0.00353806230729224,0.000299981937547482,0.000113911446784293,0.00204042177188121,0.00032448878267239,6.17209432775455e-05,0.000302251089873862,4.85598597845394e-05,9.66658891038028e-05,0.00267986889745519
0.00224140717840989,0.181314482744548,0.00286861455368127,0.000289439019924037,0.00179570330728382,0.000408651380634865,0.0011153336630468,0.0030506550504424,0,0.0062156895280533,0.444774873900709,0.000214260053710001,0.0032794139047794,0.00032649151041524,0.00619474681603653,8.86037816093991e-05,0.00317845929300626,1.2887822779549e-05,0.00464552311941159,0.000417780255103712,0.000285143078997521,0.00219307784298658,1.93317341693234e-05,0.0460605416214922,0.0147028578210021,0.00176670570602984,0.000922016321353565,0.000112768449321053,0.000202983208777896,0.000708830252875193,0.00446831555619279,0.0190063166441398,0.000231443817416067,8.80667889935846e-05,3.59785052595742e-05,0.000374283853222734,0.000258293448206794,0.0107425372793699,0.0108268451200528,0.00300447368548235,0.00559116711586099,0.00354307727914433,0.000652446028214666,0.00972601025763295,6.28281360503012e-05,0.000597672781401583,3.54415126437596e-05,0.0445682391421436,0.00332291030666037,0.000236813743574212,0.00380942561658835,0.000143914021038297,0.000899462631489354,0.00242613263825009,0.000888722779173064,0.000167541696134136,0.00038556069815484,0.00186443836210808,0.00659158435912348,0.000233591787879325,0.00226557184612154,3.27565495646869e-05,0.000172374629676467,0.000961753774923841,0.000252386529432834,0.00066587084361003,0,0.000844152392060457,0.000165393725670878,0.00016324575520762,0.00266240938920849,4.13484314177196e-05,0.000549880438594089,0.0449070814827225,0.000104176567468021,0.000206742157088598,0.000272255256217972,0.000107398523162908,6.7661069592632e-05,0.00534468750520212,0.000989140398330383,0.000255071492511906,0.0492416858775775,0.00106217139408116,0.000121360331174086,5.85321951237849e-05,0.00032649151041524,0.000426909129572559,0.00156318550463613,3.32935421805015e-05,0,0.00106270838669697,0.00101330506604204,3.54415126437596e-05,1.3961808011178e-05,0.00143538126207227,0.00149069150150116,9.61216782308027e-05,6.98090400558902e-06,0.000113842434552682,0.000937052114596372,0.000170763651829024,4.83293354233086e-05,0.00337660956824183,0.000100954611773134,0.00801515178364782,4.83293354233086e-05,0.000488126287775417,0.000522493815187547,5.63842246605267e-05,7.24940031349629e-05,0.000394152580007872,0.00156264851202031,0.000115453412400126,0.000766825455383163
0.00573011272141707,0.0343085346215781,0.213140096618357,6.95652173913043e-05,0.000914653784219002,0.000605475040257649,0.00079098228663446,0.00303510466988728,0,0.0159407407407407,0.195589049919485,6.44122383252818e-05,0.00266666666666667,0.000399355877616747,0.0074280193236715,0.000159742351046699,0.00135523349436393,0,0.00450112721417069,0.000541062801932367,0.000177777777777778,0.00849210950080515,0,0.0325616747181965,0.00327987117552335,0.00896876006441224,0.00140161030595813,3.09178743961353e-05,0.000146859903381642,0.000626086956521739,0.000816747181964573,0.0071085346215781,0,0.000448309178743961,0,0.00048695652173913,0,0.00525346215780998,0.0262312399355878,0.00151755233494364,0.00259710144927536,0.00280837359098229,0.000244766505636071,0.0404328502415459,0.000298872785829308,0.000213848631239936,0,0.0250331723027375,0.00235233494363929,0.000126247987117552,0.00398325281803543,7.21417069243156e-05,0.000852818035426731,0.00366634460547504,0.000636392914653784,0,0.000602898550724638,0.00139903381642512,0.00330821256038647,0.000553945249597423,0.00298099838969404,9.53301127214171e-05,3.09178743961353e-05,0.00144283413848631,0.000963607085346216,0.00105636070853462,6.44122383252818e-05,0.000322061191626409,3.34943639291465e-05,0.00010048309178744,0.00682769726247987,0.000103059581320451,0.002285346215781,0.231742351046699,0,0.00180869565217391,9.27536231884058e-05,3.34943639291465e-05,0,0.00689210950080515,0.00103059581320451,6.95652173913043e-05,0.029714653784219,0.00166441223832528,0.00152012882447665,0,0.000744605475040258,0.00118260869565217,0.000306602254428341,0,0,0.00152528180354267,0.00135780998389694,0.00010048309178744,3.34943639291465e-05,0.00436457326892109,0.00286247987117552,0,0.000144283413848631,6.44122383252818e-05,0,0.000363285024154589,0,0.0090280193236715,0,0.0076341384863124,6.44122383252818e-05,0.00122125603864734,0.00106924315619968,0,6.18357487922705e-05,0.00143768115942029,0.000986795491143317,9.27536231884058e-05,0.000507568438003221
0.00383600607977638,5.41050993828836e-05,1.2730611619502e-05,0.327138526786343,0.000176409903870242,0.000105936875262285,2.81892114431831e-05,0.000619707987049331,9.82075753504442e-05,0.248544731959246,0.000338270537318197,0.000181411215577904,0.000153676668835417,0.0631906640969018,0.00816077671280149,0.00133716888474841,0.000282801443833224,0.000256430891192826,0.0002468829324782,0.000888869489861659,0.000796572555620269,0.000731100838719973,0.000472851288724361,0.00399468406031946,0.000379645025081578,0.0218607334741885,0.00512361651214887,0.00132261961432612,0.000159132645243775,0.00189595180190441,8.82049519351212e-05,0.000460575341805555,0.000545597640835801,3.54638466543271e-05,6.86543698051716e-05,0.00376644238056981,0.004028329248171,8.95689460372107e-05,0.00739603068622998,0.000269616167513025,4.13744877633816e-05,0.000255066897090737,0.00033917986671959,3.59185113550236e-05,0.00207054304697186,0.000551053617244159,0.000154131333536114,0.00647624399672096,0.000609250698933311,0.00197961010683256,0.00121941072726802,0.000561965570060875,0.0047685233809049,0.00197188080692072,0.000217784391633624,0.00169362601009447,0.0123377813181002,0.000933881295230613,0.000642441222084156,1.22759469188055e-05,0.00607522973070664,7.32010168121366e-05,0.000883868178153998,0.0301460883149808,7.13823580093506e-05,0.00432886261533138,3.40998525522376e-05,0.00325130727468068,0.0347850322561872,0.0180961097524214,0.00191868503693923,0.000428294148056104,0.000443752747879785,0.000155040662937507,0.000122304804487359,0.0017022646394077,4.09198230626851e-05,0.000179592556775118,0.000215965732830838,0.0059251903794768,0.00243882145453603,0.0215474694954086,0.000952522547959169,0.000535140352719781,0.000935699954033399,8.18396461253702e-05,0.0221530828767363,0.0214874537549166,6.18343992947241e-05,0.000143674045420094,0,0.025729475412415,5.72877522877591e-05,0.000296896049554815,0.00119076685112414,0.0202871389450779,0.00269206969282398,0.00051058845888217,0.000183684539081386,0.00125987588563,0.000426475489253318,0.00279982522688905,0.000117758157480394,0.0010398181704929,0.00014685669832497,0.00314946238172466,0.000432840795063069,6.59263816009926e-05,0.00994669965713735,0.000221876373939892,5.18317758794011e-05,0.00109892458158344,0,0.000212328415225266,0.0028580223085782
0.000610311067257556,0.00040120332644341,5.59983441502287e-05,0.000556439242505437,0.241128869910885,0.00377279983214674,0.00223568072721293,0.000578413276285906,3.61508297678691e-05,0.00214920227168979,0.00124968456628928,0.00117454754755606,0.000118376246494787,0.000697498362580063,0.00193832243137722,0.000372849734468611,0.000319686749515862,0.000271485643158704,0.00457485206513387,0.00124578594739275,5.42262446518037e-05,0.0403446804408416,3.50875700688142e-05,0.0076086864064374,0.000348394761390347,0.00233917133792094,7.44281789338482e-05,0.000689346704887309,0.00344212606574064,0.00204996469977799,0.000237815752688629,0.000184652767735881,0.000384900011057901,0.000586210514078976,0.000210525420412885,0.00238595476467936,0.000150274037466436,0.000112351108200142,0.238325408504376,9.85287321124277e-05,0.000707776539670928,0.000765546983319582,0.00102710886928711,0.000123692544990062,5.35174048524337e-05,0.00204996469977799,4.53657471596789e-05,0.012152349520399,0.0889721539373215,0.000956933729149477,0.00100584367530601,1.52400556864546e-05,0.00461348383419954,0.000729396153551713,0.126059006660259,4.1112708363459e-05,0.00020733564131572,0.000153818236463286,0.00043097459801695,0.0163096949437039,0.000264397245165004,9.25035938177828e-05,8.93138147206179e-05,0.00155023264122215,1.73665750845646e-05,0.00064114559853015,0.000265814924763744,1.45312158870847e-05,8.3643096325658e-05,6.45044217426685e-05,0.000470315206881984,4.1112708363459e-05,0.0675875204500282,0.000334926805202317,0.00041892432142766,4.1112708363459e-05,0.000238879012387684,3.57964098681842e-05,8.2934256526288e-05,0.00128477213635809,0.00220449177604065,6.37955819432985e-05,0.0027109578126905,0.00386282248666672,0.0021063174638279,5.31629849527487e-06,0.000545097805715517,0.000189969066231155,0.000117667406695417,5.10364655546388e-05,2.16196138807845e-05,0.00163741993654466,0.000444442554204979,0.000119793926093527,0.000588691453376771,0.00642846814048638,0.000254119068074139,4.64290068587339e-05,1.87842546833046e-05,0.000161261054356671,0.000684384826291719,2.55182327773194e-05,0.000270776803359334,0.0394607572110273,1.59488954858246e-05,0.0323050194363873,0.000500795318254893,0.00473930289858771,0.000235689233290519,0.000197766304024225,9.10859142190428e-05,0.00406094321059063,8.86049749212479e-06,0.00123869754939905,0.00139499672516013
0.000116306948319926,0.000109165293598527,0.000132630730540266,0.000503996776053012,0.00966367907444155,0.124276014752618,0.0113695143164671,0.00101207449766111,0,0.00360449516152893,0.00153137481954569,0.00141404763483699,0.00010406411165467,0.000915152040727837,0.00223941887335296,0.00330250519045263,7.95784383241597e-05,0.000272403115801931,0.013676268791479,0.027544342024047,5.81534741599629e-05,0.0112379038223156,0,0.00252304458943137,0.000474409920778644,0.00100289237016217,0.000218330587197054,0.000270362643024389,0.0307856330311733,0.00109981482709544,0.000134671203317809,0.000461146847724618,4.99915830497926e-05,0.000556028831880347,0.000341779190238378,0.0020210882861559,1.53035458315692e-05,0.000142833094427979,0.101757357179659,0,0.000618263251595395,0.00173644233368872,0.00220167012696842,8.97808022118725e-05,4.08094555508511e-05,0.00326373620767932,1.22428366652553e-05,0.0164523320053256,0.421303556033933,0.00141812858039208,0.00244244591471844,0,0.00211188932475655,0.0002877066616335,0.0207281427106661,0,0.00035912320884749,1.22428366652553e-05,0.000181602077201288,0.00531237087633205,0.000250978151637734,1.22428366652553e-05,7.75379655466172e-05,0.000122428366652553,0,0.000498895594109155,0.000625404906316794,0.000164258058592176,3.06070916631383e-05,0.000139772385261665,0.00020710798692057,0.000676416725755358,0.0589237526334852,0.000365244627180118,0.000354022026903634,8.97808022118725e-05,0,0.000371366045512745,0,0.0027281121035744,0.0012610121765213,1.22428366652553e-05,0.0022271760366877,0.00527870307550259,0.000714165472139895,0,6.12141833262767e-05,0.000369325572735203,0,7.65177291578459e-05,0.000112226002764841,0.00614692424234695,0.00153137481954569,8.87605658231012e-05,0.000140792621650436,0.00416460493896436,0.000146914039983064,2.85666188855958e-05,0,0.000195885386644085,0.000354022026903634,0.000539705049660006,0.000137731912484123,0.0052287114924528,2.44856733305107e-05,0.0149056536399484,0.000461146847724618,0.0510811955130004,0.000516239612718267,3.77487463845373e-05,1.22428366652553e-05,0.00352185601403845,1.22428366652553e-05,0.000987588824330597,0.000394831482454485
0.000148373409739405,0.000347243652205247,0.000381531625044185,0.000645860724747999,0.0018889555945815,0.00794608185100193,0.193174075050762,0.00837561663802062,0,0.00653217053466171,0.0048888415091446,0.000684512621402802,0.00071007274661001,0.000584765791325891,0.00555153451146808,1.6208859887498e-05,0.000519306934087918,0.000198870242465841,0.22137686783732,0.0231562266023549,5.73544272942238e-05,0.0031289333759751,1.68322775754787e-05,0.0285188655543648,0.00114771196357246,0.00123124993376187,0.000892734129188354,8.47848055653744e-05,0.00156228472607962,0.00265700618617372,0.00100619614840084,0.000523670857903783,6.48354395499922e-05,0.000109721513084602,0.000659575913883574,0.00152862017092866,0.000362205676716783,0.000536762629351377,0.0288866819902734,0.000471927189801385,0.00118698727791524,0.0324788147084182,0.005424980720808,0.000348490487581208,0.000176427205698536,0.00141079422790031,0.000262458846639872,0.228387199738663,0.0212448279710061,7.73037933096061e-05,0.0133797904194417,0,0.00279789858365735,0.00306721502486501,0.00192199673204448,2.36898721432664e-05,2.43132898312471e-05,0.000308591755550444,0.00061094933422108,0.00135468663598205,0.000265575935079776,0.000238145556808625,8.60316409413358e-05,0.00015273733355527,5.61075919182625e-05,0.00135094612985416,0.000178920876450459,0.000231911379928818,0.000120319613780274,0.000344126563765343,0.00435644280360909,0.000124683537596139,0.00612694903747426,0.00123249676913783,0.000142762650547579,0.000111591766148544,0.00027866770652737,7.35632871817219e-05,4.05221497187451e-05,0.0104042177947098,0.0007362562895052,4.17689850947065e-05,0.0083700058788288,0.00617869270557666,0.000865927168605184,0.000307344920174482,1.74556952634594e-05,0.000213832266977378,0.0013496992944782,0.000127177208348062,0.000465693012921578,0.00116703791189986,0.0142644201186863,3.36645551509575e-05,3.49113905269189e-05,0.00213333532826993,0.00271062010734006,3.8651896654803e-05,2.68069605831698e-05,6.54588572379729e-05,0.00104360120967968,1.68322775754787e-05,7.97974640615288e-05,0.00287021503546311,0.000347243652205247,0.0119752303684212,0.000292382895662945,0.0507468232193165,0.000458835418353791,2.49367075192278e-05,0,0.000798598058303269,9.35126531971041e-06,0.000633392370988385,0.0005747911083182
0.00137770016086731,0.000656614024874968,0.000433778378682891,0.00178268516953661,0.00120556588361219,0.000743620077742099,0.00330184840916631,0.153574446510056,4.69457119786679e-05,0.0325396378294807,0.00646724128218129,0.000386206723877841,0.000917632183476361,0.00267277586865216,0.028678822476355,0.000602156998979713,0.00349902039947671,0.000239736102504397,0.0304633854743708,0.00434592104357188,0.00105909526223875,0.00446610206623727,0.000130196107887506,0.0184465350934846,0.000930151040004006,0.013814558178256,0.0108050250690102,0.000411870379759513,0.000133951764845799,0.0227943339655356,0.000819985102560732,0.000786184189936091,0.000785558247109709,0.000222835646192077,0.00017338616290788,0.00308464624841167,0.000687285223367698,0.000437534035641184,0.0700436282149988,0.00108037731833574,0.000499502375453026,0.0539568975769753,0.0134871900800581,0.000277918614913714,0.000813099731470527,0.00232349977153087,0.000185279076609143,0.117915735576712,0.0071257331355354,0.00211255703904005,0.0307125107192709,0.000152730049637266,0.00699741485612704,0.0112043765922421,0.00144154632915829,0.000272285129476274,0.000322360555586853,0.000734230935346365,0.00292690865616335,0.000575241457445277,0.000761146476880802,9.2013595478189e-05,0.000397473694752721,0.000918884069129126,0.000498250489800262,0.00850781489618738,5.57089115480192e-05,0.00818107274081585,0.000486357576098999,0.000852534129532608,0.0275971932723665,4.06862837148455e-05,0.0024173911954882,0.00241363553852991,0.000343016668857467,0.00158739100770536,0.000185905019435525,1.50226278331737e-05,0.000737986592304659,0.177797807948222,0.002593907072528,0.0012406186818896,0.00729661552713775,0.00724779198667994,0.00190411807785477,0.00012018102266539,0.000623439055076709,0.00176328094191877,0.00274663712216526,0.000263521929906922,0.000151478163984502,0.00665252035879043,0.00481475222053218,9.4517366783718e-05,0.00039434398062081,0.00613486564137232,0.0162513536013621,0.000299826613837092,0,3.88084552356988e-05,0.000234102617066957,5.63348543744014e-05,0.000120806965491772,0.00251566421923022,0.000138333364630475,0.0114578834369269,0.000423763293460775,0.00221333383408759,0.000911372755212539,0.000231598845761428,7.01055965548107e-05,0.00569545377725199,7.01055965548107e-05,0.00101402737873923,0.00124124462471598
0.000152305524882915,1.29805845070666e-05,4.24032427230843e-05,0.000218939192019191,6.92297840376887e-05,0,0,3.28841474179021e-05,0.169196726815811,0.00261342434742275,7.61527624414576e-05,0.0273743219808026,0,0.000759796879813633,0.000459512691550159,0.385549321028893,1.03844676056533e-05,0.00310755193099175,9.60563253522931e-05,1.03844676056533e-05,5.45184549296798e-05,0.000313264772770541,2.33650521127199e-05,0.00012461361126784,0,0.000849795599062629,0.000156632386385271,0.00144690248638769,1.03844676056533e-05,0.000110767654460302,1.29805845070666e-05,2.16343075117777e-05,0.00111633026760773,0.000109902282159831,0.00502954381033808,0.00198516405728072,0.000126344355868782,0,0.00761960310564811,0,0,2.07689352113066e-05,0,1.29805845070666e-05,0,0.00162863066948663,0.00312918623850353,0.000480281626761465,0.00122882866666897,0.0312961892465376,0.000143651801878204,0,0.000454320457747332,0.000294226582160177,0.000209420096714008,0.000185189672300817,0.000482012371362408,3.54802643193155e-05,2.59611690141333e-05,1.03844676056533e-05,0.000115959888263129,0.0365533259718996,0.000266534668545101,0.000756335390611749,0,0.000121152122065955,0.00442551394460925,8.04796239438131e-05,0,0.000449128223944505,0.000489800722066648,0.00933044414367949,0.000341822058686088,0,0.000268265413146044,0.000348745037089857,0.000181728183098933,0.00302620693474747,0.0574261058592628,0.000126344355868782,0.00180516661878273,0.000178266693897048,8.56718577466398e-05,2.07689352113066e-05,0.000758066135212691,5.19223380282665e-05,0.000160093875587155,9.95178145541775e-05,0,0.00184756986150582,0.00132142350281938,0.00345543159578114,0,0.00937284738640258,0.0342756660770597,0.0253432931915969,1.29805845070666e-05,4.84608488263821e-05,0,0.0521724306231027,0.00118209856244353,9.25948361504086e-05,0.0734406856517811,0.000899987192489953,0,0.00243342690892476,0.000561626623005749,0,0.000941525062912566,0.00226554468263336,0.0163122678638804,0.000739893316902798,0,0.000610952844132603,0.00667028969203131
0.0049737303177981,0.000249887235519293,6.20706137769252e-05,0.0195008330529744,0.000354541843789528,0.000125574067207057,0.000180824364234717,0.00124765945642649,6.75727180452399e-05,0.608598126877378,0.00248087588914865,0.000659507435578096,0.000187300799467213,0.0203732031474329,0.0102638316310243,0.00356289908166441,0.000655896679652015,0.000108093423437933,0.00197112885412374,0.000323821761624771,0.00151588703950683,0.00226417321999763,0.000448822692970546,0.00823286739298264,0.00030089632717346,0.0405276976502003,0.0106384905435449,0.00110363041448612,6.10962828127445e-05,0.00169877469284216,0.000175207632794146,0.000271207889559012,0.00130308169421253,0.000179964660442793,0.000262152342950744,0.00393950665611333,0.00144923133883964,0.000142768143045541,0.0163777011176722,0.000441887749049024,0.000137208725191098,0.000516968546877069,0.000369214121838368,8.35058949889012e-05,0.00502915255558415,0.00108288289630769,0.000205927714958903,0.0277656814270166,0.00153256529307016,0.00448690871722451,0.00243135695073381,0.000727997171001389,0.00574620283163504,0.00261412997689689,0.000488139813054545,0.000771842064389522,0.00183988074188998,0.00158529379230817,0.000845776590495,0.000164891187291056,0.0064257127087719,0.000255389339787607,0.00131305425819885,0.00473507654515995,8.5511870503391e-05,0.00558887703771291,6.00646382624355e-05,0.00410720620912467,0.00796034129094268,0.00241399093413695,0.00382671351861287,0.00060047444186597,0.000634690652784552,0.000328406848515034,0.000117951360251996,0.00299904802133441,0.000113652841292376,0.000454324797238861,0.000827264302175566,0.00877849273292385,0.00445681908450716,0.00110523519489772,0.00381421915683691,0.000574052878660834,0.00121871609543171,0.000332762681060783,0.0025815185463899,0.0194302227148643,0.000422343816179281,0.000243296173114541,4.46472835939287e-05,0.0255474737030938,0.000135603944779506,0.000488025185882288,0.00122060744377394,0.0333571375761053,0.00356404535338697,0.00070965682344034,0.000298202588625431,0.00175190438718308,0.000560354931576175,0.00112082449032461,0.000396667329593813,0.00136778873295136,0.000325025346933465,0.00355905907139381,0.000762213381919971,0.000350587206346677,0.0050545997878251,0.00101038120985542,0.00014345590607908,0.000746681400079207,2.05182638339236e-05,0.000283874192093362,0.0056672820235364
0.00156117085043293,0.0516212616139787,0.00177761534500271,0.000292171208403264,0.000459208639679251,0.000523391647135677,0.000710630564571511,0.00159984226679606,2.30874127541102e-05,0.00627388897886567,0.628379694204909,6.92622382623305e-05,0.00258232711654722,0.000406800212727421,0.00395129525580218,0.00037309259010642,0.000772158519561214,4.17882170849394e-05,0.00482884781458591,0.000307870649076059,0.000156532658472867,0.00113971013060665,9.71980076948038e-05,0.0596583363048757,0.0146401901756363,0.00147413130434993,0.000772851141943838,0.000135984861121709,0.000101122867863003,0.000667918850976407,0.00332908948207892,0.0123887056838555,0.000285360421640802,6.03735843519981e-05,3.15143184093604e-05,0.0002912477118931,0.000197743690238954,0.00400843660236861,0.00774628872725904,0.00113474633686451,0.00278018624384995,0.00219538207878834,0.000336960789146238,0.00370529887290714,7.51495285146286e-05,0.000756920827143502,6.46447557115085e-05,0.058903031596625,0.00237096185278334,0.000359355579517725,0.00163389620060838,0.00055536771380012,0.000548903238228969,0.00136746745742595,0.000422384216336445,0.000294479949678675,0.000161611889278771,0.00122975104034768,0.00339281074128026,0.000283513428620473,0.00147851791277321,0.000144180892649418,0.000164266941745494,0.00109919172122318,0.000276125456539158,0.000795361369379095,4.02875352559222e-05,0.000340654775186895,0.000171077728507956,0.000146835945116141,0.00229096396759035,5.97963990331453e-05,0.000752072470465139,0.0166463709069047,0.000122940472915637,0.00037505502019052,0.00010262354969202,2.79357694324733e-05,6.74152452420017e-05,0.00305007809894549,0.000967247157333445,0.000187700665690916,0.0564981312470931,0.00107333381893858,0.000249113183616849,0.0001466050709886,0.000263889127779479,0.000356700527051002,0.00169242279194005,4.05184093834633e-05,7.61884620885635e-06,0.00145092845453205,0.000662031560724109,7.39951578769231e-05,0.000275317397092764,0.00167210586871643,0.00063294142065393,0.000193241644751902,5.06768709952718e-05,0.000132521749208592,0.000381634932825441,0.000511039881312229,8.57697383815193e-05,0.00125607069088736,0.000162073637533853,0.00332043170229612,0.0001822751236937,0.000939773136156054,0.000439007153519405,4.43278324878915e-05,1.6969248374271e-05,0.00022625664499028,0.000573606769875867,0.000192549022369279,0.00057845512655423
0.000112747683814177,1.38308494119876e-05,7.35310981396807e-06,0.000262961212870953,0.000176999857664803,9.1213576501842e-05,0.000187679374299376,9.1213576501842e-05,0.00379770614487132,0.00290062674756722,0.000175599265319285,0.560124715745407,2.73115507375957e-05,0.000421753370044026,0.000694518729333603,0.045577200737622,2.74866247807854e-05,0.014088733477606,0.0012426755585606,5.16468427409662e-05,0,0.00119540556689938,4.90207320931205e-05,0.000342794976565464,3.67655490698404e-05,0.00108038192052374,0.000129029569830821,0.000284670394226478,2.52106622193191e-05,0.000136732827731168,2.57358843488883e-05,3.74658452425992e-05,0.00163921826638531,0.0001481126405385,0.0368884510481595,0.00119382990051067,0.000204836630531968,2.10088851827659e-06,0.0170599150645787,1.52314417575053e-05,8.7537021594858e-06,0.000428406183685235,4.04421039768244e-05,3.93916597176861e-05,2.87121430831134e-05,0.00708472130575824,0.00184475519309004,0.00385302954251927,0.000581946119562616,0.0185065518834553,0.000322836535641836,7.87833194353722e-06,0.00111539672916168,8.31601705151151e-05,0.00024667932685431,9.01631322427038e-05,0.000316008647957437,1.10296647209521e-05,5.58486197775194e-05,2.92373652126826e-05,7.86082453921825e-05,0.0100571284110332,0.000231798033183184,0.00023424906978784,2.62611064784574e-06,0.000132531050694615,0.00341814561923602,8.35103186014945e-05,4.72699916612233e-05,0.000124827792794268,0.000176824783621613,0.010940026810839,0.00049948624522026,4.76201397476028e-05,0.00113027802283281,0.000150738751186346,0.000452041179515847,0.00585867778130066,0.00198113787273483,0.000262786138827764,0.00221206053570206,0.000172973154671439,0.000316008647957437,0.000396717781867896,0.000298326169595276,6.82788768439892e-06,6.81038028007995e-05,3.30889941628563e-05,6.30266555482978e-06,0.00495844705121914,0.0479911216451218,0.0035597805201765,0.000173323302757819,0.000755444496363625,0.013629164114233,0.0202639451289937,0.000157216490784365,2.20593294419042e-05,1.27804051528493e-05,0.0308744825905496,0.0044500320297962,9.8041464186241e-06,0.0686663157015681,0.000892877620267552,4.55192512293262e-06,0.00343862928228921,0.00106217422003201,0.000187329226212996,0.000445038217788258,0.0012580820743613,0.023536604218339,0.00154082665411269,0,0.00169576718233559,0.00572964821146984
0.00191195973914287,0.0042392222085094,0.000516189950065724,0.000132230822123098,0.00131936975851713,0.000707190026465754,0.00369070916859136,0.00421277604408478,0,0.00667520779828825,0.071283187487634,0.000338902699663644,0.143404816336286,0.000646461797046257,0.00460457107259766,0.000218425728395932,0.0158667191672005,0,0.00792699291438691,0.00118713893639404,0.0017287955633131,0.00438320688148788,6.56256672759079e-05,0.213351003289119,0.058816269680354,0.000875661888726294,0.00124003126524328,1.46923135692331e-05,8.81538814153987e-05,0.00120379022510583,0.0313631920324563,0.0335033723757079,6.75846424184724e-05,3.72205277087239e-05,5.87692542769325e-05,2.64461644246196e-05,5.87692542769325e-05,0.00291299603699329,0.00903675233264965,0.0114002558421536,0.0082139827727726,0.00396692466369294,0.000781631081883202,0.000593569468197018,0.000192959051542595,0.000319312948238,5.87692542769325e-05,0.0924215087634753,0.00247516509263014,0.000281112932957994,0.0107939530355299,3.82000152800061e-05,0.0013321030969438,0.0173947197784007,0.000349677062947748,1.17538508553865e-05,0.000265441131817478,0.00648322823431694,0.0658088314517377,0.00036828732680211,0.00330772952822002,9.20718317005275e-05,0.000119497483696429,0.000957938844713999,0.00140850312750382,0.00117146713525352,1.27333384266687e-05,0.000312456535239024,0.000319312948238,9.79487571282208e-05,0.00174054941416848,0.000128312871837969,0.00206671877540546,0.00667128984800312,7.44410554174478e-05,0.000123415433981558,0.000264461644246196,9.79487571282208e-05,0.000105784657698478,0.0123464408360122,0.000657236160330362,0.000107743632841043,0.0323642283303067,0.00103237990013145,0.000535779701491368,0.00120966715053353,0.000295805246527227,0.0010186670741335,0.0528345390825336,4.40769407076994e-05,0,0.000976549108568361,0.00154563138748332,4.89743785641104e-05,0.000158676986547718,0.000854113162158085,0.004189268342374,0.000258584718818503,0.00132524668394483,0.000345759112662619,0.000164553911975411,8.91333689866809e-05,0.000327148848808257,0.00346640651476773,0.00126549794209661,0.00823846996205465,7.93384932738588e-05,0.00195799565499313,0.000322251410951846,2.93846271384662e-05,1.46923135692331e-05,0.000218425728395932,0.000788487494882177,0.000209610340254393,0.000340861674806208
0.00375828135521742,0.000117333369610317,0.00012817395267214,0.0468368453988314,0.000543304515804295,0.000160270580953223,7.33333560064482e-05,0.00142585551330799,4.6125618125795e-05,0.248959091465613,0.00120032887353163,0.00289911200745492,0.000394724759721665,0.194551480441037,0.0147098209730847,0.00263936313487556,0.000602396321513838,0.000340946965316936,0.000546280362134991,0.000845352918369985,0.000721217614289504,0.00495605950332275,0.000257623268057436,0.00349003006455036,0.000207671561792174,0.198638592815797,0.00514056197582592,0.00186373004482475,0.000124560424984866,0.00279283178135862,9.79903684607903e-05,0.000246782684995613,0.00403375970125904,0.000110318874687961,0.000226376881585123,0.00693520987368808,0.004339421631512,6.33430147533959e-05,0.0184017834672181,0.000345410734812981,0.000208946924505329,0.000551381812987614,0.000542666834447717,0.000120309215941014,0.00152639660719509,0.00172917927858683,0.000529488086411775,0.0103104572940544,0.00183609718603971,0.00571086166905868,0.00151470578232449,0.000762666902467062,0.00714415679819341,0.00207820354108709,0.000667864940789161,0.000632579905725188,0.00408264860526334,0.000916560669854507,0.000709526789418911,0.000181101505268098,0.00440574049259609,0.000537565383595094,0.00311911207547427,0.00349534407585517,6.27053333968181e-05,0.0132561200405395,0.000172173966276009,0.0118889312120367,0.00588622404211758,0.00726765442091731,0.00623227245828714,0.000438724773325534,0.000992444751287266,0.00030863777658366,0.000124772985437058,0.008650147601978,0.000180676384363713,0.000623014685376521,0.000370280307719515,0.00846011855771782,0.00992742335920336,0.00223507315480523,0.0016668990660944,0.000475285171102662,0.00185416482447608,0.000157294734622527,0.00411091914540495,0.0111479454756933,0.000131149799002836,0.000491014644564914,0.000225526639776352,0.0221256300291803,0.000118608732323473,0.000485488072807907,0.00194301509349259,0.0188834454518865,0.00301984634430032,0.00054861852710911,0.000301410721209112,0.00127132406456396,0.00104537230388322,0.00110892787908881,0.000427459069359326,0.00141990382064659,0.00027186481835434,0.00709930654278077,0.00125495690974513,0.000293971105382371,0.00807772230422332,0.00102050273097669,0.000258048388961821,0.000946319133161471,3.18840678288905e-06,0.000461468741710142,0.00319074494786317
0.0021722264586005,0.0010188388746795,0.000353368231674221,0.00499379668788826,0.000920180361675152,0.00035178716576069,0.000575507992525353,0.00779844951190124,0.000312418624513763,0.0432510067041938,0.00539317393764624,0.0016046237956428,0.000821996168444865,0.00970284340474955,0.165768752983274,0.00398396988891589,0.000684917753741711,0.000416927081398175,0.0120271684042318,0.00133884661557821,0.000304829508128813,0.00786943937141879,0.000816620544338859,0.0300483157932516,0.00107638967393203,0.0447028995325895,0.0030999959366606,0.00222566648647785,0.000430049928480483,0.0110899125306905,0.000362696520564055,0.000470209002684176,0.00207088013354315,0.000565705383861459,0.000343881836193034,0.0120257454449096,0.00203846828231576,0.000156683632030941,0.0809017198360688,0.000272891976675483,0.000480960250896188,0.00423029995824405,0.0039188299732784,0.000289176955584855,0.000563808104765222,0.00379787843089327,0.000377242326968542,0.0911606241226072,0.00680680497093448,0.0213910312771202,0.00536028776664479,0.0010393927315554,0.0522521730565182,0.0031833181103037,0.00147402775118513,0.00135291810220864,0.00351059875440465,0.000341194024140031,0.000875594302913573,0.000459457754472163,0.00240986066540424,0.000231309943149613,0.00157916863443495,0.00556139935084596,9.07531834366903e-05,0.0464741676755185,0.000101820644831409,0.00619177033057084,0.00081867593002645,0.00114342686866576,0.0263468823830837,0.000269887951439774,0.00234740856181976,0.00188368192938106,0.000383408484031313,0.00274220072042849,0.000467204977448466,0.000112729999634774,0.00157458354328571,0.0166503632419883,0.0105996239909044,0.0010063484539626,0.0106778867536242,0.0037944000858835,0.0146809875400939,0.000289651275358914,0.00375044645348733,0.00229460096030781,0.00164446665666379,0.000353368231674221,0.000975517668648744,0.0489926475691823,0.000569025622279875,0.000948007121753301,0.00419725568065125,0.0685730421621266,0.00174565487512979,0.000881602353384991,0.0005702904750107,0.000714009366550685,0.00121236134249572,0.000530289507398361,0.00106342493344108,0.0022761024891195,0.000270520377805186,0.00956687173618587,0.00134880733083346,0.00149331675533021,0.00344609126513258,0.00136319503064659,0.00023826663316915,0.00480976061555323,4.14239269345172e-05,0.0031431590361,0.0073274499762603
0.000444074919396005,9.82680638465418e-05,2.34128608493438e-05,0.000160152761772272,0.000191150070502389,2.09946310902567e-05,2.33029413148399e-05,0.000112447683797553,0.0185835461009123,0.00533362557273573,0.000618627140188296,0.0149294910153971,6.22144565292423e-05,0.000578616429628855,0.00117240175501926,0.580823394042625,3.1546906402637e-05,0.00263114389742133,0.000188512001674294,0.000100466454536621,6.81501113924563e-06,0.0013956483295968,8.07908578604119e-05,0.00109754655202206,4.83645951817432e-05,0.00132650894239381,0.000417144633442535,0.000762291971784974,5.93565486321393e-05,0.000136959739991936,6.55120425643612e-05,4.33082965945609e-05,0.0013595947222795,9.05736964312645e-05,0.00720401637185515,0.00216717354228011,0.000259190262360342,1.48391371580348e-05,0.0101832754350505,1.85764013311695e-05,2.36326999183518e-05,4.3198377060057e-05,6.62814793058889e-05,2.64906078154548e-05,0.000162131313393344,0.00230380352366853,0.00153678501189989,0.00339992112174204,0.000741846938367238,0.0334307073849659,0.000158833727358225,1.28605855369635e-05,0.000350643315067638,0.00029161652503901,0.00025193557308308,0.000155755980392114,0.000779989016840112,6.45227667538255e-05,0.000110029454038466,2.34128608493438e-05,0.000123109878644437,0.00506531198901156,0.000117064304246719,0.000717444801707358,5.93565486321393e-06,0.000297662099436728,0.00674960901621577,6.9029467668488e-05,6.95790653410078e-05,0.000318766650061489,0.000131683602335746,0.0155611985801914,0.000560149947832189,4.05603082319619e-05,0.000244900722874827,0.000227423516888697,0.000141686279975607,0.00693130600675082,0.0319372306696606,0.000201812265349274,0.00248143349142694,0.000361745188052538,0.000391423462368608,0.000324042787717679,0.000464959630951758,1.64879301755943e-06,0.000217640678317844,0.000261058894446909,4.53967677501362e-05,0.00117064304246719,0.00154338018397013,0.0132171645068944,2.5941010142935e-05,0.00939108534988047,0.0115113232509274,0.0476110967727185,0.000159383325030745,1.65978497100982e-05,1.4289539485515e-06,0.0890332840747259,0.00135519794089934,8.35388462230109e-06,0.0311351478263852,0.00070557349198093,0.000156965095271657,0.00306697485172954,0.000383509255884322,3.78123198693628e-05,0.000678203527889444,0.00140235342120154,0.00437567682953371,0.000560919384573717,1.64879301755943e-06,0.000433192885480113,0.0111570525912211
0.00215009113431781,0.000725680712464739,0.00039029045195834,0.000581942029390568,0.000301451960336109,0.000433212419820766,0.00100117985502357,0.0114501835662765,7.48638974344641e-05,0.049439119680421,0.0121219622725884,5.98911179475713e-05,0.0215598042758266,0.00219301310218024,0.00788067293660126,0.000707713377080468,0.175050757722461,4.49183384606785e-05,0.00463157978794552,0.000726678897763865,0.0229432891004154,0.00758920282925641,0.000289473736746595,0.0795723374904424,0.00416143451205708,0.00523448370861773,0.00581742392330743,0.000628856738449499,0.000339383001702904,0.00347667939685651,0.00525644378519851,0.00577350377014588,0.00014673323897155,0,1.49727794868928e-05,0.00163402933466957,0.000336388445805526,0.000200635245124364,0.0139745941877666,0.00860435727846775,0.00192649762731354,0.00374319487172321,0.00156215999313249,0.00053702369092989,0.00160907470219142,0.00039029045195834,8.4845750425726e-05,0.119413905519765,0.00208421090457548,0.000400272304949602,0.0164361191354118,0.00124573525330948,0.00215608024611257,0.0513736027901276,0.000213611654013004,0.000185662465637471,0.00189655206833976,0.020163343042349,0.0811155319628915,0.000122776791792521,0.00557785945151714,1.49727794868928e-05,0.000300453775036983,0.00174981882936821,0.000985208890237548,0.00256932895995081,0,0.00104709637878337,0.00126869351518939,0.000540018246827268,0.00583339488809345,7.68602680327165e-05,0.000613883958962606,0.00180172446492277,0.000177676983244462,0.000596914808877461,0,0.000435208790419018,0.000245553583585042,0.0426005521961075,0.00117486409707152,0.000535027320331637,0.011430219860294,0.000944283292973374,0.000288475551447469,0.000939292366477744,0.000499092649563094,0.00995490198818548,0.0534158899121397,3.99274119650475e-05,2.39564471790285e-05,0.00743947503438748,0.000985208890237548,0.000139745941877666,6.38838591440761e-05,0.0023706900854247,0.0636622620076701,0.000100816715211745,0.000137749571279414,0.000332395704609021,0.000443194272812028,0.00091932866049522,0.000628856738449499,0.00123176065912172,0.00137949208339239,0.00711207025627409,0.000163702389056695,0.000756624456737651,0.0014254086071522,0.000120780421194269,1.19782235895143e-05,0.000299455589737857,1.29764088886405e-05,5.09074502554356e-05,0.000350363039993292
0.000195987121803484,5.02531081547394e-05,0.000110556837940427,0.000147409117253902,0.000536033153650553,2.01012432618957e-05,0,0.000262991266009803,0.00380416028731377,0.00123455135700143,0.000355121964293492,0.305992850657813,8.71053874682149e-05,0.000494155563521604,0.00135683392017796,0.0536200664011069,0.000423801212104969,0.108864983299217,0.000649940198801296,0.000418775901289495,0,0.00201179942979473,5.02531081547394e-05,0.000407050176053389,5.02531081547394e-05,0.00341386114731196,0.000224463883091169,0.00136855964541407,0,0.000333345617426438,9.04555946785309e-05,2.17763468670537e-05,0.00398004616585536,0.0010084123703051,0.0175299592279782,0.00228651642104064,0.000892830221549203,0,0.0679371769143921,4.35526937341074e-05,0,0.000430501626525601,2.01012432618957e-05,4.02024865237915e-05,2.51265540773697e-05,0.0341134849190422,0.00286945247563562,0.00177225961425714,0.000398674658027599,0.0182686799178529,0.000423801212104969,0,0.00240712388061202,0.00016583525691064,0.000775572969188144,0.000154109531674534,0.00146739075811839,0,7.20294550217931e-05,0.000105531527124953,0.000527657635624763,0.0107558402487194,0.000933032708072994,0.00110221817219395,4.35526937341074e-05,0.00063821447356519,0.00219271061915179,0.000251265540773697,8.71053874682149e-05,0.000264666369614961,0.0012077496993189,0.0077574047954866,0.000492480459916446,0,0.00631681569505074,0.000740395793479827,0.000623138541118768,0.00363832503040313,0.00721969653823089,0.000490805356311288,0.00779593217840523,6.53290406011612e-05,0.00013233318480748,0.000324970099400648,0.0018057616863603,4.02024865237915e-05,0.000112231941545585,0.000100506216309479,6.53290406011612e-05,0.0223961352009622,0.079927568520113,0.00671549035307834,0.000405375072448231,0.00220946165520337,0.0164327663665998,0.0136185923099344,0.000135683392017796,0.000125632770386848,0,0.0298436458294946,0.033029692886505,0.000108881734335269,0.036147060695704,0.000780598280003618,0,0.00443567434645833,0.00541058464466027,0,0.000592986676225925,0.00157962269966397,0.0330866464090804,0.00362659930516702,0,0.00508561454525962,0.00479414651796213
0.000519302018680244,0.000978225288709682,0.000198525922634299,0.000187554753225561,0.00124519041098896,0.00132803393509576,0.0118564009757922,0.00630648193108106,1.79121133203879e-06,0.00584099088616748,0.0060682508239199,0.000230021388555981,0.0004895231302851,0.000519227384874743,0.00598137707431601,0.00036301882995986,0.000443772607512609,0.000102696116370224,0.288281059567181,0.00318537081880897,0.000136505230262456,0.00280839546722031,0.000155536850665368,0.042278334239139,0.00113077678715498,0.00179695813506241,0.00120160426857602,0.000152700766056306,0.000329508251289635,0.00120496278982359,0.000454519875504842,0.000849481974219394,0.000410784465480895,0.000114264356222974,6.65733545074415e-05,0.000423173677194163,0.000176508950011322,0.000218677050119735,0.0152799282679569,0.000358316900213259,0.000922996272638486,0.0121155295484938,0.00261725829133067,0.000237260867689637,0.00024293303690776,0.00141946034683524,2.06735641239476e-05,0.489061669465683,0.00562612016012832,0.000351973026745621,0.0133583316777067,3.78393393893193e-05,0.00133258659723135,0.00470222828182382,0.000756189717342374,0.00012978818776731,4.4705649495468e-05,0.000242037431241741,0.000713349912984446,0.000832390832759524,0.000421830268695134,1.50760287113264e-05,0.000112846313918443,0.000814105550411628,4.96314806585747e-05,0.00100778027568832,1.25384793242715e-05,0.000521690300456296,0.000149566146225239,0.000208676120182518,0.00291721155564167,3.1495465921682e-05,0.00239320760721482,0.00201996394590124,0.000197630316968279,0.000191584978722648,0.000144938850284138,9.70239471521009e-06,3.15700997271836e-05,0.00621975744908818,0.000773430126413247,0.000125459427048217,0.0146365848645329,0.00238566959285916,0.000336299927590282,0.000166508020074105,9.24712850165023e-05,0.000471013946520699,0.00108181701074592,8.39630311893181e-05,0.000104935130535272,0.00147551033476695,0.00233021667537146,5.96324105957912e-05,0.000244351079212291,0.00179889861400545,0.00113003044909997,7.09767490320369e-05,1.0299465159223e-05,5.35124385446587e-05,0.000436533128378952,0.000129340384934301,5.7542664041746e-05,0.00216855985265496,0.000114712159055984,0.00767713176911823,0.000242410600269249,0.00336725340281641,0.000453176467005813,5.39602413776684e-05,3.44808181417466e-05,0.000776863281466321,6.4931410786406e-05,0.000525795159758885,0.000555275512932023
0.000282186039382858,0.000782815586409806,0.000298658828483887,0.000639573942053025,0.00633915897100932,0.0197809548774496,0.0161003608257021,0.00417119668366945,8.37963619487166e-05,0.00371640446283667,0.00400288775155023,0.000403225228864337,0.000330888198464163,0.00157637429614637,0.00673522211765582,0.00113590623974927,2.14862466535171e-05,0.000859449866140683,0.0234407788907654,0.200205265276363,0,0.0157938237067786,9.31070688319074e-05,0.0043824781090957,0.00066249260515011,0.00208058488428224,0.00032659094913346,0.00128201271699319,0.0260456281933934,0.00591659612015682,0.000464102927715969,0.000688276101134331,0.000807882874172242,0.00043115734951391,0.000217727299422306,0.00316922138139377,0.000208416592539116,0.000810747707059378,0.294499091131767,0.000136079562138942,0.000699735432682873,0.00992378112103776,0.0103477763883338,0.00025138908584615,0.000118890564816128,0.00219875924087658,0.000214862466535171,0.0270533331614434,0.0609443062162576,0.00112946036575321,0.00390405101694405,3.22293699802756e-05,0.00688920688533936,0.000984786304952866,0.0138908584614988,9.95529428279625e-05,0.000153984767683539,0.000120322981259696,0.00017976826366776,0.00182203371621825,0.000185497929442031,0.000514237503240842,0.000312266784697782,0.000232051463857985,5.01345755248732e-05,0.00127413442655356,0.000399644187755418,0.000225605589861929,0.000154700975905323,2.64997042060044e-05,0.000903138567669502,0.000137511978582509,0.0127391956408703,0.00189293833017486,0.000464102927715969,0.000114593315485424,0.000282186039382858,3.93914521981147e-05,0.000141093019691429,0.00581990801021599,0.001299201714316,8.23639455051488e-05,0.00327665261466136,0.0818769239143358,0.00229831218370454,5.58642412991444e-05,0.000350942028674112,0.000122471605925047,0.000257834959842205,0.000128201271699319,0.000312982992919566,0.000495616089474461,0.0150339267834659,3.93914521981147e-05,0.000457657053719914,0.00193591082348189,0.00043115734951391,4.08238686416825e-05,2.14862466535171e-05,0.000373144483549413,0.000325874740911676,2.86483288713561e-05,0.000334469239573083,0.00299733140816563,5.65804495209283e-05,0.00855940445853942,0.000434738390622829,0.0560619147683568,0.000206267967873764,0.000211997633648035,0.000165444099232082,0.00393914521981147,4.01076604198986e-05,0.0012547968045654,0.000701884057348225
0.0199013702647189,0.0017555412133264,3.66555958039816e-05,0.00577587459597024,0.000463431461236053,5.23651368628308e-05,0.000247425271676876,0.00521556763153795,0,0.151137567141924,0.00759294484511047,5.36742652844016e-05,0.00356606582035878,0.00626287036879457,0.00451125654073288,0.000421539351745788,0.0312567501934237,0,0.00147015121742398,0.00044117627806935,0.148616185801979,0.00123712635838438,0.00079856833715817,0.0247176537276777,0.00177125075438525,0.00887196331298511,0.00888898198246553,0.000405829810686939,3.66555958039816e-05,0.0029468480769558,0.00123843548680595,0.0044876922291446,0.00162201011432618,3.27282105392693e-05,0,0.0030502692222599,0.00102635668251148,0.000324663848549551,0.00788357135469918,0.00267585849369066,0.000476522745451761,0.000602199073922555,0.00109181310359002,0.000138767612686502,0.0316926899578068,0.000229097473774885,0.000276226096951433,0.0400698027274382,0.000319427334863268,0.000327282105392693,0.00281462610637716,0.0038606197152122,0.00300575885592649,0.00618039527823561,0.00164426529749289,0.00190478185338547,0.0029874310580245,0.092870879354652,0.0307239349258444,0.00022124270324546,0.0347560504642824,0.000133531099000219,0.000836533061383722,0.00689910678167796,0.000329900362235834,0.00279368005163202,3.403733896084e-05,0.00168092089329687,0.00900549441198533,0.00158011800483592,0.00378338113833953,0.000129603713735506,0.000191132749549333,0.00392738526471231,1.57095410588492e-05,0.0022530100135233,0.000174114080068913,0.000244807014833734,0.000124367200049223,0.0281776801458893,0.00419444746271275,0.00084962434559943,0.00615421270980419,0.000295863023274994,0.000297172151696565,0.000788095309785604,0.00272429624528877,0.124765175089381,0.00489875855351782,0.000229097473774885,0,0.0130114273819919,0.000510560084412601,0.000214697061137606,0.000500087057040034,0.0046042046586644,0.0403839935486151,0.0014780059879534,0.000819514391903303,0.000301099536961277,0.0010525392509429,0.00346264467505469,7.9856833715817e-05,0.000742275815030627,0.00215351625348392,0.00146360557531612,0.000414993709637934,0.000140076741108072,0.00262872987051411,0.00022124270324546,7.9856833715817e-05,9.03298610883832e-05,0.000250043528520017,0.000205533162186611,0.000691219806589367
0.000292869170086999,7.20668941090918e-05,6.50902843807142e-05,0.000405830872284772,0.00636237119527063,0.000565476484260731,0.000299623122058088,0.000781157631821,1.22461766508755e-05,0.00247343080646714,0.00129341891208974,0.000827544664589468,8.86920066533107e-05,0.000490440820054458,0.00289143363615036,0.00066596935205034,0.000126989140906958,0.000417112198654064,0.00324991262538508,0.00123701228024329,3.13947437776991e-05,0.275614084528158,4.14143428556882e-05,0.00285766387629491,0.000152149467480575,0.00160298741397339,0.000126024290625374,0.000740708139246896,0.00138500546958781,0.00446302630634605,9.90084827410179e-05,8.73560601095788e-05,0.000825095429259293,0.00304328622662121,0.000407241038080934,0.00229307802306334,0.000283072228766299,1.09844493595732e-05,0.497804186307246,6.20472950311027e-05,0.000115485156780378,0.00256308766340203,0.00126157885279747,5.54417815648729e-05,6.76137389633188e-05,0.00517738661098046,8.34966589832423e-05,0.0068317337476351,0.0121421212589693,0.000587816479242026,0.000599543121125894,1.38047809518961e-05,0.00726688122462954,0.000157344815150643,0.0114238273339561,5.23245729628318e-05,0.000127508675673965,5.43284927784296e-05,0.000172559761898701,0.000727126016052288,0.000189333312947779,7.39223754198305e-05,0.000102125691343059,0.000284185517552742,2.90197276999535e-05,0.000758298102072699,0.000143688472703606,0.000159719831228389,8.77271563717265e-05,7.7781776546167e-05,0.000279880800911828,0.000139012659800545,0.00556503376641999,6.19730757786731e-05,0.000574085917542559,0.000169962088063666,0.00130559086948819,4.53479632344542e-05,9.59654933914064e-05,0.0012249887613497,0.00305924336589357,7.68911455170124e-05,0.00139324380660749,0.00644779755481704,0.00260687702233547,2.53829843309056e-05,0.00019408334510327,0.000199427131278197,8.40161937502491e-05,8.6984963847431e-05,0.00013151651530516,0.00154442842380648,0.00110571842269542,5.57386585745911e-05,0.000221618687754632,0.00519712893212672,0.000188368462666195,4.24534123897018e-05,4.00783963119563e-06,0.000265853362202643,0.000780341220044275,2.60509576027716e-05,0.000334431951447546,0.0250780916419251,7.98599156141944e-05,0.0517305220663857,0.00196651331237332,0.000677992870943927,0.000244775094512652,9.20318730126403e-05,0.000104278049663516,0.015526741827514,1.20235188935869e-05,0.00350107057560667,0.00151733839666969
0.0399726765154211,5.71069613385872e-05,2.85534806692936e-05,0.00923155994254161,0.000162535197655979,0.000160338776066033,8.78568635978264e-05,8.34640204179351e-05,0,0.030960758731874,0.000711640595142394,0.00122121040400979,0.000628176574724459,0.00649701506305926,0.0168904820266821,0.00079949745874022,0.000292124071462773,0.000307499022592392,0.000171320884015762,0.000160338776066033,0.000204267207864946,0.000259177747613588,0.26798539818927,0.00187574403781359,0.00081487240986984,0.0038964519005636,0.000540319711126632,0.000513962652047285,0.000274552698743208,0.000718229859912231,0.000140570981756522,0.000817068831459786,0.00135299569940653,0.00021744573740462,0.000112017501087229,0.00119924618811033,0.00178129790944593,0.000278945541923099,0.00294759777370708,0.000256981326023642,0.0014188883471049,9.44461283676634e-05,0.000112017501087229,5.93033829285328e-05,5.71069613385872e-05,0.0011113893245125,0.000162535197655979,0.00508251955913426,0.00138594202325571,0.00251929556366767,0.00184499413555435,0.0425315076677078,0.00166049472199892,0.000373391670290762,0.00159020923112066,0.112882891193667,0.0101979854421177,0.00285315164533941,0.000575462456565763,0.000307499022592392,0.013055529930637,0.000226231423764403,0.000705051330372557,0.104587006848443,0.000434891474809241,0.00486068097854975,0,0.000105428236317392,0.0151948445592441,0.000806086723510057,0.00261374169203534,0.000612801623594839,0.00108942510861305,0.000900532851877721,2.63570590793479e-05,0.00182522634124484,2.63570590793479e-05,0.000191088678325272,0.000127392452216848,0.00175494085036658,0.00316943635429159,0.0047332885263329,0.00114872849154158,0.000142767403346468,0.000197677943095109,0.00310793654977311,0.0272927346766648,0.00855066924965846,0.000171320884015762,0.00011641034426712,0,0.0110655719701462,3.29463238491849e-05,0.00028333838510299,0.000584248142925546,0.0129522981159096,0.000377784513470654,0.0146083999947286,0.155469309401124,0.000542516132716578,0.000869782949618482,0.0120012475674631,0,0.000221838580584512,0.00136178138576631,0.000694069222422829,0.000790711772380438,0.000871979371208427,0.000645747947444024,0.00365704194725952,5.27141181586958e-05,0.000195481521505164,0.000153749511296196,0.000144963824936414,0.00321556120768045
0.00115320631345457,0.00191143976889127,0.000253576348667358,0.00020807747189615,0.000668635667333395,0.000550308153696971,0.00106446067822726,0.00166860663326755,2.1303821899562e-06,0.00718255311940603,0.0150463720291288,9.10281875736998e-05,0.00228373927360176,0.000416641888292862,0.00383115759429209,0.000201351550982146,0.000935298649453341,4.45858558326547e-05,0.0106053468819148,0.000443910780324301,0.000249193848162305,0.00218291132795426,1.62822067375224e-05,0.523767852374497,0.00776545612060934,0.00142017363588737,0.00116839289506583,0.000110019023095595,9.77541084877044e-05,0.000701991365621852,0.00161498187014322,0.00188091443551233,0.000250928587945555,5.47203882505892e-05,3.68860459175273e-05,0.000406720394093923,0.000211607819525221,0.000330665749912487,0.0129438369777984,0.000624597624063872,0.00142434309817343,0.00269268135197949,0.000638749448611438,0.000352578252437751,0.000124292583768302,0.000558951418581936,4.05076956404528e-05,0.25005482690736,0.00194653020696298,0.000365999660234475,0.00328739275732141,3.04948993476587e-05,0.000696513239990536,0.00370464332623997,0.000298070902406157,5.44160479377383e-05,0.000153144045426566,0.000707347755128028,0.00165174617993561,0.000367217021485878,0.000607432830419082,1.92038737408909e-05,0.000128583782179499,0.000452219270865131,0.000161269931779684,0.000861465689555716,3.27165836314702e-05,0.000382434037128423,9.09368854798445e-05,0.000237659350305256,0.00218501127611293,7.47459808361774e-05,0.00101728792973537,0.00275105382398429,6.54331672629404e-05,0.000131079372744876,8.81673886329015e-05,4.82988076494355e-05,4.10250741722993e-05,0.00376958954900235,0.000984723516260325,3.58208548225492e-05,0.0847980065952981,0.000924738040597415,0.0003300266352555,0.000187291028528435,7.7698081870831e-05,0.00047769255505075,0.00886369857356304,4.54075746773521e-05,1.54300538615399e-05,0.00205332322274235,0.000814353809126399,7.0819990800401e-05,0.000106610411591665,0.00287960717213251,0.00102045306898902,7.68459289948486e-05,0.000341104622643272,0.000129892445524758,0.00020466886039222,8.51544195356777e-05,3.52121741968474e-05,0.00164900711711995,0.000289762411865328,0.00394878512520895,0.000105849560809538,0.000887517220335752,0.000456875677651749,4.96683390572645e-05,1.26605570145968e-05,0.000401333570556463,5.75507531601024e-05,0.000161178629685829,0.000726855969181769
0.00101195914471016,0.0111550152315308,0.000695000281203222,0.000144512384301635,0.000946034680737505,0.000540059168137552,0.00107192433510336,0.00292935541889783,0,0.00506612745172895,0.122083168366984,1.56430931460532e-05,0.0235301917284538,0.00051510471002361,0.00357146714708344,0.000640621909790751,0.00241127107208449,8.93891036917327e-06,0.00770310601063507,0.000357556414766931,0.000579911810200116,0.00109054706503914,3.24035500882531e-05,0.338817851450953,0.104051151424769,0.00167679060341742,0.00113673143527987,5.47508260111863e-05,0.000102425014646777,0.00114306316345803,0.0126064708027253,0.0274361231051838,0.000374689326307846,0.000188834481548785,0.000129614200353012,0.00043130242531261,0.00018846202695007,0.00361020242534986,0.00918882740491141,0.00593282930294005,0.00753699125960793,0.00353347677801445,0.00101866332748704,0.00117732898653986,0.00018175784417319,0.000632055454020294,7.03939191572395e-05,0.135786890417525,0.00201907637963701,0.000286790041010976,0.00570451463392741,0.000130731564149159,0.000935605951973469,0.00647102619808402,0.000360536051556655,0.000132966291741452,0.000131104018747875,0.00252375236089659,0.0102935277447017,0.000273754130055932,0.00212373612187608,3.87352782664175e-05,0.000335209138843998,0.00136467364969379,0.000870426397198248,0.00086185994142779,1.00562741653199e-05,0.000404485694205091,0.000311372044526202,0.0002562487639163,0.00239860761572816,8.04501933225595e-05,0.000795563022856421,0.00947896953731083,0.000100562741653199,0.00050504843585829,0.000365005506741242,8.34298301122839e-05,7.97052841251284e-05,0.0071172349268555,0.00116429307558482,8.23124663161372e-05,0.0594891934160456,0.00133301500880296,0.000199635664911536,0.000405603058001237,0.00023874339777667,0.000708781101355698,0.0193177302169809,5.40059168137552e-05,5.66130990047641e-05,0.00102387769186906,0.00105777106035217,0.000107639379028795,0.000124027381372279,0.00116205834799253,0.00121084990042426,8.78992852968705e-05,0.00071027091975056,0.000163135114237412,0.000569483081436081,0.000232411669598505,9.34861042776038e-05,0.00170472469832109,0.00206563320447646,0.00360685033396142,8.7526830698155e-05,0.000958698137093834,0.000541548986532414,2.56993673113732e-05,4.46945518458664e-06,0.000229804487407496,0.00070356673697368,0.000166114751027137,0.00036016359695794
0.00371910619955132,0.000275077389579743,0.000110694050627929,0.00523502646389941,0.000610368064670138,0.00012844787903782,0.000190800180019542,0.00257280780860432,0.000119677915606428,0.150220810567079,0.00135987908573345,0.00103571129109263,0.000149731082974977,0.0465074369289898,0.0207120868063815,0.00197570163985482,0.000316146486624308,0.00018170936426749,0.000892718106851523,0.000312617111097041,0.00034117296763584,0.00390274067774277,0.000354434863556481,0.0031513045427555,0.000274542635711976,0.478523536015031,0.0043413458000859,0.00203495236840349,6.84484950742752e-05,0.00273601468904704,9.61487454246459e-05,0.000223099313632716,0.00181399207024185,0.000281066632898742,0.000475503139219105,0.00616474953840046,0.00433792337533219,2.28874655404608e-05,0.0273538367948308,0.000150372787616298,4.57749310809215e-05,0.000559352545685092,0.000717425788997247,5.0694666664385e-05,0.00114159255691065,0.00240553679876656,0.000240639240495499,0.0131348384016592,0.00326542101813714,0.00328039412643464,0.00306798989015728,0.000263205853715299,0.0101601095860406,0.00130618979740957,0.000716677133582372,0.000489727592101728,0.000778387729922773,0.000517855645546313,0.000651009358620489,0.000145025248938621,0.00271879561450492,0.000286200270029313,0.00473877487461091,0.00199709179456553,7.02666582246856e-05,0.024110126783725,0.000105988216591573,0.0237447829412661,0.00154404831779267,0.00192361661313424,0.0109999940107567,0.000541705668048756,0.000895712728511023,0.00096180830656712,0.000368873217986211,0.0205200032170793,0.000339889558353198,0.000356680829801106,0.000287590630085509,0.00927145560858413,0.0110833086633549,0.000441492793229075,0.0013042646834856,0.000790259265787218,0.00358659419111847,4.36359156098504e-05,0.00151795232904561,0.00411172248926642,0.000134544073130372,0.000474968385351338,0.000137003940922104,0.012022122553608,0.000125774109698981,0.000349622078746571,0.00135356899009379,0.0164811142046028,0.00161474277911157,0.000338499198297001,0.000607801246104853,0.00132041425029219,0.000864910905727599,0.000388445209546512,0.000533470458485132,0.00147613457658617,0.000182564970455918,0.0052935285370332,0.00153549225590839,0.000317964649774719,0.00334659665526429,0.000413471690558043,0.000179891201117079,0.00113838403370404,2.99462165949954e-06,0.00045368518141418,0.00403717780009959
0.00267267855280549,0.00197085434194536,0.000105885532950088,0.00687883502501878,0.000748647964124492,0.000274025374217564,0.000425670484221459,0.0111988583517613,6.11901321068348e-05,0.305961302296279,0.00531343181929437,0.00164202389288428,0.000866771523495947,0.0117804306508289,0.0125391882889536,0.00163191421888402,0.00487073451570405,0.000156965991056663,0.00262851524006751,0.000520914255066011,0.00338727287819226,0.00407845532694686,0.000219220299374052,0.00893908016865065,0.000900825162233663,0.0453498692127437,0.153370139641202,0.00120251911792562,0.000138874995477251,0.00515061285907966,0.000318720775060818,0.000458127858643346,0.00268278822680575,0.00013408620252976,3.51178149482704e-05,0.00401620101862947,0.00085612976139041,0.00019261589411021,0.0230367545179601,0.000490585233065232,0.000361287823482964,0.00238003009490323,0.00198681698510366,0.000173460722320245,0.0341887891164571,0.00166809621004284,4.09707841063155e-05,0.0367837828058921,0.00137438357593004,0.00296479492260246,0.0083431414907406,0.000271897021796457,0.00677773828501619,0.00755671527114146,0.00199586248289337,0.000504419523802429,0.000617222202121116,0.00178781603373013,0.00199160577805115,0.000127701145266438,0.00284241465838879,0.000230926237690142,0.00113813645718713,0.00320476665808231,0.000188891277373273,0.0106731553037478,4.20349603168691e-05,0.0476894606116459,0.00365331693083067,0.00171758040383359,0.0218177406687709,0.000711401796755114,0.000539005250645423,0.00378899939767627,0.000188359189267996,0.0033750348517709,0.000232522502005972,0.000218156123163498,0.000760353902440582,0.0652031405968326,0.00520062914097568,0.000454935330011685,0.00379804489546597,0.000694907065491532,0.0011088716113969,0.000144727964635296,0.00149410339961732,0.0123465723948434,0.00115622745276654,0.00044908236085364,0.00076727104780918,0.00619350554542223,0.000264979876427858,0.000309143189165835,0.000508144140539367,0.0110456169774416,0.0254774426568649,0.000256998554848706,8.99228897917833e-05,0.00133873367287649,0.000385231788220421,0.000617222202121116,0.000428330924747843,0.00297277624418162,0.000189423365478549,0.00707623971207648,0.000448550272748363,0.000365544528325178,0.0039097833975741,0.000536876898224316,0.000121848176108393,0.000401726519484002,0,0.000429927189063674,0.00169789314393835
0.000503696783081865,0.000108714951296651,9.58970312747754e-05,0.000817498454728531,0.000522686294225385,0.000536453689804436,0.000218854115929067,0.00118114759312694,0.000157612942491215,0.0115997428820191,0.000608139094371224,0.0014712123758442,1.89895111435199e-05,0.00186524473207224,0.00490688967948554,0.00371197469077955,1.28179200218759e-05,0.000618108587721572,0.00023452046262247,0.000163784533612859,0.000145269760247927,0.00508918898646333,0.000178501404749087,0.000802306845813715,0.000174228764741795,0.0109360594675531,0.000794711041356307,0.148716831258254,1.13937066861119e-05,0.000433435591850841,8.64022757030154e-05,2.04137244792839e-05,0.0245562863352427,0.000371719680634402,0.00028436792937421,0.162909591886921,0.0308071586659109,1.42421333576399e-05,0.0258029477418148,2.94337422724558e-05,7.97559468027835e-05,0.000370770205077226,0.000397355520678153,0.000260156302666222,0.000235469938179646,0.00274920647580309,0.00375137792640235,0.00284415403152069,0.00663635940688161,0.0355317490384186,0.000732045654582691,0.000125330773547231,0.00606762354813319,0.000546897920933372,0.00160603790496319,0.000424415574057669,0.00408701753586407,0.00155334201153993,0.000275822649359626,0.000426314525172021,0.000894405974859786,0.00106721052626582,0.00903900730431546,0.000681248712273776,1.13937066861119e-05,0.00260346197777658,0.000638047574422268,0.000358427022833938,0.000667956054473312,0.00156046307821875,0.00106483683737288,0.000723500374568107,0.00180115513196286,0,0.000256358400437518,0.00676548808265754,0.000527908409789853,0.000611936996599928,0.00103302940620748,0.00142706176243552,0.185243155942815,0.000714480356774935,0.000385487076213454,0.000389759716220746,0.0117682747934179,5.69685334305596e-06,0.000998848286149145,0.000793761565799131,2.04137244792839e-05,0.00226734763053627,0.000233570987065294,0.0353845803270563,0.000117734969089823,0.0019260111677315,0.0149936432611447,0.136202268676896,0.000288640569381502,0.000214581475921775,5.74432712091476e-05,0.00129650887332382,0.00262007780002715,0.000459071431894593,0.000405426062914149,0.00190749639436657,4.22516622943317e-05,0.00676263965598602,0.00443167716311895,0.000266327893787866,0.0062252364906244,0.021310029405258,0.000747237263497507,0.00266137998676431,0,0.00138148693569107,0.0155248748353847
3.07053007584209e-05,9.09786689138398e-05,0.000121683969672261,7.27829351310718e-05,0.013757111973134,0.0277553174188897,0.00341283731763041,0.00134762153328625,1.7058500421345e-05,0.000750574018539178,0.000725554884587872,0.000286582807078595,5.79989014325729e-05,0.000333209374896938,0.00195149244820186,0.000446932711039238,0.000230858372368868,0.000278622173548634,0.00534954573213378,0.035681833948008,0.000219486038754639,0.0375514455941874,0,0.00418274430331378,0.000264975373211558,0.000454893344569199,7.61946352153408e-05,0.000883630321825669,0.104905228657826,0.00357318722159106,0.00018195733782768,0.000137605236732183,0.000103488235889493,0.000609557081722727,0.000172859470936296,0.00089159095535563,0.000289994507162864,0,0.445554384205193,5.45872013483039e-05,0.00023540730581456,0.00217552742040219,0.00208227428476551,0.000120546736310838,1.3646800337076e-05,0.00452846324518638,1.7058500421345e-05,0.010057691848425,0.0904464437006938,0.00050834331255608,0.000634576215674033,0,0.00250418786185344,0.000148977570346413,0.0713500210956789,4.43521010954969e-05,7.61946352153408e-05,7.61946352153408e-05,0.000990530257799431,0.00286127913734026,8.98414355524168e-05,0,2.84308340355749e-05,0.00231995605730291,0,0.000386659342883819,0.000794926119634675,1.4784033698499e-05,1.4784033698499e-05,9.89393024438008e-05,9.09786689138398e-05,0.000100076535805224,0.0191248534390505,0.000110311636058031,0.000121683969672261,1.7058500421345e-05,0.000243367939344521,9.43903689981088e-05,3.18425341198439e-05,0.00236658262512126,0.00403490396632879,0.00010235100252807,0.0015329905711982,0.0350734140996467,0.000620929415336957,0,0.000226309438923176,0.0016762819747375,0.000391208276329511,0.00020470200505614,0.000104625469250916,0.000989393024438008,0.00209819555182543,1.4784033698499e-05,0.000338895541704053,0.00199584454929736,0.000913198389222667,1.3646800337076e-05,0,0.000367326375739628,0.00086884628812717,2.95680673969979e-05,0.000302504074138517,0.00584083054426851,0,0.0156904086875531,0.000792651652911829,0.00651066099414666,0.000176271171020565,1.7058500421345e-05,4.54893344569199e-05,0.00792310482903402,0,0.00279304513565488,0.000582263481048575
0.000342502785035495,0.000316852796728872,3.3697043461642e-05,0.000422973336585685,0.00187395796922504,0.000543679163910969,0.000443593915420421,0.00700496151244402,0,0.0042986362756217,0.000618617365042083,0.000345017489771438,7.49382011311142e-05,0.000836390795174785,0.0230241336213508,0.000215258725396757,0.000305788095890721,0.000235376363284305,0.00447013913861304,0.00432478920487551,6.78970278704726e-05,0.0319669266033129,9.70676028074164e-05,0.00841973439688579,0.000167479335413832,0.00367348067826616,0.000155911693628493,0.000669414400708141,0.00229240483728603,0.0954320388471588,8.44940791276992e-05,9.15352523883408e-05,0.00064275853050714,0.00129255823427492,0.000301764568313211,0.00141426994349458,0.000345017489771438,4.97911537716799e-05,0.505408375475593,0.000138308760476889,0.000360105718187099,0.00369007772952339,0.0190317883825671,7.54411420783029e-05,5.43176222963781e-05,0.00343005725982684,5.23058585076233e-05,0.0132042116274918,0.00622942657187906,0.000476285076987685,0.00132374057300062,3.67146891447741e-05,0.0629118772019383,0.000458179202888893,0.00587988261358293,0.000112155831223077,3.62117481975854e-05,0.000120202886378096,0.000370164537130873,0.000482823309301138,0.000556755628537875,2.86676339897551e-05,0.000234370481389928,0.000369661596183684,0.000142332288054398,0.00361966599691697,0.000211235197819248,0.000161444044047568,0.000179046977199172,5.48205632435668e-05,0.00164562277920138,8.6505842916454e-05,0.0035517689690465,0.000172005803938531,0.000418949809008175,0.00034049102124674,0.000695064389014764,5.2808799454812e-05,0.000178544036251983,0.00577376207372611,0.00314388386087647,6.38735002929631e-05,0.0019780667452931,0.0588395643525515,0.00363022775680793,6.03529136626423e-06,0.000387767470282477,0.000389779234071231,0.000122717591114039,0.000365135127658986,1.35794055740945e-05,0.00177135801599855,0.00179197859483329,0.000322385147147948,0.000498414478663988,0.00315142797508431,0.000766482003515557,0.000170999922044153,1.20705827325285e-05,9.50558390186616e-05,0.000908814291569955,3.01764568313212e-05,0.000181561681935116,0.00725341434035523,1.91117559931701e-05,0.0168163335102009,0.00233414893590269,0.00149021402652008,0.000153396988892549,0.000239399890861814,2.81646930425664e-05,0.0470073756289905,3.16852796728872e-05,0.00582053558181466,0.000912837819147465
0.00222861918469681,0.00847309436779211,0.000356964977635421,0.000622276785337422,0.000320786094766966,0.000341287461725757,0.00192351060583951,0.00215987930724675,0.000126626090039592,0.00975865067238454,0.108191743255352,0.000236368701407238,0.0484953805596391,0.000522181876068031,0.00398208904105459,0.00152313096876195,0.00892171251536095,0.000137479754900128,0.00506624956434595,0.000308726467144147,0.00138565121386182,0.00110104400196331,0.000271341621513411,0.155042190607238,0.0526836892330439,0.00152313096876195,0.000928591326957006,0.000430528706134612,1.44715531473819e-05,0.00272426987999464,0.108451025249242,0.045828996892234,0.000305108578857302,0.000217073297210729,0,0.00314635684679328,0.000145921494236101,0.0109694372857155,0.013573110889482,0.0508421840950395,0.0524412907178252,0.00337669573438911,0.000625894673624268,0.000834526231499024,0.00011215453689221,0.0017317625266367,0.000247222366267774,0.0805016322705987,0.00153880848467161,0.00123008201752746,0.00670153507000011,0.000301490690570457,0.0027073864013227,0.00772177956689053,0.000201395781301065,9.0447207171137e-05,0.00114687058693002,0.00674253780391769,0.0529731202959915,0.000162804972908047,0.00689328314920292,7.23577657369096e-05,0.000408821376413539,0.00270979832684726,0.00594901430633625,0.000722371694606814,1.80894414342274e-05,0.000255664105603747,0.000500474546346958,0.000302696653332738,0.0016521689843261,0.000355759014873139,0.00071995976908225,0.00796417808210918,4.70325477289912e-05,0.00076578635404896,0.000331639759627502,0.000182100377104556,0.000249634291792338,0.00846465262845614,0.0020706380628379,0.000287019137423075,0.0307906412465796,0.00153760252190933,3.61788828684548e-05,0.00249875484344794,0.00164010935670328,0.00433181824211632,0.0123912673824458,6.39160264009368e-05,0,0.00471049054947281,0.00098406561402197,0.000186924228153683,0.00102748027346412,0.00507469130368193,0.0031716820648012,0.000437764482708303,0.000101300872031673,0.000472737402814476,0.000188130190915965,0.000360582865922266,0.000242398515218647,0.000605393306665477,0.00608649406123638,0.00293651932615625,0.000350935163824011,0.00137117966071444,0.00077905194443406,0.000256870068366029,7.23577657369096e-05,0.000724783620131377,0.000694634551074332,0.000172452675006301,0.000107330685843083
0.00141319617401622,0.0380882020973137,0.00243461519087943,0.000222939858475166,0.00165665769310416,0.000921609122064703,0.00131525188472797,0.00291873982078993,0,0.00541025597973206,0.284477789033598,2.42528716332817e-05,0.0300558375729219,0.000951458810228742,0.00289075573813615,0.000682811616752391,0.00325734722090075,5.96993763280779e-05,0.00644473423516704,0.000486923038175886,0.00247192730108448,0.000923474727574955,0.000144584427044564,0.126163438236331,0.0668082661248948,0.00268460632925325,0.000655760336853731,0.000383381932356875,2.42528716332817e-05,0.00148782039442632,0.0217025889007666,0.106391751038676,0.00020708221163802,0.000295698473375011,4.57073350011847e-05,0.00195608737749968,0.000694938052569032,0.0159098837914328,0.0165936282109403,0.00610705963781135,0.0164966167244072,0.00280307227915428,0.00102235181961833,0.00418735156776159,0.000114734738880525,0.00175740039065779,0,0.0574177407890392,0.00542797923207946,0.000374986707560739,0.00344670618019137,0.000110070725104894,0.00180217492290385,0.00541771840177307,0.00162867361045038,2.51856743884079e-05,0.000419761239806798,0.00464442491777344,0.0144108697639449,0.000290101656844254,0.00465561855083495,4.66401377563109e-05,0.000233200688781554,0.00175087077137191,0.00115574261360138,0.00111469929237583,0.000475729405114371,0.000369389891029982,0.000820866424511071,0.000347002624906953,0.00165852329861441,0.00055968165307573,0.00250457539751389,0.0171747643273839,0.000109137922349767,0.000408567606745283,0.00040950040950041,0.000146450032554816,5.41025597973206e-05,0.00755756792203261,0.00143651624289438,0.00029103445959938,0.0368494400385061,0.00147942516963018,0.000801277566653421,0.000971980470841519,0.000949593204718489,0.00184881506066016,0.0135489600182083,0,0,0.000629641859710197,0.000765831061958625,0.000268647193476351,0.000142718821534311,0.00276016335241848,0.00232920847955016,0.000170702904188098,3.91777157153011e-05,0.000443081308684953,0.000930937149615965,0.000472930996848992,5.22369542870682e-05,0.000863775351246877,0.00139174171064832,0.00689061395211737,0.000294765670619885,0.00129006621033956,0.000305026500926273,0,1.39920413268933e-05,0.000673483589201129,0.00157457105065306,0.000329279372559555,0.000474796602359245
0.000507206354580955,4.85696919571365e-05,2.77541096897923e-05,0.000601570327526248,0.000407291559697702,4.57942809881573e-05,0.000485003066829121,0.000810420002941936,0.000442678049552187,0.0143967505488375,0.00124893493604065,0.00338947064586589,6.45283050287671e-05,0.00265953756102435,0.00596990899427433,0.0026262326293966,0.000104077911336721,0.00244444321092846,0.00107269633951047,0.000491941594251569,0.000247705428981396,0.00266716994118904,8.39561818116218e-05,0.00197054178797525,0.000146402928613654,0.0129972495677297,0.00109559348000455,0.0210272073537289,0,0.000496104710705038,6.17528940597879e-05,5.68959248640743e-05,0.387167054761634,0.00100331106528599,0.00140574565578798,0.0196859900029697,0.0036017895849928,1.04077911336721e-05,0.0378892166957622,4.16311645346885e-05,1.66524658138754e-05,0.000423250172769333,0.000310152175783429,6.52221577710119e-05,0.000310846028525674,0.0143426300349424,0.00588387125423597,0.005546658821505,0.00182968968129956,0.00461203917770124,0.000512757176518913,0.000123505788119576,0.00607259920012656,0.000271990274959965,0.000500267827158506,0.000230359110425276,0.00101233115093517,0.000112404144243659,0.000188034093148343,6.59160105132568e-05,0.000799318359066019,0.00104494222982068,0.00991168642296708,0.000514838734745648,0,0.00355738300948913,0.000277541096897923,0.00134399276172819,0.000278928802382413,0.000624467468020327,0.00180818024628997,0.000390639093883827,0.000761850310984799,1.04077911336721e-05,0.00201217295250994,0.00519626318667137,0.00143974444015798,0.000222032877518339,0.000897151595722537,0.00210167995625952,0.222535226903724,0.000316396850463632,0.00047043215924198,0.00037953745000791,0.0177293252698393,1.04077911336721e-05,0.000460024368108308,0.00090339627040274,9.99147948832524e-05,0.0140900676367653,0.000527328084106054,0.00700583113844583,0.000166524658138754,0.0010886549525821,0.00762058466807473,0.0286470981690614,0.000330273905308529,0.000171381627334468,3.9549606307954e-05,0.000718831440965621,0.0229158745181193,0.000190809504117322,0.000571040806867477,0.00235424235443663,2.84479624320371e-05,0.00529964724526584,0.0383207931014385,0.000413536234377905,0.00162986009153305,0.00581656753823822,0.00136411449125329,0.00400006105904132,0,0.0044829825676437,0.0041762996555715
0.000196054241035778,2.2952691633457e-05,0.000197966965338567,0.000781347877688932,0.00357105627330535,0.000175970635856504,0.00033377039083652,0.00116006728964097,0.000494439232270719,0.00265294860796707,0.00244446165896317,0.0012671798505971,0.000124327079681225,0.000526955545418117,0.00279449020637339,0.000371068514740888,4.87744697210961e-05,0.000758395186055475,0.00186012438446141,0.00122796900238995,0,0.0799824794453865,6.02508155378246e-05,0.000985053015935862,0.00017979608446208,0.000774653342629174,0,0.00162294657091569,0.00150244493984004,0.00340273653466,0.000221876019123418,0.000264912315936149,0.00352610725218983,0.115746598458918,0.000755526099601293,0.00527146817848396,0.000790911499202872,0,0.345186485837711,2.48654159362451e-05,0.000103287112350556,0.00143358686493967,0.000740224305178988,9.3723490836616e-05,3.44290374501855e-05,0.0585054546115305,6.69453505975829e-05,0.00437535684262774,0.00549812600836434,0.000701013456971832,0.000987922102390045,0,0.0185056076294747,0.000164494290039775,0.00452741842469939,0.000168319738645351,3.82544860557617e-05,2.58217780876391e-05,0.000105199836653345,0.000188403343824626,0.000258217780876391,1.43454322709106e-05,0.000451402935457987,0.00027925774820706,1.14763458167285e-05,0.000940103994820343,7.55526099601293e-05,6.59889884461889e-05,0.000185534257370444,9.08544043824339e-05,0.00041410481155362,2.58217780876391e-05,0.00236125815179189,4.87744697210961e-05,0.00273902120159253,0.000390195757768769,0.0324053751378357,0.000197966965338567,9.46798529880101e-05,0.000888460438645064,0.0117498653920272,8.98980422310399e-05,0.000754569737449899,0.00359209624063602,0.00229718188764849,3.72981239043676e-05,0.00047339926494005,0.000233352364940146,0.000143454322709106,0.000112850733864497,0.000126239803984013,0.000326119493625368,0.000744049753784564,1.24327079681225e-05,0.000167363376493957,0.00286430464342515,3.82544860557617e-05,0.000241959624302692,0,0.000241959624302692,0.00281648653585545,0.000102330750199162,0.000450446573306594,0.00743380300278588,0,0.0410241108461988,0.0242303914677194,0.000462879281274716,0.000311774061354457,0.000322294045019792,0.00013006525258959,0.0735365985449906,0,0.104122016508723,0.00129873980159311
0.000540463064278747,5.24382015794386e-06,1.85281645580683e-05,0.000115014455464235,5.66332577057937e-05,4.19505612635509e-06,4.99910855057315e-05,0.000109421047295762,0.00176961450930079,0.00251144026764458,0.000197517225949219,0.149750568954487,0,0.000139136028190777,0.00033350696204523,0.0527989764063052,0,0.00649954029176615,0.000217094154538876,2.27232206844234e-05,2.20240446633642e-05,0.00235657277897997,2.69182768107785e-05,7.5161422263862e-05,0,0.00142142485081332,0.000259044715802427,0.00034189707429794,1.74794005264795e-05,0.0001027788750957,9.43887628429895e-06,0,0.000424050256772394,0.000138786440180248,0.38581406812072,0.000639746059269151,0.000133892208032833,5.24382015794386e-06,0.0094808268455625,0,5.24382015794386e-06,0.000102079699074641,2.65686888002489e-05,4.71943814214948e-05,0.00019646846191763,0.00260547944247704,0.000459708233846412,0.000551649880615694,0.000311133329371336,0.00949935501012057,9.29904108008712e-05,0,0.000625762538847968,0.000212549510401991,0.000173395653222677,5.52349056636754e-05,0.000198216401970278,5.59340816847345e-05,1.04876403158877e-05,1.95769285896571e-05,0.000506902615267907,0.00171123331154235,0.00014507902436978,8.49498865586906e-05,0,0.000165355128980496,0.00465371559616991,2.09752806317755e-05,0,0.000129697151906478,0.000135640148085481,0.0670646143519862,0.000130046739917008,7.72589503270396e-05,0.000314629209476632,0.00011920951159059,0.00021324868642305,0.0681357520162488,0.00249570880717075,0.00047858598641501,0.00132843444001245,0.000104526815148348,7.93564783902171e-05,5.06902615267907e-05,0.00067540403634317,0,6.67713100111519e-05,0.00130466245529643,4.09017972319621e-05,0.00114664867453706,0.00630167347780641,0.00158118657162534,7.44622462428028e-05,0.00167382739441568,0.00353328602242257,0.00619959377873176,0.000117811159548472,1.78289885370091e-05,0,0.0453621906583092,0.0014200264987712,4.54464413688468e-06,0.128439334244593,0.00147036717228746,1.85281645580683e-05,0.00526724255464935,0.000448171829498935,4.54464413688468e-06,0.000312881269423984,0.000345392954403236,0.00905957329287435,0.00104352021143083,0,0.0011057468773051,0.0031602756151875
0.000559946940950061,3.40679692228516e-05,1.43157955776877e-05,0.00141762618739558,0.000527147459942954,3.66955519554652e-05,6.02531902478626e-05,0.00101107571424947,0.000255419162870263,0.00976255712727286,0.000550433279331978,0.00134097325664416,1.40439766743138e-05,0.00165365560182517,0.00636047173264617,0.00476045506108677,2.44637013036435e-05,0.00023313001279361,0.000264570399283848,9.46835846752127e-05,8.94284192099855e-05,0.00225781841772404,0.000320202668174356,0.00115160608729373,6.56895683153389e-05,0.0062121492177052,0.000703104896726938,0.0179498331031933,4.44876938521813e-05,0.000318028116947365,3.18934179958611e-05,2.43730950025189e-05,0.00334291947999232,0.000226606359112638,0.000497428593174084,0.368544301044872,0.019179904247261,1.43157955776877e-05,0.0114130415085587,0.000103019364378676,1.96615673440394e-05,0.000372573110224377,0.000476589143915425,2.56415832182633e-05,0.00011135514408214,0.00130989529535842,0.00118585526911884,0.00301900195347185,0.000713796440259642,0.0606952583910495,0.000661697817112993,0.000459826978207373,0.00300405191378629,0.000406278654242731,0.000302081407949434,0.000403832284112366,0.00571435819932661,0.000238203965656588,0.00010682482902591,5.11019538342774e-05,0.000493532522225726,0.000775046299819875,0.00170693210688644,0.00143928109336436,3.52458511374715e-05,0.002123992910963,0.00011017726216752,0.000356535794925322,0.0010896313773245,0.00270613839568859,0.00140620979345388,0.00112360874024623,0.000418057473388929,8.93378129088609e-05,0.00011606667174062,0.00375264117367778,0.000347656377415111,0.000595192792087533,0.00119029497787394,0.00104387519525658,0.0196580336982955,0.00108537288117165,0.00027662103733342,0.00017332985405137,0.00344947249011485,2.32858193890236e-05,0.00157401266313665,0.000554057531376962,5.80786390208721e-05,0.00110992718877642,0.000531768381300309,0.0695773940902946,8.19080962166433e-05,0.00132919443749796,0.0068381481521751,0.254295554130016,0.000365777637640032,8.88847814032379e-05,0.000230593036362121,0.00166280683823876,0.00152735041805747,0.000174145310761492,0.00102167665148105,0.00268104045027707,6.73204817355818e-05,0.00696608424936304,0.00158171419873224,5.46355995781371e-05,0.0206239874745849,0.0110869494308112,0.000760639897941062,0.000717239479702377,3.80546464723343e-06,0.000275171336515427,0.0278305408471327
0.000401237374583407,0.000482601613564535,4.30751853429503e-05,0.00243853410358146,0.000338219973803906,1.9144526819089e-05,7.09942869541217e-05,0.000936486436900437,0.000229734321829068,0.0317240763164654,0.00575133493190132,0.000724301264655534,0.000264034932379936,0.00928908395034548,0.00950525756567769,0.0043354376359062,0.000188254513721042,0.00011726022676692,0.000929307239343279,9.4924945477983e-05,0.000179479938928959,0.0043418191448459,0.000125237112941541,0.00484276759661206,0.000188254513721042,0.0431366073664948,0.00124918037494556,0.0351820564731634,4.62659398127984e-05,0.000607838726506076,1.03699520270065e-05,0.000189849890955966,0.00567954295632974,0.000138000130820933,0.000538439816786878,0.217545639754248,0.16333073286844,5.98266463096532e-05,0.00972462193547975,2.15375926714751e-05,3.90867422556401e-05,0.000407618883523103,0.000398046620113559,4.78613170477225e-05,0.000497757697296314,0.00258211805472463,0.00122285665056931,0.0122971677267948,0.00191285730467398,0.0277659453966188,0.000979561622243388,4.54682511953364e-05,0.00478852477062464,0.00103460213684827,0.000653306977701412,0.000277595638876791,0.0051969413427652,3.11098560810196e-05,0.000149167771465402,7.09942869541217e-05,0.00083198922801291,0.00169748137795923,0.0190743302207524,0.00124120348877094,0,0.0046800391186498,1.03699520270065e-05,0.0016496200609115,0.000879850545060632,0.0174302939801631,0.00251032607915305,0.000518497601350327,0.000709942869541217,0.000491376188356618,0.000126832490176465,0.0291882242015536,0.000431549542046965,0.000169907675519415,0.00239944736132582,0.00276080030503613,0.0697865863872842,0.00131937697328222,0.00337103209739459,0.00015235852593525,0.00491775032665349,7.89711731287422e-05,0.0017884178803499,0.000534451373699568,0.000149965460082864,0.00135686833830293,0.000215375926714751,0.0465443331402927,0.000115664849531996,0.000958821718189375,0.004633773178837,0.103210537147561,0.000647723157379178,0.000419584212785034,1.03699520270065e-05,0.00175172420394664,0.00133533074563146,0.000107687963357376,0.000181075316163884,0.00246645320519263,5.18497601350327e-05,0.00817790370622085,0.00244172485805131,6.62081552493495e-05,0.0245704047950658,0.0046800391186498,0.000208196729157593,0.00128268329687896,0,0.000665272306963343,0.00957944260710166
0.00147241696253176,0.0441436732928434,0.00439382197631878,0.000273938039540793,0.00030998251842774,0.000738911817182403,0.00111016994971795,0.00145980139492133,4.68578225530304e-05,0.00324039865193649,0.215897417413088,8.11000774956296e-05,0.00611314361922613,0.000304575846594698,0.00264746697424622,0.00102906987222232,0.00188332402184295,2.16266873321679e-05,0.00334312541676429,0.00285652495179051,0.000165804602879954,0.000605547245300701,0.000241498008542541,0.0450880386396814,0.0208589399318759,0.00217167985293853,0.000919134211617135,5.40667183304197e-05,0.000659613963631121,0.00133184349487267,0.0231135220862544,0.0595328635536252,0.000571304990358102,4.86600464973778e-05,0,0.000261322471930362,0.000273938039540793,0.149175482545461,0.00668084416169553,0.00500838034134121,0.0911420693135329,0.00223115324310199,0.000286553607151225,0.00403157496350496,9.73200929947555e-05,0.000450555986086831,0,0.0294357236830249,0.00276821597851749,0.000387478148034675,0.00246364013192279,0.00143637248364482,0.000910123091895399,0.00324039865193649,0.000320795862093824,9.37156451060609e-05,0.000598338349523312,0.00180763061618037,0.00752068051976139,0.000156793483158217,0.0042460396128823,0,0.000299169174761656,0.000989420945446681,0.00291780056589832,0.000947969794726693,2.34289112765152e-05,0.000803791879178907,0.000865067493286716,5.04622704417251e-05,0.00152828590480653,0.000315389190260782,0.000937156451060609,0.156269035990412,6.6682285940851e-05,0.000594733901634617,4.68578225530304e-05,9.01111972173662e-05,0.000221673545154721,0.00247445347558888,0.000834429686232811,0.000517238272027682,0.0266368698974535,0.0014129435723683,0.000695658442518067,0.00116784111593707,0.00108133436660839,0.000881287508785842,0.00229603330509849,0.000178420170490385,0,0.00180763061618037,0.000758736280570224,0.000147782363436481,0,0.0013444590624831,0.000962387586281471,0.000344224773370339,9.19134211617135e-05,0.000820011894678033,0.000515436048083335,0.000452358210031178,2.34289112765152e-05,0.00123632562582226,0.000600140573467659,0.00421720402977274,0.000165804602879954,0.00100564096094581,0.000302773622650351,4.68578225530304e-05,0,0.000513633824138988,0.017045434065637,0.000288355831095572,0.00041090705931119
0.000230076698136656,0.000151003208006378,4.39843828873002e-05,0.000388735353544895,0.00479894217067161,0.000515394632409622,0.000284589781178187,0.000768181835178021,3.26094507580566e-05,0.00349857882227731,0.00108545978636775,0.00103429227159953,4.61294825448911e-05,0.000537278584879724,0.00345571618875224,0.00115128876209841,8.17696245622963e-05,0.000473791506940381,0.00255823797971759,0.00187902858079616,4.32168701657768e-05,0.0863218015530915,3.77852416749961e-05,0.00282810726049323,0.000115796021883165,0.00185684943112547,0.000226967287623818,0.000794178868642953,0.00202707981679668,0.0051421974755129,7.54917640965027e-05,7.52359265226616e-05,0.000655908499888514,0.00156547011433381,0.000418294433230231,0.00224107810740809,0.000194908871640188,2.61151123451666e-05,0.712950576707091,7.49210495087033e-05,0.000125517849689128,0.0020739768120631,0.00143078147161315,5.8665523663106e-05,6.996173653886e-05,0.0048826404169444,0.000107904416720835,0.00860171186824601,0.0123382196341956,0.00186507559311514,0.000712153406506815,1.48976187229021e-05,0.00821329139171507,0.000334300989756854,0.0105481831694694,5.38046097601247e-05,0.00022944694410874,6.21882102567645e-05,0.000184596649433054,0.000680901862871454,0.000189437883522663,7.02175741127012e-05,0.000158265059140791,0.000379151284432539,1.52518553636052e-05,0.000955159742029134,0.000207858188839224,0.000255876933467865,0.000141891454414959,8.49577543286241e-05,0.000534267573433747,0.000208763460254354,0.00486376747592027,0.000131933468848528,0.000532319271909881,0.000144823746607446,0.000706702098202662,0.000134983839921249,9.07632992734803e-05,0.00129469556214305,0.00356527370979635,7.9152209383768e-05,0.00120355834641549,0.00962645943035993,0.0025379874517574,2.49146437294506e-05,0.000235665765134416,0.000286360964381703,0.000131933468848528,0.000203213752883339,0.000187056626104603,0.00333677139672949,0.000849282346085656,0.000111663261074963,0.000488689125663284,0.00856506805574661,0.000290316606869554,3.15664206493197e-05,3.87692323436158e-06,0.000394265381102538,0.000765249542985534,3.17632187830436e-05,0.000443582993413757,0.0123892493902702,0.000125242332301914,0.0262476165286029,0.00158566160285389,0.000526966362672589,0.00029793269464467,0.000138742684275376,0.000108573530375497,0.0158916854559685,2.79453349887992e-06,0.00331374601508379,0.00160174001037913
0.028249619996979,0.00194041848393847,0.000405618235074781,0.00124537473737804,0.000820743147534126,0.000334846303434129,0.000615821435022388,0.00377415092167237,1.58444623076086e-05,0.0206749107164549,0.052223347765878,6.33778492304345e-05,0.0163863429185288,0.00120946062281412,0.00624060555422345,6.76030391791301e-05,0.0175387634770356,0.000157388325588912,0.00289636770983086,0.000176401680358043,0.00349845727751998,0.000596808080253258,0.00146825350717173,0.0810507624883411,0.0186140743189786,0.00311924647962455,0.00154747581870977,0.000231329149691086,2.85200321536955e-05,0.00301467302839433,0.047066503433495,0.0190122984716432,0.000511247983792171,0,0,0.000740464538508909,0.000138374970819782,0.00415653061202933,0.0080521557447267,0.247166217916284,0.034572616755202,0.00071616969630391,0.000698212639021953,0.000751027513380648,0.000188020952716956,0.000442588647125867,0,0.0347986644174572,0.00100559520778956,0.00223618178034716,0.00519592733940845,0.000622159219945432,0.00199217706080999,0.00422624624618281,0.000321114436100868,0.000255623991896086,0.00110594346907108,0.0194612249036921,0.107950434296712,0.000587301402868693,0.0125752215848054,0,0.000237666934614129,0.00401287415377368,0.0241205531196162,0.00266186966767825,4.75333869228259e-05,0.00250236874711499,0.00239990789085912,0.000457376811946302,0.00351430173982759,2.64074371793477e-05,0.000474277571741085,0.00526881186602345,9.50667738456517e-05,0.000407730830049128,2.53511396921738e-05,0,1.58444623076086e-05,0.0126850765234715,0.00249074947475607,0.000529205041074128,0.0139843224326954,0.00259532292598629,0.00122530508512173,0.0139684779703878,0.0013520607835826,0.00654481923052953,0.00315093540423977,2.53511396921738e-05,1.37318673332608e-05,0.00245272276521781,0.000190133547691303,5.17585768715215e-05,2.74637346665216e-05,0.00279390685357499,0.00745746025944779,0.00189605398947716,0.000314776651177825,0.000108798641178913,0.000369704120510868,0.00105841008214826,4.75333869228259e-05,0.000942217358559126,0.0420247955272139,0.00468996084305215,0.000789054222918909,0.000660185929483692,0.00136368005594152,6.33778492304345e-05,4.75333869228259e-05,0.00174922863875999,0.00066229852445804,5.38711718458693e-05,0.000598920675227606
0.00168439047690877,0.0070495956131906,0.0010544077348867,0.000193727087335424,0.000811879167535481,0.000732022200236909,0.0011150398767245,0.00211620963341216,0,0.00902531613746638,0.0828723072304569,0.0017805146042126,0.0130906273060548,0.000483578301974685,0.00596709005647662,0.000100560625487091,0.00642257053662403,0.000159713934597144,0.00531344599081053,0.000582660094734024,0.000585617760189527,0.00141228525500252,0.000489493632885691,0.102304169273109,0.0351341079459161,0.00241937034260118,0.00103961940760919,2.218249091627e-05,0,0.00137087793862548,0.0518582272640559,0.0337706241709294,0.000347525691021563,0.000119785450947858,0.000201121250974181,0.00015527743641389,0.000102039458214842,0.0489478844558413,0.0148060732702463,0.0427560118247465,0.25486498996612,0.00199346651700879,0.00157199918959967,0.00085476531664027,0.000695051382043126,0.000597448422011538,0,0.050222638267163,0.00149214222230109,0.000635898072933072,0.0054968212490517,0.000349004523749314,0.00324899550286967,0.0054480197690359,0.000360835185571325,0.0016134065059767,0.000493930131068945,0.003050831917351,0.0316943430211665,0.000437734487414394,0.00634567123478096,5.32379781990479e-05,0.000218867243707197,0.00332145830652949,0.0227340955237212,0.00180417592785662,2.218249091627e-05,0.00093314345121109,0.000523506785623971,0.000258795727356483,0.00383904976124246,0.000391890672854103,0.0023883148553184,0.0321779213231412,0.000152319770958387,0.000461395811058415,1.7745992733016e-05,3.99284836492859e-05,0,0.00826371728267444,0.000736458698420163,0.000289851214639261,0.0148267769284348,0.00141376408773027,2.218249091627e-05,0.00607060834741921,0.000882863138467545,0.00178938760057911,0.00514485905984688,0,4.43649818325399e-05,0.0025495076226433,0.00117123552037905,7.68993018430692e-05,7.98569672985719e-05,0.00152024004412837,0.00546280809631342,0.000808921502079978,0.00027802055281725,0.000360835185571325,0.000952368276671857,0.000649207567482834,2.218249091627e-05,0.00165629265508149,0.0073838118096624,0.00571420966003114,0.000223303741890451,0.00118898151311207,0.00056639293472876,0,1.7745992733016e-05,0.000727585702053655,0.00928854836300611,0.000440692152869897,0.000171544596419154
0.000577949752791626,0.000283066945589499,0.000145386471146693,0.00199328448073912,0.000457222471097375,0.00171432740005836,0.0149563121360201,0.0399576478421154,0,0.0137521217177591,0.00229330461907717,0.000403280494170157,0.00173333552526128,0.0014697904379883,0.00720459318502201,0.00020497951232343,0.00175850844782732,0.000258407756137056,0.102513901618054,0.00871342733964335,0.000262517621045796,0.00320877702749911,5.24007775864407e-05,0.021064085123522,0.00101205423377734,0.00710081909607631,0.00351136583140512,0.000621103334333401,0.000648844922467399,0.00482909126777003,0.00056870255674696,0.000290772942293387,0.000480854194322633,0.000472634464505152,0.000281012013135128,0.00178214017105258,0.000249674293205982,0.000104287822059289,0.0618719612686331,0.000331871591380791,0.000615966003197475,0.201621752692989,0.00597420237796784,0.000181861522211765,0.000276388415112795,0.00216178894199748,0.000122268481035028,0.162336067763453,0.0069497815606801,0.00141944459285623,0.107493516688106,8.57934299699569e-05,0.00543426887558206,0.0137654787787125,0.00109579273129292,6.3702906085477e-05,0.000871805093766568,0.000422288619373081,0.00111480085649585,0.000403794227283749,0.000483422859890595,3.54475848378864e-05,0.000219877772617614,0.000418692487577933,8.16835650612164e-05,0.0019804411528993,9.81230246961782e-05,0.00223011544610529,0.000837384975155867,0.000413555156442008,0.00620846467776604,0.000101719156491326,0.00212428642470522,0.000793717660500499,0.000337522655630309,0.000389409700103158,0.000473148197618744,0.00013254314330688,0.000189053785802061,0.0775290053715934,0.00102335636227637,0.000113535018103955,0.0059629002494688,0.0108726476160729,0.00130745077409306,0.000113021284990362,0.000404821693510934,0.000718198892802394,0.00277004894849106,0.000121754747921436,3.85299835194417e-05,0.00527347041102759,0.0193117414730578,9.09307611058825e-05,0.00102900742652589,0.00429378136340659,0.00558838880965983,2.7741588133998e-05,2.97965205883683e-05,5.24007775864407e-05,0.000828137779111201,0.000146413937373879,0.000106342754513659,0.00238063924838791,7.60325008116983e-05,0.010418507543657,0.000662715716534398,0.00493132415737495,0.0012144650805328,0.000290259209179794,0.000292314141634165,0.00121138268185125,0,0.000840981106951015,0.000832761377133534
8.45167507809567e-05,0.000687110207647778,2.96357437803355e-05,0.000526857667205964,0.00357933927658052,0.000947246180830723,0.0028088099382918,0.0248720723726816,4.93929063005591e-05,0.0091958615330241,0.00156081583909767,0.000256843112762907,0.000675036386107641,0.00203059725902299,0.0451286520566109,0.000409412312224634,0.00032599318158369,7.13453091008076e-05,0.029594034215015,0.0132680322524702,0.000358921785784063,0.0208339278775758,5.48810070006213e-05,0.00700171887313926,0.000828703205709381,0.00828812967723382,0.00137641565557558,0.000504905264405716,0.00333456998535775,0.0434416099014118,0.000159154920301802,0.000265624073883007,0.00081004366332917,0.000578445813786548,9.43953320410685e-05,0.0018988828422215,0.000567469612386424,0,0.291144839758436,0,0.000357824165644051,0.0199305865023456,0.0719786359215948,6.14667278406958e-05,0.000414900412924697,0.00219524028002485,1.42690618201615e-05,0.0943722820181283,0.0152547247058927,0.0005477124498662,0.00956795476048831,6.69548285407579e-05,0.0180986584886649,0.00443987346635026,0.00542004825138136,0.000125128695961416,0.00160142778427813,8.45167507809567e-05,0.000548810070006213,0.000689305447927803,0.000197571625202237,0.000114152494561292,9.65905723210934e-05,0.000210743066882386,2.85381236403231e-05,0.00767236477868685,1.64643021001864e-05,0.00241915478858738,1.31714416801491e-05,0.000235988330102671,0.00410839218406651,4.93929063005591e-05,0.00589422015186672,0.000110859634141255,0.00032599318158369,0.000762845997308635,0.000354531305224013,0,8.23215105009319e-05,0.024385826650656,0.00250147629908832,8.34191306409443e-05,0.00497112161411627,0.107914719305602,0.00142690618201615,9.22000917610437e-05,0.000150373959181702,0.000329286042003728,0.00112506064351274,4.50024257405094e-05,7.46381695208449e-05,0.00958990716328856,0.0113768327512288,0.000163545400861851,0.000301845538503417,0.00341469625557865,0.00244549767194768,4.3904805600497e-05,0,0.000241476430802733,0.00191095666376163,0,0.000164643021001864,0.00367702746904162,2.63428833602982e-05,0.0114580566415897,0.00144995620495641,0.00430157332870869,0.000310626499623516,9.98834327411307e-05,0.000196474005062224,0.0171162884633538,0.000178912082822025,0.00170789693785933,0.00061576489854697
0.00172460046755835,0.10212645975111,0.0354720204105097,0.000164247663576986,0.000139610514040438,0.000818500856825312,0.00118805809987353,0.00107855965748887,0,0.00721320989208929,0.397008502554051,0.00122638255470816,0.00252120163590673,0.000615928738413696,0.0037995959507476,0.00041335662000208,0.000944424065567667,7.11739875500271e-05,0.00477139462691143,0.000164247663576986,0.00080481355152723,0.00239254096610476,6.84365264904107e-05,0.031201581157508,0.00693398886400841,0.000955373909806133,0.000624141121592545,0.000134135591921205,3.28495327153971e-05,0.000457155996955943,0.00328769073259933,0.0113002392540966,0.000440731230598245,0.000240896573246246,0.000164247663576986,0.000139610514040438,0.000101286059205808,0.00473033271101719,0.00583900444016184,0.00140979244570246,0.00364356067034946,0.00222281838040854,0.00030659563867704,0.0837471461968454,0.000101286059205808,0.000569391900400217,6.56990654307943e-05,0.0378043372333029,0.00334243995379166,0.000309333099736656,0.000985485981461914,7.11739875500271e-05,0.000711739875500271,0.000908837071792654,0.000101286059205808,0.000101286059205808,0.000558442056161751,0.000919786916031119,0.0030495316204127,0.000525592523446354,0.00316176752385697,0,0.000139610514040438,0.00236790381656821,0.00197370942398344,0.00298109509392229,0,6.56990654307943e-05,0.000369557243048218,0.00034492009351167,0.00147275405007364,0.000164247663576986,0.00079660116834838,0.128518321826872,0.000314808021855889,0.000169722585696218,0.000145085436159671,0,0,0.00194633481338728,0.000659728115367559,0.00101286059205808,0.0501831361448883,0.00159320233669676,3.55869937750135e-05,0,0.000246371495365478,0.00228577998477972,0.000859562772719558,6.84365264904107e-05,0,0.000555704595102135,0.000985485981461914,8.21238317884928e-05,3.28495327153971e-05,0.00171912554543912,0.000755539252454134,0.00015329781933852,0,6.56990654307943e-05,0.000407881697882848,0.000424306464240546,0,0.00354227461114366,0.000698052570202189,0.0107417971979349,0.00015329781933852,0.00145632928371594,0.000454418535896327,9.85485981461914e-05,0,0.000766489096692599,0.00120174540517161,0.000235421651127013,0.000826713240004161
0.0060672752330515,0.000140334169531419,0.000375514881228901,0.0108841246244851,0.00127752485366533,0.000197435659202824,0.000323252500851683,0.00363320325807551,0.000200339124779337,0.346628302208182,0.00127171792251231,0.00119138870822881,0.000366804484499365,0.0126687881321812,0.00845682740252098,0.00660248072098857,0.00269151258942674,3.96806962123324e-05,0.0022840595868562,0.000995888692743659,0.0201326303075351,0.00385096317631392,0.000275829229768652,0.00751126544643687,0.000159690606708167,0.0211885239555266,0.0805479420235994,0.000864264919941776,0.000121945554213509,0.00321413639319892,0.000544883706525442,0.00029131437951005,0.000948465421660627,0.000380353990523088,0.000190660906190963,0.00272441853262721,0.00170820558084797,0.000282603982780513,0.0163842562482579,0.000571014896714051,0.000691992629068723,0.0011420297934281,0.00124945801975905,0.000139366347672582,0.140181253677723,0.00104815107312088,0.000200339124779337,0.0244229846077612,0.00192790114280405,0.00315122797237449,0.00153012635882189,0.0025715026789309,0.00473458453343244,0.00436778004893307,0.000570047074855214,0.000816841648858744,0.000963950571402025,0.00504525535011924,0.0022995447365976,8.22648580011769e-05,0.0092756046950974,0.000322284678992846,0.00132494812474837,0.00431164638112051,0.000111299513766298,0.00590952027006101,9.96856514602496e-05,0.0125158722784849,0.00937625816841649,0.00243020068754065,0.0107650825358481,0.000997824336461333,0.000342608938028431,0.000629084208244294,0.000101621295177924,0.00180789123230822,0.000101621295177924,0.000264215367462603,0.000944594134225278,0.0191106104246028,0.00373095326581808,0.000936851559354579,0.00362642850506364,0.000949433243519465,0.00117590355848741,0.000126784663507696,0.00233632196723342,0.0676672009043327,0.00116719316175787,0.000277764873486327,5.32302022360556e-05,0.00870362197652451,0.000271957942333302,0.000583596580878937,0.00416260181485955,0.00711639412803122,0.0290946607203692,0.000577789649725913,0.000614566880361733,0.00228889869615039,0.00191338381492149,0.000335834185016569,0.00128720307225371,0.0015330298243984,0.000351319334757967,0.00381515376753693,0.0010694431540153,0.000400678249558673,0.00487975781225804,0.000388096565393787,0.000162594072284679,0.000661022329585927,1.25816841648859e-05,0.000298089132521911,0.00136075753352535
0.000149234916674345,7.99876542023478e-05,6.75514111461524e-05,0.000410961304629731,0.00102203306570915,0.000266531300045279,0.000205763294202506,0.000567262268495096,0.000161671159730541,0.00539902533771466,0.00048444819541634,0.0107389785209124,1.83717226966523e-05,0.000635944247191811,0.00187928591092371,0.00273908253312704,0.000111643545618118,0.00464493678148899,0.00165910788045153,0.000356694062202696,1.35668106067586e-05,0.0136716707470734,9.24238972585433e-05,0.00122977485312514,0.000113056755056322,0.00222608750705898,0.000162801727281104,0.00111417432108005,0.000144430004584451,0.00110173807802386,9.69461674607961e-05,8.50752081798823e-05,0.00309210225079041,0.00860418434356139,0.00169754717717068,0.00398468533196007,0.000934131438652861,3.39170265168966e-06,0.135947638894463,2.11981415730604e-05,8.33793568540375e-05,0.00149884993015919,0.000336061204404917,0.000100337870112486,5.45498843146754e-05,0.521979081108612,0.000314580420944216,0.00490411939245561,0.0038914135090386,0.0037563106867463,0.000561326788854639,6.78340530337932e-06,0.00676503358068267,0.000126623565663081,0.00144571325528272,0.000176085896000222,0.000386936744180262,6.30291409438995e-05,6.78340530337932e-05,0.000377044278112834,0.000478230073888242,0.000334930636854354,0.00152372241627158,0.000366586528270124,4.23962831461208e-06,0.000584220781753544,0.000585916633079389,0.000186543645842931,7.32042488989685e-05,0.000306949089977914,0.000388915237393748,0.000513560309843343,0.00260850198103699,0.00026681394193292,0.0250805105416945,0.00110399921312498,0.0189618789580463,0.000183151943191242,0.000336626488180199,0.00111078261842836,0.025100578115717,0.00019643611191036,0.000862905682967378,0.00215797081213755,0.00176396802076626,0,0.000466076472719688,0.000381566548315087,2.51551280000317e-05,0.00142168869483325,0.00231568498544112,0.00273060327649782,0.000685123935641312,0.000407852243865682,0.000948263533034901,0.0115854909743966,0.000279532826876756,0.000106555991640584,4.23962831461208e-06,0.00188324289735068,0.0239948830512662,3.81566548315087e-05,0.00223343619613764,0.00347988692063359,3.39170265168966e-06,0.0144893537280182,0.0404980602287251,0.000487557256180389,0.000427071892225257,0.000456749290427541,0.000973983944810215,0.0194822226731931,0,0.0297638866199026,0.00251890450265486
0.000740874739167155,0,3.45664730560104e-05,0.000491996133163881,0.000133657029149907,1.38265892224041e-05,0,0.000173984581048585,0.00359491319782508,0.00395901338068172,0.000303032747124358,0.0355447042434954,6.91329461120207e-05,0.000483930622784145,0.0016764739432165,0.0310648893354365,5.18497095840155e-05,0.00329072823493219,0.000155549128752047,0.000131352597612839,1.72832365280052e-05,0.00461577636874592,0.000241965311392073,0.000350273593634238,0.000139418107992575,0.00239776101431859,0.000290358373670487,0.0142068204260203,2.76531784448083e-05,0.000173984581048585,0,1.49788049909378e-05,0.0260827083522969,0.00013480924491844,0.00181473983544054,0.0148751055717698,0.00184124079811682,1.49788049909378e-05,0.012146658631882,3.45664730560104e-05,4.14797676672124e-05,1.38265892224041e-05,5.87630041952176e-05,6.1067435732285e-05,0.000126743734538705,0.00362026194473282,0.103122159067996,0.00156470901366874,0.000593391120794844,0.101043561821561,1.49788049909378e-05,0,0.00177326006777333,0.000390601145532917,0.000268466274068347,0.000342208083254503,0.00153590361945539,7.02851618805544e-05,0.000430928697431596,0.000306489394429959,0.000515040448534554,0.0537497133863276,0.00117526008390435,0.00129048166075772,0,0.000630262025387922,0.00147137953641751,0.000163614639131782,9.44816930197616e-05,0.000558824647738834,0.000197028896419259,0.00110382270625526,0.000592238905026311,0,0.000509279369691886,0.000841117511029585,0.000304184962892891,0.000406732166292389,0.00658145646986437,0.000762766838769295,0.0162047625686577,0.000409036597829456,7.48940249546891e-05,0.000396362224375585,0.00123056644079397,0,0.000602608846943114,0.000205094406798995,0,0.0391799449932192,0.00277914443370323,0.00722439286870616,3.45664730560104e-05,0.0113101499839266,0.264064809832548,0.058075131381403,0.000162462423363249,7.60462407232228e-05,1.49788049909378e-05,0.00372165693236378,0.00454203455955976,0,0.00343360299023036,0.000517344880071622,0,0.00652730232874329,0.00239084771970738,2.76531784448083e-05,0.00240813095623539,0.0732509652687601,0.0373145076639632,0.000932142556743746,0,0.00080194217489944,0.0144245892062731
0.000449821984115583,0.000653272290720084,0.000131258666694746,0.000220335553862435,0.000627135883494552,0.000580717122844122,0.00161151947419315,0.00242400447866454,8.58678127073833e-06,0.00652091451602268,0.00621199095742987,0.000206935160901238,0.000401698402658117,0.000457781993030793,0.00334517180958455,0.00032526978162499,0.000527980496849967,6.02704297076057e-05,0.0366859010567131,0.000562377763721363,0.000174330462966654,0.00175024926736579,2.39677748754039e-05,0.0937375037261616,0.00122689435049963,0.00134926538519298,0.000976373439994946,0.000168952756156221,0.000102239106633784,0.00061184263801966,0.000500302229629836,0.000518165241762394,0.000166809194700314,9.11703068351531e-05,4.60803035784439e-05,0.000552537437739568,0.000207286153420334,0.000120753962016091,0.0106551049730876,0.000226164536768848,0.00068680461174085,0.00312175253573292,0.000792578714459814,0.00017203647614542,0.000118923786737948,0.000432410248079005,2.80041888450065e-05,0.74018589817356,0.0033441564383686,0.000773587512087305,0.00857044758315326,2.78412280325691e-05,0.000695529282929805,0.00756091788555087,0.000320656737088301,3.54251735344621e-05,0.000204929489363548,0.000373079976904692,0.000434077462544711,0.000403516042489149,0.00027530348944227,2.27267656114578e-05,0.000142014080315612,0.000280869227959362,4.14296527004236e-05,0.000775630789966327,2.04327787902241e-05,0.000558140782597991,0.000122358499246244,0.000218116779723864,0.00213333253106472,7.19158600733223e-05,0.00102761834778294,0.00104662208560256,6.16618643368786e-05,0.000173929328659116,0.000107065253771352,5.30374767248086e-05,7.09004888573664e-05,0.00541758206769192,0.000633905024934258,7.4761406567421e-05,0.0220299326420285,0.00077282284981356,0.000288152322730601,4.54284603286945e-05,8.40752437705722e-05,0.00030537602706052,0.00207283646330912,4.61555162611073e-05,9.47178383674435e-05,0.00275343602873024,0.000822901961020275,8.46769452318794e-05,0.00014991141199527,0.0043067158156477,0.00112762614483105,1.84647135938651e-05,9.58710995016157e-05,0.000178605050431357,0.000240642978181553,6.77791625268353e-05,3.80701528747917e-05,0.00120923190552084,9.198511089734e-05,0.00308285504334883,0.000111314770341834,0.00106127602327482,0.000448593510298747,6.73028155366337e-05,2.29022618710057e-05,0.000395518427232607,2.02196761893444e-05,0.000183268236756488,0.000850467409216412
0.000175436845138994,0.000151096292336078,3.95611010113222e-05,8.31276094459092e-05,0.0119819606309121,0.0086933978931064,0.0027568294969541,0.00027279905635066,7.57946327787015e-06,0.0019341804338682,0.00133571094317978,0.000395487766807891,4.98519170064793e-05,0.000194724422423331,0.00102649349010375,0.000288019604559066,1.2509195491119e-05,0.000190164420126075,0.00406838475228897,0.00273205759258253,1.60832513457245e-05,0.00980277250604539,4.87427272584983e-05,0.00267166837297023,0.000172602249116376,0.000880142065022921,0.000125831414743178,0.000309279074728701,0.00419945400750872,0.000620406799037371,0.000111535191324756,8.15254464766033e-05,0.000150911427378081,9.98270773182898e-05,0.000187946040630113,0.000783889043559237,5.39189460824096e-05,3.62335317673792e-05,0.0579928767834385,1.10302758271444e-05,0.000179134144298931,0.000385566680728728,0.000234100658476656,4.83729973425046e-05,3.08724479854711e-05,0.00124937900779526,8.15254464766033e-05,0.00916400245451367,0.709514050414646,0.000426545079751359,0.000517067287517142,6.03892196122987e-05,0.00248600233348874,0.000200270371163236,0.0159341885679263,5.34875945137503e-05,4.74486725525204e-05,0.000108638973649472,0.000112644381072737,0.00955579292216162,5.79243535056743e-05,8.32508527512404e-05,2.65589322988783e-05,0.000110734109840103,3.08108263328055e-06,0.000286479063242425,0.000194847665728662,4.38129950452494e-05,2.15059567802982e-05,4.94821870904856e-05,0.00018252333519554,0.000129775200513777,0.100461472232482,0.000210869295421721,0.00012706384779649,3.32140707867643e-05,9.11384242924386e-05,0.000101675726898258,5.92184082116521e-05,0.000529761347966257,0.00118541573232836,4.87427272584983e-05,0.00104448701268211,0.00102433673226045,0.000793686886333069,8.68865302585114e-06,0.000164837920880509,0.000168042246819121,7.77049040113354e-05,4.32584001712589e-05,4.52919147092241e-05,0.000657687898900066,0.000244946069345804,0.000101798970203589,0.000261768780523515,0.0022300259883158,0.000120901682529929,1.89178473683426e-05,8.01081484652942e-07,0.000105496269363526,0.000278345005090565,4.31351568659277e-06,0.000116834653453998,0.00452247471078185,1.3310276975772e-05,0.00940075284405495,0.00030564339722143,0.00609592198994556,0.000116403301885339,1.98421721583267e-05,1.30021687124439e-05,0.00171203437600867,0,0.000404176419833742,0.000710189546971166
0.000481213948840757,1.88130154732213e-05,2.01438397189154e-05,0.000366188389604968,0.000150080679707595,1.11305300548962e-05,1.62421049985849e-05,0.000182564889704765,0.000628572488045796,0.00526089947325674,0.000110337428370275,0.0021871491557871,3.3119376114433e-05,0.000886086979587606,0.00435240020353142,0.00785413150001405,1.14027441051518e-05,0.000315889282318848,0.000113422520939839,3.4510692371295e-05,1.30360284066855e-05,0.00117427092079155,0.000172432477834139,0.000387088379463482,1.57581689092416e-05,0.00126664222184495,0.000366248881616136,0.0025306530412041,1.86920314508855e-05,0.000167502378923954,7.50100938482135e-06,1.59093989371614e-05,0.00115073952844723,0.000110367674375859,0.00028013850371861,0.0205142323032965,0.00092570924690259,3.50853664773902e-06,0.00872418809664216,2.14746639646095e-05,1.58489069259935e-05,3.20305199134105e-05,9.82995181478604e-05,2.02043317300833e-05,6.36375957486456e-05,0.000529335343724832,0.00164592713186778,0.00237918104523965,0.000405689672897616,0.416683491007273,0.00022372970330453,0.000309204915084793,0.00152216047701822,0.000297348480895882,0.000188825812860644,0.000256788587407795,0.00202714778624797,5.45940400790425e-05,4.35844940464821e-05,2.70701749976416e-05,0.000275299142825177,0.00272761502956683,0.000321757007402135,0.00124607493804786,1.56371848869058e-05,0.00087175037294081,0.000155403976690371,7.76414963340178e-05,0.000335004757847908,0.000483694121298641,0.000690123109409148,0.00138569049982341,0.000210300476825253,3.32706061423528e-05,5.80420847156136e-05,0.000423716292225654,0.000309204915084793,0.000897368739670422,0.00386153777890938,0.00025911752983776,0.00481165555231822,0.000699287649101087,0.000205037671853645,0.000106768399711368,0.00156771096142766,2.15956479869453e-05,0.000771031174346233,0.00024069771243713,2.38338524001582e-05,0.00201138961733873,0.00025216094855345,0.035293156535752,9.92068983153792e-06,0.00679473490843037,0.0260914445029503,0.342994512436961,0.000137831047446092,3.65069287398362e-05,2.28659802214715e-05,0.00300430548864887,0.000842381501518788,0.000128666507754153,0.000556949946822985,0.00166008226248107,1.3398980473693e-05,0.00390158349030254,0.000645994187262155,2.51646766458523e-05,0.00216993917860983,0.00999563943337496,0.00189820906444356,0.000556345026711306,7.25904134014969e-07,9.78458280641011e-05,0.0500478839637402
0.000823403599413603,0.000395495934968232,0.0001910106978737,0.000906982160256337,0.00100203228827356,0.000863098863604705,0.00264974992894001,0.0118508572447226,4.55220919622735e-06,0.0138911574064717,0.00353852325241144,0.000286242914258776,0.00126423953797626,0.00144396075704331,0.00667900133270476,0.00021704933447612,0.00289593340227199,8.50352677855268e-05,0.0463862833560853,0.0017777287353107,0.00063093619459711,0.00370276696021132,8.5399444521225e-05,0.0334560062667533,0.00117428788425881,0.00396096826582134,0.00291141091353916,0.000524778676141089,0.000114715671744929,0.00190628312301216,0.000531515945751505,0.000512942932230897,0.000866740630961687,0.000240174557192955,0.000194106200127134,0.00149822309066234,0.000786439660740236,0.000143485633865086,0.0233668539809707,0.000605807999833935,0.000494187830342441,0.0271719546039132,0.00215920386595456,0.000307729341664969,0.000444659794287487,0.00157324349821617,7.42920540824303e-05,0.350716399370047,0.00379417532087157,0.00165609370558751,0.256733491276784,7.92084400143558e-05,0.00163915948737754,0.0374827084333681,0.00095651019631129,0.000210858329969251,0.000774786005197895,0.000648598766278472,0.00124457399424856,0.000735819094478188,0.000722344555257355,2.89520504880059e-05,0.000364540912433886,0.000889319588574975,0.000210129976497854,0.002401199306826,2.18506041418913e-06,0.00284895460336692,0.000992927869881109,0.00058067980507076,0.00602257276660878,5.89966311831064e-05,0.00197930055851965,0.0012955587372463,0.000164972061271279,0.000583775307324195,0.000189189814195209,6.4095105482881e-05,4.73429756407644e-05,0.0575371929147959,0.00138223280034247,0.000364723000801735,0.0101587100423009,0.00239391577211204,0.000889865853678522,9.59605698564725e-05,0.00057066494483906,0.000974536944728351,0.00406239148671328,0.000121088764619647,3.36863480520824e-05,0.00781869242707224,0.00251008815079976,7.9572616750054e-05,0.000410791357867556,0.00501398529709265,0.00695832488898527,6.4095105482881e-05,2.36714878203822e-06,0.000130193183012102,0.00144031898968633,4.75250640086135e-05,0.00012254547156244,0.0017480483313513,6.95577565183539e-05,0.00707030923521247,0.000252920742942391,0.00148019634224528,0.00114843133602424,0.00012855438770146,6.71906077363156e-05,0.000726532587717885,2.74953435452132e-05,0.000404600353360687,0.000981820479442314
0.175119421015882,0.000182872089285912,6.92697307901183e-05,0.00514812639232159,0.00015793498620147,0,7.75820984849325e-05,0.000983630177219679,0,0.0449144934443127,0.00231083821915835,0.000265995766234054,0.00123300120806411,0.00257129240692919,0.00172066011282654,0,0.000587407317100203,6.64989415585135e-05,0.000507054429383666,7.2040520021723e-05,0.00147683066044532,0.000296474447781706,0.0143970208474182,0.00747836013610117,0.00105012911877819,0.00742017356223747,0.00143803961120285,0.000822924401786605,0,0.000958693074135237,0.000290932869318497,0.00231915058685316,0.000271537344697264,0.000213350770833564,0,0.00106398306493622,0.000955922284903632,0.000116373147727399,0.00278187238853115,0.00066776020481674,0.000207809192370355,0.000213350770833564,7.75820984849325e-05,3.60202600108615e-05,0.000507054429383666,0.00020503840313875,0.000132997883117027,0.00500958693074135,0.000617885998647855,0.000595719684795017,0.000676072572511554,0.220726611768096,0.00325567734713556,0.000404535227814291,4.1561838474071e-05,0.0656898711028849,0.00799372693317965,0.00387633413501502,0.00356600574107529,0,0.0525729548804682,6.64989415585135e-05,0.000839549137176233,0.0407915590676848,0.000418389173972314,0.00327507287175679,0,0.00274862291775189,0.0113519234818846,0.00136045751271792,0.00288993316856373,0.000135768672348632,0.000110831569264189,0.00159874538663593,6.92697307901183e-05,0.00145743513582409,0.000185642878517517,0.000102519201569375,0,0.00465769669832755,0.00495417114610926,0.00464938433063274,0.00418943331818635,0,0.00348565285335875,0.00291764106087978,0.0118922273820475,0.0149096168552651,0.000113602358495794,6.92697307901183e-05,0,0.00735090383144735,0,0.000135768672348632,0.000132997883117027,0.0042753277843661,0.00271260265774103,0.012554446008401,0.165737528677669,9.97484123377703e-05,0.000177330510822703,0.0314013543617764,0,0,0.00472696642911767,0.00141864408658162,0.000698238886364392,3.60202600108615e-05,0.00097254702029326,3.32494707792568e-05,0.000141310250811841,0.000548616267857737,0.000290932869318497,0.000149622618506655,0.000750883881764882
0.00052041042014723,0.000222194841151097,5.1530835720461e-05,0.000709441852171298,0.0017094461889248,0.000248980671599851,0.000473726544222258,0.00310537061002561,3.21429965385054e-05,0.0150396060391078,0.000858166986948668,0.000743115467592589,0.000170153799136374,0.00166454803502974,0.0613872560161613,0.00055102279780295,0.000190562050906853,0.000429338596621465,0.00266684830010742,0.00127066877585949,0.000108673940677804,0.0178582407117582,0.000116327035091734,0.00254261306745463,0.000163266014163837,0.00829518903525857,0.00144260829702578,0.00230307121229862,0.000631890495443475,0.0207021305959745,4.79593916606271e-05,0.000118112757121651,0.00174771166099445,0.00237883684699653,0.000745666499063899,0.00614543481438568,0.000834442394265485,2.16837675061346e-05,0.244547234005862,0.000122704613770009,0.000131888327066725,0.00206608038861393,0.00674135576608368,0.000108163734383542,0.000539798259329186,0.00542833986780045,0.000190051844612591,0.00646176271682811,0.00952988826737259,0.00148214928483108,0.000824748474674508,2.57654178602305e-05,0.344796903455959,0.000417348748706308,0.00381812880310961,0.000122449510622878,0.000923218289467072,7.80615630220845e-05,0.000345409661215368,0.000365562809838716,0.000649492612595514,0.000336225947918652,0.000720921493792193,0.00067168658639591,3.54593374512083e-05,0.0118102552995766,0.000639288486710274,0.00268317490152381,0.000119388272857306,0.000205868239734713,0.00546839106190001,0.000236990823684695,0.00403879302537792,0.000186480400552758,0.000525257379942719,0.000682656021722543,0.00101505542243423,0.000268368510781807,0.000303062538791622,0.00446430507479242,0.0126122995941564,0.00010000043367535,0.00107092301165592,0.00810870863470581,0.0394366506181277,2.21939738003966e-05,0.000803830016609766,0.00131990368325577,0.000388777196227637,0.000327807544063329,9.71942990569092e-05,0.0054444113660697,0.00070995205846556,0.000103826980882315,0.000546175838007461,0.0127230143600113,0.00108801492251369,0.000188266122582674,2.75511398901475e-05,0.00030000130102605,0.000810717801582303,5.81635175458669e-05,0.000245154124392886,0.0041135382474873,3.03572745085884e-05,0.0132819453553753,0.00549007482940615,0.000792605478136002,0.000541073775064841,0.000308674808028504,6.07145490171769e-05,0.0462042820083659,0,0.0177980363690353,0.00246863315478664
0.000735988772516439,0.000536114257284036,0.000326174118982375,0.000523891714985652,0.000559600711112304,0.000636530830284488,0.00195321019082025,0.0123529160829005,0,0.014396716881344,0.00415182985837668,9.53837614658231e-05,0.00418202672758446,0.00156592336034595,0.00533669748824359,0.000992662160782511,0.00908758002769484,3.45107076660265e-05,0.0192969977122277,0.000969894680030619,0.00138953529894182,0.00173967518713671,9.68217076185742e-05,0.0476655183867778,0.00229400342902226,0.00293988090929963,0.00366244885105706,0.000577814695713818,6.27903153367982e-05,0.00186645410627093,0.0011781572144874,0.00109235976070659,0.000522933084217151,0.000125340972981471,5.77575038021693e-05,0.000927235610832336,0.000556005845730426,0.000336719057435883,0.0126115067327035,0.000903509499311943,0.000829934587829511,0.00998989123854616,0.00289266834395097,0.000433780422746583,0.000395195534314428,0.000421557880448198,0.000121266792215343,0.442178986909418,0.00184129004859779,0.00076235111865021,0.0605835473077095,0.000213055688299288,0.00181924154092227,0.179710915305451,0.000238219745972433,8.53181383965654e-05,0.000939697810822846,0.00116138117603864,0.00405452883537386,0.000313232603607615,0.000681826134096148,3.76262576636539e-05,0.000378898811249916,0.000731195618673936,0.000135406596050729,0.00125844254134934,2.73209769022709e-05,0.0013741972066458,0.00114436547989775,0.000558162764959553,0.00557971038805853,0.00014379461527511,0.000848867545507401,0.00113765506451825,4.67332499644108e-05,0.000478117095789742,0.000112159799914586,0.000103292465305954,0.000244690503659813,0.0308858850726331,0.00235559545589843,0.000416045753529319,0.0102839512267838,0.00156232849496407,0.000293820330545475,0.00020251074984578,0.000474042915023614,0.00171978359869032,0.0257581690919226,8.34008768595639e-05,5.24850345754152e-05,0.00335472837436832,0.00167664521410779,0.000272251138254209,0.000342710499739013,0.00365094528183505,0.0224887588559509,0.000115275349912213,2.9957211515648e-05,0.000279680526710089,0.00041748369968207,0.00016919833064038,1.65363807566377e-05,0.00134567794128291,0.000440251180433963,0.00459088275035002,0.000160570653723873,0.00166514164488578,0.000808844710922495,0.000283515049784092,3.7865915355779e-05,0.000483149907324371,3.88245461242798e-05,0.000139960092201107,0.000753483784041578
0.00030860066170524,0.000131058440012895,8.15618206319987e-05,0.000229621273388767,0.0746886770242288,0.00391023293109081,0.00202032288151241,0.000859304352990951,0,0.00490081092678761,0.000789148275085855,0.00174507863721603,5.05726328456984e-05,0.000383491198855466,0.00274232791639461,0.000284282757400713,0.000181200667472672,0.000328184106764638,0.00322911640787108,0.00459715992702046,0.000117715873049349,0.0493614720897171,7.27385102206215e-05,0.00160691850833545,0.000230697286853569,0.00175153471800485,0.000418999643193935,0.000718346589101877,0.0128247892842832,0.00338750558988995,0.000103512495313961,0.000100499657612515,0.000266205731192038,0.000893091175785737,0.000351641200297324,0.00153676243043035,0.000147198641984926,5.59527001697088e-06,0.387375177058016,3.40020254877461e-05,0.000187226342875564,0.000852633069509179,0.000890293540777252,0.000102221279156199,0.000171301343596493,0.00362164611983088,0.000126539183460726,0.00607301999534301,0.0868308433664415,0.000998970900722263,0.000573084771353595,9.03851310433758e-06,0.00464149168177031,0.000132564858863618,0.203049120875479,5.68135109415505e-05,7.70425640798299e-05,6.19783755726006e-05,0.000230482084160608,0.00379875793613731,0.000191960802120693,0.000165275668193601,8.19922260179195e-05,0.000145261817748283,1.11905400339418e-05,0.000588364162553785,0.000198201680216546,0.000284928365479594,0.000104803711471724,0.000100930062998436,0.000417062818957291,0.00019045438326997,0.0342320771665208,0.000146337831213085,0.00047280031643404,5.5522294783788e-05,0.000537791529708086,4.99270247668171e-05,0.000181200667472672,0.00163554046649918,0.00167858100509127,7.1447294062859e-05,0.00101295907576469,0.00573730379432476,0.00169342999090553,1.61402019720314e-05,0.000160110803562551,0.000795604355874668,4.84206059160942e-05,2.86219581637357e-05,5.35854705471442e-05,0.00142033777353876,0.000463331397943781,0.000216924314504102,0.000678103685518279,0.00454185283492963,0.000466774641031148,2.13050666030814e-05,0.000528537813910788,0.000134501683100262,0.000420290859351698,2.79763500848544e-06,0.000115348643426784,0.0272909295077755,0.000228114854538044,0.0206162027829151,0.000967766510243003,0.00331476707966933,0.000267927352735721,0.000213911476802656,0.00011298141380422,0.00848264454842082,0,0.00206702186588482,0.0010895712344586
0.0356589472863171,0.000439493187855588,0.000100498442274145,0.0120328134913909,0.000152997628536758,0,4.49993025108111e-05,0.00036749430383829,7.79987910187392e-05,0.0277645696491704,0.000916485794470186,0.000158997535538199,0.000331494861829642,0.0101803422046958,0.00836537033675978,0.00161697493688848,0.000316495094326038,9.7498488773424e-05,0.000128998000530992,0,0.000536991676629012,0.00148797693635749,0.0532761742192996,0.00309895196624452,0.000308995210574236,0.00972134931908555,0.000421493466851264,0.000704989072669374,0,0.00118348165603433,0.000466492769362075,0.0012869800518092,0.000640490072403878,1.94996977546848e-05,0.000154497605287118,0.00371844236414336,0.00130347979606316,0.000143997768034595,0.0120448133053938,0.000205496814799371,8.39986980201807e-05,0.000107998326025947,0.000293995443070632,0.000289495512819551,0.000559491327884418,0.000358494443336128,0.000131997954031713,0.00398693820245786,0.000101998419024505,0.00632390197951932,0.000440993164605949,0.0543396577353051,0.00447443064632498,7.49988375180185e-05,0.000184497140294325,0.260674959538127,0.0187587092400068,0.00190347049620731,0.00211646719475848,4.49993025108111e-05,0.0125533054237659,0.000920985724721267,0.000350994559584326,0.200966885013282,0.000214496675301533,0.00239396289357515,0.000466492769362075,0.000331494861829642,0.029536042191346,0.000848986840703969,0.00113248244652208,0.00106198353925514,9.14985817719825e-05,0.000907485933968024,0,0.00226196493954344,4.19993490100903e-05,0.000596990746643427,0.000344994652582885,0.00253646068485938,0.00107998326025947,0.0104488380430103,0.00167397405340217,5.84990932640544e-05,0.000358494443336128,0.000800987584692437,0.041594355287493,0.00694039242391743,0.000125998047030271,6.74989537662166e-05,8.99986050216222e-05,0.023338138258857,4.19993490100903e-05,0.000901486026966582,0.00217946621827362,0.026114595223774,0.000715488909921896,0.00389243966718516,0.0387578992525616,0.00226946482329524,0.000287995536069191,0.0234866359571427,0.000334494815330362,0.000184497140294325,0.000500992234620363,0.000575991072138382,0.00052949179287721,0.000103498395774865,0.00249146138234857,0.00068998930516577,9.44985352727033e-05,0.000254996047561263,1.94996977546848e-05,0.000151497651786397,0.00655639837582518
0.000821260558940925,4.02199297630106e-05,5.81875959801631e-05,0.00357556557721335,0.00021395344080117,1.65855380466023e-05,6.21957676747587e-06,0.00028444197749923,0.000263710054940977,0.0108418280082469,0.000518436276773377,0.00179137632185011,0.000121765491825472,0.00507393072690681,0.00482860297663416,0.00257836010216139,0.000233441448005928,0.000151481247492301,0.000410077428202242,4.06345682141757e-05,6.23339804918137e-05,0.00144888496118777,0.000460663319244379,0.000634949681550759,7.24235161368301e-05,0.00229419455029627,0.000796935103139241,0.00258623823273352,3.70410349707452e-05,0.000351889832222079,2.47400942528485e-05,0.000122594768727802,0.0017277984260048,8.5553733757057e-05,8.01634338919112e-05,0.0190769622868361,0.00220173017568646,5.11387423103572e-06,0.00995242853049783,0.000161708995954373,1.4235920156667e-05,0.000118448384216152,0.000107805997302915,4.61630808963765e-05,0.000311117051190849,0.000381190949437743,0.000317474840775379,0.00399628539232883,0.000793065144261701,0.0162358596194531,0.000910684251575522,0.000191562964438257,0.00144446215104201,0.000550087011878977,0.000262742565221592,0.000969286486006851,0.238275026643976,0.000397776487484346,0.000189766197816542,9.71636103896786e-05,0.000777723521568594,0.000629282956051503,0.000200270371912723,0.00937373146548847,4.87891244204218e-05,0.00173111553361412,1.93497943877027e-05,0.00014263562720078,0.00467311355744726,0.00615973061769105,0.0012364518613742,0.00096431082459287,0.000288726574827935,0.000129505409580553,2.50165198869585e-05,0.000766666496204192,0.000262189713953372,0.000531151855942439,0.000973294657701446,0.00116250800424977,0.0042117591741176,0.0186946656348619,0.000310149561471463,0.000395841508045575,0.00115697949156757,8.63830106593871e-05,0.00704415443402611,0.00150430830082683,5.47322755537877e-05,0.000607030692505645,0.000403443212983601,0.404631843210275,3.66263965195801e-05,0.000638128576343024,0.00288574540729175,0.128609928738854,0.000273661377768938,8.11309236112963e-05,0.000225286891799681,0.00172918055417535,0.000838398948255747,0.000591689069812538,0.000615185248711891,0.00133707079219026,2.61222224233987e-05,0.00465431661432778,0.000682771316251795,6.64803650034643e-05,0.0266822607581056,0.00151564175182534,0.000539029986514575,0.000532257558478879,0,0.000100342505181944,0.0184772568736344
0.043427770616291,0.0014777535059123,0.000229853708406556,0.00224965028787462,0.000144087399299632,0.000164671313485294,0.000287317135508195,0.00384147298489913,5.14597854641544e-05,0.0713712917864179,0.0167930433231357,0.000550619704466452,0.00899517049913419,0.00247693100700796,0.00395811516528454,0.000811349284151501,0.014851294084955,3.60218498249081e-05,0.00163041753612263,0.000189543543126302,0.0493542225755794,0.00110038174584183,0.000771896781962316,0.0344051548982426,0.00611685316550582,0.010726792280003,0.00379087086252604,0.000598648837566329,5.14597854641544e-05,0.00287317135508195,0.00469484776051302,0.00970360021235738,0.00165014378721722,3.68795129159773e-05,0.000331915616243796,0.000759889498687347,0.000437408176445312,0.000593502859019914,0.00418196523205361,0.0151411842097364,0.00181309977452037,0.000482006657180913,0.000566915303196768,0.000289890124781403,0.00445899041046898,0.000382517738616881,5.74634271016391e-05,0.0307403605101037,0.000649250959939415,0.000875674015981694,0.00291005086799793,0.00168187732158678,0.00358760470994263,0.00471114335924333,9.69159292908241e-05,0.00145974258099985,0.00280112765543214,0.331160872723655,0.0699064032268716,0.000159525334938879,0.0583511084008957,9.26276138354779e-05,0.000590929869746706,0.010603288794889,0.00233798958625475,0.00243576317863664,1.28649463660386e-05,0.000799342000876532,0.00463481134413817,0.000300182081874234,0.00344952095228048,0.000129507126751455,0.00034992654115625,0.00212871979203385,2.1441577276731e-05,0.00205839141856618,2.22992403678002e-05,9.17699507444087e-05,0.000194689521672717,0.0177038815258512,0.00238344573008142,0.0013439580637055,0.0074865411219434,0.000754743520140931,0.000638959002846584,0.00414508571913764,0.00280713129706962,0.032899098510325,0.00255583601138634,5.40327747373621e-05,0.000150948704028186,0.00243576317863664,8.9196961471201e-05,0.00010206190783724,0.00031647768060455,0.00561940857268566,0.0150682828469955,0.00184226031961673,0.000661258243214384,0.00125647642841644,0.000542900736646829,0.00474544988288611,1.28649463660386e-05,0.000602079489930606,0.019497255049277,0.00308844479094033,0.000201550826401271,0.000379944749343673,0.000645820307575138,0.000162955987303156,0.000151806367119255,0.000468284047723805,6.86130472855392e-05,0.000331915616243796,0.00053003579028079
0.0152525730562202,0.00565917564895861,0.000558767115007246,0.000703250432344212,0.00054549823892528,0.000311081428143876,0.000658283685621993,0.00529133291757522,0,0.0284838539892876,0.0533954316733969,0.000549921197619269,0.0386323327126448,0.00129666405712104,0.00552501256857429,0.00219894763069474,0.039740283865489,2.94863912932584e-05,0.00532524226756246,5.67613032395224e-05,0.00885771194449481,0.00310491700318011,0.000254320124904353,0.0838364448847745,0.0184842815419613,0.00453574414068547,0.00162322584069387,0.000821933157299577,2.7274911946264e-05,0.00378678980183671,0.0231070105369619,0.0153734672605226,0.000108362488002725,8.84591738797751e-06,1.10573967349719e-05,0.000883117419233088,0.000341304979219466,0.00154803554289606,0.0138401749132732,0.0510836985960055,0.007474800192841,0.00164755211351081,0.00138217459187149,0.000457039065045505,0.000936192923560953,0.000395854803111994,7.51902977978089e-05,0.0668692381748513,0.00537905493167266,0.00104602973112834,0.00575426926087937,0.00100769742244711,0.00177729223520115,0.00947618900187091,0.000189450064059185,0.00024252556838705,0.0012723377843041,0.0513188525665692,0.248644731740184,0.000175444028194887,0.018868341788556,3.75951488989044e-05,0.000427552673752246,0.00384576258442322,0.00520066226434845,0.00105192700938699,8.84591738797751e-06,0.000494634213944409,0.00117650701260101,0.000275697758591966,0.00267146705116921,0.000860265465980813,0.000918501088784998,0.00716814172339111,8.84591738797751e-06,0.000730525344290476,0.000137111719513651,0.000152592074942612,0.000350150896607443,0.0218597361852571,0.00224538869698163,0.000207879058617472,0.0153402950703177,0.00135121388101357,0.000578670429130196,0.00359660257799519,0.00141313530272941,0.0107536869046513,0.00844637678595386,0.000158489353201264,3.83323086812359e-05,0.00869922259129355,0.000311081428143876,0.00023736544991073,0.000325087464008174,0.00387156317680482,0.0132895165558715,0.000875745821409774,0.000151117755377949,0.000597099423688482,0.00026242888251,0.00180456714714741,0,0.00127454926365109,0.00897786898901485,0.00377941820401339,0.000178392667324213,0.000622900016070083,0.000771806292101038,0.000574984630218538,8.84591738797751e-06,0.000486525456338763,0.000229256692305084,0.000163649471677584,0.000758537416019072
1.71214308950513e-05,0.000164793772364869,0.000183341989167841,9.20276910609009e-05,0.0488338878774562,0.00557873289997089,0.00352130762074889,0.000695558130111461,1.85482168029723e-05,0.00133975196753777,0.00233778871012847,0.00122204213013429,1.71214308950513e-05,0.000298911647709438,0.00134403232526153,0.000415908092158955,8.41803685673357e-05,0.000475833100291635,0.0051292953389758,0.00161868861253631,2.78223252044584e-05,0.00532119804359116,8.56071544752567e-06,0.00593328919808925,0.00040734737671143,0.00266238250418048,3.56696476980236e-05,0.0004223286287446,0.001263418921464,0.00110718586454665,0.000511502747989659,3.63830406519841e-05,7.41928672118891e-05,0.000510075962081738,0.000270375929551019,0.000927410840148614,4.28035772376283e-05,0,0.0517566588098323,0.00028749736044607,0.000260388428195572,0.000485107208693121,0.000236846460714877,0.000155519663963383,1.78348238490118e-05,0.00147529662879026,1.07008943094071e-05,0.017344722889641,0.224832923370182,0.000284643788630228,0.000956659951260993,0,0.00271017983209583,0.000112716086725755,0.01999783128542,1.99750027108932e-05,3.70964336059446e-05,3.7809826559905e-05,8.34669756133753e-05,0.268928455247433,5.20776856391145e-05,2.78223252044584e-05,0.000311039327926766,8.13267967514939e-05,1.92616097569328e-05,0.00100017692145258,0.000132691089436648,9.63080487846638e-05,7.91866178896124e-05,2.7108932250498e-05,0.000360263441750039,0.000178348238490118,0.259652206667085,7.99000108435729e-05,8.77473333371381e-05,2.78223252044584e-05,0.000118423230357438,0.000114856265587636,2.78223252044584e-05,0.00134331893230757,0.00173853862880167,2.85357181584189e-05,0.00376742818986525,0.000897448336082274,0.00185553507325119,4.70839349613912e-05,7.56196531198101e-05,0.000116996444449517,0.000121990195127241,1.99750027108932e-05,0,0.000281790216814387,0.000266808964781217,9.27410840148614e-06,9.060090515298e-05,0.00446583989179256,0.000243266997300521,2.63955392965375e-05,0,0.000189049132799525,0.000223291994589628,0,0.000684143842848093,0.0100295915397303,0.00110361889977685,0.016171191480376,0.00115712337132389,0.00510004622786342,6.84857235802053e-05,0.000132691089436648,0.00013554466125249,0.00188549757731753,0,0.00140538411930213,0.00086035190247633
0.181350980323137,0.000750033169336911,0.000113723440838088,0.00823141095589968,0.000461663015783189,0.000236246909836265,0.000193600619521982,0.00067963294405619,0,0.150259803908296,0.00553927926415518,0.000207816049626743,0.0016814823038203,0.00464912256949991,0.00596371139156876,0.00050227853036822,0.00335077995326508,0.000211200675842163,0.00124012704532962,0.000104923412677997,0.0137679825190825,0.00419896728284915,0.00232456128474996,0.0155381420297468,0.00159009739600397,0.0115172060858287,0.00335754920569592,0.000536124792522413,2.43693087510188e-05,0.00166929764944479,0.00104923412677997,0.00363711933108955,0.00122049621328019,6.56617485791339e-05,8.12310291700626e-05,0.00336702615909909,0.000426462903142828,0.000104246487434914,0.0065113439132236,0.00213705299241573,0.00104517257532147,0.00081298721694371,0.00020713912438366,0.000110338814622668,0.00346653416983242,0.000540186343980916,0.000132677347644436,0.0156586347230157,0.00146689700176271,0.00354099594657164,0.00187643677382845,0.0157378349764565,0.00556703319912162,0.00121305003560627,0.000615325045963224,0.00419829035760607,0.00308813295894855,0.0414251171757596,0.0122259468153375,0.00052867861484849,0.153473844962458,0.000215262227300666,0.00084818732958407,0.02554174327204,0.000434586006059835,0.0022345302274198,7.17540757668886e-05,0.000827879572291554,0.015499557290891,0.00136806591627247,0.00128818873758858,0.000230154582648511,0.000717540757668886,0.00273003950535719,0.000176000563201802,0.00100388013549336,8.12310291700626e-06,7.98771786838949e-05,0.00127532715796998,0.00761270128372103,0.0022514533584969,0.00199625254185429,0.00630555863932611,0.00030732406036007,0.000819756469374548,0.00196714475640168,0.00643011288405354,0.118072685524901,0.000556432549814929,0.000116431141810423,7.10771505238047e-05,0.00715239211842401,4.53539912866183e-05,0.00049347850220813,0.000747325468364576,0.00943566096334585,0.00393632028853262,0.00756870114292058,0.00996569342868051,0.000589601886726038,0.000444739884706093,0.0341380169339619,3.04616359387735e-05,0.000917233704378623,0.0068342372541746,0.00289520926466965,0.00103772639764755,0.000406832071093397,0.0021045605807477,8.05541039269787e-05,8.66464311147334e-05,0.00227514574200484,3.92616640988636e-05,0.000159077432124706,0.00177489798736587
6.77058533918057e-05,1.91342629150755e-05,1.91342629150755e-05,0.00214156558011038,0.000268615614000099,3.31169935068615e-05,3.09091939397374e-05,0,0.0266348939777851,0.00671171068405726,0.000493811169846757,0.0181348656443573,1.10389978356205e-05,0.000941994481972949,0.00127095661747444,0.091943077039694,1.83983297260342e-05,0.00246464025009953,0.000158225635643894,0.000208269092498707,1.10389978356205e-05,0.00065203680549065,0.000175152098991845,0.000196494161474045,4.12122585863165e-05,0.00328520575588066,0.000222987756279534,0.00309754279267511,2.2077995671241e-05,3.8268525830151e-05,8.83119826849639e-06,1.98701961041169e-05,0.00266849374346399,3.75325926411097e-05,0.00154693156336495,0.00582049559212816,0.001014115934499,0,0.00452451724622632,1.83983297260342e-05,0,8.83119826849639e-06,5.15153232328956e-05,2.2077995671241e-05,6.40261874465989e-05,0.00152411763450467,0.0189981152751029,0.00122827249251004,0.000906669688898963,0.103642942879074,0.000243593885572692,2.2077995671241e-05,0.000864721497123605,0.000321602803611077,0.000222987756279534,0.000183983297260342,0.00102368306595654,2.06061292931583e-05,6.99136529589298e-05,1.83983297260342e-05,0.000287749876915174,0.238424690852866,0.000601993348635837,0.000618919811983789,9.56713145753776e-06,0.000406235120350834,0.000573291954263224,4.4155991342482e-05,0.000144978838241149,0.000685889732186553,0.000207533159309665,0.00278918678646678,0.000220044023523368,4.26841249643992e-05,0.000299524807939836,0.00050632203406046,0.000153810036509646,0.00132762347303062,0.0370314221393725,0.00025831254935352,0.00260225975645027,0.000434936514723447,0.000156753769265811,0.000364286928575476,0.00125918168644978,0,0.000356927596685063,0.000165584967534307,1.10389978356205e-05,0.00527884876499372,0.00111641064777575,0.0126153667265471,0,0.016437803710428,0.223817888916773,0.0658579251541228,0.000273031213134347,6.47621206356402e-05,3.09091939397374e-05,0.0136191795963995,0.001316584475195,3.31169935068615e-05,0.00968193703502821,0.000557101424104314,0,0.00160801401805538,0.000512209499572791,6.0346521501392e-05,0.00140268865831284,0.0203272106145116,0.0169941692013432,0.00123195215845525,0,0.00074329252093178,0.0120229405093688
0.00344729757844367,0,0.000151307867378654,0.00126846428819105,0.000397183151868967,0,0.000185352137538851,0.000690972594362521,4.79141580032405e-05,0.0581526570291961,0.000824627877213666,0.000385835061815568,7.18712370048608e-05,0.00944287182332285,0.0156124501156875,0.00274245509623811,9.96110126909474e-05,0.00020804831764565,0.00127729058045481,0.00019039573311814,6.80885403203944e-05,0.00292024184040803,0.000199222025381895,0.00295932970614751,9.83501137961253e-05,0.141764123643746,0.00295680790835787,0.016906132381775,8.82629226375483e-05,0.000635493042990348,0,0.000121046293902923,0.0168128258635581,0.000200482924276717,7.56539336893271e-05,0.041899670274939,0.0355245654627184,0,0.0270853691596739,0,0.000152568766273476,0.000549751918142444,0.000490489670085804,5.04359557928847e-05,0.00063675394188517,0.00358473555797928,0.000677102706519478,0.00747586954740034,0.00348386364639351,0.0118814502859088,0.00178921553175259,7.31321358996829e-05,0.0119924093886532,0.00109950383628489,0.000640536638569636,0.000590100682776752,0.00103519799264896,0.000128611687271856,0.000179047643064741,5.42186524773511e-05,0.00171986609253737,0.000532099333614934,0.0822181733357711,0.000581274390512997,0,0.0222069513356072,0.000104654608270236,0.00466280411305219,0.00139581507656809,0.00131259574950983,0.0052503829980393,0.000116002698323635,0.00126720338929623,9.83501137961253e-05,0.000448880006556674,0.0486013479009186,0.000680885403203944,4.79141580032405e-05,0.000650623829728213,0.00639780099232743,0.222948359885763,0.000631710346305881,0.000547230120352799,0.000447619107661852,0.0732493994969013,0.000329094611548573,0.00147525170694188,0.00280171734429475,0.000109698203849524,0.000544708322563155,0.000518229445771891,0.0101451925077388,0.000194178429802606,0.000904064507587459,0.00416600994849228,0.042367463764918,0.000206787418750827,0.000467793489979006,5.67404502669953e-05,0.000611535963988728,0.00309298498899866,0.000325311914864107,0.000413574837501655,0.00186486946544191,5.42186524773511e-05,0.00320646588953265,0.00584426637750052,0.000254701576754068,0.00223053014494033,0.00155468833731567,0.00057749169382853,0.00202878632176879,0,0.000489228771190982,0.00496920254449397
0.0147806820094977,0.000174092782031331,0.00030886107682735,0.0242173300557466,3.31800361047948e-05,4.26015278382551e-05,2.33489142959667e-05,0.000416184156573723,0.000606662141619767,0.0419039278199037,0.00172331372707249,0.00058536137770064,0.000537434658882603,0.00921503817547487,0.00602279099813331,0.00225583282505068,0.000503025732551705,0.000194983915875091,0.00067998592511061,9.46245474099705e-05,0.000905692096638289,0.000655817750663908,0.00688629119700872,0.00473122737049852,0.00061567400327786,0.00568361729572875,0.000762321570259546,0.00119325240954651,1.47466827132422e-05,0.000988027741787224,0.000245368415145335,0.00130467179004656,0.0012837806562028,2.62163248235416e-05,0.00018556242414163,0.00309475521940401,0.0020862459738484,7.29141534154751e-05,0.00603507990039435,0.000322378869314488,0.00031254774750566,0.000138454965474329,5.20230195717154e-05,0.000148695717358525,0.000675889624356932,0.000401437473860481,0.000165080920373239,0.0100146360825929,0.00120636057195828,0.00366250250386384,0.000848753516162159,0.00778460995229039,0.0036375150692664,0.000764779350711753,0.000310089967053453,0.0298390932100948,0.0226095320099278,0.00240821521308752,0.00175034931204677,6.34926616820148e-05,0.00853382336013816,0.000215055789568115,0.000400208583634377,0.492660453124597,6.18541413805435e-05,0.00231727733635586,0.000434207879889908,0.000258476577557105,0.0385773219778415,0.0025179960732861,0.000926992860557416,0.000675070364206196,0.000629601425840366,0.00078812826500772,7.25045233401072e-05,0.000623047344634481,4.13726376121516e-05,0.000593963609283365,0.000641890328101402,0.00150907719765511,0.00178639675867914,0.0237134850630441,0.00120349316143071,0.000111009750424684,0.001400934857758,0.000300668475319993,0.0813230396026261,0.00934898721012016,0.000281415861777704,0.000112238640650787,5.2842279722451e-05,0.0361822149271657,4.546893836583e-05,0.000353920385117812,0.00133785182615136,0.0293188630143776,0.000847114995860688,0.000781983813877202,0.00375876557157528,0.00105766485459976,0.000828681642469135,0.0110493616529721,0.000482544228783313,0.000586590267926743,0.000929860271084991,0.0015053905269768,0.000436256030266747,8.19260150735675e-05,0.00189453909857625,0.000228163951979886,0.000110600120349316,0.000693094087522381,6.14445113051756e-05,9.25763970331313e-05,0.00701532467074959
0.0390480460740825,0.00255096488287763,0.000104476377455739,0.000931581032313673,0.000278603673215304,0.000161067748577598,0.000326488679549184,0.00230283348642025,0,0.00742652916414545,0.0325182724830988,5.22381887278695e-05,0.0103475145505122,0.000644270994310391,0.00431835693483721,0,0.0155887461528751,0,0.00339983544970551,0.000313429132367217,0.00212870619066068,0.000713921912614217,0.00262932216596943,0.0699904665305572,0.0155756866056931,0.00144525655480439,0.0020808211843268,0.000522381887278695,0,0.00292533856876069,0.0317085805578168,0.0152535511085379,0,0,0.000156714566183609,0.000426611874610934,0.000274250490821315,0.0150576579008084,0.00501921930026946,0.145326641040933,0.0831980219139202,0.00128854198862078,0.000657330541492358,0,5.22381887278695e-05,0.000156714566183609,0,0.0285002851334468,0.00039613959785301,0.00114924015201313,0.00998184722941707,0.00153232020268417,0.00150184792592625,0.00641223766634598,5.22381887278695e-05,0.00249437351175577,0.000814045107675967,0.00598562579173505,0.0903938324111842,0.000113182742243717,0.0135558099748821,0,0.000222012302093445,0.00376550277080059,0.118689517972114,0.000792279195706021,0,0.000478850063338804,0.00107088286892132,5.65913711218586e-05,0.00237683758711806,0.000117535924637706,0.000165420930971587,0.0134687463270024,5.65913711218586e-05,0.00100993831540548,0,0.000161067748577598,0,0.0159413539267882,0.00111006151046723,0.00221141665614648,0.00590726850864324,0.00137125245410657,0.000966406491465586,0.0419995037372071,0.00250307987654375,0.00266850080751533,0.00257708397724156,0,0,0.00357396274546507,0.000400492780247,0.000161067748577598,0,0.00275991763778911,0.00723934232120392,0.00566349029457985,0.00439671421792902,5.65913711218586e-05,0,0.00107088286892132,0,0.000905461937949738,0.0688891113848779,0.00121018470552898,0.000108829559849728,0.000222012302093445,0.000435318239398913,5.22381887278695e-05,0,0.00100558513301149,0.0018022175111115,0,0.000574620076006565
0.00163052282005302,0.000359423943376905,5.9195067597577e-05,0.00455305774425675,0.000598685444145555,0.000422872548765925,0.00065469035839955,0.0044066651519346,1.06338444786067e-05,0.0826295795980478,0.00129201210415071,0.000455128543684365,0.000330712563284667,0.0212705246490743,0.101825441189346,0.000791512490690955,0.000503335305320715,0.000194953815441122,0.00282612140093103,0.000554023297335407,0.000343827638141615,0.00308558720620903,0.00060754698121106,0.00925959731048806,0.00059088729152791,0.170147891964394,0.00581033262311068,0.00201192337535238,0.000131505210052102,0.00605526550760125,0.000115908904816813,0.000320433180288681,0.00273998726065431,0.000398414706465129,0.000417910088009242,0.0062594353215905,0.00336100377820494,0.000210550120676412,0.056323220665388,1.84319970962515e-05,6.06129135280579e-05,0.00148519361217873,0.00248264822427203,0.000152772899009316,0.00152418437526695,0.00369809664817677,0.000115199981851572,0.0242653697157325,0.00372609910530377,0.00462324111781555,0.00325289302600578,0.000131505210052102,0.0298637343722363,0.00125692041737131,0.00138700778149293,0.00047923192450254,0.00145470992467339,0.000581671292979784,0.000337447331454451,0.000456900851097466,0.00181732402139388,0.000267972880860888,0.00822953224199369,0.00173508895742599,9.57046003074599e-06,0.178240602074096,3.54461482620222e-05,0.0237241070317714,0.00149476407220948,0.0010623210634128,0.0401395727533965,0.000109174136647028,0.00197257815078153,0.000437051008070733,0.000421100241352824,0.0090781130313865,0.00022295627256812,3.61550712272626e-05,0.00020771442881545,0.0170981585371516,0.0143599435839104,0.000673476816978421,0.00373815079571286,0.00184887109334708,0.0307658388455048,5.13969149799322e-05,0.00190771169946203,0.00424077717806833,0.000300937798744568,0.000197435045819464,2.97747645400986e-05,0.0222591177241021,0.000375729171577435,0.000286050416474519,0.00120375119497827,0.0250207271351962,0.00180704463839789,0.000456900851097466,0.000101375984029383,0.000246705191903674,0.00130548164049028,0.000781942030660209,0.000330003640319426,0.0017825867960971,5.70682987018557e-05,0.0119666196532587,0.00196407107519865,0.000502271920872854,0.00238977931582554,0.000418973472457102,3.5091686779402e-05,0.00225437502946461,2.02043045093526e-05,0.00197186922781629,0.00309444874327454
4.90454882478355e-05,0,1.25017911219973e-05,0.000200028657951957,1.44251436023046e-05,1.15401148818436e-05,0,0,0.00561330421377678,0.00533153307541177,0.000101937681456286,0.0247400829541925,0,0.000203875362912571,0.000226955592676258,0.187436469263385,0,0.00635571827117539,4.61604595273746e-05,0,0,0.00283405987973277,3.55820208856846e-05,0.000166369989546579,1.44251436023046e-05,0.000692406892910619,0.000103861033936593,0.000289464548286245,0,0.000130787968660895,0,1.15401148818436e-05,3.65436971258382e-05,0.000921285838067185,0.0102957058270848,0.000751069143559991,4.13520783266064e-05,0,0.0148107757746062,1.15401148818436e-05,1.44251436023046e-05,1.15401148818436e-05,0,1.44251436023046e-05,0,0.00134057667877417,0.000903975665744419,0.000595277592655102,0.000876087054779964,0.017038017946802,0.000139443054822277,0,0.000632782966021093,3.84670496061455e-05,0.000355820208856846,0.000262537613561943,0.000279847785884708,8.07808041729055e-05,9.32825952949028e-05,0.000115401148818436,0.000207722067873186,0.000787612840685829,1.25017911219973e-05,0.000346203446455309,0,0.000144251436023046,0.212311186891199,0,0.000154829874664736,0.000110592767617668,0.000107707738897207,0.0775082199276627,0.000302928015648396,1.25017911219973e-05,0.000173101723227655,5.28921932084501e-05,1.25017911219973e-05,0.0138481378582124,0.00696253597871234,2.40419060038409e-05,0.000270231023483172,0.000132711321141202,0.000138481378582124,5.19305169682964e-05,0.000305813044368857,0,0.000127902939940434,0.000223108887715644,1.15401148818436e-05,0.000311583101809779,0.00562099762369801,0.00522478701275471,1.25017911219973e-05,0.00412943777521972,0.00257248394241098,0.0179766139571919,2.40419060038409e-05,0,0,0.294214267236364,0.000967446297594559,6.05856031296792e-05,0.0475539283993572,0.000516420140962503,0,0.00547578451143481,0.000204837039152725,7.21257180115228e-05,0.000280809462124862,0.000326969921652237,0.00541231387958467,0.00503726014592475,0,0.000961676240153637,0.00441890232350596
0.00138156401660748,0.000149089642079944,8.17232112141916e-05,0.00478522532690665,0.000135837229450616,0.000136389413310171,0.000315296983806104,0.00845724799294972,1.38045964888837e-05,0.123445671458334,0.00113915530226268,0.000182220673653265,0.000504696047633588,0.0283899809551787,0.0247731766750912,0.000355054221694089,0.00144616952817546,0.000204860211895034,0.00182386328811132,0.000585867074988225,0.000813366825125028,0.0018277285751282,0.000257869862412348,0.00275594964304074,0.000519052827982028,0.222016012227559,0.0311735397911972,0.00137935528116926,6.35011438488651e-05,0.00362287830254264,0.000136389413310171,0.000229708485575025,0.00170127847129003,0.00013528504559106,9.99452785795181e-05,0.00271067056655721,0.002364451286616,0.000173385731900379,0.0210978409058908,0.000305909858193663,0.00027664411363723,0.00168195203620559,0.000976261063693856,0.00014246343576528,0.00398952838528739,0.00127223161241552,0.000260078597850569,0.0169735796588719,0.000767535564781934,0.00198289223966326,0.00532857424470911,0.000977917615272522,0.0120226991740986,0.00286859515039003,0.0004439558230825,0.000310879512929661,0.00159967664113184,0.000374380656778526,0.000687468905146409,0,0.00185588995196553,9.9945278579518e-05,0.00302817628580153,0.0025190627672915,4.58312603430939e-05,0.0393055514908688,6.62620631466418e-06,0.240687557254564,0.00100718335982896,0.00154501043903587,0.0484149286219534,0.000250691472238128,0.000737717636365945,0.000377693759935858,0.00015792458383283,0.00891721714795932,6.95751663039739e-05,7.95144757759702e-05,0.000193816534703927,0.0485093520619374,0.00676646101499124,0.000535618343768688,0.00111596358016136,0.000658755344449531,0.00235948163188,0.000129763206995507,0.0020232016614108,0.00336224752083252,0.00045223858097583,0.000383215598531412,8.28275789333023e-06,0.00712648489142133,0.000228051933996359,0.000290448710126113,0.00149476170781633,0.00801881400846277,0.00480731268128886,0.000401989849756294,0.000711212811107289,0.000226947566277248,0.000628937416033542,0.000173937915759935,9.11103368266325e-05,0.00113142472822891,6.23967761297544e-05,0.00416346630104733,0.00113197691208846,0.000759252806888604,0.00283325538337849,0.000503591679914478,2.20873543822139e-05,0.0014975226271141,0.00013528504559106,0.000663724999185529,0.00266318275463545
0.0171761130107415,0.000603276574678502,8.86494203248944e-05,0.0963377427785261,0.000345387351915173,1.49667852496575e-05,0.000485844875027343,0.00127102545504784,1.72693675957586e-05,0.174749881992655,0.00090030969732555,0.000250981475725026,0.00055952751010258,0.0159718624437306,0.00494594687942527,0.000412162239952106,0.00184091458570787,8.51955468057426e-05,0.000952117800112826,0.000198022081764699,0.00511173280834456,0.000397195454702449,0.00415846371705868,0.00265948260974683,0.000212988867014357,0.00831347356059821,0.00353216131891917,0.000651630803946626,1.49667852496575e-05,0.00145408075156288,0.000151970434842676,0.000877283873864539,0.000391438998837196,4.25977734028713e-05,0.000103616205574552,0.0019030843090526,0.00142644976340966,0.000295881831473998,0.00669360688011605,0.00112596276724346,0.00012088557317031,0.000778272832982189,0.000236014690475368,0.000109372661439805,0.00298760059406625,0.000340782187222971,4.6051646922023e-05,0.0060960867613028,0.00147825786619694,0.00380271474458605,0.0024994531366928,0.00774358442993817,0.00487571811786919,0.00126181512566343,0.000287822793262644,0.00902266892319737,0.00961097871262621,0.0042022127816346,0.00292543087072151,8.17416732865909e-05,0.0202155217075951,0.000387985125318044,0.000778272832982189,0.106908898329477,0.000217594031706559,0.00282757112101222,2.87822793262644e-05,0.000449003557489725,0.191424032051946,0.00456371820997248,0.00173614708896027,0.000142760105458271,0.000594066245294097,0.000588309789428844,6.33210145177817e-05,0.00132859001370036,4.14464822298207e-05,0.000165785928919283,2.76309881532138e-05,0.00902727408788957,0.00176608065945958,0.00892596046466112,0.00157726890707929,0.000542258142506821,0.000737977641925419,0.000194568208245547,0.0337466468644585,0.0956481193658688,0.000653933386292727,5.64132674794782e-05,0,0.022831255252766,9.44058761901472e-05,0.000145062687804373,0.00140572652229475,0.0188823265292025,0.00414119434946292,0.00151049401904236,0.00676498693284518,0.000331571857838566,0.000217594031706559,0.0323052303157992,0,0.000335025731357718,0.00113632438780092,0.00196525403239733,0.000423675151682612,1.38154940766069e-05,0.0031890765493501,8.63468379787932e-05,7.02287615560851e-05,0.000290125375608745,2.9933570499315e-05,3.45387351915173e-05,0.00319713558756145
0.00118469509333141,9.81604505903166e-05,7.10817055998845e-05,0.0912768079575405,2.82070260317002e-05,2.82070260317002e-05,7.10817055998844e-05,0.000573166768964148,0.000174883561396541,0.0975218435209589,0.00100078528360472,0.000590090984583168,9.25190453839766e-05,0.0411100480196411,0.00443978589738961,0.00315467379138535,7.10817055998844e-05,0.000154574502653717,0.000185038090767953,4.40029606094523e-05,0.000426490233599307,0.000781898761598729,0.000473878037332563,0.000739024082030545,8.23645160125645e-05,0.0171724374480991,0.00302379319059826,0.00334422500631837,0,0.00132798678557244,0.000117341228291873,8.80059212189046e-05,0.00176237498646063,3.15918691555042e-05,3.04635881142362e-05,0.0429107845615049,0.0334636874029678,0,0.00886151929811893,9.47756074665126e-05,2.70787449904322e-05,0.000332842907174062,0.000371204462577174,0.000130880600787089,0.00164954688233383,0.000623939415821208,0.000544959742932448,0.00845533812326245,0.000750306892443225,0.00527697043001047,0.00213922085424414,7.22099866411525e-05,0.0021584016319457,0.00101545293714121,0.000308020724266166,0.00141035130158501,0.0410355814709174,0.000771744232227317,0.000270787449904322,4.17463985269163e-05,0.00286809040690327,0.000301251038018558,0.00108766292378236,0.0114103061703434,2.70787449904322e-05,0.00321672924865509,6.76968624760804e-05,0.00398057551359353,0.00950238292955916,0.10137605155793,0.00184248294039066,0.000498700220240459,0.000722099866411525,0.000655531284976712,4.85160847745243e-05,0.00223738130483446,0.000127495757663285,0.000151189659529913,0.000700662526627433,0.00327088673863595,0.00553196194533704,0.0175447701917175,0.000915035924468354,3.38484312380402e-05,0.00066794237643066,0,0.0117939217243745,0.00853318951510994,0.000126367476622017,0.000726612990576597,0.000101545293714121,0.200498925876449,8.68776401776366e-05,0.000538190056684839,0.00190566667870166,0.06814140520634,0.0022994367621042,0.000324944939885186,3.04635881142362e-05,0.000754820016608297,0.00090600967613821,0.00107638011336968,0.000143291692241037,0.000569781925840344,0,0.00450522619778315,0.00037346102465971,0,0.0897931183882731,0.00113617900855688,0.000296737913853486,0.000315918691555042,0,3.15918691555042e-05,0.0122136422717262
0.00185135515905484,0.00106704674962261,0.000330184157551099,0.00295519662418168,0.000608565228800192,0.000174774898645083,0.000457513238835467,0.0201741551981734,4.50251123933316e-05,0.0610922995438424,0.0103954754119314,0.000876295198192799,0.000836111495734234,0.0118319217395767,0.0794470528885304,0.00108447582538777,0.00196416001053491,0.00018252115454071,0.00911540662517901,0.0010133070993467,0.000733473605117177,0.00395397949372408,0.000786729114399612,0.0175225149769016,0.000893724273957959,0.0851487813687053,0.0145760328906025,0.00123310711038511,0.000109415864525731,0.00594476725890021,0.000561603552432954,0.000499633505267938,0.00186006969693742,0.000222704856999275,0.000303556402909881,0.00548580159708431,0.00155651329402754,0.000105542736577917,0.044322623811797,0.000563055975413384,0.000360200899146653,0.00388474733165692,0.0024565314009007,0.000244491201705726,0.00165818290265764,0.00219751596939067,0.000136527760160425,0.0742677125403168,0.00253835122879826,0.0123862631771075,0.0119122891444938,0.000477363019568011,0.0191400300361072,0.00441294515553998,0.000960535731057742,0.000570318090315534,0.00194334194781541,0.000621637035624063,0.00101621194530756,0.000233355958855762,0.00162719787907514,9.63440577018602e-05,0.00150083707977772,0.00284578075965595,0.00010215374962358,0.0613251713617046,5.61603552432954e-05,0.0425806845172679,0.00100749740742498,0.0010341251620662,0.149687680645108,0.000127813222277845,0.00180875075162889,0.000596945844956752,0.000300167415955544,0.00451606718715051,0.00036213746312056,3.19533055694612e-05,0.000247880188660062,0.0748912861399148,0.00634708842447933,0.000460902225789803,0.00823088103009711,0.00181456044355061,0.00437082488910751,5.03506633215752e-05,0.00211327543652573,0.00246088866984199,0.00131008552834791,0.000244975342699202,7.16528670345493e-05,0.0231385505012312,0.000598398267937182,0.000186878423482,0.00156522783191012,0.04164241927191,0.00478089231058226,0.000352938784244503,0.000282738340190384,0.000244007060712249,0.000396511473657404,0.0001723541936777,0.00027886521224257,0.00141078685499106,0.000171870052684223,0.00470052490566513,0.000532070951830876,0.000783824268438752,0.00324713364324812,0.000522388131961342,8.71453788258032e-05,0.00218831729051461,1.21035248369171e-05,0.00269037150074993,0.00448653458654843
6.14740919803737e-06,2.88455354677138e-05,4.20861091250251e-05,0.000210903423255744,0.00014942933127537,3.07370459901868e-05,4.20861091250251e-05,7.09316445927389e-06,0.0043509470793186,0.00244241296214331,0.000525839925247504,0.0523432978107657,8.13349524663406e-05,0.000271904637605499,5.81639485660459e-05,0.120725659096842,8.89009945562327e-05,0.00725772587472904,0.000349456569026893,2.5535392053386e-05,6.85672564396476e-05,0.000422279724142105,0.000261028452101279,0.000469567487203931,2.97912907289503e-05,0.000738634859025721,0.000139971778663005,0.000110180487934054,0,0.000110653365564673,4.63420078005894e-05,6.28927248722285e-05,0.000579275097507367,0.000105451711627872,0.0816706955840795,0.00103985790972955,0.000140444656293623,2.26981262696764e-05,0.00587314017227878,2.83726578370955e-05,6.10012143497554e-05,9.26840156011788e-05,4.44504972781164e-05,3.8303088080079e-05,5.67453156741911e-06,0.00229913104006598,0.000226508385066146,0.00135148426830698,0.000468621731942695,0.0146346169123739,3.26285565126599e-05,0,0.000276633413911682,0.000221306731129345,0.000261974207362516,0.000236911692939748,0.00046720309905084,4.53962525393529e-05,6.99858893315023e-05,0,0.000158414006257117,0.0010928202043588,0.000124366816852602,0.000665338826279891,5.67453156741911e-06,6.10012143497554e-05,0.030451900778924,2.03337381165851e-05,5.15436617373902e-05,0.000113490631348382,5.81639485660459e-05,0.207314754916982,0.000399108720241811,3.40471894045147e-05,0.000373573328188425,6.19469696109919e-05,6.24198472416102e-05,0.0479521561328446,0.00689502873204484,5.1070784106772e-05,0.000654462640775671,0.000235493060047893,0.000176856233851229,0.000183476520679885,0.000334797362477727,0,0.00075234831031365,0.000596298692209625,0.00012483969448322,0.000939607852038481,0.00508721755019123,0.00411923704031565,5.67453156741911e-06,0.00413436912449544,0.00354610935200633,0.0127005474031452,0.000198608604859669,0.000159359761518353,0,0.254242658101907,0.00122475306330129,6.14740919803737e-06,0.0944147477292416,0.00046436583326713,5.67453156741911e-06,0.00441951433575825,0.000260082696840043,0.000181585010157412,0.000405729007070466,0.000786395499718165,0.00593603289715101,0.00101999704924359,5.67453156741911e-06,0.000815713912816497,0.00412160142846875
0.000169231311908005,0.000142215891562062,9.71435322284166e-05,0.000224661915312116,0.0280631427360434,0.00608868784563641,0.00263869268881539,0.00030094898312838,1.84768678013703e-05,0.00258802127863285,0.00141935939019617,0.000574182664554705,6.60688000170211e-05,0.000315366539064298,0.00145183388511979,0.000538208762850522,9.74234847708616e-05,0.000257136410235737,0.00425737828923241,0.00174340445807627,5.44507695055534e-05,0.00967348015164469,4.73119796732058e-05,0.00373288720096169,0.000249577691589722,0.00138814468171356,0.000174970339028128,0.000518052179794481,0.00203105569543851,0.000934761539223871,0.000126678525456365,9.39240779902991e-05,0.0001443155356304,0.000369257403484961,0.000556965583194337,0.00139164408849412,0.000105402132230544,2.04365355984853e-05,0.062891758589084,0.000123319094947025,0.000293530240753587,0.000261895603457302,0.000261335698372412,0.000107221823756437,5.64104373026685e-05,0.00203203552933707,4.57722406897583e-05,0.0114329818809115,0.453180456848955,0.000695262139162169,0.000880030817175872,7.44673762903713e-05,0.00316206396691633,0.000366177925518066,0.0220457028124592,6.25693932364586e-05,0.000141935939019617,4.31126915365307e-05,0.000239359423790479,0.0357892730024406,0.000213183861071871,0.000340702244155571,0.000101062867822647,0.00161392640719545,9.37841017190766e-06,0.000507553959452794,0.000334263335679336,8.28659525637214e-05,3.19145898387305e-05,0.000158173186481428,0.00045702252554147,0.000343361793308798,0.28214009161167,0.000312287061097403,0.000259516006846519,6.13096067954561e-05,0.000242298925486152,0.000179169627164803,6.48090135760186e-05,0.000878071149378757,0.00205807111578445,5.7390271201226e-05,0.00176356104113231,0.000982913376524412,0.00154715772582232,3.13546847538405e-05,0.000535409237426072,0.000221862389887666,0.000488657162837756,9.23843390068516e-06,2.09964406833754e-06,0.00123179118675802,0.000176090149197908,8.58054542593939e-05,0.000703940667977964,0.00373162741452069,0.000237119803450919,1.10581254265777e-05,7.69869491723763e-06,0.000212204027173314,0.000501255027247781,4.49323830624233e-05,0.000569703423875585,0.0069116083441535,2.46358237351604e-05,0.0116244694199439,0.000652709352710529,0.0047325977300328,0.000258256220405517,9.71435322284167e-05,5.13712915386584e-05,0.00316962268556234,2.09964406833754e-06,0.00114990506809286,0.000932101990070643
0.00277237700858835,0.0872448497858212,0.0125607225233593,0.000872419593840747,0.000594459292545268,0.000554957135342098,0.000799677816551982,0.00138305723573539,6.26253711757576e-06,0.00734210216992094,0.164552980100547,0.000211481061124289,0.00201894561998154,0.000379606096049977,0.00511360242331282,0.000285186305661912,0.00130405292132905,1.20433406107226e-05,0.00717205020049754,0.000452347873338742,0.000748614052362518,0.00370645850635599,0.00023749467684345,0.0569134555909041,0.00655061382498425,0.00130405292132905,0.00125539782526173,0.000136812349337809,5.87715021803264e-05,0.000675390541449324,0.00288462094308028,0.00809842396027432,0.00463620440150378,9.15293886414919e-05,2.0232812226014e-05,0.00073464377725408,0.000376715694303404,0.0199192036365108,0.0089231519252966,0.00193705090382863,0.00925554812615255,0.00227570964180215,0.000633961449748439,0.00964045329207124,0.000757285257602238,0.00067298187332718,8.71937860216318e-05,0.0723886665420582,0.00215816663744149,0.00371705664609343,0.00412074942336485,0.000369971423561399,0.000697068554548625,0.00259076343217865,0.000469208550193753,0.000514973244514499,0.000632997982499581,0.00165475499991329,0.00530870454120653,0.000129586344971375,0.00242408359812625,0.000115134336238508,0.000188357847151702,0.00288558441032914,0.000659011598218742,0.00100104247156326,2.60136157191609e-05,0.000542913794731376,0.000649376925730164,0.00021099932749986,0.00244431641035226,5.39541659360373e-05,0.000716337899525781,0.370505184417266,8.6230318772774e-05,0.00017583277291655,0.000158972096061539,2.50501484703031e-05,0.000133921947591236,0.00472677032289641,0.00264230892999254,0.000632997982499581,0.0421719249497552,0.000727899506512075,0.000302046982516923,0.000367081021814826,0.000580970751061259,0.00117109444098667,0.00192259889509576,0.000218707065490723,4.72098951940327e-05,0.00214853196495292,0.000749095785986947,5.20272314383217e-05,0.000794860480307693,0.00318570445834835,0.00167643301301259,0.000247611082956457,0.000141147951957669,0.000168125034925688,0.00140232658071254,0.000684543480313474,4.67281615696038e-05,0.00180939149335497,0.000733680310005222,0.00442616854125278,0.000254355353698462,0.00103524555889772,0.000394058104782844,0.000148373956324103,0.000118988205233939,0.000345884742339954,0.0067765468948414,0.000126214209600373,0.00110220653269333
3.63992679379232e-05,1.74716486102032e-05,0.000205291871169887,8.00783894634311e-05,0.000882318254815259,0.000429511361667494,9.90060087911512e-05,0.000748368948803702,5.53268872656433e-05,0.00887122958183065,0.0011007138624428,0.0340915543506589,3.93112093729571e-05,0.000253338904847946,0.00219560384201553,0.00534778044543968,8.44463016159819e-05,0.00830194503128153,0.00220870757847318,0.00042659942023246,0,0.00645723013218758,3.49432972204063e-05,0.00224073893425855,0.000493574073238239,0.00294251682010171,0.000347977001486546,0.000979868292888894,0.000452806893147765,0.00137152441590095,1.89276193277201e-05,3.63992679379232e-05,0.00570303730051381,0.00318857587136208,0.00470569735901472,0.00157244837491828,0.000716337593018329,3.49432972204063e-05,0.124287484330115,0,7.27985358758465e-05,0.00145451474679941,0.000586756199159323,7.42545065933634e-05,6.98865944408126e-05,0.350361881521839,0.000639171144989932,0.0103970868937884,0.00158846405281097,0.00496922805888528,0.00128853408500248,5.67828579831603e-05,0.00500999523897575,0.000524149458306095,0.00198885600012813,0.000413495683774808,0.000334873265028894,0,2.18395607627539e-05,0.000240235168390293,9.02701844860496e-05,0.00331524532378605,0.0013161975286353,0.000295562055655937,0,0.00100461979508668,0.00285079066489815,0,8.88142137685327e-05,0.000637715174272415,0.000330505352876343,0.00192188134712235,0.0010919780381377,0,0.172724718160468,0.000872126459792641,0.00699302735623381,0.00200778361945585,0.00128271020213242,0.00098132426360641,0.019482344171094,0.000221307549062573,0.00101189964867427,0.00296872429301702,0.0012040877833865,0,6.2606740853228e-05,9.60940673561174e-05,3.78552386554402e-05,0.00280711154337264,0.0444799054201422,0.00195100076147269,0.000917261552035665,0.00163214317433648,0.00931238870923828,0.00632328082617602,0.000208203812604921,3.49432972204063e-05,3.78552386554402e-05,0.00442323903981643,0.0278847511818842,6.98865944408126e-05,0.00222326728564835,0.00147635430756217,0,0.0123524555674136,0.0217114353396125,7.13425651583295e-05,0.000594036052746907,0.000818255543244514,0.00219414787129801,0.0111920469055526,1.74716486102032e-05,0.0199045756791739,0.0033196132359386
0.00167376977596084,0.000217355795167543,0.000195229756138512,0.0048657762888255,0.000322779863482339,0.000110630195145157,3.3839824397342e-05,0.00508313208399305,0.000128200873197623,0.106592843788212,0.0014824446149451,0.00126573958563135,9.69641122154608e-05,0.0266944153226725,0.0187824040722324,0.00612826204518788,0.000553801741579578,0.000150977678080449,0.000845344844079755,0.000136660829296958,0.00105944680997832,0.0079360895870305,0.000151628443934244,0.00203819865408606,0.000267464765909761,0.271839864744825,0.00354081701049881,0.00663130405017144,7.09334780636592e-05,0.00209286298580484,5.33628000111932e-05,0.000171151419548095,0.00465492815219591,0.000169849887840505,0.000447726907410987,0.0356834440611434,0.0303842577136904,4.88074390346279e-05,0.0288419426401961,4.68551414732428e-05,4.88074390346279e-05,0.000783522087969227,0.00128396102953761,6.7679648794684e-05,0.000802394297729283,0.0022692205321833,0.000689811805022741,0.00650896006965798,0.00166075445888494,0.00570851806949008,0.00272475662983983,0.000184166736623996,0.00673152199165588,0.00191195007844982,0.000977450312400148,0.000263560170786991,0.00259004809810425,0.00130088094173628,0.00115185556121722,9.30595170926905e-05,0.00297920607867369,0.000713890141613158,0.0212357913410397,0.00196856670772999,3.90459512277023e-05,0.0198913090870992,1.6919912198671e-05,0.00941983573368319,0.00170435577108921,0.00302085509331657,0.00688445196729771,0.000793283575776152,0.000608466073298361,0.000217355795167543,0.000377444195201122,0.16489495662971,0.000104122536607206,0.000498486644007,0.000618227561105287,0.00872677009939147,0.0445690010288608,0.00173559253207137,0.00288809885914238,0.000374190365932147,0.00895063355309696,0.000154882273203219,0.00155728268813153,0.00448898285947818,0.000160739165887375,0.00121172601976636,0.000100868707338231,0.017345513067053,0.000272670892740121,0.000860963224570836,0.0027943885761959,0.0270718595178736,0.00224514219559288,0.000447076141557192,0.000106725600022386,0.00152799822471075,0.00210587830288075,0.000231021878097239,0.000393713341545998,0.0014297325807877,0.000100217941484436,0.00564279071825678,0.00252366998101716,0.000216705029313748,0.00324536931287586,0.00217290718582163,0.000744476136741524,0.00165815139546976,4.49028439118577e-05,0.000481566731808329,0.00618683097202943
0.000204493326332661,7.00067243301001e-05,0.000123432908687282,7.00067243301001e-05,0.00273578909553154,0.00039609067713083,0.000315030259485451,0.000103167804275937,0.000585845745709785,0.00211125542321828,0.000294765155074106,0.00292185959967207,5.52684665763948e-05,0.000116063779810429,0.00284264146424591,0.00326268181022651,0,0.00143513784876705,0.0066211622958521,0.000162120835290758,2.76342332881974e-05,0.0423890715818756,2.21073866305579e-05,0.000757177992096609,0.000134486602002561,0.00155488619301591,0.000101325522056724,0.00156225532189276,0.00056558064129844,0.000969040447306123,6.63221598916738e-05,7.36912887685264e-05,0.000469781965899356,0.0689160932563259,0.00100588609169039,0.00674827976897781,0.000639271930066967,0.000117906062029642,0.187037702305616,0,5.52684665763948e-05,0.00119379887805013,0.000263446357347482,2.76342332881974e-05,8.29026998645923e-05,0.189204226195411,0.000167647681948398,0.0180691040060427,0.00419487661314837,0.0159210029384401,0.00039056383047319,9.76409576182975e-05,0.0105691730916259,2.39496688497711e-05,0.00349480936984737,4.42147732611159e-05,0.000305818848389385,4.42147732611159e-05,0,0.000197124197455808,9.39563931798712e-05,0.000222916148524793,0.00123617136909203,2.21073866305579e-05,0,0.000812446458673004,0.00102430891388252,0.000346349057212074,2.39496688497711e-05,0.000123432908687282,0.000766389403192675,0.000103167804275937,0.0046057055480329,0.000119748344248855,0.00838606866185831,0.000318714823923877,0.150236272694614,2.76342332881974e-05,0.000342664492773648,0.000576634334613719,0.0178775066552445,0.000154751706413906,0.000845607538618841,0.00119932572470777,0.0040180175201039,0,0,6.63221598916738e-05,2.39496688497711e-05,0.00036108731496578,0.000420040345980601,0.00487283646981881,0.000657694752259098,0.000753493427658183,0.0023931246027579,0.0159302143495362,2.76342332881974e-05,0,0.000103167804275937,0.00318162139258113,0.00223653061412478,5.52684665763948e-05,0.00130986265786056,0.00767679000746124,2.39496688497711e-05,0.0920385773896703,0.0173137682961653,0.00056558064129844,0.0027578964821621,0.000735070605466051,0.000206335608551874,0.0297933880491152,0,0.0387579333278065,0.00232127559620858
6.71129679032231e-05,2.23709893010744e-05,0,6.43165942405888e-05,0.000153800551444886,2.23709893010744e-05,1.21176192047486e-05,2.42352384094972e-05,0.000523853999466825,0.00620701740649393,0.000215320772022841,0.042119912231152,0,0.000341157586841384,0.000263791248841835,0.0718891741190025,1.11854946505372e-05,0.00945547147792077,0.000196678280938612,1.21176192047486e-05,0,0.000220913519348109,3.4488608505823e-05,3.54207330600344e-05,1.39818683131715e-05,0.00114837745078848,0.000123040441155909,0.000281501615371852,3.63528576142458e-05,5.87238469153202e-05,0,1.11854946505372e-05,0.000272180369829738,0.000142615056794349,0.180335341129623,0.00161164335423157,0.000126768939372755,0,0.00270688970543,5.21989750358402e-05,0,4.19456049395144e-05,0,4.84704768189945e-05,0,0.00209728024697572,0.000700957664766997,0.000756885138019683,0.00105516499536734,0.00931751704389747,0.000181764288071229,5.59274732526859e-05,0.000445555536913064,0.000156596925107521,0.000191085533613344,0.000101601576409046,0.000143547181348561,0,0.000153800551444886,1.39818683131715e-05,0.000221845643902321,0.00104584374982523,2.42352384094972e-05,0.000282433739926064,0,0.000118379818384852,0.00548275662787164,0,0.000106262199180103,0.000199474654601246,0.000148207804119618,0.0895892872789234,0.000639437444189042,0,0.000618930703996391,0.000127701063926966,0.000221845643902321,0.438276576269227,0.00270782182998421,5.87238469153202e-05,0.000989916276572541,4.66062277105716e-05,0.000106262199180103,0.000145411430456983,0.000402677807419339,4.19456049395144e-05,8.48233344332403e-05,0.000198542530047035,0,0.000810016237609734,0.0108312873199368,0.00501762647532014,2.7963736626343e-05,0.00219608544972213,0.00399974646212125,0.00862774487378101,5.31310995900516e-05,0,0,0.06010711975377,0.00215786834299947,0.000165918170649635,0.0160194925886777,0.000155664800553309,0,0.000981527155584638,0.000479112020864676,0.000126768939372755,0.00029921198190187,0.00447792635843172,0.00349267070463024,0.000893907447488763,0,0.000396152935539859,0.00252139691914192
0.000175220503079837,5.13219816713133e-05,6.22084626318949e-06,0.000256609908356566,0.000176257310790369,6.73925011845528e-06,2.64385966185553e-05,0.000378953218199293,0.0175469336930365,0.00473924804483986,0.000582685933318749,0.0068844031979297,1.39969040921764e-05,0.000773976955911826,0.00117418473217702,0.241447113993897,1.55521156579737e-05,0.00124987169504582,0.000271643620159274,4.09539045659975e-05,1.29600963816448e-05,0.00116018782808484,0.000102643963342627,0.000397097353133596,6.99845204608818e-05,0.0014396075060731,0.000459824219620756,0.0018761035522069,3.26594428817448e-05,0.000158113175856066,2.4883385052758e-05,5.7024424079237e-05,0.00100311145993931,0.000145153079474421,0.000951271074412726,0.00465785863956313,0.000375842795067698,3.11042313159474e-05,0.0127879863016965,1.55521156579737e-05,0,7.9315789855666e-05,1.86625387895685e-05,2.74754043290869e-05,9.33126939478424e-05,0.00101192432547882,0.00276568456784299,0.00279834401072474,0.000493520470213033,0.0827714699548678,0.000163297214408724,3.93986930002001e-05,0.00103784451824211,0.000335407294356967,0.00033748090977803,0.000171073272237711,0.000875065707688655,0.000719544551108918,0.000129082559961182,4.66563469739212e-05,0.000274235639435603,0.0131332432693035,8.39814245530581e-05,0.000665630550161275,7.77605782898686e-06,0.000498186104910425,0.000920166843096779,9.69415209347029e-05,0.000164334022119256,0.000444272103962783,0.000467081873594478,0.00707362060510172,0.000223432061619556,1.34785002369106e-05,5.7024424079237e-05,0.00054432404802908,0.000419388718910025,0.00298341418705463,0.330688264062482,0.000385692468317748,0.00309642622750257,0.000297563812922564,0.000162778810553458,8.03525975661976e-05,0.000910317169846729,5.75428279345028e-05,0.000364437910251851,0.000108864809605816,0,0.00215811524947149,0.00048159718154192,0.0162607737281221,1.55521156579737e-05,0.0438709630595781,0.0353774342949034,0.0808445628248448,0.0001575947720008,2.74754043290869e-05,0,0.0245500513738221,0.000847590303359568,6.63556934740212e-05,0.00495438564477516,0.000801970764096178,7.77605782898686e-06,0.00415034126525792,0.000304821466896285,2.85122120396185e-05,0.000990151363557661,0.00366356004516334,0.00444738667432522,0.000471229104436604,6.22084626318949e-06,0.00023276333101434,0.015568186177487
0.000991373824451615,0.000699609566848501,0.000187655691107801,0.00220085509571091,0.000788622391201993,0.000629336284464165,0.00194084395088887,0.0381576115204458,7.18349108817657e-05,0.0577063373226868,0.00357873197327637,0.000263915216065618,0.000892470686281068,0.00340278849589929,0.0117275697442807,0.00136200032117493,0.00386659215963591,6.53281254758087e-05,0.00753095342885468,0.00178806462955699,0.00114883803127578,0.0055981778918692,5.96021543185665e-05,0.0111880270984188,0.000522885275222708,0.0285452675759335,0.0172572962536793,0.000799814062100239,0.00019390220509752,0.00783338881452356,0.000474474791802387,0.000322996827551707,0.000636363612702599,0.000236846988776836,5.88213400698517e-05,0.00175865395952207,0.000908347242671603,0.000122327565631992,0.0339818169183188,0.000926045698975806,0.000420858880057301,0.0164686738624773,0.00265893278829029,0.000240230517187934,0.00187915962524039,0.00236404527369231,6.61089397245235e-05,0.0852701213879858,0.00316255797871136,0.00163476476539265,0.0630536135693023,0.000145751993093438,0.0037658671215517,0.0125409179200254,0.00156449148300831,0.000267298744476715,0.000422680779970969,0.00181044797135349,0.00251500269511052,0.000117382408723465,0.00126153555450695,9.86428667543087e-05,0.000598103714515571,0.00172117487558376,0.000290983443354399,0.00777664964578362,0.000181148905701844,0.0144510498437981,0.00107882502030768,0.000854731330926517,0.0221178649519292,0.000270682272887813,0.00134378132203825,0.00112697523231176,0.000326900898795282,0.00182424235641412,0.000117642680139703,0.00011972485146961,0.000132478150865285,0.419878697903748,0.00310113392447913,0.000497638947847594,0.00486082896966615,0.00183126968465255,0.000834430160459931,0.000128313808205473,0.000941661983950103,0.00302253195677516,0.00156787501141941,0.000128053536789235,3.25339270297852e-05,0.00311909265219957,0.00108689343421106,0.000209258218655578,0.000551775402425157,0.00421275314323283,0.0297326257768126,0.000159286106737828,0.000256107073578469,0.000557501373582399,0.000364379982733594,0.00038624278169761,0.000231641560452071,0.00220007428146219,0.000128574079621711,0.00634801984205169,0.000297750500176594,0.00166183299268143,0.00138984936271242,8.0423867617629e-05,8.25060389475353e-05,0.00165168240744814,2.39449702939219e-05,0.000775869091806318,0.00117850897272694
0.000937567565796801,0.000333269998929867,5.85297245827027e-05,0.000924245501619395,0.000634436007137132,6.81390823500121e-05,0.000140864449088967,0.000685103529910218,0.000179083485663493,0.0236032034104484,0.00279304719286636,0.00118631889527329,0.000216647338753885,0.00353427810791746,0.0108260334973476,0.00308700618274815,0.00010657651341925,0.000458846833389024,0.00234512008421292,0.000503180915815474,2.31498164394272e-05,0.00507723521305475,0.000176681146221666,0.00363954425436844,0.000307062659564478,0.0195550430564746,0.000959407015267959,0.0303422023337636,0.000170784494864453,0.000882750547624196,0.000148289861909161,0.000195463072766862,0.03972290106511,0.000494663530521723,0.000600584860456838,0.0374354371275009,0.0100315143255869,1.7034770587503e-05,0.0511567264412399,0.000250280090939468,0.000216647338753885,0.000204198852555325,0.000666103208870311,6.98862383077047e-05,0.000155933669224066,0.00817472433154905,0.000829680685409282,0.0122272525754171,0.00379416755662423,0.0104427511591288,0.00155103770144162,3.88742200586608e-05,0.0141091579363467,0.00118872123471512,0.000950889629974208,0.000401627475774591,0.00218110581868452,0.000402501053753437,0.000351396741990928,0.000142829999541372,0.00135011476630697,0.000464961879240948,0.0185403822340446,0.00201578118618786,8.73577978846309e-06,0.00468063081065852,9.32544492418435e-05,0.00139947192211179,0.000388523806091896,0.000631596878705882,0.00144162205959112,0.000222107201121674,0.00152897985747575,0.000210532292901961,0.000609757429234724,0.00856193777067268,0.000775082061731388,0.000258360687243796,0.00113281224406895,0.00203958618611142,0.435942273967158,0.000310993760469286,0.00121034228969156,0.00115312293207713,0.0455782758628221,1.37588531668294e-05,0.000820726511126108,0.00159427981139451,0.000315798439352941,0.00191510132412582,0.000548606970715482,0.0238997831342668,0.000132128669300504,0.000778357979152062,0.0052008464970615,0.065045961121412,0.000663482474933772,0.00031426967788996,4.28053209634691e-05,0.000609757429234724,0.0034408052641809,3.07936237543324e-05,0.000510169539646245,0.00212257609410182,0.000471513714082295,0.00868467547670058,0.0166969143041842,0.000326281375099097,0.00286620934859474,0.00500669379126291,0.000497502658952973,0.00414709306007814,3.27591742067366e-06,0.00212519682803836,0.00871765304540203
0.00783018666058017,0.000239655922568313,1.92580652063823e-05,0.0503569874679924,0.000105562727797947,8.77311859401859e-05,0.000161910400068473,0.000190440867040891,0.000132666671421744,0.0267366138615274,0.00101853767091533,0.000728953431145284,0.000161197138394163,0.0120034807169706,0.00345860585873139,0.00151425453456109,0.000181881726949166,4.06559154356959e-05,0.000182594988623476,0.000106989251146568,0.000312408613347979,0.000950777811855836,0.0025313656821278,0.000915114728140313,6.34802890136304e-05,0.00490224748753575,0.000940792148415489,0.00151140148786385,5.77741956191468e-05,0.000906555588048587,7.91720458484604e-05,0.00028245162302694,0.00280169185669146,0.000224677427407793,0.000293150548141597,0.0125719502713961,0.00272537285754025,0,0.00391152702191853,4.77885321788004e-05,9.20107559860486e-05,0.000505702527086112,0.000433663097980756,0.000269612912889352,0.000165476708440025,0.000405132631008338,0.000241795707591244,0.00221467749873396,0.000721107552727869,0.00695144827782969,0.000860193579218408,0.00120897853795622,0.00352565245611658,0.000364476715572642,0.000123394269655709,0.00463691414469226,0.120526244463306,0.000695430132452693,0.000407272416031269,1.06989251146568e-05,0.00346645173714881,0.000131953409747434,0.00044008245304955,0.116514860806984,2.99569903210391e-05,0.00143365596536401,1.99713268806927e-05,0.00114264520224535,0.0115455667220633,0.0120084735486908,0.00084735486908082,0.000273892482935214,0.000264620081169178,0.000651921170319755,0.000105562727797947,0.000604132638140955,0.000293863809815907,0.000169043016811578,0.00028245162302694,0.00232024022653191,0.00238657356224278,0.208094093480075,0.00076889608490667,0.000920107559860486,0.000318114706742463,0.000671179235526137,0.049682955185769,0.00487371702056333,0.000167616493462957,0.000202566315504169,3.63763453898332e-05,0.179346081696992,1.78315418577614e-05,0.000308129043302116,0.00165405382272594,0.0665644324933488,0.000529240162338357,0.00047146596671921,0.0023195269648576,0.000916541251488934,0.000853774224149614,0.00424176717712427,0.000438655929700929,0.000895856662933931,0.000817397878759781,0.00525673853966805,0.000594146974700608,5.34946255732841e-05,0.0157880471608619,0.000703276010870108,0.000159770615045542,0.000493577078622834,1.06989251146568e-05,0.000394433705893681,0.0108544161596565
0.00119132887408538,0.00448516802573004,0.00045181678530953,0.000550552970910389,0.00100412506618616,0.000590135210649044,0.00106459549452304,0.00172985797172705,2.28190295610874e-06,0.00982683954948566,0.0464197864156386,0.000839389225854768,0.000827628649080977,0.000593645830581519,0.0050643325490901,0.000221871179732419,0.000331139225130703,2.32578570526467e-05,0.0104325970188342,0.000484816612674795,0.000234860473482576,0.00192855905990513,3.43163098399429e-05,0.326263851699478,0.00595295821949782,0.00162576809072916,0.00137431993806564,0.000165350198819572,0.000126382317569099,0.000604879814365439,0.00176856255648258,0.00194716534554725,0.000511234027666669,0.000128927517020144,0.000112866430829071,0.00053844133214335,0.000316394621414308,0.000523257900935396,0.013849746695607,0.000508337766222377,0.00139020549326009,0.00273881014032036,0.000709671819349817,0.000550552970910389,0.000125504662585981,0.000522468011450589,3.29998273652648e-05,0.221986854659194,0.00331420074725301,0.00163796749499451,0.00312875224932001,4.7568900085036e-05,0.000932069592072107,0.00273345644492333,0.000416096227496597,6.03826628385697e-05,0.000142618934756796,0.00126838698160321,0.00128321935081792,0.000430050941728185,0.000656749223867757,1.77286306589987e-05,0.00015262420156435,0.000668685331638172,0.000166315619301002,0.00106047051610238,1.29015282518456e-05,0.000587941073191247,0.00025144815266352,0.000274179416726296,0.00219027577587114,7.10900536326184e-05,0.00106055828160069,0.00591197173178618,6.05581938351934e-05,0.00018307882947857,0.000126031255575852,2.60663529986267e-05,6.48587032524753e-05,0.00402176619464334,0.00103264885313752,6.62629512254653e-05,0.26650344624394,0.00126628060964373,0.000312445173990273,7.71458730161377e-05,0.000132613667949242,0.000385378303087441,0.00241302461058668,7.70581075178258e-05,2.70317734800574e-05,0.00409259295178102,0.000869405026277429,7.75847005076971e-05,0.000472792739406068,0.00442153803945393,0.000886343767451621,4.73056035901004e-05,1.68509756758799e-05,7.61804525347071e-05,0.000338160464995653,0.000223275427705409,4.78321965799716e-05,0.00204247867671394,0.000248639656717541,0.00431902793742566,0.000170967190711532,0.000967088025898545,0.000559856113731448,8.68000778304439e-05,4.35316871626898e-05,0.000563103437168987,7.89889484806871e-05,0.00027532036820435,0.00111251545660132
0.000430312593374031,0.000181643732150687,8.61751659505585e-05,0.000921736333843719,0.00323185034133533,0.00163676491668185,0.000996646772219041,0.00351628471261005,2.08397460141874e-05,0.00597058723306468,0.00102931448218723,0.000871889914323298,0.00025064018854901,0.00115885884930245,0.00870707117927898,0.000960881262167666,0.000253174752253438,0.000484664903924547,0.0075724314942633,0.021642357853923,6.73067472620376e-05,0.0349516334840648,3.88633101345656e-05,0.00492184109581017,0.000487481085818356,0.00297219837072613,0.000375115428255373,0.000885407587413582,0.00670955336200019,0.0232884161708544,0.000210650405656921,7.29391110496558e-05,0.000477342831000643,0.000815284658257735,0.000651946108416807,0.00165507009899161,0.000267537279911865,0,0.53480139018003,0.000334844027173902,0.000200793769028589,0.00677235421823213,0.0163732815306061,0.000112084039373602,0.000328930045196903,0.00492691022321903,0.000186994477748924,0.0158689033534249,0.00956656989326952,0.00092821355219948,0.00234221848108103,1.46441458478073e-05,0.0116544871493396,0.000635049017053953,0.00861864306781338,7.74450020797503e-05,0.00019487978705159,0.00012053258505503,0.000329774899765046,0.000623784289478716,0.000334844027173902,5.74501106337057e-05,0.000193190077915304,0.000785996366562121,4.47772921115647e-05,0.0020062479811496,0.000254582843200343,0.000209242314710016,0.000172068713711736,0.000150665731318787,0.000784306657425835,0.000191500368779019,0.00540566114516657,0.000173758422848022,0.000599846743381339,0.000148131167614359,0.000958909934842,0.000102790639124032,9.57501843895095e-05,0.00350755454873924,0.0040848718369701,8.7864875086844e-05,0.00135148569083899,0.159231993403376,0.00282294073035424,1.54890004159501e-05,0.000305555735478288,0.000964260680440237,0.000200793769028589,0.000267818898101246,0.000268663752669388,0.00219774834992862,0.00415752932983038,0.000172068713711736,0.000722069037572654,0.00550507236601803,0.000398489737973988,4.33692011646602e-05,3.66103646195183e-06,0.000528878959657349,0.000987353371969472,0.000131234076251504,0.000524936305006017,0.00651157577486541,0.000215156296687015,0.0169303223092016,0.00140189534673817,0.00320284366782909,0.000315130753917239,0.000290066735062338,0.00020727098738435,0.0117814969527504,0,0.00324677610537251,0.000960599643978285
0.000679973022909884,7.64083868063667e-05,8.07217634809196e-05,0.000903344314984948,0.00113287757373794,9.61266801757516e-05,7.73326818080566e-05,0.00156082615952038,0.000250792043791865,0.0221849286305614,0.000927992181696679,0.0010268917468775,0.00019071286868202,0.00234432022261953,0.0370981203844944,0.00191698783350489,0.000128168906901002,0.000359550755657379,0.00143173295761769,0.00027235892716463,0.000108142515197721,0.0086094998424077,0.000113072088540067,0.00348151117303203,0.000112147793538377,0.0183204512284959,0.00100470866683694,0.00524013646291405,0.00011646117021293,0.00235849274597878,9.95157618486147e-05,0.000146654806934801,0.0067756985590549,0.000632833977823698,0.00068952407126068,0.011693872263047,0.00148903924772246,2.68045550490077e-05,0.129245402479637,0.000110607301868894,8.56513368232659e-05,0.00126012218563726,0.0011643036037954,5.63819951030851e-05,0.00054194496932419,0.00518375446781096,0.000677200137904814,0.00642076927840597,0.00432446821457324,0.00526016285461733,0.00105924207193665,8.01055668131264e-06,0.0637369185298657,0.000561971361027471,0.00148903924772246,0.000515140414275182,0.000397754949060562,7.702458347416e-05,0.000115228776877343,0.000391592982382629,0.000816768683159992,0.000744673673028178,0.0101034686634725,0.000562279459361368,1.60211133626253e-05,0.0204044283589728,0.000292385318867911,0.00156575573286272,0.000243089585444449,0.000261575485478247,0.00314106251407624,0.000204577293707369,0.00256122144968277,0.000202728703703989,0.000604488931105207,0.00285915253856082,0.000589700211078169,0.000300087777215327,0.000289304335528945,0.00275624769503934,0.107979223080755,0.000244013880446139,0.000810914814815956,0.00250576374958137,0.392684574779625,3.05017350557673e-05,0.000777640194755119,0.00100994633851319,0.000226760373747927,0.000504048874254903,0.000149735790273767,0.00543670319994011,0.00026404027214942,0.000366945115670898,0.00216469889395779,0.0289178015212047,0.000561971361027471,0.000330897610604991,0,0.000351232100642169,0.00152601104779006,8.59594351571625e-05,0.000656249451199843,0.00245092224614777,4.40580617472195e-05,0.0110801403819249,0.0139697946555414,0.000457834124170407,0.000692913152933543,0.00140831748424154,0.000194718147022676,0.00860457026906536,0,0.00242750677277163,0.00612314628786182
0.238849336026358,0.000567011346937132,8.05223214585277e-05,0.00110382682332732,0.000375770833473129,0.000221436384010951,0.000375770833473129,0.00226469029102109,0,0.0511518047065297,0.0100116086346769,0,0.00445221335731109,0.00121790011206023,0.00152656901098459,0.000278473028377408,0.00314037053688258,0.00017446502982681,0.00205667429391989,0,0.0025867795768552,0.000389191220382884,0.00266394680158629,0.031749280331752,0.00387513672019164,0.00377112872164104,0.00100317392150416,0.00079515792440296,0,0.00211706603501379,0.00567011346937132,0.00420393619948063,0.00082199869822247,0,0,0.00064753366839566,0.000238211867648144,0.00231837183866011,0.00421735658639039,0.020727787582116,0.0168996222161085,0.000150979352734739,0.00029860360874204,0,0.00182852771645407,0.000167754836371933,0.000724700893126749,0.0234219302542492,0.000989753534594402,0.00231501674193267,0.0025431633193985,0.00507961644534212,0.00176478087863273,0.00175136049172298,0.000140914062552423,0.00324102343870574,0.00144269159279862,0.011565018419481,0.0138733249679588,0,0.0364497708468935,0.000134203869097546,0.000624047991303589,0.0045394458722245,0.0248612667503204,0.00047306863856885,4.02611607292638e-05,0.000221436384010951,0.00193924590845954,0.000184530320009126,0.00099646372804928,4.02611607292638e-05,0.000258342448012776,0.00356982291799473,0,0.0013890100451596,0,0.000167754836371933,0.000231501674193267,0.00961906231756661,0.00143598139934374,0.000989753534594402,0.00390868768746603,0.00017446502982681,0.000577076637119448,0.220604320022546,0.00228146577465828,0.0136015621330363,0.000184530320009126,0,0,0.00244251041757534,0.000137558965824985,0.000234856770920706,0.000268407738195092,0.00275453441322713,0.00598884765847799,0.0540271226019446,0.0256732001583606,0.000127493675642669,0.00148966294698276,0.00185872358700101,5.03264509115798e-05,0.000442872768021902,0.076234507840861,0.00138229985170472,0.000281828125104847,0.000228146577465828,0.00117428385460353,0.000318734189106672,0,0.000187885416736565,8.38774181859663e-05,0.000144269159279862,0.00112731250041939
0.00464747001632248,0.000329997870981477,6.03221914697324e-05,0.0458324462422823,9.49187424597261e-05,0,0.00127120147611951,0.000400965155063516,0.000279433681073025,0.0500851607408984,0.000974025974025974,0.000564189908452204,0.000163224753388688,0.0139379745937123,0.00898090980058193,0.00235611383152367,0.000504754808033497,8.33865587963949e-05,0.000605883187850401,2.21772762756369e-05,0.00147523241785537,0.00356965438932652,0.00650947413242495,0.00399190972961465,0.000361046057767369,0.00738414590873607,0.000950961606699312,0.00116829891420055,0,0.00106628344333262,4.87900078064012e-05,0.00103257398339366,0.00111329926903697,7.9838194592293e-05,7.89511035412675e-05,0.00626641118444397,0.00342949400326449,9.40316514087006e-05,0.0106867858917039,6.29834646228089e-05,8.42736498474203e-05,0.00025104676744021,0.000175644028103044,0.000106450926123057,0.0011177347242921,0.000411610247675821,0.00016677311759279,0.00513803136753956,0.000285643318430204,0.00601536441700376,0.00112926690795543,0.00256014477325953,0.00292030373997587,0.000907494145199063,0.000356610602512242,0.0138785394932936,0.0283638492654886,0.000934106876729828,0.000884429777872401,6.47576467248598e-05,0.00539440068128593,0.000999751614505713,0.000447980980767866,0.318342381662054,0,0.00381360442835853,8.33865587963949e-05,7.9838194592293e-05,0.0440609254133844,0.00768309559293166,0.00162781207863175,0.00106362217017955,0.000478142076502732,0.0011700730963026,1.15321836633312e-05,0.000941203605138031,0.000113547654531261,0.000860478319494713,0.000498545170676318,0.00174845646157122,0.00635334610744447,0.0451201121283088,0.000361046057767369,0.000141934568164076,0.000861365410545738,0.000318465687318146,0.147642999077425,0.0106717053438365,7.09672840820382e-05,0.000175644028103044,2.30643673266624e-05,0.0622977432403662,2.21772762756369e-05,0.000963380881413668,0.00293006174153715,0.0503557235114612,0.000334433326236605,0.000989993612944433,0.00226651763537009,0.00141668440848769,0.00050209353488042,0.00930203676105315,0.000236853310623802,0.000364594421971471,0.000144595841317153,0.00532165921510184,0.000591689731033993,0.00125257256404797,0.00527553048044851,0.000222659853807395,0.000218224398552267,0.000221772762756369,0,9.13703782556242e-05,0.00720140515222482
0.0234919985044731,0.000121784036624298,4.26481062108437e-05,0.0215794678748401,0.000216083738134941,9.85645121317277e-05,1.89547138714861e-05,0.000768139779641974,4.50174454447795e-05,0.285513907310501,0.001364739398747,0.000696585734777114,0.00113680896444238,0.0117694557106525,0.00763969742590247,0.00072217459850362,0.00241909535784841,0.000134104600640764,0.00110885076148194,0.000217031473828516,0.0196726236593686,0.000774300061650207,0.00166375001006969,0.00489647646085164,0.000431693608423096,0.0139184463958322,0.00952284824903461,0.00143392410437792,4.07526348236951e-05,0.00169692075934479,0.000628348764839764,0.00124437696566306,0.000519359160078719,4.69129168319281e-05,7.10801770180728e-05,0.00196181288569881,0.00121878810193656,8.19791374941773e-05,0.00900822776742377,0.000260627315732934,0.000172961764077311,0.000432167476269883,0.000402787669769079,0.000175804971158033,0.0182562326653218,0.000447805115213859,5.25993309933739e-05,0.00815621337890047,0.000825003921256432,0.00172487896230523,0.00181064904257371,0.00212529729284038,0.00477658789561449,0.00222812661559319,0.000308014100411649,0.00183339469921949,0.00308108873981006,0.00658107665617997,0.00245321384281709,7.58188554859444e-05,0.0460428954652269,0.000100933851365663,0.00120931074500081,0.011514514809081,0.000124627243705021,0.00434205108011068,6.63414985502013e-05,0.00154812625545363,0.0337507635195681,0.00242193856492914,0.00200777806683716,0.000494244164199,0.000389993237905826,0.000335024567678517,6.72892342437756e-05,0.00222812661559319,8.48223445749003e-05,0.00042600719426165,0.000389045502212252,0.00881394195024103,0.00416387676971871,0.00201583382023255,0.000748711197923701,0.000583331319394985,0.000626927161299402,0.000301379950556629,0.00585321564351491,0.330906656089936,0.0011140633077966,0.000283372972378717,0.000144055825423294,0.0106497059886945,7.81881947198801e-05,0.000238829394780725,0.000423637855027714,0.0104563679072053,0.00582430970486089,0.00133441185655262,0.00100412596734198,0.00114770792491848,0.00156565936578475,0.00682654020081572,0.000277686558217271,0.000638773857469081,0.000951052768501814,0.00202341570578114,0.00069895507401105,0.000134104600640764,0.00459888745306931,0.000168223085609439,7.10801770180728e-06,0.000866704291773701,3.98048991301208e-05,0.000367247581260043,0.00246126959621247
0.000959666692775158,0.00189238654842634,0.000291385132100581,0.000149105832085994,0.000525642969498336,0.000616184342234892,0.00167824901608115,0.00680605247519274,0,0.00814369347002685,0.0140353499388127,6.61095737441516e-05,0.0194444783774986,0.000501929752829238,0.00493953489040542,0.000919426082670022,0.0118893038302594,0.000325158501295963,0.0100360800184532,0.000557979174047106,0.00159345630193105,0.00190460244792254,6.50317002591926e-05,0.29592765025736,0.0158303685824311,0.000776787491493782,0.00179501864361838,0.000340248730085389,0.000171741175270133,0.00171022592946827,0.00442395207343336,0.00535415689095298,0.000108865221980858,0.000266594041946525,0.00035354250306655,0.000565524288441819,0.000248988775025528,0.000449473243227901,0.0106436413728084,0.000921222538478287,0.00207814007900094,0.00485617934090192,0.00160567220142725,0.000328751412912493,0.000278450650281073,0.000774631744523864,3.55698250036468e-05,0.222119904083631,0.00260342375733762,0.00242234101186451,0.0166890744587818,8.91042080899435e-05,0.00315385781699002,0.0453349994862136,0.000409232633122765,0.000158447402288972,3.44919515186878e-05,0.0015043520938411,0.00594986163697365,0.000747684907399889,0.00155465285647252,0,0.0001498244144093,0.000879904054888192,0.000117128918698877,0.00135344980594684,1.07787348495899e-05,0.000613669304103321,0.000324439918972657,0.000426837900043762,0.00316176222254638,6.00016239960507e-05,0.00119284665668795,0.0016962135741638,9.34157020297795e-05,0.000353901794228203,0.000308271816698272,3.44919515186878e-05,0.000327314248265881,0.0132901800695444,0.000430790102821945,0.000214856114668493,0.0310582058867701,0.00120614042966911,0.000326595665942575,0.000114613880567306,6.28759532892747e-05,0.00152842460167185,0.177494863932844,5.96423328343977e-05,0,0.00149393265015317,0.0015463891597545,0.000453784737167737,8.94634992515965e-05,0.00172639403174266,0.00499055423536014,6.64688649058046e-05,1.07787348495899e-05,9.23378285448205e-05,0.000617262215719851,0.000805530784426022,0.000125033324255243,0.0017741797562425,0.000771038832907334,0.00480408212246224,0.000355698250036468,0.00101427894934641,0.00066037715511821,5.85644593494387e-05,2.19167608608329e-05,0.000692354068505327,5.10193449547257e-05,0.000698462018253428,0.000231024216942878
0.000141049060991678,6.3644088496245e-05,2.23614364986807e-05,0.000151369723991069,0.000841134034450373,0,0.000228774696486502,0.000213293701987416,0.00325272895530809,0.00968938244592833,0.000129008287492389,0.102602871208446,2.23614364986807e-05,0.000949500995943979,0.00258360597084757,0.0324842867905834,0,0.0391617557511895,0.000159970276490562,0.000435187956474324,2.58016574984777e-05,0.00291902751832778,0.000228774696486502,0.000963261879943168,0,0.00840101968150434,0.000108366961493606,0.00801227470852728,2.23614364986807e-05,0.000374984088977876,0,0.000154809944990866,0.0703576797773489,0.000620959890463363,0.003474623209795,0.0117517949353066,0.0011576343664317,0,0.0281306871153403,0,0,0.000283818232483255,0.000165130607990257,0.000209853480987619,0.000103206629993911,0.0167469958270119,0.0403830342061174,0.00116795502943109,0.00304115536382057,0.0547235954437713,0.000206413259987822,0,0.00118171591343028,2.06413259987822e-05,0.000399065635976455,0.000225334475486705,0.0023152687328634,6.3644088496245e-05,0.000258016574984777,4.64429834972599e-05,0.000517753260469453,0.0110792317298463,0.00256124453434889,0.00075168828845565,0,0.000995943979441239,0.000963261879943168,0.00143285204641546,6.19239779963465e-05,0.000354342762979094,0.00050915270796996,0.00244943735185548,0.000737927404456462,0,0.00107334895193667,0.00229978773836431,0.000447228729973614,0.00106818862043698,0.0044000426587404,0.00136060740541972,0.0355116812704048,0.0020813337048772,0.000137608839991881,0.000583117459465596,0.00144661293041465,2.23614364986807e-05,0.000106646850993708,0.000505712486970163,2.23614364986807e-05,0.125272207486609,0.00804667691852525,0.0129369510697367,0.000129008287492389,0.00503820365420275,0.124501597982654,0.0576873458350965,0.000149649613491171,0.000270057348484067,0,0.0101056491869038,0.0315743483361371,0,0.00709545581208137,0.0012728817699249,0,0.00293622862332676,0.00758912752555224,7.74049724954331e-05,0.00189212154988836,0.0367363999463326,0.0258790624709731,0.00237547260035985,0,0.00348150365179459,0.0100936084134045
0.000140133027458655,3.37967889753226e-05,0,0.000131065596270153,0.000272847247581263,0,6.5120642171963e-05,0.000212672476966664,0.00150189632958629,0.00137989816450463,0.000168983944876613,0.29051554940802,0,0.00025471238520426,0.00176237889827414,0.029618351821276,3.70940366802321e-05,0.0257638692542368,0.000307468348482813,9.06743118850118e-05,0,0.00288921330142697,2.47293577868214e-05,0.000647084862088493,9.89174311472856e-06,0.00134939862323422,4.69857797949607e-05,0.00157690871487298,0,0.000611639449260716,5.68775229096892e-05,4.28642201638238e-05,0.000979282568358127,0.000178051376065114,0.0276490706295188,0.00748392797821838,0.000214321100819119,2.14321100819119e-05,0.0185659775144193,2.47293577868214e-05,8.9025688032557e-05,0.000370116054876094,0.000136011467827518,4.28642201638238e-05,1.07160550409559e-05,0.0123556114622222,0.00233197843929726,0.00139308715532427,0.000297576605368084,0.0176872610010609,0.000387426605326869,3.70940366802321e-05,0.0012974669718819,4.20399082375964e-05,0.000215969724671574,0.000121173853155425,0.000458317430982423,0,7.1715137581782e-05,2.30807339343666e-05,0.000212672476966664,0.0106377454079643,0.000410507339261235,0.000142605963237337,0,0.000145903210942246,0.00136258761405386,5.35802752047797e-05,0.000128592660491471,0.000129416972417699,0.00017310550450775,0.00997170137157261,0.000110457798114469,0,0.00932956238104148,0.00053168119241666,0.000608342201555806,0.00929906283977107,0.000933945412415621,0.000367643119097411,0.00218112935679765,6.42963302457356e-05,0.000212672476966664,0.000376710550285913,0.000509424770408521,4.1215596311369e-05,4.7810091721188e-05,0.000305819724630358,0,0.00649145641904062,0.370742531940026,0.00230889770536289,0.000131065596270153,0.000552288990572344,0.0108050807289885,0.0168794353133581,8.73770641801023e-05,0.00011952522930297,0,0.0264068325566941,0.00604632797887783,4.94587155736428e-05,0.0240797999889542,0.00146232935712737,0,0.00303429220044299,0.00170137981573331,0,0.000703138073071955,0.0013518715590129,0.0165703183410228,0.00318184403523769,0,0.00265181146667348,0.00435731284203793
0.0011202055924718,4.23785471467472e-05,3.26035239320727e-05,0.000910907461665416,0.000213964397032319,5.68801762368301e-05,3.39511094369764e-05,0.000160463241165994,9.5578004765706e-05,0.0114494082611255,0.000403953840007247,0.000857808570128913,2.97474471903365e-05,0.00320839995501076,0.00567389814570625,0.00369248484951855,4.18354903014875e-05,9.97615537958547e-05,0.000211208886373038,0.000147309197580815,4.22779810642917e-05,0.00145903283748087,0.000286130617802385,0.0013873292206901,3.29856750454036e-05,0.00259796383450588,0.000549151149856496,0.0020456146832273,6.31554997820532e-06,0.000180898269120951,2.12194433981102e-05,4.37060194351597e-05,0.000829549500958918,8.99060777152158e-05,0.000234942481832536,0.013224721427929,0.00126590573273333,9.43309853432578e-06,0.00990998289732975,6.88274268325433e-05,4.25595660951671e-05,8.44755092626189e-05,6.08827063185589e-05,4.26802453941137e-05,0.000115550428741368,0.000409967691738086,0.000366181219436962,0.00405932980509971,0.000825466518011224,0.0169455055730505,0.000612990498999247,0.000244275014284406,0.00116831640631851,0.000502870638710476,0.000190814084851063,0.000446996123298201,0.0215450562598846,0.000112613899133667,0.00019606363435524,8.74321520868106e-05,0.000442993593216472,0.00047203707782962,0.000155937767455496,0.0026736297549454,1.10421558536138e-05,0.00168226942731558,5.60756475771861e-05,0.000132948361006169,0.00146967272900466,0.00176740867272241,0.00143457516622769,0.000963362730274204,0.000392529533040303,7.41775424191758e-05,3.74105826734455e-05,0.000331928411752619,0.00016313829895931,0.000609410346463831,0.000762974754373378,0.000332934072577174,0.00360623937720471,0.00199122854583537,0.000649375307631646,0.000117823222204862,0.000962095597635265,2.32508782637113e-05,0.00196644906311833,0.000478734778921156,6.09631591845233e-05,0.000646318098724999,0.000161569468073004,0.586164556843892,2.53225395622946e-05,0.000796523599480532,0.00301849096490179,0.222804397038755,0.000284441107617133,3.67870729622214e-05,0.000289288392791488,0.00156456688440967,0.000490601576650905,0.000167482753721388,0.000301979832397372,0.00149020832304207,2.14004623465301e-05,0.00337483682147461,0.000412481843799474,9.38080417144892e-05,0.0118344154511982,0.00109510429829091,0.000427828227982183,0.000400956970750073,6.03396494732992e-07,0.000120840204678527,0.0293239030774669
0.000272814238305009,0.00142666493451277,0.000115739373826367,0.000544447462591381,0.00214708348588098,0.00591333719131246,0.0401981741523272,0.0210078773635043,1.41721682236368e-05,0.00606805002775383,0.0024139926540928,9.56621355095485e-05,0.00148217259338868,0.000870407331735028,0.0116778666162767,0.000279900322416827,0.00031178770092001,0.000297615532696373,0.0640393041465402,0.0725697684031509,0.000382648542038194,0.00848440470988391,6.25937429877293e-05,0.0300272814238305,0.000353123191572284,0.00360917884095284,0.00253799912604963,0.000581058897169109,0.0035430420559092,0.00671170266791067,0.000283443364472736,0.000162979934571823,0.000157074864478641,0.000290529448584555,0.000149988780366823,0.000314149728957283,0.000128730528031368,0,0.211958947952712,0.000101567205602731,0.000377924485963648,0.0863994425613832,0.0229671796204221,9.21190934536393e-05,0.000586963967262291,0.00441344938764423,4.72405607454561e-05,0.0954401048740449,0.0170420322889233,8.14899672859117e-05,0.0246572106810908,0.000127549514012731,0.00271633224286372,0.00460004960258878,0.00221676331298053,0.000148807766348187,4.25165046709105e-05,0.000286986406528646,0.000514922112125471,0.000230297733634098,0.000284624378491373,2.83443364472736e-05,9.92051775654577e-05,0.000184238186907279,0,0.00240454454194371,0.000445242285025923,0.000641290612119566,0.00010511024765864,0.000194867313075006,0.00256280042044099,0.00019368629905637,0.00286868305126782,0.000550352532684563,0.00105582653266094,1.41721682236368e-05,0.000412173892504104,0.000194867313075006,0.000249193957932281,0.0273487416295631,0.00156956763076778,0.000226754691578189,0.00997248237336577,0.0706458965667923,0.00104992146256776,5.31456308386381e-05,0.000229116719615462,0.000138178640180459,0.00475594345304879,6.37747570063657e-05,0.000175971088776824,0.000479491691566379,0.0589904692168696,0.000100386191584094,0.000582239911187746,0.000539723406516835,0.00203016309803597,0.000258642070081372,0.000159436892515914,0,0.00118219503265504,6.14127289690929e-05,0.000109834303733185,0.00211755813541507,4.84215747640924e-05,0.00740259586881296,0.00044288025698865,0.0234549384101189,0.000308244658864101,4.96025887827289e-05,6.02317149504565e-05,0.00701404225668159,0,0.00112314433172322,0.000188962242981824
0.000898530669765251,1.22415622583822e-05,2.64417744781055e-05,0.000823122646253617,7.98149859246517e-05,1.46898747100586e-05,3.37867118331348e-05,0.000327094543543971,0.00431441620234421,0.00602040031867235,0.000335908468370007,0.00745217344041273,7.44286985309636e-05,0.000809901759014564,0.0041116959313454,0.0519105895879147,1.17518997680469e-05,0.00134950982336405,9.7442835576722e-05,8.47116108280046e-05,5.9738823820905e-05,0.000284493906884801,9.84221605573926e-05,0.00136077206064176,0.000245810570148314,0.00201398182274903,0.000570456801240609,0.00349129355609059,1.46898747100586e-05,0.000154243684455615,0,5.38628739368815e-05,0.00143715940913407,6.36561237435873e-06,0.000505821352516351,0.00808677602788726,0.000567029163808262,0,0.0104400939564386,0,0,0.000152774696984609,4.99455740141992e-05,3.13383993814583e-05,5.68008488788932e-05,0.00094749691879878,0.00526142345865265,0.00374053176367125,0.000428944341533711,0.251757521093436,0.000322687581130954,7.24700485696224e-05,0.000939662318953415,0.000426006366591699,0.000164526596752656,0.000216920483218532,0.000977855993199567,0.000110174060325439,0.000137595159784216,9.98911480283985e-05,0.000454406791031146,0.0147726276709253,0.000349619018099395,0.00151207777015536,2.44831245167643e-05,0.00144940097139245,0.000134167522351869,5.87594988402344e-05,0.000280086944471784,0.000416213116784994,0.000276169644549102,0.00308144605167996,0.000257072807426025,0.000148367734571592,0.000233569007889932,0.000424537379120693,0.000368226192732136,0.00143030413426937,0.0669637938658021,0.000500924727612998,0.00510228314929369,0.00060571250054475,0.000330032518485983,0.000229162045476914,0.00151060878268436,7.39390360406283e-05,0.000546953001704515,9.25462106733692e-05,2.49727870070996e-05,0.00431245755238287,0.000648313137203919,0.0161867729430136,1.3710549729388e-05,0.143666974664373,0.150917407158768,0.139869152389333,0.00028253525692346,7.78563359633106e-05,1.95864996134115e-05,0.00955576349889312,0.00192143561207566,6.26767987629167e-05,0.00166974909204333,0.00285179434371271,0.000118498322661139,0.00386294738625508,0.000929379406656374,5.87594988402344e-06,0.00171039107874116,0.0148637048941276,0.0044862877364519,0.00077807369714277,0,0.000361370917867441,0.0251005889170771
0.000254286939251823,3.36017515355116e-05,2.29906721032448e-05,0.00100262068397502,0.000276393354735712,2.18537707355019e-05,1.14953360516224e-05,0.000223969569445346,0.00240164097816972,0.00525248431897208,0.000407894946271305,0.00941025894318196,2.67803433290544e-05,0.000828295807587781,0.00237056567411809,0.0249903552867303,1.8190421883886e-05,0.00111921623535576,0.000214116424258241,3.80230346322895e-05,2.53907972129242e-05,0.00134457535091724,0.000250623590400207,0.000650939194219892,7.2761687535544e-05,0.00186906584856929,0.000393367873239034,0.00549439166555292,1.62955862709812e-05,0.000189104594167898,1.04847570580732e-05,0.000124553860954942,0.00201698934875005,0.000112553235406545,0.00272831063783451,0.00984013398256296,0.000696920538426382,5.30553971613341e-06,0.00766865237017408,1.51586849032383e-06,2.62750538322798e-05,5.55818446452072e-05,6.06347396129533e-05,2.32433168516321e-05,9.04468199226553e-05,0.00144992821099475,0.0137172202913146,0.00210541501068561,0.00159583055318841,0.189635274461886,0.000146660276438831,3.81493570064831e-05,0.00182194760299505,0.000276140709987325,0.000272982650632484,0.000342333634064799,0.00146016032330443,5.43186209032707e-05,9.03204975484617e-05,0.000127332953187202,0.000256308097238921,0.0284717999195074,0.000439601862193911,0.000932764411045932,0,0.00070134182152316,0.000389957169135806,7.2382720412963e-05,0.000111542656412995,0.000474972126968134,0.000432780453987454,0.00299042956428634,0.000587272717626291,0.000122027413471069,0.000141228414348504,0.000332101521755113,0.000204010634322749,0.00174299611912402,0.0105456444424345,0.000579188085677898,0.00502106172944931,0.000652455062710216,0.000241528379458264,0.000195547035251774,0.00179339874642729,4.42128309677784e-05,0.000435938513342295,0.000499857634684284,1.47797177806574e-05,0.0066551679620184,0.000517290122323008,0.0187902005165574,1.42744282838828e-05,0.0266705691858801,0.365265313619295,0.121419802851197,0.000291931006761531,3.28438172903497e-05,2.93067908129274e-05,0.00728425338550279,0.00231422589522772,0.000269571946529255,0.00296200703009277,0.00135089146962692,5.68450683871437e-06,0.00492455143556536,0.000668119037110229,3.47386529032545e-05,0.0012936674341172,0.0513427184120166,0.0073955433971674,0.000534343642839151,0,0.000225864405058251,0.0254528214986533
0.000814522203738104,3.23550928012758e-05,1.50641571094722e-05,0.000357854452073573,0.000250033833117085,1.48637470370623e-05,3.30899297334451e-05,0.000125857525473373,0.000205932483294011,0.00787745191285569,0.000391579013702983,0.00121632213113399,1.86158689482908e-05,0.00132122567014762,0.00407802209064559,0.00410567868063814,3.42589884891691e-05,0.000123630746891041,0.000250612795548491,3.40140428451127e-05,3.41253817742293e-05,0.00112794128920125,0.000173955942851732,0.000851019104702517,2.76009205279982e-05,0.00188864225460441,0.000395676286294473,0.00179220047420363,1.65449648667226e-05,0.00012080273809148,1.41511778907163e-05,3.12305696171984e-05,0.000695267076761344,9.35581021366553e-05,0.0002795609171188,0.012316334606661,0.00088463232740281,1.30600563853739e-05,0.0076498640078485,1.97960615969265e-05,4.09393242361635e-05,4.95012878852278e-05,8.11994810047158e-05,1.83375216254994e-05,5.29416607949299e-05,0.000553098398172394,0.000355059844952747,0.00420491506815974,0.000690858055168328,0.0530720386809254,0.00032632326734776,6.41312231711454e-05,0.00096593201344373,0.000260900512598863,0.000202703654349631,0.000222510849839469,0.00371529099347671,0.000120914077020597,6.53670852843393e-05,6.91637427672144e-05,0.000288712977092182,0.000827960812482475,0.000158145814917179,0.0012496681404044,4.06387091275487e-06,0.000981118643375231,0.000113242824804465,0.000142858979949473,0.000205498261470457,0.000598613752395248,0.000719527829415845,0.000820890790483572,0.000329062205004028,5.91321052538113e-05,4.98798402442242e-05,0.0002777460925742,0.000137692853638464,0.000516968915674066,0.00104032868587942,0.000368331445303443,0.00354836053705223,0.000541151731078186,0.000449063302805869,0.000102075530214073,0.00111763130436506,1.88719484852589e-05,0.000586488943014454,0.000270564731646181,2.85250336396657e-05,0.000633607577816587,0.000139563347647623,0.0950026913402641,1.65449648667226e-05,0.00125365407406678,0.00439086221367733,0.662544643431234,0.000196357335389986,3.27670468390071e-05,0.000117829988684068,0.00183663584081406,0.000421785265172309,9.38475833523584e-05,0.000358177334968011,0.00117932420498855,1.10225539825406e-05,0.00204924865985506,0.000375613011267667,2.87811131766338e-05,0.0034840511715945,0.00167131979886177,0.000461076773257547,0.000343269052359303,4.56489609377944e-07,0.000112552523443942,0.0928330630302482
0.00203562369607806,0.00040689962185912,0.00021667545562346,0.00190618121609522,0.000345555142215076,0.000221177802753298,0.000915102054139599,0.0244229820058069,6.75352069475719e-06,0.0900576356711958,0.00275431085667847,8.1605041728316e-05,0.00171032911594726,0.00395643754034525,0.00770801828628287,0.000997269889259144,0.021368702271603,0,0.0050578242069819,0.000915664847530828,0.0076027759221229,0.000993330335520536,0.000278582728658734,0.0108180145662186,0.000900469425967625,0.00795677296520642,0.027702941889894,0.000314038712306209,0.000273517588137666,0.00667529241337625,0.000358499390213361,0.000580802779749118,0.000364690117516888,0.000158144942935564,7.31631408598695e-06,0.00108112610455238,0.000543658415927954,0.000104116777377507,0.0109311360378557,0.00105017246803474,0.000487379076804977,0.00369473861342341,0.00241438364837569,0.000198666067104107,0.0134153060667439,0.000814362037109471,0.00011987499233194,0.0901797618370927,0.00257534255826741,0.00255902154992174,0.023328348859865,0.000292652563439478,0.00244196052454595,0.049015364822374,0.00074288727642329,0.000366941291081807,0.00140754627146564,0.00352590059605448,0.00925401173199103,0.00104904688125228,0.00318709897453416,0.000108056331116115,0.000563356184620995,0.00310493113941462,0.000509328019062938,0.0032028571894886,0,0.00611362460892894,0.00236598341672993,0.00115879159254209,0.00822522541282302,0.000437853258376758,0.000884148417621962,0.00161971937995926,5.17769919931384e-05,0.00109969828646296,0.000205982381190094,7.71026945984779e-05,0.000481188349501449,0.141257764438324,0.0031291312552375,0.000477248795762841,0.00354503557135629,0.000413090349162648,0.000893153111881638,0.000134507620503914,0.000710245259731964,0.00736190035067656,0.00653121730522143,8.72329756406136e-05,0,0.00474378549467569,0.000681542796779246,0.00016714963719524,0.0010985726996805,0.00778737215444626,0.32278452160592,0.000339364414911549,9.34237029441411e-05,0.000301094464307924,0.0001682752239777,0.000236936017707731,5.06514052106789e-05,0.00064721239991423,0.00040746241525035,0.00448996567523107,0.000184033438932133,0.000423783423596013,0.00210147052285194,0.000363564530734428,4.33350911246919e-05,0.00131243418834781,4.22095043422324e-05,0.000347243522388765,0.00158370060292056
0.36524688602614,7.39222281296823e-05,7.96085533704271e-05,0.0017201133853253,0.000113726504814896,0,0.000238825660111281,0.000420788067815115,7.10790655093099e-05,0.0864861637491079,0.00234276599918686,0.000372454303268784,0.000477651320222563,0.00226031428319606,0.00396621185541949,0.000574318849315224,0.000199021383426068,0.000341179514444688,0.000235982497490909,0,0.00263561174908521,0.000909812038519167,0.0108097042826559,0.0047281794376793,0.00110599025932486,0.00327816650128937,0.000471964994981818,0.000358238490166922,0,0.00101216589285257,0.00111451974718598,0.00154668046548258,0.000591377825037459,0,0.000255884635833516,0.000764810744880175,0.000363924815407667,0.000372454303268784,0.00150687618879737,0.0016689364581586,0.0018025651013161,0.000108040179574151,0.000122255992676013,0.00014215813101862,0.000503239783805914,0.00142726763542694,0.000312747888240964,0.00228021642153866,0.000113726504814896,0.0025645326835759,0.000619809451241183,0.0341094219566076,0.00237119762539058,0.0005458872231115,0.000105197016953779,0.0135050224467689,0.00245933566662212,0.0043159208577253,0.00248776729282585,3.69611140648412e-05,0.0498975039875356,0.000147844456259365,0.00081883083466725,0.0130671754032315,0.00123393257724162,0.00342885412016911,0,0.000238825660111281,0.00224041214485345,0.000318434213481709,0.000386670116370646,4.2647439305586e-05,0.000105197016953779,0.001916291606131,6.82359028889375e-05,0.000446376531398466,0,0,0.00134765908205652,0.00188217365468653,0.00283463313251128,0.000835889810389485,0.000926871014241402,0.000147844456259365,6.82359028889375e-05,0.027851621029168,0.00371601354482672,0.018125161704874,4.2647439305586e-05,8.52948786111719e-05,0,0.00776183395361664,0,0.000326963701342826,0.000716476980333844,0.00766800958714436,0.00161491636837152,0.0758754808498782,0.171519471399206,0.000199021383426068,0.0006283389391023,0.00513475169239255,4.2647439305586e-05,7.67653907500547e-05,0.0230409898754979,0.00115148086125082,0.000540200897870756,0.000196178220805695,0.000443533368778094,0.000363924815407667,0.000264414123694633,0.000139314968398247,6.82359028889375e-05,3.41179514444688e-05,0.00132207061847316
0.104611691427504,0,3.48515116494663e-05,0.00132853962407765,0.000181227860577225,0.000135223865199929,0.000518590493344058,0.000256507125740072,2.09109069896798e-05,0.0317971251685071,0.000763945135356301,3.90336930474022e-05,0.000400095353735873,0.00131599307988385,0.00646007619934507,0.000172863497781353,0.000234202158284413,1.67287255917438e-05,0.000303905181583346,3.48515116494663e-05,0.00194889653143815,0.000104554534948399,0.0496815268865472,0.00156552990329403,0.000585505395711034,0.00221097989904214,0.000609204423632671,0.000213291251294734,5.29742977071888e-05,0.000697030232989326,0.000770915437686194,0.000808555070267618,0.00110688400998705,0.000129647623336015,1.67287255917438e-05,0.000833648158655234,0.00042379438165751,6.97030232989326e-05,0.000610598484098649,0.000960507661059291,0.00163941510799089,0.00140103076830854,0.000167287255917438,2.09109069896798e-05,0.000701212414387262,0.000153346651257652,0.000101766414016442,0.00540895460799717,0.00126998908450655,0.000416824079327617,0.000784856042345981,0.0639162783046552,0.00175233400573516,0.000390336930474022,0.000846194702849041,0.0183848694253265,0.00625514931084621,0.0017760330336568,0.00127695938683644,0,0.0244336977872078,1.67287255917438e-05,0.000487921163092528,0.0202877619613873,0.00103578692622214,0.00287176455991602,0,0.000388942870008044,0.00575468160355987,0.000600840060836799,0.0017369993406094,2.09109069896798e-05,0.000440523107249254,0.00147909815440335,7.38852046968685e-05,0.000245354642012243,1.67287255917438e-05,0,0.000241172460614307,0.00362873939294243,0.00113894740070456,0.00216636996413082,0.000252324944342136,0.000133829804733951,3.76396325814236e-05,0.00705534001831795,0.00421145666772151,0.00881743244731497,0.000296934879253453,0.000121283260540143,0,0.00638758505511418,3.62455721154449e-05,0.000809949130733596,0.000322027967641068,0.00340708377885182,0.00108736716346335,0.0256325897879495,0.541761172349089,0.000210503130362776,0.000904745242420145,0.00778164552109283,0.000167287255917438,0.000143588227995801,0.00145818724741367,0.000232808097818435,0.000174257558247331,0.000249536823410179,0.000890804637760358,3.48515116494663e-05,0,8.36436279587191e-05,1.67287255917438e-05,0.000500467707286336,0.00102324038202833
0.0002711033771216,1.81643803766566e-05,2.42948587537782e-05,0.00021275030516159,0.000108078063241107,5.44931411299698e-05,1.18068472448268e-05,8.62808067891188e-05,0.0137393102621483,0.00343352200069751,0.000239996875726575,0.0283534624941874,1.29421210183678e-05,0.000638250915484771,0.000650057762729598,0.265512380841665,6.35753313182981e-06,0.00424206398221344,0.000211387976633341,0.000269513993838642,1.38503400372007e-05,0.000378046166589165,9.21842304115322e-05,0.000254755434782609,8.62808067891188e-05,0.00105489639037433,0.000434355745756801,0.000260204748895606,6.74352621483376e-05,5.85801267147175e-05,9.0821901883283e-06,3.54205417344804e-05,0.000182552022785399,5.10873198093467e-05,0.0128013470704487,0.000773348494536154,0.000168928737502906,2.45219135084864e-05,0.00392123561381074,1.77102708672402e-05,3.38311584515229e-05,2.45219135084864e-05,3.01982823761916e-05,2.406780399907e-05,7.40198500348756e-05,0.00170064011276447,0.000801276229365264,0.00222468248663102,0.000752459457102999,0.0231636719658219,0.000153943123692165,6.10777290165078e-05,0.00038122493315508,0.000172334558823529,9.83147087886538e-05,0.000200262293652639,0.000653236529295513,2.61112967914438e-05,0.000100358201581028,3.67828702627296e-05,0.000211842086142757,0.00265336186352011,9.49088874680307e-05,0.00156372609567542,0,0.000268378720065101,0.0315151999534992,4.3821567658684e-05,3.20147204138572e-05,0.000239769820971867,0.000107851008486399,0.0461368449924436,0.000297441728667752,4.42756771681004e-05,0.000339673913043478,0.000131918812485468,4.33674581492676e-05,0.00960328085038363,0.0136203335706812,0.00016847462799349,0.000784701232271565,0.000312200287723785,0.00015961949255987,6.85705359218786e-05,0.000262475296442688,2.27054754708207e-05,0.000894141624040921,0.000235682835387119,1.70291066031156e-05,0.0010789641943734,0.00239520060741688,0.00552628567484306,1.45315043013253e-05,0.0057569733056266,0.00498771179667519,0.0250012260956754,0.000101947584863985,3.76910892815624e-05,9.76335445245292e-06,0.388920045846896,0.00152353740409207,0.000136914017089049,0.0685394294204836,0.000467959849453615,2.9517118112067e-06,0.00103173680539409,0.000407563284701232,0.000109213337014648,0.00072067179144385,0.000634390984654731,0.00562369216461288,0.000469322177981865,0,0.000734749186235759,0.0063988570971867
0.00114046045084414,8.58699633576766e-05,0.000139538690456224,0.003012157308406,0.00127060711405812,0.000268343635492739,0.00033408782618846,0.000382389680577153,0.000539370707340406,0.0113764284267147,0.00353811083397177,0.0359084035834609,0.000248217862830784,0.00136586910465804,0.00417408525008956,0.00769341202957683,0.000156981026763252,0.0238691663770792,0.00424787974985006,0.00208771348413351,1.61006181295644e-05,0.00488519588414532,3.75681089689835e-05,0.00612628519829924,0.00104654017842168,0.00315303771703969,0.000520586652855914,0.0025908578006824,0,0.000378364526044762,5.23270089210842e-05,0.000385073116932081,0.0308675683907298,0.00255328969171341,0.00429483988606129,0.00757936598449242,0.00104519846024422,6.44024725182574e-05,0.0897877804358706,0,0.000260293326427957,0.00184083733948019,0.000152955872230861,1.61006181295644e-05,0.000170398208537889,0.216012601417123,0.00267136089133022,0.0317987208058896,0.00257744061890776,0.0122847716328576,0.00155773480403535,0,0.00517232357412255,0.000707085479523368,0.0020622208387617,7.64779361154307e-05,0.00233056447425444,8.72116815351403e-05,0.000450817307627802,0.000414590916836282,0.000794297161058508,0.00341735619800003,0.00217090001113626,0.000450817307627802,0,0.00124645618686377,0.00207966317506873,0.000594381152616417,6.44024725182574e-05,0.00044276699856302,0.000850649324511984,0.0014745482770326,0.000850649324511984,0.00012343807232666,0.020899944050352,0.00172276613986339,0.00410163246850652,0.00275052226380058,0.0016851980308944,0.000788930288348654,0.0427578748794131,0.000516561498323523,0.000880167124416185,0.00160603665842404,0.00266331058226544,1.61006181295644e-05,0.000422641225901064,0.00105861564201886,0.000295177999042013,0.0136707665101776,0.0154525682498494,0.0102587771848874,0.000743311870314888,0.000909684924320386,0.0100132427584116,0.0135245192288341,8.8553399712604e-05,0.000217358344749119,0,0.00508108673805502,0.16059561553334,5.23270089210842e-05,0.00437131782217672,0.0027424719547358,0.00131756725026935,0.00725735362190113,0.067465615117407,0.00211857300221518,0.00183949562130273,0.00424251287714021,0.0027384468002034,0.0144932397529628,0,0.0227421231080097,0.00346968320692112
0.0594307526030567,7.61127686780734e-05,7.04043110272179e-05,0.0214447725750472,0.000129391706752725,0.000350118735919138,0.000140808622054436,0.000865782743713085,0,0.107598718260975,0.00371049747305608,0.00027971442489192,0.00167828654935152,0.00515283443950557,0.00749901053400719,0.000823920720940145,0.00120067892589661,0.000213115752298606,0.000506149911709188,7.04043110272179e-05,0.00361155087377458,0.00103323083480485,0.00920774219082993,0.00495684406015953,0.0012996255251781,0.00771022346708884,0.00280285270657005,0.00055942884978384,2.2833830603422e-05,0.00107128721914388,0.000216921390732509,0.00332422517201486,0.000939992693174207,0.0004661907081532,4.56676612068441e-05,0.00242228886317969,0.00127679169457468,2.85422882542775e-05,0.00492830177190525,0.000218824209949461,0.000285422882542775,0.000156031175790051,0.000182670644827376,0.000416717408512452,0.00113978871095415,0.000629833160811058,0.000178865006393473,0.00417859100042623,0.00194658405894173,0.00254787493149851,0.000426231504597211,0.0376149302807039,0.00338130974852341,0.000920964501004689,0.000159836814223954,0.0238080740425014,0.00764933325214638,0.0119573159593253,0.00396547524812763,8.56268647628326e-05,0.0929622328441819,0.000117974791451014,0.000667889545150094,0.137316948791329,9.51409608475918e-05,0.00244131705534921,0.00022833830603422,0.00018647628326128,0.100704804237959,0.00149751872374109,0.000818212263289289,0.000272103148024112,0.000391980758692078,0.000886713755099555,0.000188379102478232,0.00182670644827376,0.000275908786458016,0.000506149911709188,0.000215018571515557,0.00593679595688973,0.00250220727029166,0.00761127686780734,0.0015051300006089,0.00022833830603422,0.000197893198562991,0.00120258174511356,0.0224894203251537,0.0587210010351336,0.000390077939475126,0.000365341289654752,0,0.0145832064787189,0.000106557876149303,9.70437800645436e-05,0.000724974121658649,0.00835908482006941,0.00386843146806308,0.00528412896547525,0.00522133593131584,0.00117403945685928,0.0012958198867442,0.143485888692687,0.000156031175790051,0.000915256043353833,0.00406632466662607,0.0029512726054923,0.000534692199963466,0.000521372465444803,0.00183051208670767,7.42099494611216e-05,0.000104655056932351,0.000618416245509347,0.000142711441271388,0.000268297509590209,0.00184954027887718
6.74516251117414e-05,3.14949222311633e-05,1.6272376486101e-05,7.11260327053771e-05,0.000178996141347111,3.38570413985005e-05,3.56942451953184e-05,7.89997632631679e-05,0.015736700350486,0.00276525417189614,0.000220989370988662,0.129409223497942,0,0.000233062424510608,0.000470586629670631,0.115069847863778,3.41194990837602e-06,0.00767872449764287,0.00032570998740728,2.59833108407097e-05,3.64816182510975e-05,0.00110415948188753,7.87373055779082e-05,0.000121255450589979,6.82389981675204e-06,0.00124142485127835,0.000277417773319497,0.000228600643861193,1.25979688924653e-05,8.16243401157648e-05,1.36477996335041e-05,4.48802641794077e-05,0.000712835073165329,0.00019736817931529,0.0570079088998876,0.00137291615159346,5.32789101077179e-05,0,0.00979702047537386,1.96843263944771e-05,1.49600880598026e-05,0.00013726536939082,5.4066283163497e-05,3.49068721395393e-05,3.22822952869424e-05,0.00403292479170046,0.0011466776268996,0.000939860970914964,0.00151726787848629,0.0146519627373077,9.6059512805048e-05,9.44847666934898e-06,0.000710735411683251,0.000151700542080103,0.00030917515323592,0.00010314587030706,0.000227813270805414,3.80563643626556e-05,4.25181450120704e-05,9.86840896576449e-05,0.000126767061980432,0.00390379561055269,0.000241461070438919,0.000245135478032554,0,0.000213378098116131,0.00826899183179192,1.12856804661668e-05,1.78471225976592e-05,0.000161149018749452,0.000173746987641917,0.0375983757018775,0.000493945363658744,3.14949222311633e-06,0.000478722817913682,0.00019736817931529,0.000373739743809804,0.0104626131651924,0.00555045512787201,0.000213378098116131,0.00144351726892832,7.11260327053771e-05,0.000141202234669715,0.000596041403224765,0.000166923087825165,6.82389981675204e-06,5.59034869603148e-05,0.000112594346976409,1.25979688924653e-05,0.00138551412048592,0.0054189638275569,0.00251696920164047,8.18867978010245e-05,0.00335263447150733,0.00443264784635097,0.0124326205507517,0.000198155552371069,1.10232227809072e-05,0,0.0942425182499951,0.00286682529609164,0,0.406361659341473,0.000661918282224948,1.41727150040235e-05,0.00231435186861998,0.00078894780189064,4.85546717730434e-05,0.000343557110004939,0.000835927727552126,0.0138149851790145,0.00109891032818234,0,0.00145821489930286,0.00476544419126026
0.000234556774429541,0.000462325732235718,0.000120672295526452,0.000543779531716073,0.0222497086895366,0.000724787975005751,0.000566028486203763,0.00110471715545231,0.000313747968368775,0.00588861947122909,0.00525697542433281,0.0011260233576312,0.000148577763866944,0.0013503984071257,0.0034947828087231,0.0028542768901241,0.000244172847979305,0.000626364633966989,0.00526244338772386,0.000845837371455723,5.63765880662642e-05,0.136165486969278,0.000121803598297012,0.00878117210509049,0.000477598319638285,0.00437927302483964,0.000526621439695906,0.00114959216535121,0.000895991794283904,0.00311428797689126,0.000221735343029855,0.000200806241774486,0.000505880888902297,0.00104739781507725,0.00141318571089181,0.00473714180126027,0.000283202793563641,3.22421289609738e-05,0.290331697972328,0.000426124043577783,0.000266798903390514,0.00327304746569324,0.000637300560749073,0.000180631342366157,0.000235688077200101,0.00402724931273357,0.000158948039263748,0.0228936085164473,0.0207424362982265,0.011857561439168,0.00111489888038736,4.54406612841795e-05,0.00518174379009054,0.00104438100768909,0.0259977147684035,9.97431942710828e-05,0.00121652757927604,7.95682948627541e-05,0.000544345183101353,0.00186250146126608,0.000284522646795962,0.000245115600288105,9.37095794947602e-05,0.000807184526794906,0.00016309614942247,0.00150255862976608,0.000161022094343109,0.000470999053476682,0.000413868263563378,0.000152537323563905,0.000670862542942368,0.000197412333462805,0.00859695830395089,0.000335808372394704,0.00049041975103797,0.000131796772770297,0.000638808964443154,0.000192510021457043,0.000253034719682029,0.00197732869247797,0.00323741142842059,0.000244172847979305,0.00488553101466545,0.0039576741923441,0.00218209449394942,0.000159890791572549,0.000598836266550017,0.000616560009955464,0.000371444409667359,0.000234745324891301,0.000231728517503139,0.0143324748002308,0.00139074820594236,0.000446298942986111,0.00207876884090489,0.0304052703625071,0.000406514795554734,7.88140930157138e-05,3.12993766521734e-05,0.000569422394515444,0.00118164574385043,7.90026434774739e-05,0.000800773811095063,0.138197118194742,0.00020910246209193,0.148115815235632,0.00098046240115242,0.00117240677122418,0.000764949223360648,0.000763063718743047,0.000271324114472756,0.00687945214777831,5.09086246752218e-06,0.00270947013549236,0.00388451661318119
0.246196654373024,0.000546993911719939,0.000226846973422316,0.00034209987120946,0.000151841119306873,0.000492111579440347,0.000407958669944971,0.00242031085353003,0,0.0454681828825664,0.0113643016040276,0.00162268762439995,0.00214406978105608,0.00130437009717832,0.00316305175038052,0.00160988174686805,0.00607913300550287,0.000455523357920618,0.0016702523123756,2.37823439878234e-05,0.00425338075166842,0.000479305701908442,0.00151658178199274,0.0209998097412481,0.00282461070132303,0.00250995199625337,0.000521382156656129,0.000267094017094017,0,0.00258129902821684,0.011713719119541,0.0059126565975881,9.51293759512938e-05,0.000192088162978574,0,0.00110862311204777,0.000117082308863131,0.00102081138040042,0.00536749209694415,0.0527510683760684,0.00887813195176209,0.000252458728486126,0.000750058541154432,0.000221358740194357,0.000556140967099871,9.87881981032666e-05,0,0.0142511122819342,0.00104825254654022,0.000345758693361433,0.00138120536236975,0.00448205713616673,0.00285754010069079,0.000804940873434024,0.000433570425008781,0.00179831108769465,0.00125131717597471,0.0463700825430278,0.0367382332279593,0.000314658705069664,0.0392664793349725,0.00012257054209109,0.000501258634820279,0.00350698103266596,0.0138376653787613,0.000545164500643953,2.37823439878234e-05,7.50058541154432e-05,0.00125680540920267,0.000312829293993678,0.00109581723451586,0.000137205830698981,0.000479305701908442,0.00131168774148226,0.000120741131015104,0.00146718768294111,0,0,0.000137205830698981,0.00989345509893455,0.000936658470905046,0.000225017562346329,0.00238555204308629,0.000457352768996605,0.000259776372790071,0.0520888215665613,0.00231786383327479,0.0135870360613511,0.000525040978808102,4.75646879756469e-05,0.000261605783866058,0.00250812258517738,0.000369541037349257,0.000214041095890411,0.000146352886078913,0.00205442863833275,0.00514979217890177,0.0101532314717246,0.00246055789720173,0.000100617609179253,0.000653099754127151,0.00130985833040628,0,0.000614682121531437,0.259392196464114,0.00187880517503805,0.000201235218358506,0.000722617375014635,0.000479305701908442,2.1952932911837e-05,9.69587870272802e-05,0.000484793935136401,0.000109764664559185,0.00034758810443742,0.000590899777543613
0.000915716124649134,0.00115716944081908,0.000169846065828759,0.00114692653114738,0.00613801706208023,0.000721007723526362,0.000856679717995936,0.00125894671601142,0.000320789307445217,0.00721063593942753,0.00551943843527077,0.00463845508614473,0.000382805469639271,0.00138074422374388,0.00362347585504085,0.00571293631070507,0.000329356104625177,0.000976335526433411,0.00631065664872854,0.000978011638925143,0.000225716482219799,0.117139404883223,0.000528068552255973,0.012792463006335,0.000595206169285872,0.00452289644157593,0.000478343881667948,0.00153494657298315,0.000435416778407499,0.00306812391611392,0.000368930982902163,0.000379732596737764,0.00207353738699277,0.00269844799432655,0.00160012872543936,0.00558620358285806,0.000548926841041961,0.000147963486075602,0.197266707489318,0.000335594967788843,0.000472849957389496,0.00319159753633812,0.000604424787990393,0.000252999868890756,0.000250392582792508,0.00584413867186336,0.000328238696297356,0.028263726243899,0.0168846916548966,0.00951678049332833,0.00224282474865762,0.000115465527208148,0.00642453918080561,0.00112793058957443,0.00522863291795541,0.000438396533948355,0.0018437237409043,0.000380384418262326,0.0006854368917574,0.00153122187855708,0.00073218180680457,0.000567084726369049,0.000278141556266724,0.00168449305418983,8.51092676356832e-05,0.00149499922526356,0.000546785141746971,0.000270599050053934,0.000383922877967092,0.000310080810970268,0.000983133093760988,0.000726408530444162,0.00733811360615975,0.00125429084797883,0.000592505765826972,0.000278327790988027,0.00200910017342177,0.0004784369990286,0.000766728347606362,0.00297994177557673,0.00551757608805774,0.000430760910374913,0.00433144714807597,0.00387535831560379,0.00310555709509592,0.000143773204846274,0.000902027872633329,0.000983878032646202,0.000668396414758133,0.000335315615706887,0.000932849719009053,0.0138535353309614,0.00126183335419162,0.000713837686756179,0.00366854465759629,0.0230441257099268,0.000756951024737931,0.000146287373583871,0.000320882424805869,0.00192445649258935,0.00087036797001174,0.000200574794843831,0.00190285326491815,0.0375103732739766,0.00017953027133654,0.360219481343751,0.0020590110787311,0.00121890625093117,0.00100976465890738,0.00125103174035602,0.00049724670588025,0.00814106460705964,4.98177879486767e-05,0.00295340332779099,0.00355568641648639
0.000318112164147973,3.98295296132553e-05,4.14017478874627e-05,0.00155230350940082,0.00128135789347907,0.000270421543163681,0.000232164231824633,0.001296031930705,0.000452274790213675,0.00971368857081166,0.00160366263969159,0.00467839751128329,0.000208580957711521,0.00135525215236682,0.00482513788354265,0.00445199807979741,4.08776751293936e-05,0.00364859454167741,0.0016544976972243,0.000557089341827505,0.000155649609146537,0.0156729199028159,4.2449893403601e-05,0.00141918902885125,0.000149360736049707,0.0053287718040471,0.000596394798682691,0.00391115499347005,0.000369471294438749,0.00220425002043884,0.000122633025388181,0.000139403353646393,0.0387693304236814,0.0101638670699931,0.00221944813042284,0.00963717394813357,0.00135105957030226,7.86109137103722e-06,0.159700691566412,7.96590592265106e-05,0.000124205243662388,0.000830131248781531,0.000613689199698973,6.97016768231967e-05,0.00028299928935734,0.111795200751311,0.000954860565201988,0.00293323522691302,0.00485920261281714,0.00425127821345693,0.000600587380747244,0.000102194187823484,0.0246775380319601,0.00027671041626051,0.00274561717952427,0.000196003211517861,0.00067081313032851,3.93054568551861e-05,0.000656139093102574,0.000589581852827792,0.000927084709024323,0.000795542446748967,0.0049126580341402,0.00113409344846164,0.000198099502550138,0.00199566906272732,0.000909266235249972,0.000357941693761228,0.000427643370584425,0.000319160309664111,0.000948047619347089,0.00118702479702662,0.00174463821161219,0.000200719866340484,0.00410244155016529,0.00255695098661937,0.00669398133881723,0.000696492695473898,0.000568094869746957,0.00154129798148137,0.101734576014657,0.000283523362115409,0.000444413698842638,0.00249982705598984,0.0353225038938606,5.18832030488457e-05,0.0010633436261223,0.00113461752121971,6.18405854521595e-05,0.00164191995103064,0.000247362341808638,0.00321623451627036,0.000445461844358776,0.000254699360421606,0.0015847960204011,0.015946485882528,0.000210677248743798,0.000242645686986016,3.35406565164255e-05,0.00109688428263873,0.0254494972045959,6.02683671779521e-05,0.00113147308467129,0.00267486735718493,0.000230067940792356,0.0109353021698708,0.211874754995986,0.000693872331683552,0.000790301719168276,0.000937566164185706,0.000788205428135999,0.022577578490377,0,0.0717209291600371,0.00286982242318666
0.000696664057985855,0.000339494208484795,0.000157861759421117,0.000301095402139118,0.00584941816665813,0.041094036848226,0.0444682557677445,0.00304264827424793,0,0.00305788589581368,0.00176939261621429,0.00171209915912709,0.000241363925601398,0.00097764579965819,0.00504304323339892,0.000299266887551229,0.000136529089229074,0.000461395181010754,0.0523144118643778,0.0743650787845985,5.72934570872006e-05,0.00863485538887629,3.16942528567493e-05,0.00636201175612979,0.000717387223315268,0.00188337002552606,0.000658265251640178,0.00059182922161353,0.00765964760866862,0.00234293669194893,0.00062108545501976,0.000388864102357809,0.000174318390712121,0.000380331034280991,0.000636932581448135,0.000836850176390707,7.13120689276859e-05,0.000158471264283746,0.0684376439955238,0.000170661361536342,0.000551601900679964,0.00922912262994034,0.00516494420592487,0.000170051856673713,0.000454690627521826,0.00235146976002575,7.31405835155753e-05,0.0585648842306464,0.188135865947939,0.000362655393264727,0.00428969522318849,1.82851458788938e-05,0.003449188017622,0.000955703624603517,0.0082094209947607,3.04752431314897e-05,1.82851458788938e-05,0.000402882714198294,0.000492479929004874,0.00444268094370857,0.000438843501093452,6.2169495988239e-05,9.08162245318393e-05,0.00044250053026923,9.14257293944691e-06,0.0007691951366388,0.000196260565766794,0.000318771043155382,0.000172489876124232,0.000139576613542223,0.00138418554303226,0.000351074800874761,0.0365544446313593,0.000449814588620788,0.000251725508266105,0.000182851458788938,0.00038581657804466,0.000138967108679593,1.52376215657449e-05,0.0066466505269779,0.00148475384536618,0.000215155216508317,0.00377344460454105,0.0121626695337775,0.00094595154680144,4.57128646972346e-05,0.000241363925601398,0.000283419761122854,0.000906333730730504,0.00014871918648167,0.000345589257111093,0.00053270724993844,0.0102549193137463,6.46075154387582e-05,8.10641467297626e-05,0.00145549761195995,0.000940466003037772,1.70661361536342e-05,0,8.41116710429116e-05,0.00050284151166958,0.00014750017675641,0.000127386516289627,0.00380574836226043,0.000191994031728385,0.0165169722724048,0.000825879088863371,0.266166506976393,0.000464442705323903,4.20558355214558e-05,0.000107882360685474,0.00206317396000185,0,0.00100812104278968,0.000534535764526329
0.000772497155167055,3.83815941335625e-05,4.29765737129327e-05,0.00438739461954921,0.000152445204868516,3.24351499720247e-06,1.37849387381105e-05,0.000448145655446808,0.000139471144879706,0.0141465906602986,0.000632215131538048,0.000738440247696429,0.000142444366960475,0.00758090542721147,0.00559668512767286,0.00322432420013569,2.94619278912558e-05,9.35213490860045e-05,0.000506258632480019,5.05447753730718e-05,0.000101359843662577,0.00119415410480338,0.000423819292967789,0.00341028572664196,0.000445713019198906,0.00361489746438215,0.00118577502439394,0.00362543888812306,3.97330587157302e-05,0.000364625144268844,0.000273806724347175,0.000289754006416754,0.00239722787584906,6.2167370779714e-05,0.000100548964913277,0.0781968218958886,0.00689382083363741,0,0.00893372147396133,0.000100278671996843,5.10853612059389e-05,0.00010541423740908,0.000115685368233555,5.27071187045401e-05,0.000172987466517465,0.000414359040892615,0.000420575777970587,0.00493662982574216,0.00133254407801735,0.016888171711684,0.000713843592300977,0.000706275390640838,0.00231586970800256,0.000783308871824396,0.00042544105046639,0.000649513878189794,0.0551700277590825,0.00022380253480697,0.000383545648419192,3.97330587157302e-05,0.00110198422029954,0.000580318891582808,0.000506799218312886,0.0031937811005787,1.0541423740908e-05,0.00213828726190573,7.16276228548878e-05,0.000395168243825834,0.00308377188359025,0.0122891377385673,0.0013555189759142,0.000741413469777198,0.000410845232978979,9.46025207517387e-05,0.000128659428222365,0.00125199678892015,0.000140822609461874,0.000277861118093678,0.000988731488313886,0.000772497155167055,0.00543234703448127,0.0036773351280783,0.00109144279655863,0.000178663617762569,0.00169743951520263,5.35179974538407e-05,0.00373815103427585,0.0009630536612527,0.000304079530987731,0.000576534790752739,6.568117869335e-05,0.39557098027132,1.72987466517465e-05,0.000731412631869157,0.00336082212293462,0.146393346469569,0.000715465349799578,0.000192178263584246,4.811213912517e-05,0.00114333903651387,0.000734115561033492,0.000274347310180042,0.000215423454397531,0.00107873902948625,9.51431065846057e-05,0.00281780365381964,0.000541396711616379,5.62209266181761e-05,0.1371979814525,0.00280591076549657,0.00041165611172828,0.000547343155777917,0,0.000228127221469907,0.021215020717952
0.000158357475638903,2.06880312592391e-05,1.01559426181719e-05,0.00117846548973084,0.00063907209289904,7.86145187851085e-05,1.4669694892915e-05,0.000313329637071748,0.00138421736425454,0.00447726611052223,0.000144816218814674,0.00361325869593183,1.91834471676581e-05,0.00111075920560969,0.00246939864030736,0.0105324647870901,4.36329386558497e-05,0.000769970908866589,8.42567091285374e-05,5.07797130908596e-05,0,0.000745897563401293,4.96512750221738e-05,0.000300916818316205,0,0.0026879394796095,0.000182806967127095,0.0142461544711349,0,0.000160238205753379,1.35412568242292e-05,2.44494914881916e-05,0.00268643489551792,0.000171898732463132,0.00222114226519649,0.0458868056250381,0.00173741847975319,4.88989829763833e-06,0.00714338912080381,9.77979659527666e-06,3.31008500147825e-05,0.000259916901820622,0.000226063759760049,1.05320886410672e-05,9.32842136780235e-05,0.000925695362345225,0.0153610512829965,0.00102010801409193,0.000531118184328102,0.211137909425542,0.000176412484737875,0,0.00218992214529618,0.000124128187555435,0.000536384228648635,0.000269320552393003,0.00108104366980097,0.000244494914881916,4.4009084678745e-05,4.7018252861907e-05,0.000244871060904812,0.00933556814223736,0.000850842303789069,0.000382916651307371,0,0.000907264207223358,0.000107953908570939,0.000654494079837746,8.35044170827469e-05,0.000552934653656027,0.00044009084678745,0.00151737305635946,0.000208008750661077,0,0.000340788296743102,0.0010468143817175,0.000163247373936541,0.00107991523173228,0.00420719326608344,0.000265559092164051,0.00992235593795396,0.0003012929643391,0.000184687697241571,0.000319347973438072,0.00196122536337587,1.69265710302865e-05,0.000191458325653685,0.000233210534195059,0,0.00639786770342541,6.92108682127271e-05,0.0139399716084982,2.44494914881916e-05,0.0124004059367879,0.187415132053584,0.130280055759886,0.000236971994424011,4.09999164955829e-05,0,0.00377801065395995,0.00180738164001171,0,0.00106186022263331,0.0012845386681873,4.51375227474307e-05,0.00383217568125687,0.000729347138393902,9.62933818611856e-05,0.00369224936073983,0.234242302735861,0.00371669885222803,0.000854979910040917,0,0.00015459601540995,0.0186812922270929
2.93333188477438e-05,3.04197380643269e-05,2.60740611979945e-05,0.000139061659722637,0.000155357947971384,3.25925764974931e-05,2.71604804145776e-05,4.88888647462396e-05,0.0224877913640536,0.000560592315756881,0.000141234498155803,0.288247660124612,4.67160263130734e-05,0.000677925591147856,0.00137975240506054,0.0930213861622785,2.60740611979945e-05,0.0190786078624159,0.000438913363499574,0.000323752926541765,1.30370305989972e-05,0.00189362869450435,8.69135373266482e-05,0.000121678952257308,8.69135373266482e-05,0.00105708589773536,7.27900875110679e-05,0.00122222161865599,0,0.000304197380643269,7.60493451608172e-05,5.97530569120707e-05,0.00152533258008268,9.56048910593131e-05,0.0238306055157504,0.00358518341472424,0.000722468779027764,4.12839302301579e-05,0.0136725858406984,0,4.2370349446741e-05,0.0014145178199912,0.000128197467556806,2.82468996311607e-05,4.2370349446741e-05,0.00635120674014482,0.0144222151001407,0.000749629259442341,0.00105599947851878,0.0351532665909795,0.000687703364097104,0,0.00139170301644295,0.000331357861057846,0.000574715765572461,0.00012602462912364,0.000812641574004161,1.41234498155803e-05,0.000103209825575395,5.64937992623214e-05,0.000104296244791978,0.0370305989972351,0.000559505896540298,0.000319407249675432,0,0.000355259083822675,0.00485194822126014,0.00011190117930806,2.93333188477438e-05,0.000511703451010641,0.000165135720920632,0.00894666224856185,0.000551900962024216,7.82221835939834e-05,0.000747456421009175,0.000384592402670419,0.000493234324328729,0.00311910957081009,0.00480088651808073,0.00026617270806286,0.00183061637994253,0.000268345546496026,0.000190123362902043,0.000333530699491013,0.000365036856771923,0,0.000195555458984959,6.51851529949862e-05,0,0.0215100140691289,0.0110380192404843,0.00687594722175446,0.000372641791288004,0.00316147992025683,0.0446083730329022,0.024073963420265,0.000129283886773389,1.30370305989972e-05,0,0.0344775138382648,0.00350370197348051,2.82468996311607e-05,0.0515288634425366,0.000776789739856919,2.60740611979945e-05,0.00574389839807487,0.00129935738303339,0.000605135503636788,0.0014210363352907,0.00446735581858972,0.168997941235585,0.00197728297418125,0,0.00233145563878734,0.0054842442053115
0.000238538531294494,7.19435605950475e-05,6.96091087763292e-05,0.000438028050348608,0.00357871463809524,0.000586159629390918,0.00025976082055557,0.00181747685231855,8.06446991920887e-06,0.00212265337189282,0.000503180478380111,0.00102312656527647,4.90234881930855e-05,0.000660862087589906,0.00689108954596398,0.000387306779014636,7.78858015881488e-05,0.000745114575956377,0.00276738651964431,0.0017988012377688,0.00018442169367875,0.0597961344449002,8.08569220846994e-05,0.00143823454322312,0.000171263874336883,0.00186161921398158,0.00024575410964326,0.0011814448431641,0.00144163010950489,0.0137367633929093,7.66124642324842e-05,6.70624340650001e-05,0.000613960828322928,0.0085423958733683,0.000482807080689478,0.00237180304781785,0.000325974363050127,0,0.504324571994176,9.59247474600634e-05,0.000112053687298481,0.00256598699455669,0.00389620008544094,0.000109931458372373,0.000127545958459067,0.0101484987246465,0.000166170524914225,0.00560416992517233,0.00869710636208154,0.0009861997819622,0.00056154177384807,7.64002413398735e-06,0.0338158079314911,0.000216679573355586,0.00694754083539844,0.000146646018794035,0.000133488199452168,0.000258275260307295,0.000244905218072817,0.00064261091882538,0.000236628525260997,6.43035364610602e-05,0.000228139609556567,0.000429114688858956,2.7376753146788e-05,0.00133657977766256,0.000135185982593054,0.000174022771940823,6.15446388571203e-05,0.000129455964492563,0.000806659214813497,0.000134973759700443,0.00496389345816567,0.000101654765560554,0.000983653107250871,0.000220075139637358,0.00355091343916323,9.04069522521836e-05,0.000130304856063006,0.00138178325378866,0.00478965846333223,4.15956869517089e-05,0.000859502715073577,0.00937919073893252,0.00420052771344477,0,0.000415956869517089,0.000239175199972326,9.12558438226267e-05,0.000129880410277785,6.32424219980064e-05,0.0016627663636053,0.00124765838565866,7.0670223239383e-05,0.000481745966226424,0.00341381745053668,0.000334038832969336,4.39301387704272e-05,7.85224702659811e-06,0.000210312886577263,0.00173831771337473,3.18334338916139e-05,0.000443333622663877,0.0119695833661395,0,0.0243035534388916,0.00430260692479054,0.000873721648878498,0.000126484843996013,0.000411500188772263,6.13324159645095e-05,0.195824641921619,0,0.0195875363192953,0.00093314405880951
0.000857718913258998,0.0310783865973065,0.00327492675971617,0,0,0,0.000556960333285063,0.000579238746616466,0,0.00300758579973934,0.152529156873447,0,0.00368707740634712,0.000401011439965246,0.00154834972653248,0,0.000902275739921803,0,0.00208303164648614,0,0,0.000278480166642532,0.000334176199971038,0.0226571463580364,0.00343087565303599,0.00190480433983492,0,0,0,0.00138126162654696,0.00988047631247702,0.0207634812248672,0.010181234892451,0,0,0.00128100876655565,0.000412150646630947,0.113530794336827,0.00383188709300124,0.00460049235293462,0.0650752453410268,0.00139240083321266,0,0.00326378755305047,0,0.000423289853296648,0,0.0244171410112172,0.000556960333285063,0.000144809686654116,0.00137012241988126,0.000144809686654116,0.00184910830650641,0.00183796909984071,0,0,0.000167088099985519,0.00274024483976251,0.00555846412618493,0.00201619640649193,0.00401011439965246,0,0,0,0.00327492675971617,0.000278480166642532,0,0.000556960333285063,0,0,0.000133670479988415,0.000445568266628051,0,0.307308433493367,0,0.00257315673977699,0,0,0,0.00268454880643401,0.000278480166642532,0,0.021554364898132,0.000278480166642532,0,0.00378733026633843,0.000924554153253205,0.00128100876655565,0.00126986955988994,0.010626803159079,0.000401011439965246,0.000779744466599089,0.000601517159947869,0,0,0,0.000768605259933388,0.000423289853296648,0.000167088099985519,0.000445568266628051,0.000445568266628051,0,0,0.000278480166642532,0.00186024751317211,0.00124759114655854,0.000133670479988415,0.000434429059962349,0.000300758579973934,0,0,0.000133670479988415,0.124246711149232,0.000133670479988415,0
0.000149920331145326,8.82202670638563e-05,8.93027243284435e-05,0.000415663589601483,0.00124915568333362,0.000416204818233776,0.000303629262716708,0.00205883371724484,2.27316025563311e-05,0.00279652834306102,0.000333938066125149,0.00152842965759712,0.000275485373837441,0.001039700202636,0.00487376383380384,0.00030850032040735,3.13912606730286e-05,0.00122425916624812,0.00187535721089731,0.000775039401444431,4.70868910095429e-05,0.0328081972323733,0.00012935364311817,0.000904393044562601,5.68290063908277e-05,0.00249831136666724,0.000508213685723688,0.00103915897400371,0.000633237499783509,0.00514329569268605,0.000156956303365143,3.13912606730286e-05,0.00201066436897071,0.0356095966331249,0.000850270181333241,0.00205937494587714,0.000371824070385701,0,0.312156861047126,1.40719444396335e-05,9.09264102253243e-05,0.00200795822580925,0.00186128526645768,8.87614956961499e-05,7.7936923050278e-05,0.0565816649058695,0.000241387970002944,0.00428707199639758,0.00391957775507023,0.000738235854448466,0.000531486516912312,1.62368589688079e-05,0.0610343528637489,0.00012935364311817,0.00381403817177298,0.000104998354664958,0.000415663589601483,4.54632051126622e-05,0.00012340012816294,0.000415663589601483,0.000143425587557803,0.000230022168724779,0.000706844593775438,0.000213785309755971,6.49474358752316e-06,0.000765297286063146,0.000552053204939469,0.000241387970002944,0.000290639775541662,0.000124482585427527,0.0010229221150349,0.000357752125946068,0.00252591402691422,0.000106080811929545,0.002324576975701,0.000376695128076344,0.0125824832435615,7.03597221981676e-05,0.000200795822580924,0.00169512807634355,0.0126896465127557,8.0643066211746e-05,0.000267908172985331,0.00460910303261227,0.00538197751952753,0,0.000296593290496891,0.000926042189854345,0.000117987841840004,0.000222444967872668,0.000770709572386082,0.0016485824139663,0.00077936923050278,9.14676388576179e-05,0.000931995704809574,0.0130381977519528,0.000484399625902769,6.11588354491765e-05,1.62368589688079e-05,0.000130436100382757,0.00315969275533002,6.65711217721124e-05,0.000420534647292125,0.00426217547931208,6.49474358752316e-06,0.0155787249519389,0.0483890870988413,0.000386437243457628,0.000200254593948631,0.000688442820277455,0.000178605448656887,0.0955328071147751,0,0.209059301338783,0.00157822269176813
0.000868868223276769,4.31046982497126e-05,2.75146243940577e-05,0.000489648956543829,0.000247214028282528,3.6655233172522e-05,0.000109362512136246,9.61851878058711e-05,0.000331103473315338,0.00881567637605021,0.000398057272641856,0.00194514010766895,2.39882981648024e-05,0.000990572877215409,0.00171430493674072,0.00516314478701106,0.000110568886898886,0.000208378040731388,0.000477538809888097,2.37099039888086e-05,3.14121428579714e-05,0.00225387924884611,0.000204062931003483,0.00210331439866278,3.93463768737958e-05,0.00320436336471841,0.000368269095810516,0.0014442625860267,5.70708060787368e-06,0.000179378647398696,1.30845262717104e-05,2.24571301968363e-05,0.000700346948741832,6.82065731184904e-05,0.000729624736250518,0.00832468184765575,0.000599011468680075,4.91829710922448e-06,0.0111688495476675,4.06919487244327e-05,1.5450876767658e-05,5.67460128734107e-05,4.47286642763433e-05,1.15997573330766e-05,4.05527516364358e-05,0.000694686267163291,0.000490994528394466,0.00652509549500224,0.00123439977635668,0.0502419825377253,0.0002138531261926,8.04559168622193e-05,0.000809106273496759,0.000219513807771141,0.000286050015833669,0.000329433108259375,0.00321215840164624,8.6023800382096e-05,0.000152560008444623,0.000122539836466621,0.00019232397658241,0.00113464186329222,0.000140542659847556,0.00165556376560602,1.80956214395995e-06,0.000788876296707873,0.000153395190972605,0.000288741159534943,0.000248559600133165,0.000353978194776165,0.000471321339957568,0.000901997130220036,0.000448261022379412,0.000159612660903134,0.000124395797639913,0.000292638677998856,8.47710265901237e-05,0.000491087326453131,0.00120841631993059,0.000457912020480532,0.00303533170086082,0.000493360878890414,0.000678585803984981,0.000210002006758019,0.00100955008021232,9.88299324778126e-06,0.000701135732240482,0.000478281194357414,7.4656038195681e-05,0.000647544853361668,0.000224478503909698,0.0707286851559066,1.6054064148978e-05,0.00161060310618302,0.00622772411601149,0.446091078974628,0.000181095411483992,4.39862798070264e-05,1.24349398610581e-05,0.00198555366221739,0.000456288054453901,6.69074002971858e-05,0.00121407700150913,0.000710461937136275,4.84869856522602e-05,0.00230890849763423,0.000340012086947141,8.56062091181053e-05,0.00235781307455048,0.00156722001375731,0.000584906163763054,0.000532846452852206,0,0.00011506959274412,0.327057988346884
