0.159640772873037,0.0606613671651831,0.00351915486135173,0.00658557190051548,0.00614836837271792,4.25134653524936e-05,0.00625245260555464,4.21352081038536e-05,0.0355328845271691,0.00421147366041838,0.0141526397364275,0.000146539473631641,0.00623917728719851,0.00346961639620269,0.000255285891154654,0.000482510143496056,6.18908001752936e-05,0.180350492548481,0.026823437841157,0.002075139048646,0.00497601912109506,0.000232311030444155,0.000566405389859588,0.00046796575129978,0.00148014731495684,8.08898777494536e-05,0.0700899811775784,0.000150298269338534,0.00297843901729371,0.0152418890464091,0.0613353931461349,0.000129786162769814,0.0276184395020564,0.000961220611414515,2.12567326762468e-05,0.000530757455470389,0,0.00322311000087188,0.00161804180194086,0.00116772726280913,0.000175780108749686,0.00143201183354139,0.002098203149151,0.000335104709388942,6.15125429266536e-05,0.000255337714995655,0.00230372362268999,0.0269324267360219,0.016763132469611,0.0002131506830508,2.27578732810536e-05,0.00159902253387104,8.27692756029004e-05,2.12567326762468e-05,0.00761245483708039,0.00379448229345314,0.000258666429612907,0.0116939410102295,0.000162158012747547,0.00230197109707936,0.000236826340648328,0.0307461885274625,4.06340674990468e-05,0.000158399217040654,0.000369831772057202,0.00304940361761337,0,0.000522971052786155,0.0762803516234955,0.0079307666264673,0.0248482310405245,0.000245703770573352,0.0250274716496255,0.00277817175617641,0.000255080792114962,4.25134653524936e-05,0.00518491577181974,3.87546696456e-05,0.000252066622515595,0.00277520249827167,0.000545828868236332,0.0155503596430738,0,2.27578732810536e-05,0.000472642331323148,0.0148394136480659,0.0001021466104257
0.00186674576730705,0.435080910774583,0.000276635668633512,0.000758723280428652,0.00135547130526292,2.59930745895775e-05,0.00159416445210738,0.000179964433983944,0.00136030800402695,0.00316798585811403,0.00102863138491828,9.42818751210579e-05,0.0110149248073383,0.000460160305594064,3.61939504115204e-05,0.00017551517185455,0.000111132346765816,0.00367064318227721,0.0246592907184827,0.000146728117917184,0.00110120466820277,7.93196213322131e-05,0.000349513853587568,0.00048165067749202,0.00143601178583117,5.76261755348659e-05,0.233129323767996,7.40867698648785e-05,0.000288832879454388,0.0141633196949589,0.00173287627351129,2.59973898306866e-05,0.00227926634540589,0.000395644825125195,1.09531927403382e-05,0.000164959097678915,2.27415213098153e-05,0.000572331820859992,0.000210262568137046,0.000304275126082155,2.95101194468192e-06,0.000239177465585281,0.000506096278177979,3.16575092843937e-05,4.76904321843952e-05,0.000130827791163209,0.00027866369521325,0.00313584535357037,0.00104817453226802,0.000283699964879312,2.67428915416032e-05,0.000675257878620978,0.000155079338230325,1.35874665664647e-05,0.00255080135519623,0.000651700664659943,0.000220851953780265,0.00327295487397428,1.98054451331652e-05,0.000115169858917555,6.84886185485731e-05,0.153243882730237,1.00540154624537e-05,0.000100765665442237,0.000105337223367735,0.00120194593287789,4.60604795003319e-05,0.000124602858563563,0.00545164353128318,0.00631654198426233,0.0177077078407812,7.02846101518735e-05,0.0050641376972064,0.000791208819729233,6.04366462076289e-05,4.39450014198043e-05,0.000276580311518545,1.09868850787955e-05,0.000178004028861108,0.000115650358081084,9.83978760981031e-05,0.0363782531690023,0.000113589155640047,1.86655179570409e-05,0.000597200714656185,0.0144136745518277,4.06154806922686e-05
0.00215048551003841,0.00936984746082147,0.446325735215804,0.0162345904355334,0.00556292845799172,0.000494816574288118,0.00144118315584503,0.00030175105303864,0.0013299436250895,0.00245092003802463,0.00802740371563368,0.000793522179242069,0.00117850555022181,0.113754528441649,0.00585523635009029,0.000351909888320263,0.000607465630385745,0.013670204377201,0.0067214453468787,0.000411703403710865,0.0126259935925339,0.000199373163632636,0.000190096139759948,0.000659539502299819,0.000492131461231937,0.00147518790564842,0.027501253949648,5.72754534826402e-05,0.0385579405951917,0.00140660171462211,0.00355888972307067,0.000205393062092439,0.000295731154578837,0.00305597978147177,0.000349923853978235,0.000702795786801988,0.00020754187539489,0.000886843924379434,0.00179142531180611,0.000135156259976412,2.9805513590872e-05,0.00160190243595997,0.00159272166856688,0.0148594400491461,0.00242215827150501,0.00024107554322865,0.000983379473446435,0.00107374772306576,0.0124012578149389,0.000371056903279419,8.14552341507647e-05,0.00066822329682969,0.000810839624325399,0.00486578286618471,0.00284537309137536,0.101354587054208,0.00484491232345134,0.000378567376904166,0.000196574677982744,0.0127178179289094,0.000882588383959819,0.0100311585505297,0.00099952108419976,0.000236295295424526,0.000380826087310322,0.00211933038444473,0.000153743341532547,0.00569878336323745,0.00742904311678054,0.00123382143170525,0.00652721104935161,0.000272932362085277,0.0193083133057144,0.00109391058441443,0.000771786275981176,0.000658764356990507,0.00863512426948364,0.000223585978111519,6.06755098099895e-05,0.0195550517859473,0.000105492880602214,0.00253264285278412,0.000140111675807969,0.00386906757750559,0.000640921777026293,0.0101229468427743,0.000586470384025353
0.00154497910597498,0.0116463752560506,0.0104207934997967,0.513567900209108,0.00704406135932461,6.80260467125185e-05,0.00134820133485495,0.000161285214708621,0.00244148473887905,0.00495679026441623,0.0361038246895903,0.000470348005971227,0.0014024486259459,0.0101201624551259,0.0407806257261566,0.000269786420154768,0.000133526085370766,0.0235702957900967,0.00920160851042396,0.000197989035001174,0.0038926064506598,0,0.000321756373644936,0.000523001769456319,0.000710619977163099,0.000284168603729147,0.0471327097462542,3.6286834908103e-05,0.0479764881248033,0.00172757307230933,0.0226159541004803,7.06542542837626e-05,0.000761591916112041,0.00132106988954037,0.000378542163812091,0.0115289503529082,1.74346254152509e-05,0.000811457191923928,0.00221626604994124,0.000444078190138505,8.09464751422362e-05,0.000775766066867763,0.00151934968849436,0.00344240394883882,0.00181496598941744,0.000131256674411164,0.000995767209622977,0.00207350092801333,0.0140068667067075,0.000188596356372902,0.000106475748071711,0.000495533303718791,0.000177615761138742,0.000864684069677617,0.00357610905280329,0.00467881853595831,0.0139409708910935,0.00115173464499836,0.000134008779937501,0.0215180582573977,0.000357476948690918,0.012555250808644,0.00113593885347472,0.000131173611782298,0.0002526466656104,0.0014479301030372,8.92995031926563e-05,0.00549333883601737,0.021730318993609,0.00309313392220734,0.0119329815278094,0.000166249823196759,0.021799368498287,0.00182660087474146,0.000477802981106758,0.000515488765870876,0.00174719642859818,1.88522094928521e-05,6.17299809921787e-05,0.00378981591719735,0.000226923440552009,0.00577080721507603,3.69956269469037e-05,9.34691927965942e-05,0.000629362420757422,0.0143600472435045,0.000364648456976222
0.00264464882686246,0.0204629040537632,0.00114012488468887,0.00344973027703877,0.208341815155584,0.000219680123478758,0.00155719431017241,0.000529073118547535,0.00148403894441456,0.00280945921957064,0.00479323310485219,0.000528077150031507,0.00235874401184869,0.00215722309030265,0.00019396296496183,0.000138597206680433,0.000169853108304784,0.0231625790753043,0.0107645707587133,3.71247607333408e-05,0.00594625687547355,8.48106666691423e-05,0.000241256307580122,0.000848138139025935,0.00100291330159089,0.000210980794254239,0.0718671427874354,1.233150722108e-05,0.00158484793188576,0.00578159590364803,0.00195789421032239,0.000100199378003713,0.00403778790543844,0.00648025376847081,1.18442950829175e-05,0.000401242246827821,0.000102089897155356,0.000406393467586273,0.000561402057341532,0.000249566268348464,4.10498122582191e-05,0.000712925980652832,0.00557908301348491,0.000150057174275711,3.63288229910466e-05,0.000329360994297793,0.00621728917896744,0.0218438394448604,0.0392956450928445,0.000271311973983791,9.41138984452636e-05,0.000611585122529964,0.000319176366453623,4.86603302121266e-05,0.00399606877394618,0.00326069193160541,0.000437479809742951,0.00232381077636119,0.000400008918660248,0.000582339168020082,0.000829917305352033,0.0174457902825658,1.92280790388639e-05,0.000394058036333663,0.000587382888859993,0.000883974437052028,5.93034670207578e-05,0.000188126958552902,0.00793165727393154,0.0051569308902747,0.0717287821817324,0.000623309260479858,0.3634395172328,0.000882975893258594,0.000450120771738361,0.000442369660919022,0.00377983844950985,5.40952656154228e-05,0.000224922798196532,0.00114364835099561,0.000152650828456203,0.00489146551041972,0.000127602137772279,7.06123025015825e-05,0.000450597855576023,0.0422044562787399,0.000454257162497331
0.00195449542929548,0.00854458180879885,0.0228129147183331,0.0052913194988554,0.0053337652199204,0.184520863625978,0.00773494713902622,0.00216049868414633,0.00396593756790914,0.00909566113362884,0.000833488910680048,0.0309365285499053,0.00135769391564087,0.0306766373493642,0.00010777259906861,0,0.000570981350937511,0.0110208712418155,0.0234200742571138,0.00919529061047683,0.0399028082003498,0,0.000987413756829727,0.0028380888018565,0.00130137562637782,0.0143183276962713,0.0518509286662249,0,0.00175279810701624,0.000231199318672326,0,0.000215545198137221,0.00242706010882212,0.0418474005608852,0,0,0.0380905116364372,0,0.000473374794050888,0.000730394275440307,0.00160108322530405,0.0122681739357219,0.00832564182543911,0.000781848585245862,0.000226521354843457,0.000370280158811148,0.00418946785729045,0.00145062250869863,0.00127942331296535,0.00311211657286512,0.000344459996094055,0.000762106236270888,0.000775550392368496,0.000113260677421728,0.0165934101557289,0.0257676019846821,0.000453042709686913,0.00268353985681121,0.00376868918800449,0.000765384350186509,0.0174389847322629,0.010500607134332,0.000123426719603716,0.00165968349832985,0.00289450277393738,0.00371556999716879,0.00227178541474786,0.000123426719603716,0.00831681328501166,0.0137005942801582,0.00199830169829909,0.00119279291278496,0.0471791691993403,0.00222311516628675,0.0912768849795009,0.0405345010193902,0.00349624028637473,0.0490094847926595,0.000123426719603716,0.00141463630379955,0.00174263206483425,0.0067390455960622,0.000493706878414863,0.0171504339556646,0.000215545198137221,0.0204384587592864,0.0118924546716988
0.000556768539522221,0.0151141755763447,0.000378935738170596,0.00102817706097559,0.0011621924139097,7.22796324874693e-05,0.406212843212521,0.019825442697766,0.000548541880099011,0.01248515845927,0.00105055912155377,0.000714336737829308,0.00262215729938464,0.000553055108040939,3.55824940541064e-05,0.000150328489770063,0.00318602734859652,0.00474148655148204,0.0498299388474747,0.00331320516261839,0.00171701740717448,0.0143180110766142,0.00074258249999963,0.00637267918918698,0.00288168704607,1.12570753032275e-05,0.0894299689691557,0.000406440884513791,0.000601675191734307,0.00130098345041192,0.000756091867414767,0.00128244612157328,0.000346280411261494,0.00387609277311887,2.33233143692349e-05,4.16558138977358e-06,0.000266636883672363,0.000237727234708367,0.000165636094991813,0.0316785158218306,0.000166279013341739,0.00224824226089304,0.0101552887045293,2.28481854003364e-05,1.15911100971088e-05,0.0121890816237631,0.00260991928973814,0.00117213222234326,0.00131720346317371,0.00430410199591828,0.000520502239663021,0.0871689087178848,0.00186375421572618,1.06854760248969e-05,0.0241714612122539,0.000943472449340266,0.000151075574411105,0.00100724310310784,0.000458500116599232,0.000317248355937957,0.000415011811408773,0.0255849823956389,0,0.00357619045899569,0.00169364442033601,0.0150610749444808,0.000482176986542272,6.80175807882637e-05,0.00375222641219882,0.0315659093675864,0.0032308798403956,0.0051047418528662,0.00855264179435903,0.0151841861553636,0.000142206888103899,0.000291772516052155,0.00038202572033533,0,0.000661794732539829,0.000206339139478113,0.0209617970568191,0.0135505292776472,0.00796758781075089,1.21627093754394e-05,0.00262434570651335,0.00740311141064435,0.0007146924142678
0.000171390412832328,0.0078263893437736,0.000304301842014752,0.000575637012351664,0.00155528493230423,0.000149899746451616,0.137638882100855,0.351622542570344,0.000397491103910875,0.0103752459024869,0.00153914653507279,0.00306420639068791,0.00215847495880021,0.00165422334568029,0,6.89144746874635e-05,0.0145700464999402,0.00373026911273574,0.0175728997756284,0.00134018411166567,0.00231396319038538,0.00597168877193141,0.000788697763249227,0.00524381052902168,0.00105859140824216,8.21764695990823e-05,0.0517036403200264,0.000655044520779253,0.000463681331336584,0.000442190664955872,0.000915753464320759,0.00312454340322359,0.000154521842695521,0.0107264323502611,0,0,0.000945657315425439,8.28831207463025e-05,0.000348594119743491,0.00962275447502082,0.00039508005293279,0.0123187251942686,0.0314560836633,0,1.34975452940255e-05,0.0184838277755559,0.0101027539887752,0.00038719712720908,0.00133051348259391,0.00261805902862041,0.000842935659255761,0.061816241877038,0.00414959497241863,2.1195242432113e-05,0.0117524292500797,0.00207399811557358,1.34975452940255e-05,0.000568101546106895,0.000805883473552068,0.000117104807707628,0.000516335856119509,0.0105959761542501,0,0.0337849947186838,0.013178958515002,0.00762363096610721,0.00140740373829167,0.000107744811969797,0.0023960986489633,0.0215422074109409,0.00266075201806006,0.0168644275569846,0.0196060393923317,0.00627967426892849,0.000265710998997188,0.000733737964631864,0.00102094918177917,1.05976212160565e-05,0.000375144102467462,0.000580832566687508,0.00566147323323804,0.00663443351837081,0.0255837136885645,2.38596161276753e-05,0.00214610944545507,0.00725110305388018,0.00292131537075507
0.00818693724189963,0.0163192761666948,0.00106800094763331,0.00490534243329004,0.00138341311738845,0,0.0010847871244972,0.000234031961366154,0.381062093553011,0.00176671646615075,0.00215331954263319,0.000127760989739314,0.0175838148554782,0.00074116033747382,0.00193074623213967,0.00129472624065532,7.02890549727325e-05,0.00686040432178548,0.00810445173323533,0.000161129569706255,0.00152344656509299,0.00109812196839134,0.000494593236895595,0.000630168648974002,0.000605953114529068,4.91935140666558e-05,0.0326319474876368,4.29923823389552e-05,0.00102173377264816,0.00434978252428331,0.0134670414710056,5.43922232976215e-05,0.00405809571745769,0.000656000125821235,7.25930254498218e-06,0.00192988857617748,0.000167952007587394,0.00954589972395635,0.000778329668854151,0.000430211216378812,8.59847646779104e-06,0.000211248827664854,0.00017222142130458,0.000185635517536798,2.39767865325462e-05,0.000468178424591878,0.000140059588335109,0.00239764511015949,0.00111310611998499,0.000666639843817391,0.000143559815732472,0.000201129756181007,8.19672429094838e-05,0,0.00159599670655216,0.000968608975308396,0.000150640552792241,0.030056623995465,0.000113419722895271,0.000907368405503669,0.000162958852264722,0.022278154130125,2.39767865325462e-05,8.70065389602965e-05,8.37706168419851e-05,0.00170593760935312,6.01485068012809e-05,0.000480776898891778,0.380646536956696,0.00232013470599259,0.00163006678820689,0.000123644235049642,0.00428902338137197,0.000672721692656125,0.000136981652677067,6.54315291062017e-05,0.000882862756894014,0,0.000136497751790689,0.000405884185292785,5.52128756100745e-05,0.0126030947365788,1.6717483987564e-05,0,0.000707663927308216,0.00221364789202912,2.31170815577554e-05
0.000720486177392339,0.014256639196174,0.000294976271566486,0.00114582580571478,0.000987967587498487,0.00014014492170329,0.00726751945234199,0.00104088387564661,0.00107973534569149,0.306644030682015,0.00147716077521998,0.00023050375834129,0.00178885175988779,0.00123983165397732,5.92151085885809e-05,0.000246091988166184,0.000411870359365128,0.00427245823375549,0.0536131658344605,8.89039581395334e-05,0.00138575005505803,0.000194571634185841,0.000518266262619238,0.000672331409606291,0.00169853099791639,2.8120054273945e-05,0.391865091479956,9.78079221898733e-05,0.000649335929159507,0.000649147617399338,0.00155083996229121,0.000100580999379308,0.000300942503909908,0.001906801183473,1.27444291639982e-05,9.58159695717044e-05,6.54528379172483e-05,0.000715729332814089,0.000324548836584181,0.0036294444879013,7.5141709853577e-05,0.000397964391927659,0.0169142793012822,1.99347576222034e-05,1.53035193748568e-05,0.000291480997933719,0.00266091713648914,0.00126793557671355,0.00121609702212304,0.000285528447487225,6.09697907066923e-05,0.00358469439130031,0.000348076979826192,4.4482575823017e-06,0.00508489589843196,0.000667703320706201,0.000275989528567353,0.00146406290022884,7.29797707319293e-05,0.000122242647855228,0.000133435901390408,0.0305130245969932,2.07467451506948e-06,0.00044608845627842,0.00070809042777381,0.00340063237946552,7.01801719205391e-05,0.0001251316580543,0.00643244157753513,0.0631269513632031,0.00470216930744332,0.00371148195994274,0.00548353657663031,0.00147038958442848,9.364683071179e-05,0.000111662191972792,0.000358221692930988,1.19374945926696e-05,0.000205242265973434,0.000194557370381835,0.000366574971770538,0.0100304913959589,0.000227045303374173,2.25634270895705e-05,0.00066003467901339,0.028915765025646,0.000177865717248555
0.0084707077929029,0.0383531830743206,0.0105936531921231,0.0622142897585056,0.013110167187696,0.000116530043032404,0.00199836357559794,0.00222906002168644,0.00498316439891035,0.00610618454487911,0.139289128053137,0.00022087064480719,0.0039837252702604,0.00504530951205418,0.00154774226210945,0.000275656996056942,0.000206264956920653,0.241479750169453,0.016643697960814,0.000656532350956788,0.00620688762214271,0.000178888909421418,0.000600561153076139,0.000681665589958598,0.00148628836445624,0.000193315166772391,0.071432107434987,0.000197081718980707,0.0360789128256692,0.00364560469224963,0.0387288408363969,0.000136932285526971,0.00200175525027619,0.00369620048710853,0.00016179009190629,0.00104312515552581,5.33098840470426e-05,0.000861945713085944,0.00121768261084276,0.00155991883786979,1.06619768094085e-05,0.000808452628038453,0.00318290423882176,0.000637421152725297,0.000266045163661848,0.000273805203311335,0.00138605039283504,0.0090532078424343,0.0312546262516491,0.000336398544468743,2.35262369384434e-05,0.00124660723702176,0.000236786837630608,0.000209931289958551,0.00562457062721753,0.00911936313986287,0.00166889571164507,0.00207282048118986,0.000292393182036059,0.00324565816934415,0.000581760040609462,0.028102556072972,0.000395503932338521,0.000344870655442964,0.000346659033458634,0.00150512456413577,6.68144302737658e-05,0.00116917905777693,0.0262905447624916,0.00873374747917659,0.0185210456026507,0.000347201372052655,0.0423398713318554,0.00119972682424106,0.000349394234089877,0.00030997769008219,0.0166888800094446,2.24250952786302e-05,0.000322377047661769,0.0144721284410234,0.000472447422110077,0.0116684332509654,3.48284998455402e-05,0.000147218936793482,0.00105654821872063,0.0256577570705327,0.000216056219851311
0.000700035807412808,0.00502376640867568,0.00102563054575348,0.00283472581017875,0.00618892221610226,0.00470879143172978,0.00822219685951736,0.00488528630587394,0.000175457285269908,0.00863079425485857,0.00156665788899773,0.237854186467509,0.000174950810632015,0.00340877630105028,0.000255368279882084,0.000266138618100125,0.00296150177985939,0.00305332096017097,0.0113577249927849,0.000727743170824453,0.0238570733167301,0.000140304377651079,0.000113667379447021,0.00134682225801596,0.0014730274688051,0.0026551731159863,0.0473173313246685,0,0.002185429723365,8.79204293890533e-05,0.00066673768402565,0.00194539542395688,0.000227841233531934,0.174117185250296,0,0.000397069180317147,0.0331242223097807,0.000566194965875647,0.00084806820755928,0.000661373187350829,0.00162201073345598,0.0515579047249433,0.0206959811142798,0.000327451357723162,2.61919741310131e-05,0.00198051208734708,0.0117850413042814,0.00185368160289218,0.00485985141241734,0.00107207697149818,0.00121100436532397,0.00247384712635468,0.00264459449705358,7.01829141079632e-05,0.00346728105751746,0.00533856226950436,0.000283966892384105,0.000397604963393083,0.00315792834846735,0.000619811258392343,0.0164146345085787,0.0105257031955353,7.01829141079632e-05,0.0180502702787919,0.0265431297809977,0.000945056400502441,0.00151992111810507,0.000238105097112082,0.00164264712583338,0.00721819267555059,0.00236146717267435,0.00161453014596445,0.0647945043789818,0.00246416902672271,0.0101723955208618,0.0406294055855485,0.00316095905955983,0.000229176305751071,2.61919741310131e-05,0.0019539444740364,0.000873279374541312,0.00291749356787475,0.000977160056608034,0.000444769688757438,0.000235727767179118,0.00780849856802489,0.0649701842302633
0.00225945259504854,0.17071751251062,0.000326574867987,0.00084899507029948,0.00173058339198799,6.79366827447932e-05,0.00160954726008555,0.000172020793740465,0.00455453889634213,0.00341730089998323,0.000861173970128472,9.48168012240455e-05,0.177474835046871,0.00111878475727406,3.04934046838708e-05,0.00042409677393601,0.000181363132441192,0.00301979779567297,0.0291856541432197,0.000496326028193429,0.00107454508984857,0.000117461259875113,0.000599245059034739,0.000710606375630221,0.00226499676026413,1.04428806532742e-05,0.0944490544356687,3.42606329800134e-05,0.000290973369883816,0.053301441544765,0.00290360300120146,8.18225654567535e-05,0.006218837466812,0.000489163172378334,0,0.000277027351870514,1.29719247541623e-05,0.00127986525537588,0.000383045007094301,0.000207195384678277,3.4210627762477e-05,0.000123957988634748,0.000371217258938921,6.48596237708113e-06,2.37361264658812e-05,0.0001355123701037,0.000273027887967747,0.00493234429360274,0.000970950705496298,0.000152288292302435,0,0.000693274379516141,0.000166608742577019,1.04428806532742e-05,0.00684105245431642,0.000481014395846602,0.000145472066392388,0.0209841701409888,1.97292029721518e-05,5.7272491468147e-05,0.000115150428738008,0.185441881022337,0,0.000113686413387309,7.27075485437114e-05,0.0011888789576145,6.28860202541005e-05,0.000180487767539857,0.011472387640955,0.00416258473505228,0.00695662533307854,6.32658273809477e-05,0.00512519691402572,0.000748342460091568,2.02218294364323e-05,0.000118501901212487,0.000195368666108513,1.04928858708106e-05,0.000237296801305976,0.00028462379380337,9.04162404412051e-05,0.176014104581084,0.000104867693821148,0,0.000961807785823877,0.00642960556328376,0.000107479559717891
0.000857901135174022,0.00681388887336857,0.065128813542983,0.00828061800692715,0.00179363591216688,0.000541680107151315,0.00126800694082609,0.000437134538698145,0.000610705068715717,0.00407840829562656,0.00279131734543878,0.000420478978932829,0.000955901353495389,0.628268693610115,0.00225815046314395,0.000165199511822304,4.41620142161054e-05,0.00577181345618184,0.00738491114798656,0.000114564908598604,0.0177272298291581,9.67716539771446e-05,0.000128981597637698,0.000168955421487952,0.00047695627186732,0.00142316311457204,0.0419783036851745,2.98155532603605e-05,0.00838872938777219,0.000313190994162646,0.00231661788357256,8.34125362406173e-05,0.000502439675096422,0.00215066195248183,0.000765477572649193,3.69468729623946e-05,0.000234924317801616,0.000543529632290488,0.000799134716164606,0.000319633909464759,8.38645951760754e-05,0.00138705587681511,0.00133750829131751,0.00489278075632454,0.00127091503392035,6.87307890781661e-05,0.000993093433879178,0.000755214371049521,0.00224845958525682,6.84209380587605e-05,5.81986241524446e-05,0.000361362643441141,7.611357343523e-05,0.010931792691707,0.00231291262970477,0.0428770193827178,0.00418884915505285,0.000910155904992493,0.000174408451118727,0.0123116900090235,0.00111396661620386,0.0107961239217263,0.00099424544451792,0.000377576039741226,0.000507633831370766,0.000800991855954938,5.13771554698161e-05,0.00291030924918701,0.00711537304172839,0.00482641854694996,0.00434282612055731,0.000178869636124216,0.0185171404266036,0.00083098514228827,0.00172893431035924,0.000521896470774835,0.00218597892760573,0.000545562879515333,0.000213733526955787,0.00307685648822884,0.0001496008755511,0.00473741171130837,1.52176276495859e-05,0.0119883317569874,0.000540912012429525,0.0167799126049585,0.000372405253666696
0.00154909223888169,0.0206746880975693,0.0266841201899376,0.262538845765601,0.00279961713808547,0.000552265151963739,0.000368745309933846,0,0.0018081488909785,0.000131375196206859,0.0217842698459013,3.91888687233976e-05,0.00155638361007963,0.0203168950418249,0.305986320706986,0.000200823691623178,0.000220769987836051,0.0144862366317395,0.0028011417320573,0.000156755474893591,0.00245298727070957,5.02059229057945e-05,0.000100411845811589,0.00105396674979003,0.00132971492320763,0.000442459347559585,0.00947621060972352,0,0.0424319812349892,0.00485463838280503,0.0134294520320916,3.91888687233976e-05,0.00114521653796115,0.00081140222359583,0.00128264810615107,0.00734994349649224,0,0.000844445717088476,0.00187067961776231,0.000100411845811589,0,7.83777374467953e-05,0.000296356189428577,0.015468910654391,0.00513450089844842,0,0.000847799556464958,0.0010740955554294,0.00623625507498902,0.000592157744389486,0,0,0.000365953774079577,0.00532549905367557,0.00379390823048957,0.0152383413738043,0.0287902472402017,0.00197049602129306,3.91888687233976e-05,0.0750961251556566,8.93947916291921e-05,0.00651987261302736,0.00970442753095567,0.00025716732070518,0.00012858366035259,0.000217978451981782,0,0.00688432599638982,0.0106935192858117,0.000602471074869534,0.00429717853694089,3.91888687233976e-05,0.0085197762220176,0.00102406475432876,0.000905114059708999,0,0.00151270348972498,0,0,0.0070277293658879,0.00045185330615215,0.00297568885062819,9.21863274834616e-05,5.02059229057945e-05,5.02059229057945e-05,0.00365136900161459,0.000235133212340386
0.00211167640289096,0.0434183896453725,0.00214442101234221,0.0034084070511476,0.00388628184137557,0,0.00254990876024377,0.000258066824027942,0.0175700696543813,0.00869597971590753,0.00145090903286821,0,0.0265126465576934,0.000520725513067726,0.000296024904671679,0.0604594022586843,0.00027030845542414,0.0127184434403745,0.0587898482647282,0.000970748336040462,0.00643043573149533,0,8.80074040915803e-05,0.000795475444911616,0.00518918844781408,0,0.163890650329199,0.000346695834300165,0.000614066699225463,0.00278542732136422,0.00576735237715438,0.00027030845542414,0.00271581745503842,0.000886691138967802,0,0,0,0.0566123517880321,0.000226685737811646,0.00038204717934766,0,8.60222746759808e-05,0.00155053646217534,8.60222746759808e-05,0,0,0.00194297048028341,0.00349704608732596,0.00330401731642425,0.000245353975043194,0,0.000866178135006606,8.80074040915803e-05,8.80074040915803e-05,0.00697090225375151,0.00130447064779625,0.000176014808183161,0.0182350178272642,8.80074040915803e-05,0.00152080965047205,0.000432096502795503,0.142382063862455,0.000314693141903227,0,0.000174029678767561,0.00356958351824446,0,0.00122558681829152,0.201065376848547,0.00691614075441816,0.0177260326502857,0.000172044549351962,0.021961707294713,0.00180676854537978,0,0,0.000734407650616581,0,6.9339166860033e-05,0.000866037772320655,0.000432718108976146,0.0559737216187652,0,0,0.00154679679918535,0.00954801129735145,0
0.000645607929156086,0.00161815422066235,0.000262541670096921,0.000458536242591439,0.000838826999819496,0.000102431040034206,0.107367211032196,0.0592904131647956,0.000906286076499705,0.0025031666968814,0.0015061248454703,0.00144321898350049,0.000654926231527811,0.000336629924989046,0.000228094834661246,2.76519208220061e-05,0.27134392590002,0.00292087527069082,0.0106694779006491,0.00159654144003213,0.00177137248035274,0.00329774339423904,0.00214531683449505,0.00218274715469736,0.000598868439661693,3.41436800114018e-05,0.035427045951512,0.000306328275473818,0.00132258346869519,3.48345443314765e-05,0.000957737099499225,0.0557245459162703,0.000899155750743948,0.0098554066689389,0,6.96690886629531e-05,0.000359171815261806,2.76519208220061e-05,8.94475216554141e-05,0.00583166847918375,0.00125939380473178,0.0456377167219439,0.00456272103822893,3.41436800114018e-05,6.24864651534827e-05,0.0430285675096891,0.00199012697727548,0.00112396593854515,0.000255746755483252,0.00471384358232093,0.0299216703820599,0.0237941345674362,0.0608875154073284,5.53038416440123e-05,0.0152414558708203,0.000718343630523612,6.24864651534827e-05,0.00149506062686697,0.00716348323229732,0.000178895043310828,0.000696577158042453,0.00812374891429567,0,0.0554435093370532,0.00543008544476877,0.00363875457592823,0.0121633399437006,0.000145442227619501,0.00306092800277225,0.0116911598586555,0.00221742115736816,0.00182333572898346,0.00729827213325141,0.0025964670371813,0.000466409730420984,0.000718815892890939,0.000872405588648709,0.000521827300652073,0.000343875634400547,0.000522707591809345,0.0011868813322608,0.00159529455720555,0.0430368945829797,0,0.00111776654663171,0.00399755501552663,0.00344738235652353
0.0199032697358566,0.0254289733158497,0.00563729839133084,0.00745735048181733,0.018382696833996,4.05217829217738e-05,0.00183853840447954,0.000359499080254202,0.00492077082657065,0.00482524854709005,0.0446356718547282,0.00020586568136058,0.00257053110093834,0.00404723807718699,0.00117846436225532,0.000326903849474762,0.000503837865803575,0.484200947277257,0.0157158848282394,0.000167104617340286,0.00595239235695674,0.000323118650942071,0.000313448175347586,0.000782438237393506,0.000925608453731893,0.000160351359608823,0.0672741652525671,2.1673322248693e-05,0.00550719105687615,0.0031505747298287,0.0103768947946314,0.000115288695729939,0.00277946963568245,0.00215686985615149,0.000199405074178647,0.0011277922798254,0.000102431099726933,0.00130633393750059,0.000767076085365725,0.000445296249032096,5.45351575178654e-05,0.000351073099984126,0.00221634408419623,0.00026438345054544,0.000418733974159267,0.000564554657414806,0.00171272932283965,0.014101466310654,0.0409755704855389,0.000156802624616223,0.000351335033299137,0.000534147934766634,0.000110915352338183,0.000226669999130642,0.00381202836967835,0.00593250900905067,0.000678695742236884,0.00184523706783173,0.000223278451510342,0.00191253996697888,0.000627546559344749,0.022505404417722,7.6061377206619e-05,0.000279832932592797,0.000347818001290205,0.00205377300686605,6.78101001266287e-05,0.00136346500052502,0.0217678570509619,0.00416233280874308,0.0216808780980129,0.000361076413830332,0.051955273890981,0.000915851422857446,0.000695663215840748,0.000192502628901506,0.0115085007754395,3.13425086535233e-05,8.05040635010581e-05,0.00617213321709106,0.000128771667046754,0.011758769646195,0.000125660031356686,0.000103443984137366,0.000365939062477654,0.0178728683886744,0.000220933417258949
0.000535350833146384,0.0166687883291507,0.000171666682443555,0.000373198880971612,0.000493916639460863,4.87619244592325e-05,0.00250898999444821,0.000330441881816241,0.00136053292015924,0.0065364972998231,0.000623379339621431,7.80803713013461e-05,0.00263591966649435,0.000531764492688521,1.2032027053013e-05,0.000168090504040615,0.000146902430212676,0.00230577496511496,0.526211505822266,0.000857005957003079,0.000959015277364587,0.000147443903451678,0.000561352449192799,0.00101664336194939,0.00710856510595746,3.23597657200746e-05,0.194391454401864,0.000144365053061146,0.000314592836217711,0.000890836761889943,0.000829896871865873,6.17594976308973e-05,0.000338374401279554,0.000372311428333085,4.64488172222086e-06,0.00019431010581964,3.59210009516556e-05,0.000503901377149046,0.000112395459370795,0.00128776060389552,1.58324941348896e-05,0.000366068421632719,0.000613745665004504,1.69792440496132e-05,1.58127231422464e-05,0.000262154777665658,0.000240039912127956,0.000752912193542702,0.000590954616865099,0.000577440119815905,7.62193435082788e-05,0.000970593969816427,0.000182856995551827,6.95762630910266e-06,0.00764746673389628,0.000515209915023169,6.62925657048535e-05,0.00148880614243289,5.80438709578258e-05,0.0001721215488442,7.6331953056284e-05,0.0959565671352036,5.19916358361949e-06,0.000181026767802973,0.000165711025769617,0.0121743159544708,7.3619645939856e-05,5.8855552320227e-05,0.00460185682133863,0.0358419061212352,0.00236940671449345,0.000224137746436966,0.00271398153543526,0.00280136536863628,8.17922404879177e-05,4.8419668755381e-05,0.000206024047302335,9.57540441450309e-06,0.000749443801594049,9.17325072618829e-05,0.000413430879761868,0.0499325967286079,0.000115497639445592,2.6532428126004e-05,0.00121484208255826,0.00326676197358877,5.60547059843555e-05
0.000853838841280422,0.00526271657275729,0.000233560988874722,0.000909695278893914,0.000620635065738812,7.96755876917465e-06,0.0105948829126816,0.00143180189153526,0.00175220498366764,0.00255043004407419,0.000524058335549957,8.63316907055397e-05,0.00133719980699014,0.000231404238808443,1.19873090737131e-05,8.72646369049915e-05,0.000450204501893199,0.00147187705644785,0.0471391149595402,0.226905017219348,0.000739543365015825,0.00125648852463047,0.00721010623279364,0.00947709825866328,0.049300982994738,0,0.0326073941564208,0.00121989505463452,0.000183321667871634,0.000473534139347905,0.00081168181147917,0.000411451392950908,0.000227996390437318,0.000370825968231151,0.000205496726977939,0.000230543234448893,4.75854014360559e-05,0.000583917352904455,0.000360965861682329,0.00234185913273205,0.000159592422785303,0.000689501638028857,0.00111278220027874,0,1.16234742149166e-05,0.00113054684628238,0.000220000715772518,0.00108074372714135,0.000453165628233533,0.0371152677654635,0.000317826671710303,0.00260688887321535,0.000423186905584964,1.16234742149166e-05,0.37407574250281,0.000300929258578236,1.59351175383493e-05,0.000872584579953616,0.000264067662064074,6.68125995613507e-05,0.00020445754898859,0.0152311610277358,0,0.000380005545050082,0.000267647510010628,0.0228042840945207,0.0002657094776247,2.75585917532659e-05,0.00410258987004655,0.00782983034535133,0.00165244057674173,0.000392674646221445,0.00285796354229729,0.0690272172237587,0.000186905641477474,0.000129969283676959,0.000333814930732136,0,0.0110637491283704,8.51107789993567e-05,0.00840605296051693,0.00814697389567236,0.000280959716038215,1.59351175383493e-05,0.0115875928653381,0.00321579501241551,5.18970447594886e-05
0.00146354820672023,0.0165131588720706,0.00628246861316425,0.00688615149137378,0.00451875767044601,0.00133571154305825,0.00443809933091909,0.00177696990370397,0.00144180310214181,0.00315012835147335,0.00271226274969088,0.00364601168584959,0.00195396671501334,0.0165989979964142,0.000633305370891571,0.0001954736934564,0.000612895023609743,0.011744235727394,0.0263248696459629,0.000337758910818902,0.404284844217598,0.000132860547771264,0.000231783832926113,0.00094661040393877,0.00150987623547542,0.0123232408334876,0.0630302387226163,9.78881395450673e-05,0.0051549955477702,0.000688656746065752,0.00408156901092688,0.000295668087961363,0.00112307669274148,0.0146748712261579,6.55404453061e-05,0.000259322554483646,0.00117899536223723,0.000928284628496464,0.000639759225247179,0.000998942454494087,0.000288459271403086,0.00370305841611728,0.00386527911107408,0.000581092313800428,0.000237004853551829,0.000290398311726535,0.00323166070485721,0.00197503561504423,0.00833170197246549,0.00082360076198828,0.000445563230087652,0.00151513268136828,0.000684805663701541,0.000314628054699113,0.00571756697087627,0.0554557375023954,0.000762011545650953,0.000986663143556555,0.000985120154189939,0.00280356881756398,0.0271429125955312,0.0282366323636645,0.000289297065529699,0.00216460227565055,0.00229566796662394,0.00227948688878342,0.00045806747221113,0.000996834347404182,0.0133211243344456,0.00456890598217074,0.00621494034403282,0.000672345427239934,0.0968803749530159,0.00198140847455177,0.0100973753392709,0.00593252045814054,0.0271775571992076,0.00147267666561958,0.000156150787055439,0.00755902976343435,0.000637514566191155,0.0118903144799974,0.000417184323800314,0.00156294026362487,0.000213237783429488,0.0247929773434686,0.00237623192036618
0.000285986797123398,0.0060590168572848,0.000326934040602537,0.000685866328275583,0.000537715101387323,6.23144507631831e-05,0.213379536211456,0.00929632147062855,0.000498647015744358,0.00296463899904302,0.0012845292201816,0.000976067620246343,0.000928816468661439,0.000117940150906699,0,5.93971567797527e-05,0.00421322956026787,0.00373523826247697,0.0182296444639006,0.00205343329927383,0.000979488025418679,0.251197219717461,0.000404242331163441,0.0921207493886214,0.00172732526211577,0,0.0282516869290005,0.000107427379795239,0.000425543833628038,0.00035865632743137,0.000522024790503469,0.00597296231661527,0.000339299687622393,0.0037853184758592,0,4.80302230154859e-05,4.69132410848932e-05,0.00122492180797962,0.000113774465353783,0.00749022739367961,0.000114011002703791,0.00121618306699322,0.00809728923879146,0.000152750564249523,0,0.112014083058363,0.00141948691932498,0.000444493103556446,0.00130140221781549,0.0140530406472728,0.000421443852894569,0.0231455570316613,0.00368309304048357,7.79521977914808e-05,0.0232365225382643,0.000599701028053273,3.12754940565955e-05,0.000433349566178298,0.000449802052967734,0.000454112289123433,0.000277142928425882,0.00998335734469028,1.56377470282977e-05,0.00284952227809197,0.00287316662668998,0.0153371624975738,0.00323645795981317,9.38264821697864e-05,0.00218811503817553,0.0120408906246976,0.00149139239644681,0.0027054616455344,0.00590541588494358,0.0338623791531148,0.000400720552841102,0.0004441101383231,7.50349038080505e-05,3.12754940565955e-05,0.000751058650130528,0.00015691624980244,0.0342579690981974,0.00293665813236153,0.00964034064156776,0,0.00332811806022177,0.00270047934293979,0.000260756146455892
0.000122441146283308,0.00266024056632319,8.76303972266444e-05,0.000505268089586884,0.00028660213391642,3.36036998866922e-05,0.00433450515076564,3.60177982266348e-05,0.000926971610006976,0.000713298604588374,0.000537363678583099,0,0.000623811459572531,1.45437453531958e-05,0,6.26911905930839e-05,0,0.00310838442139332,0.0194139738254607,0.010776237005479,0.000503413268816041,0.000369525605832189,0.2943377004919,0.00386790979437835,0.0180309693815621,3.60177982266348e-05,0.0152519782000253,0.0308388087462532,0.000214195394650025,0.00067618220217234,0.000337340886473145,0.000348934398162758,0.000411869882033052,0.000399003527560453,0,3.60177982266348e-05,1.80088991133174e-05,0.000875839208722723,9.00444955665869e-05,0.00031503092724286,0,1.45437453531958e-05,0.00018007999237245,7.20355964532695e-05,0,0.000557406534462511,0.000130042367649881,0.000542382591393559,0.000228595362719808,0.0348200082784195,0,0.00112684633735391,0.000251600668729182,3.01263296601914e-05,0.412012325094563,0.000517957014169237,0,0.000407333527399597,1.80088991133174e-05,0.000134414799546769,7.96490342862223e-05,0.00876504198025105,1.68018499433461e-05,0.000141657094566597,0.000108053394679904,0.00378004030980031,9.40367858896259e-05,0,0.00205262458182376,0.00262148595936611,0.0010118711740626,0.000108580531242822,0.00599727313992415,0.00479979141110575,3.60177982266348e-05,2.90874907063917e-05,0.000149114538649757,0,0.0181808629705146,0.000142864143736568,0.000692145537975243,0.00203259281017741,3.60177982266348e-05,0,0.0859312870873191,0.000947020008002917,0
0.000481088132204692,0.00786105226738364,0.000168818078836813,0.000874487791712052,0.000711630569459071,2.76478335197213e-05,0.0352481677761748,0.00184153946805367,0.00134719974137537,0.00169875948665003,0.000970364592545147,0.000192243359255684,0.00207768089006569,0.000101922826387683,3.14844164674011e-05,0.000101019642395627,0.0010485828397584,0.00175469471313837,0.0425401689096579,0.00783886533515773,0.00116259435933285,0.018052744248437,0.00230248191808368,0.410151135260511,0.00597488977201081,9.62898403628017e-06,0.0378560641747091,0.000598718988032762,0.00136178374438929,0.00147059631076404,0.00307335801591199,0.00101408586780426,0.000165325819430518,0.000611455956193728,0,0.000158870651545951,1.92579680725603e-05,0.000794854527717586,0.000448829723832468,0.00358788135337787,2.57170331568545e-05,0.000843825439870137,0.00145564002552707,1.50906557262502e-05,0,0.0063167810537953,0.00105536507765982,0.000720894379014298,0.000839438083956739,0.102479054475719,0.000188858427758518,0.0052239351794472,0.00170869587717844,3.01813114525003e-05,0.0851955756538302,0.000230715953917456,0,0.000904590897905214,9.76481861322431e-05,4.37108648622419e-05,9.62898403628017e-05,0.0153860480526568,0,0.000321275328018957,0.000467654839795701,0.0308512000334531,0.000315479773330405,0.000104679705809963,0.00288010114188485,0.0127259635491646,0.00183159641192365,0.000657714043861188,0.00579247719201804,0.082427656170807,4.45619616997085e-05,1.8844928542854e-05,0.000165739215687144,0,0.00167841996945082,3.30021773005615e-05,0.0253929387533212,0.00675323138884654,0.000858804868812756,0.000242787954629064,0.00507225745562406,0.00270782962155979,6.57507301351356e-05
0.00124972197640297,0.0122763918992776,0.000213915001854763,0.000503880701756845,0.000513731297225165,6.58346419537224e-05,0.00620767072362476,0.000697784101584537,0.00181968523614644,0.00501562224247351,0.00108528504000915,0.000216975956515857,0.002125313819996,0.000825450220081436,2.54955065420659e-05,0.000271161120392506,8.46528543911108e-05,0.00166442495858774,0.202692021141209,0.0239834423376784,0.00123779739723641,0.000301445410453613,0.00386242346190538,0.00329354373944654,0.248772092933209,5.42371927283343e-05,0.0541251451386586,0.000749767602077035,0.000378057704436926,0.000549710716060399,0.000729045780824625,0.000186153725530636,0.000331635318769785,0.000257625591187169,0,0.000425029515684123,5.79913090085767e-05,0.000844754756502592,0.000184901938705195,0.00192346163000393,0.00012581271209302,0.00103014567928169,0.000928693915671671,3.7309429234718e-05,5.63722370281042e-06,0.000530432565167449,0.000901211936800871,0.000743828225983331,0.00044936625584558,0.00478087228978657,0.000727651379865731,0.000847407586459654,0.000261935275139628,0,0.163128183340728,0.000622267581573441,4.79418668210958e-06,0.0016667364710013,0.000341023772916728,0.00015695367210264,7.61635178064305e-05,0.048802449369664,0,0.000230449817761987,0.000214572409897137,0.0496446649575344,8.91240392534531e-05,0,0.00638750869883317,0.0115962322725044,0.00261495879922782,0.000526004948459647,0.0032127813549081,0.014136758203653,0.000149596182168577,6.41324755271358e-05,0.00015917386631068,5.47572279292678e-06,0.0275553202860181,0.000145409188015152,0.00197691248152692,0.0618083460713165,0.000116987155947738,9.58837336421916e-06,0.0072266131692119,0.00597602470932524,0.000181206788802624
0.000436617303749383,0.0206860421723011,0.0118154150613463,0.00445007641317991,0.00233081847211088,0.00510169944359125,0.00161308507868722,0.000879714905142678,0.000380189346074813,0.00070308943557003,0.00451121959427176,0.00274574039167703,0.000268586399721001,0.0310141303244949,0.000334861891935166,0,0,0.00703526772072865,0.00813491954038188,0,0.222908229409574,4.82781150943365e-05,4.82781150943365e-05,0.000547020333981596,0.000523823775236224,0.112459143824147,0.0551557666507376,0.000640348185921585,0.00364025056624569,0.000534507702830154,0.000824956492404429,0.000148282782075462,0,0.0162615720442149,0,0,0.0014323869907627,0.00085881991994189,0.00112902281172548,0.00019831164200289,0.000108154509561359,0.00390183125722603,0.00138955762756486,0.000532622705226563,0.000480896153339774,0.000150033526908554,0.00276183110651493,0.000765080097937406,0.00443460987990143,0,0,0.000736133528854997,0.000203510823628434,0.000673857302144777,0.00777833275253629,0.166933674729179,0.000818842959000129,0.000674922965495876,0.000119752788934046,0.00335065710499579,0.0289754421280559,0.021224417787861,0.000216309019122719,0.00144240289567648,0.00127168983623441,0.000408221563378466,0.000359258366802137,0.0005809008203209,0.00479190716684376,0.00209716116327844,0.0066187523384824,0.00039662328400578,0.0587362061577274,0.000621445668775995,0.0706160019901672,0.00847799678069635,0.0136933267798284,0.00868474058844997,0,0.00864804318216242,9.65562301886731e-05,0.00336867154091747,0,0.0176887733298055,0.000699319440362847,0.0218603755499524,0.0028106817149991
0.00059977888546067,0.065938629196019,0.000347380280581967,0.000841558867292075,0.00107197301054751,2.61286026506949e-05,0.00235738658467559,0.000329311903122272,0.00112648287796299,0.0214982464788959,0.00070422870384432,0.000175301948654904,0.00296816395518067,0.00074526009702694,0.00010946459297801,0.000197625883421593,0.000140184286753558,0.00277805210109058,0.0707558904401516,0.000251369712596185,0.0010830302414267,8.7655769879216e-05,0.000310508805084628,0.000629780812266704,0.00151238941853304,4.01962451733703e-05,0.632131569973772,9.86691452202258e-05,0.000377876526289001,0.00164487587168352,0.000848186544967266,5.55978940214359e-05,0.000406577408619121,0.000708979999047319,6.10638041681403e-06,0.000113542737099511,4.31589702868265e-05,0.000519686459731509,7.64743043228624e-05,0.000759836199613578,2.77308225332403e-05,0.000234626145580695,0.00120997522223643,3.34153707852704e-05,2.16665445167765e-05,0.00021133348477407,0.000453577677782415,0.00109147448988051,0.000941629135579687,0.000419789659828741,3.74604584369645e-05,0.00102489083041644,0.000192493042152092,1.97162459218625e-05,0.00427654068271589,0.000736615300920088,7.39966346842017e-05,0.00131537528495907,6.04553972197877e-05,0.00025737252499209,0.000111337546072406,0.0918731510277208,1.33746269447757e-05,0.000138829014928216,0.000155301835281986,0.00266263181215547,7.63543510922881e-05,8.39326758396329e-05,0.00554878612836643,0.0184880640774985,0.00680062446303708,0.000244046573624323,0.00526532358098311,0.00132491839801518,9.16511264180648e-05,8.55052065589276e-05,0.000238616365459973,1.17814274542811e-05,0.000263001905396777,0.000123360976075438,0.000254209422505202,0.0215466949590913,0.00012121994401227,4.93317521941646e-05,0.000646640844882354,0.0166298063969748,9.42504891388663e-05
0.0007209339923509,0.00483657015013001,0.000133080215815859,0.00182643999258591,0.000171042058672188,8.20612368312656e-05,0.00680779288829649,0.000387970898943445,0.00213160157612586,0.00102767840271418,0.000473238928435059,0.000135005620541036,0.000785706838613818,0.000296926655276302,0.000558428300830523,0.000527188665877912,0.000942325070481582,0.000887462116736077,0.0287408991480309,0.00465259208929349,0.000436059119469779,0.000836863834699456,0.0949138369090313,0.00449117225542269,0.0198926153110147,0,0.0294746308346073,0.313593933218688,0.000347078297628857,0.000166047878387708,0.000261166251347238,0.000870613531162355,0.000290145087367689,0.0034406778416157,0,0.000558428300830523,0,0.0012890488658568,0.000171042058672188,0.000949244655491239,0,0.000311041859497704,0.000212854710978871,0,0,0.00360600832482421,0.000128868069422428,0.00116233514871395,0.000696029285622835,0.0130093188668197,4.29560231408095e-05,0.00228046067590836,0.00116324957199368,0,0.176976302355704,0.000295139267652169,0,0.00106374742922627,0,0,8.49919952895251e-05,0.0138162528111919,0,0.000135005620541036,0,0.00722707966533456,0.000179105014515972,0,0.0220117760364134,0.0138214422163823,0.00106714495334772,0.000212072677087821,0.00308437051741485,0.00386818778252644,4.60247987001132e-05,0,8.70554171157459e-05,0.000123091855246898,0.0141746282978759,0.000273080016641375,0.00226403879308418,0.00401981405901926,0.000669251888529649,0,0.179839915327074,0.00377568709562306,0.000164122473662531
0.00218336975269593,0.00853527553079529,0.0542325233194172,0.184811997994043,0.00822833629053922,0.000112645690143937,0.000625021996292867,0.00118691806111095,0.00244695842089932,0.00722546297620463,0.0475316188957704,0.000152274783409783,0.00107130386717906,0.0269708463176429,0.0215929701591945,0.000130092893830331,0.00020667672946285,0.0343009845333859,0.00912031039955971,0.000806157953126312,0.00716743577773795,0.000243843020565987,0.000260467852642617,0.000585209490293239,0.00119088673033551,0.000980116347252981,0.0334984427097247,3.80342359876994e-05,0.306074081333383,0.000641206293624453,0.0121791957364047,0.000206958794444804,0.000315642284364066,0.00151514787887323,0.00113009494671492,0.00481074051473696,3.80342359876994e-05,0.000718982519366292,0.00161548387087022,0.00011114629208197,0,0.000848157582370678,0.0019588516044995,0.00223241980391865,0.00101123545044251,9.32086677091479e-05,0.00126496538356251,0.00139429926880754,0.0165045437192749,0.00015105745032977,3.80342359876994e-05,0.000498234906539114,0.000450004386371717,0.000735466318951944,0.00458185670391628,0.0237942269038988,0.00636390680957576,0.00059235709240762,9.49445574782715e-05,0.0108810167450697,0.000616748207648067,0.015837666070453,0.000832206936191815,0.000355857257532519,0.000283824695059276,0.00156976568632935,0.000114102707963098,0.00213233371850999,0.0203812723867029,0.00392122425245941,0.00746376322497586,0.000224169506424041,0.0253828985119196,0.000698466003310476,0.000412390054824957,0.000581430702802346,0.00705544405786715,0.000111287324572947,0.000376539749050004,0.0326159956958738,0.000271881469902326,0.00642507275849069,0.000151784362723355,0.000649949395770174,0.000153844697717237,0.0129654167502498,0.000132978793465971
0.00409804315404624,0.301595957367899,0.000310312089993329,0.000667002680231547,0.00476850830136173,8.63672590427545e-05,0.00240649714015738,0.00030126163465367,0.00296994691612678,0.00328489611952954,0.00138282284283049,0.000251949500921269,0.0546821462754289,0.000569730902373841,2.16952981924384e-05,0.000391902923390153,0.000169041850376476,0.0059611989420114,0.0170677377273076,0.000230622086388834,0.00134337407883586,9.18609214441997e-05,0.000599212217482043,0.000738763343149033,0.00105647498345116,7.92169172453856e-05,0.10573172657526,3.78407414951476e-05,0.000440869534361216,0.222457396371474,0.00333754448608681,4.74743708252023e-05,0.0169209601678976,0.000633007999943932,2.65858673691408e-05,0.000185081930091078,8.04582234655338e-05,0.00082798149009155,0.000489441575478587,0.000300438613646777,9.25499539835523e-05,0.000202668762459318,0.00115091236907516,3.8935033652795e-05,1.32823973257597e-05,0.000217957086442552,0.000774271814691015,0.0195949594922974,0.00184529762404598,0.000230060299945368,1.64750861592226e-05,0.000671848835491534,0.000188617679175477,4.46616494313509e-05,0.00296461531171127,0.000658736041364826,4.43449001446037e-06,0.0152371409162001,2.97574834849823e-05,0.000224741430883197,0.000122404621908787,0.068241506993599,0,0.000114489765508053,0.000143643031148825,0.00107116126185897,2.56312487801049e-05,0.00017181326498905,0.00786683610893825,0.00495183279117706,0.0414273904144824,0.000148926461334905,0.0132331202155852,0.00125648834188942,4.26807001232505e-05,0.000142043173899803,0.000360490334655793,0,0.000582431713753138,0.000116251178833465,0.000395839243862169,0.0389372732171156,0.000115668348536186,2.08885034560616e-05,0.000503204769541695,0.019028931333774,0.000133777782056474
0.0232979465841034,0.0184561863226913,0.00228629456549181,0.0220954610161602,0.0023928409850636,4.90044331948942e-05,0.000924676190945807,0.000383812962525654,0.0190728073878643,0.0015405039224965,0.0153616103452092,0.000148997610637399,0.00393361934457439,0.00210902448900109,0.00112120250421705,0.000431146597512722,6.76633587463296e-05,0.0198605459694042,0.0101883423921084,0.00102855219276981,0.00126641412846419,0.000129287484964127,0.000347515557381219,0.00140608627331527,0.00131282915576633,0.000152447651686583,0.0324927494882275,3.50134896193592e-05,0.00460540170751624,0.00231078069299325,0.510294624205318,2.006264557466e-05,0.00523098907580435,0.000605441639544055,0.000189667665550877,0.00718792982524915,4.15290111725446e-05,0.00193582311712676,0.00145243000613944,0.000245830221301691,7.4754220223496e-06,7.1495209376331e-05,0.00101909324452869,0.000229217616776216,0.000401984061184241,9.97971469581963e-05,0.000506319134232389,0.00510719881056897,0.00294618624501335,0.00246351356304711,2.24262660670488e-05,0.000432846078569602,8.38889025854775e-05,0.000138521218225436,0.0066847646554805,0.00115492493389506,0.00100207789882,0.00496858811318198,2.08935258150483e-05,0.00234841491308931,6.67679683915534e-05,0.0185497345650898,0.00015727230108314,8.33499967572057e-05,4.67698329312814e-05,0.00169185718796624,4.84315934120579e-05,0.00117485313013185,0.194049407726432,0.0030783326049665,0.00742834977347822,0.00032470576642616,0.00782160010535685,0.00301622804304982,0.000171808437249631,0.000116094952158388,0.000933963147276531,7.4754220223496e-06,0.000370031658616969,0.000961719034613844,8.99606045846025e-05,0.00888090126301318,0.000121365921250149,8.89386941421949e-05,0.000490704757582556,0.00449330274146766,1.33535936783107e-05
4.62034085480398e-05,0.00265272036882501,0.000185046237164255,0.00124869000984052,0.000297965638142077,0.000620397727490575,0.0806653748725852,0.0166630211828164,0.000376604718878943,0.00615699243835091,0.000700726387631507,0.000556968600502533,0.000818746495069852,0.000645949531499795,0,0.000297237149926091,0.110515176073781,0.00153471351574988,0.0107969346600318,0.00154102538104384,0.00198883683580983,0.00676824800161055,0,0.00858342635684654,0.00230484739472192,0.000138842828616215,0.0471385993005388,0.000138842828616215,0.000675608982533132,9.25618857441432e-05,0.000357285829157376,0.180067690124527,0.0007941718302397,0.00819512219966514,0,0.00400696743283236,0.000372077431986342,0.000238800515774841,0.000423769218615063,0.00426223604394744,0.000618746270774212,0.0163164531124319,0.00596477033388887,0,0,0.112058964693597,0.000721812391081172,9.24843514201114e-05,0.000384806542833443,0.00489807171813547,0.0284807194300591,0.0143403278879594,0.148873644379344,0,0.0284293780864984,0.00136371447294127,3.33192290528753e-05,0.000790210519527016,0.00570872618212693,9.24068170960796e-05,0.00120404892314719,0.0116390566796734,3.33192290528753e-05,0.0217956447517558,0.00377116136534369,0.00371695061312554,0.0162946341733129,0,0.00380769121446289,0.00978892365182272,0.00442361573284236,0.00152965966431369,0.00403707155952909,0.00601690641298004,0.000554828574196636,0.000720045277353074,0.00110416877031259,3.33192290528753e-05,0.000912487315931811,0.00054957279908805,0.00374229920451374,0.00171159746832961,0.0221770344659672,3.33192290528753e-05,0.00131011526297875,0.00591568194479057,0.00113986062864346
0.0115061059471241,0.148469606292941,0.000313311366365537,0.00199055395342624,0.0184357710125081,3.18127424671289e-05,0.00172780540178045,6.42248244211467e-05,0.0100488922577012,0.00254567303258696,0.00148918648404266,0.000190070221350041,0.0406773746518272,0.000619409189060388,9.33919361817079e-05,0.000410115539902309,0.000142630087996208,0.0127928413659135,0.0132102680352701,0.0003145800930423,0.00190103673189646,4.86801911207797e-05,0.000849499233545111,0.00038092883772004,0.00113888241287563,6.28606302746942e-05,0.0670928600886707,1.55860120935357e-05,0.000529179592903176,0.144520842676689,0.00495934875023202,6.21785332014679e-05,0.182647072213331,0.00127345660092206,0,0.00028646235894406,0,0.00156731117455365,0.000861611593107886,0.000266733291202717,3.1089266600734e-05,0.000544180472547354,0.00306024578408422,3.11306453939026e-05,0,3.17713636739602e-05,0.00096813108680332,0.0452956461169004,0.00752066618392551,0.00074323696367942,1.5544633300367e-05,0.000572217328465567,0.000266511951291761,3.11306453939026e-05,0.00460611253445916,0.000731155152432772,0,0.0554923670278693,0.000142836981962051,0.00011021800604219,0.000124605339161948,0.04250921830094,0,0.000127168212282178,0.000340147663903661,0.00146654322161845,1.62267303735932e-05,0.00014143140902243,0.0202465707102579,0.00468398815585253,0.0347419600569132,9.53140910218807e-05,0.0558059620093887,0.000801610814004778,0.000155653226969513,0.000110941481908585,0.000919535405257811,4.73573757674959e-05,0.000546880191930443,0.000504976216188268,0,0.0248505214177908,0.000203996797307529,1.55860120935357e-05,0.000257417631574072,0.0174756347608766,7.84052635750612e-05
0.000664107849119113,0.00754529325817393,0.00155763358200032,0.00166240545072553,0.00646161766336323,0.00107486786014443,0.00682633737094464,0.00379227534508679,0.00042517108335976,0.00912496702604044,0.0013738529167168,0.0177988362055263,0.000461766193016547,0.00375036650901679,0.000431692392336869,0.000124875504128968,0.00147770540110866,0.00449319301089617,0.012321708435391,0.000302351121795716,0.0181685141357469,0.000117020840500601,0.000513233696077592,0.000906078208625755,0.000670162484500065,0.00103623259545468,0.0578344432886055,1.34909305896214e-05,0.00147191940369936,0.000340224793676518,0.00172907076544665,0.000689722548151747,0.00136117046222511,0.459064760609503,0,0.00018514716295413,0.00256007887493189,0.00038972596513966,0.000407859011639706,0.000877810061955198,0.000372427104438164,0.0104406247547053,0.0186865902388807,9.9045481447355e-05,3.57260690028572e-05,0.000502552985652048,0.0402286830058256,0.00133756622723991,0.00388634165796045,0.00176258632463639,0.000403389407524124,0.00292769244688532,0.000943983742434425,0.000345206439854304,0.00551291677392859,0.00548050680049064,0.000170290683547385,0.000804180638442611,0.00274482325401137,0.00135374918559203,0.00883785435960213,0.0125720984525385,0.000119273993516553,0.00920180022335165,0.0188588168306987,0.00173358677146065,0.000842900093811034,0.00015917005937186,0.00489485270763608,0.00628751020563989,0.00518427248081923,0.00131307310139333,0.138028700438934,0.00160782072085138,0.00374730774089749,0.013377224652478,0.00483850245820424,0.000285443928670373,0.000213276033784677,0.00153564208698015,0.000840810743750759,0.00213423594455235,0.00054582123223958,0.000347436101972491,0.000651531322078404,0.026029555654152,0.00776490841979964
0,0.00418516081545256,0.027618847144068,0.0353815672815274,0.00124188673774368,0,0,0.00280200294419414,0.00138761877146808,0.00069157893562921,0.00278803475041263,0.000135639247000045,0.000406917741000134,0.0466456001981914,0.00720716978186198,0.000135639247000045,0.000280200294419414,0.00363890964446625,0.0073861305434651,0,0.00725249272713948,0,0,0,0,0.000968851764286033,0.0177336954097337,0,0.00293764219119418,0.000135639247000045,0.00327128964625061,0.000271278494000089,0,0.000560400588838828,0.245724444219629,0.000259652272828657,0.000649130682071642,0.000271278494000089,0.00363846355444529,0,0,0.000271278494000089,0.000840600883258241,0.011121818820538,0.0967173539772112,0,0.000420300441629121,0.000691760159700228,0.00450272114912789,0.000406917741000134,0,0.000560400588838828,0,0.00356947294464023,0.00556724528259803,0.00969030499015416,0.221008279948572,0,0.00118006144890039,0.0868539989182317,0.0019977723379578,0.00329084790560735,0.0109698694071464,0,0.000836139983048579,0.000833212517285988,0.000135639247000045,0.0658916264123529,0.00123044174064326,0.00470256151262753,0.00149824909666771,0.000415839541419458,0.0201093049997132,0.000833212517285988,0.00117770852318712,0,0.00258629053843066,0.000519304545657314,0,0.00176547095953964,0,0.0023406064593835,0.000140100147209707,0.00131334777018717,0,0.00840277467993041,0
0.00479459996170704,0.0063193104523605,0.00173501434210981,0.0875102707883624,0.000765731944997009,0,0.000796525459011171,0,0.0236972560530217,0.000414750772511152,0.00553197477017868,0,0.00367251035908085,0.00190303978700606,0.00288093527140563,0.000165673669238061,5.39402644030897e-05,0.00935554286205557,0.00268124235230013,5.39402644030897e-05,0.00273015928599042,0,0,0.000189160379276589,0.00105036354970582,4.50733716244996e-05,0.0201140340002665,0.000207375386255576,0.00835631296923469,0.000646406884151237,0.0644421077384334,0,0.00145463456151174,0.000165673669238061,0.000716465737694118,0.445347127780308,0.000161820793209269,0.00450007848061651,0.00821594921829294,0.000211568221933967,0,0.000105784110966984,0.000245678282940681,0.000351462393907665,0.000243100643679678,0,0.000204797746994573,0.00246672238025788,0.00287696752316647,0.000360586972995997,0,0.000315255915061755,0.000107880528806179,0.000617452101666529,0.00309493599001047,0.00128479366999355,0.00196695297729431,0.00393011439548293,0,0.00542304253971678,0.000725813851894516,0.00502016551770693,0.000337921444028876,0.000107880528806179,0,0.00094248302089964,0,0.00513308101967966,0.233547425147671,0.00201174072072006,0.00294202167392255,0.000157627957530878,0.00401119089109445,0.000297040908082768,0.000144087007652089,0.000107880528806179,0.00110900503693453,0,0.000269701322015448,0.000411351952178742,0.000322284076310892,0.0072298139812903,0,0.000103687693127788,0,0.000585696144808753,0
0,0.0037578353941742,0.000717798126906582,0.0024141282948207,0.00107974441525177,0.020418230035214,0.00367195089299287,0.00428161450634279,0.000884073925652452,0.00899405702911252,0.000607461646868144,0.146772497496425,0.000467445469676308,0.00610573681411814,5.73916795783956e-05,0.000229566718313582,0.000779511751334861,0.00190008234300509,0.00686849956508624,0.000254569188791136,0.0139772125906772,0.000931150719690295,4.51481212683378e-05,0.000543866200021037,0.000166611559592383,0.00676618620760111,0.0458489986102585,0,0.00270044640458677,0.000921655715286577,0.00162541435377385,0.00019395264340786,0.00109099630780585,0.0883488920940342,0,0,0.20940981953444,5.73916795783956e-05,0.000366127682143046,0.000529408962641526,0.00853167920570103,0.085169287632102,0.0150214093023534,0.000159931480425129,0,0.00155018440317547,0.00450525465529583,0.000343748831303362,0.00120044653537733,0.00019395264340786,0.00326701550370633,0.00145033849749262,0.00381159617157518,0,0.00242853477765364,0.0197764583148673,0.000277568806777281,0.000678603904370017,0.00248876090344795,0.000543866200021037,0.00520252842441033,0.00406650112121283,0.000159931480425129,0.00805168174623938,0.00725961800511917,0.000662620126397639,0.00121479835946782,0.00027471483958192,0.0181703463055721,0.00338842818748381,0.00192789973871911,0.000951971796369995,0.0401217189289031,0.000392352165934072,0.0255154388713042,0.0530704218669889,0.00262251865462862,0.00178271050197344,9.02962425366757e-05,0.001674533042262,0.000639124675533504,0.0023203963599011,0.000502458298415019,0.00198037603567239,5.73916795783956e-05,0.00813356444663378,0.0745815456492111
0.00178098434725621,0.0209443880770247,0.00352240446990835,0.00207380306090568,0.00142423153868283,0,0.00195567832608429,0.000250194522528978,0.0331552172001712,0.002061834972688,0.00160116384918243,8.41563393961108e-05,0.0104073302277344,0.000466519826629623,0.00106952747481443,0.00666511665623034,8.48061952987835e-05,0.00353898921993714,0.0348613401748146,0.000212922601608573,0.00119032396122219,0.000545152390853016,0.000427776688931245,0.000801994511873752,0.00130020823826931,0,0.0615563069701643,0.000129646252583198,0.000714706151955148,0.00118197062797072,0.0145509922831146,0,0.00315495123047886,0.000374240288450104,0,0.00731454407044105,4.09409218683782e-05,0.193730855449215,0.00144777977415776,0.000334865376842972,0,4.32154175277326e-05,0.000294975950317957,0,4.32154175277326e-05,0.000632765678722957,0.00041797022089572,0.00202036145390782,0.000128594757239834,0.000674415085989443,0,0.000547616473478918,8.43278443687386e-05,4.09409218683782e-05,0.00762425903756001,0.00193728839032923,4.32154175277326e-05,0.0135430792025799,0,0.000773500029153106,4.21639221843693e-05,0.0408281332395503,8.64308350554652e-05,8.18818437367565e-05,0.000127371756923843,0.00248844729079869,0,0.00139982139483109,0.439170395762847,0.00749949163569975,0.00539982447424945,0.000251760532790225,0.0105861000523737,0.00126436698662536,0,0,0.000336088377158963,0,0.000122822765605135,0.000545684987764819,0.000515430524302701,0.0386947390498965,4.21639221843693e-05,0.000248569882772296,0.00113269883835846,0.00532800635600716,0
0.0102905173399662,0.0709365267095998,0.00605955227092028,0.063912085886993,0.00766886949637984,0.000983819880747523,0.013502761883027,0.00169703238344224,0.0117996216139947,0.0160409420421303,0.0129201724345851,0.00071680400174703,0.0115295580247355,0.0158217717862966,0.00279673537005432,0.000191264074477114,0.000958450341671692,0.0170757020003257,0.0259398114743773,0.00401990490109392,0.00760981309851397,0.000253368182601697,0.00170235496945643,0.00728987675365108,0.00789713146456507,0.000191264074477114,0.104800956691832,0.00020897694268827,0.0140154378553399,0.00895775800660752,0.0318698111291571,0.000442080033457252,0.00468713842524861,0.000779126248642686,0.00511464678879816,0.0355995478369693,7.47125290926226e-05,0.00211520440758985,0.024235527534931,0.00684382036202398,0,0.000739839455972376,0.00470893983728331,0.00215573459125528,0.00741901802239466,0.000297759422515123,0.00251757539404136,0.00708737853246369,0.0105133024668634,0.00926276119445636,0.000238207538012099,0.00644914811605728,0.000951368622282204,0.00169296721162988,0.027994633512,0.00754136115215115,0.0224768834137332,0.00559029214658728,0.000641000778799041,0.014978645180355,0.00119963235764078,0.0489636466938953,0.00239567789063149,0.00139369484092395,0.000641669218318972,0.00644148365452221,0.000432023836110771,0.0642094651247929,0.0369090878562813,0.0100176148304149,0.0181734947145568,0.00114372339061468,0.0186033511861635,0.00528090592757395,0.00029885011637049,0.000373562645463113,0.00353724326554663,0,0.00655984730984069,0.00607726981353367,0.00111981538130504,0.0423589531689901,0.000119103769006049,0.000325528488072761,0.00339297407302911,0.026779474348261,0.00044463225707881
0.00157684613561379,0.00836617745141873,0.000127811011861446,0.00163170050515536,0.00126507597815341,0.000144938970977183,0.130730089209141,0.00736545324132099,0.00172715100320922,0.0393144930198684,0.00171065645643359,0.000294041906435819,0.00163032232076698,0.000427795843899938,4.36296253073172e-05,0.000132576513343503,0.00111004179097651,0.00399951445558591,0.10317616952093,0.00270982486672443,0.00113781301171735,0.00186626321543501,0.000593363734523518,0.00434713494801994,0.00448088811198581,7.33714134318514e-05,0.0954953863976694,0.000249981592497319,0.000802180038136538,0.000430397735037072,0.00372710717913465,0.000548337045531507,0.000501976634866554,0.000976711406728309,2.37749660925048e-05,0.000274185372159445,0,0.000996404563185963,0.000330527407200819,0.148776298644385,1.39963418763965e-05,0.00170516255716823,0.00693860660986357,2.82430567919657e-05,3.6631454369119e-05,0.00277260324995977,0.00139626326319391,0.00175881563939056,0.00135824276081616,0.00244982504443507,0.000142362851330967,0.0551667782006231,0.00076365768104676,6.02577150703257e-05,0.0143110532665933,0.000537357100765427,5.18693174931725e-05,0.00115654983870017,0.000136004664639822,5.88674884313708e-05,9.57963535830857e-05,0.0177014846077328,8.38839757715325e-06,0.00148764172074021,0.000862022562115034,0.0733838172454808,0.000197455986488765,0.000196676815686688,0.00531179340529661,0.149192680075069,0.00221152353281265,0.0125995037046215,0.00594946801840477,0.019531963176861,0.00017715708616162,0.000237853203634484,0.000606921552387049,0,0.00030346848996488,0.000332220006606547,0.0244557835304355,0.009250695257888,0.00150841627723825,2.9382910391748e-05,0.00214046106820784,0.00808430819364163,0.000183555473550449
9.1253041482169e-05,0.00262289600560966,0.00214067285281479,0.000332993554882301,0.00146119218553779,0.000691830702966319,0.00877184155270138,0.0118656398450574,0.00141442214297362,0.00905143263844562,0.00369860698458555,0.0119141251703562,0.00112762686974394,0.00891581095022776,0,0,0.0108957046347168,0.000755181811965218,0.00531840564698521,0.00101293163088854,0.00531600425115673,0.000174501430202744,0.00016649677744115,0.000866332133169063,9.1253041482169e-05,0.000257749818923319,0.0273817444059484,0.000257749818923319,0.000594631348004108,0.00016649677744115,9.1253041482169e-05,0.00313176321688241,0.00016649677744115,0.00883038987004332,0,0,0.0150036924319667,0,0.000523275586243616,0.000936544373106471,0.178234800250751,0.347078198825054,0.00699389382216909,0,0,0.00335840924221782,0.00162540191933277,0.000832483887205752,0.0013399788722908,0.000255691479641767,0.0330076430711611,0.00133506172845153,0.0170879896589035,0,0.0108302951864364,0.00218069611662276,0,0.00841906507027971,0.0943380346564872,0.00016649677744115,0.00307470147791047,0.00852392602145659,0,0.0223048505679987,0.00695432796709036,0.00163226305027128,0.0194797799040677,8.91947022006163e-05,0.00512526481106618,0.00195759500893891,0.000805268067816333,0.000444143876086146,0.00810230952528521,0.0028485128613043,0.00204576054149875,0.00554516602450293,0.00109023370612907,0.000507494985085045,8.32483887205752e-05,8.32483887205752e-05,0.000698005720810977,0.00493864204953874,0.000505436645803492,9.1253041482169e-05,0.000879025225405304,0.00134638259450007,0.0477208809600643
2.30262041012651e-05,0.0064320150781565,0.00115938345348436,0.00117842368765773,0.00142459220691612,0.00106052644566667,0.0198138516305818,0.0153296256948272,0.00121728725247772,0.00851569271807398,0.00138819954714387,0.0245691262829842,0.000385430316320965,0.00225460027190006,3.95323636547499e-05,1.29472943163901e-05,0.00810254103912488,0.00222273104374558,0.00947419282683342,0.000627946309147518,0.00853496160719487,0.000873095119327998,0.000371363441226859,0.00194816591383727,0.00169707308225915,0.000857700122238888,0.0310137294175997,0.000276907640759956,0.00205509629657752,0.000376187912875439,0.000181208889574863,0.00380637688189717,0.000301425762363211,0.0221255537371916,0,3.88418829491702e-05,0.0136482713960804,9.54644251537883e-05,0.000260964097589942,0.00222090179939176,0.0227804720740597,0.472987763370519,0.0077519121996266,2.58945886327801e-05,0,0.00517177441653432,0.00226243972893749,0.000403780461227193,0.000816403180338453,0.00102752854772477,0.0327323720564939,0.0053679409399561,0.0166251072444056,0,0.0092976625670585,0.00289211821286544,9.49732009365756e-05,0.000601083330448781,0.0296779972315315,0.00045032648046671,0.0034712950441053,0.0121897721157682,2.58945886327801e-05,0.0389243270480962,0.00949170069407009,0.00180775167664916,0.00990679488151856,3.88418829491702e-05,0.00589755176379335,0.0075015725481227,0.000941909097762999,0.0037663533775639,0.0197295058807374,0.00160881510328373,0.00225555281586954,0.00511878247066146,0.00123650909738087,8.55847718572802e-05,0.000214698765969019,0.00064688563812812,0.00102681990570754,0.00338938170229248,0.00130817540659758,0.000133203256052176,0.00109155887628979,0.00450606124329017,0.056802189421883
0.000547822751904173,0.0111276936722973,0.000590581965708795,0.0030621848843372,0.00502893889831235,0.000363651476058173,0.0176770209854727,0.00886702345968047,0.000832725176008442,0.120253923192256,0.00226428294973153,0.00183084789923037,0.0010528353598215,0.00321416854258222,0.000264136651929131,0.000178232798344219,0.000749400132077915,0.00549874574957605,0.0185852490000892,0.000393687924242294,0.00320608830925768,0.000424228215389326,0.000419962608202221,0.00119947546995926,0.00189104576296697,8.27092143316064e-05,0.160518370162658,4.65067257298226e-05,0.00108106264125151,0.000908377461830616,0.00160225783507588,0.000365304048818516,0.000613330901715398,0.0188992972493518,0,3.17393134679019e-05,0.000515755704326566,0.00095560921059983,0.000270095619533193,0.00402841654255328,8.22277681957719e-05,0.00237096716912557,0.293068020844073,8.53556370724573e-05,8.02716636023796e-06,0.0010138448582212,0.0548927096761725,0.00166239518499383,0.00276727122106489,0.00123624999850582,0.000219559735494858,0.0120958730442674,0.000717463569492628,1.45827362753958e-05,0.00363392664486003,0.00132162164956595,2.40814990807139e-05,0.000946560304814279,0.000363796320876262,0.000197118229792071,0.000588447946812618,0.0137922941308669,4.01358318011898e-05,0.00311233721786688,0.0100078940338211,0.00168839647087437,0.000163621017336338,0.000241650147521129,0.00403314112027953,0.0231898670787026,0.00752108294317638,0.0216404952941346,0.0526707605318138,0.00264865020551612,0.00050874965223597,0.000913735796119813,0.00110799394246697,0.000203558643531966,0.000158566088598746,0.000361970057364849,0.00112057007032292,0.00415178995275504,0.0010640763739682,0.000766364580177984,0.00106735584934671,0.0699031520992542,0.00116890319834871
0.000874003138653875,0.00553138236133089,0.241999021548047,0.0753023966598065,0.00215196300240033,0.000106107298000215,0.0013099703847398,0,0.0024683054157156,0,0.0153288844296876,0,0.000421932549694974,0.127367874635244,0.0441093031071507,0.000307408000492053,0,0.0072613503979786,0.00635912628468854,0,0.0112638781769807,0,0.0090039621445897,0,0.000106107298000215,0.00123626593723814,0.0212870588766303,0,0.0112402403242917,0.000106107298000215,0.00843647534846149,0,0.000153704000246026,0.00042380503142439,0.00203440681611169,0.00304112432648281,0.000210966274847487,0.000461112000738079,0.00224965304919784,0,0.000105483137423744,0,0.000212214596000431,0.087131808901969,0.00708003175051353,0,0.000212214596000431,0.00025918713766977,0.00487672708240855,0,0,0.000682368008517688,0,0.0384988396007808,0.000977702960144842,0.0307130159869726,0.0236907458395217,0.000316449412271231,0,0.110616956247601,0,0.0445878291879723,0.00685462061661055,0,0.000106107298000215,0.000212214596000431,0,0.00726592460334618,0.00904349825881936,0.00260795688641134,0.0041488488512864,0.000212214596000431,0.00484878252174194,0.000106107298000215,0.000365294435669985,0.000210966274847487,0.0024797364708447,0,0.000106107298000215,0.00379395114750451,0.000106107298000215,0.000317697733424174,0,0.0013251285701684,0.000106107298000215,0.00345619110983659,0.000210966274847487
0.000404854083718557,0.000666902620573094,0.012134095092866,0.0336681694741885,0.000662944876793966,0,0.00314148727291991,3.51845180855401e-05,0.000732613228272644,0.000657941370683623,0.0039407414066181,0,0.000692231965385124,0.0145331307668611,0.00636647736890365,0.000365580323821623,3.51845180855401e-05,0.00601369578804778,0.00620707901983355,3.72291389912373e-05,0.00318932898513392,9.25499663124861e-05,3.72291389912373e-05,0,0.000441483165719973,3.72291389912373e-05,0.0304648428115404,0,0.00408466811394414,0,0.00246907238405886,8.14595012417831e-05,3.51845180855401e-05,0.000508940220443139,0.0255025722141383,0.00331555301130769,0,0.00107224010015185,0.00457877177361174,4.6274983156243e-05,0,7.03690361710802e-05,0.000146871935059252,0.00525939781121187,0.243344355150608,3.51845180855401e-05,0.000285565386495715,0.00121955314248013,0.00191175452812007,0,0,7.44582779824747e-05,3.51845180855401e-05,0.0045360705695526,0.000493024651051091,0.00436867806999112,0.293341945246185,0.000849849287876266,0,0.167840220790101,0.000211107108513241,0.00443365178958837,0.0138797402229184,0.000441614663752239,0.000224242194489641,0.000331971867684224,0.00021928559213603,0.0630160095408977,0.00386200435735825,0.00141852431417595,0.00279144480992164,3.72291389912373e-05,0.00582389722373123,0.00011868864023302,0.000726308980480078,0,0.00202022437131246,4.6274983156243e-05,0.000129779105303723,0.00102828505816722,0,0.000692862892704631,7.03690361710802e-05,3.72291389912373e-05,0.00143152419289443,0.00694230499589327,0
0.000382585205579435,0.00480389593438496,8.68498629794871e-05,0.000532744727913666,0.00128871800070937,8.05861976266907e-05,0.122549654303881,0.0285430176589255,0.000127350840099827,0.0025847029100123,0.00148213330141852,0.000344246609582458,0.000385803069761596,0.000876545918378808,0,0.000194592999429322,0.0135959856167234,0.00303690922305723,0.0162725493189236,0.0012327587762788,0.000206816532821048,0.0551545369357464,0.00105217094060295,0.0147364665173284,0.00378929722135106,6.69083101599262e-05,0.0273614999247476,0.000800638547753582,0.000143892578224591,0.000184039541820768,0.00042270211731991,0.0231228154706095,0.00014560751149984,0.00244923967238989,0,0,0.000456032565928744,0.000481067452337712,0.000306873341077173,0.00634421878846996,0.000256234662962268,0.00675455757952625,0.00820389835338072,1.73699725958974e-05,4.46055401066174e-05,0.43685842976421,0.00178870777868626,0.000284508827934038,0.00152810176951479,0.00683239742382029,0.00282475282487042,0.0220528895442651,0.014351835808061,3.47399451917948e-05,0.0218962592569758,0.000463051195783316,0,0.000521758628093374,0.0009374021762019,0.000161262550820488,0.000760282471193536,0.0120948043210635,0,0.00716355188560013,0.0031718776501643,0.0101867449212122,0.00203357723044505,0.000172290229376014,0.00281682109197302,0.0165795839543453,0.000467245914336701,0.00243636292866583,0.00625011266261054,0.00808102652054492,0.00105394722761565,0.000858483974397009,0.000385390591904451,0,0.00176230485147619,0.000191897933026005,0.00538548986665065,0.00573191458002015,0.0448614930116595,3.96727426492061e-05,0.00268117795306099,0.00210326951254935,0.00129145792460477
0.000817220943306306,0.00848258587779109,0.000589957869090478,0.00302178003140852,0.0121328368931373,0.000412804316103828,0.00438413781143756,0.00260813106664018,0.000897746725796767,0.017368765875798,0.00286224119971177,0.0034024715711099,0.000673470471159008,0.00152699995649392,4.20920379546618e-05,0.000171819740706176,0.000550338533433547,0.00638406247819571,0.00948598657127705,0.00027939807807943,0.00697147490887693,7.33363533655104e-05,4.11302687583999e-05,0.000558343931665004,0.000925744516094494,0.000464494792511991,0.0701090246424781,0,0.0014713277744027,0.00138205660091977,0.00233618390727108,0.000267028917414388,0.00144596196461311,0.0938566843768133,9.80168259146903e-06,1.07353615357035e-05,0.000481054725360186,0.00107591837984332,0.000273854409287213,0.000772588961437814,0.000198566427277152,0.00138894268075503,0.107019195128887,1.07353615357035e-05,9.80168259146903e-06,0.000421063082695815,0.245605565376846,0.00288609856220831,0.00433160074288878,0.000296878341284645,6.16954031375999e-05,0.00250119018041386,0.000738608626441227,0.0001154564815722,0.00235390440471524,0.00252019778666221,5.37048979305449e-05,0.0011841417690822,0.000380946375633091,0.000603605516282428,0.00166407946921513,0.0127019070743959,0,0.00340586136353068,0.00835761433649631,0.000790685781523924,0.000223968497889688,0.000169273740510854,0.00423033814059272,0.00444924182825245,0.00912046611208344,0.00387908514278726,0.19537723349727,0.00146646088700101,0.00115111603481581,0.0015831640154955,0.00215517367257097,0.000118201337900848,7.33644436175378e-05,0.000791798507000084,0.000443235038136894,0.00282760647505422,0.000523516412849399,0.000106560387672938,0.000839341106247971,0.110106389663551,0.00214082368082478
0.0108060938691931,0.110591481325121,0.00092972618379628,0.0024246934551337,0.0454306325714679,7.07491770425779e-05,0.00163793255155108,0.000367934910661657,0.00484184645906562,0.00328635862778448,0.00374094261991714,0.000298526669157025,0.0125716553349529,0.00110434824089093,0.000324451587419942,0.000147017811671869,0.000273790727866269,0.0412413920192466,0.0182809688951677,0.000174051065843732,0.00151748067621573,0.000153368259868746,0.000456979581168016,0.000533171396714836,0.00166274965759832,7.92130755722676e-05,0.113910646911799,8.74905301938883e-06,0.000678035208231445,0.0584733481743411,0.0061279769736783,1.75395380183486e-05,0.0280801401158267,0.00147344907026778,8.76976900917428e-06,0.000936723560169424,1.71982804359638e-05,0.0015259944026204,0.000348812583228063,0.000488111159504368,8.76976900917428e-06,0.000432976791210986,0.0014908142541314,0.000111421948388685,0.000157265992705327,0.000144577774869787,0.00188460622486955,0.128523881585361,0.0156836052451912,0.000411686220635272,0.000245027595080673,0.00053974743279183,0.000349904548821244,8.74905301938883e-06,0.00290476338174059,0.00140224473025479,0.000148941061227465,0.0109892255720156,0.000253069071271486,0.000346877243919126,0.000246569854276963,0.0326458445975882,0,0.000369929019138143,0.000298253604420667,0.00205601044162526,0.000120749936623917,0.00022571409999765,0.0125340827959482,0.00658035786591039,0.154594880875247,0.000305340382867477,0.0841230178057705,0.000798163895502825,0.000165845560937285,0.000146786178915082,0.00119774431663879,1.72189964257492e-05,0.000180297934091682,0.000659903763086789,6.09642615226934e-05,0.0118985905062603,0.000137927501070095,8.76976900917428e-06,0.000254184334214227,0.0490997688978064,0.00019187575835178
0.00400281361709564,0.0155718860206385,0.00430574526785547,0.00733834219364664,0.0859793877068783,0.000187510393898568,0.00243767182753342,0.000660541636917742,0.00188424046586997,0.00157766818725449,0.0142399140409666,0.00089072471333925,0.00241957334565136,0.00274324486628081,0.000143195742703012,0.000313219568510555,0.000297565701165301,0.10766050303092,0.0102428204520271,0.000100141037754647,0.0100782887269564,2.99565596537812e-05,0.000236655844276414,0.000234622940651017,0.00110026848988664,0.000771397077792631,0.0438349914148385,0.000282287156896047,0.00443407163503679,0.00246152241868247,0.00279752371309249,9.42376547850664e-05,0.00398361965201316,0.00369218663699613,0,0.000636031777945278,0.00029477458471199,0.000656309861260411,0.00095219276959255,0.00036849262070898,8.55171953831613e-06,0.000510529505562342,0.00532083599606304,0.000273065831401351,0.000227458893646806,0.000561624127667069,0.00526888575139347,0.0167123519828218,0.283277766656226,0.000105466043557385,0.000292051787665815,0.000539384510730287,0.00095088123237324,0.000226600539501999,0.0047744415433038,0.00619684237828998,0.000429195495614655,0.00218998509569216,0.000285833116564019,0.00183768530100179,0.00110059285005453,0.0124277384369615,0.00020672001073491,0.000637249444518508,0.000519704264596986,0.00134762155026186,0.000142968233992923,0.000605164954157932,0.00841361037635515,0.00248201433286929,0.0280014887409931,0.000666787922897367,0.198704342123014,0.000709343027850227,0.000901778580071394,0.000610606899497472,0.0337879765170855,0.000144521157146126,0.000976975357883707,0.00719871059456003,0.00027370813152727,0.00430687880375938,0.000287800910887213,0.000261120761779833,0.000277564304969041,0.0246907739665176,0.00039065888375729
0.000566403103299954,0.00394606117875712,0.000196886692024929,0.000466515073212066,0.000619871747351603,8.67669015577547e-05,0.00966259372210011,0.00164117937235259,0.000637954039084127,0.00166390207474633,0.000862991673659563,0.00020194061107348,0.000659730397357437,0.000545527116709827,0,6.31648418162842e-05,0.000229514779291982,0.00111241469482742,0.0326033024910134,0.0335721869263923,0.000604957433129973,0.00332950195671202,0.0218027352362687,0.0553252706296345,0.0126392408300497,3.68804894299098e-05,0.0290077490910765,0.00135003051709979,0.00105802527490864,0.000498454072125382,0.000640354511809904,0.00045443550320015,0.00043373225784856,0.000713658018901408,0,0.000258206480144976,1.80462714302338e-05,0.000229567418104358,0.000298928300538186,0.00191305904935132,0,0.000193422236431514,0.0010022695651274,0,9.0231357151169e-06,0.00246078810540197,0.000133090592082348,0.000898097736565633,0.000558171715210116,0.412254516188868,0.000298956511072199,0.00135342402848131,0.00179347190724112,8.33024459643404e-06,0.239693080276737,0.000738193283996784,1.80462714302338e-05,0.000581067315225759,0.000143692831495427,0.000206327593515013,9.0231357151169e-06,0.0118910820040018,0,0.000475270574603132,0.000199661148310126,0.0198212477621027,0.000800880072113585,0.000167104461586767,0.00296997456293881,0.00923532996827735,0.00213322274760666,0.000228404714604198,0.00319717995811648,0.0384650812859317,0.000136975113055329,6.70954446094117e-05,0.000113599797232828,0,0.00606362981797701,2.8684825112152e-05,0.00488711739387346,0.00426797039370157,0.000464772247237641,2.33655482711929e-05,0.00957732635330659,0.00241712840212275,6.31619500058183e-05
0.000314052378955098,0.00122886068089286,0.00118641268039161,0.00132308584916463,0.000552702704091091,0.000839656891102791,0.0269256200728183,0.0146425535957096,9.36872216668701e-05,0.00275169085104305,0.00183043818803752,0.00814775013812327,0.00140769454654636,0,0.000275456446610285,0,0.0393306385711494,0.00666595146211652,0.0152740815474564,0,0.00933221696564137,0.0052063143063402,0.000157026189477549,0.00402846767312375,0.000486059841116986,0.000268103673556924,0.0152764640478073,4.6843610833435e-05,0.00333193203305417,3.62407758672808e-05,0.000768965150238751,0.0185682226661303,0.000717315136992132,0.00956618087614708,0,4.6843610833435e-05,0.00200420246649696,0.000385639025254399,0.000366788511799622,0.00204711740773847,0.0149871164725113,0.165714886907459,0.00187045906144301,0.000110182578644114,4.6843610833435e-05,0.00951823165769311,0.000571553217545867,0.000387895776865182,0.000595730907404722,0.00383316764118037,0.257069433832527,0.00558329262830951,0.128993789801527,0,0.010793860698639,0.00162881954376647,0,9.36872216668701e-05,0.0772755395882207,0.000202643019638843,0.00169941287976376,0.00786277151839582,0,0.0280919957030901,0.00262409620655517,0.000719149519478769,0.0388704581901051,4.6843610833435e-05,0.000813822140468166,0.00544548413750522,0.000830514307178908,0.00137779142999917,0.00635523950113954,0.000195622121822362,0.000311697222477565,0.00141723769616313,0.00103438410748989,5.50912893220569e-05,0.000477300650271987,0.000275456446610285,0.00077396276681458,0.0058970840551992,0.00453809498366819,0.000148778510988927,0.00181601434998071,0.00177790021558153,0.0118353844788951
0.000703967910914708,0.0139755646016848,0.000398715248861354,0.00158796886173059,0.00141742777405461,0.000142305592778863,0.27139581555555,0.0516694629405201,0.00120463741252177,0.0183740675127113,0.00117016031846701,0.000305536376497881,0.00291811852946328,0.000464796357393355,0.000523263193922152,0.000131010916231655,0.0029081432337467,0.00326414263342609,0.0391638647963486,0.00266673862617783,0.00193203886656723,0.00627730082722212,0.000588590074728265,0.00528379397966003,0.00199842648546309,1.07307843499923e-05,0.0899385050171933,0.000374506654724687,0.000691483850027371,0.00066607165302425,0.000817431768558688,0.00123675167424435,0.000279279955775647,0.0025232126916556,0.000118931770680508,0.000195655779333099,0.000214606963159975,0.000716747905773162,0.000300706670121267,0.0526755807158905,0.000194816281454386,0.00432430652111433,0.0182050703806721,4.09417903697118e-05,0,0.0109903282853555,0.00607421520081893,0.000870602222337427,0.000898524804213657,0.00353085923319375,0.000400666467377648,0.190072536682408,0.0027407774495123,3.39115440790095e-05,0.0149277909829234,0.00106657991238692,0.000275969806987801,0.00162202539260141,0.000466240711586942,0.000329301818021364,4.91132707351172e-05,0.0188293239433502,8.18554512251953e-06,0.00486795462394334,0.0028851924234239,0.0122650809870435,0.000903553154049713,0.000119426569245836,0.00570188913262269,0.0395110650707507,0.00217318519604792,0.0152426225924989,0.0111725749853456,0.00957084885952319,6.24033590696965e-05,7.23080952212485e-05,0.000238324100648821,0,0.000551725615562148,0.000129029569201398,0.0141953066949495,0.0058272329490405,0.00778890824759575,5.65008971734247e-05,0.00342590069326443,0.00581348710194642,0.000247328354052803
0.000198124260165357,0.00564179657098545,0.000204497742799353,0.000291893438016215,0.000582658079147072,0.000311866321697281,0.0266120223767416,0.00680220528783716,8.66672972015481e-05,0.00176664076746093,0.000633105675017951,0.00266139647477891,0.000322844320356654,0.000111432829722218,0.000169294476820398,0,0.0374523853263941,0.00276528910385142,0.0132911428579319,0.000517444594898809,0.00475371562143068,0.00309000385690156,0.00040295000210998,0.00711204704350533,0.00224506215913754,0.000229427274892658,0.0275970775938259,6.19017646808785e-05,0.000565018560517303,0.000105435612716674,0.000297186390248035,0.0396775976991277,8.66672972015481e-05,0.00477172482228256,0,0,0.00115087771896608,3.09508823404393e-05,6.20898974951047e-05,0.00278628523697595,0.00207273608580252,0.0300443380414649,0.00199741059587733,0.000210847092191758,0,0.0161062155563549,0.000223241925072888,0.000212640192041968,0.0012584432854485,0.0114343579739375,0.0512020356945482,0.00856961010307984,0.473426117194938,8.70435628300005e-05,0.0160941668225502,0.000812811871081802,0.000435946212165316,0.000291517172387762,0.0248343395155709,0.0007454791688113,0.000552107595676676,0.0128300175475632,8.70435628300005e-05,0.0143704110383368,0.00258285446737541,0.00502696682237405,0.0732875982476145,0,0.000755240142293263,0.00806672289244908,0.000726834891059939,0.000944243598699919,0.00870661639656511,0.00476411089103078,0.000699589153359909,0.00143776342062702,0.000709759770872849,3.11390151546655e-05,0.000792352241211881,0.000548205463451781,0.000589383694167929,0.00637441648397524,0.00965282124702503,0,0.00423915798330222,0.00247419458260205,0.00424242354804506
0.00161936451663153,0.00495687056840827,0.0667115985943569,0.00744170479484878,0.000449225542119924,0.00024651573726275,0.0004930314745255,0.000328687649683667,8.21719124209167e-05,0.000482950905343752,0.00383520315559251,0.000202709804857174,8.21719124209167e-05,0.371933415897243,0.00809224848896925,0,0,0.00157330373407164,0.00363360241557404,0,0.018593310770111,8.21719124209167e-05,0,0.000880326069711711,0.000588946424563852,0.000144182686478337,0.0169456917091337,0.000328687649683667,0.00734025037460597,0,0.00367535679090034,8.21719124209167e-05,0,0.000920521155221597,0.000602510649424184,0.000101354902428587,0,0,0.00252734749162285,8.21719124209167e-05,0,0.000726062814051626,0.000236435168081002,0.0379700151301584,0.00619277804578061,8.21719124209167e-05,0.00081316591399435,0.000386236619706678,0.00180966705774131,0,0,0.000164343824841833,0.000514719971855928,0.172524965622678,0.00710028312239133,0.0265987461976869,0.0206232155403522,0,0,0.140909259787483,0.000236435168081002,0.00425747852856805,0.00619802800961642,0.000917157240228574,0.00118162716197473,0.00550538721571854,0,0.00711920481161407,0.00319726097122046,0.00194601178503324,0.00216526815609245,0,0.00468270218331251,0.00132062002105045,0.000318607080501919,0.000101354902428587,0.000255618158088672,8.21719124209167e-05,0.000419961982930506,0.00100469726062839,0,0.00734722832957963,8.21719124209167e-05,0.00105981256773998,0.000164343824841833,0.00862364966877586,0.000101354902428587
0.000402983170327786,0.00761456083039702,0.000487405197636058,0.00111038795888643,0.000802429036118241,2.85126423904872e-05,0.00678073638350675,0.000631906445685404,0.00109878684529301,0.00245628400499273,0.000612567797703999,0.000105046283375354,0.00205372900750135,0.0012899268101547,8.17489023509755e-05,0.000114385784024025,0.000238253728915575,0.00127167013504592,0.0469827758479198,0.0289498071498483,0.000961091587814155,0.000546308860120525,0.0169755048827188,0.00652396460530103,0.0321755739750857,2.4340984343982e-05,0.0385826887921875,0.00235867399729568,0.000401429857702075,0.000438173513635171,0.00100422241016885,0.000298148872773352,0.000274834707583647,0.000914857815843554,2.69258108794172e-05,0.000252973180079909,2.39613253870929e-05,0.00043863524447087,0.000192806141627974,0.000798425417925247,3.72713879309576e-05,0.000376834489709127,0.000423637280764406,5.94235173659595e-05,7.51736052662956e-06,0.00101650854579078,0.000278942856275184,0.000580875875995454,0.000714537850224565,0.0174464219272711,5.60708600982736e-05,0.00104039351862226,0.000329347190541901,1.27831993135689e-05,0.65866091696152,0.00062981603906388,3.49922471872102e-05,0.00102774531636985,6.09282242253147e-05,0.000302527744333765,5.98908298273671e-05,0.0215902484660608,2.94752282562406e-05,0.000265915923763621,0.000304374522033468,0.00747307839058529,0.000153180130239852,7.67463854095505e-05,0.00434946180741057,0.00453987957222815,0.00150119753980505,0.000174379383326525,0.00369504463504563,0.0121322432166558,6.32735091935531e-05,7.97120869939047e-05,0.000207973189916371,7.10732783582038e-06,0.0190754607138883,0.000183398905825375,0.00175134295692738,0.0111489488057186,0.000104530806284098,1.65864853445984e-05,0.0184248928632566,0.00302397087049256,0.000142747109526521
0.00126827348738766,0.00994453457400316,0.0952758657275789,0.00725993499893303,0.00394106537446676,0.0012439133296556,0.00109671013592188,0.000302908099574134,0.000868350855747363,0.0013659409833125,0.00514927967619658,0.000955566121478669,0.000824197213517721,0.0628668621633028,0.00180975056816011,0.000197420252718933,0.000210866907514945,0.0186278101631165,0.0146205389354942,0.000171723958616118,0.0728196521377252,0.000107216887074596,0.000391962440519848,0.00057298052566598,0.00227040644519177,0.00912978543595081,0.0342390068042451,0.000114739657908304,0.0120144516790299,0.000510206489733942,0.00125505012563727,0.000172896978710035,0.000138974144906414,0.00423535978342282,0.000131764064259744,0.000137853137121902,0.000279853403853259,0.00031446686454169,0.000912256777643569,0.000204632374480448,5.88394435536845e-05,0.000743111119794455,0.000974577593861126,0.0032358666341827,0.000794444892999189,0.000144619910832847,0.00126485281099318,0.00106340388018457,0.0081692311610127,0.000468060468391771,4.47475874370359e-05,0.000705542871017223,0.000200159628647931,0.00176351886506309,0.00493242858345484,0.440722044168642,0.00253260325501707,0.000514003369876651,0.000157443134150583,0.00504838797885635,0.00301636692518976,0.0107073763102673,0.00049233438133674,0.000704160552886133,0.000786500924745595,0.00151579184344126,5.2935040864462e-05,0.00148734857840267,0.00540031244008115,0.00220473464174292,0.00581953137030674,0.000263947532278964,0.0312856740749013,0.000973417926316313,0.00431603722459017,0.00146366865216366,0.0170750946190004,0.00101751848726413,0.000398277310943167,0.034712947703754,3.82566747008553e-05,0.00415161606902718,9.82300520750763e-05,0.0170735321317542,0.000308525756367412,0.0125718300427107,0.000571115690598567
0.00118171506111509,0.00448205004404392,0.026562380150544,0.0323099273525729,0.0047746671508214,0.000149276595239429,0.000285819805490989,0.000178234579459279,0.000664708642593458,0.00144688095673215,0.00719437348805824,7.93308066578505e-05,0.000548575430594288,0.0119590778820405,0.0134249440998294,8.19259261509357e-05,0.000197708180457814,0.00626209313089246,0.00642812984387656,0,0.00492172640291268,6.31062074258701e-05,8.78197299830968e-05,0,0.000497207148260219,0.000386624513009203,0.0237818138477404,0,0.00511920646087051,0,0.00821360316634609,0.000172994657900587,3.15531037129351e-05,0.000564607499921234,0.00635495159782508,0.00288225851992435,0.000195404956014807,0.000410743215935174,0.0040298389807948,0.000571941522038675,5.46172841006238e-05,0.00072346164314197,0.000689363102508471,0.00921204790194324,0.0446121943015161,0,0.00147464979851521,0.000234451523156919,0.00549607623797176,8.09801488273885e-05,0,9.88540902289069e-05,0.00013654321025156,0.00435104677847,0.00192823690010243,0.00857682197102757,0.504830989729605,0.000165501194471409,2.73086420503119e-05,0.111381712308868,0.000172340775627118,0.00555229608313164,0.0274063940817171,0.000347980235593311,2.73086420503119e-05,0,3.15531037129351e-05,0.0338125400927455,0.0130449373452261,0.000493715934016108,0.00915101635925375,8.19259261509357e-05,0.0141631629078048,0.000256871201340831,0.00029171360932315,0.000253320924454506,0.00131774780280702,9.46593111388052e-05,6.31062074258701e-05,0.0015853427092042,8.09801488273885e-05,0.00155947428543917,0,0.00253917632023518,0.00210721836761094,0.0149385229165201,5.46172841006238e-05
0.00574050203580034,0.106300675073507,0.000529300360205068,0.00357331419203311,0.00558861993029266,8.39172864659843e-05,0.00352478338110813,0.000326190346409524,0.0847004056263664,0.00155414990973668,0.00131430123636589,0.000218267396123133,0.0897512704607789,0.00269365187906989,0.000294883675205482,0.000192367551686767,0.000257320292160251,0.00806838733803869,0.0259820708630757,7.37238651091792e-05,0.000671284457223091,0.000307564039250305,0.000715004418096757,0.000933339791002155,0.00241352898754089,1.78029590823531e-05,0.0711062452475884,7.28646489372509e-05,0.000512141883369742,0.0534476102428381,0.00696888881780502,2.87384239047527e-05,0.0356983259578558,0.000988497170462239,0.000119121730076131,0.000542244939964882,5.54428625282824e-05,0.0026084552019247,0.000414995024902309,0.000512439469897386,6.35562202375319e-05,0.000256801644899357,0.00180303655018933,8.53154517799804e-05,0,6.2310356788236e-05,0.000967456120663197,0.0112312804585887,0.00222184271930605,0.00039276253946559,8.99747119347918e-05,0.000413825730396998,0.00011238076119572,0,0.00448015818345732,0.00081614199318294,0.000317780265164391,0.171095199232982,1.80521317722123e-05,0.000252158808556495,0.00017520041257164,0.0844421520463726,9.91847218178807e-06,0.000175708110624567,8.21269992706374e-05,0.0035284943427665,2.67044386235297e-05,3.62417381319332e-05,0.107942860185921,0.00325992113426461,0.00846170009947622,0.000194416364245181,0.0129981094397262,0.00166534230430918,0.000202382894693714,0.000128811331449235,0.000198326558338944,0,0.000367669349609215,0.000296385782483378,0.000530631530389927,0.0546358839056716,3.86568960865408e-05,0.000475810178346736,0.000438496183739304,0.00598507994717035,0.000120296499185426
0.000610890669063358,0.00218078603695909,0.0014337981349886,0.000461570809946512,0.000716636289504575,0.00126237759836588,0.00955157598876687,0.00273481577510061,0.000713123381508617,0.00232145082477287,0.000957401578333385,0.00477181216657638,0,0.000658278644104682,5.00993227877887e-05,0,0.0146134063247381,0.00276750117068627,0.00398463523875739,0.000522379567090954,0.00233653152491508,0.00120395433790567,0.000619996982921025,0.00270242965886086,0.000615251568304878,0.000462372370196005,0.0193757689296655,0.000100198645575577,0.00033524041054172,0.000274848698272144,0.00067048082108344,0.00959451882150195,0.000142971324001712,0.00990277253622098,0,0,0.00286963971042693,0,6.5938687135216e-05,0.00127683515402792,0.0346635174344056,0.103860608190112,0.00277544059298406,0,0,0.00917986555997792,0.00104176085956154,0.000726127118736869,0.00034078738540736,0.00181484500696903,0.0484076047989627,0.00274882034059142,0.0392084179073993,5.00993227877887e-05,0.00615677788166991,0.00175267362520344,0.00157610893934564,6.5938687135216e-05,0.458823429284547,0.000221783630364222,0.00210232682859063,0.0115337040500144,0,0.011076331054904,0.00300063314815544,0.00132337513782368,0.112294268144868,0.000795974151846536,0.0059487083549708,0.00475114258848825,0.00127452750572032,0.00117863109507387,0.00679354006856057,0.00175569803463598,0.00251583766518745,0.000893066011697156,0.00136887306549211,0.000379792758463869,0,0.000796811220488232,0.000667515075963307,0.00194087569012375,0.0022017756274812,0.000150297968363366,0.00135427149033328,0.00201130539450145,0.00561382159848297
0.000477548657410258,0.00711282010429147,0.0248751967338438,0.0480651478665637,0.00151456614614561,9.2218543776197e-05,0.00411181621129682,0.000984149301530559,0.000712170544766295,0.00260871130866373,0.00658434101406902,0.000127256664709843,0.000592706890593443,0.0508568729590639,0.0327489779793784,0.000228850911832315,0.000114373148887596,0.00634773901099444,0.00691993981510269,0.000215552439195457,0.0079411055483246,6.53560850786261e-05,0.000346731873195882,0.000352515151922097,0.00107286795255694,0.000571132525139724,0.028139957160744,0,0.00790979036173087,0.00116914353260901,0.00899383024836209,0.000126314217297341,0.00019266505681703,0.00142636643978006,0.0039647183487395,0.00229543968909978,5.25248762849411e-05,0.000446050654068111,0.00314669650144451,0.000397098200490196,0,0.00102151585878985,0.00126661414408403,0.0158226193566259,0.0235296132321385,0.00100845188371907,0.00088198074533604,0.000780426502039637,0.00256770595034145,0.000506581968300949,1.9846833745628e-05,0.000905798713955703,7.23717100305691e-05,0.0201196361170765,0.0056619091070619,0.0141677094377321,0.0618769925870771,0.000598989738278358,1.9846833745628e-05,0.482877782607977,0.000182109314273589,0.00956217672434812,0.0201804588403959,0.000101541940093911,0.00054212757791945,0.00156277374026962,2.10268729427942e-05,0.019683062796701,0.0150965472981209,0.00214291931896957,0.00248781422089268,0.000242809852794604,0.0116768341137545,0.00179991572132427,0.000633955550270408,0.000197352908490168,0.000670604285652528,7.23717100305691e-05,0.000187924898115331,0.00197752438414947,0.000228746297775191,0.00353193677223163,0.000210421709068518,0.000762017301188874,0.000312853789546368,0.00811433393953899,0.000210184117283853
0.00084933049815249,0.00724956818986949,0.0036364893525543,0.00162446972498831,0.00611321307426567,0.00325251522828492,0.00325113878221571,0.00156590368393545,0.00131861877056637,0.00296609386192673,0.00171194146476908,0.00943740254926225,0.00127715643843121,0.00626159694199752,5.56494992494202e-05,0.00032605141853937,0.000608011840789754,0.010342854281731,0.00811396870201336,0.00026662306963618,0.226782034542662,0.000358737292019556,0.000161467890342986,0.000303309746769262,0.00234957323237945,0.0126956319335635,0.056337787213849,0.000142129734075887,0.00382797867456409,0.00130575405175735,0.000809284696316224,0.000298846152464458,0.000634025180761899,0.0488950610716807,0.000161467890342986,2.64545977733915e-05,0.00543387350002259,0.000245649079268063,0.000430831263681804,0.000687153680110803,0.0007464084411102,0.00334960685191734,0.00496314915210691,0.000525532409616183,0.000108934028946963,0.000567546314002903,0.00808454124575018,0.00265807570890438,0.00716444286826157,0.000272103677041455,0.000251042230172189,0.00104677613792986,0.00138511784507753,0.000342583347453346,0.00466173065217497,0.0331501151149542,0.000832887350838164,0.000707974290327286,0.00125306681020969,0.00105201590868235,0.131818610602891,0.0131759774904293,0.000249649882920958,0.00334036760261045,0.00452727853882107,0.00166182093902026,0.000352130682162002,0.000949308848872048,0.00443139043590331,0.00572620348060227,0.00746218620749753,0.00151044665524348,0.152000638293588,0.000587481758419888,0.061376854174366,0.0344834040510389,0.014779552399685,0.00127514527017943,0.000436533825086204,0.00401109966825759,0.000351092136210869,0.00642074988525709,0.00019311521787204,0.00291318599147845,0.000226598800650576,0.0361812487866665,0.00431862919120725
0.000543879933939044,0.0731255162939694,0.00024918634140195,0.000636706776701955,0.000630208735843608,1.98283770636648e-05,0.00181643445865682,0.000283909716432214,0.00132774360835135,0.0040348487441802,0.000454002674586391,7.32902152930802e-05,0.00639958702489702,0.000551869248582874,7.21652627932788e-05,0.000178701648918599,9.48401917510401e-05,0.00172407703596342,0.0852246775902908,0.000391225898921409,0.000962259636949148,0.000147689818379045,0.000368238295696757,0.000546762667107758,0.00227925050266031,3.35420417637264e-05,0.18247076340487,7.89623738232622e-05,0.00023993988796261,0.00228451018182346,0.000863445931248479,5.17303366046107e-05,0.000578224887359855,0.000653884301804123,5.0723191057984e-06,0.000126379056870782,4.93657661432854e-05,0.000512534216304301,8.51029412320745e-05,0.000468362073383097,8.36928677451906e-06,0.000146219197556961,0.000562067824444816,1.80037905860104e-05,1.57430775456594e-05,0.000300202352062448,0.00030029675018514,0.000697716393622484,0.000564692921119121,0.000334197004018392,6.38075525052432e-05,0.000742797632597761,0.00013866940350249,5.91096578487263e-06,0.00412141532979455,0.00054282797884619,8.46413366022286e-05,0.00207475718813364,3.81965579211375e-05,0.000198655503399616,9.93596854664295e-05,0.482360167180476,8.18371824584038e-06,7.62029004475367e-05,7.84521535174894e-05,0.00241688141226935,6.01039596640406e-05,7.95136943659906e-05,0.00516996897314197,0.00817347127940151,0.00331406177410135,0.000112370276779944,0.00342511431529258,0.00146928834116609,6.95144610237079e-05,4.0974167662897e-05,0.000179900571985538,6.74753464090542e-06,0.000322048278406183,0.000136927003809048,0.000282364006505446,0.104694188991346,8.42831444337956e-05,3.20746051205594e-05,0.00057763885814287,0.00507648568629159,5.58045596612575e-05
0,0.000715468899247183,0.0196122651205404,0.0330067531553182,0.0011642274359159,0,0.000598997217974386,0,0.000311977717694993,0,0.00360939867742654,0,0,0.0130022525199032,0.0210684058248564,0,0,0.00255772790828687,0.0021030968498733,0,0.00625741660754043,0,0,0,0.000345010652509757,0.000473961442490354,0.00642771973814099,0,0.00963362723401534,0.000357489761217556,0.00628604515104656,0,0.00147547108839279,0.00421108746786731,0.0165394681175493,0.000241018079944759,0,0,0.00523315093987671,0.000822153044278569,0,0,0.00209918183537674,0.0105184205102389,0.0520432664564576,0,0.000137025507379762,0.000220464253837795,0.00723127646356088,0,0,0.000411076522139285,0,0.0079137124279933,0.0125923994397941,0.012460512388941,0.345611199420969,0.00083145120370791,0,0.239213502950249,0.000336935935110592,0.0039551433951544,0.0731992707306747,0.000324456826402792,0.000116471681272797,0,0,0.0538779401249102,0.0041340106199662,0.000602912232470951,0.00102695724013011,0.000137025507379762,0.00616100937556253,0.000274051014759523,0.000232943362545595,0.000336935935110592,0.000935443776272908,0.000378043587324521,0,0.00258244143729643,0,0.00100199902271451,0,0,0,0.00304832816238762,0
0.00129961077594385,0.00500767262836741,0.00147928183014639,0.00148577459813119,0.00163597153750224,0.000634658482409787,0.0492439868678158,0.110335470081359,0.000487316499379948,0.0164712496517057,0.000995410561643021,0.0124102255248074,0.00090981710140424,0.000747335801426528,0.000155598458326851,9.87020514139726e-05,0.0294578573927313,0.00208578970243345,0.015516528870895,0.000571782310431678,0.010461910780553,0.00137344654429882,0.000262050027819262,0.000746495008156321,0.000690002277736741,0.000270263931305123,0.0451918268451506,5.06919432941234e-05,0.00235245341879803,0.000586232543418605,0.000443480129106171,0.00641845220397506,0.000422339761187493,0.0628953545915059,0,9.8803757737947e-05,0.00314892933463512,0.000323018466254238,0.000237819550981215,0.00366983546983085,0.0027314850528359,0.120510328333833,0.0147848464959151,3.95215030951788e-05,0,0.00549259592981254,0.0031078604199766,0.000783777775579074,0.00221842028179215,0.000395905563361931,0.015321094263124,0.0150568866307805,0.0106313178988388,1.97607515475894e-05,0.0100449655119933,0.00282819435303654,0,0.000773920260112154,0.00816764487669618,6.48674747422405e-05,0.00331420252493626,0.0238723238884379,0,0.206062905707207,0.0552187043395031,0.00243849167889207,0.0040364486042713,9.40107763725917e-05,0.00413453468692069,0.0113076714218092,0.00284419719760939,0.00610471345690725,0.0196026863712853,0.00243298530480969,0.00117320877103524,0.00282496600268646,0.00142894803165997,1.97607515475894e-05,0.000305611696554229,0.00106724287285582,0.00226974205757887,0.00816397701647922,0.0064764854005991,6.39735296841491e-05,0.00165697077608839,0.00566894887479775,0.0237694475683797
0.000465909173093785,0.00584956939315254,0.000518504288563829,0.00155066623231603,0.00248614453169948,0.000617792889375692,0.0246172597325463,0.0429040270765172,0.000185337374711113,0.0297587274782832,0.00186724562240565,0.0278994904085014,0.000558356957400023,0.00097254355185181,9.51166769565889e-05,0,0.00353289125672353,0.00519450009162409,0.013975884173305,0.00119135766073359,0.0113215751572215,0.00332159652188004,0.000193865236351416,0.00151158631098444,0.00209884868707203,0.000192049295132297,0.0638154851982403,8.35087773333394e-05,0.00164353008297081,0.00035214796304031,0.000410503812181907,0.00129981239992119,0.0011931993417028,0.177502175036849,0,0.000234122822166684,0.00319103418637115,2.08771943333348e-05,0.000770438203792739,0.00149112649033722,0.00125998547083509,0.0226739486962659,0.101436262227812,5.09142986888866e-05,0,0.00445233583780555,0.0265389787815099,0.000798254449950098,0.00168943901776976,0.000616086332844441,0.00113403877695298,0.0132842364792196,0.00200719672601186,0.00018641188286045,0.00815747063246742,0.00271383625202183,8.27673442635574e-05,0.000288981913308005,0.00287810184876893,0.000152110847684746,0.00402493241818236,0.0122293742712251,2.75891147545191e-05,0.0653077208041724,0.140729177771414,0.00672346280592852,0.000836578347831275,2.33251839343675e-05,0.00214718758008023,0.00935892081591265,0.00161303871580958,0.0168024747264501,0.0550111544191851,0.00433405581543914,0.00261141261871544,0.00621564151265683,0.00304845464357904,4.8466309087854e-05,0.000590358484455948,0.00113759045546459,0.00108528529760102,0.00323013414943436,0.00205609090448651,0.000343827067737488,0.000799388996960698,0.0115677428134276,0.0228064488513889
0.00114099516795185,0.0080756070420225,0.000315594085314034,0.00104831690241336,0.000767594137145912,0.000131206992391781,0.0190734695282661,0.0015489644012847,0.00149368756611798,0.00905271222998534,0.000775552911287595,0.000178163010495662,0.00205585862554669,0.000326149369326143,0.000114993781555734,0.000133549716967843,0.000199145367470175,0.00236648742957457,0.241364704225172,0.00647333712417098,0.00116774209373473,0.000671262113180058,0.000802450077427792,0.00525717507255356,0.0152958959360075,2.47041785313941e-05,0.108467759849025,0.000620312347006219,0.000537199000681432,0.000493456902746527,0.00143346613180505,0.000217692735662981,0.000498543783893002,0.000323445100424785,1.26079360621873e-05,0.000249937663646684,4.44659200967181e-05,0.000677099548897318,0.000237073665049412,0.017553030208615,1.21270691172867e-05,0.000621903783500274,0.00223992657876297,7.48958105184895e-06,0,0.00131295816765389,0.000521779549665392,0.00109341732409952,0.000677411022691891,0.00443949968966814,7.58867793849612e-05,0.00359970391913306,0.00042217497736892,1.8911904093281e-05,0.0260681054118647,0.000773159646350093,0.000122885441817717,0.00155369996411527,2.40026829170321e-05,0.000179691374613023,0.000121899382202822,0.0295113452652042,0,0.00029055501336507,0.000369311279061362,0.313616923952075,0.000390007159153136,0.000468874654874638,0.00633586946967534,0.0647481490334092,0.00267002214933651,0.000895188121733762,0.00367314775137927,0.0511678283978021,3.49394886483011e-05,5.17040458310256e-05,8.80727019908683e-05,4.4134277140641e-05,0.00188607518013028,0.000182218368714062,0.00904244559941868,0.0124483313410515,0.000340066675655358,9.90892447067197e-05,0.00287508641062309,0.0036435487709635,1.90215184761268e-05
0.000319369721743897,0.00674083336189565,0.000459138495098225,0.00040333329982626,5.90622260156981e-05,0.0013513805958462,0.0216109059551618,0.0143896311523058,0.000452176932766112,0.0026741303373588,0.000457594255766483,0.00359837301979917,0.00109622330257014,0.00246219170311633,4.42690703407382e-05,0,0.0240891909320458,0.00161498783532092,0.00809610248380379,0.000236248904062792,0.00424587224303665,0.00190327596205559,0.000318052189888518,0.00355521613033884,0.000339580200419229,5.90622260156981e-05,0.0370026488796148,0,0.000129550180278481,0.000118124452031396,0,0.0131823553567205,0.00070526888807636,0.00621649281091103,0,0,0.00145614573485023,0,0.000162393522372134,0.00313789235072857,0.00568083068569384,0.0368113797245469,0.00289639763279969,0,0,0.0242593818773585,8.85381406814764e-05,4.42690703407382e-05,0.00189023239668734,0.00338127991180428,0.023975433063146,0.00795486011185311,0.115886954379403,0,0.0177555297832428,0.000326220887391868,0,0.000590101161522908,0.0936501928652031,0,0.00290727893454195,0.0226069606949515,0,0.00692480187910156,0.000229514049207042,0.00131323624154439,0.419386010807498,0.000118124452031396,0.00412356848796276,0.00700213114216552,0.000606628465111258,0.000421493882929096,0.00427759157603373,0.00196169223604444,0.000103331296356436,0.00166291872424725,0.000754339228492574,7.04879542627826e-05,0.000801503583299546,0.00039516460232291,0.00183514773691633,0.00416762629322045,0.0103618873147394,7.04879542627826e-05,0.00285392415138405,0.00281753957279731,0.00434793233471766
0.002804169201069,0.013100739877862,0.0179626911307597,0.0575309971771592,0.00347323188948625,0,0.000869059521901959,0.00012141219051292,0.00780451267365096,0.00194724767493071,0.00789372254232094,5.98301785469405e-05,0.00271106892813533,0.0173088697230669,0.0130521223500584,0,0.000139844246249306,0.0103591046547326,0.0118862791336126,9.10591428846902e-05,0.00845241876052183,2.6379383664282e-05,0.000109491198621076,0.000165785671558828,0.000318351353751966,0.000113026904230264,0.0250427558088391,6.02681369017003e-05,0.0124984257501189,0.00125727384237333,0.0176110981361554,0.00016181200759488,0.000679475300445865,0.000611414263406454,0.0198902460996693,0.0106293236237191,0.000120098315448641,0.000285446028652709,0.0154694190682829,0.000475073683995226,0,0.000500825285865796,0.00127754034611478,0.00488626850890067,0.037992617960199,0.000109053240266316,0.000580899948635261,0.000957042634475432,0.00767795756958887,2.6379383664282e-05,0,0.000623643985281205,0.000613852190096061,0.0019483753860094,0.00313916039755384,0.010282065619854,0.122284344242512,0.00139990392599475,0,0.0575176742549633,0.00154784644548701,0.0209865191798816,0.00658754047681503,0.000211035069314256,0.000165785671558828,0.000433115213810836,7.91381509928459e-05,0.342505586759485,0.0211634022436752,0.00414311877129402,0.00964364485893967,0.000123142306988748,0.0174504505083896,0.000196576677541818,0.000116124651484693,9.32272177152781e-05,0.00183522729164494,0,5.98301785469405e-05,0.00411330099721875,2.6379383664282e-05,0.011361657747,5.62944729377522e-05,0.00526946777974957,0.000308229111640704,0.0165858289956916,2.6379383664282e-05
0.00339895443357425,0.0197966208743562,0.000740056480227632,0.00358283616868895,0.00177375752958826,8.90892271666877e-06,0.00210484363093426,0.00014441482352402,0.0484386967984165,0.0027394230763807,0.00197938318021799,0.000219560449360997,0.0116918144025059,0.00114292934903552,0.000302575887832551,0.0012159184783345,0.00010408826644629,0.00572477711707908,0.0190352999317152,0.000329074839435587,0.00125795022305911,7.19131450630043e-05,0.000238592800519989,0.000665093895626725,0.00120019599537065,1.04522901968784e-05,0.0433191426450245,0.000173134896234264,0.00126853463871465,0.00165550678285836,0.0270390829330286,0.000105285034580677,0.00193590515012025,0.000701364491631174,5.97152325193002e-05,0.00606122790114612,4.62499991812141e-05,0.0110185955059695,0.000657256842766134,0.000518268632191523,7.45789603817221e-06,0.000179182108497542,0.000621788824018999,4.2786811931434e-05,4.77467096440956e-05,0.000106443118390043,0.000397524131044413,0.00132815279714588,0.00145385222064001,0.000592711710107455,6.50571274456478e-05,0.000634433561952602,0.000152366058775474,2.45653238431601e-05,0.00379427051662804,0.000626452627086828,0.000313404114273965,0.0127741866142295,9.03577535176245e-05,0.000780649446067841,7.76502320662686e-05,0.0253355719348323,4.37592010655963e-05,7.72507487261682e-05,7.2308976867342e-05,0.00145430458468138,9.50866725920312e-05,0.000637462035995108,0.687537267046974,0.00445538969846193,0.00362128531818561,8.43898042229652e-05,0.00574862439001934,0.00117733026129609,5.07828954620607e-05,6.52128762611551e-05,0.000556523452272873,1.45102667849656e-06,0.000123744622646075,0.000424395339076153,0.000295398843178477,0.0158473631181424,5.11420574027985e-05,1.47017254696183e-05,0.000432671451040877,0.00516372017803183,4.44183608985207e-05
0.000963079844223576,0.019099015420991,0.000351425409538179,0.000764392486386161,0.000939806868514961,9.06946999718776e-05,0.008022650180638,0.00121093353395795,0.00107975930326124,0.0458124992545061,0.000988847498651142,0.000162474091884836,0.00195157861483519,0.000660358531254431,2.86536154069635e-05,0.000189869444676177,0.000273134519963169,0.00307369882952362,0.214279422486716,0.000441594854517917,0.00188053624957387,0.000304326142088921,0.000455094627816679,0.00122704342239699,0.00292484999866077,5.23032911216141e-05,0.312213374923314,0.0001192668832124,0.000232016866119383,0.000803599084869932,0.00106063869063278,0.000148943123788655,0.000354469965367154,0.000583698978101094,8.44423945495505e-06,0.000105967275143075,6.30725537189605e-05,0.000520094468009894,0.00013613613243857,0.00917132095628132,2.27436393354949e-05,0.000428807535862474,0.00255014185483331,2.34049247855108e-05,1.18469729105775e-05,0.000413268455459639,0.000707100035679678,0.00114272060976346,0.000750069347604813,0.000657517851328496,0.000119441085779656,0.00380406237351108,0.000226488647100812,4.76786987988739e-05,0.00710464503236207,0.000887158012051298,4.14241528258113e-05,0.00135323277857181,5.80497885899904e-05,0.000357496852342689,9.43522159912756e-05,0.04642472708138,5.38491334241151e-06,0.000431175825495734,0.000343059355132231,0.0139296143165856,6.04935565069589e-05,3.9993777645469e-05,0.0047558110580921,0.240960811172189,0.00347275659719939,0.00174480650475442,0.00552604959864017,0.00325825406218685,0.000108455397732843,7.61145245694096e-05,0.000205672801344671,1.73318148831043e-05,0.000200740691522613,0.000119456329682278,0.00103985798313544,0.0146987008926433,0.000385423184338028,8.55276766313597e-06,0.000872030142409642,0.00766300219834128,0.000100985225565646
0.00377322063253521,0.124429957102207,0.00077037678209501,0.0028543807698703,0.023093107625893,0.000171293653170717,0.00212240851322013,0.0002625562120842,0.00202763847680955,0.00586995683044097,0.00328275253121384,0.000289857840024827,0.00583524086147216,0.00153458108669817,0.00027441435214388,0.000352847252641426,0.000186765370079325,0.00995445057110025,0.0223250997711085,0.000323037527297029,0.00351837426263181,0.000158339613685647,0.000392777420370051,0.000812896869787074,0.00130394049357432,0.000121795377301934,0.208281731703399,7.04721306228901e-05,0.00146269148945074,0.0156170391573631,0.00351242656397527,3.96853243577951e-05,0.00408172231993344,0.00207654158874764,1.38307767033862e-05,0.000376735819935851,5.62918915152151e-05,0.00104008922518044,0.000478047814437689,0.000399690229964239,3.62810229055535e-05,0.00034456228017185,0.00204758737242708,2.23045103606126e-05,4.17099686620069e-05,0.000213180579090432,0.00186617151379151,0.022625130441341,0.00595998752633412,0.000648469697823639,0.000109847584012956,0.000755745566356459,0.000216967950893771,3.94385870376101e-05,0.00380409527102347,0.00176607878973508,6.68653773980221e-05,0.00312855718507942,0.000233419776725025,0.000188584357399835,0.000494216961247862,0.0540052714725135,1.58481481390945e-05,0.00016131977174463,0.000211589730284315,0.00140955200583981,9.3908271432595e-05,0.000216725618057078,0.00788418201336589,0.00676579655282502,0.220422773462231,0.000271238410610171,0.0752952814139956,0.00119726644868854,0.000292279657179789,0.000206102138175823,0.00120346528957783,5.34797294243412e-05,0.000248513956240609,0.000628871552272836,0.000107888203298427,0.0152340174748428,0.000143253097070276,4.83371051303102e-05,0.00104435041514161,0.114527964922811,0.000152456984246555
0.00117487201434758,0.00759550825862486,0.000810906269714944,0.000835335400468047,0.00153047070749777,0.000496802428192556,0.0817445032072302,0.0394283542283153,0.000849016297337306,0.147371141218351,0.00196225563086589,0.00164737663247932,0.000925390554910094,0.00162647575047765,5.47113176143736e-05,0.0001812732928938,0.00231162073635641,0.0042821049682274,0.0470774038565687,0.00147064235972606,0.00361805154464845,0.00112107612797324,0.000346051745144639,0.00160802967005336,0.00141614659375306,7.33474151009859e-05,0.101202891240592,0.000191795529172108,0.000597466702805281,0.000260307955148048,0.000904671896949867,0.000417170356273784,0.000403631889296789,0.00557573217483059,0,0,0.00057347199151403,0.000398841834398522,0.000190851247173921,0.0381364585646282,5.74050498957696e-05,0.00213752149951451,0.121632078103446,4.02657098450899e-05,1.44456077692837e-05,0.00269472630608066,0.0158395127498257,0.00127791415518261,0.00128319135679039,0.00078399282339049,0.000850063712505445,0.0517468440151511,0.00183454940798866,0,0.00575951415721211,0.00126140488916057,1.86360974866123e-05,0.00119462201639325,0.000199909390380413,0.000116306857227472,0.000499805891601716,0.0134382364586086,0,0.00839123720565252,0.013177628886679,0.00637674412677945,0.000250042888558798,1.44456077692837e-05,0.0032515825822236,0.0835697704641143,0.00331921837625496,0.097906408422425,0.0179139764405538,0.00469071493977732,0.000122371485562098,0.000399343903913976,0.0011096689693026,5.88142602035121e-05,0.000477030870982751,0.000274831161508227,0.00336788894202421,0.00576774491373362,0.00249572405649254,1.86360974866123e-05,0.00103417250433709,0.0221021788233495,0.000816718205202294
0.00135474039719544,0.0211658943794979,0.00120494715011949,0.00283372214722716,0.0643191362895406,0.000287861980894164,0.00280245170517965,0.00101555877693269,0.00136153507477754,0.00426371539517836,0.00458911177759005,0.00117660701510608,0.00147521144488178,0.00245552682973248,0.0002851923466737,0.000161134499753809,0.000329169301239787,0.0174973311178308,0.0129088056839093,0.000436395204612122,0.0182875520032141,0.000162247436179035,0.000435464513710079,0.000751273244551607,0.00112143482506976,0.00041602734991786,0.0814090048756644,0.000138306205742276,0.00235941450454868,0.00336210000308926,0.00231853918907034,0.000108474216058199,0.00249213549548234,0.0185252921207755,3.56671953287699e-05,0.000366268068592967,0.000188761948961782,0.000709805534656978,0.000424300685221207,0.00060727837367151,5.3533975720104e-05,0.00156666836455634,0.00760247201422884,0.000157532798041223,9.00272702434095e-05,0.00046631063773142,0.0163789467370755,0.0069246196473998,0.022553119914967,0.000839062524198255,5.446508425456e-05,0.00136095265895789,0.000365744627965222,8.89106976545169e-05,0.00527368844798064,0.00529557861019749,0.000594872903211747,0.00170043244770356,0.000500918821790555,0.00079568677781138,0.00306574260982276,0.0227802635018382,9.02862289793884e-05,0.000987820964423681,0.00151416242506313,0.00199707662073168,0.000147635124817503,0.000459783635228833,0.00753363691838065,0.00534706625048929,0.0346048346124913,0.000699601636618186,0.491450217402799,0.00158710139038476,0.00109335094051282,0.00126819577760428,0.0107944310108623,7.55292484160575e-05,0.000418983849173603,0.00153022735276415,0.000306140799180927,0.00749791872326762,0.000255370807597312,0.000286081665975184,0.0010718434532793,0.0535449882090894,0.000784767571139781
0.000975139309676992,0.00472531919368212,0.000316571889306473,0.00142763850942863,0.000342634668381706,4.12014047525775e-05,0.0352613512145869,0.00198592471868525,0.000669768089016124,0.00333483904600404,0.000591144132583161,0.000178932109349067,0.000736941600331692,0.000548835210134454,4.71588067786076e-05,0.000159937407418919,0.000138486288744706,0.00212059997957812,0.0843894619217663,0.023153777207085,0.000691118931339683,0.00256825366238322,0.00140138969593528,0.0278193445136735,0.0110527530663156,1.52818713968313e-05,0.0579039439244292,0.000671898974487884,0.000530583415133465,0.000173751439986548,0.00124128434844256,0.000361632031347123,0.000108777542097834,0.00042119918026092,0,0.000117692106466683,5.16602747507185e-05,0.000388358521537129,0.000294834507390848,0.00952104869593634,8.17116192971849e-05,0.000200617506353408,0.00171123067943178,5.790598882819e-06,0,0.00203817940560495,0.000447653085069907,0.000948943621171927,0.000612016662386743,0.0264050674381667,5.22821930885821e-05,0.00445551738836731,0.00052638045134717,1.80058718884436e-05,0.0787285700549169,0.000473864232055299,1.7371796648457e-05,0.000856987714339477,9.2441277993156e-05,1.60826657377489e-05,3.92450612690249e-05,0.0169935934053176,5.790598882819e-06,0.000450663821261306,0.000289811649558369,0.0922997251123957,0.000158912610924527,2.34960018176982e-05,0.0036062191668303,0.0265177285485273,0.00121311154848872,0.000625332029960953,0.00353536296510989,0.406810810846437,7.42007519441309e-05,0.000163614103414987,0.000152044810424631,1.0458869998141e-05,0.00162795107652438,0.0001541468085361,0.0351713370536322,0.00709866389310723,0.000517052984771978,0,0.00403250125350547,0.00416700153332026,9.20398206893634e-05
0.000358265388914499,0.0095122723895253,0.00334706690000988,0.00628746959533293,0.00272064080099599,0.0187879372666133,0.00450953263634887,0.00312791563682243,0.00214428564278951,0.00307847848739082,0.00171577060175537,0.0129390977084514,0.000930135418398418,0.0174424637118242,0.000534773036513355,3.73232793133579e-05,0.000770962157929466,0.00717878813620356,0.0162257427689358,0.000329496159994696,0.11964520879753,0.0001853445813159,0.000187713883636342,0.000651818639988879,0.00110957349614546,0.0360277900685805,0.0664201398925623,0,0.00349874030715195,0.00130601575835669,0.00117792907096653,0.00107197197232785,0.00224434551549781,0.0341089573217523,7.82876761980483e-05,0.000392535868059794,0.00778655345052563,0.000547425415983069,0.000703317270531545,0.000119252073082739,0.00103377981169735,0.00527392085942921,0.00285926636086337,0.000511199623739263,7.82876761980483e-05,0.00162365169345143,0.00259760511055535,0.00117197292864583,0.00435510265320003,0.00114700311277133,0.000255078207120393,0.000842019557146306,0.00124280636092949,0.000782114116395876,0.00667484641920096,0.044784094284491,0.0001669646652779,0.000814753068639425,0.00303857985076089,0.00121439684366055,0.0626717537064967,0.0163252227553794,0.000110698022689184,0.00354745803328185,0.00385532459813285,0.000608484940783746,0.000447705023578958,0.000470289504425649,0.00387452798923546,0.00240889997558199,0.00658403064664277,0.00136615444367877,0.078794281409933,0.000843377376783056,0.246851341891423,0.044842117312711,0.0088177835199922,0.00973805633465222,7.82876761980483e-05,0.00433238031138601,0.000769153983436764,0.00489900468281241,0.000221396045378368,0.00430498224294076,0.000823841158865174,0.0177810249711084,0.004923639454042
0.000621582627232131,0.00303605240245618,0.00163318887449604,0.0027326003942712,0.0039751086719035,0.00693656324985618,0.00427135644699293,0.00528896215715971,0.000341934116575835,0.00569345502593358,0.000981950365597702,0.0646196701350319,0.000363358840195568,0.0101407285571105,0.000255982336668725,0,0.000376563661796788,0.00541870851545402,0.00359622364194036,0.000786506699309068,0.0556674404317925,0.000196317134058357,0.000312784756167844,0.00155695930113922,0.00119342449170654,0.00684597211042475,0.0330019543443635,0,0.00420318769045945,0.000260467488609993,0.000942469472325836,0.000351401936894218,0.00137259081596171,0.204238303721209,3.43796614002341e-05,0,0.020626783797624,0.0002121371061557,0.00032661166091434,0.00090398061031821,0.00172947143686516,0.0158913495722463,0.0107171947730719,0.00032661166091434,3.42558450926702e-05,0.000769448564136087,0.0163545156123663,0.00230792134015415,0.00453382750857987,0.000649730951553515,0.000495897068624981,0.00173869087416655,0.00031976124229767,0.000437975049544739,0.00342356742905653,0.0163722404795955,0.000374693660351642,0.000255734704053598,0.00190000251167008,0.00148617839571707,0.0489843629316034,0.0133816204075947,0.000162308921580815,0.00734320076715744,0.0131553806240075,0.000394253635339277,0.000564408758810321,0.000162308921580815,0.0035275933882605,0.00289520272298084,0.0103086332253913,0.00138343262209312,0.0835289405246948,0.00166732240408487,0.0580030358422899,0.168090215647343,0.00418478108313682,0.00213791592185498,6.86355064929043e-05,0.00224592351334947,0.00200028921838563,0.00182664097423756,0.000797099372021623,0.00121202507791102,0,0.0213076875682119,0.0172300484880194
0.00211194203450836,0.0115419084306833,0.00879062508975924,0.00843352173507073,0.021030631185519,0.000516394238063762,0.0025463775426214,0.000410274595838999,0.00161671582192338,0.00115062525229199,0.0183845257848571,0.00198449919669955,0.00103563230434833,0.00676571413419939,0.000747644833086024,5.34689151672651e-05,0.000403225637455368,0.0671053385377576,0.00876660901707238,8.94677887452257e-05,0.106100507178772,0.000226411905910492,0.000668630577743997,0.000690151899555374,0.00127140892182809,0.00201199459525928,0.0315136368736204,0,0.0126623990909255,0.00225859004397036,0.00174524132387572,0.000260304323152912,0.00128754100900013,0.0111693346866628,0.000112707050786132,0.000145000157966361,0.000195928679647459,0.000353267307440864,0.000952538934546521,0.00110098390023823,5.75391023607553e-05,0.00174053256480092,0.00300942259428368,0.000532918183296726,0.000128081012717568,0.000604313326130248,0.00329740263385067,0.00455251167836731,0.0859481427587618,8.50177911459412e-05,9.97042427900748e-05,0.0009957641855397,0.0003789344443314,0.000268785023025399,0.00301056162852851,0.0368322696228163,0.000177844161487102,0.00128983226990297,0.000699084520357941,0.00117799142244064,0.0068762323706949,0.0111926307988648,2.78431095809449e-05,0.00180222359377164,0.00165845999604916,0.00200178373209567,0.000137323927571061,0.000821757566871231,0.00515012103371885,0.00232018750743555,0.010294194735407,0.000471001193860972,0.193927346109924,0.00101068178598771,0.00122331143292718,0.00174264605585923,0.199696151106678,0.000346050955890372,7.16505623541249e-05,0.0493031729711061,0.00027693300451416,0.00688857079436234,0.000200095995867452,0.00134982074825419,0.000534726217829994,0.0167819470599679,0.000794761929049142
0.00194073045591258,0.00288119769812826,0.019515630579097,0.00209971137238094,0.00130286799837488,0.0854106050950496,0.00571178067101522,0,0,0.000973411900571537,0.000442695696648825,0.00958329708273919,0,0.0815036132358508,0,0,0.000246226541359538,0.00392541672283903,0.00153682539248509,0,0.0872627811888407,0.00202257516116763,0.000492453082719076,0,0.0017539700588809,0.0487760192038815,0.0317902844618915,0.000492453082719076,0.00111094242355066,0,0.000955824290474427,0.000246226541359538,0,0.0240848878766282,0.000492453082719076,0,0.00439812246188954,0.000451102060506024,0.000680515874151164,0,0.000246226541359538,0.000434289332791626,0.00500320517464806,0.000651433999187439,0,0,0.00323210418942084,0.000738679624078614,0.000876985029440451,0,0,0.00116910617347811,0.000217144666395813,0.000973411900571537,0.00434289332791626,0.105777377900411,0.000463371207755351,0,0,0.00165315289233999,0.0157154889747858,0.00237193188769479,0.000738679624078614,0.000902204121012048,0.000668246726901837,0.000738679624078614,0,0.000246226541359538,0.000676653090759036,0.00187561602158358,0.0019698123308763,0,0.0246501809604605,0,0.104998913933098,0.0162788908381779,0.00340326016782876,0.186216102943275,0.000492453082719076,0.0035247528454762,0.000225551030253012,0.00136103174830233,0,0.0790813520502589,0.000738679624078614,0.00164474652848279,0.00361654205083245
0.000934553299159197,0.00434276948476341,0.000177517349358114,0.000542868438488672,0.000885261059278642,0.000168278422081872,0.0036426378747145,0.000594231693880685,0.00127625581059558,0.00138875098069758,0.00062735749357291,0.000175123592832233,0.00228606860740194,0.000445290990452038,0.000111403395835431,0.000419077488602717,0.000228744998452051,0.00276890436865511,0.0506363533880728,0.014975713925541,0.000521340167660888,0.000508296162754807,0.0130617198346781,0.00546872473467747,0.0967905222231926,2.76140288377972e-05,0.0244212729354445,0.00385005314645797,0.000483727388614921,4.96385745070015e-05,0.00136387965228633,0.00025997039574384,0.000433730386425987,0.000214462883433043,0,0.00013055480775161,1.0208946806714e-05,0.00161465074602022,0.000269362715680859,0.00061941164967753,2.48192872535008e-05,0.000174304045246562,0.000546314469351137,3.34215820044386e-05,1.30036883910105e-05,0.00117886385271091,0.000167726965078656,0.000722185469223846,0.000476362524122346,0.0129623609322033,7.30517022339336e-05,0.000591419374827547,0.00059795389761897,4.96385745070015e-05,0.409895279086029,0.000492864033860937,0.000104029507128084,0.0014519155238236,2.48192872535008e-05,7.56459512890225e-05,0,0.0146342791058897,0,0.000197148138501437,0.000145554188326064,0.00797816111631352,4.36305288111526e-05,0,0.00345922581787309,0.00282679616867607,0.00164661213715156,0.000135074910075482,0.00302091598807458,0.00396578571942687,1.30036883910105e-05,0.000111443712350502,7.56459512890225e-05,2.32126351977245e-05,0.221263926844224,0.000169844757622578,0.00256916634508124,0.00883204411107101,0.000209733264365192,0.00015324951910783,0.0594126015843979,0.00259335935334877,0.000137300617187722
0.0028386754955625,0.0152621121543059,0.0539147366742897,0.0156893835191541,0.0125983141309473,0.000397262785964265,0.0013801791682434,0.000412001011612504,0.0027712924866983,0.00227148834186393,0.0294179722452697,0.000523221206794297,0.00197961623589242,0.0159242112371105,0.00509107132946294,2.78421082357184e-05,0.000105549075706039,0.0999366946354465,0.00636240956207959,0,0.0328285085465907,0,0.000187618930240101,0.000691624925978653,0.000429472130234083,0.000884202117324587,0.0249688475533792,0,0.098984651127782,0.000909489609307593,0.00290431447412069,8.06177333313275e-05,0.000612734696865981,0.00112769183486451,0.000105551250191218,0.000340128622775273,7.91612631582344e-05,0.000288798595426861,0.00120634653616819,0.000977170864346173,0.000232961792223985,0.00184428916992369,0.00185127535590773,0.00187179525807106,0.000495533859775197,0.000359038815688511,0.00144579118318536,0.00263627348315132,0.0419621742193379,0.00010554690122086,0.000239375156683656,0.00103448112977061,0.000155413934940641,0.000963679022538633,0.00471952748440533,0.104024092723711,0.000841918911308343,0.00114579858656807,0.000259025264775261,0.00448333813489379,0.0011866089827083,0.0126200905749035,0.000456186457263596,0.000420742007136242,0.000419285536963149,0.000496988155463111,0.000282824476973408,0.00205582479668977,0.00829979484172822,0.00141766089353524,0.0100158570746906,0.000474971927919765,0.0478354101354714,0.000337211333458728,0.00131253124495621,0.000739165695453622,0.0883410694805137,7.91634376434137e-05,0.000215465387446178,0.199896095897481,0.000583423071546094,0.0030388595330908,2.78421082357184e-05,0.000237485963959882,0.000353219458451677,0.0133793002709069,0.000294626650604412
0.000804777641112292,0.00406368326433764,0.000224038048452618,0.000794194885073145,0.000390836741331333,9.19542689859737e-05,0.152710660008633,0.00847479495930711,0.00118911076368459,0.00515966155022462,0.000891507422419592,0.000761297746012886,0.000974910289403208,0.000227070410573394,6.76226141051041e-05,0.00011347418251956,0.00157759108739266,0.00328196988217338,0.0490534916818386,0.0111344429270764,0.00118767672865689,0.012855212202407,0.00150498807667743,0.0354916428770811,0.00627305831558478,9.35572901380557e-05,0.0497517857678127,0.000259062769759381,0.000360996608201654,0.000190935544310649,0.000754368141398651,0.000670229480665142,1.60184763732936e-05,0.00158659429257478,0,0.000131961733932371,0.000133041367504784,0.000439312288732653,0.000269760530244286,0.0362545999729542,0.000281448737180403,0.00265116462962258,0.00483885078121176,0,0,0.00689153462214453,0.00108388404284646,0.000606148534083452,0.000915503452081212,0.0164849038939004,0.000165996008787922,0.0272083267994151,0.00173794835779423,0,0.0434707581135428,0.000465821986994389,0.000208430302242742,0.000785585980847908,5.83917470609776e-05,8.99898052900841e-05,0.000127805144678583,0.0154709648508544,2.45710518904045e-05,0.00233083030759929,0.00109224885600315,0.0796683593014474,0.000315682509543899,0.000379340990814645,0.00345158618397314,0.0271364161624039,0.00104833123990102,0.00386440520365059,0.00334927799432478,0.140225901769819,4.74475484780225e-05,0.000167890061598654,0.000249662916590877,0,0.00113553981522739,5.27095886287807e-05,0.206065429836855,0.00524447498194089,0.00285299391138182,1.60184763732936e-05,0.00363995759854931,0.00313999689388639,0.000745576168872006
0.000628321133826253,0.05444225143769,0.000211756048475307,0.000632698492825565,0.000550857642593374,1.32056997276978e-05,0.00210651055554435,0.000370632344355367,0.00187499415951388,0.00329265339751113,0.000712335443034652,0.000123622261142357,0.0148133903708529,0.000476099716574561,0.000121417551097209,0.000290471139613204,0.000111928672813975,0.0024488322298144,0.0939535318104616,0.000359392524469533,0.0008549049424599,8.41534140404913e-05,0.000508627300273464,0.000642145146178962,0.004138313501901,2.44647366680347e-05,0.114247381387585,6.90339799082985e-05,0.000305706647347331,0.00286693593320996,0.00127607019046242,5.57040046858276e-05,0.000651366830243659,0.000245366623549988,5.01199990803486e-06,0.00017249936196059,1.20503099000729e-05,0.000796884683738646,0.000140146627884688,0.000607234531121556,5.19345930475076e-06,0.00019483441082827,0.000481001495074464,1.36375221831668e-05,5.33944664134929e-05,0.000179410035298401,0.000176631557914439,0.000964979324163869,0.000717599780475714,0.000348102846459436,7.94601634456261e-05,0.000755564137128413,0.000103586794136585,1.46053123759894e-05,0.00506308644411452,0.000527051378107244,0.000117640200254424,0.00318406540722619,4.40407727973183e-05,0.00015318199363966,5.13431372316434e-05,0.236147431531952,2.43039052331824e-05,7.81701126281951e-05,9.68019969563681e-05,0.0028161737309649,4.11335524264851e-05,0.000129504828578279,0.00691903459157383,0.00698796287001043,0.00284516414167837,0.000138455014750716,0.00303605988417615,0.00115286605982843,4.48626210132798e-05,2.183849734827e-05,0.000235404619019967,1.13003558311674e-05,0.000422502208620714,0.000113263666660651,0.000203270401734819,0.415322315250869,0.000108985553520087,2.43543349022889e-05,0.00103086220107209,0.00355386819665048,2.67944484617158e-05
0,0.00256252588080447,0.000520932752454699,0.000530282827498758,0.000966070327391141,0.000163403692436645,0.272123755080536,0.119348851579185,8.32601920589989e-05,0.00352945401381875,0.000285887138773461,0.000449290831210106,0.00121623253928422,0.000222690813426557,0.000120215250566469,0,0.0338220737052246,0.00197570785822923,0.014122371503609,0.00203103591479315,0.00292051767725234,0.0130976997248986,0.00052722211905277,0.00668934463389845,0.000840594402176439,0.000191913155046427,0.0486332269475456,4.0071750188823e-05,0.000456372710483817,8.63768837403518e-05,0,0.0110150951902476,0,0.00433992362460873,4.0071750188823e-05,9.70906754083872e-05,2.85094626097821e-05,0.00144468556466959,0.000453256018802464,0.0146474573873748,0.000292969018047173,0.00345473945020188,0.0101509912656887,0,0,0.102582238352745,0.00265843828405603,0,0.000243547192814291,0.00698744386566145,0.00140137147292629,0.0476943421042404,0.010174861430074,0,0.0172942918962755,0.00087046145824383,0,0.000381721690338339,0.000741355370110908,0,0.00140425635902371,0.00572095568833636,0,0.0124778887073437,0.004234858837113,0.00674837077054225,0.00233270507751131,0.000561004502643522,0.00251715290561055,0.0176209940001761,0.000215093713439874,0.00446350574193959,0.00578129774341769,0.0063980156247373,0.000396293076818266,0.000151841404857604,0.000200358750944115,0.000123331942247822,0.000171056775658693,0.000200358750944115,0.0107442837869227,0.00251006783979107,0.14685911584453,0.000168788579888345,0.00147210891502451,0.00146774047318991,0.00050630975642967
0.000598933954579888,0.00086109034431942,0.0334563566727773,0.00303992711680649,0.00184073300517196,0.00431503005743929,0.000114691216561846,5.12920579756674e-05,0.00124734227030011,0.000163720845394175,0.00162709876100564,0.000998763302758702,0,0.157720312305243,0.00101123661485357,0,0.000102584115951335,0.00377238545821968,0.00332351782968125,0,0.0250623302633019,0,0.000229382433123691,0.000114691216561846,0,0.0104420635881742,0.0315587065837079,0.000114691216561846,0.00333877101986191,0.000278412061956021,0.00095950705242814,0,0.000294177772993979,0.00318743609518565,0.00043864677990357,0.000256460289878337,0.000839637294460563,0.000615504695708009,0.00100700798924189,0,0.00010863766625659,0.000525027680367185,0.000803744736038497,0.00209393210731326,0.00036436421901017,0,0.000163720845394175,0.00117672116717226,0.00241631024534976,5.73456082809228e-05,0.000114691216561846,0,0.000256460289878337,0.00550251175332862,0.00223647872295599,0.185931901225999,0.00189488871868126,9.80592576646596e-05,0,0.00699184425081583,0.00466920836246277,0.0030370022435038,0.000456369926369574,0.000102584115951335,0.000508099488795003,0.000992709752453447,0.000642347537556725,0.00410786069442009,0.00102297750397972,0.00073624946257511,0.00109622133403308,0,0.0149564901041694,0.00034211621425749,0.00697724474375422,0.00219739999320442,0.00370747512969551,0.00897952114726789,0,0.00291174137939032,0,0.000962768240165177,0.000153876173927002,0.429202989401445,0,0.00813061532925259,0.000387049728212611
0.000273275965704899,0.0120417305446328,0.000319491530852661,0.000843828678451498,0.000720476731028028,0.000107964560068003,0.00673545510661675,0.00120569405883797,0.000387068238471308,0.00273723950409832,0.000524837528889465,0.000140144326583493,0.00116836479305228,0.000474410732217965,3.26635856193314e-05,0.000180306021971371,0.000136927953404396,0.00101960092128799,0.0455590594876162,0.00473430326840646,0.00156144418776147,0.000625662844472621,0.0379606744203263,0.00419064997063056,0.0208878174396353,8.72100540740445e-06,0.0389393067096466,0.0213786478240725,0.00024856200064111,0.000483338400426603,0.000643089363444299,0.000315628194939316,0.000168015660751023,0.000175578387153258,6.50056939711802e-06,9.38534725891884e-05,6.97680432592356e-05,0.000433947839812303,0.000130170523373484,0.000900331242212402,0,0.000665508115308935,0.000852142506757552,1.43201564331467e-05,8.08056066769787e-05,0.000900545655175458,0.00011301260759211,0.000325630835751584,0.000655790916903881,0.00952677707183149,2.39425802119269e-05,0.00157512429474966,0.000447145231962359,6.50056939711802e-06,0.185048994915075,0.000409830910898155,9.29053270998389e-05,0.000579328725594415,4.048317265536e-05,0.000193020397968067,3.48840216296178e-05,0.0214163850151722,0,0.000239511237643785,5.48500562064803e-05,0.00441247299516139,0.000140724267687387,0.000188529328114934,0.00277733524935593,0.0055222953122438,0.00151774569492417,0.000130009784739743,0.00382758890086498,0.00574199244423236,0.00013354923838894,9.50296411100731e-05,8.78845139753728e-05,0,0.0288198349938838,8.61478970689274e-05,0.00154610057116542,0.0121946204959796,0.000114465129465121,0.000948559509454604,0.49461111235752,0.00500983357393155,0.000232176534273085
0.00207943100553195,0.0598534101837312,0.00098418097176273,0.0017780487820261,0.00755898055916108,0.000154517455194032,0.00255991715844793,0.000690974954544288,0.00124419963732903,0.0221774047390688,0.00276654630472561,0.000402470351394127,0.0027500407572949,0.00243701193963628,0.000215382673540446,0.000256711317005402,0.000288933779910164,0.00854941737658095,0.0194009445853276,0.000375748038828096,0.00491282659784465,0.000111146926784315,0.000283297722705957,0.000916326446655869,0.00142282015258683,0.000131602980055723,0.295661934498605,8.82904256865385e-05,0.00130643852666948,0.00297048117547097,0.00184333876869533,0.000112833651483327,0.00154889810112861,0.00327956232043776,2.08942939107389e-05,0.000234041674082649,6.58351972213781e-05,0.000689186820472352,0.000311755739923849,0.000617457044796822,4.02528849818668e-05,0.000588364333008577,0.013412423795335,9.31125621538681e-05,2.87929449721223e-05,0.000179982050213335,0.00953121619794644,0.00554683644601934,0.00360387699233472,0.000803996462470952,9.04457612737495e-05,0.0012231227990576,0.000345595509220671,4.39333290885447e-05,0.00462338334308761,0.00164368288256091,0.000124236530305604,0.00191080333418625,0.00016696394577471,0.000322028934390745,0.000499574875981101,0.0400623666982283,1.68383339712997e-05,0.000444192336845384,0.000422423943740979,0.00184545557739195,0.000102978562604684,0.000191603729770644,0.00681150212116397,0.010112075411278,0.0511541286666878,0.00110271002361082,0.0536089100049268,0.00115909793481864,0.000259023173806332,0.000270191015240011,0.000979515028680588,2.48567534093777e-05,0.000263541365714152,0.000553023633769708,0.000191778906227008,0.0122597183476549,0.000172675749028255,4.43397439235562e-05,0.000978471619116432,0.31883074342346,0.000261970344307288
3.66345656794517e-05,0.00187946620748902,0.000482182979865554,0.0014933947890698,0.00166660338589949,0.00470015417235766,0.0122789544807359,0.00804050812445557,9.65399206475046e-05,0.0102895782046973,0.0010458647724136,0.100024032634639,0.000765617472313204,0.0073470829668641,3.53984300276911e-05,0,0.00331663787537722,0.00166969700448323,0.00976306487299343,0.0004987695853407,0.0148847060718921,0.00208353259558111,0,0.000856941092904933,0.00145487875359243,0.00171175659967827,0.0302833093209855,3.14316020712806e-05,0.00259403756769025,0.000737924822971813,0,0.00200080929711795,0.000336136853927393,0.0966180600496382,0.000108667561386595,0,0.0317152839282833,0,3.14316020712806e-05,0.000621796565452443,0.0180400949894184,0.216273271410511,0.00778752998682754,6.80661677507323e-05,0,0.00109533993220328,0.00181456493179611,0.000786888231721666,0.00217890571761124,0.000411127698809044,0.00801043799565721,0.00234120922304281,0.00559903161544066,0.000108667561386595,0.00835883363726396,0.00286280815188652,0,0.000272264671002929,0.0112354797434044,0.00049239279571302,0.0112741797718861,0.00547490723621172,9.65399206475046e-05,0.0366658593570438,0.0237236833993882,0.000417339641199117,0.00423318611153655,0,0.000676757377813453,0.0035003454734604,0.000965766474127,0.00151637442527978,0.0299872409025162,0.000611383860697153,0.00553960659121667,0.0204981793422793,0.00144655549850532,0.000716104708113889,0.000374789377170649,0.000943081863875042,0.00129253764375122,0.00165374967397195,0.00191093104136417,0.000700054121640601,0.000194801554817757,0.00360031745237839,0.202747925987067
