0.125607204059367,0.0629588152538503,0.00320804076693381,0.00664258455285507,0.0072426821928019,0.000210259774597912,0.00528446884139645,0.000549563101846045,0.0352758148017467,0.00728329030377574,0.014730817856379,0.000432250781254935,0.0102585112344595,0.00483958442561632,0.000784187743028264,0.000462932465101841,0.000203942957335314,0.167689840662797,0.0300346612787223,0.000782382938096093,0.00474934417900777,0.000142579589641503,0.000604609652277258,0.000779675730697837,0.00130577636842566,0.000502638173609601,0.0783907998263778,0.000177773285818835,0.00380272399208413,0.0176004576985308,0.0628243572864036,0.000339303327248133,0.0238992269118073,0.00153408419234528,1.62432443895383e-05,0.0018616562875343,0.000202138152403143,0.00220817883451112,0.000531515052524336,0.00133104363747605,1.62432443895383e-05,0.000573025565964267,0.00562467457111067,0.000108288295930255,0.000250867885571758,0.000524295832795652,0.00248160678173501,0.0252230513295547,0.0121147531071973,0.000405178707272371,4.87297331686148e-05,0.00207552567199656,0.0003041096310708,9.56546614050587e-05,0.00356178253363931,0.00537922110033542,0.000855477537849015,0.0137201270943633,0.000214771786928339,0.00168749261157981,0.000311328850799483,0.0286377422612221,8.93378441424605e-05,0.000372692218493295,0.000554075114176472,0.00490004539084404,1.53408419234528e-05,0.000777870925765666,0.0819390463230258,0.008595383489464,0.0287018128363141,0.0011794400231737,0.025300657941638,0.00372421497753469,7.30945997529222e-05,0.000522491027863481,0.00633847492178427,0.000210259774597912,0.000572123163498181,0.0027433034968998,0.000379009035755893,0.018151825605309,0.000251770288037843,0.000447591623178388,0.000260794312698698,0.0221819550188467,0.000217478994326596
0.00225778338014779,0.407258376707575,0.000410363380237096,0.00123709783461874,0.00166973298100825,7.55562224757301e-05,0.00195287938350236,0.000252864377798432,0.00223391497462358,0.00459063587245449,0.00140260709560068,0.000150950074845853,0.0128903461906552,0.000922153953109949,0.000120803358571511,0.00021232597476525,0.000152573775901922,0.00451204874134077,0.0274975126929447,0.000245665969783194,0.00146262991130668,8.37829744931448e-05,0.000530706690176054,0.000522723493317049,0.0016253788804933,7.54479757386588e-05,0.231394368165825,0.000126675744057626,0.00067148157173721,0.0146495450998529,0.0021618497094184,8.68950681839431e-05,0.00274478545023133,0.000575358469217943,2.43013924724948e-05,0.000157986112755484,6.78165807751359e-05,0.00107570194964551,9.13602460881321e-05,0.000467382348989375,2.5708600054421e-05,0.000258790886653083,0.000727715751645722,3.994304597929e-05,6.22418738159667e-05,0.000268722524779369,0.000386116111133136,0.00332758588262292,0.00155504556308126,0.000370582704363412,4.58424931496729e-05,0.0008154226703577,0.000158121421176823,2.94160507991112e-05,0.00310308214993716,0.00106644685362592,0.00019760441852356,0.0044293752959026,7.28771157332167e-05,0.000215952240457137,0.000155658807908452,0.14624575283779,1.3503780449638e-05,0.000161098206446283,0.000184263008179529,0.00159114584989452,9.54736220968394e-05,0.000214355601085336,0.00839734887503902,0.00788304156552926,0.0193421764603128,0.000173898383104958,0.00647504919475929,0.000849412145798071,0.000125430906581307,0.000126459250583484,0.000494200478098776,2.39225288927455e-05,0.000322602338156582,0.000258655578231744,0.000138880563662409,0.0425826967861408,0.000174331370053243,5.65318584354585e-05,0.00093116549397113,0.0171134302673843,7.05498108861849e-05
0.00186058589629149,0.00893938164408017,0.369676864399903,0.0178170899943196,0.00570770104682301,0.000534934674997971,0.0011555627688063,0.000656333684979307,0.00156974762638968,0.00203716627444616,0.00816099975655279,0.000580378154670129,0.00119840947821147,0.126127728637507,0.0085381806378317,0.000186967459222592,0.000138278016716709,0.0149320782277043,0.0195218696745922,7.40079526089426e-05,0.0188428142497768,4.28467094051773e-05,0.000523898401363304,0.000636857907976954,0.000890692201574292,0.00210987584192161,0.0350453623306013,0.000188265844356082,0.0396903351456626,0.000899131704941978,0.00301549947253104,6.49192566745111e-05,0.000631664367442993,0.00217544429116287,0.00101338959668912,0.00101988152235657,0.000318753550271849,0.00107181692769618,0.000284995536801104,0.000288890692201574,8.95885742108253e-05,0.000519354053396089,0.0019514728556358,0.0148431388460602,0.00249289945630123,9.99756552787471e-05,0.0012146392923801,0.00129319159295626,0.0120594011198572,0.000290189077335065,0.000178527955854905,0.00064399902621115,8.82901890773351e-05,0.00603619248559604,0.00475403716627445,0.115092104195407,0.00573366874949282,0.000638156293110444,0.000168790067353729,0.0138505234115069,0.00160415483242717,0.0116900105493792,0.00138992128540128,0.000729692445021504,0.000780329465227623,0.00253899212854013,0.000269414915199221,0.00345175687738375,0.012818956422949,0.00396526819767914,0.00911985717763532,0.000260326219264789,0.0209669723281668,0.00154248153858638,0.00233384727744867,0.000520652438529579,0.00674316319078147,0.000548567718899619,0.000275906840866672,0.015931185587925,0.000111661121480159,0.00633806702913252,1.03870810679218e-05,0.00341345451594579,0.000462225107522519,0.0115277124076929,0.000447293678487381
0.00228151478940149,0.0209883620009296,0.0137809089943189,0.406507083058419,0.0085878175505241,0.000153471002506693,0.00292032144086098,0.000999529093248719,0.00437108151583878,0.00298940525395516,0.0373000121989771,0.000360722441789236,0.002086943290497,0.0113922705706891,0.0434200510083395,0.000549609829489781,0.000363783117052902,0.0271495013066897,0.0130310435547207,0.000208125917929305,0.00532163980486884,0.000442923434584843,0.000924761168950586,0.00189849314211983,0.00121552531899888,0.000484461170306028,0.0524092542577272,0.000123301489193412,0.0524997627976671,0.00219625312134222,0.0334142663320911,6.64603771538956e-05,0.00123082869531721,0.00119497507079998,0.000702206353349712,0.0106725746444042,0.000219494140337208,0.00170741955780238,0.0016453315738823,0.000628312907698342,0.000459101289549936,0.000418875271798894,0.00335493732830158,0.00371172461618039,0.00227102104564035,0.00085786355247331,0.00214903127441708,0.00276816215632443,0.0159990240818302,0.000776974277647845,8.87595826463211e-05,0.000797524525846747,0.000363345877729521,0.00136593564624191,0.00693855082273137,0.00688608210392567,0.0118010893380503,0.00127848778156573,0.000288140714108008,0.0219017549474723,0.000433741408793845,0.0159544256708454,0.00207032819620852,0.000435490366087368,0.000432429690823702,0.00193172333069678,0.000171835054088691,0.00610254923642711,0.0356166408039607,0.00542176760992306,0.0123183434576099,0.000344981826147524,0.028506692166464,0.00205283862327329,0.00066678996815586,0.000330552928475954,0.00340215917522672,9.96905657308434e-05,0.000135981429571457,0.00476765758214525,0.000660668617628528,0.00936129391358489,0.000145600694685837,0.000467846076017554,0.000912518467895921,0.013811952986279,0.000527310623997356
0.00352398129345561,0.0277828757483014,0.00152036884953696,0.0033988792973691,0.167511902844271,0.000185507445384231,0.00182800753120618,0.00114440269243262,0.00296382802865661,0.00360815282116554,0.00688952206416313,0.00117576071255984,0.00357679480103831,0.0021237631736693,0.000227098082605607,0.00021884597204581,0.000230068842407134,0.0232445450248356,0.0157493180455833,0.00017296423733334,0.00810786366721153,0.000120150729750641,0.000453866080788823,0.000726185729262116,0.00151574766762347,0.000390819956111975,0.0742442387064916,0.000115529547837155,0.00370948873883985,0.00797979091132348,0.00446604223496201,0.000198050653435123,0.00548237217150659,0.00960479652275866,4.75321568244294e-05,0.000589530778391881,0.0002152150433995,0.000979690565659073,0.000189798542875326,0.00054694988790333,8.78024563562377e-05,0.00199403999566929,0.00597122720106895,0.000108597774966926,8.84626252010214e-05,0.000216535381089067,0.00563553134349641,0.0222443892249882,0.0397299513323528,0.000599103226641246,0.000240631543923674,0.00110380230847842,0.000357481429450396,8.78024563562377e-05,0.00597419796087047,0.0037764958765854,0.000808706834860084,0.00312457914236145,0.000541338452722668,0.000619898545251934,0.00111403492557256,0.0184715242770491,0,0.000816958945419881,0.00163292763757259,0.00209636616661077,0.000112558788035628,0.000222476900692121,0.0126154965393949,0.00470865428542004,0.075323614767713,0.0008892474339237,0.330316801825235,0.000973088877211236,0.000616597701028015,0.000641023948285013,0.00566919995458038,9.60545669160344e-05,0.000445283885806634,0.00219869233755225,0.000440002535048364,0.00681591323796974,0.000274960323852429,9.07732161577645e-05,0.00065983876036135,0.0519988592282362,0.000688226020687051
0,0.00671224621267222,0.00683693190083332,0.00241058997111448,0.00289894224974543,0.176731572494337,0.00387045157000062,0.00293011367178571,0.00187548055942312,0.0100320026599613,0.00128322354065792,0.0392552108227177,0.000618233203798757,0.0350886307433345,0.00287816130171858,0,0.00117931880052368,0.00393279441408117,0.0180950104943788,0.000353276116456433,0.0522484985765051,0.00163130442010765,0,0.000275347561355749,0,0.019030153155587,0.0622960869474865,0,0.00245215186716818,8.83190291141082e-05,0.00055589035971821,0.000514328463664512,0.000768895076993412,0.0414943579726107,0.000275347561355749,0,0.04141642941751,0.000498742752644376,0.000166247584214792,0.000436399908563829,0.00252488518526215,0.0142920970054654,0.00739801749755824,0.000961118846241766,0.000737723654953139,0.00222356143887284,0.0075071174746992,0.000618233203798757,0.00147025207289957,0,0.000280542798362461,0.00081045697304711,0.00147544730990628,0.000264957087342325,0.00353276116456433,0.0305168221774277,0.00359510400864487,0.000711747469919578,0.00340288023939652,0.00141829970283244,0.0177417343779223,0.0103696930653976,0.000166247584214792,0.00375096111884624,0.00363666590469857,0.00081045697304711,0.00268074229546352,0.000270152324349037,0.00703954614409509,0.00529914174684649,0.00270671848049708,0.000623428440805469,0.0594906589638619,0.000176638058228216,0.0933220423515721,0.0499885704785852,0.00609920824588018,0.0435205004052285,0,0.00298726127885954,0.000176638058228216,0.00792273643523617,0.00109099977140957,0.0245474948567154,0,0.0150506016084454,0.0156584443382307
0.000627041641659775,0.0217416055144112,0.000363146627434416,0.00154464291004883,0.00184916971475637,0.000122953490990324,0.314397578683886,0.0205006429134348,0.00167944733992979,0.0193781897013648,0.0011493294484827,0.00101240877951413,0.00362998490698283,0.00102298997495219,0.000210142541399985,0.000191096389611467,0.0041372474162837,0.00414274963791149,0.0545615110285684,0.0035125336376203,0.00276677098314543,0.0183507556243286,0.00160474410013705,0.00919230772486522,0.00361051550737679,4.71921316537731e-05,0.0968814254309298,0.000648415656444668,0.000958867930597516,0.00138719472193042,0.000897285373147973,0.00212343430051103,0.000527366780633196,0.00341603313522514,7.19521289788469e-06,0.000122741867081562,0.000270243731488199,0.000932626565911113,7.15288811613243e-05,0.0303866538112196,0.00027532270529847,0.00283195114704391,0.012129012706746,2.51832451425964e-05,2.89924755003001e-05,0.0149673125710527,0.00375695925223962,0.00125366003550203,0.00188197142061437,0.00640966494856269,0.000851786232764291,0.0829447212955446,0.00243663768547777,5.10013620114768e-05,0.0268684063280628,0.00147882787442407,0.000253313818787293,0.00157786786372436,0.000402720298372781,0.000741106928482123,0.00030431518079877,0.026563244651629,3.19552102229585e-05,0.00404159340952358,0.00216427771490196,0.0186011067083933,0.000706612231354029,0.000149406479585488,0.00933346087200901,0.0387900276042227,0.00395292299175259,0.00624375180409382,0.0122449826087472,0.0177383160323734,0.000230881684458594,0.000300082702623544,0.000492237211778817,3.95736709383658e-05,0.001159699020012,0.000269608859761915,0.0239496893784267,0.0169584819285879,0.00877096452252144,2.92040994090614e-05,0.00444769969043655,0.0104262867368524,0.000915485029301446
0.000579767361444228,0.0080270171590433,0.000582528158403486,0.00180418081287525,0.00250266244356758,0.000338887826748948,0.131433951038646,0.264922625214221,0.000821337095379323,0.0145362861897344,0.00301962167418869,0.00354831429188664,0.0020008875962224,0.000280911090604525,0.000122165265447177,0.000203608775745294,0.0167980690986067,0.00470784901477509,0.0206459298605729,0.00247229367701574,0.00539390705915076,0.00544498180289704,0.000951784751704274,0.00565204157484141,0.00342683922567928,0.000173240009193454,0.0506502712137913,0.000650857883145127,0.00254476459719627,0.000985604514455188,0.00150118334659666,0.00344133340971538,0.000570104572086824,0.0174986213270185,0,5.79767361444228e-05,0.00130309616476988,0.00145493999752909,0.000271248301247121,0.0114110640318541,0.000904851203396885,0.0147371341685204,0.0390293866130336,0.00016357721983605,4.69335483073899e-05,0.0176276885848638,0.0110901213853403,0.000594261545480334,0.0025081840374861,0.00256754117211015,0.00233563422753246,0.0636398209071013,0.00613587124195141,0.000166338016795308,0.0179037682807896,0.0045090716337085,2.34667741536949e-05,0.000858607854329309,0.00107602061487089,0.000271248301247121,0.00109465599434589,0.011891442702765,0,0.0336292677607245,0.0207066673936765,0.00681847829012801,0.00160057203712996,4.69335483073899e-05,0.00691510618370205,0.0262524182855865,0.00175724726456786,0.0186602266476264,0.0229373913367572,0.00502396026661016,0.00116781711376623,0.00148254796712167,0.00154052470326609,0.000115953472288846,0.00125409201874305,0.000833070482456171,0.00690613359358446,0.00662039110830123,0.0304143197016683,0.000320252447273955,0.00372776609423842,0.00590396429737372,0.0034565177929913
0.0110923384062004,0.0232191930682418,0.00130823863507405,0.00489114201697533,0.00215709576470225,2.26967146959412e-05,0.00239677307189139,0.000363147435135059,0.305863196913973,0.00121018882758758,0.00255338040329338,0.000107582427658761,0.021562786829732,0.00120928095899975,0.000687710455287018,0.0014807336667632,7.76227642601189e-05,0.0105952803543593,0.0133987785536019,0.000228328949841168,0.00197597598142864,0.000236953701425626,0.00025465713888846,0.00121427423623285,0.00107128493364842,0.000118022916418894,0.0295184392649533,0.000109398164834437,0.00169907606213816,0.00513808227286717,0.0207951839387152,3.94922835709377e-05,0.00434278938992139,0.000468460191324226,3.086753198648e-05,0.0041621235409417,3.81304806891812e-05,0.0106202467405248,0.000389475624182351,0.000468460191324226,0.000491610840314086,0.000215618789611441,0.000841594180925499,0.000226967146959412,0.000118476850712813,0.000264189759060755,0.000195191746385094,0.00297690109951965,0.00164051853822263,0.000397192507178971,1.45258974054024e-05,0.000776227642601189,9.26025959594401e-05,6.21889982668789e-05,0.00467052995013078,0.00111350082298287,0.00043986233080734,0.0329165913892296,5.44721152702589e-05,0.00113892114344233,0.000201546826499958,0.0248034237540185,0.00010803636195268,9.89576760743036e-05,0.000137542091057404,0.00210670905807726,1.63416345810777e-05,0.000668191280648509,0.393142051474333,0.003086753198648,0.00390837427064107,0.000211987315260091,0.00727974427157618,0.00227012540388804,0.000315030399979664,0.000159330937165507,0.00105176575900991,0,0.00032819449450331,0.00069088799534445,0.00100455659244236,0.0166984269360979,0.000109398164834437,3.086753198648e-05,0.000425336433401938,0.00532873467631307,5.31103123885024e-05
0.0011242925499728,0.0213794830593368,0.00067579592895244,0.00102081288741311,0.00152270196331684,0.000166025109708782,0.00888819111447851,0.0017550862669521,0.0016504624803592,0.250195518084787,0.0019086531371881,0.000562273399878977,0.00304387842792273,0.0014610463904158,0.000147337750499601,0.000399299287592102,0.000628378344020299,0.00504800235943801,0.0606604392419288,0.000212044320822549,0.00287658206928815,0.000578799635914308,0.000723976263240058,0.00103530512516717,0.0022082865089979,7.55121861922027e-05,0.38545843778762,0.000273954143508749,0.00085669465109302,0.00116039601946536,0.00190166126809623,0.000130303014893952,0.000495787081059917,0.00360627895269429,3.41965961038763e-05,0.000162846987394296,0.000211662946144811,0.00146257188912675,9.15299226572154e-05,0.00385277411940587,0.000120133023487595,0.00106988309594878,0.0185725654311822,7.72919346883152e-05,0.000145812251788647,0.000764783353758066,0.00349377342276146,0.00145812251788647,0.00180733459780226,0.000583757506724907,0.000296328124602735,0.00413855087792451,0.000622403474069064,4.53835866508693e-05,0.00371598773499036,0.00146956375821862,0.0001999674560275,0.00238880385646074,0.000159795989972388,0.000515491439409734,0.000356203949007663,0.0340446818572438,2.03399828127145e-06,0.000638929710104395,0.00110954606243358,0.0038395531305776,0.000207849199367427,0.000225011059865654,0.00943470102767763,0.0663216920831702,0.00561726762840885,0.003988162130003,0.00883784965701704,0.0018888216539457,0.000250181788596389,0.000281200262385778,0.000617572728151045,2.41537295900985e-05,0.000510279318813976,0.000480913468628119,0.000417351022338386,0.0127349903639331,0.000572443391285334,0.000101191414493255,0.00142316317242712,0.0343908429397377,0.000390400545111539
0.00923380934950713,0.037337108016167,0.0118989538565501,0.0596171222480182,0.0159555433828291,0.000153069190857827,0.00349089903832617,0.00148820112984516,0.00674323539123513,0.0115825767329711,0.116289582336123,0.000821659034537836,0.00356257023136997,0.0103482964013382,0.00346837380622669,0.000379345386038964,0.000360915650684844,0.198174432325756,0.0306163978570313,0.00117438369173196,0.00629682624599089,0.000238562685417216,0.000634801995530789,0.00153376353113729,0.00155680070032994,0.00056313080248699,0.085305101709102,8.08860607208586e-05,0.0359671643548441,0.00346786186913352,0.0359559017387943,0.000234467188671856,0.00224791577610943,0.00387945929204219,0.000129008147478838,0.00173085931200774,0.000334806858933174,0.00181430505819445,0.00056620242504601,0.0013136305810742,2.76446030311795e-05,0.000846743952103166,0.00387741154366951,0.000714152244972138,0.000548284626785061,0.000553915934809931,0.00176515909725013,0.00835122980088207,0.0295438896468402,0.000798621865345186,0.000173034737491457,0.0014518535962301,0.000362451461964354,0.000386000568250173,0.00799082608729039,0.00911759962935755,0.00173853836840529,0.00193358640090306,0.000276446030311795,0.00525912975813532,0.000725926798115048,0.0240047302987409,0.000275934093218625,0.000773536947779857,0.000843672329544146,0.00283971505581394,0.000198119655056787,0.000880019863159215,0.0336767578000015,0.0119209671515564,0.0215110847179099,0.000817051600699306,0.0481533149206625,0.00168836853327463,0.000412621297095013,0.000737701351257957,0.0128762417674116,0.000104435167006678,0.000336342670212684,0.0110117668740865,0.000477125370834432,0.0162406923437248,0.000298971262411275,0.000342485915330724,0.000766369828475477,0.0250485700317145,0.000773025010686687
0.0003992473104968,0.00760736348217933,0.00192814786387214,0.00437779318370328,0.00269414561075554,0.00582932022729242,0.00788281317701821,0.00646378300753927,0.000792304740210704,0.00966395137229657,0.00192814786387214,0.214778030875125,0.00108013419661537,0.00274521212721443,0.00050292781361031,7.42785693947535e-05,0.00270343043192988,0.0046362207063892,0.0174136821124825,0.000160936900355299,0.0246976243237555,0.000365202966190871,0.000331158621884942,0.000789209799819255,0.00136796365302004,0.00272509501467002,0.0435164093739555,0.000433291654802729,0.00246202508139693,0.000651484952399817,0.000974906223306139,0.00152271067259245,0.00108787154759399,0.170645728363272,0,0.000153199549376679,0.0295164465132402,0.000792304740210704,0.000281639575621774,0.000538519628111963,0.00184303700310732,0.0554489520531835,0.021364373522166,9.90380925263379e-05,0.000229025588967157,0.00206277777090013,0.0144920583829555,0.000827896554712356,0.00215407851244785,0.000792304740210704,0.00222680961164688,0.00312898473575399,0.00130606484519108,5.2613986654617e-05,0.00600882676999641,0.00584015251866249,0.000102133032917786,0.000745880634338983,0.00380213427089394,0.000592681084962304,0.0164836525248524,0.00807469948128799,4.9519046263169e-05,0.0164155638362405,0.0244206271587209,0.000728858462186018,0.00221442985008109,0.000247595231315845,0.00578134865122498,0.0094983720613541,0.00263843668370947,0.00183684712232442,0.0648049568565309,0.00150878344083093,0.00946278024685245,0.0472318853138889,0.00387486537009297,0.000594228555158028,0.000128440026245095,0.00201635366502841,0.00100276068682917,0.00411781819082164,0.00174709385097243,0.000984191044480483,0.00240012627356797,0.0123503596320735,0.0597509191972963
0.00265074231584164,0.172118196403512,0.000439237819299093,0.00151740271235735,0.00231085824556595,9.81756413274682e-05,0.00261716624650765,0.000378761624241372,0.00672758399760609,0.00472303375298184,0.00118026756003882,0.000148048867121822,0.132860310003332,0.000614972217275261,8.6394564368172e-05,0.000518367386209032,0.000126646577312434,0.00378290381163,0.039504307259912,0.00056961507098197,0.00137779695038969,0.000162186159472977,0.000874941315510397,0.000776765674182928,0.0026273765132057,7.55952438221505e-05,0.108174437694106,0.00010818955674287,0.000574916555613654,0.0483515033537781,0.00342750799002457,7.24536232996715e-05,0.00704960010116018,0.00101395802363009,1.37445897858455e-05,0.000236995998164508,8.12894310191437e-05,0.00153271811240443,0.00015551021586271,0.000532504678560187,1.88497231348739e-05,0.000418228232055015,0.000677019222594221,5.28184950341779e-05,0.000109171313156145,0.000183392097999711,0.000503248337444602,0.00470339862471635,0.00163914050760341,0.000553514265804266,4.6338902706565e-05,0.000994322895364598,0.000255649370016727,1.02102666980567e-05,0.00440082129814509,0.000820355658932324,0.000387401080678189,0.0222844961223567,0.000114080095222518,0.000305915298376391,0.000202830874982549,0.182313344052804,1.96351282654936e-05,0.000172789128736344,0.00020165276728662,0.00225941420951035,0.000143336436338104,0.000203027226265204,0.0168408531620312,0.00657698256380975,0.00944842372135554,0.000192816959567148,0.00734530513283852,0.00150562163539805,0.000130573602965533,0.000223644110943973,0.000325943129207194,6.28324104495796e-05,0.000681535302095284,0.000380725137067922,0.000159437241515808,0.171466113793815,0.000127628333725709,5.02659283596637e-05,0.00182665598253887,0.00835140910516241,0.000115847256766412
0.00102230144595371,0.0149084658345073,0.0643367601301661,0.00730110092212598,0.00258230941657098,0.000990899695054108,0.00164413364895324,0.000380697770165545,0.00179532726439576,0.00295292761237369,0.00400042799423448,0.000950969073539799,0.00080326454153056,0.542354371472634,0.00296184415892542,0.000187635153523548,0.000110487642054155,0.00995861947048119,0.0122769215739333,0.000194225644453094,0.0238661060355716,3.87675937032124e-05,0.000329136870540273,0.000159722486057235,0.000904060285158912,0.0020926747080994,0.0525552884037598,9.84696880061594e-05,0.0113387458063156,0.000954458156973088,0.00293548219520724,8.52887061470672e-05,0.000294633712144414,0.0043361553557043,0.000749377586283095,0.000410548817317019,0.000493899143778926,0.00117388273733327,0.000310528425562731,0.000238033025337724,2.67496396552165e-05,0.0016243621761646,0.00154295022938785,0.00436678175472984,0.00200854902976343,0.000194225644453094,0.00131460910247593,0.00101144651971681,0.00495992593838899,0.000170189736357102,0.000123280947976215,0.000832727912745001,0.000253152386881977,0.0100024268513658,0.00351777145262949,0.0529906484810469,0.00479904042452066,0.000733482872864778,0.000236094645652563,0.0147572722190648,0.00152589248815844,0.0151476618876562,0.00116961830202592,0.000342705528336397,0.000565231516192836,0.00138245239145655,0.000284941813718611,0.00220044861859433,0.0094228513255028,0.00406516987571885,0.00415937512841765,0.000163599245427556,0.02504192715259,0.000725729354124135,0.00252144429445693,0.000617955443629205,0.00387559634251014,0.00102036306626855,0.00013142214265389,0.00390234598216536,5.89267424288828e-05,0.00592446366972491,6.47418814843646e-05,0.01469912082851,0.00123707391506951,0.0185626992169721,0.000641603675788164
0.00247759731660037,0.00788049401930979,0.0290795386090295,0.272109098665567,0.00407151044364697,0.000295342726482163,0.000555525604573593,7.96956563523298e-05,0.00415589407978473,0.000529741715753722,0.0210068374185171,0.000269558837662292,0.00151187348080155,0.0194504281297539,0.239119784915487,0.000187519191417247,0.000637565250818638,0.0148398000107824,0.00390274317137145,3.75038382834493e-05,0.00656551568949635,0.000234398989271558,0.000194551161095393,0.000841492371484894,0.00113917908785977,0.000199239140880825,0.0166470162180661,0,0.0513872904180037,0.00153765736962142,0.0243563989752076,0.000229711009486127,0.0003609744434782,0.00103369954268757,0.00128685045110085,0.00429653347334766,0.000276590807340439,0.00158453716747573,0.00128919444099357,0.000119543484528495,0,0.00032347060519475,0.00208380701462415,0.0143241222343849,0.00394493498944033,0.000114855504743064,0.000590685452964327,0.00166657681372078,0.0106112422443234,0.000112511514850348,3.98478281761649e-05,0.000827428432128601,7.73516664596142e-05,0.00841023573506351,0.00393555902986946,0.00711635331428451,0.0318149748138286,0.000956347876227958,8.20396462450454e-05,0.0786783647388913,0.000689133028458381,0.00605218190299163,0.0073999760913031,0.000754764745454418,0.000157047322811944,0.000972755805476967,7.96956563523298e-05,0.00619047730666185,0.0246939335197587,0.00191503974234863,0.0058670067014671,0.000543805655110015,0.0133466784491225,0.00109464327989818,0.00012188747442121,0.000773516664596142,0.00290420347707461,8.20396462450454e-05,0.000112511514850348,0.00860009891637347,0.000801644543308729,0.00580371897436378,0.000236742979164274,0.000234398989271558,0.000391446312083502,0.00823443649310984,0.000457078029079539
0.00318707129848689,0.0508910183309788,0.00206797950742941,0.00159140809830987,0.00495293857334945,0.00022977550082549,0.0054209997787347,0.000204244889622658,0.0147737136827056,0.013037632120913,0.00354875495719367,0.000923357105169098,0.0189266931050329,0.00132759178254727,0.000280836723231154,0.0390192841216619,0.000144673463482716,0.0193564583936139,0.09504195530441,0.000272326519496877,0.00180416319166681,0.00102547954998043,0.00134461219001583,0.00418276513539734,0.00339557128997668,0.000221265297091212,0.167336136027096,0.000680816298742192,0.00316154068728405,0.00736558133201709,0.00556567324221742,0.000217010195224074,0.00286368355658434,0.0043316937007472,0.000221265297091212,0.00319132640035402,0,0.0457380899698739,0,0.00262114275015744,0,0.000612734668867973,0.00448913246983133,0.000204244889622658,0,0.00191479584021241,0.000629755076336528,0.00247646928667472,0.00504229571255936,0.000868040780896295,0,0.00315303048354978,0.000676561196875053,0.000272326519496877,0.0105015914080983,0.00257433662961891,7.23367317413579e-05,0.0115483464674144,7.65918336084966e-05,0.00185947951593961,0.00138290810682008,0.102662842748455,7.65918336084966e-05,0,0.000540397937126615,0.0128504076387589,0.000748897928616411,0,0.173484758225112,0.0150077442853982,0.00913144860687965,7.65918336084966e-05,0.0231732847684374,0.00490187735094378,0.00255731622215036,0.00052337752965806,0.00139567341242149,0,0.000893571392099127,0.000646775483805082,0.000217010195224074,0.0458785083314895,7.65918336084966e-05,0,0.00355726516092795,0.0225520398958351,0.000225520398958351
0.000477918126972055,0.00489566310711875,0.0010294938864165,0.00118366102414943,0.00139435611238442,0.000618381519128716,0.106884076590234,0.0492050114597572,0.000966114063126304,0.0106580881219359,0.00139435611238442,0.00302681480415635,0.00159648635963425,0.000596112932567294,0.000113055901004142,0.000109629964610077,0.217944369644833,0.00532904406096796,0.0188460761037511,0.00301311105858009,0.0046764031778986,0.00509436741797452,0.00136866158942893,0.00595256448468778,0.000495047808942379,0.000150741201338856,0.0335450562024865,0.000140463392156661,0.00103291982281057,0.000683474310615949,0.00306621307268809,0.0481498230503852,0.000515603427306769,0.0161447252570309,0,0,0.0016838477376829,0.000846206289334032,0.000154167137732921,0.00541297950262255,0.0023382015889493,0.05051371916229,0.00688099324747937,0,0,0.0434254567629697,0.00198533014036061,0.000618381519128716,0.00094213250836785,0.00301139809038305,0.0322277836589686,0.0207354800250779,0.059698654634778,0,0.0118006379093566,0.00515774724126472,6.16668550931683e-05,0.000632085264704975,0.00696835462552802,0.000623520423719813,0.000887317526062811,0.0146338873072483,3.08334275465842e-05,0.0502070978550212,0.00698548430749835,0.00544381293016914,0.010079104871339,0.000354584416785718,0.00444343950310218,0.0157096313349846,0.0024701001401208,0.00287778657101452,0.00907701847607497,0.00314329664155455,0.00140977282615771,0.000981530776899596,0.00214977508727573,0.000282639752510355,0.000318612084648036,0.000568705441414775,0.00335570469798658,0.00717562377736895,0.0397888252806698,0.000563566536823677,0.00181745925705143,0.00592344402533823,0.0033043156520756
0.0221978064927987,0.030584320035205,0.00666631442392992,0.00988812915438341,0.0201958131849282,0.000128351462977479,0.0041702162360258,0.00112259277675603,0.00715318143950991,0.00527109541942098,0.0466933936874724,0.000736090814932872,0.00353835066922501,0.0054054784361098,0.00112138646601376,0.000569378670351222,0.000405079147254111,0.381081525133846,0.0222588458163575,0.000272626227752916,0.00707983774637992,0.000123284957859947,0.000801231595015427,0.000962877234479546,0.00107120393913535,0.0002716611791591,0.0809617867295685,9.24034028578467e-05,0.00572080806413906,0.00450822450600972,0.0123251181159163,0.000226062633101312,0.00297066083391297,0.00337742881620625,0.000261286906775582,0.000662264597505977,0.000138484473212543,0.00269055547955798,0.000410386914520097,0.00101016461557651,0.000101330102350641,0.00113296704913955,0.00438928226682194,0.000331011667678761,0.00038215924315099,0.000271902441307554,0.00215736613147484,0.0142762051104631,0.0427904959119335,0.0010002728674899,0.000234265546148744,0.00176483261594033,0.000268766033377653,0.000265147101150845,0.00568992650913696,0.00827432664337522,0.000935132087407346,0.00240345352289783,0.000450918955460353,0.00229971079906265,0.000698936444070971,0.026210961070181,0.000133659230243465,0.00048590196698617,0.000464670897922226,0.00300709141832951,0.000297958753340576,0.000465877208664496,0.0288286553809059,0.00736693970304007,0.0278141480466572,0.000718237415947283,0.0607416060676465,0.00150595833064929,0.000516542259839816,0.000394704874870593,0.0125586598756197,7.841019824752e-05,0.000342833512953003,0.00650708140595035,0.000676740326413211,0.0117209976961877,0.000352001474594251,0.000193009718763126,0.000834767033650521,0.0221022666820109,0.000436201964404665
0.000808868573804881,0.0209664002533909,0.000432095049598818,0.000796155935058347,0.000695559100909398,4.10467403595711e-05,0.0040098948500481,0.000661515085283087,0.00193797713637308,0.00881408721974456,0.000889803911587368,0.000216276460031073,0.00387789348882614,0.000745709383422207,4.58409134461876e-05,0.000214902848641088,0.000214418044621093,0.00283025893517376,0.476714391582402,0.000825836714504703,0.00120053635484745,0.000272486792793819,0.000942270479973487,0.00139782465742873,0.00790411007421407,6.54216091426497e-05,0.198620867230898,0.000224949065277649,0.00051583147727461,0.00126975559548006,0.00118370288193096,0.000148538565015114,0.000531883877047775,0.000559221437064156,1.88265561098033e-05,0.000139946760438538,7.96963941758338e-05,0.000868418667594258,5.26012361694503e-05,0.00182800742450423,5.96847615727096e-05,0.000399505446032492,0.000994306111452943,2.68796895530524e-05,6.49368051226547e-05,0.000498486266781457,0.000419005341058955,0.00088010783118747,0.000886922021024065,0.000747190729038859,0.00011131638970217,0.00138864031460549,0.000286465308703673,1.90689581198007e-05,0.00753293872979461,0.000856244699981052,0.000105202472338901,0.00235714407877203,9.9007754305632e-05,0.000183659922908081,0.000115625758768792,0.0998468961971299,1.13390273565482e-05,0.000316981028406688,0.000238792913404171,0.013017311139544,0.000140323830231867,0.000138815551058549,0.00692620649877095,0.0406477466511152,0.0030656312868813,0.000365946234426176,0.00384393027386983,0.0032120959680331,8.97426108123955e-05,8.33324243257958e-05,0.000239520119434164,1.82070843064764e-05,0.000970012043339863,0.000153682874338394,0.000531048936791117,0.0577726945178496,0.000172805699571528,5.08505549861353e-05,0.00169837621626892,0.00474386120276376,0.000107680359552208
0.000742082372846712,0.006429487980196,0.000890839512621646,0.0014307938634841,0.000411637123423004,1.87365863075298e-05,0.0158085688654713,0.00152107014296583,0.00176067133756515,0.00244313729943336,0.000321360843941269,8.8005178111125e-05,0.00223817040073584,0.000900491693446737,1.87365863075298e-05,0.000136833857579233,0.000257202230221546,0.00155627221421028,0.0490115031284421,0.178251365499699,0.000602977413896869,0.0014092184004633,0.0112902126886434,0.013535196393491,0.0495196620601161,6.92685918035951e-05,0.0291155195712161,0.00201617024175874,0.000777284444091162,0.000606951841295436,0.00100042015375356,0.000428670383702577,0.000306598685032306,0.000508726707016568,9.65218082509113e-06,0.000603545189239522,0.000174874805536945,0.00112022075105322,8.17596493419484e-05,0.00351680047238908,0.000186230312389994,0.00121276813190557,0.00108842533186469,5.50742082372847e-05,5.10997808387177e-05,0.00156989882243394,0.000341800756276756,0.000641018361854581,0.000319657517913312,0.0448298377298071,0.000135698306893928,0.0037899004122049,0.000970328060592985,3.80409479577121e-05,0.377938521285898,0.000663729375560678,9.08440548243871e-06,0.00164541294300671,0.000693253693378604,0.00013853718360719,0.000156138219229415,0.0124422288588851,0,0.000411069348080352,0.000189636964445908,0.0250865857397545,3.86087233003645e-05,0.000792046603000125,0.00851549458910098,0.00654133972269852,0.00182426217594222,0.000391764986430169,0.00279061580913664,0.0718161997660766,8.00563233139911e-05,0.000196450268557737,0.000584240827589339,4.5989802754846e-05,0.0170542679672507,0.00022994901377423,0.00949774593188967,0.00719541691743411,0.000348614060388585,8.57340767405153e-05,0.0135357641688337,0.0026980684282843,0.000202695797326914
0.00152591733774585,0.0230377771135656,0.00750899485848118,0.00758953297368256,0.00631728916456564,0.00111848922555065,0.00553387295306135,0.00266981698467019,0.00211595593574523,0.00767739273572042,0.00348424252395255,0.00498001190413639,0.00176925442378209,0.0156002759830172,0.000932863943990263,0.000282098745758828,0.000927695722693918,0.0160201939633453,0.0207318890451797,0.000193377613504907,0.336430102821763,0.000661963011040182,0.000514668704094351,0.00132651013272854,0.00153453103990642,0.0122796938001156,0.070522533014167,6.41720810962831e-05,0.00645338565870273,0.00231407108543845,0.00286104117263496,0.00040182920579082,0.00122228433658558,0.016316505317669,0.000174427468751642,0.00124683338774322,0.00229296751514504,0.00113657800008786,0.00032602862677776,0.00137517754993578,0.000571519138354146,0.00570140946008453,0.00670878192776377,0.00073474879429704,0.000444467031485666,0.000414319073923653,0.00527761531378425,0.00211337182509706,0.010742578649561,0.000505193631717719,0.000969041493064678,0.00245318237533174,0.000750684143294104,0.000518114184958581,0.00628498778146349,0.0583591241932191,0.00103106014862082,0.00150007623126412,0.00160042586143482,0.00219261788497434,0.0281556082522712,0.0242174236244564,0.000306647796916467,0.00290195625789769,0.00298938533482752,0.00175676455564925,0.000613726278940963,0.00111289031914628,0.00986570376961448,0.00648784046734502,0.00821273432500015,0.00110083113612147,0.107207429145839,0.0019522955946943,0.01153590061855,0.00783803828101514,0.0312048588171147,0.00167450370001576,0.000312246703320841,0.0073190627258405,0.000694695079250367,0.00973176070101754,0.000429823737812688,0.002322254102491,0.000540940495684105,0.0277064036845972,0.00346270826855112
0.000336796510958676,0.00701730451946812,0.000224886277886964,0.000627763116945128,0.000985875862774606,0.000203570043016162,0.207587087477565,0.0101539884807067,0.000713028056428337,0.00421208801047053,0.000616039187766186,0.00110844421328172,0.00148893900572554,0.000862241700523953,3.41059757932837e-05,3.41059757932837e-05,0.00376018383120953,0.00149959712316094,0.0184470696571923,0.0033637018626126,0.00153690053418485,0.221333927345745,0.00122355188158405,0.0989766075638528,0.00313028909077732,7.4606822047808e-05,0.0232123139625602,0.000346388816650537,0.00109352284887216,0.000521181942591116,0.00109778609584632,0.00508285620494281,0.000141752961890835,0.00165413982597426,0,5.11589636899255e-05,0.000203570043016162,0.000319743523062034,0,0.00884836909487003,9.37914334315301e-05,0.00224673115538256,0.00747347194570329,1.8118799640182e-05,1.91846113837221e-05,0.110350950490913,0.00193551412626885,0.000514787072129876,0.00101891602682435,0.0235459130382882,0.000705567374223556,0.0272165686830404,0.00364401035116365,0,0.0347785030034575,0.000474286225875351,0.000104449550866931,0.000935782710828221,0.000846254524370851,5.5422210664086e-05,0.000287769170755831,0.0127716221228412,0,0.00326991042918107,0.00186943379816936,0.0172363075165307,0.00131094844455434,0.000200372607785542,0.00314627626693042,0.0137063390219259,0.00169570648397232,0.00370156418531482,0.00698213273193129,0.0269927482168969,0.000541432365718378,0.000841991277396691,0.000535037495257138,0.000253663194962547,0.00204955598282764,0.000515852883873416,0.0303713714439191,0.00586729364818833,0.00990991759143599,5.32905871770057e-05,0.00500611775940792,0.00233093028312223,0.000448706744030388
0.000204591643869883,0.00824600227128692,0.000186210363365948,0.00115482392731243,0.000589799348343647,0,0.00823001854910959,0.000819964947697265,0.000490700270844172,0.00122435311878383,0.000596992023323447,6.95291914714055e-05,0.00192923526680429,0.000227768041027018,0,0.000128668963527544,0.000229366413244752,0.00106611426922822,0.0269773262909053,0.0157080029697756,0.000996585077756812,0.00155201942341919,0.246620042149075,0.00524186168805688,0.0229174608578624,0,0.0216467549447643,0.0317564592219284,0.000428363754352567,0.000187808735583682,0,0.00045713445427177,0.000253341996510753,0.000525065273525442,0,0,1.27869777418677e-05,0.000820764133806132,1.43853499596011e-05,0.00134183347678724,2.55739554837354e-05,0.000191804666128015,0.000846338089289867,0,8.63120997576069e-05,0.00272362625901782,0.000266928160361488,0.000545844112355977,0.000328465490744226,0.0372053101121818,9.75007052817411e-05,0.0012755010297513,0.000343650026812694,0,0.402796192357703,0.000557032717880111,1.27869777418677e-05,0.000903080303019405,6.79308192536721e-05,0.000296498046389557,0.000179017688386148,0.0134159372095458,0,0.000243751763204353,0.000204591643869883,0.00580049277815473,2.63731415926021e-05,0,0.00565344253412325,0.00368904307852883,0.00144732604315765,0.000312481768566891,0.00318315827161619,0.0055079906623095,6.39348887093384e-05,4.155767766107e-05,0.000108689310805875,0,0.023770991622132,0.000133464080180744,0.00147769511529458,0.0063415417738575,0.000253341996510753,2.71723277014688e-05,0.0738272143648908,0.00285549196698083,1.27869777418677e-05
0.000818278315720004,0.00936013115341955,0.000530259607855853,0.00125936656865765,0.0010667182938611,4.95926251951517e-05,0.0444135338274158,0.00275143699400025,0.00150303802514537,0.00213677455287957,0.000884560766701985,0.000116351928342471,0.00206381617158285,0.000394833592899862,3.91018775577158e-05,9.25093200755715e-05,0.000676653222614619,0.00277527960226715,0.0536387158180446,0.0107100996334914,0.00109580627594672,0.0186153548304647,0.0053736470511939,0.350036669931514,0.00726770385191642,0.000103476919878345,0.0424031250983508,0.00102570900764203,0.000488773469471448,0.000616569849782031,0.00202662170268649,0.00115064427496059,0.000144009353932075,0.000823523689538722,8.10648681074596e-06,6.38981901552917e-05,0.000133518606294639,0.000524060529706459,0.000198370500780607,0.00458588727405552,5.91296685019117e-05,0.00146536670408367,0.00183969565387399,1.62129736214919e-05,1.62129736214919e-05,0.00717185656668348,0.000774407916508908,0.000890282992686041,0.000963241373982755,0.0989568382031066,9.82315460596275e-05,0.00556772588248646,0.00226790889834752,0,0.0998266165526831,0.000973255269454853,0.000253685351959815,0.00140862129640844,0.000272759438573335,0.000135426014955991,0.000220782552551493,0.0164003765224698,4.62546600377858e-05,0.000596542058837835,0.000420583609828114,0.0299568067308637,0.000909357079299561,0.000167851962198975,0.00531880905218002,0.0143713705589566,0.00264128414380717,0.000811602385405272,0.00389063681699272,0.0783606394778278,6.48518944859677e-05,0.000112060258854429,0.000347148376366062,0,0.00273045549872537,0.000245102012983731,0.026653174929402,0.00906543651524067,0.00108913034563199,0.000165944553537623,0.00601453636140816,0.00436605842583471,0.000109199145862401
0.000830192443783533,0.0209496553594643,0.000414316844832262,0.000459208963459686,0.000858561768749474,2.02638035471009e-05,0.00799391462391939,0.000749137229595129,0.00255604500434892,0.00432866018848455,0.00105558828939205,0.000351966680071952,0.00391559034694749,0.000950528261770932,4.20863612132095e-05,0.000230695609613148,0.000121271070458804,0.00272657270496837,0.208282907637583,0.0209939239764441,0.00103033647266413,0.0008236456764837,0.00715312265212661,0.00379026651577927,0.202028250859653,1.09112788330543e-05,0.0526793424551624,0.00156374213218858,0.000585779797923116,0.00115347804806574,0.00110266266378609,0.000112230296568559,0.000380959506685496,0.000643453700326403,0,0.000403093815175407,2.77458233183381e-05,0.0011251087230998,9.82015094974889e-05,0.0030140069645134,4.05276070942017e-05,0.00171057677019912,0.00109455714236725,7.48201977123725e-05,1.5275790366276e-05,0.00100009664275538,0.000301463046616101,0.000957698530718367,0.00105340603362544,0.00648317013177707,9.3213496316664e-05,0.00184400612278618,0.000490695796663643,2.58753183755288e-05,0.176333436211105,0.0012859721481814,4.14628595656064e-05,0.00292578148137756,4.92566301606452e-05,0.000585468047099314,0.000177697969566885,0.0429583282673824,1.99520527232993e-05,0.000405899572589621,0.000187673995928534,0.0476214970898061,5.89209056984933e-05,6.17266631127073e-05,0.00832904675950606,0.0143321206226287,0.00348381545598234,0.000716715143919768,0.00398105801994582,0.0131028871243792,0.000101319017735504,9.38369979642671e-05,0.000197650022290184,1.65227936614822e-05,0.0339515352169318,0.000133429352587064,0.00211242358207932,0.059735198850263,0.00020294978629481,0.000105060027621123,0.0113842048327613,0.00446177779024781,0.000102566021030711
0.00172567560963691,0.0114963592826076,0.0129960172017788,0.00394309241069247,0.00406220984215413,0.00538166446757562,0.0015179836778576,0.00107205688315496,0.000913233641206079,0.00260531202658457,0.00606277183208718,0.00317341054586327,0.000879636416947662,0.0323999413575722,0.000983482382837316,0.000491741191418658,9.77373796608513e-05,0.00789229340761374,0.00977679225919953,0.000146606069491277,0.20883729169721,0.000155768948834482,5.19229829448273e-05,0.00119728290084543,0.00130418315984948,0.0892617162683868,0.0428486781019401,9.77373796608513e-05,0.00636820114352734,0.000699433123197967,0.000885745003176465,0.000204637638664907,0.00161877535063285,0.0113253188682011,0,9.77373796608513e-05,0.00202805062796266,0.0013377803841079,5.49772760592289e-05,0.000543664174363485,0.000262669207838538,0.00244648878463568,0.00234569711186043,0.00108732834872697,0.0005711528123931,0.000748301813028393,0.0043859649122807,0.00138359478082393,0.00518313541513952,0.000613912915994722,0.000439818208473831,0.00155158090211601,0.000406220984215413,0.00111481698675659,0.00154241802277281,0.189118775350633,0.00130418315984948,0.000510066950105068,0.000345135121927381,0.00313065044226164,0.0310743781459219,0.0157876411083419,0,0.00154547231588721,0.00321922494257929,0.000448981087817036,4.88686898304256e-05,5.49772760592289e-05,0.00908652201534477,0.0055313248301813,0.00414467575624297,0.000461198260274642,0.07161095636026,0.000195474759321703,0.0647907198358012,0.0106197771587744,0.0128585740116307,0.00982260665591555,0.000109954552118458,0.00764794995846161,0,0.00668890192053951,0.000558935639935493,0.0264929384743195,0.000219909104236915,0.0198620681229536,0.0020891364902507
0.00084655343875178,0.0707083298008972,0.000544145396124745,0.00102143101125935,0.00126317935781543,6.57714682117689e-05,0.00258162082004346,0.000432510888404452,0.00141093705533079,0.0236454309507536,0.000997565081543869,0.000223818668358953,0.00373226423935248,0.00153865440744249,0.000106621673104788,0.000250993508643006,0.000215375999532839,0.00358006534625671,0.0716385733929996,0.00029574624925643,0.00151665729764946,0.00015129746230964,0.000548432688888006,0.00077649467777675,0.0018476692781483,8.82412795146028e-05,0.603553862292332,0.000186288367092869,0.000582137405842256,0.00212130848702802,0.00131680349653129,8.45366188448107e-05,0.000619162026423443,0.000918601943291297,1.90619632089599e-05,0.000144591696705565,0.000103235811127649,0.000889195512158674,4.12129758191411e-05,0.000837550123948932,4.66105674775029e-05,0.000382250625548993,0.00146445126346298,3.27373278179254e-05,4.94797557113775e-05,0.000349931033949027,0.000688253398262147,0.00127966894536643,0.00115829458793268,0.000582236343367562,5.10407699995392e-05,0.00118593113666816,0.000197875050612041,3.02968688603769e-05,0.00490802679703085,0.00116114179004982,0.000159751124194121,0.0019687907952396,7.00257817999277e-05,0.000315061052807838,0.000176185746453288,0.089955053341837,1.4675732920393e-05,0.000189817138828784,0.000216244451143859,0.0029459857396288,8.34922782999139e-05,0.000142876779600261,0.00669163952407269,0.0208116183787051,0.00800743165923419,0.000316841928263347,0.0066091805932593,0.00151518422782823,0.000141997334930874,0.000120934635099059,0.000367399003694723,2.87028753971132e-05,0.00047192100265135,0.000207175177990807,0.000262767074154423,0.0234962771348256,0.000182143984088383,9.96630671582645e-05,0.000973644186536546,0.0183002981669207,0.000143063661592505
0.00153697904119489,0.0115393880992532,0.000436039508552156,0.000833534088171525,0.00116839315827511,0,0.00655745603469044,0.00195133702722236,0.000652854733799085,0.00321609250782944,0.0012189833774994,4.09539869910865e-05,0.0015008431703204,0.00039508552156107,4.09539869910865e-05,0.000905805829920501,0.000782943868947242,0.00295832329559142,0.0406938087207902,0.0124379667549988,0.00232715008431703,0.00112503011322573,0.113326909178511,0.00502770416767044,0.0262707781257528,0.000175861238255842,0.0321199710913033,0.276738135389063,0.000166225006022645,0.00078776198506384,0.000590219224283305,0.000994940978077572,0.000327631895928692,0.000416767044085762,0,0.00292459648277523,8.67260900987714e-05,0.000633582269332691,7.70898578655746e-05,0.00161165984100217,3.85449289327873e-05,0.000416767044085762,0.00106480366176825,0,8.67260900987714e-05,0.00340158997831848,0.000161406889906047,0.00097085039749458,0.000621536979041195,0.00948205251746567,0.00458684654300169,0.00240664900024091,0.00266441821247892,8.67260900987714e-05,0.161746567092267,0.000445675740785353,0,0.000802216333413635,0.000156588773789448,8.1907973982173e-05,0,0.0141797157311491,0,0.000279450734762708,0.000404721753794266,0.00615514333895447,0.000510720308359431,0.000691399662731872,0.00694049626596001,0.00881474343531679,0.00247651168393158,0.000248132980004818,0.0033389544688027,0.00586846543001686,4.09539869910865e-05,0.000346904360395086,0.000257769212238015,0,0.0140544447121176,0.000252951096121417,0.00471211756203324,0.0112117562033245,0.000440857624668755,0,0.169850638400385,0.00510479402553602,0
0.00386948290845501,0.0171221075216617,0.0611879702312034,0.144199363413366,0.0123702974664986,3.10054720228767e-05,0.00109493609772216,0.00168935528993217,0.0050113701495261,0.00596811042908916,0.0499161523449439,0.00108164803828379,0.00206585030735281,0.0261252107264759,0.0189895228080682,0.000489000587332227,0.000437620090837174,0.043252633471913,0.0186785822172102,0.000819430332033171,0.00558452844663471,0.000216152433530912,0.000434962478949499,0.00130311569559005,0.00228731796465908,0.000473054916006176,0.0449853964226772,0.000146168653822133,0.225053661613365,0.00172833359761807,0.017780309399176,0.000181603478991135,0.00126413738790415,0.00795157476792404,0.00128274067111787,0.00375431972665576,0.000163886066406634,0.0017221325032135,0.000690093220166313,0.000397755912522047,7.70707447425793e-05,0.00116757748931861,0.00336630839105519,0.00188779031087858,0.0022067037373996,0.000381810241195996,0.00243437248911044,0.00178857280040537,0.0191631534513963,0.000909789136214126,0.000229440492969288,0.00115960465365559,0.000287022083868916,0.000902702171180325,0.00631714345700383,0.0194501755352652,0.00371977077211598,0.00108519152080069,0.000370293923016071,0.0141650713613085,0.00101432187046268,0.0174684829376887,0.000563413720187131,0.000826517297066971,0.00113214266414961,0.00249461169189774,0.000297652531419617,0.00226162771641155,0.0307716021767613,0.00460386966008258,0.013812494850877,0.000402185265668172,0.0389127532593395,0.00143688216060303,0.000547468048861081,0.000785767248122619,0.00875505942863116,9.0358804180955e-05,0.000978887045293679,0.028920132561681,0.000590875709693108,0.00741030781346754,0.000201978503463311,0.000541266954456505,0.000679462772615613,0.0212095146049061,0.000419902678252673
0.00514853806429218,0.301614037250667,0.000708906119456492,0.00126067054030217,0.00735205879625922,0.000110908690820171,0.00178641310430394,0.000868826851322479,0.00457706777127344,0.00449394941300502,0.0017194636667929,0.00027714540735701,0.0506266593670726,0.00123666979855293,8.69079490709313e-05,0.000321862578826647,0.000270071504525656,0.00675936679474641,0.0220917985423213,0.000594460477220643,0.00179247644958796,0.000115708839170019,0.000517405464236242,0.00045323505998038,0.00165504062315021,0.000124551217709213,0.123446425670587,0.000126067054030217,0.000812993546832142,0.154857585914445,0.00360011126238596,9.75188033179636e-05,0.018330755990522,0.00136551588583832,4.74962047248113e-05,0.000373906292514472,0.00016194184696066,0.00117098355797607,0.000205648460882959,0.000476477883569117,5.70965014245072e-05,0.000418623463984108,0.00117578370632591,7.35180615687239e-05,5.88649771323459e-05,0.000332978711847347,0.00127178667332287,0.0187743907538027,0.00267898805798882,0.000350663468925734,1.7179478304719e-05,0.00101055754733641,0.000226870169377024,6.01281740665164e-05,0.00259965929052292,0.00139355885777691,8.58973915235949e-05,0.0167583284468665,6.06334528401846e-05,0.000166741995310508,0.0003392946965182,0.0788866485389485,2.12217084940646e-05,0.00025617633824978,0.000294324885661729,0.00141932807523399,5.96228952928482e-05,0.000204637903335623,0.0120193188286324,0.00663860516783971,0.0426040956381557,0.00021676459390366,0.0199774595139067,0.00104870609474836,0.000130614562993231,0.000329189121044836,0.000696779428888455,4.72435653379772e-05,0.000583596983586777,0.00052776367909644,0.000330199678592172,0.0420932587979772,0.000183163555454724,6.51809618031985e-05,0.000812488268058474,0.0208197592296116,0.000184679391775729
0.0297042900029098,0.0284654327356012,0.00323997945137432,0.0261386862526795,0.00334675310854532,0.000199405108094186,0.00117839933559915,0.000445125941649964,0.0204457411276217,0.00292319403142328,0.0168359429828671,0.000291683003861176,0.00585982315878197,0.00477723727051177,0.00164650636240181,0.0011059205285791,0.000327745629793103,0.026865242098661,0.0160683747387669,0.000465632140709295,0.00221396238809537,0.000158746265131719,0.000474471019614179,0.00070251409536019,0.0015485715841357,0.000224153969027861,0.046661855959508,0.000158746265131719,0.00605074294312747,0.00550944999899237,0.407966941178675,6.71754796771193e-05,0.00683174628316303,0.00135977313072737,0.000137179400603801,0.0113568987273075,4.59621703053974e-05,0.00398279883454078,0.00085807836408615,0.000670340576146411,7.42465828010266e-05,0.00031961386120061,0.00136896556478845,0.000253852602148272,0.000432397956026931,0.00011136987420154,0.000692968106142915,0.00663870516788036,0.00318659262278882,0.00035390871135156,0.000181727350284417,0.000488259670705799,0.000146018279508686,0.000107480767483391,0.00679285521598154,0.00252403026007871,0.0032799311840244,0.00529024580215124,0.000135058069666629,0.00329831605214656,0.000356030042288732,0.017205054565935,0.000355676487132537,0.000243599502618606,0.000215668645279172,0.00196612022360242,0.000119148087637838,0.00177201844285117,0.201046311129245,0.00405350986577986,0.0117051505561599,0.000239710395900457,0.0116499959517935,0.00253074780804642,0.000434872842120299,0.000253499046992076,0.00107339345420913,9.29850060793809e-05,0.000503816097578395,0.00143154482743503,0.000245013723243388,0.0100155104647023,0.000108187877795782,7.31859173324405e-05,0.000922425402513706,0.00819258007935899,0.000206476211218093
0.000662378744451804,0.008140449055646,0.000101110774075198,0.00253189632225035,0.000629362981488474,0.000664442229637012,0.0769597434675218,0.0128617031594022,0.000559204485191398,0.00810536980749747,0.000515871296302028,0.00154348691853567,0.00213364368150519,0.000140316992594152,0,0.000140316992594152,0.0982858628566476,0.0032809414444809,0.0204594556113384,0.000495236444449947,0.00286618092225407,0.0104267906408566,0.000555077514820982,0.0104123462445601,0.00164253420742566,3.50792481485379e-05,0.0484011085042415,0.0010420600185301,0.000883171659269072,0.000144443962964568,0.000278570500003095,0.16503548162776,0.000610791614821601,0.0113099623001257,0,0,0.00128142430001424,0.00132682097408882,0.000208412003706019,0.00560236227784003,0.00162189935557358,0.0286308569447626,0.0056725207741371,0,0,0.118326430975389,0.00180142256668668,0.000103174259260406,0.000350792481485379,0.00528871252968839,0.023866269652117,0.0191078728150271,0.117278180501303,0,0.0154988372260981,0.00167554997038899,0.000259999133336222,0.000555077514820982,0.00716442056304257,0.000550950544450566,0.000825394074083245,0.0130329724297744,0,0.0198940606705914,0.00672902518896366,0.00677648534822344,0.0229005585854396,0,0.00501839597042613,0.0192151740446579,0.00289713320003219,0.00224507188150643,0.00526807767783631,0.00527014116302152,0.000439522344449328,0.000740791181489712,0.00113078988149405,0.000202221548150395,0.00145475705557172,0.000466347651857034,0.00267840377040013,0.00573029835932293,0.0205461219891172,0,0.00307046595558967,0.00301062488521864,0.00243078554817516
0.0122915636531142,0.186875576808784,0.0014173591056464,0.00234186379501122,0.0193566156041574,5.31509664617402e-05,0.0011105330719809,0.000341454693632997,0.00911216947749379,0.00253191876599562,0.00264063665194009,0.000397826930789388,0.0417082076366664,0.00118784356865253,9.50274854922021e-05,0.000278639915087305,6.68413669140066e-05,0.0165251186635592,0.0186632370871338,8.21424027135984e-05,0.00134326987966943,0.000340649375959335,0.000263338879287713,0.000712706141191516,0.00216791517750007,0.00019166560633173,0.0746062399234626,0.000196497512373706,0.00142943887075135,0.127977058110113,0.00553897495945225,5.23456487880774e-05,0.127315892300036,0.00454440763247878,0,0.000625731832435941,0.000123213604070398,0.00143588141214065,0.00015945289938522,0.000322932387138755,0,0.00131105717272292,0.000855247369429819,0.000302799445297186,0.000163479487753534,5.15403311144147e-05,0.00091161960658621,0.041174282019028,0.00798794600506062,0.000176364570532138,0,0.000541173476701354,0.00014737313428028,2.57701655572073e-05,0.00254641448412155,0.00140769529356245,0.00105496615249818,0.0514259760047546,0.000107107250597143,0.000818202756441333,0.000256896337898411,0.0471666508287524,5.15403311144147e-05,0.000520235217186123,0.000537146888333041,0.00132313693782786,2.81861185781955e-05,8.29477203872612e-05,0.0249439096240294,0.00555910790129382,0.0409632887885284,0.00013287741615435,0.0489415709815051,0.000854442051756156,0.000197302830047369,0.000260922926266724,0.00128045510112374,6.44254138930184e-05,0.000525872440901762,0.000592713807815769,9.18062147975512e-05,0.0292885984734398,5.39562841354029e-05,5.39562841354029e-05,0.000544394747396005,0.0180793817737283,0.000169922029142836
0.000868903461326506,0.00999457664282528,0.00144477068821236,0.00214237187318675,0.00740900568869347,0.00121333037867279,0.00674457154020428,0.00409011520260321,0.000928312548657136,0.00985461903831631,0.00244524887669443,0.0210774694498791,0.00163101635462924,0.00507783683859098,0.000301054638865644,0.000270074439950898,0.00160987692478153,0.00876994760337181,0.0130131414359067,0.00018661013934529,0.0195302818687839,0.000558372526322235,0.000277728371447482,0.000868174515469689,0.00112877265928196,0.000923574400587822,0.0547744495729835,7.32590586101627e-05,0.00274812588020212,0.00133324197211928,0.00113132396978082,0.000551447540682468,0.0012217132560262,0.389375905715227,0.000117724755876033,0.000182600937132794,0.00300763060522917,0.00113205291563764,0.000117360282947624,0.00103546758960931,0.000662611783847143,0.0115942483256114,0.0206492137589988,9.40340155294625e-05,0.000167657547068034,0.00156759806508612,0.0442991331375871,0.00218829546216625,0.00415134665457588,0.00158509276564974,0.000829904857986768,0.00351898612378667,0.00146481669927484,9.91366365271853e-05,0.00565333959254842,0.00652880356658629,0.000272261277521351,0.00121952641845574,0.00178591734920297,0.00113278186149446,0.00909906665772493,0.0126497619262832,5.46709392613154e-05,0.0105292584288009,0.021761220663574,0.00176040424421436,0.000922845454731004,0.000336772985849703,0.00779461804694994,0.005511195150469,0.00736162420800033,0.00164851105519286,0.14746756919883,0.00208733646099702,0.00378104215931257,0.0189456672916162,0.00575539201250288,0.000213581136047539,0.000428984636737122,0.00144367726942714,0.00098626374427413,0.00556149241458941,0.000682293321981216,0.00074935634080843,0.0009891795277014,0.0348607421835136,0.00799070448243386
0.000518008410018892,0.00233408495337924,0.0215308672070205,0.0384484124565787,0.0024986288012676,0.000109695898592236,0.0014504235480529,0.00500335181912365,0.000310805046011335,0.00082271923944177,0.00590529587421537,0.00131025656651837,0.000103601682003778,0.0302638795782802,0.0036321530867207,0,9.75074654153209e-05,0.0055701139618502,0.043140959229691,0,0.0121701505271497,0,0.000219391797184472,0,0.000219391797184472,0.0008470961057956,0.0465415320860503,0,0.0101346821866049,0,0.00222438905478701,0.000780059723322567,0.000554573709549637,0.000932415138034006,0.199768419769639,0.00173075751112195,0.000213297580596014,0.00166981534523737,0.00502772868547748,0.000414406728015114,0,0.00108477055274544,0.0021817295386678,0.00602108598939606,0.112194527393504,0,0.000304710829422878,0.00054847949296118,0.00435127064415869,0,0.000499725760253519,0.00125540861722226,0.000499725760253519,0.0027423974648059,0.00327259430800171,0.0126576878542263,0.153092814918642,0,0.000207203364007557,0.106624413431653,0.000627704308611128,0.00712413919190688,0.0092022670485709,0,0.0013346334328722,0.00357121092083613,0.00107258211956853,0.065250777012615,0.0127673837528186,0.00656347126576878,0.0035894935706015,0.000219391797184472,0.00672192089706868,9.75074654153209e-05,0.00481443110488147,0.000207203364007557,0.00116399536839539,0.000219391797184472,0,0.00312633310987873,0.000213297580596014,0.00947041257846304,0,0.00103601682003778,0.000109695898592236,0.00666097873118411,0.00079834237308794
0.0017711405520965,0.00937065992540924,0.00525880498728212,0.0965726739800987,0.00176333817080973,4.42134939583561e-05,0.00478025893502697,0.000442134939583561,0.0207673381916161,0.000538364308787042,0.00734464158461162,0.000358909539191361,0.00752669714796956,0.00293889695134955,0.00287907869481766,0.000166450800784399,0.000226269057316293,0.0101222893227013,0.00548767483836067,0.00108973258638536,0.000746427809767541,0,0.000169051594546656,0.000488949227304173,0.00174253182071168,0,0.0161405260885622,0,0.011459097316501,0.00292069139501376,0.0529027459180542,0.000296490488897212,0.00097529766084609,0.00110273655519665,0.00047074367096838,0.369463560278597,0,0.00294149774511181,0.00662162091870439,0.00289208266362894,0,4.42134939583561e-05,0.000306893663946236,0.000785439716201385,0.00107672861757408,0.000260079376225624,4.16127001960999e-05,0.000676206378186623,0.00151106117587088,0.000983100042132859,0.000223668263554037,0.00278284932561418,4.16127001960999e-05,0.000736024634718516,0.00424189462623993,0.00167231038913076,0.00409104858802907,0.00572434707072599,0,0.00516777720560315,0.000444735733345817,0.00870485672227164,0.00030429287018398,0.000223668263554037,0.000260079376225624,0.00117295798677756,0,0.00979198851489475,0.260375866714521,0.00228349692326098,0.00400782318763687,0.000176853975833424,0.00973997263964962,0.00359429697943813,8.84269879167122e-05,0.00022106746979178,0.00204422389713341,0,0,0.00225488819187616,0,0.008647639259502,0.000137842069399581,4.16127001960999e-05,8.84269879167122e-05,0.00424449542000218,0
0.00179857657961632,0.00855253187540926,0.00171565333508711,0.00112375293448206,0.00265354382493473,0.0203991181541858,0.00920162072051721,0.00592472285050083,0.00221319280226238,0.0145716156593399,0.000483242356049537,0.139765698942872,0.000777762845239491,0.00527277458316773,0.000700558445160571,0,0.00294806431412469,0.00174710697956371,0.0168820288172572,0.000448929289347794,0.022037567089194,0.00343988493684966,0.000983641245449944,0.00150977493487666,0.00076632515633891,0.00391454902622376,0.047108981159267,0,0.0014868995570755,0.00163558951278305,0.00113233120115749,0.000549009067227876,0.000428913333771778,0.0990532453012544,0,0,0.140817966321725,0.000777762845239491,0,0.00167848084616022,0.0110001973001335,0.0764323560781309,0.0195498697533176,0.000203018977985308,5.14696000526134e-05,0.00249913502477689,0.00967342538766617,0.000926452800947041,0.000975062978774509,0.000497539467175263,0.0041261462708845,0.00235044506906934,0.002284678357891,0.000102939200105227,0.00494394102727603,0.0125414258794868,4.5750755602323e-05,0.000800638223040652,0.00821512005284212,0.000972203556549364,0.00917016707604061,0.0108229131221745,4.5750755602323e-05,0.00979066169889712,0.0132391249024222,0.00268499746941133,0.00483242356049537,0,0.00543290222777586,0.00521272671643968,0.00323686595886435,0.000906436845371024,0.0371581918157617,0.000740590356312604,0.0189236562860109,0.0520414844976424,0.00251057271367747,0.00230755373569217,4.86101778274682e-05,0.000440351022672359,0.00140683573477143,0.00458365382690774,0.000254488578037922,0.00233614795794362,0.00191295346862213,0.011403375833879,0.075863331055327
0.00415782864258503,0.0373571405958147,0.00759806249406401,0.00585895041208936,0.00139508869682675,0,0.00248625489389095,0.000721815936936081,0.0349700826289296,0.00515612963138844,0.00169267947784426,0.000274374478952312,0.0133831428541278,0.00233007249817963,0.00121991114488028,0.00867445468072308,0.000287037916442418,0.0106415086375197,0.046643661421893,0.000578296978714872,0.00115448338451473,0.000671162186975655,0.000287037916442418,0.00133599265520626,0.00221821213368369,6.7538333280569e-05,0.0891548210761811,0,0.00197549624845664,0.00783655723346102,0.010331254419012,0.000168845833201423,0.00360485853885037,0.00299912411224027,0,0.00525110541256424,0,0.141074914785619,0.000253268749802134,0.000635282447420352,0,0.000704931353615939,0.00129589176982092,0.000424225155918574,0,0.000413672291343485,0.00221188041493863,0.00284294171652895,0.000818902291026899,0.00015196124988128,0,0.00216755838372326,0.000272263906037294,0.000211057291501778,0.0145861694156879,0.00165257859245892,0.00117347854074989,0.0168275978514368,0.000272263906037294,0.000711263072360992,3.37691666402845e-05,0.0401008853853378,3.79903124703201e-05,0.00040945114551345,0.000202614999841707,0.002967465518515,0.000236384166481992,0.0011038296345543,0.384951615115923,0.0111184981163137,0.0070619769736495,0.000723926509851099,0.00722026994227583,0.0009138780722027,0.000135076666561138,0.00037146083304313,0.000766137968151455,0.000135076666561138,0.000538196093329534,0.00073236880151117,0.000206836145671743,0.0245100832621015,0.000238494739397009,0.000462215468388894,0.000143518958221209,0.0133915851457878,0.000101307499920854
0.00605853130373861,0.0495350614610534,0.00521463601044519,0.125047767658111,0.00465734666581746,0,0.00914750652824661,0.00113050124195911,0.0092748869498758,0.0232230431182727,0.0125549328068276,0,0.00938634481880135,0.0231115852493472,0.00566046748614738,0.000533405515572257,0.000127380421629196,0.0348703904209923,0.0381504362779441,0,0.00578784790777657,0,0.000270683395962041,0,0.00265906630150946,0,0.0784344946181772,0.000509521686516782,0.0172918922361633,0.00738010317814152,0.0251735558244698,0,0.00321635564613719,0.0014489522960321,0.00751544487612254,0.0465416215527673,0,0.00320043309343354,0.0293930322909369,0.000143302974332845,0,0.00127380421629196,0.00351888414750653,0.000955353162218967,0.0152299216610407,0.000254760843258391,0.00358257435832113,0.00281033055219413,0.0118384179351634,0.00013534169798102,0,0.00226100248391822,0.00028660594866569,0.00181517100821604,0.00767467040315903,0.00355869052926565,0.0349420419081587,0.0034790777657474,0,0.0325934653843704,0.000413986370294886,0.0210655372269282,0.00136137825616203,0.000278644672313865,0.000127380421629196,0.00820807591873129,0,0.113161582064837,0.0554662123431629,0.0125947391885867,0.00841506910387873,0.000127380421629196,0.0232071205655691,0.00188682249538246,0.000143302974332845,0,0.00449015986242915,0,0.000931469333163493,0.00371791605630215,0.000254760843258391,0.0140198076555633,0,0.000278644672313865,0.000668747213553277,0.0140277689319152,0.00229284758932552
0.00199868225408097,0.0107677924900596,0.000786061830230545,0.00252993372767651,0.00105817679512598,0.000142763018148641,0.109867823075955,0.00651258931881707,0.00200430625176561,0.0424365234522866,0.00245379345133057,0.000481068109640267,0.00273239764432368,0.000966462371345645,0.000154443628724438,0.000182563617147655,0.00115594783179748,0.0043685483553484,0.116459148362357,0.00330734325377684,0.0023841424030823,0.00321260052355092,0.00105038972140879,0.00433437175403403,0.00668909632307358,9.60405758454491e-05,0.115457211544077,0.000160932856822104,0.00134024190977118,0.000981603903573531,0.00384465134026354,0.00114686291246075,0.0007293892381776,0.00176333958173897,0,0.000114643029725423,7.39772003133865e-05,0.000802068592871453,8.21968892370961e-05,0.115670923456094,0.00017607438904999,0.00187365645939928,0.00851603034016966,4.45593662706363e-05,4.41267510641253e-05,0.00333156970534146,0.00134802898348838,0.00151285537716908,0.00163571809581821,0.00339170321904649,0.000493181335422576,0.0516559861182432,0.000969490677791222,2.98504492492612e-05,0.0156130828029831,0.00160500241615593,0.000216307603255516,0.00216653695420725,0.000247888513330821,0.000204194377473207,0.00022625775300527,0.0190207927846705,1.51415322278861e-05,0.00177545280752127,0.00130693053886983,0.0693728766704895,0.000316241715959564,0.000115075644931934,0.00810893943084278,0.136798119681266,0.00430798222643686,0.0112216058416897,0.0053882223970949,0.022057751534378,0.000470252729477492,0.000327922326535362,0.000411417061391991,3.59070621404156e-05,0.0017213759067074,0.000484096416085845,0.0260343505126274,0.010311816062397,0.00208001391290504,0.000747991692057574,0.00320654391065977,0.00820930615875334,0.000550719157888544
0.00146306726225157,0.00509268250577243,0.00134653978118729,0.00538184329211713,0.000492004920049201,0.00221833797285341,0.0101163116894327,0.0133618178287046,0.00320234781295181,0.0112513756716515,0.00130769728749919,0.0130165512181438,0.000146738309488358,0.00169180639174813,7.76849873761896e-05,0.000138106644224337,0.00623206232062321,0.00306424116872748,0.031138732439956,0.00107895815800263,0.00813102867870784,0.00119116980643491,0.000638743229537559,0.00218812714442934,0.000509268250577243,0.00202412550441294,0.0384324895880538,0,0.000940851513778296,0.000280529121080684,0.00158822640857988,0.00361235191299281,7.3369154744179e-05,0.0128568654107594,0,0,0.0168705897585292,6.90533221121685e-05,0.000146738309488358,0.000660322392697611,0.147670529336872,0.294637577954727,0.00412593599620207,7.76849873761896e-05,0.000155369974752379,0.00508405084050841,0.00232623378865368,0.000146738309488358,0.00120843313696295,0.000578321572689411,0.0275824863511793,0.00353898275824864,0.0140782460456184,6.90533221121685e-05,0.0043848859541227,0.00660322392697611,0.00203707300230897,0.000854534861138085,0.101901124274401,0.000707796551649727,0.00359940441509678,0.0157657366047345,7.76849873761896e-05,0.0198312509440884,0.00915819684512635,0.00111348481905872,0.0225631730001511,0.000880429856930148,0.000958114844306338,0.00836408364083641,0.000444530761097085,0.00473015256468354,0.0122310696791178,0.000643059062169569,0.00109190565589866,0.00899419520510995,0.000789797371657927,0.000673269890593643,6.90533221121685e-05,0.000725059882177769,0.000284844953712695,0.0131935003560562,0.00242118210655791,0.000379793271616927,0.00271465872553462,0.00346992943613647,0.0450313976823979
0.000379940267266406,0.00753756955133647,0.0009881230394108,0.00245291106614301,0.00280223343641359,0.00205905357296941,0.0188627121333159,0.0137877957062575,0.000895573487127958,0.0144064163978323,0.00081554943816159,0.0231603514934575,0.000997865097545836,0.00741370624076244,0.000201799775654318,0.000214325278970793,0.0102145479545853,0.00374303790773993,0.019983048818845,0.00108067259169364,0.00966899269902329,0.0011815724795208,0.00134370816133962,0.00427050076962259,0.00168815950254268,0.000942196193917059,0.0461829224504338,0.00017187773995385,0.00130613165139019,0.000480144293798206,0.000769622592667849,0.00360386564866798,0.000497540826182199,0.0303618200391352,0.000105075055599317,0,0.0126848555531123,0.000867739035313569,6.81944069452524e-05,0.00276117761998736,0.0232181079809724,0.386735352815594,0.00950824873979519,0.000137084675185865,0.000189274272337843,0.00479657190891454,0.00273821419724049,0.000842688028680619,0.00202008534042926,0.00209871766680491,0.0307737699259882,0.00668235601933938,0.0182461790256272,0.000155177068865217,0.00833850590229551,0.00399285211277407,0.0013958977584916,0.000715345411629791,0.0278198387271862,0.00084060044479454,0.00384811296333924,0.0164160638188311,4.87102906751803e-05,0.0426813484121837,0.012624315620416,0.00351062023508978,0.0080017090353414,0.000680552346861805,0.00465948723372867,0.0106807750224763,0.00314042202595841,0.00364492146509421,0.0217895047415989,0.00308405726103427,0.00263731430941333,0.00590090378465041,0.00207018735369516,0.000226154920991909,0.000363239596177773,0.000565735233127451,0.00156499205326401,0.00615698074134279,0.00216134518338729,0.000279040379439247,0.00255798612174233,0.00807964550042169,0.0504276763521281
0.000980776851037509,0.0146099798007133,0.000904232185485508,0.00178874832075308,0.00538364147715741,0.000228474228996124,0.0175851704375223,0.00823241743903971,0.0016689056625656,0.117695928249041,0.00272506741149523,0.00296204660333047,0.00323072611120239,0.00215291536595502,0.000410557751597097,0.000208371589558225,0.000986575689336903,0.00858228068310315,0.0282028433637128,0.000933999555422397,0.00568247494418618,0.000554368941422068,0.000457721636432168,0.00114198455576066,0.00216992529163324,0.00015540886642376,0.158706859059235,0.000267519740212044,0.00140834452831283,0.000856681711430477,0.00264852274594323,0.000384269684639844,0.000980776851037509,0.0187225159226435,8.38898607312335e-05,0.000298833467028772,0.000675371367269424,0.00138012351525578,0.000168939489122346,0.0042057041239405,6.37872212933342e-05,0.00224840290328504,0.238941905304971,8.81423421507891e-05,2.66746561772125e-05,0.00147135857116624,0.051033642926867,0.00145086934250838,0.00412026790632943,0.000815703254114759,0.000153862509543921,0.0101170398863428,0.000652562603291807,0.000114430409108042,0.00454319651296524,0.00257043172351139,0.000130280567126386,0.00201567619286936,0.000323961766326146,0.000467386366931158,0.000555528709081947,0.0183591220558815,0,0.00344064405764045,0.0114105674163276,0.00234079772685539,0.000421382249755966,0.000289941914969701,0.00968251360310818,0.0277428021919609,0.00844968058065701,0.018172399462641,0.0583842503551789,0.00227623732712213,0.000733746339483323,0.00102252848679315,0.00129700683296446,3.86589219959601e-05,0.000610424378316211,0.000931680020102639,0.00117755076399695,0.0091981173104988,0.00156066068097691,0.000113657230668123,0.00179725328359219,0.0765040736839053,0.00171529636896075
0.00160337268884479,0.00653682711605952,0.206924776032381,0.0792716427282003,0.00437844080415307,0,0.000829717335486113,0.000201823135658784,0.0020630809422898,0.00552210523955285,0.0128101629161201,0.0002803099106372,0.000381221478466593,0.114102952223979,0.0478825389350466,8.96991714039042e-05,0,0.0110329980826802,0.0110442104791057,0.0002803099106372,0.0200533710069853,8.96991714039042e-05,0.000627894199827329,0.000100911567829392,0.00160337268884479,0.000728805767656721,0.0313891037931537,0,0.0170989045488692,0.000454102055232265,0.00792155807460729,0,8.96991714039042e-05,0.000302734703488177,0.000751230560507697,0.00496709161649119,0.000364402883828361,0.00131745657999484,0.00110442104791057,0,0,0.000100911567829392,0.00132306277820759,0.0767937031181675,0.00448495857019521,0,0.00163140367990851,0.00155852310314283,0.00849339029230717,0.0015921602924193,0,0.000370009082041105,0,0.0274535526478074,0.00236581564577797,0.0385930684965298,0.0271732427371702,0.000683956181954769,0,0.0971105654411517,0.000650318992678305,0.00705259735163196,0.00539876887887248,0,0.000678349983742025,0.00211914292441724,0,0.00733290726226916,0.0222229697153173,0.00144079294067521,0.00604348167333804,0.000269097514211712,0.0151255227779833,0.00130624418356935,0.000190610739233296,0.000487739244508729,0.0104219224774911,8.96991714039042e-05,0,0.0105452588381715,8.96991714039042e-05,0.0025227891957348,0,0.000840929731911601,0.000100911567829392,0.0209391503245989,0.000201823135658784
0.000542613307421088,0.0103300859781002,0.015036518556694,0.0361394084833845,0.00142350855126788,0,0.0013099911229371,0.00101711615784371,0.000737863284150016,0.0023248369322142,0.00337373796999053,0,0.00117604055750679,0.0218884305307394,0.00862505420457203,0.000145302308263388,0.00031330810219293,0.0059437725473992,0.0199268493691836,8.17325483981556e-05,0.00486081628112364,0,0.000186168582462465,0.000149843005396619,0.000862732455313864,0.000413203439124009,0.0199154976263506,0,0.00741722876713262,0.000603912718719705,0.00936291748872204,0,0.000115787776897387,0.000467691804722779,0.0291149500182763,0.00131226147150372,0,0.00107160452344248,0.00392543267167808,7.26511541316939e-05,0,0.003530392021087,0.00133950565430311,0.00607999346139613,0.227443519403534,4.08662741990778e-05,0.000563046444520627,0.000413203439124009,0.00360985422091854,7.71918512649247e-05,4.08662741990778e-05,0.000190709279595696,0,0.00459745584739625,0.00333514204435807,0.0081346589141831,0.232949114677576,0.00108068591770895,0.000276982525127083,0.186872390518116,0.00026336043372739,0.00673385384858137,0.0119806293860296,0.000508558078921857,0.00031330810219293,0.000674293524284783,7.26511541316939e-05,0.0482176628577786,0.00838666760507741,0.00350995888398746,0.0027221479313719,7.94621998315401e-05,0.00448166807049886,0.000420014484823855,0.000867273152447095,0.000145302308263388,0.00212731660691866,0,0.000195249976728927,0.00191844453879004,0,0.00833899028517848,0.00023384590236139,0.000696997009950938,0.000163465096796311,0.00618442949546044,0
0.000245567506507539,0.00597066094253624,6.25956389136864e-05,0.000480541904891223,0.00104871770426161,9.34119534558089e-05,0.146085702096761,0.0246039381323965,0.00112286946112859,0.00693174475231869,0.00094182361319362,0.000391945000582621,0.00194913189478925,0.00140695736081378,0,0.000128080307315697,0.0128773674392895,0.00226307309918712,0.0199718608527837,0.00221684862737394,0.00291310473406002,0.0674251332083347,0.0012605798667387,0.0226538432277778,0.0034206109141756,6.54846684020104e-05,0.0371413631018932,0.000455503649325749,0.000779074952018035,0.000242678477019215,0.000160822641516702,0.0197185892676407,0.000549878612610999,0.00274746704339611,6.54846684020104e-05,0,0.000323571302692287,0.000618252310501333,4.81504914720665e-05,0.00639053322817266,0.000356313636893292,0.00441540006798849,0.00801513081044018,1.63711671005026e-05,4.91135013015078e-05,0.367368989735278,0.00228137028594651,0.000643290566066808,0.000520988317727759,0.00670062239325277,0.00221010755856785,0.0253868651237323,0.0136506643323308,8.1855835502513e-05,0.0259743011196915,0.00124517170946764,0,0.00128080307315697,0.000924489436263676,0.000391945000582621,0.000460318698472955,0.010545920642212,0,0.00637801410038992,0.0028100626823098,0.00787164234585342,0.00330601274447208,6.54846684020104e-05,0.00696737611600801,0.0187218740941689,0.00205891501534556,0.00248649137961751,0.00880865090989984,0.00907058958350788,0.000673143870779489,0.000143488464586758,0.000476689865573458,0,0.00126154287656814,0.000158896621857819,0.00557678992229474,0.00390789388787291,0.0429675725700132,8.1855835502513e-05,0.00358432258518063,0.00300459066785695,0.00132510152531127
0.00122090569605398,0.0104118573303376,0.000922841624950552,0.00382304360330262,0.0157406478954252,0.00049144759967516,0.00821411688739569,0.00397786061620477,0.00214650207212379,0.0213228755634843,0.00399273627224875,0.0046847297534057,0.00139280216589552,0.00446710441498452,0.000266659908343921,0.000235806695808261,0.000810998729508784,0.00844110837962233,0.0154596632812612,0.000340487238339965,0.00771826168592972,0.000589516739520651,0.000755352756899825,0.000534421717135544,0.00140327022014869,0.00041486551855986,0.0818866298705377,3.85665156695753e-05,0.00316796378714369,0.00177956922303898,0.00207763329414241,0.000185119275213962,0.00289579437656126,0.0884506508374994,1.87323076109366e-05,0.000279882713716347,0.00111402135262688,0.00166772632759721,0.000121209049247237,0.000844055742939848,0.000231950044241303,0.0024335471387502,0.0964251043775199,0.000107986243874811,2.69965609687027e-05,0.000644060811681908,0.180453828718391,0.00357291220167423,0.00681800902015707,0.000838546240701338,0.000175753121408493,0.00427316993618895,0.000605494296012333,0.000201647781929494,0.00483183346317394,0.00410017156589971,0.000274373211477836,0.00276136252194159,0.000667751671307504,0.0012297208996356,0.00198562460675928,0.0102978106340005,7.60311308914485e-05,0.00386050821852449,0.00954741642911529,0.00158177809267644,0.000214319637078069,6.5563076638278e-05,0.00933309679203723,0.00641581535674578,0.0124096028420216,0.00405113699597696,0.190313633924429,0.0015619438846178,0.00113054985934241,0.00254208433284886,0.00369963075315998,0.000119005248351832,0.000686483978918441,0.00104294877375009,0.000557010676313438,0.00349633012055893,0.000892539362638743,0.000141594207529727,0.00102091076479604,0.11610504637348,0.00186992505975055
0.0127607021400075,0.110209122437136,0.0018274966520037,0.00224290051895111,0.0492788607560631,0.000117752277244933,0.00239943628433624,0.000782678826925647,0.00570911636261347,0.00656328764358068,0.00511241137038418,0.000786416994457232,0.0150909823250094,0.00101397794294248,0.000390171236109203,0.000251391766499103,0.000269148062274133,0.0421235408296676,0.0166899834866449,0.000291577067463644,0.00195879978655063,0.000164946642331196,0.000796229684227643,0.000972390829153595,0.00213309184771079,0.000133172218312722,0.116231310330519,4.1119842847437e-05,0.0013751783806819,0.0539819427817387,0.00788005715658156,0.000101865065235696,0.0283521316433078,0.00308679183920646,3.97180300230925e-05,0.000764922531150617,0.000170553893628574,0.00124387524613497,0.000189712002227948,0.00124247343331062,6.21470352126036e-05,0.00100790342070365,0.00237887636291252,0.000175226603043055,5.46707001494332e-05,0.000464467315799459,0.00243214525023761,0.0835246807838564,0.0191169887565266,0.000901365646053476,0.000177095686808848,0.00119527906822436,0.000186441105637811,4.48580103790222e-05,0.00359798624915074,0.00170273531063705,0.000173357519277263,0.0114355217500605,0.000257466288737929,0.00084248950743101,0.000405591177176992,0.0336514513902712,2.42980889553037e-05,0.000326622388072255,0.000510727139002825,0.0028891362309739,0.000311669717945914,0.000157937578209474,0.0197384591086526,0.00948606738233884,0.130469055916444,0.000378489462572999,0.0949588007210925,0.0024583124229587,0.000324753304306462,0.000722400875478836,0.00253120668982461,2.42980889553037e-05,0.000344378683847285,0.00139573830210562,0.000212608278358907,0.01796937132433,0.000291109796522196,8.17724147534258e-05,0.000772398866213788,0.0546230385134055,0.000437365601195466
0.00617255352276507,0.0173453635113647,0.00428049751062679,0.00965842060065953,0.0796061677551297,0.000100518060985921,0.00260230091219106,0.000794630432732321,0.00388297546697465,0.00422299952512455,0.0148286890955691,0.00178243755056927,0.00381224053516974,0.00471566212032715,0.000619654548793866,0.000242815233739652,0.000240333306307901,0.108908630323528,0.0158553797431702,0.00051210436008465,0.0114669183892622,0.000200208812827925,0.000248606397747072,0.00079752601473603,0.00174851787566867,0.000592353347044604,0.0486710105912117,0.000188626484813086,0.00416053768475882,0.00428463405634637,0.00541473834693705,0.00013154215388281,0.00400128067455478,0.00482693520018399,0.000136506008746312,0.00104695972162702,0.000160497973919907,0.00155037733570054,0.000386767024781218,0.000663088278849511,5.7084330930276e-05,0.000972088244102527,0.0057593126053785,0.000407863407951103,0.000310240928968892,0.000481907576331678,0.00343705583840336,0.0153850544948533,0.215324578196433,0.000602281056771608,0.000104654606705506,0.00105606012221011,0.000303208801245597,0.000183662629949584,0.00479839303471886,0.00717607951433644,0.000962987843519439,0.00290095951314512,0.000507140505221148,0.00222215236056118,0.0016165620672139,0.0176845602603707,0.000113755007288594,0.000768570194698934,0.000703626426901446,0.00232928889469844,0.000348297149589076,0.000689148516882898,0.015976580532754,0.00530636084908392,0.0318741530422639,0.000735891483514211,0.203448141780932,0.00132948579427469,0.00109039345168266,0.000713967791200409,0.0351631205439061,0.00020724094055122,0.000385112406493384,0.00604390695088597,0.00028252607264767,0.00589871419612852,0.000277975872356127,0.000306931692393223,0.00112803601773089,0.0312664944760568,0.000496385486350226
0.000513869527924333,0.00359794744844843,6.32653438901817e-05,0.00127004101918317,0.000356351732932452,9.5113204079797e-05,0.0143194865436335,0.00181532803080807,0.00113619393108898,0.00171806294428303,0.000757462620725985,9.94169689702855e-05,0.00145295102702893,0.000260808152363606,0.00013169520564895,6.19742144230351e-05,0.00060510934360269,0.00150545695869289,0.0336748083856277,0.0338340476865757,0.000821158341105215,0.0037589082553527,0.0245262953579162,0.0636866824729605,0.0121185411786377,5.55185670873023e-05,0.0276534109273451,0.00214112303301805,0.000488907691559499,0.000754019608813594,0.00122356035836589,0.00063523569783611,0.000215618621013476,0.00131393942106615,0,0.000113189016619849,5.59489435763512e-05,0.00077424730379889,0.000177745489977177,0.00213595851514947,6.71387322916214e-05,0.000969638229827071,0.000868930131389638,2.79744717881756e-05,9.5113204079797e-05,0.00315767230015145,0.000153644406590441,0.000756601867747887,0.000643843227617087,0.361839893920803,7.23032501602076e-05,0.00229778007503184,0.00110778908281175,6.88602382478168e-06,0.254058988262342,0.000622324403164644,9.33916981236016e-05,0.00101741002011149,0.000123518052357021,0.000227238786217795,6.67083558025725e-05,0.0139614133047449,2.19492009414916e-05,0.000682577111631484,0.000232403304086382,0.0183628736582475,0.000463515478705617,1.42024241386122e-05,0.00758022110161749,0.00777302976871137,0.00190828935244262,0.000430806865537904,0.00255299333303781,0.04261028505126,7.74677680287939e-06,0.000158378547969979,0.000243162716312603,6.88602382478168e-06,0.00985562159921878,3.65820015691527e-05,0.00535431390025681,0.00573777935199934,0.000610273861471277,0.000117923157999386,0.0102059480613045,0.00273375145843833,0.00014288499436422
0.000114887780966446,0.00663237585537543,0.000885593311616351,0.000694113676672275,0.00134035744460853,0.000691720181235474,0.0278507129026159,0.00972477195972226,0.000897560788800356,0.00548828503658458,0.0010148420652036,0.0083173966428833,0.000584012886579432,4.06894224256161e-05,0,0.000232169057369692,0.0362255534359824,0.00323121883968128,0.0112183131122861,0.000404500728819361,0.00987077518136712,0.00364050655937424,0.000203447112128081,0.00287458801959794,0.000627095804441849,0.000284825956979313,0.025600827192023,0.000203447112128081,0.000959791670157181,0.00139540783965495,3.82959269888152e-05,0.0171278533457476,0.0015174761069318,0.0101675686155304,0,0,0.00354716023733901,0.00129248753587251,4.30829178624171e-05,0.00219962230642007,0.015067053774662,0.17770985569616,0.00272619130251628,0.000169938176012867,0.000122068267276848,0.0103399002869801,0.0017759736141063,0.000974152642777986,0.00164672486051905,0.0035280122738446,0.202113935169783,0.00824798527521607,0.111352588206291,4.06894224256161e-05,0.00494496157243076,0.00057922589570583,0.000330302370278531,0.000323121883968128,0.0947465168657656,0.000122068267276848,0.00244136534553697,0.00955244028827259,4.06894224256161e-05,0.0302106994033016,0.00398995689314718,0.00367640899092626,0.0372810849236116,0,0.00471997300137147,0.00909528265984361,0.00584730935210472,0.00138104686703415,0.0125921794930098,0.0022618531877769,0.000241743039116896,0.00144327774839097,0.00241503689573216,0.000423648692313768,3.82959269888152e-05,0.000457157628428981,0.0012661590860677,0.00486597622301633,0.00696267822565396,3.82959269888152e-05,0.00364050655937424,0.00716133834690844,0.0139109954786871
0.000720932355139862,0.0148858677700318,0.00054708280454095,0.00147500478086264,0.00206663653274456,0.000148858677700318,0.237649075989639,0.0445397115835956,0.00155052067940404,0.0218436527529076,0.00244910554406217,0.000662801411658351,0.0033830035986857,0.000730168112515429,0.000966494845360825,0.000178195789363884,0.00243389370838476,0.00579081987448062,0.0408975634985484,0.00215356130804402,0.00527905025990508,0.009804571373933,0.00145436014672902,0.00548875628031502,0.00259035830392378,0.00021079258010118,0.0976132629822152,0.00060141078910311,0.00189821978060187,0.00142230663583735,0.00185312755341527,0.00148695693746632,0.000516659133186141,0.00464286956068218,2.82505519723231e-05,0.000367257175640201,0.000274899601884529,0.00139514264355627,0.000118435006345509,0.0408671398271935,0.000341179743050364,0.00431472853392674,0.0205060977729873,9.77903722118878e-06,7.22562194676727e-05,0.00948457954486188,0.00580820482954051,0.00107841049355887,0.00231817510126736,0.00566369239060517,0.00090021470419499,0.156219576328645,0.00215356130804402,2.93371116635663e-05,0.0181341379670034,0.00237358964552077,0.000459614749395873,0.00214378227082283,0.000344982701969715,0.000652479094591541,0.00064215677752473,0.0271281358112689,2.716399228108e-05,0.00607604179343196,0.00413218650579788,0.014775038681525,0.00041778220128301,3.91161488847551e-05,0.00921891570035291,0.0446766181046922,0.00304617009440031,0.014341501364719,0.0134575850558926,0.0140823568783575,0.000314559030614906,0.000425388119121712,0.000705177239616836,3.53131899654039e-05,0.000712239877609916,0.000275442881730151,0.0165233132247353,0.0126741755185063,0.00769012621477373,9.29008536012934e-05,0.00369701934945498,0.00810030249821804,0.000698114601623755
0.00102645825033395,0.00705240873973737,0.00168732863068595,0.0026122346949138,0.00112488575379063,0.000210916078835743,0.0323873356612219,0.00682899393030395,0.000314030606266551,0.00687430182872052,0.00127643286228742,0.0024435018318452,0.000545257122323514,0.000726488715989782,9.99898447813894e-05,4.99949223906947e-05,0.0391960191543046,0.00366681508909251,0.0151734589455758,0.00104051932225633,0.00317936459578324,0.0047338942138689,0.00265598025200566,0.00823041409856812,0.0024435018318452,0.000345277432760735,0.0217446665573028,0.000179669252341559,0.000831165584745299,0.00167482990008827,0.00321842312890097,0.0372727769835876,0.000184356276315687,0.00794763031879575,0,0.000101552186106099,0.000490575175958692,0.000354651480708991,5.46819463648223e-05,0.00391210267707186,0.00225133384890597,0.0344933717669299,0.00402771593510034,0.000190605641614524,0,0.023575730589862,0.00164827009756822,0.000512447954504621,0.00213415824955278,0.00403240295907447,0.0540976307093811,0.0104223789771351,0.406563395905103,0,0.0110910610641107,0.00276846882738472,0.000168732863068595,0.000371837235280792,0.0326013764227071,0.000496824541257529,0.00105770507682813,0.0104098802465375,0,0.0135736214290736,0.00448079491926601,0.00749611367595479,0.0838852304062869,0.00013904837789912,0.00344964964495793,0.0140751329943053,0.00151390874364322,0.00126080944904033,0.00862256177107013,0.00524946685102294,0.00106551678345168,0.00092959308820198,0.00169514033730949,0.000128111988626155,0.000487450493309273,0.000345277432760735,0.0034105911118402,0.0036308812386242,0.00980681649519971,5.62442876895315e-05,0.00269035176114926,0.00215290634544929,0.00304656558318296
0.000535844482119485,0.00902151283830673,0.0833545621447834,0.0202918156343608,0.00172612197928654,0.000746668540658298,0.000676393854478694,0,0,0.000781805883748101,0.00281977178295663,0,0,0.359397921626156,0.0103303788684019,0.000298667416263319,0.00014933370813166,0.00309647835978882,0.0027275362573459,0.000140549372359209,0.0131852879944483,0,7.90590219520551e-05,7.46668540658298e-05,0.000641256511388891,0.00235420198701675,0.0209594251530671,0,0.00836268765537294,0.00173490631505899,0.0031447922065373,0,0.000298667416263319,0.00110682630732877,0.0011287871467599,0.000439216788622528,0.000224000562197489,0.00256063387766934,0.000535844482119485,0.000289883080490869,0,0.00031623608780822,0.00108925763578387,0.035444794841838,0.00799374555293002,7.46668540658298e-05,0.000685178190251144,0.000610511336185314,0.00259137905287292,0.000298667416263319,0,0.000224000562197489,0.000210824058538814,0.134962534807931,0.00732174386633755,0.0239768444909038,0.0177882799392124,7.90590219520551e-05,0,0.145152364303973,0.00014933370813166,0.00107608113212519,0.0074183715598345,0.000513883642688358,0.000891610080903733,0.00181396533701104,0,0.00488848285736874,0.0105324185911682,0.00205114240286721,0.00267922241059742,0,0.0120828538550058,0.00217412310368152,0.00210384841750191,0.000755452876430749,0.00228392730083715,0.0011814931613946,0,0.00274949709677703,0,0.0011639244898497,0,0.00262651639596272,7.90590219520551e-05,0.00808598107854075,0.000663217350820018
0.000296764483559873,0.00991522672578416,0.000601761404330798,0.000970237359018273,0.000982139677877626,3.55085845970703e-05,0.0082069464114955,0.000805886172768705,0.00136708050698721,0.00303935630672633,0.000691723097709409,0.000110294821430006,0.00189465079042804,0.000654131607311951,9.15486692265248e-05,0.000219796154936055,0.000156713864981483,0.00201952595246075,0.0542651513295535,0.0287559031782068,0.000931257264753891,0.00105166905721435,0.0213242936544076,0.00617264174645105,0.0316644331634707,3.50126546445973e-05,0.0385078697636368,0.00303628154102099,0.000391685476463214,0.000693210887566828,0.00106605102583607,0.000330289348347051,0.000322552841088471,0.000736455979422478,3.18387029487697e-05,0.000103153430114394,2.46973116331578e-05,0.000940283189888901,6.79424034888077e-05,0.00111008960561567,8.0836582253107e-05,0.000871150554514158,0.000893864146337423,3.01525411103614e-05,2.77720773384907e-05,0.00115045830374698,0.000433541964451939,0.000507038783408445,0.000685176822336764,0.0191255386171231,6.863670542227e-05,0.00147906149025562,0.000581130718307919,1.87461522034812e-05,0.624728614731758,0.00115045830374698,0.000133801901177229,0.00125152882806099,0.000151853751447248,0.000272067171926715,0.000122296326279854,0.0207599253684933,1.71591763555675e-05,0.000330983650280513,0.000211960461686981,0.00874294750412837,0.000230706613890462,0.000174170599308535,0.00670011284390138,0.00595988779684011,0.00198758806352149,0.000233979751576784,0.00411155686397306,0.0131601955908058,0.000133504343205745,0.000190238729768662,0.000151357821494775,1.1703946878364e-05,0.0223311306439184,9.57144808272984e-05,0.00218685271842516,0.0105212531277062,0.000220589642860012,2.0333128051395e-05,0.0201838531357006,0.00383046376691134,0.000116047608878693
0.00179517803856254,0.0147953350938131,0.0932868011497905,0.0086931907417756,0.00494760563791825,0.00128566158611193,0.00205450182439762,0.000916764369642316,0.00200555902538086,0.00283429940574676,0.00588117126692453,0.00109646479588296,0.000800616533169704,0.0645847714846104,0.00342599593117328,0.000268089660285841,0.000342964837886109,0.0208989404249258,0.0201096464795883,0.000210015742049535,0.073246185931502,0.000161072943032773,0.00042222295271176,0.000982873672791821,0.00127068655059188,0.00993794491378397,0.0433666071317694,3.68897216469617e-05,0.0133285121023854,0.00198035713633492,0.00135323186833657,0.000261150009678986,0.000658171073344802,0.00459770114942529,0.000327259312828492,0.000406882672422924,0.000746560307389997,0.00110924836279032,0.000288908612106403,0.000546406174097571,0.000111034409709667,0.00175025293200238,0.00154388963764066,0.00327186263874736,0.00097045535065324,0.000321050151759201,0.001745869994777,0.00118339305085303,0.00911687467356249,0.000623472820310531,0.000300961689476202,0.000957671783745877,0.000609593519096823,0.00137770326784495,0.00429089554364858,0.377581276092173,0.00434276030081559,0.000844080660654738,0.000222799308956897,0.00579205154334177,0.00390775378119647,0.0137879900215129,0.000750212755077815,0.000808651918082903,0.000815226323920976,0.00226999623797888,0.0001826223843909,0.00171518943419933,0.00937035454309706,0.00448155331295268,0.00692467557133413,0.000272837842280004,0.0336061711756133,0.00112276241923525,0.00454181869980167,0.00176705419136634,0.016680363345496,0.00143431620700613,0.000195040706529481,0.0288346135162479,0.000276855534736604,0.00775889462323176,0.000380950293839416,0.0172636592412405,0.000650500933200384,0.0170697142690174,0.000909824719035462
0.001130009641665,0.00847913709537119,0.0258536450534031,0.0379520648284093,0.00521592939634722,0.000330060370155389,0.000647113435082978,2.60146104555971e-05,0.000835719360886058,0.000978799718391842,0.00512813008605958,0.000240635146714273,0.00240472555398926,0.0294940646040332,0.0184573661182462,0.000637357956162129,0.000104058441822388,0.00705808899923419,0.0132983436822706,0.000308923499160216,0.00732961649586449,0.000130073052277986,5.69069603716187e-05,0.000243886973021223,0.000712149961221971,0.000705646308608072,0.020470246602248,2.60146104555971e-05,0.0094660663795304,0.00189093699749122,0.0105668095844329,2.92664367625468e-05,0.000617846998320432,0.000300793933392842,0.00927583454057385,0.00200637683138793,0.000302419846546317,0.00172997159529721,0.0029770469840124,0.000162591315347482,2.60146104555971e-05,0.000601587866785683,0.000627602477241281,0.00800762228086349,0.0580727401026602,0.000312175325467165,0.00040810420152218,0.0015494952352615,0.00684509437612899,0.000315427151774115,0,0.000302419846546317,2.60146104555971e-05,0.00650853035335971,0.00424200741741581,0.0137178292758671,0.391760522503451,0.00054305499326059,0,0.136144211993061,0.000606465606246108,0.0103017857404165,0.024829319766714,8.29215708272158e-05,0.000112188007589763,0.000715401787528921,0,0.0426672129734862,0.0181939681873832,0.00116090199158102,0.00780275722352566,2.60146104555971e-05,0.015529096528838,0.00110724685751635,0.000243886973021223,0.000435744725131252,0.00223237875972093,0.000450377943512525,0.000167469054807906,0.00439646916699591,0.000104058441822388,0.00306972403376046,0.000104058441822388,0.000616221085166957,5.52810472181439e-05,0.00699630429940215,0.000401600548908281
0.00697134204927773,0.124022248721929,0.00100477098151077,0.0040356318783891,0.00526380021657133,0.000235808320930988,0.00205453170846231,0.000397667979815635,0.0592220187053916,0.00234618936856117,0.00197644605832946,0.000456102936537568,0.0869605238254315,0.00213313448210598,8.58425027950526e-05,0.000626753695106047,0.000302000130315125,0.00972037063276267,0.0298188930040429,0.000447828960364551,0.00169254525089281,0.000110664431314104,0.00112267514197626,0.00102442167492168,0.00174063773739848,0.000104976072695155,0.0870763594918538,0.000220811739117394,0.00121524025041189,0.0616881807284616,0.00840015430965563,0.000113767172378985,0.0386130954289384,0.00141329855505349,0,0.000979431929480901,0.000120489778019562,0.00339129598391539,0.00037801728640472,0.000680017416719844,0.000164445276438715,0.00157929520202464,0.00169357949791444,7.8085650132849e-05,7.75685266220354e-05,0.000409561820564347,0.00135796633939643,0.0110359328442724,0.00358314880642722,0.000681568787252285,5.32637216137977e-05,0.000586418061262588,0.000106010319716782,1.75821993676614e-05,0.00410234081128405,0.00151517188668376,0.000217708998052513,0.130190497958913,0.000475236506437671,0.000342852887669397,0.000298897389250243,0.0808796684617747,8.79109968383068e-06,0.000535739957202858,0.000366640569166821,0.00283849095085568,0.000152551435690003,0.00126695260149325,0.0857644171449197,0.00635182808332308,0.0143812048357254,0.000176856240698241,0.0176923466754647,0.00207418240187323,0.000385257015556109,0.000225465850714716,0.00103114428056226,4.13698808650856e-05,0.000369226186720889,0.000837222964007169,0.000720353050563303,0.0638962981196355,0.000163411029417088,3.56815222461363e-05,0.000945301777767206,0.011844196891674,0.000280280942860955
0.000299161831076725,0.0110019342359768,0.00125596389426177,0.00147775628626692,0.00126885880077369,0.00078401031592521,0.0153939393939394,0.00452869116698904,0.000433268858800774,0.00747904577691812,0.000879432624113475,0.00578723404255319,0.000791747259832366,0.0032675693101225,4.12637008381689e-05,8.25274016763379e-05,0.0119381044487427,0.002535138620245,0.0110199871050935,0.000170212765957447,0.00519148936170213,0.00134107027724049,0.000564796905222437,0.00288330109606705,0.00105996131528046,0.000309477756286267,0.0454416505480335,9.28433268858801e-05,0.00103417150225661,0.00034816247582205,9.02643455834945e-05,0.00623081882656351,0.00030174081237911,0.00752804642166344,0,0,0.00328304319793682,0.000546744036105738,0,0.00216892327530625,0.0283584784010316,0.0897537072856222,0.00438942617666022,9.28433268858801e-05,4.642166344294e-05,0.00431205673758865,0.000967117988394584,0.000482269503546099,0.000649903288201161,0.00119406834300451,0.0547130883301096,0.00666666666666667,0.0384551901998711,0.000309477756286267,0.00553707285622179,0.00231334622823985,8.7685364281109e-05,0.000420373952288846,0.393836234687299,0.00330625402965829,0.00229529335912315,0.0180967117988395,8.7685364281109e-05,0.0106692456479691,0.00431205673758865,0.00365183752417795,0.108422952933591,0,0.00328046421663443,0.0131579626047711,0.000882011605415861,0.00103932946486138,0.00753320438426821,0.00377820760799484,0.00179754996776273,0.00196518375241779,0.000840747904577692,0.000312056737588652,8.7685364281109e-05,0.000353320438426821,0.000508059316569955,0.00269761444229529,0.00400515796260477,8.25274016763379e-05,0.00184397163120567,0.00382720825274017,0.00972791747259832
0.000570662353439554,0.00870260088995319,0.0249069610304132,0.0524055343745296,0.00206121141464747,0.000105029881001145,0.000964524407193847,0.00104592256496973,0.0030458665490332,0.00128136454821397,0.00642782871727006,9.0150647859316e-05,0.00132425174962277,0.0539162141629294,0.033302349518438,0.000354475848378864,8.92753988509731e-05,0.00655211407645475,0.00869997514292816,4.72634464505152e-05,0.0107603113085673,7.35209167008014e-05,0.000731708170974642,0.000182051793735318,0.00067919323047407,0.000598670321706525,0.0242146390648139,1.4003984133486e-05,0.00921899780487549,0.000684444724524127,0.00919711657966692,7.52714147174871e-05,7.78971617425157e-05,0.00380383219025813,0.00607860436294126,0.00136626370202323,0.000173299303651889,0.000805229087675444,0.00155444223881694,0.000105905130009488,0.000287081674736463,0.00114395045390414,0.000958397664135447,0.014343580748723,0.0234829308938393,0.000353600599370521,0.000851617285117616,0.000981154138352361,0.00512895918888924,0.000428872014088008,0.000115532869101259,0.000561909863356125,0.000121659612159659,0.0202383828199123,0.00317015190821789,0.0175006039218158,0.0651045222365763,0.000493640440705381,0.00039911354780435,0.452226283377621,0.000647684266173726,0.0126771066368382,0.0193001158829687,0.000181176544726975,0.000446376994254866,0.000562785112364468,4.72634464505152e-05,0.0135182209338557,0.0217096764029366,0.00165071962973466,0.00563835411174479,0.000147917082409946,0.0140608753190283,0.000893629237518074,0.00152468377253329,0.000379858069620807,0.00146429159095763,5.86416835589725e-05,6.03921815756583e-05,0.00242619025112645,4.63881974421723e-05,0.00496178662829575,0.000189053785802061,0.00101703934769442,8.75249008342874e-05,0.0117073307355943,0.000413992780946179
0.00088250092151392,0.0133639697474379,0.0080555114604045,0.00252642794299259,0.00622055527603714,0.00419860575616607,0.00659319667124957,0.00184975421811226,0.000973979675573289,0.00656494587955477,0.00222643144070966,0.0108213984949054,0.00209593968859556,0.0124962668596689,0.000758735548374772,0.00077353358211967,0.000984741881933215,0.00515106101901951,0.0144025226611708,2.42149643098332e-05,0.177339636398858,0.000690126482830245,0.000562325282306126,0.00105738677486271,0.00211746410131541,0.0117429124144741,0.0639046360894447,0.000115693718369203,0.00446497036357424,0.0029757500585195,0.00290983154456495,0.000457393770296849,0.00134527579499073,0.0503375296969632,0.000741246963039893,0.000465465425066793,0.00440443295279965,0.00131298917591095,8.87882024693883e-05,0.00143944510064008,0.000762771375759744,0.00448380422470411,0.00544702169391747,0.000871738715153994,0.000414344944857145,0.0004789181830167,0.00929181991600098,0.00320444694366792,0.0053555429398581,0.000318830363412803,0.000379367774187386,0.00264615748874677,0.000797748546429503,0.000279817365358072,0.00385690570423843,0.0367784949592516,0.00183092035698239,0.00104796984429778,0.000769497754734698,0.0026421216613618,0.107098751315007,0.0191728706302079,0.00049640676835158,0.00406273290087201,0.00584522332923473,0.00185648059708721,0.000470846528246756,0.000722413101910023,0.00576316150574029,0.00584387805343974,0.0122056872879509,0.000878465094128947,0.14810679337371,0.0012914647631911,0.0531612635906487,0.0350525061142785,0.0171751360746467,0.00269862324475141,0.00092016864377366,0.00436003885156496,0.000334973672952692,0.0137594808311652,0.000508514250506496,0.00213226213506031,0.000672637897495366,0.0388663629930772,0.00544702169391747
0.000741541005513548,0.0799858916614191,0.000388664298452649,0.00065686693937981,0.000862363182764273,5.99424129825557e-05,0.00195108468367999,0.000418587435647229,0.00170194151889364,0.00512199987501983,0.000739930684074161,0.000112482154273601,0.00818894117760163,0.000856234347435263,6.4100407146943e-05,0.000253373262895791,0.000125172448601905,0.00213040719501233,0.0898536770608509,0.000289929963034711,0.000967707046478203,0.000110607451702374,0.000673571019982407,0.000799103988309547,0.00286264679161479,5.16023900054318e-05,0.176340820927449,0.000233664851249561,0.000395586277177179,0.00309833055332567,0.00100248518263929,6.35956795316128e-05,0.000785860897069215,0.000713300293703403,1.9636307701182e-05,0.000197949363802858,3.75661553695808e-05,0.000885003821509088,2.72793258761831e-05,0.000517177563175073,3.68691505674581e-05,0.000360495690587551,0.000595025789177679,2.87214047771267e-05,4.05464517648642e-05,0.000306345627857119,0.000312859017559714,0.000924997476361923,0.000722866083746329,0.000651651420688064,7.42670633985954e-05,0.000868179567664746,0.000169684617344364,2.62218013488245e-05,0.00497416275302476,0.000623843332548201,0.000135795763172189,0.00312347079549879,4.38872678853836e-05,0.00039580258901232,0.000105223690472185,0.451348343772382,2.03573471516538e-05,0.000141516009479265,0.000118610989602611,0.00290802420769782,5.78994678728856e-05,6.25141203559051e-05,0.00689787197223517,0.00968476155225373,0.00448147649651738,0.000157907639653324,0.00378329399662554,0.00158128758418136,0.000103204780010864,9.80373306158158e-05,0.000261689251224565,1.90114068441065e-05,0.000620718828262824,0.000134353684271245,0.000270245586036831,0.111036470175405,0.00011454913403162,4.41997183139214e-05,0.00110030620141997,0.00609364860382728,5.21551869174602e-05
0,0.00174853298082908,0.0199472642452982,0.0434965064311043,0.00242696377739077,0.000230806353469439,0.00186043909160215,0.000671436664638368,0.000846289962721277,0.000111906110773061,0.00436433832014939,0.000377683123859082,0,0.0234163536792631,0.0276478034928695,0.000125894374619694,0,0.00173454471698245,0.00407757891129342,0.000118900242696378,0.00580512949635256,0,0,0.000825307566951328,0.000118900242696378,0.000727389720024899,0.0140302286381726,0,0.0071480028256293,0.000237800485392755,0.0107359925022906,0,0.000111906110773061,0.00225910461123118,0.0124215782958098,0.00538548158095358,0.000594501213481889,0.00106310805234408,0.00247592270085398,0,0,0,0.0136385572504669,0.00948404288801695,0.0465249655539003,0,0.00070640732425495,0.00036369486001245,0.0066374311952272,0.000580512949635256,0,0.000125894374619694,0,0.0151353014820566,0.00166460339774929,0.0107150101065206,0.283136448519692,0.000356700728089133,0,0.24432601047721,0.000615483609251838,0.00564426446211628,0.0697664659350805,0,0,0.000237800485392755,0,0.040062387656756,0.0118200829504046,0.000356700728089133,0.00587507081558572,0.000237800485392755,0.00872168250837547,0.00109807871196066,0.00223812221546123,0.000356700728089133,0.00116102589927051,0.000118900242696378,0,0.00337816571896179,0,0.00693817886792981,0,0.000853284094644593,0.000356700728089133,0.00937213677724389,0.000251788749239388
0.000717856381340472,0.00624985192731408,0.00129830131014712,0.00500367220261082,0.00268544623184629,0.00113838280935346,0.0558636783624345,0.0873735459262243,0.00101755549764268,0.0214918619251818,0.00162524580065863,0.0107820606979554,0.00164182994148167,0.00186926958705489,0.000119642730223412,0.000418157265038262,0.0257184486720842,0.0036331114217347,0.0295316164798977,0.00159681584496198,0.00967447700727333,0.00177924139401549,0.00100570968276908,0.0023040109929162,0.00220924447392736,0.000649150655073562,0.0428688194460897,2.01378852851288e-05,0.00174725769385676,0.000716671799853112,0.00410339027221683,0.00511976118837215,0.00113127532042929,0.0665450496339643,6.15982373427468e-05,2.01378852851288e-05,0.00244616077139946,0.00156364756331588,2.13224667724893e-05,0.003762230803857,0.00467672771209931,0.116197967258168,0.0196794522495202,0.000122011893198133,0.000119642730223412,0.00865455234665593,0.00849581842734962,0.000304437442251653,0.00259304887583217,0.0027091378615935,0.0126821294036817,0.0167523513942524,0.00936293207609751,0.000165841408230472,0.010968039991471,0.00229690350399204,0.00084934492643749,0.000966618493686181,0.0104811770001658,0.000306806605226373,0.00348859248027672,0.0121928972494018,8.17361226278756e-05,0.156698808311024,0.0515885237745505,0.00432727617332796,0.00516122154042977,0.000220332156649056,0.00668103958871331,0.0156400293776209,0.0030810964486247,0.00908692458954251,0.0314992063304035,0.0057002061171788,0.0021630457959203,0.00400862375322798,0.00270795328010614,0.000177687223104077,0.000222701319623777,0.00104480087185197,0.0020280035063612,0.00647018408396314,0.0071643488355564,0.000465540524532683,0.00164182994148167,0.00856926247956597,0.0219775403349996
0.000781802089031528,0.00664179612573631,0.00273395955758923,0.00176903265491068,0.00340189557659665,0.000993099950931941,0.0277081929572075,0.0406912726939773,0.00087923388090783,0.0330129431679184,0.00218575899365872,0.0256104747393406,0.00132882877595149,0.00325516095027692,0.000117387701055785,0.000211297861900413,0.00448421018033099,0.00358032488220144,0.0215934676092116,0.000892146528023966,0.00910106846285501,0.00177490203996347,0.000903885298129544,0.00198972153289556,0.00151077971258795,0.000869842864823367,0.0543939390382191,0.000127952594150806,0.00356975998910642,0.000635067462711797,0.00116565987148394,0.00213645615921529,0.00172090369747781,0.184744763921594,5.86938505278925e-05,5.98677275384503e-05,0.00380218763719688,0.000867495110802251,2.11297861900413e-05,0.00225501773728163,0.000947318747520185,0.023628970345519,0.0901067993304205,0.000136169733224711,0.000119735455076901,0.0037012342142889,0.0286461206886432,0.00124430963119132,0.00274100281965258,0.00215171656035254,0.00120205005881124,0.0146135949044347,0.00225619161429219,6.10416045490082e-05,0.00891442201817631,0.003581498759212,0.000223036632005991,0.00134174142306762,0.00284782562761334,0.000408509199674132,0.00357093386611698,0.0100296051782063,0.000100953422907975,0.0551557852180711,0.11935511892548,0.00644341091095204,0.000819366153369379,0.000410856953695247,0.00823709498308443,0.0128879956989146,0.00220101939479597,0.0159541624504917,0.061259945672972,0.00207541455466628,0.0021751941005637,0.0076783295260589,0.00518501475563402,0.000336902702030103,0.000586938505278925,0.00165281883086545,0.00182185712038578,0.00351224001558909,0.00347115432021956,0.000504767114539875,0.000962579148657437,0.0100366484402696,0.0211192212969463
0.00107342805638765,0.0125854132822883,0.000415386273856096,0.000869480887861106,0.00122285057373668,0.000140681924412185,0.0218136064394029,0.00146446553563394,0.00215205884666628,0.0108957734238526,0.000850959155209206,0.000133814315676087,0.0029909476592484,0.000539211340461495,0.000190211951054344,0.00029676394114168,0.00045430272336065,0.00225861083675361,0.249378273300028,0.00621476968745721,0.00127009139746681,0.000699247434948137,0.00141077332187899,0.00579813475746728,0.0185531571646016,5.9935494424126e-05,0.113828325597909,0.000370018434326722,0.000734417916051183,0.00102036017069962,0.00162242053656419,0.000243279836742373,0.000573341274786345,0.000597690069396146,6.70112125158631e-05,0.000269293506197288,0.000149422517349036,0.00148111428408509,6.40976815369126e-05,0.0189593866268096,0.000108633083643728,0.000689258185877449,0.0016690370322274,2.78866536556698e-05,2.41406852541619e-05,0.000813083252482849,0.000523186920077267,0.00070153663786017,0.00110235525682151,0.00441254266762064,0.000154000923173102,0.00473094998174881,0.000332766859667283,4.59921675962912e-05,0.0280329545326842,0.000789775004651244,0.000145052220880611,0.00245236064685382,9.59384129497295e-05,0.000226006760224309,0.000168984796779133,0.0327239475181503,6.65949938045845e-06,0.000454510832716289,0.000396864541204196,0.255053415428312,0.000122784519827203,0.000109881739777564,0.00755894801553162,0.0683127284260315,0.0035524267007633,0.0010626063698944,0.00527036943156594,0.0553502209913248,9.0527569703107e-05,0.000150879282838512,0.000282196286246927,7.82491177203868e-05,0.0023125111598642,0.000310082939902596,0.010283931918273,0.0171465460298354,0.000492594844798286,0.000120703426270809,0.00277139228904891,0.00494405396192348,8.19950861218947e-05
0.00010726533342167,0.00620876988746605,0.00399405623858334,0.0018045814916822,0.000807644863410217,0.0011483700401614,0.0269898508065407,0.0112029176170691,0.000201911215852554,0.00318956623792082,0.0016468383542974,0.00545475769076666,0.000211375804095643,0.00655895965246032,0.000201911215852554,0.00035334462774197,0.0195191358199962,0.00321165027715469,0.00892195185048474,0.000170362588375593,0.00372589290502917,0.00359969839512132,0.00127771941281695,0.00889671294850318,0.000678295490754675,0.00135659098150935,0.0442564146246818,0.000208220941347947,0.0016468383542974,0.000110420196169366,0.000810799726157913,0.0121966993825934,0.000602578784809967,0.0100671670278985,0,0,0.00134712639326626,0.00100955607926277,0,0.00266901388455095,0.00710159604506406,0.0349306403424919,0.00407923753277114,0,0,0.0247877566086487,0.000571030157333005,0.000214530666843339,0.00144177227569715,0.00827835984995473,0.031908281830199,0.00948667228232236,0.115616255114821,0.000340725176751185,0.0105687902047821,0.00370696372854299,0.000113575058917062,0.000473229412154424,0.118196932842437,0,0.00273211113950488,0.00922797353701127,0,0.00932261941944216,0.00168785157001745,0.00412656047398658,0.343132337027678,0,0.00336308368904411,0.00716469330001798,0.0011483700401614,0.000968542863542722,0.0116729921664758,0.00505724498455695,0.00200649270753476,0.00158689596209117,0.00251127074716614,0.00010726533342167,0.000302866823778831,0.000776096235933256,0.00132819721678008,0.00327474753210862,0.00727511349618735,0.000760321922194775,0.00256805827662468,0.00407608267002344,0.00564089459288074
0.00387393227686693,0.0155685527514486,0.0157070604664711,0.046550015564269,0.00410668235468827,0.000124228569143908,0.00178917697858985,0.00042266271800686,0.00306002096178615,0.00238890110549147,0.00703676308897907,0.000532612141272158,0.00221326761118457,0.0215929243976342,0.0146960969382655,6.85399002173286e-05,7.42515585687726e-05,0.00982690819365949,0.0245629867403851,0.00033841575732306,0.00880023760498742,4.85490959872744e-05,0.000385536938722473,0.00212902065050077,0.000956702773866878,0.000996684382326987,0.0444509811201133,2.42745479936372e-05,0.0113647722047858,0.00107521968465934,0.0237762058024737,0.000122800654556047,0.000839613777662275,0.00162068305722225,0.0181730689597071,0.0150059544038314,0.000148503117137545,0.00188341934138868,0.0113604884610222,0.000102809850325993,0.000165638092191877,0.00227895168222618,0.00140506795445524,0.00383966232675826,0.0369044525232679,0,0.000875311642358801,0.00166494840944594,0.00856177586881463,0.000788208852499279,0,0.000124228569143908,0.00040838357212825,0.00238747319090361,0.00517047872264473,0.011968780075451,0.113950439940485,0.00188484725597654,0.000114233167028881,0.0507495123671682,0.000461216411879107,0.0202606800871599,0.00606006951088214,0.00012708439831963,0.000114233167028881,0.00140221212527951,6.85399002173286e-05,0.311490999854353,0.031047146883862,0.0043437161762732,0.00812626191951702,0.000199908042300542,0.0195067411847693,0.00040838357212825,0.00136937008975871,0.000683971087585425,0.003215663651863,7.42515585687726e-05,7.13957293930506e-05,0.00358977727388259,0.000122800654556047,0.011557540674147,9.28144482109658e-05,0.000559742518441517,0.000471211813994134,0.013293884812986,0.000238461736172789
0.00447007499539909,0.0245689677062635,0.00168462142490533,0.00449675743829524,0.00240964224486889,2.07171837592434e-05,0.00280351057112439,0.000299633354214427,0.0524287431658485,0.00408596067394853,0.0026220538371086,0.000242479722754102,0.0123807341154218,0.001467614970898,0.000543322251117902,0.00151888395483138,0.000117692950538893,0.00799973494902646,0.0244182239956418,0.000587416801765007,0.00159022522964434,0.000168961934472273,0.000445620979848629,0.000485846173217744,0.00134073229682388,4.17568139583195e-05,0.0470242183878146,0.000204592266073774,0.00150018206132109,0.00238916689593952,0.0317137359200739,0.000102215521426929,0.00260601212672693,0.00183923449280505,9.84267757588958e-05,0.00509344457520543,5.23975464727947e-05,0.0127865329599511,0.000346146253160277,0.000576776069250532,0.000112372584281655,0.00049946953530067,0.000923244768850642,0.000100119619568017,0.000206446333102811,0.000190888292380889,0.000519783661010123,0.00182512746106238,0.00186180574359333,0.000561782309798317,4.50618899666034e-05,0.00103610102279205,0.000157515085858217,6.5295404066098e-05,0.00641692598749827,0.00141658782179449,0.000759925647075439,0.0135079262574665,0.000135669339559559,0.00165818081683906,0.000181859792065577,0.026877442380635,5.66699618005764e-05,0.000147599857833365,0.000193709698729424,0.00196015190774227,0.000124141879335544,0.000930499813746875,0.625036547288665,0.00579468497023134,0.00497518734339683,0.000146713130123825,0.0105244905729156,0.00124141879335544,0.000145342732754537,0.000167269090663152,0.000825624109191328,9.27033514518675e-06,0.00033429634649643,0.000503258280968703,0.000224503333733436,0.0193763708508096,0.000129301022372866,9.76206596593144e-05,0.000967903600767455,0.00734911864505426,0.000105762432265087
0.00132454335290631,0.020794947107381,0.000734052555937008,0.0012427981292301,0.00124497900456277,0.000130777317362407,0.0103329121235837,0.00158248826294257,0.00214861341826414,0.0533900090190475,0.00150525519512705,0.000352549777915449,0.003203104242908,0.00121234107717042,0.000100771480888801,0.000296899855633573,0.000444221744485187,0.00434325082630734,0.205300760380985,0.000553641524106982,0.0020241531191067,0.000437528713291826,0.000755485296275298,0.00159211419544538,0.00388940314931935,8.96414964324264e-05,0.290599306797495,0.000316678138822942,0.000735782215683607,0.00125144642796309,0.0017301109621849,0.000168378616201512,0.000750521924828536,0.00155308404725039,2.10567273498988e-05,0.000241851554133123,0.000181539070795199,0.00115977446139336,6.94119976569879e-05,0.0103508855444288,9.96434419236283e-05,0.000834974442021166,0.00333463358624719,6.66295015428941e-05,4.5121558606926e-05,0.000907319340987604,0.000893181252624101,0.00132582179706684,0.00146810511187402,0.000838057748525973,0.000164317675926889,0.00454562101665941,0.00053566810326189,2.59448961989825e-05,0.00823851977824559,0.00113127267687331,0.000116564026401226,0.00236730257231237,0.000102200330244687,0.000330440214198055,0.000257869707438582,0.0461628889769762,1.27092390076175e-05,0.000626663246452524,0.000663136506326456,0.0148895127195042,0.000135740688809169,0.000134763055039352,0.00959073768709748,0.220566210886283,0.00445989005530625,0.00205303091661513,0.00704543056608079,0.00383954382705869,0.00020755916959186,0.000275166304904571,0.000423992245709748,2.72985429571902e-05,0.000798049966561165,0.000235008117744406,0.00138147171934872,0.01892089837324,0.000427451565202946,4.29406832742579e-05,0.00192247920704576,0.00904017946949531,0.000330966632381802
0.00428113584087795,0.137960355692978,0.00133965273172394,0.00354383227088476,0.0229918198528053,0.000251490438986112,0.0027964099626141,0.000670110600083247,0.00336033065762817,0.007515039116882,0.0040083846821403,0.000586659432716246,0.00690859698236486,0.00169517289569752,0.000307882508487518,0.000306404490536876,0.00035733926298976,0.0124156918664558,0.0247488421150528,0.000394971873886868,0.00545104389565512,0.000149848281457367,0.000552323938785954,0.000831100863014681,0.00213732765031642,0.000259562690870385,0.208147221502478,0.000240803232266087,0.00221031899834041,0.0166788641045491,0.0044724823186418,0.000167129722111023,0.00505902805766953,0.00286041950924574,4.04749531098805e-05,0.00041418610724521,0.000152008461539074,0.0014466384926127,0.000187253504977453,0.000681821049999869,7.17407174503781e-05,0.000850428790061535,0.00321321102469507,0.000118582517116869,7.10585553193127e-05,0.000310270075946247,0.00241735520511876,0.0192229877723575,0.00711745228815938,0.000692394563031383,6.51464835167459e-05,0.00123926120476881,0.000286280707670447,6.08261233533317e-05,0.00423429404121146,0.00247249664404655,0.00052526484092036,0.00421132791613226,0.000364729352742968,0.00044829421379848,0.000881239779647988,0.0546879148043167,2.72864852426161e-05,0.000318114940453499,0.000363478722169348,0.00216722909039478,0.000268885573328279,0.000175997829814874,0.013392434344453,0.00958733397737018,0.170064838373621,0.000471374032566193,0.0750521598219466,0.00177509955872069,0.000479559978138978,0.000464438717567028,0.00164889956447359,0.000133135309246264,0.000461368987977234,0.000963667703818391,0.00019066431563278,0.0179663314332465,0.000202147378172381,0.000155078191128868,0.00126893525747016,0.109799793373091,0.000459208807895526
0.00236558537994279,0.0125025234909524,0.000527684444702068,0.00169798460520609,0.00274635767810849,0.000395763333526551,0.0759046090437918,0.0417990041954911,0.00162003122132965,0.130181151671301,0.00203778140671878,0.00177393918436775,0.00167699715570089,0.00101939040453809,0.000131921111175517,0.000161903181897225,0.00239356864594972,0.00588048347088441,0.0413932468383906,0.00141315493334986,0.00422147555761655,0.0022006839909734,0.0015420778374532,0.00227763797249245,0.00318209710593065,8.1950993306003e-05,0.104720377214426,0.000171897205471128,0.001398163897989,0.00100339996681984,0.00255847003491912,0.000625625875726316,0.00103138323282677,0.00610434959893983,0,0,0.000824506944846981,0.00104437546347284,5.19689225842946e-05,0.039791204859494,0.000304817719004036,0.00217469952968125,0.119367618164338,1.79892424330251e-05,1.69898400756348e-05,0.00237458000115931,0.0132001063364108,0.00173496249242953,0.00245553159210792,0.00125824756795436,0.000280832062426669,0.0544244541764025,0.0015320838138793,0,0.00536978886625798,0.00302519093582038,5.09695202269043e-05,0.00190086328375631,0.000481711936262115,5.09695202269043e-05,0.000334799789725744,0.0145473007141729,0,0.00773837245327294,0.013776761496625,0.0092644598530079,0.000291825488357962,0.000190885850261544,0.00536679065918581,0.0806867493239043,0.00480812474140464,0.0800281431703841,0.019474354336107,0.00497302613037404,0.000251849394062351,0.000744554756255759,0.00144613521114374,3.1980875436489e-05,0.000313812340220548,0.00053268145648902,0.00400360584370546,0.00916951662905582,0.00411653831009057,1.79892424330251e-05,0.00217070192025169,0.0243444420236698,0.000897463316936472
0.00212848515164537,0.0232509442220528,0.0021791274709749,0.00404269386984037,0.0630069387072728,0.00036558255740165,0.00380509181470233,0.00158011131554289,0.00215118993929573,0.00535309714145837,0.00549251872812391,0.00168254893169983,0.00194046112891574,0.0036270898271465,0.000606909616763583,0.000270949711999525,0.00050012616234544,0.0186055091925566,0.0200735156190757,0.000241859202822489,0.0199779071773293,0.000216316316715823,0.000436801090539332,0.000918213541188569,0.00150481301587428,0.000836972972877091,0.0908462012273889,0.000183589493891658,0.00328660670296772,0.0036558255740165,0.0026860828077308,0.000262967560091192,0.00314328273092476,0.0234145783361736,0.000212946074798972,0.000441146928800535,0.000378176619301464,0.00140388313952225,0.000218888343441842,0.000852316442656442,0.000134632295520549,0.00206897377463991,0.00938160051901725,0.00020123891866675,0.000200263322322398,0.000690190068340524,0.0163775132137873,0.00756229071795465,0.0256337939478437,0.000706686515617745,0.000172414481219992,0.00177993118498149,0.00046207790491572,0.000176405557174159,0.00490414544190302,0.00634501255193388,0.000468552317019145,0.00237185209427276,0.000737284764599689,0.000907748053130977,0.00365848629131928,0.0216370417967647,5.98661393124973e-05,0.00154401425080187,0.0020905255847924,0.00272368761227673,0.000309352731736282,0.000426512983635258,0.0113177158096718,0.00683680180006395,0.0373403292460281,0.000958833825344308,0.421750210972709,0.00202888563394472,0.00144494687656179,0.00185097233696566,0.0135085504367789,0.000226604423619897,0.000507753551946736,0.00238799377924295,0.000501722592727107,0.00934709988465791,0.000481323760072478,0.000497288063889144,0.000980651707227085,0.057381738876317,0.00113621497886282
0.00102787221633687,0.00839051082477928,0.000448749359154424,0.00246103595915216,0.000888681187041252,6.80209554928811e-05,0.0382721795551681,0.00191119990225137,0.0022616967701383,0.00572950585295129,0.00123036052366059,0.000162494504788549,0.00221540473098342,0.00100929241830872,0.000168162917746289,0.000298851327605297,0.00046040109690089,0.00238388256056069,0.0915401455900377,0.0275428185616591,0.000598962302534536,0.00291765811408122,0.00403653984957292,0.0334974863737651,0.0116725219273108,2.10990926760326e-05,0.06477421451542,0.00125271926366056,0.000562432530140211,0.000891200481689137,0.00174209224901212,0.00057313953239372,0.00026673032084477,0.000922376752956707,7.68384867604768e-05,0.000542278172957135,1.10219140844946e-05,0.0014111199146463,0.000121241054929441,0.0107397530839316,6.36121898590832e-05,0.0011623395681677,0.0030074079859121,8.06174287323035e-05,8.21919878872313e-05,0.0024667043721099,0.000459141449576947,0.000964260026477787,0.00102220380337913,0.0340725153771447,0.00021917863436595,0.0074936419301324,0.000956072318872162,3.58999487323539e-05,0.0950344072666535,0.000654386784787995,0.000222642664506791,0.00208912508675821,6.61314845069677e-05,0.000222642664506791,0.000113053347323816,0.017882898146177,3.58999487323539e-05,0.00109305896535088,0.000576918474365547,0.0962150117210183,0.000286884678027846,0.00033412145267568,0.00829509253999065,0.0268141125847585,0.00313305780647534,0.000777517310703349,0.00475044497041718,0.304364803942192,0.000141710323943502,4.72367746478341e-05,0.000356165280844669,0,0.00328862425098221,0.000371281048731976,0.0344885139058766,0.00843081953914543,0.000759252424506187,2.64525938027871e-05,0.00735822984280861,0.00449190235717804,8.91200481689137e-05
0.000536668281034667,0.0142787421393056,0.0047701769509388,0.00725904622639922,0.00492912051849262,0.0174744428092995,0.00420171995639337,0.00425407783746992,0.0034799291672666,0.00580798495084904,0.00258236549166855,0.0117038563449337,0.00103967792423441,0.0200381090577264,0.00112943429179421,9.34962162081301e-05,0.000852685491818146,0.00994425755589671,0.020481281122553,0.000456261535095675,0.113797984595563,0.000121545081070569,0.000828376475604032,0.00125658914583727,0.0014099229404186,0.0303432620081865,0.0629809211621206,5.98375783732032e-05,0.00246269033492215,0.00187553409713509,0.00161187476742816,0.00103967792423441,0.0011649628539533,0.0376602758886348,0,0.00131455679988631,0.00952352458296013,0.000682522378319349,0.000349675848618406,0.000661953210753561,0.0015352078701375,0.00934588177216468,0.00453643641041847,0.000804067459389919,0.000289838270245203,0.000375854789156683,0.00380155615102257,0.00205317690793054,0.00439806201043044,0.00102658845396527,0.000437562291854049,0.00197277016199154,0.00128089816205138,0.000942441859377951,0.00526570689684188,0.0388832063966371,0.0018100867457894,0.00152398832419252,0.00106959671342101,0.00269643087544247,0.0508862506334369,0.0230337278250349,0.000600245708056195,0.00315082248621398,0.00490107165363018,0.0015800860539174,0.000828376475604032,0.00218220168629776,0.00991620869103427,0.00968059822618979,0.00580050525355239,0.00112943429179421,0.0797429228039141,0.000710571243181789,0.204373379009351,0.0525112148711342,0.00726091615072338,0.00986198088563356,3.17887135107642e-05,0.00338643295105847,0.000519838962117203,0.0101985672639828,0.000314147286459317,0.00551066698330719,0.000589026162111219,0.0175641991768593,0.00522643848603447
0.000633697212054759,0.00686585936114291,0.00432462066852637,0.00149475143912153,0.00413918764209813,0.0094844961865295,0.00842833416643824,0.00350871535224213,0.00101585049260687,0.00530822193914572,0.00135930470677395,0.0579454020671751,0.000503087863005305,0.00853959398229518,0.00045310156892465,0,0.00119805859683635,0.00884273666897786,0.00565812599771031,0.000672396278439783,0.0645919667188029,0.000190270409726365,0.00147217698373027,0.000483738329812793,0.00121257074673074,0.00591289485141171,0.0268523146879082,5.32112162794073e-05,0.00300562748923682,0.000902978215650547,2.90242997887676e-05,0.000664333972942903,0.000970701581824339,0.203031426866827,0.000301530225583308,0.000301530225583308,0.0193995194865924,0.000674008739539159,0.000224132092813261,0.00114323491945757,0.00160117387168035,0.0134559878742925,0.0101294806262799,0.000248319009303901,0.00041279004144025,0.000478900946514665,0.014620184788042,0.00111743554186755,0.0036248125513972,0.000322492219875195,0.000751406872309206,0.00495831788058113,0.000935227437638067,0.000162858571036974,0.00511795152941935,0.0168195817275908,0.000565973845880968,0.000911040521147427,0.00306367608881436,0.000912652982246803,0.0479158940290565,0.00889111050195914,2.57993775900156e-05,0.00754309302288082,0.0113098021510231,0.00161568602157473,0.000548236773787832,0.000367641130657723,0.00374735959494977,0.00391021816598675,0.00316203621587629,0.00140606607865585,0.0904606801360917,0.000765919022203589,0.0530918941580534,0.174818195011045,0.0049873421803699,0.002684747730461,0.000759469177806085,0.0021010368124869,0.00101585049260687,0.003087863005305,0.000161246109937598,0.001852717803183,0.000270893464695164,0.0154360901043262,0.0160601125497847
0.00343966957549669,0.0162779730985975,0.0101980939564664,0.00861268794245026,0.0211081625293663,0.000696326822665687,0.00163163813196638,0.000687080399075642,0.00253138627361305,0.00313596012373137,0.0173761637157536,0.0016672012996204,0.00188413662230991,0.0106518799757317,0.00111526093763003,0.00017070320473929,0.00053060246139796,0.074555335933238,0.0101141648808029,0.000781678425035332,0.10979132244484,0.000665031235130151,0.000486504133506976,0.00117998590276034,0.000847114653518727,0.00258544228844716,0.0395505100113873,8.46403390165646e-05,0.0109306952101392,0.00209609310152786,0.00369714690931179,8.39290756634842e-05,0.00150503325511807,0.0123261939088829,2.56054807108935e-05,0.000642982071184659,0.000369145680248715,0.000370568206954875,0.000250364700284292,0.000330737459182374,3.48519043009384e-05,0.00198798107185965,0.00364380215783076,0.000836445703222521,0.000182083418388576,0.000535581304869522,0.00353426760145638,0.00539351000640848,0.0771820314961638,0.000526334881279477,0.00024751964687197,0.00103986702220351,0.000480814026682333,0.000279526497760587,0.00653366516139632,0.0365255069707365,0.000519933511101754,0.00194388274396866,0.000768164421326805,0.00199722749544969,0.00718802744623027,0.0103439029438479,0.000155055410971522,0.00104840218244047,0.00171698973433603,0.00135424542426503,0.000472990129798449,0.00112237357116083,0.0138290933739417,0.00417084830246332,0.0132102942567618,0.000652939758127784,0.185694502432165,0.00103204312531962,0.0023087608440989,0.00415946808881403,0.156442374510028,0.000823642962867074,0.00018990731527246,0.036282254903983,0.000176393311563933,0.00855863192761615,0.00034140640947858,0.00234219022169367,0.000572566999229702,0.0258238385602892,0.000808706432452386
0.000336839673939196,0.0293531715861299,0.00778580846333741,0.00125111878891701,0.002511861568518,0.067820262349986,0.00140510263986064,0.000490823524882828,0.000500447515566805,0.0023867496896263,0.00159758245354019,0.0023867496896263,0.000769919254718162,0.0354066617263515,0.000307967701887265,0,0,0.00350313260896763,0.0276016052816461,0,0.0839500707363315,0,0.000769919254718162,0,0.00281020527972129,0.0394968577670417,0.0458968115718864,0,0.0125978038053259,0.00210765395979097,0.00329140481392014,0,0.000153983850943632,0.00473500341651669,0.00080841521745407,0.00655393765578835,0.00483124332335646,0.000615935403774529,0,0.00123187080754906,0.000673679347878391,0.001674574379012,0.00166495038832802,0.000346463664623173,0.00119337484481315,0,0.00255035753125391,0.000327215683255219,0.00143397461191258,0.000789167236086116,0.000153983850943632,0.000163607841627609,0,0.000327215683255219,0.0115487888207724,0.0752884791207522,0,0.00127999076096894,0.00126074277960099,0.00240599767099425,0.0121166042711271,0.0110098453424697,0.000635183385142483,0.000510071506250782,0.00113563090070929,0.00384959627359081,0.000307967701887265,0,0.00134735869575678,0.0130308833861049,0.0119914923922354,0.000327215683255219,0.0382842349408606,0.000153983850943632,0.0811398654566102,0.0116642767089801,0.00281020527972129,0.147814872915203,0.00184780621132359,0.0034742606369157,0.000769919254718162,0.0104997738362189,0.000327215683255219,0.0799657385931651,0.000153983850943632,0.0625751874272186,0.00390734021769467
0.000697954943208362,0.00896533932045266,0.000193837636575349,0.000351417873503511,0.000251710024473745,0.000154093948500547,0.00716641449180374,0.0011204931006352,0.00173059357546769,0.00277996639217956,0.000469951680042393,0.000114350260425746,0.00198788166142561,0.000453217495589845,0.000177103452122801,0.000412079292143998,0.000377913665553379,0.00186446705108807,0.0585299018958437,0.0193809746267928,0.000680523501070291,0.000843681799482635,0.018468961574129,0.0049121803945084,0.0879883418514981,5.99641609549641e-05,0.0209993097148913,0.00582767973559989,0.00047413522615553,0.00197114747697306,0.000929444494801944,0.000455309268646414,0.000254499055215836,0.000649146905221763,0,0.000160369267670253,4.60190072445074e-05,0.00126761447228052,0.000153396690815024,0.00121671466123735,0,0.000371638346383673,0.000949664967682106,0,7.80928607785579e-05,0.00159253655373416,0.00025798534364345,0.00032422482376812,0.00047413522615553,0.0107803010758686,0.000180589740550415,0.00157161882316848,0.000600338867235164,0.000181286998235938,0.420048250231838,0.000854837922451,3.34683689050963e-05,0.00108284118561697,0.000244737447618516,0.000125506383394111,7.18175416088524e-05,0.0113541441510539,0,0.000327711112195734,0.000172222648324141,0.0086794636693883,0.000157580236928162,1.18533806538883e-05,0.00750179543854022,0.00502722791261967,0.00199624875365189,0.000219636170939694,0.0022500505511822,0.00640012829541414,4.60190072445074e-05,0.00010807494125604,0.000207782790285806,0,0.179398127165857,0.000205691017229237,0.000976160759731974,0.0175151130603337,0.000430905249653114,3.34683689050963e-05,0.0598428381176832,0.00271791045816802,5.78723878983956e-05
0.00425224931636814,0.023027322935734,0.0606037510725892,0.0171272613070279,0.0137501658981694,0.000277263475202002,0.00354003697722366,0.000883038176946659,0.00270299037199297,0.00592371443701717,0.0285016340148408,0.000993417949064991,0.00213926510724577,0.0259550149866822,0.00637574588473987,0.000299602238606902,0.000474370211127595,0.0883051317395721,0.00888294356571341,0.000668848857240847,0.0320403569471583,0.000478312345846107,0.000317998867293291,0.00236528083110712,0.00117869828083505,0.00213006679290258,0.0410993825302986,9.19831434319437e-05,0.0845114840954575,0.00438759594170371,0.00571346725202987,0.000329825271448826,0.00117869828083505,0.00517208075068757,4.73056166221424e-05,0.00117475614611654,0.000818649976544299,0.00175424994973778,0.00037975897788331,0.00146516007038025,0.000176082017426864,0.00203151342493978,0.004705594808997,0.00207881904156193,0.00153086231568878,0.00108671513740311,0.00344148360926086,0.00420625774465217,0.0366736792863159,0.000588692117964439,0.000323255046917973,0.00147961456434812,0.00059000616287061,0.000846244919573881,0.0023573965616701,0.106597950878373,0.00208538926609278,0.00115504547252398,0.000275949430295831,0.00632318408849304,0.00197369544906828,0.0113967114712178,0.000475684256033766,0.00146516007038025,0.00117869828083505,0.00497103188004347,0.000373188753352457,0.00170037410858479,0.0164518422252562,0.00377656506033437,0.0169065017627912,0.000746377506704914,0.0538732130631832,0.00317998867293291,0.00190142297922889,0.00116161569705483,0.0613133353219213,0.000844930874667711,0.000202362915550276,0.124249516102963,0.000915889299600925,0.00717731327750395,0.000385015157507993,0.00156239939343687,0.000237842128016883,0.0211653213036902,0.000541386501342297
0.000978818458360928,0.0072782785367113,0.000154904756025009,0.00173014394168996,0.00106038666322434,0,0.13633713860234,0.00941776016702774,0.00121454308709464,0.0143440307414849,0.00148169766632618,0.000488660897025754,0.00162687410433995,0.0019681135668878,0.000240962953816681,6.13632366862355e-05,0.00138665948267798,0.00361668930371435,0.0587455708090593,0.0123257789202315,0.00155802754610662,0.0136241352086537,0.00217091158081426,0.0387261890062523,0.00770333120058669,3.74166077355095e-05,0.0485143735898616,0.000795477080456932,0.00121080142632109,0.000737855504544247,0.00238493457706137,0.000833642020347151,0.000262664586303277,0.00193668361638997,3.74166077355095e-05,0.000212526331937694,0.000128713130610153,0.000329266148072483,0.000128713130610153,0.0412061617669619,0.000518594183214161,0.00160891413262691,0.00590359236850869,0,2.39466289507261e-05,0.00622537519503407,0.00107310830985441,0.000672750607084461,0.00151836594190697,0.0199587668982755,0.000636082331503661,0.0292418272774554,0.00281597389817444,2.54432932601464e-05,0.0491901175255649,0.000341239462547846,2.39466289507261e-05,0.00116590149703848,0.000431039321113069,0.000179599717130446,0.000107011498123557,0.0171293230213162,1.27216466300732e-05,0.0020197484855628,0.00145101604798306,0.0762715098723719,0.00133951455693124,4.04099363543502e-05,0.00335701804602991,0.0302984722799062,0.00205941008976244,0.00372519746614732,0.00508491699125574,0.129575957584533,3.74166077355095e-05,0.000138441448621385,0.000579209087745687,5.08865865202929e-05,0.00203321846434759,0.000373417745200385,0.161585117170107,0.0105597150351155,0.00288107879563423,2.54432932601464e-05,0.00630469840343335,0.00366682755807993,0.000740100501008378
0.000984668762926154,0.0626203906466898,0.000468402475582632,0.000887283940219172,0.000745593409884238,6.91636954060099e-05,0.002889326779403,0.000393731029943445,0.00279900942380939,0.00437607815429343,0.00102614748370876,0.000204907805135212,0.0168104823112509,0.000866227762336581,6.86275427284439e-05,0.000355420484073731,0.000142372906470018,0.00337410628222765,0.105380954999049,0.000579922232516354,0.00128038133518004,0.00013857109657455,0.00113342676037446,0.000894595113095071,0.00516817062366839,5.65884780594626e-05,0.1197359067882,0.000281967567247193,0.000601075892703956,0.0035517190419595,0.00172753266827006,8.02766781773772e-05,0.000814025988002658,0.000528646540080045,6.09751817850024e-05,0.000286500494430251,5.65397369069567e-05,0.00142645856924051,6.794516659336e-05,0.00064791614026222,3.25590898740061e-05,0.0003072154842453,0.000668046236247196,3.58247470919079e-05,2.85623153685143e-05,0.000226792582610405,0.000301707734012122,0.00104315814593335,0.00119683899978476,0.00071049978007992,4.30384376627954e-05,0.000962686503145949,0.000180537228882213,8.28599592601951e-06,0.00581077397830746,0.000847511159774278,0.000190821612060979,0.00456139201612123,3.66533466845098e-05,0.000225525312645249,0.000125362244245425,0.234947367353878,1.59383568694611e-05,0.000147247021720617,0.000182925545355007,0.00305933591934392,9.30468601339485e-05,0.00017498073749653,0.0100811325728154,0.0085646978360488,0.00371880371275006,0.000216751905194169,0.00437641934236097,0.00135227453512638,0.000104890960192906,0.000132137264443758,0.000290692233545767,2.32007885928546e-05,0.000844879137538954,0.000232592779758618,0.000331293613583262,0.36344254665893,0.000124387421195305,1.31113700241132e-05,0.00143221002523622,0.00488600809181117,8.52970168854949e-05
0.00102659599866304,0.00373235289436407,0.000135287844785051,0.000310366232153942,0.000857486192681723,9.94763564595967e-05,0.243555921628547,0.114600741695714,0.000891308153877986,0.0113761161247195,0.00112607235512263,0.000487434146652024,0.000340209139091821,0.0018980088812491,0.000893297681007178,0,0.0393906476308711,0.00321507584077416,0.0186677330532079,0.00206313963297204,0.00321507584077416,0.0193561094399083,0.00131905648665425,0.00767360613729329,0.00168115042416718,9.54973022012128e-05,0.033252956437314,0.00028848143373283,0.00017507838736889,0.000200942240048385,0.00189402982699072,0.0121619793407503,0.000230785146986264,0.00704292603733944,0,0.000179057441627274,0.000503350363685559,0.000401884480096771,0,0.00959151028983431,0.000509318945073135,0.00724983685877541,0.0172830221712903,0,0,0.106155199032294,0.00428942049053781,0.00105643890560092,0.00115591526206051,0.00359507552244982,0.00206512916010123,0.0520420506454026,0.0102022951184962,3.18324340670709e-05,0.0195669993156027,0.000680418278183641,0,0.00111413519234748,0.00220041700488628,3.38219611962629e-05,0.00117382100622324,0.0051787391172866,3.18324340670709e-05,0.0144658517563546,0.00693748109949227,0.00818292508236642,0.00220837511340305,6.36648681341419e-05,0.00553287494628277,0.0191412405099556,0.0025645004695284,0.00671067500676439,0.0118138120931417,0.00969496570055229,0.000310366232153942,0.000326282449187477,0.00109622944818476,6.96334495217177e-05,0.000364083464642124,7.16229766509096e-05,0.00666690540992217,0.00271172547708861,0.110002944500151,0.000101465883588789,0.00273957885689729,0.00738910375781884,0.00128722405258718
0.00113229220796981,0.0020512539999453,0.0373984629270027,0.00182698356261795,0.00136203265596368,0.00222629434127397,0.00133468260263108,0.000352815687990592,0.000875201706643328,0.00161365314662364,0.001512457949293,0.0068648633864836,9.84601919973744e-05,0.181194103328501,0.000981866914640483,4.37600853321664e-05,9.29901813308536e-05,0.005587615895851,0.00620299209583459,0,0.0341574816070891,4.37600853321664e-05,0,8.75201706643328e-05,0.000779476519979214,0.0138473320022974,0.024535732844679,9.29901813308536e-05,0.00537155047452343,0.00242321472526871,0.0012225473839674,0.00013675026666302,0.00151519295462626,0.00513360501052977,0.000246150479993436,0.000648196263982715,0.000973661898640702,0.000568881109318163,0.000142220277329541,9.29901813308536e-05,0.000144955282662801,0.00577906626917923,0.000724776413314006,0.00196373382928097,0.00228919946393895,0.000369225719990154,0.000593496157317507,0.000708366381314444,0.00143861280529497,0.000382900746656456,0,0.00013675026666302,0.000142220277329541,0.00455104887454531,0.00275962038125974,0.196898503952083,0.00291551568525559,0.000306320597325165,0,0.00515001504252933,0.00457839892787791,0.00347619177857397,0.00105844706397177,0.000470420917320789,0.000738451439980308,0.00152066296529278,0.000235210458660394,0.00371687224790088,0.00661324289582365,0.00222629434127397,0.00169843831195471,0,0.0268741624046167,0.000185980362661707,0.00453463884254574,0.00241227470393567,0.00366490714656894,0.00842928643710855,0,0.00768809999179498,0,0.0012498974373,0,0.330511719497853,0.000451275879987966,0.012236413861007,0.00340234663457594
0.000374856139848058,0.0188933971479358,0.000170830767835724,0.00100393437021942,0.000858201961639182,2.67176082397104e-05,0.0111631024972463,0.000883300320894667,0.000945641406787325,0.00511601716565848,0.000515730801475621,0.000491846878958305,0.00227625925957411,0.00102984235396702,7.04373308137819e-05,0.000351377029576797,0.000444483846169727,0.00106991876632658,0.0568230901666652,0.00794201145537694,0.00158929287801671,0.000899492810736916,0.0382887614809813,0.00395299158273897,0.0250825715778893,4.04812246056218e-05,0.0384389468242682,0.0232503913522389,0.000260699086460204,0.000481321760560843,0.000708826242844437,0.000400764123595656,0.00035744921326764,0.00143789309799169,3.88619756213969e-05,0.000331541229520042,0.000129944730984046,0.000989765941607453,4.93870940188586e-05,0.00116262077067346,0.00036716470717299,0.00103429528867364,0.00312312647832372,1.37636163659114e-05,1.98358000567547e-05,0.00157714851063502,0.00123265328924118,0.000450151217614514,0.000818530361525673,0.00802540277806452,0.000283368572239353,0.00227787850855834,0.000717327300011618,0,0.20156330393182,0.00111282886440854,2.63127959936542e-05,0.000876013700465655,7.73191389967376e-05,0.000118205175848416,0.000221432298592751,0.0246461839766407,7.28662042901192e-06,0.000369593580649327,0.000223861172069089,0.00750521904188228,0.000618957924219957,2.06454245488671e-05,0.00738498980480358,0.0071842029307597,0.00297860850648165,0.000171640392327836,0.00641505966325288,0.00716274788171872,8.42009471796933e-05,8.42009471796933e-05,0.000278915637532734,2.02406123028109e-05,0.0300718825105322,0.000175688514788399,0.00203742003440094,0.0198171786934361,0.000158281588207981,4.97919062649148e-05,0.40350429768921,0.00636688700597219,0.000382952384769182
0.00296149504170491,0.0663817034444111,0.00131677048900729,0.00283024844266489,0.00939931940191835,0.000249742136168347,0.00424512901313278,0.000920756617151397,0.00212755934928976,0.0270000081216955,0.00333988483435802,0.000690831417966815,0.0041347551714896,0.00245916817594841,0.000384805932086382,0.000337294013498258,0.000325273904180237,0.0104210286939501,0.0248820323730782,0.000221072551105769,0.00520105257173488,0.000194352172959627,0.000669633792750575,0.000842950774403664,0.00200037359799232,0.0002797924094634,0.292071032348713,0.000194758257733885,0.00255906503041575,0.00436078195684131,0.00296157625865976,9.67293932281303e-05,0.00224280620822403,0.00468028945722709,9.59984406344669e-05,0.000291081566187757,0.000207671753555272,0.00141609882479066,0.000164951635303386,0.00100790240970705,0.000108180983862191,0.00100400399587418,0.0134108684528982,0.00014724633914576,0.000135388663737442,0.000287670454083995,0.00965166048064194,0.00576648501141098,0.00532588303134162,0.000397313343133513,0.000189722806533092,0.00189958335702161,0.000294898763065778,9.69730440926848e-05,0.00407441097403494,0.00306667099823759,0.000323162263354098,0.00279426933166568,0.000252747163497852,0.000467484792125204,0.000824270874787821,0.0423231297765722,2.22534456293096e-05,0.000529128460857489,0.000598975042029774,0.00241490493555435,0.000146109301777839,0.000232118056965572,0.0112247516791605,0.0126164854174958,0.0509119851860274,0.00136801838751858,0.0567717072616079,0.00142007845557839,0.000388785562874106,0.000585005725795317,0.00163522216898,8.38158974067426e-05,0.000462286907014708,0.00099807515817002,0.000419241920943416,0.0159313554297595,0.000364176825554103,0.00013855612497665,0.00154019833180375,0.259693730863255,0.000493230566813128
0.000538254643677067,0.0086416126634251,0.00222686448618835,0.00160984087026586,0.00574357089289553,0.00540387970008714,0.0136992370896834,0.0108569900078277,0.000902561140312155,0.0131101108180978,0.000918971342863285,0.0851147975719464,0.00113722703679332,0.00259117098282344,0.000900920120057042,5.25126481636163e-05,0.00347075783956401,0.00288983666925401,0.0137254934137652,0.000740100135055967,0.0164167666321505,0.00144902088526479,0.00260922220562968,0.000989535213833144,0.000564510967758875,0.00247794058522064,0.0313730252372505,2.62563240818081e-05,0.00247465854471042,0.000833638289597409,0.000351178334594184,0.00217763387853496,0.000751587276841758,0.0747205752760606,2.78973443369211e-05,0.000756510337607097,0.0338624529642569,0.000597331372861135,0,0.00110768867220128,0.0212315200606521,0.196636893089171,0.0123043698728373,0.000444716489135625,0,0.002308915498944,0.0037087057765554,0.00140471333837674,0.00410419165803764,0.000134563660919267,0.00764551336857151,0.00374316720191277,0.00495588117044129,0.000139486721684606,0.00443567774957046,0.00719423279841543,0.000467690772707208,0.000356101395359523,0.013635237299734,0.00102399663919052,0.011224578544973,0.00795238415627764,5.90767291840683e-05,0.0340642984556358,0.0254505831365477,0.00139158517633583,0.00421578103538532,0,0.00348060396109469,0.00812140924255428,0.00217927489879008,0.00273393974501827,0.0335572231968059,0.00132594436613131,0.00643115837978788,0.0192015780050773,0.00263547852971149,0.000538254643677067,0.000164102025511301,0.0012619445761819,0.00218748000006564,0.00522500849227982,0.00152450781699999,0.00062194667668783,0.00148348231062216,0.00469824099038854,0.184552419930519
