0.183623385216617,0.000238578895504685,0.000460234919903783,0.000389238735481399,0.00790578250884656,0.000401625602149312,8.28249079506909e-06,0.00196119709693947,0.00204586513465734,0.0023804695485774,0.0588067558946399,0.000724223346689183,0.0750125051230305,0.00805169855959632,0.000348718797127816,0.000341685420091684,0.00343004133965137,0.0090583361828812,8.10595218554191e-05,0.0105052830697558,0.000574832867437934,0.00171857344606713,0.00397558859941631,0.00498716015050573,0.00219463282311265,0.000476321362600844,0.00185666645996385,0.00610476684600638,0.0449092979498268,0.00528455569859657,0.000451886186352734,0.014818779013634,0.000556835970069718,0.00109013435728446,0.00242790307850805,0.000695136936364909,0.0202940679301535,0.00131852576193377,0.0363135899291382,2.99934370782227e-05,0.0457146962257432,0.0147861160389356,0.00158897443677826,0.00249037414713012,0.0128482522261082,0.0069885066580996,0.000417110530294942,0.000763186107821792,0.000269383094285769,0.0575462411591053,0.00112049257835326,0.00676591291083996,0.00115185572794782,0.0322018214811158,6.07612826609476e-05,0.000797953754634533,0.070051916851118,0.000150483457727448,0.00183979875815802,0.00217845420547897,0.00109530387388248,0.00153190196716098,0.00238301541422992,0.00170427617197361,0.00585008853215272,0.000215395761114511,0.00989469029441039,0.0385465939305208,0.0055259993784426,0.0194263514103349,0.0127539259995181,0.125485949425078
0.000322403167041185,0.312161964851925,0.0221758319739759,0.159576413354658,0.00909296239053278,0.000116586760152919,0.00319495207956563,0.00115982650742773,0.00896458957424074,0.00597867206259619,0.0036117173675991,0.000675233109136861,0.012031442145741,0.00268697724915467,0.000578032453972088,0.0625241012858308,0.00620262764180201,0.0160008884909537,0.000125591775076325,0.00142790287504601,0.000529724213722871,0.00130905915520297,0.000695827144035968,0.000259436245179346,0.000334007210302073,0.0223713949887236,0.00079130041031348,0.0147781069069466,0.000840523337503167,0.000849528352426574,3.63621283409773e-05,0.00325834254250604,7.19719367852448e-05,0.00067169772565912,0.0168451823841296,0.00129816207307389,0.0303163697983752,0.000286041038700207,0.00568136587127981,0.000109086385022932,0.00873705903097889,0.000941652003925878,0.000483604750561777,0.0149323963347342,0.00661798680812377,0.000607691885844682,0.000178459293470695,0.00143599927012489,0.00885294691946124,0.0147052953996469,0.0845607185430677,0.00150383200293158,8.92296467353476e-05,0.0114027809317769,0.00417417587519943,0.00616016345949083,0.000907880525551797,0.0296750976921333,0.000963347072283649,0.000419885508803229,0.0173380695025721,0.0022403234241495,0.00440548824159797,0.00679447949578152,0.00291461584450615,0.0118363208733598,0.00226843950237839,0.00773193451386274,0.00135604679090231,0.00232344032726942,0.00382043789107789,0.00967799367303705
0.000574775973898206,0.00230748813508894,0.418638310371191,0.00419092883726109,0.00190941419083351,0.00223154647917202,0.00994693200590465,0.000171916995931876,0.0934064478176133,0.00489795622006987,0.00283081547925935,0.000240141916382914,0.0232187234328937,0.000829174501136733,8.11217913607184e-05,0.00972933405984655,0.0344173970541405,0.138981395813733,3.31520973563911e-05,0.000842453250075963,0.000283311358020066,0.00122611817009239,0.000856260622412226,0.000147155510918238,0.000260696029503568,0.000129729494079828,0.00310150813405993,0.000729155110352037,0.00207513419277527,0.000462379594621008,0.000178550111185828,0.00846304490168221,0.000297642205669649,0.000204442969662296,0.000973532806861491,0.000728325899175137,0.00770904135378767,0.000266641096443497,0.000310054971909781,0,0.00417067150485368,0.00411746017528302,0.000152600555438317,0.00119544427398886,0.00320390137461958,0.000293102392011244,0.000868896676088385,0.00512968746519107,0.0502365374303637,0.0042825452809935,0.00176232793753975,0.00088335976106566,0.000242499119306134,0.00890889330310225,0.0165201304492875,0.0380444978562068,0.00353397296989906,0.0155906199404849,0.000854526433132084,0.000889678511660716,0.00150176407755303,0.00677809382646538,0.000836769420816412,0.00044649444182205,0.000488970877745762,0.0388576712820259,0.000571530694541239,0.00269757827338665,0.000491922388112841,0.000252019088780973,0.00345591811581162,0.00485776314605932
0.000308355776790176,0.144286279502643,0.0312188475683744,0.255241851847299,0.0088181199756943,0.0010363291733178,0.00339237559639503,0.000573096376563004,0.0181484078327088,0.00414541694704352,0.00112836183984309,0.000488534796591277,0.0127432378533711,0.00263842619351612,0.00626557690538342,0.155087756451376,0.00498048167387952,0.0333617990855145,0.000251318220135629,0.00253264792724873,0.000283059284499993,0.00109028121109651,0.0010711460272739,0.000760684717678984,0.00103404397735248,0.0103171021247228,0.00563470082137368,0.00421893164281508,0.00144796496908945,0,0.000711529484844573,0.0127820279733746,0.000323388188650267,0.00176398057125857,0.00904562814456655,0.00123402361543451,0.0174645879204874,0.00181151153511294,0.00182386193622617,3.01167953843229e-05,0.00706558914314557,0.00458818919860537,6.02335907686457e-05,0.00880694728227843,0.00757601719702088,0.00155655428412735,0.000344890892325688,0.00535692489174418,0.0113241744656498,0.00789656098445752,0.020429296861113,0.000346488909382737,6.08575971923001e-05,0.00339177180216624,0.00484355775114796,0.0170183124337371,0.00349288183362157,0.068931971912584,0.00109829754830475,0.000614816036159545,0.00795095238656315,0.00223234594041026,0.00239358905884362,0.00579885473874154,0.00231132972965793,0.0219908935717482,0.0012894986683477,0.00701673826117672,0.00789892937937443,0.0015218576139749,0.00397841712478047,0.00131646642591761
0.000808644920375403,0.000154993272278803,0.000394645268407487,0.000100011817579284,0.588781615152844,7.74423112774064e-05,7.55211398926939e-05,0.0163660144687803,0.00173342112008541,0.00102130243084022,0.0014490593692286,6.63074480297792e-05,0.012721401769117,0.00515135287549207,0.0111107119531554,0.000215806176808892,0.000819472274440865,0.00221110591906343,0.000770633851990399,0.0111367061069189,0.00188602917217723,0.000959942105638087,0.000622466141885464,0.0007483675077336,0.000391896586900351,0.000226714362094002,9.2136349138844e-05,0.00153961177857357,0.000429666750218264,0.00368277926872546,0.00951417204400712,0.00295645302879653,0.00021537154449182,0.00302220861939606,0.00152630318771056,0.0263379975403224,0.00907071719714843,0.0139677436932288,0.000725343362597049,0.000599569790571222,0.0253154643876889,0.000879298592297711,0.0224756825755007,0.00238149733976015,0.100266245920585,0.0110345239708184,4.46318939620239e-05,0.000279600346105395,0.000228881859065545,0.00449290061201041,0.000403723122888182,0.00372080356743891,0.000188660154532067,0.00304729393592689,0.000216475453425317,0.000933277717811777,0.00154670486588125,0.000253888824602574,0.014238440956203,0.0140892580369909,0.000447394383277934,0.000191800778048943,0.000126895073539302,0.001143765065734,0.0018471319366221,0.000188900381662809,0.00413209624549542,0.00941510007908712,0.00506282854271217,0.00153155614043736,0.0341125074201367,0.00208111014178904
0.00141615642697982,0.000462264004937414,0.00690068331360182,0.000530379214949534,0.0122647902549475,0.159268132782244,0.000232256977186657,0.00159533461366735,0.0541222764236351,0.00872777894080769,0.00481244781252345,0.000817708475889077,0.0121684371918222,0.00209586436384421,0.00178911042988883,0.00262643086456337,0.0470340822958466,0.317462062150395,0,0.00213518717840196,9.82983090337392e-05,0.00379758997426336,0.000846796275183996,0.000129517814677994,0.000165199976232594,4.24102074268796e-05,0.0112203474010131,0.00529055020109464,0.0047029158551342,0.000624045528291719,0.000241315820327135,0.0953114949405959,8.15340587952235e-05,0.000426684493650534,0.00115384644813406,0.00163244275668212,0.0111592051581031,0.00165434215349851,0.000525227969547666,0,0.00344265933434552,0.00801622182156227,0.0017226801973701,0.0019038379204121,0.00547287317047793,0.000440445126804341,0.0264902619384114,0.0238450410148037,0.00493090325913232,0.00355214804057626,0.00133269499948712,0.00100637607679698,0.000332867385861462,0.00404271523715566,0.00354199506201219,0.01925493237048,0.00552720576804465,0.00273668025865027,0.000601780781020189,0.00142307553155332,0.00458166674918849,0.066715789312409,0.00499833436983453,0.000754930785038153,0.000911093720565691,0.00377233578296395,0.00338557572925456,0.0105586118286987,0.000734076274115136,0.000501471808946345,0.0027692913717933,0.00513427791441567
0.000966919929282078,0.00192085326253425,0.0881058896786113,0.0063389067328729,0.00194989714100907,0.000804551509667567,0.282301170860637,2.71799450856581e-05,0.0266674649442385,0.00110136768413594,0.00143748560449898,0.000139650460509812,0.011236193698726,0.000216584099465666,0.000135899725428291,0.0736646854855313,0.0112273387317023,0.0371722746027333,0.000125654325567342,0.000183880759107799,0.00015476754233757,0.000382105078020926,0.00194943710808762,2.51308651134683e-05,0.000244619505770923,0.000702350462493441,0.00234850406662279,0.000479447577501508,0.00223202156408773,0.000125654325567342,0,0.00619485612414077,0.000600058675492343,0,0.000386976759987735,0.000183488531038677,0.00333300592079151,0.000470952436228114,0.000112470515424154,0,0.00101729313415317,0.00260172525462486,5.02617302269367e-05,0.00370178864542131,0.000365921653215515,0,0.000162732245651091,0.00875473885104433,0.246078339503164,0.00173365923298467,0.00146855229439946,5.02617302269367e-05,0.000584140202981117,0.00651532212440127,0.00169455420116751,0.0546883570108097,0.00448646146583827,0.0169788119592479,0.000245951334414265,0.000628891138837606,0.000652202873768176,0.00306356910567953,0.000337411546272462,0.000855730438865591,0.000125654325567342,0.0746599870792314,0.000108603972055013,0.00069544116804176,0.000182063295710848,0.000361199648626775,0.00044771550665086,0.00105296108666837
0.000655416957668212,0.00033855793131958,0.000206486800211304,6.63448253212156e-05,0.0674503127705305,6.17816415003055e-06,3.74727299824634e-05,0.236591584010435,0.000905176640742974,0.00069411801420223,0.00173208036663807,4.55199825603302e-05,0.010098980342211,0.00814623349444335,0.00327790632427374,0.000726560082956672,0.00049465541675991,0.000925887709134571,0.000324776404260875,0.0381469317021391,0.00155417882673331,0.000844721826816986,0.000344259175534632,0.00122371580111884,0.000225460676469172,0.0003073330122829,9.30368460952293e-05,0.00135309082840947,0.000445636758370842,0.00272178821237447,0.00132606986621807,0.00341821193550926,0.000289612282321729,0.00249913378799626,0.00130323027756638,0.0415147703434276,0.00752973464293208,0.00497250020212618,0.000744263984233376,0.000397111044895792,0.023850964681218,0.00128258209721967,0.00720442155132516,0.00233591560328261,0.302859301097048,0.00793038633423408,0,5.5868545326055e-05,1.57952311886045e-05,0.00503310963588836,0.000498211152318121,0.00249948145417943,5.63668271775204e-05,0.000850839392479927,0.000157615276279953,0.000617385976375913,0.00121363317982249,0.000121306188467365,0.0080676442588043,0.0336499774812365,0.000716933578479237,9.85766496098414e-05,8.52180282932423e-05,0.00146906561280184,0.0010304723566934,0.000117777603226739,0.00714756734308575,0.00872468045429202,0.00899145994566446,0.00282983812448096,0.124530244737575,0.00197831860055227
0.000597360798570006,0.000847105782024219,0.0294503588118244,0.00128088171594167,0.00422660486560386,0.00376791887941209,0.0014455033057388,0.000267404851851769,0.388137969622911,0.0204194860617932,0.00161073166914797,0.000343223105082397,0.00655557728829451,0.00053933202980554,0.000319473577408709,0.00375196784508609,0.0320833714676489,0.354877138579929,5.45425782643854e-05,0.000835543000382867,0.000235656796273447,0.0010117071638769,0.000116635347716058,6.23086509767093e-05,0.000108519963669469,0.000333839122985178,0.00504319359354744,0.000742355798445621,0.00184926110271455,0.000341220453461249,5.34590124182733e-05,0.00819879773377826,1.98103109689682e-05,0.000574576667695516,0.00148807799383804,0.000318732163479806,0.0148781614128952,0.000385519896620696,0.00043167628903586,0,0.00230063883217783,0.00435681795934013,0.000545198213894443,0.00138094462535038,0.00241469012009043,0.000234317479957822,0.00160033784792216,0.00389052343952355,0.00459308726057548,0.00368752881986296,0.00116496319574155,0.000606391434404596,0.000342978445329517,0.00326029911652125,0.0158064300449324,0.0176570716316567,0.00329338221444942,0.00500285338070339,0.00138180328765077,0.000313231595164165,0.00804610751152707,0.0100252177670821,0.000864256354169958,0.000608261222467193,0.000716662794379224,0.00635810110334159,0.000715752454140202,0.0021313813278731,0.000962016906529063,0.00033434155444561,0.00198318593744164,0.00581622081023525
0.00192336840712887,0.000736083521602263,0.00389792190085338,0.000314288105730852,0.00627023276980314,0.00139308398233481,0.00017579333123434,0.000818582409444939,0.0625186553204061,0.231130602213663,0.0029391753941271,0.000600335348723039,0.00848767167021706,0.00132084578847508,0.000223814820528847,0.000307064655118807,0.00565410289785565,0.0968073056774835,4.36881024886819e-05,0.00295850484292407,0.000358711816086048,0.00277927821921833,0.00117968735605744,0.000378470578128659,0.000382655001574109,0.000379041975867411,0.0241411442020694,0.000717963458248997,0.00394316344268489,0.000966014576260165,0.000143237030983802,0.0132445128971985,0.000277733558401072,0.00179593844841626,0.00467798517193529,0.000866270851989126,0.17142358775515,0.000496360489108444,0.00391556612248868,5.28271502269146e-05,0.00428374211932218,0.00993598335924589,0.000545545362423081,0.00249219747928522,0.00439017008168359,0.000923158435440783,0.000590542394485259,0.00116808804636005,0.00112435545551024,0.0233077259774826,0.00584638630047109,0.00163849243226143,0.000362069909594349,0.00397432806750929,0.00334626772944091,0.00594533435734779,0.00337586958984417,0.00201559410859624,0.00227397583144427,0.00130771108484713,0.0717666753167974,0.00742346141999527,0.00204513978223869,0.000863848378143705,0.000686237345483899,0.00115252221102964,0.00178283518108353,0.00231641444953107,0.00400639043257045,0.00209237252225443,0.00579095671648443,0.160584336859555
0.0125265922331234,0.000241173667622992,0.000767084218010519,0.00024732797966561,0.00457949742770704,5.78600853585653e-05,6.92581423602803e-05,0.00111199617856598,0.00174819199674162,0.000525528159411372,0.238545477304201,0.00119716684535572,0.37156518326522,0.0547920807503436,0.000747189259025922,0.000479254344929882,0.00121879095489326,0.00353869377661728,5.30721046761826e-05,0.0161267036039156,0.000353526101763779,0.00292437268598736,0.00379587053008246,0.00783247300712178,0.00337853393469039,0.000576615706366096,0.00101343915975048,0.0205509697706987,0.00857304513362173,0.00135192721345911,5.31330531599406e-05,0.00776598228749411,0.000880998349470715,0.000677453950612095,0.00279032108285411,0.00080721458671547,0.00872419608241894,0.000869119244064343,0.0281574289593429,6.64231879964704e-05,0.0145634580139459,0.00409905045713561,0.00083616790512612,0.00259963131929674,0.00553616221757123,0.00136279862703921,7.19784990753538e-05,0.000474071548640622,0.000142830712816432,0.0126367927235767,0.000635735752777158,0.00154192172778835,0.00193455291983059,0.0206130841191082,0.000162533854692976,0.00098477213640372,0.0703075834663164,0.000379368954393757,0.000710336212161323,0.00225575839598454,0.000289463653847879,0.00068391898365045,0.00110682558728776,0.00217457305090431,0.00376771406042265,0.000497432257843435,0.00412469831321964,0.0129225172608146,0.00155608738052957,0.0048123261224795,0.00964523554978242,0.00528945189012026
0.000724428546843009,0.000198348819905976,0.00121122736025617,0.000119009291943585,0.00187851388174129,0.000593468814869932,0,0.000208984668559097,0.000968452391696026,0.000937549193676967,0.00570336633901884,0.322821039686578,0.0432860667158887,0.0049991691374659,0.000342976243083808,0.000256331557334977,0.000351191529829711,0.00203778305364363,0,0.00251800279414953,1.95877784694363e-05,0.148678333092017,0.00198164313904834,0.00100015815710144,0.017117912094658,9.68001367012023e-05,0.0020794831288268,0.00298849174509861,0.00476314521479052,0.00101884961595299,0,0.196996369141334,0.00572450650958927,0,0.000482912884008537,0.00044675877237811,0.00433193762801981,0.000106890822163496,0.00099721800664647,0,0.00881553718678493,0.0172030246838533,9.15573831553088e-05,0.000405287130743812,0.00208398544092861,0.000479078940819856,0,0.000748289238177161,5.71303727200072e-05,0.0010076297029685,6.98424349552481e-05,0.0074873654335203,0.0324311224292931,0.00483225255177651,0.000174162836494303,0.000626803664115957,0.0197664102374096,0.00035534648387813,0.000578936784422233,0.00224071345255962,0.000333190119591873,0.00183472964214298,0.0973857906036631,0.00034402942265853,0.00295868901318754,0.000193106066360082,0.00833742168091438,0.00533420253054599,0.00135592046632789,0.00104037491908108,0.00173972368977871,0.00170143756388175
0.00167777463032196,0.00017157966256673,0.000529212554555835,0.000192722633122992,0.00506563132415795,6.00544477482084e-05,6.70984759714263e-05,0.000879843076277216,0.000988014062200237,0.000388104238861682,0.017978850351199,0.000755744604315843,0.732849631726461,0.00945076866097591,0.00105123443116109,0.000246861211558682,0.00072832635929595,0.00292179577961225,2.76195090401067e-05,0.00574822590613418,0.00014667306692222,0.00469578804607627,0.0149611512915067,0.000684211443770571,0.00607040968912677,0.000252459979603198,0.000728570889111942,0.0151986035235734,0.00198265194937833,0.00215857608065331,0.000125862906486027,0.00425559078988093,0.00124405078998674,0.000414150832214253,0.00137344143956078,0.000985235274060637,0.00512117202659802,0.000477160059079987,0.00396056208712827,1.11789579678541e-05,0.0217181514907064,0.00149598964811079,0.000514202306441427,0.00180668290878056,0.00571403534725737,0.00193391400667082,3.28441819007214e-05,0.000336453934103193,0.000406305378203612,0.00567821523912808,0.000370764508346827,0.00196801139130999,0.00187140279805194,0.0470572200569426,0.000140520296056955,0.00127969102340076,0.0184456412663091,0.000361672443536645,0.000517071961110556,0.0014351495486738,0.000234961269659803,0.000408274274148035,0.000878707160119833,0.001087681869139,0.00545094579753457,0.000305170824362759,0.00297710705791324,0.0191520398694236,0.000736161682538509,0.00142016609481877,0.00588178879738276,0.00175646079969227
0.00231086111244912,0.000218093111742033,0.000417763579102768,6.6706822169024e-05,0.00759469990382279,0.00012817424367399,3.75158217157847e-05,0.00289293154177378,0.00096964789325374,0.000439427458421819,0.0276126595658411,0.000324142522469807,0.0861368233419039,0.293399978679549,0.000861088279673885,0.000220107371806175,0.000403127163531912,0.00210389481481511,6.29097484090396e-05,0.100326488270993,0.000517836636982421,0.00204117517350349,0.00149862255980697,0.00862776294177005,0.000860083500507747,0.000424797460572974,0.000688646673367479,0.0712205175667504,0.00150227490893233,0.00425050545996205,0.000237047737408808,0.00409469263655584,0.000190913765590121,0.00219633731075507,0.0013493624252962,0.00244842879976909,0.00412909954388843,0.00153779462302819,0.00469938942500577,6.4626037399436e-05,0.0521633553084966,0.00134311504066171,0.00170049901025379,0.00176654814708379,0.0162570611365356,0.00801172749218278,3.8686577290491e-05,0.000186452584712388,0.000137496773249662,0.00461489127785604,0.00044934032241359,0.00571946768451688,0.000611300770440877,0.0107422327277345,0.00017064555284735,0.000813566125916789,0.00629553645250519,0.000251041377417903,0.00211018063276081,0.00561492975550173,0.000384804114190974,0.000339333604472464,0.000813681671957747,0.0017825884346117,0.00532848351497854,0.000159381393267993,0.0893810856567873,0.102615869096407,0.00352454230235346,0.00331247454451148,0.0320715664550823,0.00218115802702981
0.000647283818645937,0.000167129104165321,0.000261340806602741,0.000128992127991716,0.236845215592533,0,0,0.00727763487232634,0.000923451742569275,0.000317454143772124,0.0022704175169984,0.000141741999805213,0.0306444909704302,0.00356213845465732,0.371723501667007,0.000256994615156007,0.000803330815538882,0.00421904020119804,0.000531996442654877,0.0103647335758135,0.000903194723084886,0.00353755385388066,0.000202422284543755,0.000951250901261848,0.000321462604617909,0.000226656172236836,0.000313195983955298,0.000983200690274364,0.000582118417955352,0.00499859447056273,0.0478817718527827,0.00152430973193615,4.10570320218318e-05,0.00294170752591219,0.000683350842175261,0.0214557798456903,0.00572934262436798,0.00970299892754008,0.000897018848313832,0.000335345872038194,0.0386973821836807,0.000772792753482865,0.0105821054108792,0.00133815859754271,0.0492676444975088,0.015166133046431,2.98268553034961e-05,0.000183520217106462,0.000322918237155325,0.00412320440337604,0.000188753401363952,0.0057756288847367,9.68470677773127e-06,0.00129491650580647,0.000608107237259227,0.000797380837634249,0.00107480503390907,0.000275681557062812,0.00658677711598446,0.0182274390976633,0.000132083067872925,7.23660359981939e-05,0.000111168184376857,0.000953109332413355,0.00291429778840661,0.000213454635175202,0.0096159555441081,0.0262698084883164,0.00308396139543627,0.00137153393479508,0.0217699440406425,0.00287023529877582
0.00039488350362515,0.0120642194822226,0.0198335006612796,0.019273490418342,0.00336611529977928,0.000303176516632075,0.0107044546134581,0.000309317341357595,0.0211901543873831,0.00193766474734072,0.00128463910566403,0.000350301949945328,0.00552391972290503,0.000402565761651774,0.000653319209384698,0.762264846403864,0.00436881186590698,0.0186461622608919,5.67863232986803e-05,0.00111766207371831,0.000147329780878348,0.000456012412878136,1.90154799383018e-05,1.00510647597646e-05,8.05385763362293e-05,0.00125148061982744,0.00197424468212971,0.000330083385281283,0.00159535914642094,0.000476421821839797,3.93777259740562e-05,0.00263544762830148,2.02321877776418e-05,0.000615244024810928,0.000749485122744311,0.00063666698211741,0.00647891142876107,0.000107228990884436,9.84674066933038e-05,0,0.00171501449184797,0.00346809194169333,6.68373880584449e-05,0.00145092684717703,0.00146243318316984,0.000108867688266093,0.00015846749521934,0.00135073350689215,0.0102323006964461,0.0016670117734126,0.00188349712995621,0.000562534806352768,2.03622460357544e-05,0.00217254725245435,0.00145583048508255,0.0116391656163836,0.00186697263542226,0.0140459225501289,0.000652091911392786,0.000145129892502927,0.000496275916265174,0.00207628337368969,0.000979370226382547,0.00106077573146315,0.000658600283628259,0.0281856164137281,0.00048615730433113,0.00327773021033178,0.000282158848483028,0.000193211917139295,0.00164800011638033,0.00276349000327656
0.0010335644979922,0.0007226784266047,0.0423291016781999,0.00144503026164863,0.00602527591437396,0.00687389292995358,0.00197891122284625,0.00181185657113204,0.0852843314646665,0.00771899746406401,0.0024885169475876,0.000479095101519634,0.0116860558826698,0.00116478040743251,0.000276712009311632,0.00374210174407456,0.284242168542446,0.27585238432915,5.52967550240508e-06,0.00128274664167497,6.49256529811898e-05,0.00155944672531447,0.000128424511756149,0.000418601523120097,0.000163260869067238,0.000277454534187428,0.00505173833201747,0.00297443393287585,0.00289173997334865,0.00251504920324747,2.20479111255249e-05,0.0137107848192322,5.30802845684486e-05,0.000631959722111192,0.00118131860404616,0.000549050978310165,0.013831126390512,0.000434823357123038,0.000400067264021524,5.23484809220474e-05,0.00536006140812693,0.00599469635236654,0.000272871467651823,0.00137187888850463,0.00818206706953322,0.00139865178057503,0.00822137610578953,0.0222906919075384,0.0198271662540074,0.00664333623869588,0.000838964508734724,0.00179463234190609,0.000409604921244766,0.00411515103915661,0.00445878218394023,0.0765444383141832,0.00462464958496283,0.00449288356625472,0.00137869276278951,0.000673024787268347,0.00193193022496018,0.00749345216598392,0.00198175145510364,0.000826116120541923,0.00152171103491765,0.00650619142505032,0.00151774307904272,0.00584310321658594,0.0014994062701028,0.000342596218662345,0.00412857897351144,0.0041583835495668
0.000950458637338813,0.000780424616980097,0.0140304882265514,0.00104715116338559,0.00401741652675939,0.00618821126198104,0.00117452706580315,0.00085793188578027,0.120423851065809,0.0101320010046145,0.00247876572696491,0.000288840542148444,0.0126197525566436,0.000628261371904599,0.000460765079807556,0.00356314305168263,0.029963319326297,0.628583243622393,5.47264613453733e-05,0.00123774722291047,0.000169706406545924,0.000820130098965352,0.000150884666765526,0.000240778242194362,0.000270275410413691,0.000103896346732976,0.00819723570212775,0.00081107355841224,0.00219723512817211,0.000846283953525319,0.000165563430516346,0.0127707080791781,0.000103044767239654,0.000577658605693551,0.00122482429962641,0.000992069613205203,0.0121481155532917,0.000327376851129807,0.000296199122525731,4.37790236372704e-06,0.00741348488691659,0.00624105055330977,0.000375546812608089,0.00126679119882483,0.00547239756639515,0.00242207012306602,0.00233755468362482,0.00478321461443191,0.00344384487551455,0.0028217178261518,0.00128789477078454,0.00106791640447808,0.000281734660145437,0.00383420714502091,0.00481321412661955,0.0182292104724138,0.00495380722766102,0.00332320699064374,0.000678911098960235,0.00219984791426495,0.00265556374836121,0.0153490216438213,0.00122848110994413,0.000651024454642644,0.000720317823757958,0.00409602971453422,0.00155213089202236,0.00556392762132956,0.000840300366074994,0.000364035785610713,0.00243715531306361,0.0053959234192747
0.000936354041836958,0.00172402296930993,0.00176968691686185,0.000790311675214618,0.182279546903226,0,0,0.0186984350807608,0.00111660363059515,0.000514507897599638,0.000936354041836958,0,0.00554564515296341,0.00452443407125874,0.00410638975159457,0.000960401600725317,0.000514507897599638,0.00220743948509965,0.111474203755892,0.0137581526279166,0.0451586728445961,0.000498201973194657,0.00311656836285714,0.000565245763118008,0.000755879734101231,0.000137453107925454,0,0.000687265539627271,0.00146206700588075,0.0148590508988596,0.000652858567289164,0.0111938101260141,0.000402872503315405,0.0131950081843604,0.0109855895952832,0.0162536739573394,0.0157763524510106,0.190229348037345,0.00279536215275766,0.000369338123966089,0.00865496994269673,0,0.0792268675255351,0.0226841224872787,0.0868641134731172,0.00805803486130812,0,0,0.00159782683659829,0.00622180353002855,0.00195165475160324,0.00371123391398726,0,0.00113049152623602,0.00225414883584823,0.000386541610135142,0.00235631252235128,0.000274906215850908,0.0120558643204163,0.0053481421404856,0.000369338123966089,0,0,0.0108081207396037,0.00422656249580603,0,0.00559177036578501,0.0180023089112737,0.00339041209161251,0.00288297495692881,0.0262119410346313,0.00478792035778347
0.00144106932158711,0.000177990263068597,0.000303889565320106,0.000162828013627405,0.0174540031146445,6.52907853723899e-05,7.53088339038879e-05,0.0225367699609701,0.00114077639160639,0.000928630154131326,0.00613613494754548,0.000108131839815889,0.0193245795760249,0.0537046732047742,0.00151663559997246,0.000295732259745592,0.000361532554110034,0.00184732526608749,0.000270340879507366,0.456986417635411,0.000767215617241527,0.00106183780779109,0.000387932928210383,0.0170636350559334,0.00045942793552318,0.000286065282816147,0.000371067650454392,0.00425418243208706,0.0012893775086368,0.00434987886742194,0.000354938344547054,0.00503472260521552,0.000256773926224634,0.0027720199467192,0.0012664384924853,0.00700372829568442,0.00489700162657564,0.00254757690729434,0.00327844176185402,0.000121262100981948,0.0429542097717543,0.000898371302303597,0.00284806889887003,0.00191489335200351,0.0483727025943698,0.0111636341282749,1.00397459087544e-05,0.000189476685529899,0.000171924935571975,0.00416054905446878,0.000392479636602539,0.0052514964524673,0.000235519359072973,0.00556014999843486,0.000106084213816956,0.000736941085960353,0.00370134948972531,0.000188971641167006,0.00345953761264846,0.0280422287926002,0.000299210867569092,0.000274603622104382,0.000351233256545439,0.00127332960476203,0.00164954657480189,0.000245911020943023,0.0477971254688987,0.0245379430705556,0.00482795535791346,0.00459569899109716,0.108905711475256,0.00222151667707691
0.00247818698353607,0.00153256818401706,0.000317421666435964,0.001297297765635,0.0666532165399658,3.57328003858478e-05,0.000814500628879958,0.00660973929485816,0.00153509009889001,0.00216228878060413,0.00419604190360117,3.39878312707955e-05,0.0237342813532812,0.00568268080891889,0.00120520094143237,0.00133646351619503,0.00142237958604289,0.000367731805235145,0.00685070387727135,0.0148640739456384,0.142795431754921,0.000399075235992439,0.00166321781484792,0.00447458172829869,0,0.00166108604897321,0.00058849425075611,0.00491073916963916,0.00142807839163512,0.00355435562032195,0.000218666264948148,0.000559510022368199,0.000215458172623577,0.100980886154471,0.0250591280734613,0.0055947562324304,0.0674675382108783,0.0219339497601551,0.0049928801031128,0.00102133374949226,0.015871678473079,0.000333743973964349,0.0606215189580954,0.10089534012019,0.0776995020326943,0.00529241963962094,0,0.000163804817610372,0.000168757879049994,0.0442384082684151,0.00142625374238758,0.00608611601798615,3.39878312707955e-05,0.00167706049728242,0.000277017650516028,0.00078139211557611,0.00244831724843306,0.000184678433677352,0.0445125785790511,0.0103827356515421,0.0013910846338128,0.000495701450250613,3.39878312707955e-05,0.0137325240066698,0.00162522766857273,0.00041648676319601,0.0152803977384664,0.0182916393931974,0.0100656989768143,0.00434598830904215,0.0197306607808921,0.00884653544595191
0.00122224141831521,0.000258730905366395,0.00102094872274459,0.000242008916147623,0.00390042277060148,0.000229863825058397,2.42296058180768e-05,0.000992542487508102,0.00309833792943206,0.00208729569600857,0.00484367770462741,0.0583463195098975,0.087682124039813,0.00399586235954231,0.000660009948626817,0.000181969090897692,0.000498606478131439,0.00482536549181522,4.22323310190236e-05,0.00426195383238539,0.000164170712724556,0.537001061259427,0.0102753275390234,0.000646908898872423,0.0589000797854299,0.00018654438695447,0.00188262713431432,0.00477021819459624,0.00429336598553355,0.00166705653687444,0.000122251253980088,0.0184664756411275,0.0355182609024839,0.000234091003419929,0.00179702598934349,0.000845009366743997,0.00397654843488753,0.000283608787055764,0.00228436314328613,9.69184232723074e-06,0.00737356911040182,0.00583510746420117,0.000439677365624689,0.00133966067322754,0.00485513224582523,0.00104576070102694,1.31237647781943e-05,0.000387658578674937,0.000252058887728217,0.00352602562148592,0.000916772081912315,0.00121817819857621,0.027359551230146,0.0134588239682715,0.000347717898162962,0.000945313565394637,0.0255666235661134,0.000555198236994081,0.000720688570792463,0.00108624717064839,0.000951877743092835,0.000713825303847793,0.0157581074319918,0.00113847369805985,0.00334793137326586,0.000286541711687074,0.00137147134049006,0.00783120875383102,0.000869650379790914,0.000917179265745977,0.00338012616061754,0.0044512880754308
0.00180134438494595,1.93583023234491e-05,0.000268961325781819,3.58260740167411e-05,0.00292518852171948,8.81425812819112e-05,2.80546284148251e-05,0.000646325582638989,0.000583622473684805,0.000580583706487215,0.00792271803605328,0.00102804153572994,0.308066767868083,0.00433851427978239,0.000427772368936758,0.000278976734513923,0.000213761901091242,0.00176402636559382,2.80556656798207e-05,0.00238029683011697,3.25252556199332e-05,0.00938178574626187,0.425503023770801,0.000334980649122419,0.0107692688260841,0.000187497014544456,0.000840395522180505,0.0055802786627084,0.00158195169048927,0.0013452499555914,4.39756361545433e-05,0.00256727513571796,0.0207223707181095,0.000319866383889725,0.00195692685473325,0.000338023741554882,0.00262580398024024,0.000197172877736304,0.00309520992064706,0,0.00805709336419264,0.00143834679712612,0.000154671997819781,0.00153840761969441,0.00260835900909481,0.000598498086812301,3.55801084329051e-05,0.000128440143593866,0.00010156068648721,0.00464765949415737,0.000374791646535017,0.00110693716350136,0.00185966297772438,0.118969564614409,2.45668262800655e-05,0.000563768952223806,0.014356568371537,0.000128338091226813,0.000262527299140895,0.00144389935390108,0.000249547329582362,0.00024639145978311,0.000763601443356818,0.00117312667515065,0.00626963872132208,0.000310787792202481,0.000985295725610358,0.00523653292531786,0.00038865152205407,0.00114927664608817,0.00294638407821969,0.00103160156835843
0.0029901186885333,0,0.000348105221429055,1.10369991835856e-05,0.00979426128855651,0.000106921156130377,0,0.00397469257674184,0.000687249587407918,0.000344675179832662,0.0433928224544129,0.00025298807125468,0.0355189031169584,0.0770237628035091,0.00149140589198315,0.000119658106912354,0.000923802097225583,0.000946475450452227,0,0.203031237722503,0.000124198999231901,0.00111121328099078,0.0014224860524796,0.185006760403909,0.000471666683202292,0.000163880408567308,0.000433755260323463,0.00528575580627238,0.00218125456173442,0.00668667210334143,9.7817773216523e-05,0.00266421462654476,0.0001972569230484,0.0010063356724469,0.00111761529697459,0.00220737056983323,0.00425717788916434,0.00118645104797299,0.0311592642484992,4.67552727841579e-05,0.0227398610570253,0.000917959142173159,0.00132278739516476,0.000798031248268044,0.0556912756104598,0.00174807400586736,9.55545890800796e-05,0.000119891771583694,0.000225915857246882,0.00755164893814333,0.000582924709455218,0.00424858431013384,0.000756349615523489,0.00575272824320526,0.000121406991019441,0.000309766861591391,0.00484065612414978,0.000228676509125616,0.00218578093000731,0.00369016309682626,0.000103640220300477,0.000354152793059499,0.000864021788482871,0.000785642659461865,0.00137732837377695,0.000172231556718041,0.0127114035600498,0.0106844007260674,0.0129529760041177,0.0396970601169852,0.175995771036886,0.00258731486447977
0.00364759271092012,0.000151655155804507,0.000605019215901024,0.000189410204239821,0.00668613343262417,0,0.000322828078567588,0.000427487793320716,0.00136587335150292,0.00155443161551556,0.00947080835488751,0.012964134954541,0.29257990395274,0.00525598711066475,0.00040449407063871,0.000128277380734651,0.000433411872574694,0.00273258911002256,1.4719528182614e-05,0.00490787712044118,2.36140531377985e-05,0.161043711561749,0.0282831122250756,0.000579376226047851,0.224449254798487,0.000195891502512487,0.000942817198455918,0.00668100784508356,0.00657478032409853,0.00165139813183281,0.000152247805541932,0.00829345339776884,0.0447972702896536,8.16914622097522e-05,0.00152780510064215,0.000562355756071768,0.00384022463782867,0.000803996134742091,0.00279086661137849,7.34036942865309e-05,0.00691974801823395,0.00285741133141425,0.000485325015189589,0.00185481664470071,0.00553551417035239,0.00163395241130801,0,0.000376759653889255,5.79855396172773e-05,0.00400551491161634,0.000370084399432261,0.000765933204024726,0.0298463779120845,0.0161347382494602,0.000307103080684337,0.000587490472336693,0.0568870450046336,0.000809254628781257,0.00085680944754593,0.00107103034129992,0.000687171594226728,0.000491242490012315,0.00801195169506114,0.00079317686251446,0.00369553849781469,0.000384003223956373,0.00120503094438156,0.00636345376738286,0.000550825537369245,0.00137161728557569,0.00469317755766341,0.00319900233700854
0.000894976651885418,0.0611577088607649,0.00296738989216072,0.0307442443602515,0.0117306483143282,0.000187118485404215,0.00149841012063751,0.0028433656922801,0.006947178402817,0.00503098245525544,0.0117174013040671,0.000233825644407525,0.0839139324751832,0.00791938359814663,5.61065606821668e-05,0.0174436049794989,0.000805443392866903,0.00486254991868417,0.00126076414759046,0.00812520524472857,0.00256061444495916,0.000621572194925308,0.00166929070730312,0.00141528440053663,0.000274354383535584,0.0995529101398391,0.00303042296019389,0.00682280167462949,0.000886527176782034,0.00080429065290805,0.00037716810322106,0.00302648880274593,0.000374236970808431,0.00921064282451898,0.0414641912582323,0.00351314170830207,0.0882716918988023,0.00232356781874803,0.020239982756699,0,0.0302753005217714,0.00124696471849013,0.00204832423898555,0.108386624210158,0.0162116672875297,0.00120229949567257,0.000274354383535584,0.000312524544286077,0.00299461137782097,0.0480814958851216,0.0337802774081815,0.000533157251176073,0.000953811531596835,0.00891662625991597,0.00480644238371833,0.00265270909573862,0.00288725506053739,0.0139393750439003,0.0065803440393116,0.00226534040490308,0.00662528027536925,0.00169131049246444,0.00136535625972972,0.0582625778534429,0.00941565662756024,0.00192723117151757,0.0106671160413682,0.0210082096501449,0.00740959356644355,0.0103541969121969,0.0159200093013043,0.0202245353267757
0.00306128591619917,0.000307137051092889,0.00462986149308434,0.000117505733211365,0.00569862203101463,0.00465620791126704,0.000600082659730799,0.000306773458792704,0.0309405488904896,0.0314705713416661,0.00695676731957276,0.00289351542803457,0.0258426148522694,0.00151206523444695,0,0.001690151696512,0.00546509297104336,0.145741295364958,5.02161134450956e-05,0.00101209798265532,0.000222878507221154,0.00359482148741757,0.000451160428920583,0.000188190129855567,0.0013808116845973,0.000287455961526715,0.202341688550016,0.00119690120965052,0.0103144974156062,0.00321284188448014,0,0.184087844954179,0.000241482001061556,0.000200678807339762,0.00107766145820922,0.000713497962221435,0.0132911673105093,0.000188145730108931,0.00020536821839245,8.96226923240798e-05,0.0141322720325423,0.0970973697200636,0.000391573367387678,0.00151516421287891,0.00459363306888192,0.000662371584595701,0.000855562409352636,0.00115746597906004,0.00268393651804515,0.00773650438670694,0.00168633602391088,0.00446858657387998,0.00123178377148837,0.00689895951842234,0.00154392342032891,0.0107375988101795,0.0164218522705088,0.00173405159912513,0.00150115071628349,0.000265473300094307,0.00220729438078424,0.057682985534102,0.0083639350257801,0.000868901029799187,0.00180943328083958,0.00289754609253385,0.00474046596951655,0.00949923813296288,0.0018858308743461,0.000657930569313059,0.00270457906529447,0.0331271609178678
0.00170049048419078,0.000195793559484359,0.000402621220137566,0.000246270956448432,0.00334802714004937,4.97926714266055e-05,3.27793339923867e-05,0.000526858844443689,0.000924586652752846,0.000386744631723454,0.0113012787893716,0.000923834140074901,0.132940606888404,0.0517851577379059,0.000715202218241774,9.58833121961068e-05,0.000247498696205002,0.00136840438009983,0.000152265551426618,0.0064494869902076,0.00043898209423441,0.00192004779307553,0.00360110654527229,0.00146709015165141,0.00146210401507597,0.000327832704436545,0.000709914898557704,0.311575806961272,0.00158292403282237,0.00762786908327532,0.000100839421952154,0.00175105808061377,0.000349764717398626,0.0009058738195955,0.00139322249756362,0.000625330590872469,0.00337347802918848,0.000772601412943993,0.00372397118402738,4.43838210926391e-05,0.0608579654555628,0.0008966931207243,0.000790940279367232,0.00229554848516922,0.00467200396088086,0.00351023971638206,1.01303030232682e-05,6.61981469737074e-05,0.00017421573131762,0.00413203428724573,0.000784540055626588,0.0101585858746699,0.00128482424844477,0.102614106987486,0.000197977822435173,0.00041814222974784,0.0058996984183565,0.000294689639317899,0.00118249553705083,0.0019758490074007,0.000396778153156777,0.000216350035334408,0.000404584389013401,0.00164600692317027,0.0449442270338764,0.000107448345146771,0.0111208311167936,0.170671068816228,0.00129086117533453,0.00157296092736373,0.00706316771143046,0.000801050012265113
0.04406004246171,0.000288415198185963,0.00207290714426525,0.000149255809791308,0.00365924981701592,0.000251191081954784,0.000103919841511947,0.00170441224235706,0.0036046039112682,0.00207964042849738,0.0314852196945014,0.00136314767647509,0.0645354890861276,0.00485991297789294,0.00021450634757995,0.000689426097447364,0.00221292199725503,0.00816708364020622,6.52735514157157e-05,0.00574911369200095,0.000256465241204178,0.00861920773731568,0.00293811969329699,0.00247639241054294,0.00361037557562832,0.000398619678630903,0.00683648582525566,0.00554867496826723,0.245668896697855,0.00331147405022981,0.000179292323483075,0.0643563572685193,0.000786621549318364,0.000659164441220474,0.00174646475335765,0.00146013770884524,0.00917739183320014,0.000601259643638563,0.0104416647483895,0,0.0156207942938436,0.116032477299844,0.000481216173006113,0.0014466458846133,0.00547309791723905,0.000930285196800915,6.85861549437124e-05,0.000192604699563437,0.000608639819489599,0.0154437577126556,0.000953272238879528,0.00438714335313938,0.0111668842542216,0.0278280684205107,0.000555181107347257,0.00314431487736817,0.150105543832038,0.000646861738807765,0.0007907045261532,0.00551004424753944,0.00119633436113152,0.00233878839499703,0.0184296706550182,0.00118394913522503,0.00366626773222528,0.000669276772749447,0.00289051879562925,0.0103019962292204,0.00131533141536104,0.00584363487497824,0.00399889844767084,0.0403904105921297
0.000668964916348727,7.24385151737569e-05,0.000101060201653364,7.0904847920941e-05,0.0023156658446795,2.12094208745073e-05,2.63011950883363e-05,0.000545435074187738,0.000227275739988982,0.000152514727518887,0.00134421292337614,0.000162851360639385,0.0097095740267179,0.00166954644235224,0.000402268978102716,9.11071127725313e-05,0.000272245342676745,0.000410801553883591,9.65953140614994e-05,0.00286204748371447,0.000122759294028513,0.000612642376663784,0.00047106650101414,0.000230044238438873,0.000200959438770022,9.6282158392554e-05,0.000250211908022945,0.00317303670341255,0.000713020508330229,0.619522876758346,0.000121646718482781,0.000867160562145418,0.000163498984985449,0.000625166215894391,0.000641823297094241,0.00133115331152177,0.00134630065413485,0.000731031431829129,0.000583879998916847,1.23864533328843e-05,0.112257687316947,0.000487846351407904,0.000508050908407851,0.000724066718189748,0.00259189563768653,0.00400616272470101,2.45784800348991e-05,5.95400966021962e-05,5.14466992888942e-05,0.00154212816586818,0.00011998137669365,0.148081517160767,0.000159896900149501,0.00404979737223714,4.35982641075267e-05,0.000229505504526158,0.0019670892930613,4.23593018135548e-05,0.000490865864106257,0.00293088311440124,6.53392868721034e-05,0.000128842543839235,0.0002317586152999,0.000621409255991239,0.0287984021057206,0.000123400221081539,0.00351659467381464,0.0271138371291343,0.000750325028409184,0.000423899588753923,0.00395026025241304,0.000867065512184027
0.00146857660476494,0.000116394423742456,0.000275556979695631,3.11977924044333e-05,0.415043247702851,0,0.000100540096756783,0.0089330794982029,0.000936888732171902,0.000568028598045836,0.00210816184180529,3.53658241305233e-05,0.00797214056604607,0.00330243375835717,0.0784499149267616,0.000187697615993512,0.000316893027493871,0.00095165557835738,0.000692873446140276,0.0108758299553697,0.00171765331347137,0.000748332946302744,0.000150765810077898,0.000456544086302196,0.000398403274630855,0.000281672256651056,7.02344293635061e-05,0.000991208486276262,0.000230976609771143,0.00207849666517538,0.204756612398456,0.000658223109144515,0.000648416624740418,0.00382239849452396,0.00102013415318027,0.0766131435823585,0.00534889569145948,0.0116421237219363,0.000665918712907114,8.14757369299963e-05,0.0154508391469093,0.000800715132746823,0.0169799258863739,0.002385432343328,0.0421522012084876,0.0103697170645365,2.35772160870156e-05,5.74513835249171e-05,3.43713863354422e-05,0.00262676417673914,0.000295477025623469,0.0026810006305347,1.12913891459672e-05,0.000933092173093232,2.16906532807783e-05,0.000550739586665639,0.00143332899042709,0.000207106800354438,0.00705018316212608,0.0132127872114333,0.000125901562866111,0.000228833337473844,0.000119452062220168,0.00115612070075373,0.00135371557279034,0.000135306389205841,0.00329143463690463,0.00475819803513473,0.00388496603272946,0.000829092051901558,0.0202289710460166,0.0018622089314995
0.00180493381459948,0.000169989614863329,0.00194642327440862,0.000308112223243271,0.00615849278212633,0.00209821608468933,0.000140014768853269,0.00103347855964735,0.00546209094235042,0.00254501173711473,0.00426708364848916,0.00631342525396596,0.0256965787737837,0.00183536733207363,0.000407809257843685,0.000611529483404561,0.0030245855570899,0.0176003479463613,1.30962006526813e-05,0.00246785024159398,0.000136649092336677,0.00567328883198102,0.00048512005891271,0.000377690820403301,0.000763137439207056,0.000190375824031086,0.0091796854235223,0.00227109011940707,0.0062923397797438,0.00166743629212927,6.17219644521215e-05,0.710575696408744,0.000263681732354185,0.00041231116780988,0.00083549838963296,0.000747404643896271,0.00582287427380511,0.000318324583981459,0.000507320402949565,3.05421284019423e-05,0.0115106080457211,0.0389794767641628,0.000334028663742938,0.000881862145455333,0.00570009587341264,0.00184295873447658,0.00049033622096407,0.00211839786714821,0.00102003697833612,0.00450043966765505,0.000563041142866686,0.00155058798761642,0.00206983986619611,0.00491795442901617,0.00075901166257001,0.00364750407153728,0.00984077296743203,0.000937456676811145,0.000632227065525406,0.00132369725581101,0.00124481264664298,0.0216377205530457,0.0218596095648391,0.000725504440215207,0.00190837636870415,0.000764596872117184,0.00245767742016078,0.0113858913613515,0.000937011564319546,0.00181906064589063,0.00351351819895593,0.00760925940244417
0.00160357876356802,0.000248936763235233,0.000342850964674801,0.000209834755551115,0.00372444883554771,0.000218792531266199,5.03141969378382e-05,0.000390735813726207,0.000959711235985527,0.00027446411513944,0.00476110659113773,0.00892015454086753,0.152891703513247,0.00256429430852997,0.00062399933303062,7.82135698482716e-05,0.000306921807056379,0.000313411157200363,1.25785492344596e-05,0.00314155228626951,2.58402784592891e-05,0.246245414463512,0.150424590444351,0.000167297738955078,0.0952481082490876,0.000311302154804889,0.000673000974606779,0.00494097689564347,0.00258419513946611,0.00102094109355036,0.000168832515713779,0.00682636407018477,0.194840664223991,0.000208282630962917,0.00113258373669716,0.000155060779715803,0.00183719256758312,0.000308043356020394,0.00265735478459063,0,0.00682179672365069,0.00193487422946485,0.000565791624063017,0.0011836049790247,0.00237452446026879,0.000158495788627722,1.39544636952338e-05,0.000661257534075686,0.000229507305137005,0.00309062716422986,0.000528026037139909,0.000738130786488216,0.00471040491080605,0.0341074264806833,0.000107156821704328,0.000459025024518576,0.0243066963087362,0.000484770659543564,0.000350609036056533,0.000584449817907919,0.00019851537307437,0.000642246476226503,0.00539239868959898,0.00131998845593554,0.00423602290396609,0.000502736118918061,0.000698798278706669,0.0059525129695164,0.000388686273755097,0.0011806734593161,0.00193102775388882,0.00273161336132513
0.00279135894658412,0.000720770302596817,0.000620334960707525,0.000380302469818087,0.0310633407605798,0.000118481795797271,0.000103850530199994,0.00310167189693584,0.00166026520645323,0.00254913893063433,0.0042868863478044,4.42078590206429e-05,0.0094094028067463,0.0042680321092694,0.000784169802638449,0.000146927397004038,0.00121573767074555,0.00332573484371713,0.000924148848566622,0.00741465149336384,0.0168874568385008,0.0017962181122315,4.0308646311603e-05,0.000373010280459248,0.000453253240547686,0.00118749495803845,0.000335098890405583,0.000763418407745434,0.000528702140491486,0.000716558304325213,0.000250213069428856,0.00141895556080152,0.000226380193957401,0.367184744999206,0.0397093910985179,0.00244216399122461,0.219565213995071,0.00542862481102264,0.00787441675310918,0.00163671289908459,0.00919815009931933,0.00107682542345685,0.00749619808708866,0.0312706720109914,0.0357200817053913,0.00131835538905761,2.19402066827374e-05,0.000308307269201279,0.000184451071096578,0.0395533272074479,0.00108272281355014,0.00151740866206542,0,0.0020468191028208,0.000291151479460863,0.0011705242429314,0.00302170479585891,0.000286843163424805,0.041460091692694,0.00240765748521106,0.00161532953341253,0.000210290490488356,0.000149663390709483,0.00585303333068319,0.000835678239706199,5.63983497806478e-05,0.00611622736413792,0.00722579965460855,0.0209743827410775,0.00355585131629089,0.0193222678955372,0.0109040936161527
0.00123216956162412,0.00144212442407763,0.00166792896186435,0.000370632577299186,0.0151271354800501,9.8285229669753e-05,0.000139625232444261,0.00161520133179697,0.00418504449550088,0.00549774071703746,0.00559403544493623,0.000136608681143224,0.0126921180575553,0.00284999231225065,0.00209411639003457,0.000474505628694889,0.00210238803308622,0.00694908358051542,0.000326857988863542,0.0071451115705619,0.00296432982214383,0.000957162124277655,0.000445976974445233,0.00068608365440627,0.000386592596721239,0.00110986273143984,0.000510926708409945,0.00209720432401996,0.00103476615857642,0.00279873213251124,0.000826118801470224,0.00565586243734569,0.000317194985102609,0.0226230613427992,0.297804593690818,0.00137749143676392,0.33256369312977,0.00214595690474746,0.0112839479087756,0.000305467486423354,0.00664717682007687,0.00284385865095496,0.00225733308811007,0.0580238476468719,0.0149327397305215,0.000963304629581706,5.67286380802452e-05,0.000356477086857007,0.000662912068268007,0.0425600117415308,0.00803355763823325,0.00340936499629501,9.45274137295061e-05,0.00740921375408955,0.0010091540046406,0.00330912956501145,0.00235313589877151,0.00130030014613396,0.00759363344053756,0.00118864308938483,0.0127109672533279,0.000278532211152305,0.000905165250653513,0.00969160081378271,0.00348249458599686,0.000490097155217711,0.0022280061671291,0.0050367020674263,0.00980342627123369,0.00491710461289131,0.0121379219404677,0.0136772005730659
0.000457012272201197,0.000103916939048869,0.000137245819942991,6.16558541199577e-05,0.103553901030564,3.23892519387451e-05,0,0.0506252137709905,0.000568454740719163,0.000363739342197393,0.00113402744529363,0.00017932227159544,0.01108552759394,0.00486800956148308,0.0050597577694877,0.000261898396232883,0.000351868269763159,0.00126663592072793,0.000597904445920779,0.0138013333523049,0.00159767252313254,0.00108267267839916,0.000533504905767364,0.000581076431375373,0.00021809937179682,0.000103948384812617,9.51356523142277e-05,0.000994834615984702,0.00038198757365342,0.00239432388621391,0.0111791922958268,0.00309261406687041,7.67524170669441e-05,0.00212816863401357,0.000564506266534405,0.513900399339522,0.00338067860712508,0.00615544049121152,0.000271647293634251,0.000199648099286487,0.0304484790112216,0.000426071936289369,0.00732803853146716,0.00159620739664574,0.0391081689482485,0.0226226899232024,1.24171472699843e-05,4.21921396338982e-05,2.48968946217052e-05,0.00245520084325056,0.000162021920180269,0.00243571073368811,8.69747163023734e-05,0.00107391899265246,0.000122494930702953,0.000299801387921421,0.0011418722645364,8.13016065294692e-05,0.00454867811450618,0.101707770899815,0.00025447783167705,6.93004067473632e-05,0.000191578619404998,0.000732892145180341,0.00131015850846313,0.000101738906917278,0.00447137391666063,0.00725051313073413,0.00246352826277742,0.000879671461689518,0.0205388439059474,0.00256889698210042
0.0019234965360029,0.000816109018823111,0.00135297457385695,0.000388758274834011,0.0134692548916722,0.000232490409966701,7.06203126920489e-05,0.00124392082253753,0.00668202522280435,0.0165878231188517,0.00507543912852881,0.000123114027944626,0.0156457184084643,0.00195456285630073,0.00166303315717481,0.000766848551167564,0.00235424022771106,0.00791506788418843,0.000179462713079042,0.00450340656098805,0.0010639962832898,0.000623866133559627,0.00093212832996602,0.000549577418370826,0.000663615393264278,0.000903223252425638,0.000757799358282749,0.00061596186220599,0.00134700730317674,0.00166585504155158,0.000242509220083234,0.00353655085456205,0.000139286094405955,0.0138247268830772,0.0310745730840552,0.00153299488032836,0.603083534124718,0.000856865979353448,0.00837170747384614,0.000232109646455093,0.00845919823965856,0.00192876063914571,0.0011638570342397,0.0130034431565439,0.0132054540940721,0.00132202568950598,0.000133399313428839,0.000572057759983134,0.000438395938658151,0.0672305832300634,0.00417632923863132,0.00119679421607451,0.00013058564619325,0.00437295156604537,0.000632896175170458,0.00311205434378566,0.00227877670199583,0.0008368734210643,0.0108289516108649,0.00154429998487598,0.0138436749959266,0.000744241710081637,0.000313277771730328,0.00472755399990083,0.000802237451950828,0.000566446316479469,0.00299851566854757,0.00582385549636134,0.00794263171109596,0.0044651591382906,0.011813246546947,0.0544252158781196
0.000464319168963136,0.000542933176416163,0.000357816063531299,3.32540506006943e-05,0.214305692652959,4.56450896534278e-05,0.000234290121800064,0.00665366584906079,0.00232912824388249,0.000586590160722623,0.00179753479929703,0.000225678907071619,0.0133856732433643,0.00590676267368777,0.00372280953464121,0.000240920278868749,0.000875509567102057,0.00117571051164578,0.00600668745837231,0.0108763062912552,0.00823608400682233,0.000723822691260236,0.000714615113175018,0.000396065104651788,0.00177406379593432,0.000161006107391132,0.000262755772560687,0.0031420745731054,0.000319678577512207,0.00357032579521712,0.00218865425133791,0.00117359571826049,0.000515160273143208,0.00619946351180189,0.00210167732611131,0.0104073656798504,0.00883449294620001,0.388891549059819,0.000552745046547246,0.000380248610922202,0.0196257175294188,0.00115500321168914,0.102185293391608,0.00534316805351227,0.0529406077340342,0.0105842659401234,7.42930233763306e-06,0.000207268109516204,0.000248797962968287,0.00496465498876259,0.000384589503936554,0.00379628581156373,0.000275083071274562,0.00312866439897354,0.000224018483605263,0.00138740102226089,0.00465596576876244,0.000309566931325396,0.0100833736254664,0.013072897251196,0.00010616329477499,0.000447448127124598,0.000298238553664701,0.00205955765730716,0.00237683876491346,0.000661801863323366,0.00948910077436207,0.0106910864047626,0.00417588509098102,0.00094982233285521,0.0230919736960866,0.000759659542989088
0.0484077504100595,0.000504141709970951,0.000695398503343387,0.000154926920292386,0.00611859502180509,3.58328556247345e-05,8.64638822176372e-05,0.0020894980058836,0.00161194160053571,0.000779815272378127,0.180244657362199,0.000207987942328171,0.137837278640918,0.0161414931944171,0.000400178741329646,0.000641679333139076,0.000341217092347568,0.0012295269422745,0,0.0280759655400365,0.000232004140164656,0.000940071855712289,0.00106756831627036,0.0441057144161075,0.000490839331632634,0.000354012578334776,0.00096285044392483,0.00400525370184699,0.0145854049590165,0.00238098914468593,0,0.00407366461565807,0.000378041218382998,0.00100758834833528,0.00412522540057608,0.000504976787116333,0.0145021910481346,0.00131040791589235,0.199026981839799,0,0.0173077685665332,0.006751726318075,0.00089951792238048,0.00236349993315805,0.0142862339535559,0.000494762355205433,0,5.56549126918125e-05,7.1665711249469e-05,0.0454688248681443,0.000865347321914687,0.00156290233337239,0.000745363679819932,0.00950911113315892,0.000297379034627997,0.000709743396876237,0.0549046725758638,0.000376935615592982,0.000874011263730023,0.00140092475514176,0.00142356126247856,0.00132234482746574,0.000568418309224125,0.00182598438731152,0.0016078491527499,0.00051076584618324,0.00384980922753377,0.010873299223666,0.00433326685236094,0.0450490109653451,0.0326529224858136,0.0173785867760838
0.000499922123548154,0,0.000568343377046148,0,0.161937291061606,0,0,0.00713128250654214,0.00012515244358427,0.000561810694551365,0.000216609998511236,0,0.00087641093048435,0.0258714856317087,0.000527428155105137,0,0,9.14575549269663e-05,0,0.00590795175304535,0.00546372934340008,0.000365830219707865,0,0.000182915109853933,0.000365830219707865,0,0,0.000659800931973114,0,0,0.00147501094224318,0,0,0.0192359993439811,0.000457287774634832,0.00890576536736196,0.0496710794363877,0.00445563328683668,0.00199040520854214,0.0748205317397256,0.0289139965473054,0.00165380014736356,0.0228234735098006,0.00148910778341613,0.0991159217632191,0.0293454974173556,0,0,0,0.00955697066447352,0,0.000693495820630418,0,0.00761779543970626,0,0.000182915109853933,0,0,0.348374892081804,0.0103422678654254,9.14575549269663e-05,0,0.000268183807680578,0.000433219997022472,0.00283518420273596,0,0.00699890972967416,0.009064956524998,0.0238401652012255,0.00144612960910835,0.0194123817713403,0.00313431229591814
0.000496678643284682,2.37548357070074e-05,0.000109971998088411,2.53023989870018e-05,0.00358938327847627,9.78964967603781e-06,1.54295167450212e-05,0.000702455774475259,0.000229861302158044,8.36942983960276e-05,0.000991061214592007,8.96597556683234e-05,0.0099472464190715,0.00236283705347308,0.00063590055255282,5.2266295922683e-05,0.000148075153989061,0.000693109700270539,2.93071248119922e-05,0.00394441963621881,8.58030424740032e-05,0.000275574508727,0.000277848362640284,0.000249342845182624,0.000198627046373389,5.89816080077779e-05,0.000155539890553706,0.0034378954588907,0.00036710542274708,0.0167666554962741,0.00011702151070742,0.000920944811165883,7.77934918261298e-05,0.000406297818336021,0.000320246158154247,0.00202680862795471,0.00137715444856287,0.000458510387293225,0.000370751667633201,2.67467818507518e-05,0.730314554265154,0.000301544663811642,0.000516932724861545,0.000421682179461866,0.00289257348356925,0.0223219590737684,4.71629998465984e-06,4.61301209438736e-05,3.14212998248644e-05,0.000969757986739651,4.58275564548737e-05,0.0278964805469848,9.01434583445109e-05,0.00253761566337277,2.961358152818e-05,0.000203651735642697,0.00109079760082719,5.68168686951725e-05,0.000551099193465988,0.0044676261896831,4.49084170365386e-05,0.000101691433409545,7.23384441241361e-05,0.000270880512459724,0.00514832184145088,7.9191152793547e-05,0.0168902644539591,0.124930993768874,0.000766073691157476,0.00028272052549426,0.00398217171721192,0.00048364556098958
0.0113087914800533,0.000201203071251176,0.00238449060442087,0.000219408208945378,0.00566777234077078,0.000880970164520912,0.000238782044273284,0.000805383876416346,0.00794884604801502,0.00412036145910343,0.00901998000846066,0.00460574019709592,0.0341212460878204,0.00159551732858217,0.000557797585849321,0.0016570938772846,0.00394824122664186,0.020964998606627,6.88816004371002e-05,0.00194209688382008,0.000318086336057267,0.00796586059001377,0.00158305934075609,0.000586250025436364,0.00143045606298889,0.000235427039207456,0.0270471079355805,0.00241965674169152,0.0482167662162933,0.00228367443417642,8.60689460203812e-05,0.268401987730842,0.000618680284102384,0.00177743751525983,0.0016245993286985,0.000375378641634202,0.0089698025938586,0.000576508840570008,0.00186615533397009,5.15304742183455e-06,0.00911411366104838,0.332421546686295,0.000634729145506706,0.00180179955204688,0.00510130648109381,0.000838238663420264,0.000179077465676054,0.000734031627914387,0.00133110604457807,0.00771880155274407,0.00107366080778439,0.00345851973822973,0.0053941003666003,0.0107952440904475,0.0013497910898652,0.00599283690816352,0.0281900717323003,0.00137736839845319,0.000937449700463724,0.00129638222425575,0.00234067534012836,0.00731222390936984,0.0359060359184518,0.00102115772414298,0.00275032831993938,0.000938385134108919,0.00152255209754826,0.00841575861990088,0.00326889705820631,0.00475862169089242,0.00456954223650558,0.0188099263289497
0.000390036550136962,0.000113338125771333,0.000581090734528933,0.000155147438974231,0.365826629389651,7.34828373557601e-05,4.33367836351439e-05,0.0109876189155041,0.00194274313821211,0.0025838920743516,0.000826744633497112,0.000155096800207513,0.0105720152611544,0.0046802535447217,0.00655468888213654,0.000565084822291532,0.00101467557265737,0.00181173570541525,0.00180889937765992,0.0112684324773826,0.00843424763273802,0.000378617057884206,0.000365623686741017,0.000782000868085358,0.00028819293717593,0.00026166992801088,0.000232065363091376,0.00128022439559354,0.000331339382266521,0.00239588943020914,0.00375408852442377,0.000833463325514517,0.000296490323462115,0.0117050478483827,0.00190476877726632,0.0137582420765473,0.0142449495753907,0.0686864109274383,0.000748087814095903,0.00233715919219999,0.015030562023136,0.00059312277870625,0.184085852756586,0.00378642162256743,0.0842328195094928,0.00843697458899091,7.47247771118319e-05,0.000674545289375213,0.000164808466906654,0.00548222540487283,0.000295256901112043,0.0021916111702657,6.68115142484191e-05,0.000652345570992977,0.000276663323231698,0.000892283999114595,0.00111649933263745,0.000130626885890995,0.0658188076532902,0.00895019781845481,0.000802238228622658,0.000241483896441532,0.000108382230890418,0.00235695742685715,0.00104875820301236,0.000195960628113791,0.00485363514698391,0.00691759514087374,0.00747799249280293,0.00165685704100229,0.0334464720933608,0.00296698395229139
0.00136722188290305,0.00292399755901242,0.00189579717494497,0.00223524897997327,0.0228369448819778,0.000199149242744791,0.000125851661094063,0.00301577636850541,0.00258543070989218,0.00229475985472219,0.00721635243764625,6.32041410800261e-05,0.0279834065142214,0.00324641824904012,0.00131054189238761,0.00178002300705243,0.00188886940358517,0.00799537512835949,0.00136567509786785,0.0083128521073288,0.0144140570649708,0.0007294182624875,0.0002224765248,0.000703963520216266,0.000363723431473427,0.00490508365278466,0.000381434485212713,0.00399940031296042,0.000618903785775119,0.00229339613177991,0.000189540197691546,0.0034354195693593,0.000451093169285338,0.0399271982329016,0.0878334627246678,0.00566727975334072,0.155365185111197,0.00293499183965636,0.0117262809398517,0.000240564400835095,0.0163088969952552,0.00101547409405302,0.00293152080194398,0.288629596455509,0.0210332521701873,0.00354338746011932,4.66998647515332e-05,0.00121881942427798,0.00109699452380007,0.042757456789949,0.00966600725963577,0.00294017151456237,0.000181329148785566,0.00619257083871796,0.00183795277366327,0.00486985300355249,0.00309877919836264,0.00317941615250602,0.0123420416568386,0.00518710398494829,0.00588746528254374,0.000477522507380644,0.000166906968827974,0.0487525578594558,0.00301661722464851,0.000615351467708422,0.00757329996035852,0.0255966940589433,0.00929538993747737,0.00494614807852836,0.0163843536158402,0.0121645995212809
0.000711658764388097,0.000201294455177921,0.000269973633956488,0.000156971685845873,0.0802786852169843,6.15465915727314e-05,2.52792872806982e-05,0.0647509346684066,0.0013423534014189,0.000870324986038054,0.00143852886158043,8.42818676582947e-05,0.00974009774563745,0.00760986369572233,0.00300648592495544,0.000356948550080958,0.000576913829039691,0.00163973333708588,0.000424029460036605,0.0207098612300127,0.00195028321937328,0.000873464510408134,0.000176111169571088,0.00129900677424653,0.000271779795060121,0.000254739706165302,0.000116137750121023,0.00136484070207625,0.000384033603681915,0.00265839016265044,0.00136730754167265,0.00229634041718501,9.17145809112728e-05,0.00385405129678366,0.00130037701805781,0.00758806601714617,0.00769041530712062,0.00513148897037293,0.000849013002299826,0.000539713217038124,0.0190276735110023,0.000812166746100623,0.00839292128682182,0.00212553337663933,0.515774164810522,0.00210740674279639,3.09082876614179e-05,0.000129826726974923,9.35121385164319e-05,0.00541839317661108,0.000380440881127722,0.00279686831528153,8.07060138674011e-05,0.00127489227779808,0.000105591956818302,0.000903398782894768,0.00145312138337844,0.000111761239798079,0.0142788159129321,0.00562144875035345,0.000413132897186271,0.00011334064254437,0.000195940598290201,0.00116671149616628,0.0011371646833852,0.000185970475016497,0.0069121581397135,0.00947838344401286,0.0235531869395634,0.00402216187097031,0.135154063420098,0.00243519112033477
0.000351525226242018,0.000124585644490625,0.000209726749841548,0.000157144317494468,0.00686537898884822,3.24797438495189e-05,9.87659785389769e-06,0.00237848707547713,0.000397552405258348,0.00012083846540604,0.00145447664805713,0.00029120900712755,0.011372203668749,0.0054277184085531,0.00200021017395051,9.22150513017914e-05,0.000211026156341835,0.00130533211736018,0.000134469578884246,0.0108879580160148,0.000480186974304483,0.000279653546296644,0.000222984794037724,0.000471441925268156,0.000155299738765328,0.00019916084744097,0.000261533889147324,0.00290971016798591,0.000552062851953945,0.0102505235966412,0.000335998984106782,0.00173690018814583,0.00010903828005517,0.00208883602297526,0.000924479511534765,0.00711169903098594,0.00337833631824672,0.00149537338693939,0.000212991818682334,9.0804370900791e-05,0.267715337175679,0.000494356867840223,0.0016864041628761,0.00170813489746493,0.00483865740733096,0.379148701045826,5.98608229826179e-06,7.18605363605787e-05,4.99903191536498e-05,0.00207530437797161,0.00025229492831454,0.0111605480717667,6.15824690512522e-05,0.0017690199421938,3.66618189194267e-05,0.000270499372986624,0.00135144412150603,9.3044026914041e-05,0.00165013852321912,0.0488010399940554,0.000148218576967362,0.00014102146871658,0.000179475683664584,0.00126723785628673,0.00367020815829738,8.72238233556051e-05,0.0993911185302136,0.0834708317780629,0.00146913408789374,0.000705631551522602,0.00865602295747905,0.00048143910029572
0.00332242110268824,0.00112435729729739,0.0155234440136306,0.00236853287618094,0.00188623832744799,0.052966001318683,0.000134579188879017,6.97654822299239e-05,0.0506010039263384,0.00625506822623538,0.00369845180638255,0.000227215160020405,0.0122340382451646,0.00138327641029506,0.000951538231316405,0.00327723615051316,0.168226928838285,0.28897244613853,0,0.000147504162428982,7.7738680199058e-05,0.00398330479487983,0.0005631071065701,0.000106106479289241,0.000344683446415661,0.000233216040597174,0.00562590946912098,0.00159702106216761,0.00354945791485934,0.00185866260262975,0,0.0255024835252748,0.000525732741089783,0.000149067328872931,0.00121760174933642,0.000209999347037051,0.00643684664888168,7.7738680199058e-05,0.000302981522827098,0,0.00235920633276704,0.00459261448547107,0,0.000613642494224467,0.00285987070997887,0.00017441370557481,0.102022297803476,0.0828486817953762,0.00715388893150587,0.00160647349818102,0.000962469905374087,0.00346409224133981,7.7738680199058e-05,0.00331664053416062,0.00435472992764197,0.0610272401790764,0.00638005334992654,0.00557211661045422,0.000723336912599818,0.000421152709569634,0.0027816704235816,0.0232803270236522,0.00139112371566468,0.000698651472045381,0.000291021725873397,0.00405298634871008,0.000244179187804734,0.0010896109398319,0.00045133546030279,7.7738680199058e-05,0.000719644063014114,0.00865934410962795
0.000389781824292361,0.000818516033804868,0.0189594738147376,0.00174621776840004,0.00729797535934127,0.00452876027279029,0.00512219916568025,0.00100753669433309,0.0116435614212073,0.00416751536606001,0.00212751189953797,0.0005046379906329,0.0169348428558181,0.000800598254851032,0.000167165547918225,0.00600148839952506,0.0500444950036884,0.0561990553036607,3.49303245274075e-05,0.00129140856160628,2.85100333861906e-05,0.00241277321347608,0.000374545794112452,0.000162305917929303,0.000299417784077679,0.000166635603436012,0.00280850604808498,0.000886996911730229,0.00195103648256892,0.000489253357218475,0.000374115384993601,0.010329078748128,0.000228135700130383,0.000367911389910633,0.0014338011687007,0.00140148944054635,0.00774565799517092,0.000268973384085432,7.44852290360849e-05,0,0.00281494571417315,0.0036131806764864,0.000346366992732567,0.000887709253298422,0.00338697997114454,0.000432006917602617,0.00886869808408332,0.352282014376828,0.0350364987406636,0.00244101034021119,0.00102586002128032,0.00032182636954926,0.000350387782801074,0.00350942046743683,0.00247659767838674,0.325098132641033,0.0032951236313509,0.00264879916521619,0.00143017062629805,0.00253516454396133,0.00166630359168006,0.00339779017913931,0.00131105028184508,0.000473316101194024,0.00130679781900964,0.0064023312955923,0.00037221307349006,0.00250014656404788,0.000831870223735386,0.00034428576407276,0.0026634432546208,0.00433825640789867
0.000602747843481277,0.00220190593777841,0.0827344507008016,0.00422373982315093,0.00456417785536151,0.00070743687597296,0.0411391029807066,0.000141086951226446,0.0194256874601897,0.00163462046649103,0.00124727814906779,0.00047111176929553,0.00934039080124506,0.000820710801323684,0.000374125026395977,0.0149383583688187,0.0201951454897419,0.0246693395453718,2.33749900873236e-05,0.000759516333187456,6.23078013204187e-05,0.00122177524829054,0.000121531863355369,3.1141147870654e-05,0.000433441428494309,0.000315485262169178,0.00237263432182843,0.000828299502739889,0.00197667772831809,0.000147609679000507,7.55052871292657e-06,0.00812691151710238,2.31338554378089e-05,6.2282295741308e-05,0.000448279827583906,0.000197240020572804,0.00666428518308446,0.000198876951961185,5.47317670283814e-05,0,0.00117821839384483,0.00298881581304712,0.000173205225346617,0.000898752791277672,0.00268484216765541,8.35253323516661e-05,0.000681419759931782,0.0192679864635158,0.438479978532277,0.00130623591353566,0.000942127442668079,7.71677240967572e-05,0.000149154698652446,0.00201690633278684,0.00312415410894471,0.23563749591707,0.00390149555568246,0.00702887154296305,0.000998312177244573,0.000133790309952589,0.000485042420778691,0.00196184862031068,0.00020400388299638,0.00072441310023099,0.00059624424179521,0.0162712052731812,0.000400082874374073,0.00200302840473755,0.000983388668043912,6.96171953838307e-05,0.000611954766139452,0.000428210248874698
0.0104370666757296,0.000363639532544922,0.00119785177119441,0.000352136232577048,0.0131777601397336,0.000101588230116252,0.000136132218728328,0.00373244976088216,0.00350486830385858,0.00451088450363719,0.00895654765134519,0.000202182671957455,0.0256232656607044,0.00372439092608458,0.000885345952141418,0.000888145054548393,0.00134657038601296,0.00358721438405731,0.000110745697262309,0.00886753644978557,0.000753569240353145,0.000879614219748892,0.00139228386810561,0.001660617343694,0.000449891152343022,0.000464673553215071,0.000931211689394399,0.00179177256550337,0.00231020756638793,0.0016244646367276,0.000475671274426966,0.00574311495911075,0.000210405665319444,0.00440781761935255,0.00796576105529228,0.00214077340929475,0.0935152942592116,0.00086317297990808,0.0129843392944866,0.000198215222436452,0.0157305967640802,0.00314654199291245,0.0013295342934647,0.00651839809500819,0.0313347737642108,0.00213657394651154,6.62631119735359e-05,0.000195706853996392,0.000266043390038723,0.501813222106851,0.00177915319941622,0.00209144822267731,0.000203466982369145,0.00674434567275209,0.000467737754047405,0.00141007777942924,0.00434689304747027,0.000685147916451276,0.00540174832944478,0.00205591477863694,0.0018737950497921,0.000671635771134324,0.000536278723631995,0.00273050801721699,0.00184734676981398,0.000525226970804055,0.00468057491975545,0.00911042739166142,0.0291618266394602,0.0116106716757338,0.0262184510536457,0.0908404752383939
0.00231739866989207,0.0257753453471518,0.0133707504388361,0.00520997830178249,0.00464041901269988,0.000221085319266618,0.00156068293720935,0.00122308511023571,0.021100091767862,0.0220312926618855,0.00388099811334897,0.000812661836138401,0.0194072099644457,0.000844237840432685,4.64257147304124e-05,0.00561396929793214,0.00300207575454515,0.0180304690300488,0.00013418996126606,0.00213080419431299,0.00148835493329948,0.00199544774835566,0.00152076010987866,0.0010921254812705,0.00234338448351123,0.00497671230686112,0.0012222238792042,0.000703048225321023,0.00204370299860553,2.40817459002959e-05,0,0.00533810228573279,0.000402774969540732,0.000764058695850355,0.0532913339204513,0.0045717100439939,0.10917812462177,0.000271357958262254,0.00565798843850331,0,0.00546522647042179,0.00192660553783398,0.000389701505417435,0.0532220118438824,0.00454950886692666,0.00119089800958315,0.000108575524038136,0.00203572171170394,0.00343601730259304,0.018095758666482,0.27702711401046,0.000739845638176191,0.000708550160447441,0.00511224020068927,0.031800911227949,0.00477439747772734,0.00592413223212787,0.0192801011574276,0.0017294382618296,0.000854783576407903,0.147174816968848,0.00227640419937322,0.000645370341710822,0.0117651218532525,0.00139804222319892,0.00291200118528651,0.00687210423081813,0.00877386919673146,0.00180002599465421,0.00338967602092591,0.00373880047123279,0.0226437638115075
0.000757996887720503,6.48367467237073e-05,0.000156471516097303,4.44378056491636e-05,0.00261562941258975,1.65906643833768e-05,2.82546007303356e-05,0.000326966508982065,0.00027405151827193,0.000145475084565698,0.0012557624783835,0.000108828004898895,0.00747127528289435,0.00203879705960346,0.000654761371041418,3.76173103086679e-05,0.000155199590889535,0.00038528839715472,5.92740864547865e-05,0.00239776826821098,0.00024135382900921,0.000622218935812812,0.000767502992384733,0.000117516084153273,0.000185979116532622,0.00014653410733466,0.000272437708243121,0.00314854330213348,0.000853004392475102,0.135200785982822,6.26673573330703e-05,0.00161099507562736,0.000261941165138445,0.000792766077294061,0.000593330961659395,0.0011961963184984,0.00109615980203183,0.000546886378541773,0.000670237268861289,2.84287559331015e-05,0.223334936718569,0.000600428470974295,0.000689433149557129,0.000975320264577367,0.00199048248449857,0.00460706219609587,1.61085890114074e-05,4.92390180387824e-05,2.13885767779965e-05,0.00125264832705104,0.000237548104737773,0.463272184924125,0.000103498915179835,0.00456851082043595,3.54198041403e-05,0.000183040554203182,0.00165278686169067,8.33713320686974e-05,0.000804503213813302,0.00230438887437517,7.52227329086474e-05,0.000118539644445219,0.000127539933037371,0.000775446262523421,0.0261601560644465,7.92926853292313e-05,0.0050451575717353,0.0880191333489082,0.000783913027661832,0.000508813032472281,0.00312692418718002,0.000986792102056407
0.00318974831092984,7.80241315191068e-05,0.000205882700726799,0.000140573630004888,0.00349176631179056,0.000390042491867672,0,0.000636725838889815,0.00106961987638518,0.00166744351775112,0.00931674819471451,0.0308655380795201,0.150737295049617,0.00519033202582543,0.000273334332602365,0.000848801387979665,0.000255391655239144,0.00111786566106187,0,0.00315556825109727,0,0.0905191558794096,0.00262781322935653,0.000639587916925219,0.0428603264646106,0.000253866105167962,0.00129719794156029,0.00579315826353472,0.0251078538470566,0.00258596923673543,4.79834044411637e-05,0.0348292372102771,0.0032406993660342,0.000107447847514576,0.000300079847155765,0.000283289821163432,0.0021993832705244,7.91767828899944e-05,0.00226243422875238,0,0.0082102620085498,0.0208157915116055,0.000171149997371245,0.000482920902033753,0.00372158470799811,0.000465303846084452,0,0.00041028726690647,0,0.0026684561055003,0.000563738699296674,0.00092982793949831,0.307982201717784,0.0104559898195063,0.000454358447740617,0.000359677884146588,0.115622597942605,0.000154441342172972,0.00042230715089333,0.000747359645082936,0.00047139258611513,0.000723166750719689,0.0669438438940061,0.000780652976760665,0.00233204638756001,0.000423918879357868,0.00627115886160371,0.0102207343203293,0.00141855133740781,0.00242161496272701,0.00253721117393816,0.00315208882406506
0.00142042569796363,9.11973406689334e-05,0.000341057512839239,6.64099889969187e-05,0.00209606595824564,2.80818708367119e-05,5.72016095159238e-05,0.000949104580640669,0.000647154354765921,0.000263801091421303,0.00554092020467274,0.000616771091774965,0.121044986337739,0.0046014801736937,0.000306726803992052,0.000243766266123056,0.000291002953284597,0.000994846551590955,2.05194495969227e-05,0.00242940120241992,7.97261112514581e-05,0.00257859841852354,0.0181465492474579,0.000330623368189228,0.00136323206292113,0.00013148243516294,0.000551630185688135,0.0242086623357619,0.0016905409812378,0.00254644013667894,8.85013940487246e-05,0.00250252835280547,0.00134350683634213,0.000193512558479051,0.00104886986599185,0.000412136495089603,0.00212436615899393,0.000194935838737985,0.0025157741616098,8.97904190847217e-06,0.0156298081606725,0.00122021987350199,0.000280145809543517,0.00138777596892399,0.00232967568952875,0.00134970238262751,9.07556766285515e-06,5.68958203547724e-05,4.45145360711987e-05,0.00270800406108966,0.000296966253347732,0.00303295742754483,0.000877498701778549,0.703605415339909,0.000241073286239788,0.000383233430883167,0.00551009027302435,0.000219198196851066,0.000420137832968462,0.000623556411300184,0.000313301343881619,0.000243831483080464,0.000566537334688072,0.000738802947099889,0.0320977439747485,0.000200551143047715,0.0014320572491254,0.0149728157409854,0.000361923955646312,0.000953285000429668,0.00261913228215081,0.00116255549363034
0.000447726028697545,0.00227368838212648,0.156596514059389,0.00136212180990742,0.00821309195493256,0.00134535849130338,0.00605639819153706,0.000728934521720707,0.192109495941125,0.0185836895595281,0.00232181672755373,6.48670150793039e-05,0.0116394312790988,0.000763907025370462,0.000210654348497795,0.00388924932410423,0.0176838340239191,0.142111756136477,2.41235413120907e-05,0.000831946588800896,0.000721462945089764,0.000645554523262506,2.41235413120907e-05,0.000144286086715712,0.000149269636932862,0.000589863377258876,0.00462154289316785,0.000346560088239951,0.00213590613821072,0.000165889569387984,0.000165353545974789,0.00838777759412776,0.000293018034148809,0.000289056274283732,0.00459759167770015,0.000664187430639727,0.0178057835498721,0.000773674172593358,0.0010284714162717,6.28280788767611e-05,0.00150779434311436,0.00372645477298416,0.000845139118717567,0.00549205218535555,0.00219310378023098,0.000192052046902618,0.000468054532916992,0.00208905145890784,0.0113100256175792,0.00504957623508002,0.0244399284584477,4.02623513299373e-05,0.000247802738383767,0.00484827138241919,0.196528722153565,0.0157288358903658,0.00142811779263371,0.0346711876942718,0.00122120358025264,0.000531082565005156,0.0360518662965057,0.0064374261988389,0.000508857552161725,0.00173875421296619,0.000477087015843752,0.0161531499336549,0.000913569892968301,0.00209155364705747,0.00144556516530146,0.00136469569683728,0.00274640718145159,0.00664154298340104
0.000976424871202062,0.000712909798849342,0.0217526715336399,0.00225945756339583,0.00535941778657846,0.0017284134309979,0.0101478016829971,0.000238324455281677,0.0120842943130602,0.00247590291609706,0.00206637847869111,0.000158819501428404,0.01278311271368,0.000524528807010783,0.000561147321242772,0.00558011298530714,0.0395235942090665,0.0354446728718218,1.16358862846134e-05,0.00116859283288832,6.88088902867138e-05,0.00146121416944208,0.0017276083623218,0.000277287894769226,0.000188134242402781,0.000360008355155415,0.00329007381748578,0.000671887799788644,0.00249997644852944,0.000525587931852414,4.01932275744803e-05,0.0089163432719701,0.00020804610311416,0.000255473330056837,0.000838327837155212,0.000341960737543155,0.00777150152506011,0.000237376817579912,0.000180182817408085,2.79828516628421e-05,0.00404627643272563,0.00388809934354166,0.000362913639565,0.00074315275228731,0.00206828103537818,0.00157671564398139,0.00166176207296487,0.0738073799629654,0.0862527440578626,0.0026314479091818,0.000461453998053375,0.000498359988856125,0.000459864830113643,0.00327384080675593,0.00164021447220616,0.597256533935099,0.00436818923515764,0.00397044192717691,0.000963912760285556,0.000282435370465997,0.00167201864411567,0.00324447406685065,0.00107983980663934,0.000501299096624026,0.00038424041513209,0.00717656077701846,0.000692841065029934,0.00274143667113134,0.00102825075809922,0.000180396319422272,0.00324688956637456,0.00239154224825804
0.0152146636652314,0.000418157312008796,0.00184215764831486,0.000517442500890184,0.0131981180318877,0.000284030691213523,0.00055711671492305,0.00234500454788783,0.00397013450551765,0.00211165063590365,0.0451368301099143,0.00311488419339623,0.218697781657434,0.00959467806515085,0.00088359032110572,0.00111456105865214,0.00229247694708339,0.0104464623335224,0.000106935075902217,0.0120222626896788,0.000344453146346368,0.0106413678070005,0.00584363281245,0.00313657123229488,0.01550304988061,0.000520043866887829,0.00245596012467162,0.0100375639815222,0.0260413181898121,0.00653980459379762,0.000362783733893619,0.01331314774984,0.00183292145507847,0.00107872830639804,0.00322073686375233,0.00258530075298409,0.0106159192938599,0.00127719541873957,0.0119853529152081,4.14664778279995e-05,0.0375758431915195,0.00997677439330731,0.00159827934343756,0.00376560353302078,0.0174482151718295,0.00398737481022631,8.75563465878759e-05,0.001415802909096,0.00104104473860791,0.0122122060932687,0.000867861679065168,0.00903762947810302,0.0185788235414896,0.0243910131258086,0.000496819733076429,0.00575339872427755,0.28975427828761,0.000853349004309792,0.00203314783819423,0.00526238027529724,0.00086150070576057,0.00115288432192592,0.00658910721067514,0.00236742546783047,0.00832927444268537,0.00101054917200687,0.00776465446809242,0.0266980069161923,0.00180976575575445,0.00364004494132427,0.0146788225723918,0.00771430449863334
0.000420829068147899,0.0149191402636144,0.126819648717925,0.0267817142576212,0.00732060011520001,0.00161272685980336,0.00943796659222253,0.00100162976439057,0.0536092447495017,0.00439883458079396,0.00227861408970598,0.00180455600052764,0.0190388240472501,0.000615694868936407,0.000204941497617773,0.0367163830957972,0.00713576020296738,0.0562826927345266,4.11032438616451e-05,0.00107863387193575,0.000460041571155939,0.000187550844984441,0.000255749977528081,0.000153279228719195,0.000466317225647813,0.00116608803717258,0.00244056785213715,0.00185850757044485,0.00263772647811457,0.00591204056328572,0,0.0139165004250306,4.27360154502197e-05,0.00182122800435599,0.00506345273348166,2.18970326741707e-05,0.00921626963842401,0.000427756976076547,0.000359093451866914,6.46330481243903e-05,0.00542542580838479,0.00954653330982757,0.000420369563331372,0.00656786107124607,0.00235971972060939,0.00113174659534671,0.000315782714726242,0.00454381128721671,0.0215455899140639,0.00234355881545058,0.0158843901121071,0.00204038083612964,0.00075469472351871,0.00442022836195111,0.0331172973592093,0.0198267527773236,0.00423392761065098,0.3259974661522,0.00226835029616125,0.000881678802034121,0.0052353866172439,0.00498438661040691,0.00310284233760591,0.00403429821237959,0.00397719913549539,0.0801693626096499,0.00345727063381331,0.00526485723283229,0.000646536903644865,0.000473774933842986,0.00121468883584811,0.00582285480872546
0.000911808459842851,0.000254757441366817,0.000842534016185472,0.000280919846813215,0.190251102632203,0.000123186488909993,0.000174860301930691,0.00966703769860038,0.001887676760799,0.00222617375759548,0.00187344261053235,0.000151528086796391,0.0077908708526059,0.00430492445083195,0.00477140952034134,0.00142044361792932,0.00106243905976498,0.00206656381596606,0.000801198235989316,0.00947679489997361,0.00442818431878545,0.000303005051301399,0.000128973227754461,0.000883512140583731,0.000381239988605702,0.000443297496852499,0.000158579959649981,0.000979170019416646,0.000541177482121005,0.00203283032098197,0.00133232419919627,0.000988224518357537,0.000149115215437806,0.0363796540378792,0.00504677961108322,0.00609247549382282,0.0896002520929108,0.00793145060225442,0.002839410033681,0.00727033303444293,0.0113345149534158,0.00110148980235947,0.0306369884382321,0.006358654211611,0.13916214866176,0.00646095191234668,1.18605982538492e-05,0.000156412324637065,0.000243015721238363,0.0223130727957634,0.000593066743434528,0.00291729585605163,0.000196085197138856,0.00303587797532221,0.000117828626446121,0.000739169172585389,0.00119051771237082,0.000494090157391674,0.241463774269655,0.00574840689061553,0.00120862654100383,0.000353419229550446,0.000528779673721173,0.00322751072380465,0.00140060112348881,0.000539710477451195,0.00411061744728858,0.00680989887523397,0.060339948516794,0.00275921596830104,0.0310269406651507,0.00516984733748521
0.000401906885090762,9.21425234209323e-05,0.000100619895469023,6.96913418800574e-05,0.0272931833120215,4.02747830748167e-05,2.04743758355314e-05,0.0239091014339793,0.000420116353208977,0.000357852037029666,0.00208888552099269,0.00010103932352053,0.00932639833570356,0.00717500207923018,0.00244681471250967,0.000102393517503945,0.000390280572882319,0.000481429533578367,0.000455834458636892,0.034417068169939,0.00106136820757463,0.000843519796359658,0.000296940112729741,0.000884272553441066,0.000313344717661507,0.000197280436793461,0.00016917268443788,0.00163637481741998,0.000477912226331645,0.00613015067657962,0.00118778390826692,0.00244642190365512,0.000252311749712783,0.00197077978166386,0.000895929714813147,0.0665931712911178,0.00410158484874684,0.00361200662109909,0.000649408101477287,0.000204658462929812,0.0753030953945041,0.000632650198294943,0.00444202190348734,0.00171059471119566,0.0160556230634456,0.0848834896650102,1.98481637007192e-06,0.000119000378861679,4.62769886464664e-05,0.00311413601666072,0.000306917317073227,0.00642056738446771,8.57204565337737e-05,0.00132745680655215,2.99479870631208e-05,0.000368598297578091,0.00190766078194643,0.000183588811870241,0.00310758269079061,0.518714426363877,0.000444581892668975,0.000216770905114223,0.000194874787046633,0.00109779948013943,0.00175279416582534,5.19094382151437e-05,0.0331170806209748,0.0176670799677265,0.00156793499946853,0.000663783572149888,0.0196917907430642,0.0011573576150573
0.00110889827993952,0.00209619785784,0.00428150088511225,0.000738427039146843,0.00624328434752494,0.00110174609104243,0.000814904268809562,0.000492303008397803,0.0397470031164109,0.0843028230751968,0.00442520194115566,0.000427084548286838,0.0100686495281992,0.00223259349366619,0.000259437217237224,0.00117642528171693,0.00455554748432965,0.038388460946024,9.85376255403724e-05,0.00274437733761009,0.000311008186515388,0.00175355620853721,0.00180349119993306,0.000104007259643212,0.000495685792121586,0.000435239155050711,0.00295958121453133,0.00137688595255788,0.00264893514493745,0.000692422918997513,0.000154194320201611,0.00371916778462817,0.000464908161106046,0.00478876526645335,0.0225824677140414,0.00091332769384536,0.178430792608719,0.000260450809651473,0.00708612604397582,2.73353585865775e-05,0.00229272947165998,0.00263116053233899,0.000218198301949717,0.0106647251785959,0.00620826667584804,0.000385523899240406,0.000118638686960363,0.00125352226081129,0.00117338665158514,0.022624432617062,0.0291873341735122,0.000616409097048155,0.0013409281229905,0.00252277613525452,0.0111543118232375,0.00469333309363186,0.00185894763072532,0.00243251887434829,0.00359890403842729,0.00192592259196563,0.377461096533237,0.00253168691413696,0.0011029474953304,0.00335480923975208,0.00204751070616775,0.00146668490721982,0.00147064999076543,0.00360399305966245,0.00293218513348299,0.00323503420679812,0.00778302209000613,0.0497966576990265
0.00150438409714133,0.000241978359547131,0.00501686439913645,0.00105891353779189,0.00228944095207829,0.0261537514936867,0.000217387064426713,0.000369831628332174,0.0404605665613928,0.010568587824482,0.00465244396053939,0.00327900133743158,0.0149332746335737,0.00172933480381249,2.54697358184291e-05,0.00178886934450977,0.0101902853817455,0.197001251868133,4.60978810365825e-05,0.00180050476737395,0.000174322357567708,0.00368717440588316,0.000704744502662318,0.000171351297931508,0.000869105136573104,0.000204677964030836,0.0393880608433351,0.00104581112969259,0.00578852035478863,0.00326335253115029,4.30514840852707e-05,0.302377199826439,0.000471418849679952,0.000122324675317537,0.000476177166709444,0.000230092840290139,0.00431823141601889,4.10527182325688e-05,0.000230092840290139,0,0.00569643367062518,0.0223533696602323,3.22135959268891e-05,0.000507248600418107,0.00275164501870837,0.000761698644928494,0.0027706388253081,0.00344926541931232,0.0011665306898844,0.00322840249551426,0.000711600050353218,0.00407721455268533,0.000969383549166093,0.00330796788962149,0.00267922697281333,0.00677002378979235,0.00807001317647743,0.00161150187394223,0.00068055994158273,0.000845847637052399,0.00204476783291157,0.211763732896311,0.00813127632555335,0.000139992340414194,0.0012749368938398,0.0017891620827197,0.00150541137869157,0.00278599364454868,0.00111480839706992,0.000768978119948637,0.00281562258306266,0.00648952947791596
0.00371240383429088,0.000168042552424453,0.00120259219107039,0.000330337117184943,0.00319299009176944,0.00136311833513476,5.50917646564392e-05,0.000396281542393467,0.00422969104191517,0.00274560761098937,0.00423967820939342,0.0301322179051313,0.0334754414070796,0.00224760743422452,0.000271481825609902,0.000659430151650968,0.00128664615126498,0.00747992681859656,1.05016404128184e-05,0.00109976484428735,7.85913835596773e-05,0.0238001301250566,0.00150418917263466,0.000325378543386013,0.00441702571556106,9.2534713740177e-06,0.0102948049832605,0.00155464136389528,0.0274259086735978,0.000996826412739783,8.06802997609209e-05,0.371474971803397,0.000884460924527992,0.000532910094196852,0.000600509036127003,0.000263972809455097,0.00380073662738669,0.000223127192327879,0.000618272711487218,9.2534713740177e-06,0.00400011924961048,0.089225424928237,9.91656007976471e-05,0.000764725192812258,0.00166196111079141,0.000161404540613969,0.000360396704450265,0.00183720798985608,0.000149225667574683,0.00400249578222586,0.000305488004293885,0.000923705953833322,0.0452166417499872,0.0046287391324807,0.000768338950845809,0.00176560867667929,0.0311629438795587,0.00129772072266279,0.00048539948765589,0.000690453720191328,0.000215611617015838,0.00608371714060268,0.238580567443172,0.000686786598853817,0.00214287127622751,0.000920461253621437,0.000861281893203608,0.00369589432153093,0.0012952291022678,0.00173189320545613,0.00146064714998074,0.00562337466832303
0.00232017709996362,0.00329173153105477,0.00225389077155902,0.00131041642862414,0.0291921525569326,9.78281938119127e-05,0.000569373459978378,0.00322212414210451,0.00340290559363715,0.00155711040806321,0.00979837921930668,0.000163236541305178,0.053240793509234,0.00587543517698564,0.00145807863332021,0.00240104749974832,0.00200649112419047,0.00453502070798731,0.00205717807119634,0.0134030871024564,0.010211008927782,0.000868751790954819,0.00296021745392742,0.000750610039219832,0.000732977967585024,0.00772727343983852,0.000280309129444428,0.00399988830824922,0.00165752524251888,0.0106274882153685,0.000736880168096582,0.00263956248580617,0.000568934510358536,0.028088121692442,0.0483843727746031,0.00369634289428829,0.109620952050572,0.00436683452723426,0.0146176563364509,0.000391142294551549,0.0419444149082259,0.00157664209840553,0.00602188863768184,0.164047046070626,0.0245275941852924,0.00586927187903501,5.00472058542316e-05,0.000238616052951677,0.00196891978871161,0.0508313834430875,0.00838563946371682,0.0157806430760212,0.000567884315891702,0.0155257294981861,0.00190033576686599,0.00323329215460395,0.00549640082201741,0.00335011089659611,0.0155332596777604,0.00361507130914542,0.00302946029968371,0.000591661025280134,0.000662386389066471,0.10398035996609,0.0080009040013292,0.00104671448745791,0.0188307494153721,0.0356364445816376,0.0131486041934459,0.00691614454317711,0.0173202750190722,0.0252887968069596
0.00121014350541562,0.000255042692173122,0.000236386272258392,0.000150564271639378,0.00301667669038399,3.4025310024298e-05,5.04822369384513e-05,0.000886334085103969,0.000993202734203899,0.000248657448966402,0.00324006949662796,0.000358387514749548,0.0350319862864612,0.00429245908006435,0.000686935396107135,0.00015293005760727,0.000318585671497079,0.000934750877115607,0.000101855032944771,0.00325125102609195,0.000179192880222666,0.00163885235800289,0.00271654237846125,0.000400400198286905,0.00077918892472213,0.000256920374123343,0.000351092534334051,0.0385841918416626,0.00102917094520525,0.0511527932706764,0.00013680925220064,0.00267609132785377,0.000755814685417989,0.000442094733558394,0.000920884220068292,0.00118544229397343,0.00222942024693825,0.000578378236173297,0.00231761913714512,2.8639912764872e-05,0.100900279064892,0.000962311011952842,0.000638909897075575,0.00110076019074947,0.00264224930807531,0.00551819568145103,1.34663449645641e-05,7.69773145013439e-05,6.41855573866425e-05,0.00341627078025213,0.000341808611644945,0.0627763306588759,0.000628390702504975,0.118167666439777,0.000156457044119644,0.000221541091454107,0.00305845039123984,0.000244367450789227,0.000701819149102287,0.00219301061826408,0.000108442733212335,0.000227934360132569,0.000526725568491007,0.000990457299051541,0.364071055726602,0.000158342716534085,0.00716163798671089,0.152947254863387,0.000554030986322209,0.00120254297848194,0.00342061998639756,0.000997242047438591
0.000848789253932236,0.00693626552163196,0.222042743197695,0.0133939859472492,0.00239918253400187,0.000622696802262231,0.0382534490205335,0.00495451493332853,0.0546232605367173,0.00305075680655569,0.00308996386031551,0.000144411755588075,0.00608632252010406,0.000341461636759386,0.000269081721013844,0.0652868597425045,0.0108711195959864,0.0800112270812123,6.29647620114302e-05,0.00239120688297448,0.00027057012303065,0.000858782295089869,4.43133274242153e-05,0.000531759929090583,0.000185274635199541,0.00144585950832733,0.0026751452544046,0.000578141693986834,0.00122792219190001,0.000434559784738935,0.000143893968456601,0.00392686830565169,6.19888281461954e-05,0.000788522990202464,0.00225006290795763,0.000230737958596562,0.00453557127036426,0,0.000671839876786048,0,0.00191250986574475,0.00303875459297563,0.000247955312584782,0.00302882810270873,0.00491165437865294,0.00156278210312326,0.000414922238221011,0.00685653429068102,0.0412939164290948,0.00206403030836658,0.00372186395832281,0.00297593969426818,0.000242777441270038,0.00582968760413473,0.00924601255814455,0.032074547948499,0.00487846278828349,0.076811356395898,0.00235033378255988,0.000296690162601411,0.00119284560522323,0.00346432100933142,0.000638535316857931,0.00135496191942245,0.00149778102934933,0.233714745596432,0.00139580009202386,0.0068402476689842,0.000993146228208168,0.000544302210056621,0.00674592651146439,0.00131574789477944
0.00101307509075905,0.000163202305745628,0.000179641132614657,0.000101056920827209,0.00612457901138316,0.00016610255792414,1.76365224630004e-05,0.00185419697457862,0.000517581255855432,0.000426683714066115,0.00329667664198663,0.000515706018988635,0.0115502785634219,0.0249859782066274,0.00124825570928826,7.80413990782665e-05,0.000337785556195128,0.00108715786434807,0.000201612656438798,0.0307403928629596,0.000898194237533777,0.000627096298339674,0.00027724923033744,0.000876100562054686,0.000324058956634752,0.000341223909633411,0.00023920247352665,0.00640516894025922,0.000774483100210226,0.00810699640220556,0.000203192059626264,0.00261406728111276,0.000114678891506474,0.00278722424333144,0.00154108976706189,0.00376392637648093,0.00430023762003268,0.00158904573928113,0.000587531210784095,8.12401096204718e-05,0.169007711412147,0.000793204758877518,0.00172571025121051,0.00269478588225025,0.0109921087023406,0.0626515325707876,1.37985614790845e-05,7.61322658608047e-05,3.14257236778491e-05,0.00270959284789567,0.000549030128896323,0.00974302067046875,0.000127963160048953,0.00311534316739163,0.000126718483317711,0.000339766645110018,0.00234588800723113,0.000151597870909232,0.00248456253190432,0.0135141049539998,0.000231208815619539,0.000149166437271431,0.000245229318427591,0.00184519333807838,0.00455961158508269,0.000128508537686571,0.361089938262345,0.204103991719014,0.0031574973927798,0.000869959571632825,0.018317778896823,0.00105026915431063
0.00080632136274638,8.26088284975462e-05,0.000272275366560124,6.78847923812516e-05,0.00351471534865341,2.73174039259706e-05,1.74868940382405e-05,0.000707272197025713,0.000547544941244906,0.000140070074453,0.00184012351368201,0.000217683591457362,0.0154729175586994,0.00798156515985167,0.00116737143806311,0.000239492928714504,0.000213000807720086,0.00109470864978304,9.60222860707423e-05,0.00588274247286965,0.000283236144923286,0.000897008667653839,0.00044449457856769,0.000436189999463795,0.000267857234083163,0.000182537534262087,0.000261091842262782,0.0132465415113264,0.000736332355071113,0.0118828425132262,0.000139681922425827,0.00243888568154836,9.26735862183575e-05,0.000794799375760871,0.000713324428707469,0.001132685994842,0.00185884739721387,0.000951162512948158,0.00111499063215086,3.87455941771142e-05,0.23504865362509,0.000553275503268591,0.000796838379501044,0.00129577012293253,0.00402214076201942,0.0121316274173418,8.59496887283326e-06,0.000128013618313403,2.39227528786203e-05,0.00192847127817877,0.000245365654433276,0.0226933411035631,0.000190774853416175,0.00402639403923001,6.42547335000029e-05,0.000341397987860948,0.00177658184906418,0.000159561120423421,0.0010498989294231,0.00289714430324703,0.000184321543036998,0.000166381883101773,0.000179838651579787,0.00103011105570589,0.0155274375905781,0.000166072834107383,0.0359113173254218,0.570992389141567,0.000968714539948883,0.000627380135353576,0.00605724669679853,0.000503710476970129
0.00194461090131836,0.000108056539542493,0.000329662886405335,0.000118229437982077,0.0381924924750145,2.83085593987676e-05,2.81780134515072e-05,0.0138471869083423,0.00173768247449172,0.00129045371017346,0.00338672758142715,6.93198254575666e-05,0.00939397401843744,0.00744384786898225,0.00137480601068549,0.000287284878512243,0.000508063199023989,0.00173518940697157,0.000233359229888115,0.0166534940193898,0.00134430734842302,0.000686997929527356,0.000308903074725648,0.00347241152674583,0.000189945216177333,0.000299193597459169,0.000214768317689588,0.00174573268872373,0.00114026778070681,0.00204204877856852,0.000587288598858829,0.00279489376051922,0.000163969162371992,0.00945015897269426,0.00422014552587361,0.00316810961956957,0.0235283717006213,0.00283968526648047,0.00600248082880557,0.00109790705274096,0.0185939325278211,0.00151772426943386,0.00525320623982478,0.00436404366259621,0.212809143453412,0.00193046466210106,3.2520484102212e-05,9.40960370930455e-05,2.09341394114956e-05,0.0780485200700691,0.000608724271859969,0.00229020925095938,3.62520530518571e-05,0.00184373779452379,0.000119356697440871,0.00102285643087934,0.00263934518282523,0.000233009586361514,0.0437827122983167,0.00307431675824617,0.000541583124193451,0.000237038073313039,0.000126558743445641,0.00253813655945254,0.00102250872509207,0.000268052124450255,0.00691881348871142,0.00852691506460761,0.305875455478509,0.0189799764596802,0.103990621240589,0.00865072035544818
0.0204356602402427,0.000711367468529087,0.000518113137394616,0.000149116293106764,0.0171753937376828,0.000542026733911013,6.07847403315652e-05,0.0123406197953598,0.00168537661145157,0.00158384168059261,0.0191880605839958,0.000565241138814893,0.0244469322682613,0.0136772808928211,0.00112348265761955,0.00014935680052592,0.000555911840218195,0.0026334855989405,0.00019278427543193,0.0472784289483616,0.000718104569127398,0.00107486022745824,0.0015508174558522,0.0568406798772221,0.000654770148995231,0.000441927456086019,0.000780846033784732,0.00542138690167738,0.00459488289020524,0.0028551322954512,0.00140783446119862,0.00390830168780088,0.000224958392387996,0.00369781696479328,0.00350452473904168,0.00899209586726911,0.0187376972550497,0.00138156511284971,0.0424575030612197,0.00018390332670102,0.0159288929628518,0.00517348786409689,0.00122974780514902,0.00282066428892218,0.0885841470089506,0.00154632856509958,1.03206067854183e-05,0.000192020328697907,0.000121535122460394,0.0940949532357294,0.00102673205182093,0.00434503643169303,0.000526802776103778,0.0042631016464914,0.000336141467714513,0.000586163591051228,0.00690062302528027,0.000413351190913256,0.00425649631169369,0.00362916838224997,0.00067159082914146,0.000292208847877636,0.00100973062091148,0.00176974034476596,0.0010727041268369,0.000249008734426323,0.00721031920490577,0.011283281320333,0.0744692552224473,0.142438267286208,0.158062915708393,0.0410423889222329
0.00121919812210953,0.000152180436314199,0.00027043200331967,0.000140029298008968,0.0374382240197176,2.92873656862143e-05,3.21502054713481e-05,0.0408402360172104,0.00102887702364658,0.000805765516891842,0.00241847158086295,0.000163983106974156,0.0133865491326647,0.0115385723799112,0.00260700691526051,0.000170453187663221,0.000375579743095128,0.00110891950604978,0.000198310135670676,0.0502539304081539,0.000908101842309286,0.000632725197489182,0.00041381111758358,0.00766565158747258,0.000233158196789927,0.000274513249461722,0.000220641141365378,0.00194911436138556,0.00066850233659409,0.00413611711177909,0.00067369989573291,0.00212697015733824,8.6248233310748e-05,0.00244871181558254,0.00148271954133646,0.00473371255519821,0.00747876440096923,0.00342228536405652,0.00199198770926285,0.000245722919431785,0.0279543152613447,0.00115682374294966,0.0043205556340008,0.00211080958426459,0.213539165158779,0.0025253272395592,1.95246879181184e-05,0.000121330940489131,6.7592953241502e-05,0.00820977512600227,0.000540423535552549,0.00448677094330041,7.07119127811243e-05,0.00224791971238328,9.15848754901644e-05,0.000826126391041732,0.00242152606847543,0.000157568825504823,0.00584520814225569,0.00531931033810051,0.000330219814298955,0.000172815465324296,0.000313094902512303,0.00133536697425823,0.00141580517219693,0.000149716306877219,0.0106121904582446,0.0138914291130554,0.017816026743007,0.00746384918211044,0.455203274378594,0.00329252557695392
0.0289597939841039,0.000706371146291845,0.00122034269445574,0.000355582191083454,0.00787619767028183,0.000136882214601262,8.30540861157736e-05,0.00194459675845776,0.00460392815726027,0.0221197577496628,0.00687963151878327,0.00035225264309034,0.0150662354465913,0.00226163156088334,0.000724714435002405,0.000268577322359221,0.00147419310013478,0.00783059694050113,5.56238212348176e-05,0.0051666671695902,0.000473482863694472,0.00144026386533913,0.000829565056444356,0.000835679230172925,0.000587194993685949,0.000391002402867315,0.0025286839528737,0.00119519935142134,0.00894066445486974,0.00145176924995731,0.000163146384970606,0.00654035992997556,9.56492636812027e-05,0.00187712566105787,0.0059072131046638,0.00112922704896984,0.127175613316335,0.000506775623709426,0.0101395141940635,5.5363070256642e-05,0.00742470577394746,0.00611355154294259,0.000866011371003823,0.00526882383276764,0.0146381028561265,0.000599002202655218,5.1346534753503e-05,0.000312930916597983,0.000237561572326907,0.121305869287394,0.00352590720998113,0.0010679691659859,0.000508523117097297,0.0036700057124306,0.000617930912551966,0.00179513739952732,0.00660118606104204,0.000513097835049175,0.00259522552970731,0.000973836966743081,0.00750148506257122,0.0013831652415031,0.000837180428433508,0.00194798534710087,0.00100992248825692,0.000400117139452208,0.00191831712126338,0.00434427715732657,0.00774259947865664,0.00652043991975822,0.0128169579441419,0.494540703241409
