0.119171754516144,0.0141624466806393,0.000401386845793683,0.000930783550516162,0.0075569209940508,0.000114991907173325,0.0024278480023953,0.00617593327865794,0.000407895821671418,0.000380775088847521,0.00223800287262802,0.000400302016480727,0.00186807607691006,0.00669665134887677,0.0419579433371953,0.00155673006409172,0.00210348403782149,0.0005608567547982,0.000122585712364017,0.00715553414825711,0.00306138832116155,0.000530481534035435,0.00222606975018551,0.00126057166165476,0.135466975626055,0.000341721233581108,0.00258948757002573,0.000443695188998963,0.000375350942282741,0.00464415428876421,0.00233997682804588,0.000202863081522753,0.00025927420579646,0.000472985580448772,0.000506615289150405,0.000873287596929499,0.00607721381117895,0.00101214574898785,0.041401425899649,0.00252982195781316,0.000554347778920465,0.000704054224108379,0.00129745585829526,0.000499021483959714,0.000118246395112193,0.000913426281508867,0.00041548962686211,0.0010945927767725,0.000305921866253564,0.00597740951438701,0.000553262949607509,0.00800387067098863,0.000686696955101084,0.000590147146248009,0.000529396704722479,0.000866778621051764,0.00749834021115118,0.000101973955417855,0.000991533992041692,0.00024083210747621,0.0499650684961228,0.00250595571292813,0.00451180511258359,0.00303318275902469,0.00125080819783815,0.000176827178011812,0.000599910610064612,0.000770228812198689,0.00528528841272114,0.000859184815861072,0.000309176354192431,6.61745880903099e-05,0.00387392547656552,0.00153286381920669,0.000359078502588403,0.00107181136120043,0.247949672598513,0.0169678152839432,0.00258623308208686,0.00772940885481078,0.00159795357798404,0.00502818386555059,0.00723472668810289,0.000615098220445995,0.0144011091294896,0.000691036272352908,0.00868514347952493,0.125725208395711,0.000212626545339356,0.00213928340514903,0.0172379377828692,0.000442610359686007,0.00140919327752971,0.00368191068817232,0.000161639567630429,0.00116402185280168,0.00225969945888714,0.000329788111138593,0.000629201001514422
0.0356578296388363,0.087016769034604,0.000388153475481974,0.00109406989980411,0.00328220969941234,0.00201316906195573,0.00382723349141034,0.00622453371303994,0.000943233057000237,0.00240936716905391,0.000649604003008692,2.41338948486201e-05,0.00058725810798309,0.00720597877021717,0.0502206240220745,0.000253405895910511,0.00282366569728856,0.00027552863285508,0.000705916424322139,0.0137160969056324,0.00321986380438674,0.000498767160204816,2.61450527526718e-05,0.000796418530004465,0.0428497303037251,0.000420332001946801,0.00362410654310112,0.000653626318816796,0.00127306295326471,0.00167529453407505,0.00237517748468503,0.000166926106036289,0.000126702947955256,0.00144401137510911,0.000597313897503349,0.00451504949459602,0.00249584695892813,0.000454521686315679,0.00429784444095844,0.00188445495609642,0.000372064212249561,0.000158881474420083,0.00088692063568679,0.000303684843511803,0.000929154951671875,0.00020312694830922,0.000492733686492661,0.000758206529827483,0.000327818738360424,0.00358790570082819,0.00056312421313447,0.00732061477074811,0.000820552424853085,0.000201115790405168,0.000565135371038522,0.000307707159319907,0.00595503855389702,0.000229272001061891,0.00305293769835045,5.0278947601292e-05,0.01393330195927,0.0010156347415461,0.00662676529385028,0.00438834654664076,0.0162179773382727,0.000329829896264475,0.000528934528765591,0.00174568506071686,0.0441107263095655,0.000541001476189901,0.000122680632147152,0.000172959579748444,0.0480787408542594,0.000325807580456372,0.000172959579748444,0.000265472843334822,0.119454734869053,0.0287776584490755,0.00121876168985532,0.029149722661325,0.000452510528411628,0.00190456653513694,0.0138186659587391,0.000160892632324134,0.0104117644692755,0.000619436634447917,0.0846596919710554,0.229601830958156,0.000126702947955256,0.00147618990157393,0.0131992293242912,0.000406253896618439,0.00126702947955256,0.00303483727721398,0.000102569053106636,0,0.00124289558470394,0.000440443580987318,9.65355793944806e-05
0.000318178730645617,8.22259640994291e-05,0.26616782915113,0.000343204024067182,6.19673932343523e-05,0.00595244479241519,0.0894332486048399,0.000821067960355169,0.0274646636898484,0.0346552646663115,0.0004301967107231,0.00397067988955504,2.9792015978054e-05,0.000229994363350577,0.000557706539109171,0.00121074752934811,0.00796996011444901,0.000286003353389319,0.0171161090197116,9.77178124080172e-05,0.000324137133841228,0.0984256707076557,0.00407316442451954,4.88589062040086e-05,0.00222844279515844,6.91174770690853e-05,0.000156110163725003,0.0239039219401514,0.000674491241743143,0.00153011794063285,0.0372698119885456,0.000238336127824432,0.0697276175563159,0.00600011201798008,0.00140260811224678,3.21753772562983e-05,0.00025382797613302,0.00364892611699206,0.000212119153763745,0.00163856087879297,0.00044688023967081,0.00658880225370643,0.000128701509025193,0.00120598080679163,0.0150997853783169,0.000204969069929012,0.000252636295493898,0.000910444008289331,0.00329380528653365,0.00136924105435136,0,0.020397997499854,0.00245009539403516,0.000361079233654015,0.000429005030083978,0.00207352431207256,0.0355359166586228,7.86509221820626e-05,0.000251444614854776,0.000110826299438361,0.000482630658844475,0.000915210730845819,0.00083298476674639,0.00369063493936133,0.000196627305455156,0.00389679568992946,0.000225227640794088,0.000383721165797336,0,0.000697133173886464,8.10342834603069e-05,9.41427704906507e-05,6.43507545125967e-05,0.000336053940232449,0.000189477221620424,0.000219269237598478,0.0275933651988736,0.00110945467502273,0.00080557611204658,1.54918483085881e-05,0.000222844279515844,0.00589166907981996,1.54918483085881e-05,0.00014896007989027,0.00769110684489442,0.00261454732223402,2.86003353389319e-05,0.00025382797613302,0,0.00111422139757922,0.00071143334155593,0.00310551974555235,4.64755449257643e-05,0.00106297913009697,0.000286003353389319,0.132342093377712,0.00128820677089106,0.000872310227837421,0.000227611002072333
0.000973149130703735,0.00043670172015215,0.000533094614235638,0.316427696109247,0.000173507209350278,0.00185409636271892,0.0072294670562616,0.00141571824440879,0.000951355954650077,0.00154228630533581,0.000402335557913689,0.000352881812253465,0.000399820960676728,0.00409963169532469,0.000580033762658902,0.00111648117321049,0.00278701193763128,0.000209549769746713,0.000529741817919691,0.006439045324777,0.000100583889478422,0.00101254448741612,0.00132938373927315,0.000288340483171477,0.0198141880281702,0.0334600690340761,0.00467631266166765,0.00123718184058459,0.00898549412673905,0.000266547307117819,0.00296890113777143,0,0.000722527606086666,0.000266547307117819,0.000337794228831701,0.000159257825007502,0.000202005978035831,0.00178620223732098,0.00117515510873957,0.00131513435493037,0.000204520575272792,0.000339470626989675,0.000373836789228136,0.0114791363867249,0.00014919943605966,0.000139979246190804,0.000132435454479923,0.0045455536053457,0.000592606748843704,0.0078924825277402,0.00624625953661002,0.018484804288897,0.000512977836339953,0.00862842131909065,0.000229666547642397,0.00324802143107405,0.0136509102003799,0.000867536046751392,0.0173138401755524,4.44245511863032e-05,0.00127741539637596,0.0360509423872245,0.037169099958593,0.00352462712713971,0.000586739355290796,0.000305942663830201,0.000408202951466597,0.0589916129800157,0.000381380580939018,0.00374591168399224,4.19099539493426e-05,0,0.000333603233436767,0.000100583889478422,0.000174345408429265,0.000159257825007502,0.129858830511117,0.00342069044134534,0.00833672803960323,0.000756055569246141,0.000236372140274292,0.00725126023231526,0.000610208929502428,0.000380542381860031,0.00818333760814864,0.00456231758692544,0.000309295460146148,0.00116761131702868,0.00767455076720362,0.0948137270186767,0.0239138197234949,0.00696459614730175,0.0289346322066261,0.000795450925958523,0.00016512521856041,0.000866697847672405,0.00319186209278193,0.000253974320933016,0.000466876886995677
0.0131771450017354,0.004294404155575,8.80136969240043e-05,0.000254077276025899,0.105860549770085,0.000308878257129525,0.00381946231934358,0.0072387114130516,0.000878476333449024,0.00069580639643694,0.00470956310332974,6.80860674317769e-05,0.00437245403775289,0.185894891718243,0.0985969288201681,0.00045833547832123,0.00289116691216399,0.0027782436783747,0.000428444034082889,0.000456674842530211,0.00727192412887198,0.00107941326416232,0.000257398547607937,0.0208343366341237,0.0542031522188585,0.000484905650977533,0.000468299293067344,0.000720715933302224,0.00017436675805699,0.0109319654122777,0.00161579862466144,0.000430104669873908,6.14435242677011e-05,0.000159421035937819,0.00125710129380134,0.00276994049941961,0.00834801612145226,0.00066425431640758,0.0381381615765412,0.00203095757241618,0.000388588775098434,0.0017004910500034,0.0103308152559289,0.00178684411113639,2.15882652832463e-05,0.000486566286768552,0.00266532044458541,0.00094822303667182,0.000561294897364405,0.00478927362129865,0.000151117856982724,0.00267860553091357,0.000381946231934358,5.97828884766822e-05,0.000554652354200329,0.00140323724341101,0.00323491852090491,0.000217543288623482,0.000587865070020708,0.000342090972949904,0.00234149646533672,0.00114251742422104,0.00415823202071145,0.00320502707666657,0.0034092852789619,0.00042678339829187,0.00216546907148871,0.000415158947754737,0.00405693323745929,0.000204258202295331,0.00114085678843002,6.4764795849739e-05,0.0050649391626078,0.000533064088917083,0.00360025839492908,0.0010080059251485,0.154850966240935,0.0648959860772295,0.000453353570948173,0.000523100274170969,0.0132153396249288,0.00199940549238682,0.0559484804352194,0.000574579983692557,0.0240410243465813,0.000797105179689096,0.00126872574433848,0.00178020156797231,0.00133016926860618,0.00143811059502241,0.0066076698124644,0.000222525195996539,0.000420140855127794,0.00509981251421919,0.000800426451271134,0.000514797095215874,0.00715900089508269,0.000415158947754737,0.000244113461279786
0.000402241394284686,8.62172255677182e-05,0.002449583526424,0.00120989393379405,4.02558369378684e-05,0.217372961136952,0.0612509992639838,0.00224069693947868,0.00744194125690768,0.0452345647393102,0.000236463420123227,0.00147488511237718,0.000170532600571443,0.000471975914964458,0.00023265971899524,0.00457933918300303,0.00176745312413822,0.000161023347751474,0.00233166879145638,0.000356913955842834,0.000283375734035074,0.00786193325645631,0.00181595031352007,0.000166411924349456,0.00377358849405767,0.00106852304187051,0.00022346744126927,0.0116966979436558,0.00176491732338623,0.00123018033980998,0.0125778887049729,0.000180992778673409,0.00848700814182226,0.00133066144460765,0.000450104633478529,3.32823848698912e-05,0.000241218046533212,0.00214053280977501,0.000255798900857164,0.000813358091201342,0.000168630750007449,0.00164700258841862,0.000108722457241645,0.00421925547622021,0.00113033318520031,0.000163242173409467,0.000314439293246972,0.0310597555107705,0.00179439600712814,0.00497429015012574,0.000544880186584219,0.0661257592345939,0.00759091955108719,0.00347246215475865,0.000355329080372839,0.0023865054827182,0.349211144083565,0.000452640434230521,0.000150246194555509,1.64827048879461e-05,0.000914473146187012,0.00299573161338421,0.00206889643853124,0.0107809568970928,5.51536663558198e-05,0.000720484388659645,7.9243773499741e-05,0.000819063642893323,7.92437734997411e-06,0.00282329716224877,6.59308195517846e-05,6.1810143329798e-05,2.09203562039316e-05,0.000333140823792911,0.000215226088825297,0.000245021747661199,0.0274240511826024,0.0014067354671674,0.0117645306137716,8.875302631971e-06,0.000349306553586859,0.00710087605576479,0.000105552706301655,0.000123303311565597,0.00698549712154917,0.0235217708003811,3.70860859978788e-05,0.000267843954429125,0.000542344385832228,0.00328576382439326,0.0014371650761913,0.00618545198429579,9.57264783876872e-05,0.000974698414046815,4.05728120318674e-05,0.00281156908377081,0.000862489230771181,0.000410482746728659,0.000256432851045162
0.000263446042694169,2.2616741379902e-05,0.00382683063024279,0.000642393443952595,0.000122442358504987,0.0136184758499995,0.577540094023253,0.00165429764879476,0.0432290155634376,0.0323540284315836,0.000614317489136165,0.00977877707379921,0.000444535951260143,0.000553408264937188,0.000280915525691058,0.00147773108850477,0.0088107805427394,0.000400004367370749,0.0082733599742949,0.000370914558630393,0.00062461200590219,0.00663395817930553,0.00147305176270203,0.000159019088529725,0.00660143686497649,0.000490627310417115,0.000237709750779108,0.00692142476112042,0.00201608752210981,0.0019671885674712,0.0123908547256511,0.000369744727179708,0.0124446669723826,0.00510249283283265,0.00152468032405891,7.39333476832658e-05,0.000357032558748935,0.0163832555005475,0.000289026357082472,0.00302908356963929,0.00076951512826032,0.00513134867528287,0.000124548055116219,0.00270176472973774,0.00237982711450934,0.000336443525216887,0.000282475300958638,0.00186533524249826,0.00133859913463668,0.00274114905524412,0.000241219245131161,0.0269512008709785,0.00155221035753169,0.00082566703789318,0.000635374455248488,0.00184911357971543,0.0501775024254505,0.000296045345786579,0.000254555323668966,6.4964639894684e-05,0.000474717602687805,0.00165905496336088,0.00167332690705923,0.0105206841798234,5.13945950667428e-05,0.00150760078487891,9.06229430463659e-05,0.000397898670759517,3.74346064219067e-05,0.00159689791894784,0.00024059533502413,8.20441790746789e-05,7.75988195620775e-05,0.000425584681759052,0.000335819615109855,0.000206904189244414,0.0395072357974663,0.00135567867381668,0.00405003447103341,0.000121818448397955,0.000402110063981982,0.00720577179240015,0.000193802076996746,0.000424414850308368,0.0109920482656859,0.0157912427977377,2.2616741379902e-05,0.000131801010110463,0.00015254602116927,0.00137158838154599,0.00213455245368247,0.00236243562027583,5.70097860300288e-05,0.00235487071022807,0.000476979276825795,0.0039918548535527,0.00182267538892996,0.00100823873296335,0.000803362251566794
0.00180420616468471,0.000407511766004075,0.000407511766004075,0.00108704020201087,0.000613833844006138,0.00224832897935582,0.00802705796008027,0.217174687736838,0.0015229511926819,0.00174774987468414,0.00193662182668603,0.000681923551340153,0.0031902936240319,0.0075562467174089,0.000900905524675676,0.00163825888801638,0.0070731177387374,0.000594330762005943,0.000576880636005769,0.0028830345426955,0.00119105663934524,0.000702795270673695,0.00157085349934904,0.00117394867267841,0.0726328989620597,0.000527267532671939,0.00161772932801618,0.00154758666468214,0.000889272107342226,0.00253540066002535,0.00377743904003777,0.000442069858671087,0.00100971219267676,0.000799626362007996,0.00197768094668644,0.000198110254001981,0.0132966538527996,0.00150960697868176,0.00537053289605371,0.0155836468368225,0.000870795503342041,0.00439469447737728,0.000380823338003808,0.0021299418500213,0.000364399690003644,0.0019828133366865,0.000826314790008263,0.00217442256335508,0.000851292421341846,0.00852866354275196,0.000496815352004968,0.00791209242407912,0.000685002985340183,0.000308627718669753,0.00159343601534927,0.00104119085134375,0.0101997697267687,0.000154656018668213,0.000849581624675163,9.95683660009957e-05,0.00590874952739242,0.00222437782602224,0.00443609575671103,0.0113292376861133,0.000211454468002115,0.000556351076005564,0.000499894786004999,0.000552245164005523,0.000288098158669548,0.00134742345468014,0.000200847528668675,7.1169141334045e-05,0.00063367908533967,0.00094162248534275,0.000434200194004342,0.000899536887342329,0.292846988056928,0.00358069742336914,0.00251384462202514,0.000638811475339721,0.00169403085935027,0.00321458693669881,0.000596383718005964,0.000499552626671662,0.175446988399088,0.00395125598137285,0.000355161388003552,0.00294291242602943,0.000330868075336642,0.00176862159401769,0.0142961012654763,0.00102202992867689,0.000742143594007421,0.020066960581534,0.000196399457335297,0.00118250265601183,0.00214328606402143,0.00124990804467917,0.00191369715135247
0.000237124110491115,2.78377668610503e-05,0.00834663453137467,0.000458149271472225,3.25332938014684e-05,0.00964997865212216,0.30452907051038,0.00118260199942245,0.269501781113987,0.0302472429710477,0.000704999830625635,0.0275463087959629,0.00033908412405448,0.000190504235868392,4.293053202668e-05,0.000883429854361524,0.0154724320582406,0.000181448576769015,0.0329743379390863,0.000311581751974888,0.000487664012240568,0.0111683108277845,0.000977340393169887,5.76879024108512e-05,0.00428064359575404,0.000256241613034246,0.000194193578464435,0.00581306235223764,0.00065670298209562,0.00158742350064278,0.00772548339611365,0.000241148847868616,0.0454376080180818,0.0141684171479302,0.00344819374817419,0,0.000130803964768791,0.0140288929188435,0.000113363436132952,0.00360079837373778,0.00139322992217835,0.0039831484246004,0.000142878176901294,0.00127349398519769,0.00688330709987151,0.000496719671339946,0.000330028464955102,0.00127483556432352,0.00143280650639044,0.00247118874978577,8.08301423314834e-05,0.0207273974941314,0.00139088215870814,0.000582245340611847,0.0011151876483493,0.00446846467337076,0.0364027433951544,0.000164343442914634,0.000123425279576705,7.14390884506471e-05,0.00050879388347245,0.00119803015936954,0.00179972839730597,0.00767785733714655,5.33277702518915e-05,0.0031802133177889,3.48810572716775e-05,0.000224714503577153,8.72026431791937e-06,0.000554407573750797,0.000110009488318367,3.45456624902191e-05,8.72026431791937e-06,0.000867330904851519,0.000238465689616949,0.000249533717405077,0.0306175188097778,0.000714390884506472,0.00276298220965461,5.03092172187656e-06,0.000362561758756571,0.00328418570004102,0.000103636987470657,0.00050007361915453,0.00984350144102368,0.00908148449755011,2.51546086093828e-05,0.000132145543894624,5.366316503335e-05,0.00085425050837464,0.00251646704528266,0.00293000881082091,0.000163337258570259,0.00179905760774306,0.000695608776744799,0.0107564460361535,0.00118226660464099,0.00175713326006075,0.00106722619460075
0.000196260744053807,3.83498005622382e-05,0.00486591293016163,0.000791810588079152,1.35352237278488e-05,0.0329492462948265,0.178603292743955,0.00233294620086949,0.0202035772844356,0.299025802272188,0.000605701261821232,0.0040981649620431,0.000307926339808559,0.00100875014616162,0.000200772485296423,0.0021705235161353,0.00446136013207371,9.21147170367485e-05,0.00507157313513755,0.000136856151026026,0.000440646728028854,0.0173457651856751,0.00222428843260981,0.000111289617317868,0.00305407284281432,0.000494787622940249,0.000145879633511259,0.0449640132239136,0.00112229563410079,0.000322965477283947,0.022908366159384,0.000108657768259675,0.0597392138366081,0.00228256509032694,0.00168701524630159,1.50391374753875e-05,0.000255665337081588,0.0074154227106767,0.000272208388304514,0.00262545742476577,0.000236866415237353,0.00251266389370037,9.13627601629791e-05,0.00239122285858661,0.00195771972085857,0.000206412161849694,0.000221075320888196,0.0026198177482125,0.00580623500081023,0.00157760552116815,0.000216939558082465,0.0316528726444481,0.00439669184092954,0.000895204658222442,0.000430495310232968,0.00165129729479755,0.144682518168218,0.000154527137559607,0.000221075320888196,1.01514177958866e-05,0.000279727957042208,0.00121403437270066,0.00149000254537402,0.0065683432923755,5.4140894911395e-05,0.000679017057013746,9.3994609221172e-06,0.000410944431514964,4.28615418048544e-05,0.00162648271796316,3.0078274950775e-05,1.12793531065406e-05,7.06839461343213e-05,0.000347028097244567,1.91749002811191e-05,0.000206412161849694,0.0207032526270553,0.000422975741495274,0.00226113431942451,4.73732830474707e-05,0.000387257789991228,0.00587804688225521,1.54151159122722e-05,0.00010828178982279,0.00741955847348243,0.00714547019299349,2.48145768343894e-05,0.000580886684986843,0.00021656357964558,0.000929794674415833,0.000947465660949413,0.00532272673097653,6.5044269581051e-05,0.00138961630272581,7.93314501826691e-05,0.00514150512439811,0.000456437822378011,0.000369962781894533,0.000384625940933036
0.000394592457668136,0.00038203052549518,0.000410849075774314,0.000390158834548269,0.00116456500615165,0.00106998104626116,0.012816865502348,0.00628466077241104,0.00114609157648554,0.00174906432078741,0.270402979394737,0.000547552455303537,0.0116079642649977,0.0152368847886085,0.00238011667818177,0.000925149357678851,0.00558488725665875,0.0665649396473053,0.000775145108790027,0.000991653704476851,0.0889576921513787,0.000857167136507561,0.00103746781004881,0.011729888900794,0.0228065573285943,0.000169216615741579,0.00027562357061838,0.000846822015894539,0.000517994967837759,0.0351076446746644,0.00213552846940246,0.00504472417322166,0.00134782142843948,0.000869729068680517,0.000761105302243783,0.000721941631351627,0.00273185077902453,0.00153994509696703,0.00227888228361148,0.00711300935863947,0.0012318082901363,0.00128870645350792,0.00566764822156293,0.000585238251822404,0.000545335643743604,0.00409445095119689,0.020753789824096,0.000710118636365316,0.00122146316952327,0.00314639454073207,0.000177344924794668,0.00938893589350437,0.000378335839561958,0.000540163083437092,0.00586716126195693,0.00077218936004345,0.00986407250451675,0.000191384731340912,0.000571198445276159,0.00188428982594335,0.00126875514946852,0.000537946271877159,0.00223676286397275,0.00207197987135104,0.00153625041103381,0.000453707432599692,0.00208528074071064,0.000353211975216047,0.000455185306972981,0.000590410812128915,0.0121481273484347,0.0018103961072789,0.00116160925740507,0.0126358258916201,0.0127592284017897,0.0206111749470736,0.0793278627350282,0.0137168909956809,0.000512822407531248,0.000676127525779671,0.0423994768324719,0.00180448460978575,0.00435381790370909,0.00938745801913109,0.0170635375139936,0.000527601151264137,0.000181778547914535,0.000942144912971673,9.97565201970007e-05,0.000450751683853114,0.00338063762889836,0.000899286556146295,8.86724623973339e-05,0.0240294983724909,0.000528340088450781,0.00143649389083681,0.0665649396473053,0.000696078829819071,0.00165891398401679
0.000130997274545392,5.74965413163033e-05,0.0043246883035438,0.000440411651525911,0.000223465938930375,0.00546632065998917,0.288170294085918,0.0022826719650421,0.123487752051204,0.0148933824444684,0.000459379582681805,0.1691394131085,0.000413737998337935,0.000448117373557993,5.57182977704382e-05,0.000553033742764031,0.044082064754146,0.00137991699159128,0.014837664146698,0.000430927685947964,0.000513912384755,0.00640345500866005,0.00100530035126237,0.00010906560414639,0.00356122907451907,0.000240655626540403,0.000351499474232658,0.00378291676990358,0.000552440994915409,0.00177172331953021,0.00644198361882046,0.000296966672159463,0.00959184568639608,0.0331808390701446,0.0276528726338988,0,0.000216945712595536,0.0366762731334667,0.000243619365783512,0.00480481406092737,0.00381551790157778,0.0266807661621592,5.45328020731949e-05,0.000952545792735045,0.00381966713651813,0.000745676793566078,0.000282147975943921,0.00159449171279233,0.00139058645286647,0.00223465938930375,3.97141058576528e-05,0.0142490655330166,0.000641945920057283,0.000211610981957941,0.00223703038069823,0.000698849713524965,0.0232819499981625,9.06904208391176e-05,0.000276220497457704,7.82427160180622e-05,0.000282147975943921,0.00161701613103995,0.00188790189786006,0.01295746797087,5.21618106787081e-05,0.010651086091883,7.88354638666839e-05,0.000379951370966499,9.89888907198211e-05,0.000889714520781147,0.000609937536231712,4.26778451007612e-05,0.000151150701398529,0.000525767341727433,0.00111792244250049,0.0002815552280953,0.0278419591976091,0.00064431691145177,0.00294654955549839,7.40934810777104e-05,0.000580300143800628,0.00286000836959962,0.00011262209123812,0.000867190102533523,0.0123908010275877,0.00748996181518359,8.17992031097923e-05,0.000135146509485744,1.54114440641638e-05,0.000694700478584613,0.00166325046323244,0.00142792956732964,0.000120327813270202,0.00240596351755541,0.000921722904606718,0.00362939507711057,0.00112918465162431,0.00322869753144231,0.0050626593750778
0.00118440056794148,0.000193662743467195,0.000754265421924865,0.000405672483683914,0.00355320170382443,0.000592200283970739,0.0102508747949978,0.0316230874529986,0.00246461323001936,0.00309962317307232,0.029500951495637,0.00073387986998095,0.16637464363507,0.111216436462821,0.00177558157431502,0.000185508522689629,0.005821094357585,0.00455005519388189,0.000402614650892327,0.00102233542998735,0.018176777390792,0.00110183908256862,0.000348592938240951,0.00496999756392654,0.0279210712199835,0.000451539975557723,0.000396498985309152,0.000698205154079098,0.00231579870082877,0.0138112114420026,0.00323926420388814,0.001827564731772,0.000710436485245447,0.000665588270968833,0.00237491680146613,0.000138621753218624,0.0299861276319022,0.00227502759694094,0.00633786809936326,0.0168252152969105,0.00164205620908237,0.00469785044547527,0.00233720353036989,0.000712475040439839,0.000393441152517565,0.0158212268636726,0.0055825833998412,0.000965255884544388,0.000485176136265183,0.00168078875777581,0.00011313981328873,0.00802171468993066,0.000148814529190581,8.05229301784653e-05,0.00639494764480622,0.000525947240153014,0.00751921083451315,5.30024350541797e-05,0.000181431412300846,0.000290494115200793,0.00114057163126206,0.000347573660643755,0.0021894082787765,0.00117318851437232,0.000715532873231426,0.000408730316475501,0.000691070210898728,0.000292532670395184,0.000399556818100739,0.000366939934990475,0.00265827597348655,0.000427077313225025,0.000359804991810104,0.0145868816934686,0.00150955012144693,0.0220541093705247,0.100078790158263,0.00471925527501638,0.00051473518658386,0.000141679586010211,0.0438574764521393,0.00167976948017862,0.00139844886335259,0.00247480600599131,0.0484146665892016,0.000631952110261373,0.000178373579509259,0.000658453327788463,2.54819399298941e-05,0.000957101663766822,0.00459286485296411,0.00154522483734878,6.93108766093119e-05,0.149359842705081,0.000605450892734284,0.000859251014436029,0.0100194987804344,0.000598315949553913,0.00937429606140944
0.00195557524801534,0.000623732230786873,0.000497350253154252,0.000599942682056027,0.0171080309427687,0.00078059456773089,0.00529726342130138,0.020296202184401,0.00145896841825892,0.00205742425351927,0.0121601765184516,0.00029551080064098,0.0222053134700514,0.356248120532722,0.00693242318484814,0.000623732230786873,0.00266219918766125,0.00249418549974965,0.000753087902010849,0.000549018179304059,0.012661243888595,0.0004638962002515,0.000664248805969095,0.036585723966149,0.0411871430870731,0.000308520710103161,0.000309264133501,0.000898055464589443,0.000312981250490195,0.0169597179748998,0.00281534440761608,0.000744538532935701,0.000912552220847302,0.000447912597197963,0.00106606915250104,0.000494376559562897,0.0286247745103906,0.000931881229191114,0.0202181427276279,0.00338778042395206,0.000292537107049624,0.00171359093201876,0.00604105853083925,0.000450514579090399,0.000209645398190582,0.00266071234086557,0.00529428972771003,0.00104859870265183,0.000401448634833029,0.00254808369609298,0.000276553503996087,0.00773234676092284,0.000434159264337942,0.000178421615481346,0.00170578498634145,0.000391040707263284,0.00370819590842065,0.000101105582106096,0.000252392243566321,0.000433044129241184,0.00170541327464253,0.000964963570394947,0.00195334497782182,0.00485864361657641,0.000542699080422428,0.000166155129417004,0.00382788707547271,0.00048508376708991,0.00116159905912335,0.000413343409198452,0.00096310501190035,0.000180651885674863,0.00119988536411205,0.00239902730482627,0.00348516888906896,0.00268152819600507,0.133435950543015,0.0185826112523822,0.000693614030183733,0.000401820346531948,0.0397181384529433,0.00319857916920205,0.0151427911905814,0.00283950566804584,0.0547616826199133,0.00112740158282276,0.000695100876979411,0.000699561417366445,8.51219790525589e-05,0.00121549725546667,0.00561544863557645,0.000341974763005914,4.42336921714171e-05,0.0164705453791218,0.000202954587610031,0.00179611092917888,0.0120352813876146,0.000612580879819289,0.00182844984698488
0.0245532103942371,0.0135786747354719,0.00021895392291268,0.00074868115576594,0.026866352644363,0.000444970875596738,0.00516307476287643,0.00480992327430759,0.000449208693459564,0.000808010605845505,0.00238801036570249,7.20429036680433e-05,0.00153409006634304,0.0213755533000947,0.325729981784446,0.00110112634135764,0.00182438058994662,0.000520545294150469,0.000194939621689999,0.00119365203136268,0.00491092460003828,0.000348207367728876,0.00226511364768054,0.0050161637436318,0.047473448305332,0.000120071506113405,0.000631434861561085,0.00031642373375768,0.000877228297604997,0.00597320427765335,0.00201296348484238,0.00025568167772384,0.000239436709249673,0.00108488137288347,0.000408243120785578,0.0033047916300272,0.00347783585942593,0.000529727232853259,0.0167464435879344,0.00175869441307282,0.000264157313449492,0.0013158424464075,0.00729964126871791,0.0031268032797885,0.00155316024672576,0.000259919495586666,0.00203627148308793,0.00172196665826166,0.00072113533965757,0.00522452312188741,0.000198471136575688,0.00504300325676303,0.00058411256209286,0.000180813562147246,0.000357389306431666,0.000373634274905832,0.00746774137727668,0.000144085807336087,0.00110960197708329,0.000342556943911774,0.00875674431055294,0.00132502438511029,0.0041332850222097,0.0015934195164226,0.0103791222490382,0.00019776483359855,0.00108700028181489,0.000285346402763622,0.0320379030429651,0.000687232796754962,0.000695002129503476,2.75458161083695e-05,0.0165112446965475,0.000422369180328332,0.00196846639728271,0.000485230145293585,0.104947440463956,0.133917869677213,0.00201578869675094,0.000733142490268911,0.00452810838642966,0.00325817563353611,0.0424403332902489,0.0012035402730426,0.0118941421349985,0.00126569493503072,0.00554871618839361,0.0170974761675718,8.47563572565215e-06,0.00343192616591198,0.00820441538243128,0.000405417908877028,8.26374483251084e-05,0.00149524340260047,4.09655726739854e-05,0.00181519865124383,0.00373351753714977,0.000276164464060832,0.000411774635671267
0.000330666208342129,3.12918586990433e-05,0.00157533491629661,0.000737460371429692,5.6045120057988e-06,0.00682442745239434,0.0103393905653645,0.000985927070353439,0.00228991019703596,0.00470825712753814,0.000382974987062918,0.000460504069809802,0.000247999656256597,0.000145717312150769,0.0002330542909078,0.173985069580017,0.00193355664200059,2.66214320275443e-05,0.000738861499431142,0.000519351445870689,0.000628172387316616,0.00429725958044623,0.0281934976451709,4.81053947164397e-05,0.00213765428754509,0.000273687002949842,0.000200828346874457,0.00774029812267529,0.0065423336814358,0.000816857624845175,0.0153521595118844,0.000484790288501596,0.00311097120588549,0.000551110347236882,0.000698228787389101,0.000112090240115976,5.69792053922878e-05,0.00065292564867556,5.88473760608874e-05,0.000625370131313716,0.000112090240115976,0.00113631480917571,4.62372240478401e-05,0.00507021519457932,0.000484323245834446,0.000259675722935344,0.000183080725522761,0.00734891636760368,0.0120837949271694,0.00378397968924849,0.00153563628958887,0.207496782076023,0.0301765608098893,0.00250661799459351,0.000293769837637287,0.00270230887212932,0.167522133151996,0.00386758032666832,0.000212037370886055,5.74462480594377e-05,0.000408195291089013,0.00166827640705944,0.0042239338817037,0.0023165316290635,0.000110689112114526,0.000127502648131923,8.31335947526822e-05,0.000368029621714121,7.33256987425343e-05,0.084235815447156,0.0002330542909078,0.000106952770777327,9.85460027686289e-05,0.000531494555216586,0.000247532613589447,0.000252203040260946,0.01856961644588,0.000850951739547118,0.00314880166192463,7.33256987425343e-05,0.000109755026780227,0.131808314480378,1.16760666787475e-05,0.000197092005537258,0.00380032618259874,0.00175888268448652,0.000287698282964338,0.000101348258771528,0.000544571749896784,0.00103403246506988,0.00127922986532358,0.0120431622151273,0.000100414173437229,0.000949964784982897,0.000228850906903451,0.000913068414278055,0.000688887934046103,8.31335947526822e-05,0.000368029621714121
0.000683099624592206,0.000263942463642055,0.00288373928476241,0.000524527537824866,7.87695219284019e-05,0.0022104535678203,0.0381923711847143,0.00544723526725853,0.0155689897046944,0.00332846425774834,0.00117663587510098,0.0098255293828395,0.000704793525713471,0.00127400016941904,0.000243023344703692,0.00069782048606735,0.44291921397831,0.000644102254719456,0.00914191323679203,0.000885059513602076,0.00406089168131866,0.00200875193953806,0.00110742200009504,0.000215905968302111,0.0119197656232245,0.000705568307896373,0.000254386816719593,0.00131635492875103,0.000644102254719456,0.00474915652046355,0.00413759511742599,0.00135974273099356,0.00430081589729074,0.0398147650757117,0.0336289041274196,2.53095513081422e-05,0.000496377118512749,0.00241602910701705,0.000440851062071416,0.0120519951157731,0.0301803486313214,0.012367589724942,0.0001340373176421,0.00061853444268368,0.00405572646676598,0.00210482493021795,0.000659081376922235,0.00061724313904551,0.00106377593712488,0.00190260678048045,0.000260068552727543,0.015944759063402,0.000752830021053415,0.000279696368027735,0.00952543041732867,0.000634288347069361,0.0174005747850754,0.000146950354023805,0.000286669407673856,0.000183881638075482,0.000824368242608061,0.000746373502862562,0.00248524298202299,0.00278740803335489,0.000116992109618249,0.0203530114233885,0.00010382081250891,0.00033728851029014,0.00016296251913712,0.00103562551781276,0.000610786620854657,0.000159863390405511,0.000164512083502925,0.00366265363930687,0.000766517839618022,0.00076006132142717,0.0735673760916681,0.00177915815267135,0.000807064773856576,0.000515230151630038,0.000865948219757152,0.00445603059459884,0.000115184284524811,0.000728553512655809,0.0324721543283465,0.00152657916104519,0.000960471646071235,0.00160560694370123,4.67451917017729e-05,0.000819203028055379,0.00477343302886115,0.00141268618015855,0.000161929476226583,0.00710965957103926,0.0167378777579663,0.00500483464082131,0.00267325679174062,0.03396180220534,0.0113544328904334
0.000173035540395515,0.00014082147702401,0.000358036304329018,0.00027151853413126,0.000141741878834624,0.000356195500707789,0.00690577478504016,0.00747734430943173,0.00118731833569263,0.000302812195692151,0.0854786365535738,0.00189602772986575,0.00379941867421642,0.00339720308297791,0.000535673853777605,0.000300971392070922,0.00323705316793099,0.297214311879994,0.000649803678293796,0.000247588087055285,0.0480670641575286,8.28361629552998e-05,0.000340548669927344,0.0037662842090343,0.00381322470137563,8.65177701977575e-05,0.000299130588449694,0.000710550197794349,5.6144510447481e-05,0.0365215438451811,0.000982068731925609,0.00294804699939806,0.000265075721456959,0.00143214521731607,0.000992193151842368,0.000398533983996053,0.00100783998262281,0.00131709499098927,0.000697664572445747,0.00553529648903525,0.000798908771613335,0.000930526230531201,0.00248692569228022,0.000343309875359187,0.000457439699875378,0.00226418845411153,0.0262176455753524,0.000216294425494394,0.00037092192967762,0.00122873641717028,7.17913412279265e-05,0.00413076332603762,0.000242986078002213,0,0.00344690478075108,0.000265996123267574,0.00585927792637154,2.48508488865899e-05,0.00105109886772169,0.00282103154953326,8.46769665765287e-05,0.000240224872570369,0.000887267345432322,0.000901073372591539,0.000649803678293796,0.000820078013257468,0.0083618504494322,0.000209851612820093,0.000307414204745224,0.000231941256274839,0.046650565770993,0.00461673548204204,0.000335946660874271,0.00425133596322811,0.0870644888732625,0.00447499360320742,0.0342573553910695,0.00705027786930662,0.000662689303642398,0.000104925806410046,0.0115694507594235,0.00200463514351825,0.00134562744711831,0.0320539134564586,0.0215769796462344,0.000240224872570369,2.76120543184333e-05,0.000218135229115623,7.73137520916131e-05,0.000416942020208342,0.00204053081413222,0.000447315279958619,5.52241086368665e-05,0.0112178572677688,0.000196045585660876,0.00126739329321609,0.134639138062112,0.000357115902518403,0.00146435928068758
0.000176958525345622,0,0.0137732718894009,0.000303041474654378,6.34101382488479e-05,0.00545400921658986,0.176975483870968,0.00138691244239631,0.125194470046083,0.0164873732718894,0.00064294930875576,0.021021935483871,0.000595023041474654,0.000273548387096774,0.000340645161290323,0.000744700460829493,0.0429994470046083,0.000367188940092166,0.176718894009217,0.000946728110599078,0.00268608294930876,0.00928221198156682,0.000690138248847926,0.000177695852534562,0.00336811059907834,0.000682764976958525,0.000348018433179723,0.00408921658986175,0.000537511520737327,0.00119078341013825,0.00728110599078341,0.000144516129032258,0.0418256221198157,0.0706433179723502,0.00518857142857143,9.21658986175115e-05,0.000351705069124424,0.00895041474654378,0.000252903225806452,0.00387981566820277,0.00247520737327189,0.00422414746543779,3.09677419354839e-05,0.00147170506912442,0.0398672811059908,0.00087668202764977,0.000966635944700461,0.000871520737327189,0.0012578801843318,0.00156387096774194,0.000257327188940092,0.0178145622119816,0.00127557603686636,0.000904700460829493,0.00135963133640553,0.00105069124423963,0.0286827649769585,0.000195391705069124,0.000255852534562212,1.10599078341014e-05,0.000115023041474654,0.00149456221198157,0.000730691244239631,0.00793437788018433,9.5852534562212e-06,0.0200294930875576,8.11059907834101e-05,0.00040258064516129,2.87557603686636e-05,0.000925345622119816,0.000135668202764977,0.000154838709677419,8.84792626728111e-06,0.000822857142857143,0.00113548387096774,0.000154838709677419,0.0288648847926267,0.000750599078341014,0.0016073732718894,3.31797235023041e-05,0.000525714285714286,0.00186764976958525,0.000605345622119816,0.000272811059907834,0.0128132718894009,0.00487299539170507,0,3.61290322580645e-05,0.000290506912442396,0.00131244239631336,0.00164497695852535,0.00260423963133641,4.64516129032258e-05,0.00280552995391705,0.00216405529953917,0.0458610138248848,0.000573640552995392,0.00352516129032258,0.00121585253456221
0.00420155426482672,0.0024171394081158,0.000371361363751746,0.0128274796127312,0.000121280040313861,0.00100972684726424,0.00638741545653004,0.00588443234360046,0.000184270448848968,0.000727680241883169,0.0011657926355751,8.55541369655922e-05,0.000406147111748745,0.000943915972675325,0.00126638925816102,0.000465376898878771,0.00246696764173312,0.000172048429282455,0.000132561904529104,0.149433932463,0.00061486159973074,0.000718278688370466,0.00053964917162912,0.000207774332630724,0.0435404746280275,0.00193013893615781,0.0312385418566564,0.000512384666442283,0.000995624516995188,0.00145818094982015,0.00110468253774254,0.000139142991987996,0.000143843768744347,0.000234098682466291,0.000351618101375071,0.000207774332630724,0.000736141640044601,0.00092417271029865,0.00140083147339266,0.00183800371173333,5.17085443198634e-05,0.000726740086531899,0.000256662410896777,0.00278568030581373,0.000474778452391473,0.000392044781479692,0.000264183653706939,0.00206552130674073,0.00239269536898277,0.00881019579675346,0.00124382552973053,0.00575469090512516,0.000515205132496094,0.00121092009243607,0.000489820938011797,0.00206270084068691,0.00328960357409458,0.000206834177279454,0.0372583565708398,0.000218116041494697,0.0301112955904834,0.00545948212482631,0.0182963632910702,0.00879703362183567,0.00224227051277953,0.000169227963228644,0.000150424856203239,0.00591545747019238,0.00307336784330243,0.000891267273004191,7.52124281016195e-05,1.22220195665132e-05,0.00315610151421421,0.000179569672092617,0.000133502059880375,0.000216235730792156,0.335907165299994,0.00370421208400476,0.00362993981125441,0.0134329396589492,0.00038358338331826,0.00368916959838444,0.000189911380956589,0.000465376898878771,0.0108644352392789,0.0016903993215839,0.00326609969031283,0.0526007517482189,0.000691014183183629,0.00799602126255342,0.115344839581292,0.000822635932361463,0.011181267592657,0.00241431894206199,0.00019461215771294,0.00101160715796678,0.00077280769874414,0.000543409793034201,0.00034691732461872
0.000388726417317826,0.000104607441205129,0.00064055914614499,0.000312530873723967,0.000198237558333177,0.000570175127062526,0.00594389812526677,0.00476415864945336,0.000826527930509664,0.000486876609065849,0.0496885345724365,0.000766475510558572,0.00531625347803599,0.00334808384350985,0.000322216747909627,0.000110418965716525,0.00857006147947208,0.0162748515316919,0.000450716012106051,0.000205340532735995,0.447138050181868,0.000588255425542425,0.00170471385667618,0.00287864180797819,0.00873665851546544,3.48691470683765e-05,0.000108481790879393,0.000121396289793607,0.000206631982627416,0.122167285378786,0.00157750604237118,0.015049265584733,0.000399058016449197,0.000891100425080732,0.000798116032898394,0.000151099637296298,0.0010886922584682,0.00100281084068868,0.000823945030726822,0.00502955160214045,0.0025222016379459,0.00077486993485281,0.00137151978468947,0.000308010799103992,0.00108223500901109,0.00371291843783638,0.00320731580534492,0.000170471385667618,8.39442429423878e-05,0.0012946785161499,4.26178464169046e-05,0.0104775329691014,0.000158202611699115,2.32460980455843e-05,0.00900915444255534,0.000194363208658913,0.00559133230490874,2.32460980455843e-05,6.90925691910422e-05,0.00487974341473557,0.00161947816384237,5.23037206025647e-05,0.00065024502033065,0.00122687739685028,0.000665742419027706,0.000432635713626152,0.00105705173612838,0.000158848336644826,0.00017240856050475,0.000105898891096551,0.0396810893638124,0.0059096747031441,0.000292513400406936,0.0406354708335728,0.00983051657349932,0.00873730424041115,0.0422071653514326,0.00335518681791267,0.000348045745738054,7.87784433767024e-05,0.00881156260916787,0.0024318001455464,0.00100668519036294,0.0191153955678731,0.0156013604133156,0.000523037206025647,6.26353197339355e-05,0.000435218613408995,2.32460980455843e-05,0.000223420831215894,0.00154651124497707,0.000370000393892217,0.000164659861156222,0.0108727166358764,0.000873020126600833,0.000873665851546544,0.023324876488961,0.000695445766530397,0.00104542868710558
8.89046328962304e-05,3.10132440335687e-05,0.0430153694745598,0.000341834867570002,2.4810595226855e-05,0.00909928579944907,0.039903018139991,0.0010268829691115,0.011459738262004,0.0408251452625891,0.00015230948736486,0.00249897828590489,0.000220538624238711,0.00015230948736486,5.09995568552019e-05,0.0029007720919398,0.0015906348273217,0.000211579242629013,0.00768921697072281,0.000394212790826696,0.00167953946021793,0.211615080155452,0.00646936270540244,0,0.00266507143728467,0.000376983210808047,0.000177120082591715,0.137083362910779,0.00180634916915519,0.00195796947331931,0.155738173788571,0.000637494460690024,0.0604413667054217,0.00179049795553803,0.000450725813287866,0,0.000454171729291595,0.00483048505402852,0.000201241494617824,0.00114817921244279,0.000618197331069137,0.00533358879057308,5.51346560596778e-05,0.00455550095693087,0.00334529525642095,0.000151620304164114,0.000345280783573732,0.00135079907346211,0.00904690787619237,0.00184218669559398,0.000560995125407221,0.0223791568946232,0.0113129422402451,0.000648521391901959,0.000804965978471295,0.00116403042605995,0.0897158015235084,0.000625089163076597,0.000117850327327561,7.02966864760891e-05,0.000459685194897563,0.000957275465836155,0.000981396877862264,0.00435012436310857,2.89456944313308e-05,0.00142729840874491,2.68781448290929e-05,0.000247416769067804,0,0.00139146088230612,0.00162853990336273,0.000348726699577462,2.06754960223792e-05,0.000351483432380446,0.000171606616985747,0.000164025601777541,0.0195583300539699,0.000436942149272946,0.00182220038277235,2.89456944313308e-05,0.000231565555450647,0.00702208763240071,8.27019840895166e-06,0.00130255624940989,0.00650726778144347,0.00247968115628401,8.27019840895166e-06,0.000117850327327561,0.000409374821243107,0.000727777459987746,0.00212819772390356,0.00256858578918024,2.06754960223792e-05,0.00119573285329426,0.000352172615581192,0.0344384845412762,0.000342524050770748,0.000269470631491675,0.000222606173840949
0.000187999342494446,1.6732925771757e-05,0.000699583940722134,0.000229339512048199,8.93242949286439e-05,0.00160759123627777,0.00826262031711847,0.000762332412366223,0.00147914142373575,0.00213394018077466,0.000139276999806095,0.000536683986885323,8.04656871671255e-05,0.000217528035032841,0.000113439393835,0.0170053279604237,0.00143066515348522,0.000137062347865715,0.000546526884398122,0.000241150989063557,0.000121313711845238,0.00280251899433148,0.447765465406645,0.0002194966145354,0.00159479546951113,0.000179632879608568,9.64603956254226e-05,0.002661027342585,0.0039890802894993,0.000429150331558003,0.0343967435757869,0.000340072109067179,0.00128425205298235,0.000685557811766397,0.000358527541903675,1.59947084582971e-05,8.41567737344249e-05,0.000324077400608882,7.16070794056071e-05,0.000244596003193036,0.000405773449965107,0.00112750391009104,0.000409464536532406,0.00373365709904219,0.000226386642794359,0.000116638335526659,7.43138762216266e-05,0.00163564349418925,0.0622585414203892,0.00148307858274087,0.000407988101905487,0.025567418434369,0.00789597238476674,0.000370092946481213,0.000426689607179803,0.00160955981578033,0.0234174835451361,0.00141467044502693,0.000115900118213199,0,0.000585160257135855,0.000685065666890757,0.000753473804604704,0.000926216655954313,2.85444027871149e-05,0.000151088476821453,4.33087490563122e-05,0.000193412936126485,4.40469663697721e-05,0.00958132251139561,0.000407988101905487,7.03767172165073e-05,9.35075263715831e-05,6.81620652761277e-05,0.000133617333736236,0.000116392263088839,0.0190489595565184,0.000620840760619748,0.00129507924024643,1.84554328364967e-05,0.000119345132342679,0.28741236130127,9.52300334363229e-05,0.000418323144293925,0.00368419653904038,0.000623301484997948,8.8586077615184e-06,1.72250706473969e-05,0.0003317056461813,0.00106278685894439,0.000841321664906429,0.00156674321159966,6.52091960222883e-05,0.000462616183101517,8.09578320427654e-05,0.00114423683586279,0.000380427988869651,0.0002231877011027,0.000318909879414663
0.00320236856845643,0.000676162278946947,6.96167080099224e-05,0.00032407777866688,0.00887252940705769,0.000608946147075298,0.00470192846283108,0.00716011842842282,0.000242458189965592,0.00020324877970713,0.0227982715851804,0.000280867408177963,0.00506441545971033,0.143064735536529,0.00561654797151316,0.000575338081139473,0.00190605745378891,0.00547331359526286,0.000256861646795231,0.00166199887973114,0.0160990637753061,0.000287268944546691,0.000933824117788269,0.207725854205009,0.0185996639193406,0.00015043610466512,0.000697767464191406,0.000275266063855325,0.000156837641033848,0.0186508762102905,0.00347203328798912,0.000677762663039129,0.000142434184204209,0.00030167240137633,0.000678562855085221,0.000808193966551972,0.00691766023845723,0.000825798191565976,0.00675282067696247,0.00185724573897735,0.000328078738897335,0.000853004721133072,0.0360726574377851,0.000316075858205969,0.000111226694406658,0.00148195566936065,0.044393854525086,0.000565735776586381,0.000193646475154037,0.00239417460190446,8.72209330239257e-05,0.00257981915659758,0.00027126510362487,0.000189645514923582,0.000945026806433544,0.00015843802512603,0.00304313035128431,0.000111226694406658,0.00082179723133552,0.000633752100504121,0.00127230535328479,0.0005729375050012,0.00109546291109866,0.00150116027846683,0.00319036568776506,0.000245658958149956,0.0247443386412739,0.000313675282067696,0.00129711130671361,0.000409698327598624,0.00216131871649196,0.000332079699127791,0.00320957029687125,0.00175402096503161,0.00379691125870209,0.0013875330079219,0.0846443146355125,0.0587332959910379,0.000325678162759062,0.00048971753220773,0.0402208530047211,0.00183644074577899,0.0700208049931984,0.00488597263343202,0.0217700248059534,0.00082179723133552,0.00039209410258462,0.00257661838841322,5.04120989037369e-05,0.00121549171801232,0.00391613987356966,0.000220052812675042,0.000224853964951588,0.00463471233095943,0.00025606145474914,0.000239257421781228,0.0595999039769545,0.000590541730015204,0.000728174761942866
0.00268084435731116,0.00030469360668181,0.000254603355887787,0.00183796766802408,0.000487916146623263,0.000747201659992678,0.00685856562723949,0.0181105851389382,0.00117354301860283,0.000990055450879398,0.000933957903693851,0.000401517089698123,0.00097857091366031,0.00271052746889281,0.0019095251691584,0.000677852723708184,0.00426791905839516,0.000235609698179294,0.000409202895375513,0.00274983992321968,0.000996857830616857,0.000412648256541239,0.000405315821239821,0.000453815905341971,0.274758453679504,0.000359112644581489,0.00102592254404055,0.000675820844046345,0.000875298421282508,0.00315012021660191,0.00265990716253482,0.000226333725810031,0.000533412582529651,0.000598344389114496,0.00114235808292331,8.89609921509372e-05,0.00376127428184539,0.000916819440459212,0.00784508737435916,0.00249081943763225,0.000513447156287236,0.00144130942099557,0.000314499634615031,0.00059224875012898,0.000171207947158407,0.000553554693960052,0.0002002726605821,0.00153742616325994,0.000457879664665648,0.00591824705677814,0.000474576414930322,0.0131103059763411,0.000413620025075162,0.000277219059949991,0.000820349327818871,0.000765753604731205,0.00964550943993622,0.000102477409031864,0.000956573607756056,0.000113343548093001,0.0146627503805799,0.00141586675392559,0.00570481134969108,0.00450962439555997,0.000332963236759565,0.000240821911224881,0.0002002726605821,0.000926095412828475,0.000172974799038267,0.000711952964989477,0.000335260144203383,6.91722510965083e-05,0.000303103439989936,0.000574138518360418,0.000648346297314527,0.00055231789764415,0.498672475840067,0.00311937699389235,0.00214372138583381,0.00153804456141789,0.000570693157194692,0.00491290833713795,0.000688277149799356,0.000433143738347612,0.0252230473813135,0.0013062335947803,0.00038694056168928,0.00273976886750448,0.000168469326744625,0.00259674220782984,0.0245552657133205,0.000617073019041009,0.000464505359215122,0.00383097658850585,0.000273773698784265,0.000996239432458907,0.00168557669338618,0.000606295222573865,0.000632974685959747
0.000732926214987917,0.000182524096010504,0.000155640702024461,0.0715084130874022,0.000254684785130936,0.00308876047744908,0.00474845632721901,0.00136680834686936,0.000591434667692952,0.000946578451403313,6.36711962827341e-05,9.47993366876263e-05,0.000299962080265325,0.00071736214478547,9.33844212146766e-05,0.000616903146206046,0.00191862538131972,0.000123097646146619,0.000670669934178132,0.00257514616076836,0.000124512561619569,0.000819236058837845,0.000633882131881441,0.000133002054457267,0.0129379870846516,0.156924030358426,0.00249591089428318,0.00222990678536864,0.0106939311445534,0.000653690948502736,0.00171912229963382,0.00012168273067367,0.000625392639043743,0.000142906462767914,0.000403250909790649,4.24474641884894e-05,0.000636711962827341,0.00108382525227943,0.000897056409850076,0.00107250592849583,0.000224971560198994,0.00145877785261109,0.000297132249319426,0.0191678599120489,0.000241950545874389,0.000182524096010504,7.78203510122305e-05,0.00590019752220002,0.000403250909790649,0.0124286175143897,0.0348649321689522,0.0306060365953738,0.000546157372558563,0.0179114149720696,0.000397591247898851,0.012475309724997,0.0160776845191268,0.00195116843719756,0.007783450016696,8.20650974310795e-05,0.00183514536841569,0.0443717492317009,0.0277111195377188,0.00344814900757829,0.000430134303776692,1.83939011483454e-05,6.36711962827341e-05,0.0213029673607299,0.000434379050195541,0.00307885606913843,0.000353728868237411,8.20650974310795e-05,0.000379197346750505,0.000130172223511367,0.000434379050195541,0.000172619687699857,0.0829663985873484,0.00148424633112418,0.00772543848230507,0.00104137778809094,0.000166960025808058,0.0043777484733062,0,0.000133002054457267,0.006603410512256,0.00450084611945282,0.000207992574523598,0.00116306051876461,0.0489985228282462,0.257199089926368,0.00700666142204665,0.0162602086151373,0.00456451731573556,0.00231480171374562,5.51817034450362e-05,0.000147151209186763,0.000191013588848202,0.000166960025808058,0.000258929531549785
0.00462592544713203,0.0039463616257822,0.00066209431437426,0.0155688246166317,0.000352884040906598,0.000829801581339771,0.00362492269743163,0.0038397976332312,0.000368606597184614,0.000426255970204009,0.000613179694842652,0.000214874935799562,0.000595710187867078,0.000883957052964051,0.00165785621198199,0.000796609518086181,0.00354281601464643,6.63841265071817e-05,9.78292390632152e-05,0.0953992306429128,0.00132244167805096,0.000389570005555303,0.00334366363512489,0.000620167497632882,0.0447865750332794,0.00339956605744673,0.1221572744774,0.00066209431437426,0.0028632521932966,0.0010010027497004,0.00325456914954946,0.000253307851145825,0.000122286548829019,0.000639383955306013,0.00150063064920182,0.00086474059529092,0.00115124050969034,0.00080359732087641,0.00246494743425351,0.0027933741653943,0.000221862738589792,0.000807091222271525,0.000731972342276556,0.0020509201189324,0.00184477993662063,0.000819319877154427,0.000842030236222673,0.0025802461802923,0.00242651451890725,0.0119631183768732,0.000545048617637913,0.00643401941910395,0.000401798660438205,0.00179935921848414,0.000403545611135763,0.00112154234783186,0.0049718216852484,0.000660347363676702,0.0231069168765919,0.00010132314045833,0.0162256780789133,0.0064689584330551,0.0124872035861404,0.00440231575784468,0.000842030236222673,0.000719743687393654,0.000572999828798832,0.00445821818016652,0.00179586531708902,0.00135738069200211,0.000146743858594823,4.36737674389353e-05,0.00227278285752219,0.000536313864150126,0.000178188971150856,0.000408786463228435,0.272339132045015,0.00558674833078861,0.00475694674944884,0.055362614556292,0.00130497217107539,0.00644799502468441,0.000172948119058184,0.00060793884274998,0.0131685143581878,0.00196182563335698,0.0115525849629472,0.0421172343674117,0.0013206947273534,0.0065266078060745,0.088755577140102,0.00135563374130455,0.0259264953024496,0.00317246246676426,0.000386076104160188,0.0027933741653943,0.00257675227889718,0.000641130906003571,0.0019076701617327
0.000180093552810538,2.83517566508829e-05,0.00471996850159768,0.000161724809064895,0,0.0110831409273979,0.0367610474017412,0.00088768950753398,0.00697293485405234,0.056839282277277,0.000243585514887867,0.00136927005008278,0.000362583028718333,0.000613755633414182,0.000215633078753194,0.00607126912845103,0.00178057018177869,0.000243186194371657,0.00160886235980855,0.000291104656316811,0.000868122802239709,0.046727688165817,0.0048245904768446,0.000113407026603531,0.00286632266535264,0.000343016323424062,0.000111809744538693,0.330081133942483,0.000904061648698575,0.000892082033212286,0.147327707173474,0.000150543834611026,0.0217306231716112,0.00161045964187339,0.000470798888611139,2.31605899401578e-05,0.000291903297349231,0.00418128512523091,5.35089491720888e-05,0.00165398557814024,0.000101427411117243,0.00228051946807313,9.26423597606313e-05,0.00168752850150184,0.000633322338708454,0.000118997513830466,0.000213237155655936,0.00266666240724783,0.00817848349248918,0.00269102095873661,0.00038654225969091,0.0312651991371482,0.0276417647730622,0.000472396170675978,0.000308674759030034,0.00107656811170113,0.169287540321389,0.000370569439042525,6.50892441421677e-05,6.66865262070062e-05,0.000118198872798047,0.000923628353992846,0.000623339325803213,0.00370888895455493,3.47408849102367e-05,0.000698012262334412,2.47578720049963e-05,0.000194868411910293,5.79014748503946e-05,0.0019762372347214,0.000143755385835462,2.15633078753194e-05,4.47238978154772e-05,0.000414095375309374,0.000120594795895305,0.000132574411381593,0.0145153007642196,0.000696015659753364,0.00140720549912269,0.000155735001321751,0.000264749502246977,0.00681360596808471,0.000168113937324249,3.59388464588656e-05,0.00586162585744098,0.0032800187201458,0,5.83007953666042e-05,0.000299091066641004,0.00060576922308999,0.000638513505419179,0.00313346809069687,0.00012578596260603,0.000797043750354397,0.000196865014491342,0.0057086860997327,0.000232005219917788,0.00021962628391529,0.000283517566508829
0.000289894855392493,4.56648533273131e-05,0.000297591178986984,0.00109954809753294,9.49213243320553e-06,0.00247642038858738,0.00521502886762708,0.00090637037531122,0.00116060559804924,0.0014953956744096,9.20993390140753e-05,0.000108774706802139,4.18166915300676e-05,8.82511772168298e-05,6.72145593918878e-05,0.00434098305141272,0.00120909243669453,2.07800737051256e-05,0.000522067283826304,0.000285790149475431,0.00015597882484835,0.000645978093697609,0.00256749355112219,0,0.00353748686814787,0.0018042747946685,0.000112622868599385,0.00090354838999324,0.524650939656975,0.000211905442968318,0.00409264834343048,1.00052206728383e-05,0.000771171624167995,0.000529250519181162,0.000215240516525931,2.43716913825547e-05,6.69580152720715e-05,0.000225502281318585,0.000218062501843911,0.000659574932047876,0.000137507648221572,0.000544643166370144,7.23454417882151e-05,0.0964287775800963,0.000391486326839774,0.000102874192046363,4.89999268849258e-05,0.00164367817566346,0.00196051016363667,0.00155080920428993,0.00699903667683009,0.0596134136658487,0.000998213170205479,0.00149744802736813,0.000106978897963425,0.0931180757138661,0.0222965059973602,0.0206025451742127,0.000425863238895167,0.00015880081016633,0.000188046839825396,0.00358802605975169,0.00463575224508173,0.000732433462075724,7.85025006638079e-05,0.000223706472479871,3.41203679355766e-05,0.000733972726794622,0.000142125442378267,0.0201756557588383,0.000121345368673141,1.56491913087983e-05,5.28480886821713e-05,0.000136994559981939,0.00150309199800409,6.56752946729896e-05,0.0232413579906438,0.00077578941832469,0.000603648313927909,2.48847796221875e-05,6.25967652351932e-05,0.0237228913035392,3.84816179724549e-06,0.000647004270176874,0.00389921407708894,0.0006960041970618,7.74763241845425e-05,7.67066918250934e-05,0.00565500203311215,0.00714988461928211,0.00166702369056674,0.0267778186823124,0.000135968383502674,0.00105388324420563,8.56857360186662e-05,0.000587742578499294,0.000419706180019574,0.000189329560424478,0.000144177795336798
0.00075985217421338,0.000257121695314629,0.000415424231609083,0.000603948161196115,0.000915276482575208,0.00123475978309674,0.0117177456183777,0.00670579137836417,0.00195767469884142,0.00320634591694585,0.0178891460105842,0.00121317307360204,0.00529162205413371,0.0122348672369396,0.00183630942101567,0.000492176976479121,0.00823365070593337,0.00794007145680547,0.000753136309037252,0.000635128963799568,0.148940140534276,0.000578523814457914,0.000346826465881486,0.0041436888136712,0.0291070393779958,0.000423579210751525,0.000229778529954678,0.00165833899384827,0.000517601323217322,0.263201951822302,0.00569265514607966,0.028866227640966,0.00407748957122079,0.00138202911231613,0.00144295160355672,0.000238413213752557,0.00176771165528807,0.00200996250628413,0.00150579291341907,0.00464977722515801,0.00355844913403716,0.00379062618726902,0.00256785902055822,0.000708044071426104,0.00112011037044712,0.00467999861845059,0.00297800650095749,0.00100929859504101,0.000263357855835319,0.00176243490407826,0.000177490722511964,0.015979921481942,0.000696531159695599,0.000422140096785211,0.0100747571735034,0.00044372680627991,0.0116630592876578,3.54981445023928e-05,0.000119926163859435,0.0077865659670654,0.00237789597700488,0.000902804161533827,0.00293915042386703,0.00312575553483231,0.00114889264977339,0.000983394543647367,0.00155616190224003,0.000313726844656282,0.000988191590201745,0.00107357901886966,0.0189718394179072,0.00893737743546053,0.000761291288179694,0.0235045687071384,0.0138500328117984,0.00751169519949957,0.11222258679776,0.0115546460355288,0.000640885419664821,0.0001741327899239,0.00492560740203471,0.00679069910237665,0.00265372615388158,0.0189948652413682,0.0236326498501403,0.000600110523952613,0.000248487011516749,0.000712361413325044,8.77859519451064e-05,0.00105582994661847,0.00821590163368218,0.00090424327550014,3.45387351915173e-05,0.0151615453397652,0.00226900302022051,0.00129760109295909,0.0410775893497891,0.0010193723928052,0.00186796992827456
0.00015031421191577,1.65638599337468e-05,0.00300797442810457,0.000321812135855652,1.73526151686871e-05,0.00240885848750775,0.0171710887853316,0.00106605903968149,0.00268052832628505,0.00721609628583047,0.000355390573000255,0.000571284148735349,0.000187836425235074,0.000498605987801562,8.95800588253654e-05,0.00371886825342435,0.00160917335859754,0.000270768404223086,0.000815685592247573,0.000162708937036261,0.000336235088723133,0.0167858381927229,0.0147718080399624,0.000134651786536241,0.00308177938223112,0.000220288069186905,0.0001106510915302,0.0339787867659942,0.00138933600668774,0.000674498405193255,0.653383878271179,3.38037957831568e-05,0.00298791750927323,0.000727570364572811,0.000291388719650811,1.72399358494099e-05,0.000119552757753098,0.00143891490716971,0.000102988897819351,0.000841601835681326,0.00016755414776518,0.00113884987993455,3.78602512771356e-05,0.0012146830618081,0.00038164485439184,7.05372538675204e-05,0.000144116849355525,0.00145457733254924,0.0369505911326108,0.00158044013218186,0.000556072440632929,0.0342624006126149,0.0202795731662314,0.000425477109590666,0.000107383391271161,0.000978169170645279,0.0477234101314258,0.000417364198602709,8.98054174639198e-05,1.70145772108556e-05,0.000330150405482164,0.00052395883463893,0.000996648579006739,0.00234598342735108,5.40860732530508e-05,0.000246316991939936,1.91554842771222e-05,0.00024011962937969,0.00010862286378321,0.00223803663948353,0.000109862336295259,1.69018978915784e-05,4.65365588614791e-05,0.000149863494638662,0.000118538643879603,0.000173413472367594,0.0195526788775743,0.000597087712849826,0.000997211975603124,3.67334580843637e-05,0.000273247349247184,0.0329961104225779,4.06772342590653e-05,0.000169920413470001,0.00490064895400351,0.000992817482151314,2.28739018132694e-05,0.000178033324457959,0.00022851365949414,0.000816474347482513,0.000999578241307946,0.00177898109274826,2.03949567891712e-05,0.000722950512482446,0.000119327399114543,0.00349542516329769,0.00113727236946467,0.000216344293012203,0.00022569667651221
0.000442511664881609,0.000137061135140321,0.000675515594620155,0.000977050091928861,0.000908519524358701,0.00120222195680225,0.00908911127601959,0.00521419718398108,0.00276080286496933,0.00105341272436418,0.0141251289843182,0.000751878227055477,0.00748549599487783,0.00894226005979781,0.00224388658386869,0.000442511664881609,0.0120398417139691,0.00451322737854915,0.00151158851897611,0.000759710291920638,0.115613025507077,0.0016564817189816,0.00168780997844224,0.000996630254091764,0.0144364535627084,0.000362233000013706,0.000278038302713223,0.000544328508128704,4.69923891909673e-05,0.154450277157195,0.00135690523788918,0.2330705022899,0.00118264179463934,0.00152725264870644,0.00102600049733612,4.69923891909673e-05,0.00190906581088305,0.0010299165297687,0.000671599562187574,0.00551573168128978,0.00662984290835897,0.00304471521633142,0.000413141421637254,0.000238877978387417,0.000234961945954836,0.00927316480035087,0.000622649156780316,0.000317198627039029,0.00305450529741287,0.00128445863788644,0,0.0112722993571833,0.000471881908125963,0,0.0538043276074412,0.000595236929752252,0.00748549599487783,0,0.000174263443249837,0.00577223180562381,0.00244164622171401,0.000671599562187574,0.00196389026493917,0.00263353181091046,0.000305450529741287,0.00167997791357708,0.000640271302726929,0.00058153081623822,7.83206486516121e-05,8.22366810841927e-05,0.0151432974167892,0.00459742207584963,0.000152725264870644,0.0812204706679381,0.00823150017328444,0.0135416401518637,0.0578730853048925,0.00281758533524175,0.00100446231895693,5.28664378398382e-05,0.00474818932450399,0.0017367603838495,0.00307800149200836,0.00907148913007298,0.0120672539409971,0.000828240859490798,0.000137061135140321,0.000640271302726929,0,0.000765584340569509,0.00599348763806462,0.000174263443249837,0.000105732875679676,0.0189868832493671,0.0105380432760744,0.00193647803791111,0.0123276700977637,0.00182095508114998,0.00195605820007401
0.000229288238545805,1.59168195613411e-05,0.024384997752287,0.000291664963853763,3.87165881221809e-05,0.0174112798628572,0.134140502498295,0.0032440199003263,0.0554791500418354,0.149934719530583,0.000200465889610404,0.00518544170249744,0.000282631093291921,0.000239612662045053,9.3349995805703e-05,0.00209542778603493,0.00764050357375618,5.03315645588352e-05,0.0228324625685875,0.000413407124282399,0.000326940077476195,0.0434576494298982,0.00159168195613411,0.000171643540675002,0.00337651666856665,0.000118300685928886,0.000112708289866793,0.026726490965054,0.000616023935455146,0.0014544531604566,0.0192361217163494,0.00127248519628235,0.236524368865841,0.00510413686744085,0.00174138609687321,1.29055293740603e-05,0.000140670270177257,0.00590686079450741,0.000205628101360028,0.00205972248810003,0.00102900087542508,0.00428162446200074,0.000120881791803698,0.000882738209185726,0.00776568720868456,0.000220684552296431,0.000227997685608399,0.00114902229860384,0.00234063284414207,0.000867681758249322,0.000206058285672496,0.0189749998386809,0.00316529617114453,0.000625487990329457,0.00136497482346311,0.000903817240496691,0.0538397176270173,0.000285212199166733,0,0.000332962657850756,0.000301559203040543,0.000670227158826199,0.000593654351206775,0.0050994048400037,0.000113568658491731,0.00211177478990874,0.000135938242740102,0.000187990544548812,6.45276468703016e-06,0.000887040052310412,0.000758845127194747,0.000353181320536784,5.5923960620928e-06,0.000434055971280895,0.000246495611044552,0.000304140308915355,0.0278892791616568,0.000611722092330459,0.0028374957250434,2.75317959979953e-05,0.00027961980310464,0.00353912633867981,7.18407801822691e-05,0.00243054136544803,0.00607248175480785,0.00511575184387751,4.30184312468677e-05,0.000177666121049564,9.4640548743109e-05,0.000566982923833717,0.00114730156135396,0.00188506765723774,6.32370939328956e-05,0.000698619323449132,0.000710664484198255,0.0585592697191112,0.000911130373808658,0.000745509413508218,0.000366517034223313
0.000255829400265685,3.71256385609832e-05,0.00567887267661004,0.000460357918156192,2.70004644079878e-05,0.00478178224665464,0.0932555539955287,0.00258326943223423,0.0705002376040868,0.00497011048590036,0.000766138177576654,0.0372309403721744,0.000496133533496776,0.000340880863150846,0.000124202136276744,0.00148232549599853,0.191762698318411,0.000255829400265685,0.0492724724865268,0.000533259172057759,0.000955816440042769,0.00400551889492499,0.00169630417643183,0.0002207287965353,0.0044395513602834,0.000436732511799203,0.000223428842976099,0.00316107937056517,0.000826214210884427,0.00218433757060621,0.00570249808296703,0.00109216878530311,0.00964861595619445,0.213605399012863,0.0179802842608893,1.82253134753918e-05,0.000467108034258189,0.00557627091185968,0.000136352345260338,0.00676834141547235,0.010093448607316,0.00563702195677766,5.06258707649772e-05,0.000585235066043136,0.0155090667559482,0.000745887829270663,0.000847139570800618,0.000616285600112322,0.0019987093778013,0.00224981369679558,0.000232879005518895,0.0166154107850655,0.000673661586979296,0.000520433951463965,0.0039899936278904,0.000489383417394779,0.0186208702789688,0.000105301811191152,6.95261958505686e-05,0.00015457765873573,0.000209928610772105,0.00116777008564547,0.00182523139397998,0.00371053882126773,0.000107326846021752,0.0484881089954747,0,0.00033143070060805,6.68261494097698e-05,0.000112726938903349,0.000578484949941139,0.00011137691568295,4.18507198323811e-05,0.0020047844822931,0.00130007236124461,0.000912615696989988,0.0435976498795779,0.000591310170534933,0.00170170426931343,0,0.000650036180622307,0.00450772753291357,3.64506269507836e-05,0.000439432558240002,0.0148286550528669,0.00352423561685261,2.63254527977881e-05,0.000563634694516746,7.62763119525656e-05,0.000727662515795272,0.00228896437018717,0.00107664351826851,0.000313205387132659,0.00441120087265501,0.0057639241394952,0.0102574764285946,0.00120962080547785,0.0157426207730773,0.00293090041148708
0.000367880638616195,6.86573893796241e-05,0.00243989916586396,0.000359682741376837,4.40636976615498e-05,0.00182198266144734,0.0488102801631382,0.005900436538028,0.0127016170352305,0.0024890865493001,0.00115077982497489,0.0456038776053942,0.00151148730350665,0.00194085217141803,0.000556432275121431,0.0007777755005841,0.205970118664563,0.000315619043715287,0.00478142356485561,0.00123275879736847,0.00270428135183325,0.00276166663250876,0.000564630172360789,0.000148586887463366,0.0121359621257148,0.000443711188080257,0.000353534318447318,0.00289283298833849,0.00103600926362388,0.00479781935933433,0.00549054167606009,0.00128399565511446,0.00416555653474884,0.0183489434959933,0.161666632508762,0.00013014161867481,0.00117127456807329,0.0126350091201607,0.000395548541799029,0.0191605353226897,0.0132221835099297,0.0917949296005575,0.00013014161867481,0.00185067530178509,0.00174307790051852,0.00370954850080954,0.000813641301006292,0.000740884963006989,0.00109646875576415,0.00650093251081098,0.000590248601233783,0.00966532084520321,0.000319717992334966,0.000471379091263091,0.00461336667144877,0.000871026581681799,0.0138401000143463,0.000244912180025823,0.000314594306560367,0.000167032156251921,0.000482651199967208,0.0008659028959072,0.00261922816797491,0.00856270366650954,0.000182403213575718,0.00814461090730228,0.000109646875576415,0.000526714897628758,0.000188551636505236,0.00135982620457853,0.00103395978931404,2.66431660279138e-05,0.000299223249236571,0.00247781444059599,0.00101039083475089,0.00124403090607259,0.0829289037361917,0.0012962925009735,0.00118049720246757,0.00115897772221425,0.00115795298505933,0.00808210194085217,9.9399504027217e-05,0.00249011128645502,0.0531920562375751,0.00280982927878999,1.22968458590372e-05,0.000267456397434058,0.000254134814420101,0.00128194618080462,0.00358145635644457,0.0031213493738856,9.63252925624577e-05,0.011443239808989,0.00464923247187097,0.00187629373065809,0.00362244584264136,0.00964892505072449,0.0327823663230381
0.00641760988503493,0.0069307450037744,0.000305600470715949,0.000624884544598284,0.0014139723271932,2.73672063327715e-05,0.00292829107760656,0.00252918598525364,2.96478068605025e-05,0.000200692846440325,0.00059295613721005,2.73672063327715e-05,0.000241743655939482,0.00310161671771411,0.014969861864026,0.000239463055411751,0.00101942843589574,0.000752598174151218,2.73672063327715e-05,0.0027618072390822,0.00104451504170078,0.000675057756208365,0.00169448619210411,0.00252234418367044,0.0110107393478851,6.1576214248736e-05,0.00204341807284694,0.000387702089714264,0.000396824491825187,0.00284618945860824,0.000561027729821817,0,8.66628200537766e-05,0,0.000132274830608396,0.149034963886691,0.000857505798426842,0.000161922637468898,0.000905398409509192,0.000442436502379807,0,0.00014139723271932,0.00723406487396261,0.000218937650662172,2.96478068605025e-05,5.47344126655431e-05,0.000462961907129385,0.00101258663431255,0.001347834911889,0.00260216520214103,0.00226691692456458,0.00200236726334778,0.00023718245488402,3.42090079159644e-05,0.000191570444329401,0.00049717091504535,0.00575851633252068,8.89434205815075e-05,0.00085294459737138,0.000444717102907538,0.00341862019106871,0.000748036973095756,0.002754965437499,0.000752598174151218,0.13122575436564,2.96478068605025e-05,0.00277321024172085,0.000301039269660487,0.0470145798791738,0,0.000275952663855446,0.000116310626914279,0.171747464542363,0.000483487311878964,0.000654532351458786,0.000164203237996629,0.050369343255466,0.249390509508964,0.000481206711351233,0.00683724038213743,0.00183588342482342,0.00481890891509552,0.00558747129294086,0.00296478068605025,0.0120803409953909,9.35046216369695e-05,0.0215357107833635,0.00758755795576091,0.000123152428497472,0.000880311803704151,0.0101030603378482,0.000116310626914279,0.000506293317156274,0.00947817579324988,0,0.000196131645384863,0.00660461912830887,5.70150131932741e-05,0.000405946893936111
0.00515471358906077,0.000409990289197141,0.000524518092986953,0.00162167520492296,0.00317790595053746,0.00330398277655818,0.008391327069272,0.0845667528672854,0.00103844958226224,0.000713152122758407,0.00432799608103179,0.00107887116007041,0.0196824211370205,0.0844887969672268,0.00216062957569855,0.00131658853432321,0.0038506364954877,0.00108464567118586,0.000244454303887497,0.00163033697159614,0.00435494379957057,0.000437900426255162,0.000369568711388972,0.00342813476554041,0.103905590592936,0.000548578555968005,0.000973005122953778,0.00101727637483892,0.000358019689158067,0.00965209532947917,0.00114431561937887,0.00108079599710889,0.000447524611447583,0.000196333377925391,0.00154660656042208,0.000191521285329181,0.136982952680769,0.00124921923797626,0.0278244818098088,0.0061700651268612,0.000425388985505015,0.00126654277132262,0.00147827484555589,0.00134931076397744,0.000114527803789812,0.00285453332807211,0.00175352654205913,0.00138588266770865,0.000182859518656002,0.00387469695846875,0.00159472748638418,0.00851740389529271,0.000663106359757817,0.000699678263489017,0.00173235333463581,0.00066888087087327,0.00622973507505421,0.000102016363039664,0.000780521419105355,0.00020018305200236,0.00388913323625739,0.00179202328282882,0.00204417693487025,0.00555219243750776,0.000420576892908804,0.000123189570462991,0.000553390648564216,0.00056878934487209,0.000835379274702156,0.000551465811525732,0.000469660237390152,0.000280063789099455,0.000376305641023667,0.00353688805821477,0.000704490356085228,0.00249458880187556,0.218464191775364,0.00570714181910574,0.00312112325790218,0.00146768824184422,0.00839421432482972,0.00207401190896676,0.00104326167485845,0.000590924970814658,0.0925942857362839,0.00225013449798806,0.000273326859464761,0.00503729852971323,0.00160531409009585,0.00242721950552861,0.00828449861363612,0.00181704616432911,0.00028680071873415,0.0443828924333694,0.00013185133713617,0.000373418385465941,0.00620856186763088,0.00103171265262755,0.00171984189388566
0.000419022864466088,0.000132153364946997,0.00212412359756271,0.000912180543414637,0.000391947540915971,0.0110222352871403,0.296853202752916,0.00606358317410464,0.0255346087100027,0.0111917783846088,0.00102499439154012,0.0471013932187918,0.00209189106952685,0.00399683347644576,8.38045728932175e-06,0.000952148878179094,0.0158719414554147,8.44492234539346e-05,0.00591337959345757,0.000370029421851591,0.00118228912835508,0.00566776772982437,0.000339086194937172,0.000353268507272948,0.00770228489944741,0.000630468248381282,0.00033521829157287,0.00403486785952806,0.00074714999987107,0.00376282532290547,0.00759591755692909,0.000464148403716282,0.00486324383004948,0.00546019024927348,0.0118267591869151,2.90092752322676e-05,0.000344888049983626,0.111898444329267,0.000382277782505215,0.00546534745375921,0.00115779240704784,0.0557197265650182,2.32074201858141e-05,0.00118228912835508,0.000919271699582524,0.00123708442601603,0.00047768606549134,0.00198294512476567,0.00057631760128105,0.00681266712565787,0.000159228688497113,0.0148978744581712,0.00131637644498423,0.000669147282024306,0.000705247713424461,0.000964397238832718,0.0300806844641793,0.000156650086254245,0.00028493554783694,7.09115616788764e-05,0.000596301768663278,0.00287385219967664,0.00492126238051402,0.0994676475669599,0.000114747799807636,0.00308787618583471,0.000308787618583471,0.000654320319127814,5.15720448573646e-05,0.000622732441652678,0.000366161518487289,1.54716134572094e-05,3.54557808394382e-05,0.000977934900607777,0.00032425923204068,0.00064851846408136,0.0623834794111504,0.00136730383928088,0.00900770228489945,0.000509918593527193,0.00155038459852452,0.00321100444293166,0.00012699616046126,0.000471884210444886,0.0267652466304115,0.0352353103476729,1.74055651393606e-05,0.00154845064684237,9.34743313039734e-05,0.00132604620339499,0.0027436327864118,0.0019726307157942,5.80185504645352e-05,0.00384276199243438,0.000660122174174267,0.00329287506414273,0.00136343593591658,0.000865121052482292,0.00197972187196208
0.0183822429314723,0.00162904416651183,0.000713968096899249,0.00110157066022564,0.0113392886344769,0.00054069513771025,0.00493236439651255,0.0175604141571662,0.0006026280428019,0.000972833722675585,0.00208205901162042,0.000614457923549744,0.00295190318425596,0.0328550582134514,0.0170886106779287,0.000831571029039574,0.00367004653318386,0.000951261587194224,0.000171185333174674,0.00294424855553677,0.0020723167568869,0.000684045457360587,0.00094847808584179,0.00161651841042588,0.210878758335717,0.00024355636833795,0.00139592592824551,0.000716055722913574,0.000714663972237358,0.00387532975792585,0.00192966231257468,0.00048293748464725,0.000858014291887694,0.000455102471122913,0.00121221483898488,0.000176752335879541,0.024201152508735,0.000738323733733044,0.112731108898228,0.00226437835020483,0.000572009527925129,0.00111896754367836,0.0008420091591112,0.000625591928959478,0.000523994129595648,0.00143071969515093,0.000895591560145549,0.00159772977629696,0.000423788080908034,0.00554334294337175,0.000347241793716107,0.00975060523757532,0.000481545733971034,0.000292963517343649,0.00124144160318544,0.000443968465713178,0.00720857262746523,1.67010081146023e-05,0.000585927034687298,4.59277723151564e-05,0.0150712680727524,0.00207927551026799,0.00430329309086253,0.00297834644710408,0.000197628596022794,0.000281133636595806,0.00080651951686767,0.000800952514162803,0.00102502437303372,0.000296442894034191,0.000316623278839336,4.45360216389395e-05,0.000867756546621212,0.00240842454519328,0.00154484325060071,0.00081556589626308,0.358017423326716,0.00741594347822154,0.00208345076229664,0.00273409420342802,0.00212659503325936,0.00227272885426213,0.0024432183120987,0.00107721502339185,0.022430149773249,0.000760591744552514,0.000985359478761537,0.00930663677186214,0.000464148850518323,0.00118577157613676,0.0160642821802331,0.000427963332936684,0.000411262324822082,0.00694483587432213,0.000455798346461022,0.000629071305650021,0.00198463646428524,0.00063811768504543,0.00118368395012244
0.00107519676783319,0.00017061691353383,0.000426852496404636,0.00100384787671904,0.000382181886315779,0.00248728438675318,0.0163599905199039,0.0627684114262457,0.00293399048764175,0.00213860545800404,0.00408922209855081,0.0027869497294326,0.00614096803693763,0.00402842043481875,0.000645862570868062,0.000892791776637023,0.0277671271462057,0.00192331793438136,0.000465939280232386,0.00209641654847568,0.00338938254049205,0.000854945843089519,0.000420648245003406,0.00115212948520844,0.0230599616080923,0.00106651081587147,0.000750714419548852,0.000917608782241943,0.000444844825468204,0.00603611618825684,0.00276027144840731,0.00118811414333558,0.000725276988803808,0.00245502227946678,0.0125021869986189,5.83199631715637e-05,0.00504901979032112,0.0042505326349828,0.00181970693598081,0.147809464957768,0.0034582497310457,0.0413922836484473,0.000462837154531771,0.000637176618906339,0.000316416821462739,0.00887021822833879,0.00132274639874227,0.000645862570868062,0.000326343623704707,0.00694752071909755,0.000105472273820913,0.00994541499617198,0.000423129945563898,0.000378459335475041,0.00409480592481192,0.000652687247409415,0.00781921804097039,0.000113537800642512,0.00123154390314419,0.000152624584470262,0.00245254057890629,0.00211564972781949,0.00555652755494175,0.00954772248135312,0.00020970369736158,0.00141270804406011,0.000138975231387556,0.000648344271428554,0.000220871349883794,0.00122596007688308,0.000805311831879677,0.000179302865495552,6.20425140123018e-05,0.00212743780548183,0.00166273937552969,0.00224345730668483,0.170257066952559,0.0019003622041968,0.00178620397841417,0.000459735028831156,0.00322186775265883,0.00383794991680099,0.000274227911934374,0.000566448152932315,0.18761159897208,0.00202506765736153,0.00038032061089541,0.00278881100485297,0.000243827080068346,0.0015094943659193,0.0116007092700202,0.000977790020833876,0.000193572643718382,0.0906664482770174,0.00127931663893366,0.00082020203524263,0.00308723549725214,0.00250217459011613,0.0348089524866019
0.00068532643011635,0.000346318289352129,0.00175717696681832,0.000616793787104715,0.000141634128890712,0.00168316171236576,0.0192521900748285,0.00863328548231903,0.00846332452765018,0.00150223553481504,0.00170235085240901,0.00517558520023868,0.00114403825400756,0.000485211112522376,0.000561053904121919,0.000722790941629377,0.229262707551109,0.000804116344669851,0.00520665333173728,0.00122719119419501,0.0102205014944685,0.00195820605298578,0.000223873300504674,0.000312508852133056,0.00873654133112323,0.000731014858790774,0.000472418352493537,0.00105448893380569,0.000168133417521878,0.00804024967812502,0.00386432729728273,0.00311412329844869,0.00202308362170347,0.0128713441261585,0.0236931053419825,0,0.000684412661542862,0.00183119222127089,0.000493435029683772,0.0192302596290648,0.183175875778645,0.010105366654209,0.000180926177550716,0.000855287384785205,0.00276871877767005,0.0128795680433199,0.000467849509626095,0.000463280666758653,0.000370990040836318,0.00178459002402298,0.00103164471946848,0.0092774923266284,0.000389265412306087,0.000181839946124205,0.0480888987169775,0.000457798055317722,0.0100130760282866,0.00032164653786794,0.000261337812017702,0.000108738460245128,0.000550088681240057,0.00147573624618387,0.00297431670670496,0.00345770028208036,1.3706528602327e-05,0.0107148502927258,0.000127013831714897,0.000570191589856803,5.20848086888426e-05,0.000475159658214003,0.00144649565183224,8.86355516283813e-05,9.04630887753582e-05,0.00815081567551712,0.000213821846196301,0.00161188776363366,0.0820984512536448,0.00190886255001741,0.00170052331526204,0.000162650806080947,0.000965853382177309,0.00235569538245327,8.77217830548928e-05,0.00362309239388177,0.0405594456714326,0.00110474620534756,0.000284182026354913,0.00114586579115454,5.57398829827965e-05,0.000596690878487969,0.0035573010565906,0.00103621356233592,0.000204684160461417,0.0147710689904411,0.054350954751094,0.00290943913798728,0.00193627560722206,0.0189150094712113,0.0613760075440733
0.000589953251745927,7.49820679677077e-05,0.000825274332977915,0.00153265233267327,4.48006066473725e-05,0.00526902292706414,0.0733848084443956,0.0100405233276759,0.00602780372807069,0.00698889463699012,0.00102192541689322,0.0175740990244314,0.00214241216841067,0.00147559050736451,0.000375381925171669,0.00125488857145956,0.0327053860232482,0.000617776786400611,0.00275311517481433,0.000951659202256819,0.00281300651212187,0.00254750396956954,0.000760667142339073,0.000372080827839757,0.0107021575500576,0.00118462235682316,0.000633810687727039,0.00259654884421509,0.000485732893124144,0.00441120920610024,0.00652108198652492,0.00102145383156009,0.00280876224412369,0.00441026603543398,0.0490670391562018,5.65902399756285e-05,0.00139683575673176,0.0325907907872976,0.00104173200088469,0.0268596142337658,0.00336759086388302,0.293310514891014,0.000220230350571821,0.000951659202256819,0.00110964028885545,0.00242347702695629,0.00081395628498279,0.000759723971672812,0.000828103844976697,0.00802025176054594,0.000334825586522468,0.0102649979462459,0.000627680078396346,0.000235321081231988,0.00210845802442529,0.000403205459826353,0.0161343490023848,0.000189105718585225,0.00043810277447799,0.000345672049184464,0.00102428334355888,0.00175807012190952,0.00342512427452491,0.0619715002119776,5.47038986431075e-05,0.00217589472706291,0.000426784726482865,0.000863001159628334,0.000143833526604722,0.000790377018326278,0.00128459844744677,0.000197122669248439,0.000132987063942727,0.00197782888714821,0.000727656169019956,0.00110539602085728,0.0868004680012846,0.00113557748217761,0.00370241645040549,0.000110822553285606,0.00145342599670739,0.00269322383750679,8.77148719622241e-05,0.00263899152419681,0.114029333550891,0.00780662360463795,1.88634133252095e-05,0.000852626282299469,0.000551754839762377,0.00178023463256665,0.0041890925141959,0.00124074101146565,0.000149964135935415,0.0130610273863751,0.00155293050199787,0.00226408118435827,0.00236264251898249,0.00192972718316893,0.0107092313300546
0.00480361684091551,0.000980348509806665,0.000482451398245912,0.000847697089573326,0.00505892539629612,0.000638725674137243,0.00567947964300414,0.00543325680133814,0.00172719417714779,0.000457011399844998,0.00454558257142052,0.00119658849621444,0.00117659992604229,0.0139556562656445,0.0139256734103862,0.000669617100766925,0.00207063415556014,0.00112753707198338,0.00104031422032311,0.000329811407840426,0.00775283951267866,0.000356159977612801,0.0015418456173697,0.0365609119875998,0.0106884336138699,0.000287108553381748,0.000437931401044312,5.08799968018288e-05,0.000597839962421488,0.0110445935914827,0.00177262274572086,9.08571371461228e-05,0.000778645665342272,0.000284382839267364,0.000622371389450941,0.00245314270294532,0.00201430273052954,0.00132287991684755,0.00365609119875998,0.00180623988646492,4.81542826874451e-05,0.00260941697883665,0.265926120427501,0.000353434263498418,6.63257101166696e-05,0.000400679974814402,0.00489719969217602,0.00118841135387129,0.000705051384253913,0.00294195410079146,0.000181714274292246,0.00848151375259056,0.000452468542987692,0.00026621141183814,0.000211697129550466,0.000291651410239054,0.00333173121914832,4.90628540589063e-05,0.00030346283806805,0.000307097123553895,0.0018816513102962,0.00105848564775233,0.00340986835709399,0.00364973119915975,0.00861325660145244,9.90342794892738e-05,0.031494718020332,0.000631457103165554,0.00288653124713232,0.000385234261499561,0.000778645665342272,0.000536057109162124,0.00285018839227387,0.000553319965219888,0.00144462848062335,0.000882222801688852,0.0389168375537988,0.318168974286522,0.00265121126192386,0.000109937135946809,0.0108556107462188,0.00212605700921927,0.0624261217903581,0.00176717131749209,0.0128917191896634,0.00079136566454273,0.000586937105963953,0.000731399954026289,0.00011811427828996,0.0010639370759811,0.00216239986407772,0.000255308555380605,8.81314230317391e-05,0.00659350244269413,0.000389777118356867,0.00109301135986786,0.0308614437744235,0.000258034269494989,0.000657805672937929
0.000238661582096537,7.03324898123388e-06,0.000583290782176997,0.00339049489222015,3.14151787828447e-05,0.00183661575063288,0.00485434844684763,0.000730520127517493,0.00120549887538349,0.00167016219141034,0.000179582290654172,0.000150511528198405,5.62659918498711e-06,0.00100903678717435,7.73657387935727e-05,0.00214982977193049,0.00107843151045586,1.17220816353898e-05,0.000637681240965206,0.000643307840150193,7.31457894048324e-05,0.000851492009994716,0.00160123635139425,6.28303575656894e-05,0.00255869597937289,0.00226048622256857,0.000474040981335164,0.00180144950572671,0.13368424556917,0.000143009395951756,0.00329906265546411,0.00026913899434855,0.00139398994808056,0.000303367472723888,0.00018192670698125,5.62659918498711e-06,0.000212404119233263,0.000210997469437017,0.000204901986986614,0.00015848254371047,0.000101747668595184,0.000836487745501417,9.75277192064432e-05,0.379450815786549,0.000325404986198421,5.11082759302996e-05,9.47144196139497e-05,0.00328780945709413,0.000850554243463884,0.00276734903248283,0.0345163727003034,0.098440166040942,0.00120690552517973,0.00472071671620418,0.000149573761667574,0.0687973660013682,0.0393735344467435,0.0151796268345644,0.000383546511109955,2.39130465361952e-05,7.3614672670248e-05,0.00618550803736249,0.00629850890432765,0.00121675207375346,7.03324898123388e-06,0.000178644524123341,0.000845865410809729,0.00157779218812347,4.31372604182345e-05,0.0129149206626071,0.000182864473512081,1.12531983699742e-05,2.34441632707796e-05,4.92327428686372e-05,0.000178175640857925,5.15771591957152e-05,0.0265781790168174,0.00109953125739956,0.0022103157131691,0.000182864473512081,0.00011487640002682,0.0103702911811967,2.67263461286888e-05,0.000555157786252061,0.00386500475682073,0.000555626669517477,0,0.000617988143817751,0.0144237870107145,0.0144242558939799,0.00226939500461147,0.0689206823001725,0.000322122803340512,0.000591730680954478,0.000243819298016108,0.000749275458134117,0.000963086227163627,0.000121909649008054,5.81415249115335e-05
3.41895439827115e-05,2.13684649891947e-05,0.038262373409652,0.000106842324945973,0.000135333611598233,0.00529937931732028,0.059496929351581,0.000678092622323778,0.0376056492523174,0.0225750709789179,0.000658148721667196,0.00597462281097883,9.11721172872306e-05,0.000178070541576622,0.00110403735777506,0.000740773452958749,0.0415288994243335,0.00223799056653499,0.0779649813595757,0.000420246478120829,0.000406000834794699,0.01531976483292,0.00121515337571887,0,0.00204424981729962,0.000599741584030064,0.000189467056237526,0.00264114227266446,0.000978675696505116,0.000809152540924172,0.00985798518168181,0.000378934112475052,0.0348875805056919,0.0398564608978459,0.00524239674401576,0,0,0.00283630758623244,0.000662422414665035,0.00208271305428017,0.00229212401117428,0.00157414358753734,7.69264739611008e-05,0.00187615122605129,0.299876490272362,0.000645327642673679,9.11721172872306e-05,0.000689489136984682,0.00126073943436249,0.00198014442233204,0.000235053114881141,0.00954030733550912,0.000790633204600203,0.000210835521226721,0.000344744568492341,0.000541334446392932,0.0119164806423076,0.000132484482933007,0.000166674026915718,0.000340470875494502,0.000142456433261298,8.54738599567787e-05,0.000643903078341066,0.00421101216720396,2.13684649891947e-05,0.045443602210354,0.000179495105909235,8.97475529546176e-05,0.000128210789935168,0.000292035688185661,0.000321951539170533,3.70386726479374e-05,4.27369299783894e-05,0.000921693123200597,0.000611138098690968,0.000370386726479374,0.0193569801515452,0.00151716101423282,0.000514267724073285,3.41895439827115e-05,0.000125361661269942,0.00505577881644346,0.000310555024509629,7.40773452958749e-05,0.0058720541790307,0.00214824301358037,1.70947719913557e-05,1.70947719913557e-05,9.25966816198436e-05,0.00032052697483792,0.000944486152522405,0.0015698698945395,0.000346169132824954,0.00112683038709687,0.00231919073349393,0.146520715302243,0.000582646812038708,0.00588914895102205,0.00199866375865601
0.000770499872613986,0.000117491954892983,0.000399472646636144,0.000836048015870071,0.00062827276932248,0.000865730193948299,0.0226611062053067,0.0170585950930413,0.00153234244328849,0.00460197435954517,0.0101797503234121,0.00177598365501394,0.0156437446046458,0.0126149256832466,0.000712372273877457,0.000378447770497399,0.023208989742334,0.00187245073376818,0.000763079328094429,0.000610958165443514,0.0161607092061749,0.00173022363047667,0.000993116208200691,0.00136290667675861,0.0211201064600787,0.00142350779033499,0.000315373142081166,0.00091643724816527,1.60778464590398e-05,0.0243913298357834,0.00491116371452671,0.00440285641493706,0.000812549624891475,0.00212474924743311,0.00860041109816638,8.16259897151253e-05,0.00735499637630076,0.00318465035630981,0.00173764417499623,0.0274337530888017,0.0152455087154295,0.00705446432325871,0.000513254329269348,0.000234983909785967,0.000523148388628758,0.171424472461123,0.00128375420188333,0.000264666087864194,0.000524385146048684,0.00246114726565302,6.30746284162332e-05,0.00850765429167192,0.000581275987365286,0.000411840220835405,0.0569835981230969,9.39935639143867e-05,0.00589438586336799,5.19438116368979e-05,0.00068887388289886,0.000469967819571934,0.00102032487143907,0.00043904888407378,0.00180566583309217,0.00302016161945964,0.000342581805319541,0.00126891311284422,0.000528095418308462,0.00024982499882508,0.000348765592419172,0.000244877969145376,0.0013245671967409,0.000965907544962316,0.000220142820746853,0.0292468394664134,0.00109700383147449,0.0190003042423253,0.0823717544393408,0.00322917362342715,0.00121449578636747,3.09189354981535e-05,0.00569774143359973,0.00178587771437335,0.000886755070087043,0.00201344107963976,0.0420373847032895,0.000674032793859747,0.00015706819233062,0.0013864050677372,0,0.000472441334411786,0.00495939725390382,0.00038463155759703,3.71027225977842e-05,0.205562687523344,0.00245125320629361,0.000571381928005877,0.00604774378343883,0.0017932982588929,0.0555291713972638
0.000721984018401903,0.000161143041306333,0.0013302200076464,0.000121647197848898,0.00106638777335073,0.00127176615932939,0.00826095061755701,0.00528928335581963,0.000636672996533845,0.00361307975948611,0.0745365557728705,0.000409176938219022,0.00722299985149563,0.0356205112973911,0.0016303884179229,0.000273311236725447,0.00524504801114731,0.0841798609114377,0.00141237136203786,0.000807295040269962,0.0243989522542648,0.00164618675530587,0.000426555109340293,0.0456903715452986,0.00735728571925091,0.00016904220999782,1.89580048595686e-05,0.000755160526906149,0.000176941378689307,0.0212582427825296,0.0061550322444066,0.00102215242867841,0.00093526157307205,0.00141869069699105,0.000436034111770077,0.00023539522700631,0.00447724881433478,0.00212803604548657,0.00273311236725447,0.00496699727320697,0.00101109359251032,0.000635093162795548,0.00973493549538847,0.000243294395697797,0.00132390067269321,0.00268255768762895,0.229611455690403,0.000864169054848668,0.000154823706353143,0.00159563207568036,0.00016272287504463,0.00547412390320043,7.74118531765717e-05,0.000614555324197681,0.00387691199378177,0.00013902536897017,0.0047679382221815,0,0.000601916654291302,0.00231919592782056,0.000725143685878498,0.00159405224194206,0.00133179984138469,0.0010268919298933,0.000873648057278452,0.000135865701493575,0.0196452325357279,0.00047079045401262,0.000345983588687127,0.000227496058314823,0.0075421262666317,0.00100951375877203,0.000175361544951009,0.00350407123154359,0.0201681575031044,0.00417708040405828,0.0411104335379745,0.0148599161424252,0.000951059910455024,1.89580048595686e-05,0.0603417496342685,0.0013286401739081,0.00489906442246018,0.00744575640859556,0.0134870406238447,0.000453412282891349,7.58320194382743e-05,0.000990555753912458,2.0537838597866e-05,0.00124016948456344,0.000679328507467874,0.000230655725791418,0.000189580048595686,0.0130731241844108,0.00037442059597648,0.000409176938219022,0.147529613983424,0.000437613945508375,0.000793076536625286
0.000532463000835225,5.26033700056753e-05,0.00130222564858494,0.00181949212030741,0.000144367026571131,0.0619761215769088,0.0176817461045743,0.00193931090754256,0.00288208019442206,0.00698981890997635,0.000191125577687287,0.00060318530939841,0.000376406336485054,0.00069904033918653,0.000392771829375709,0.00740304760546537,0.00234260341091941,5.55257794504351e-05,0.00120520165501892,0.000914129674320847,0.000193463505243095,0.0020252297452185,0.00168330784018161,0.000226194491024404,0.00806058973053631,0.00228357074013526,0.000265354777584184,0.00533573516424233,0.00211874684745081,0.00115142932123534,0.00719146516166477,0.000130923943125236,0.00301826447454786,0.000694364484074914,0.000499147533164964,4.79275148940597e-05,0.000272368560251608,0.00145068404837873,0.000483366522163261,0.000957381334103291,0.000129754979347332,0.000811845343754256,0.000216842780801173,0.00781160044584278,0.000599093936175747,0.000181773867464056,0.000111636040789822,0.150357965932889,0.00122565852113223,0.013659926226696,0.00351565856204597,0.230475236379088,0.00557887963004634,0.0280504548145819,0.000124494642346765,0.00296507662265323,0.184871036993612,0.00149568915382803,0.000859772858648315,7.8905055008513e-05,0.000610783573954786,0.0114909139367953,0.00551166421281687,0.00610900470332576,8.76722833427922e-05,0.000403876985265796,0.000103453294344495,0.001155520694458,0.000278797861030079,0.00649300930436719,0.000161317001350738,0,0.000317373665700908,0.000191125577687287,6.48774896736662e-05,0.000217427262690125,0.0457205112813772,0.00129638082969542,0.0416998603672767,0.000115727414012486,0.000199308324132614,0.0119263529440645,7.48136817858493e-05,0.000237299646914491,0.00807753970531592,0.0154922769485603,5.6110261339387e-05,0.000151965291127506,0.00109181216856224,0.0103371466880042,0.00229759830547011,0.0429044775404067,0.000195801432798903,0.00199717461454881,0.000105206740011351,0.00113155693701097,0.000351858097149073,0.000323218484590427,0.000305099546032917
0.000204139769409476,3.44517998751508e-05,0.00226559149626738,0.0006823513199153,2.21108566362908e-05,0.00485153331077683,0.0101298575752309,0.00146908645139262,0.00242191011062627,0.00408176697625294,0.000189742002297472,0.000167631145661181,0.000190256208265758,0.00016043226210518,0.000121866814483742,0.0161676640548431,0.00136521684579889,0.00019745509182176,0.00100475846203052,0.000219565948458051,0.000684408143788443,0.00568043333165359,0.132400323744078,5.75910684480133e-05,0.00167579725064353,0.000491580905681256,0.00057745330238499,0.00834299183543763,0.00171487690423325,0.000116210548832598,0.244821174590409,7.61024833063032e-05,0.00139246976211803,0.000661268875215581,8.48439847671624e-05,0,0.000110040077213168,0.000767709510650748,0.000129065698039744,0.000451987046123247,0.00010489801753031,0.00230724217969853,0.000186656766487757,0.00210978708787677,0.00071937414963188,0.000161974880010037,0.000312637228717786,0.00241522543303856,0.247990225972955,0.00202134366133161,0.000409822156723809,0.0310148471831283,0.024338396890905,0.000556885063653557,9.61565160694507e-05,0.00144183353507347,0.0567045773586885,0.0010669773841931,1.851141485829e-05,8.69008086403057e-05,0.000835070492496192,0.000919400271295069,0.000483867816156968,0.00158015494054236,7.71308952428749e-06,0.000356858941990368,7.09604236234449e-05,0.000493637729554399,5.91336863528708e-05,0.00549634759500727,0.000106954841403453,7.71308952428749e-06,1.5426179048575e-05,0.000134721963690888,7.04462176551591e-05,0.000170202175502611,0.0116390520921498,0.00130968260122402,0.00116416231219913,6.68467758771582e-06,0.000175344235185469,0.139982804952421,2.05682387314333e-05,0.000346574822624651,0.00354545015133082,0.0016876239879141,1.851141485829e-05,6.78751878137299e-05,0.000158375438232036,0.00113022471829226,0.00124694947309314,0.00125003470890286,4.42217132725816e-05,0.00198380662564674,3.3937593906865e-05,0.00228410291112567,0.000512663350380975,0.000267387103508633,6.73609818454441e-05
0.00125049111948468,0.000160444197163403,0.000888832455082217,0.00307785113496521,0.000107503697214417,0.00287886787653626,0.00689970898952001,0.00599911197889358,0.000692283242627934,0.00196163821841628,0.000448067296503108,0.000945424023993203,0.000500196447793872,0.000674027897817939,0.000489040403743319,0.00111459021923249,0.00276507622722063,0.000246852829264048,0.000778489037564023,0.00245777792291904,0.000497965238983761,0.00134866430712954,0.000916418309461766,0.000245027294783048,0.0249284846867068,0.00241741332717249,0.000975646761511973,0.00194196301345439,0.00097037299523353,0.00156853979350771,0.00257522064119667,0.000144420061163519,0.000563684480299745,0.00050526737690776,0.00089998849913277,5.5171708759097e-05,0.000494314170021762,0.00393341829506033,0.00100384112738519,0.00222552936950299,0.000248881200909603,0.00241721049000794,0.000429609114528557,0.00171478538915223,0.000266933708555043,0.000431840323338667,0.000366932430680906,0.00496464243966051,0.00065455553002061,0.292567255225745,0.00136083453700287,0.0138775102873939,0.000950697790271646,0.0023512884115274,0.000448675807996774,0.00188192321274596,0.0100787758695984,0.000317642999693919,0.00321841729000218,4.94922681515429e-05,0.00255676245922212,0.0159870167987711,0.0574390225844984,0.0432434636230815,0.000113183137821971,0.000397763679693343,0.000288028773668815,0.00301375459096567,0.000205474047694725,0.000921286401411098,0.000108112208708083,4.84780823287654e-05,0.000196143538125172,0.000494314170021762,0.000178699541973399,0.000322916765972362,0.330910984301823,0.00238861044980561,0.0406455252194546,0.000415207675845116,0.000484375148958543,0.00667111150506596,0.000228191810124942,0.000519060304097534,0.0252262496442743,0.00944673526484347,8.86398409107551e-05,0.000794310336399352,0.000923517610221208,0.00627902726598017,0.0176880092607336,0.00252958227917169,0.000973009878372751,0.00259732989213322,0.000116428532454859,0.00190626367249262,0.00135779197953454,0.000508918445869759,0.000641168277159947
0.000261065188188595,8.93673285712979e-05,0.000362395072552901,0.0116761581337287,8.44415703035886e-06,0.00206037431540756,0.0040918977609614,0.000923931515071765,0.00149672683363111,0.00200407993520517,9.71078058491268e-05,0.000171697859617297,0.000124551316197793,7.59974132732297e-05,0.000121032917435144,0.00187249182148208,0.001682498288299,9.14783678288876e-06,0.000544648128458146,0.0013482504058473,7.59974132732297e-05,0.000490464787513344,0.00144043245342871,1.82956735657775e-05,0.00638237535544623,0.0151164484438474,0.000394060661416747,0.00232988366062651,0.0346759308451686,0.000258250469178475,0.00427063241810399,9.85151653541866e-05,0.00174231106726404,0.00036802451057314,0.000177327297637536,1.05551962879486e-05,0.000157624264566699,0.000552388605735975,0.000166068421597058,0.000826120029470108,0.000338469960966884,0.00074027109966146,0.000258954148931005,0.084029213968606,0.000345506758492183,0.000412356334982524,5.27759814397428e-05,0.00553655229290529,0.00103159451720884,0.00622404741112701,0.274881236449767,0.0848771480704046,0.00140173006703957,0.0256857183268466,0.000232214318334869,0.0151495213922163,0.0272302953836497,0.00390542262654097,0.00120821813509385,6.6145896737811e-05,0.00081134275466698,0.025072813262393,0.0134205802402503,0.0021342606894232,0.000189993533183074,0.000379987066366148,0.000139328591000921,0.00562662330122912,5.69980599549223e-05,0.00831679099515094,0,0,0.000190697212935604,0.000193511931945724,0.000119625557930084,0.000339173640719414,0.0532446321549278,0.00102033564116836,0.00344240134937629,0.000109774041394665,0.000152698506298989,0.00917035453496972,1.75919938132476e-05,0.000123143956692733,0.00619590022102581,0.00155513225309109,0.000410948975477464,0.000214622324521621,0.0345288617768899,0.123352245899482,0.0029554549606256,0.0696255931140714,0.000493279506523463,0.000679050961191358,1.05551962879486e-05,0.00255857958019873,0.000503131023058882,0.00037224658908832,9.07746880763577e-05
0.000444392411537796,4.78980410968814e-05,0.00115824525843347,0.00125567114164755,5.51416011871471e-05,0.00868846923927136,0.0164449639284289,0.00159620901039116,0.00370109702812122,0.00591816968274927,0.000732957736633753,0.000479614222476713,0.000359733302982817,0.00119455360338593,0.000245466142558876,0.0139893970578289,0.00306493136319364,0.000146953725331264,0.00137546151664031,0.0006490229840878,0.00136369073149363,0.00288999938701373,0.00364351072540361,0.000223644917786951,0.0108147257592677,0.00062584359179895,0.000231069566879473,0.00684027488224008,0.00683140152112951,0.00215459694884951,0.0157157185163414,0.0001288448251056,0.00279356949331207,0.00102432994126469,0.000217125713705712,2.82498843520359e-05,0.000218574425723765,0.000860987661229198,0.000426102422309875,0.000665864261297667,0.000274440382919939,0.00126001727770171,0.000330306340116112,0.00949866143536757,0.000703168595762535,0.000233061545904296,0.000301694277759563,0.0135300648036049,0.00169680395114472,0.00543393769071501,0.00218257519969816,0.483462182685664,0.00550003517653869,0.00294821950123924,0.000369059386599033,0.00587217307617608,0.162083077658298,0.00203426330684997,0.000445750579054721,0.000160716489502769,0.000656900355685964,0.0023678292490067,0.00280389156644069,0.00281204057154224,0.000171581829638167,0.000327137282576621,6.94476323654217e-05,0.000711136511861828,9.55244486903779e-05,0.0142616643727217,0.000174026531168632,6.51014963112623e-05,0.000130293537123653,0.000507592473325364,0.000454171217659655,0.000323515502531488,0.0605498242395416,0.00225157010955794,0.00537263906345114,0.000293454728156886,0.000491837730129036,0.0352899004037651,0.000289832948111753,0.000600310042480764,0.0109640336416283,0.00189428150810559,8.38442080448246e-05,0.000283132655028258,0.00104479299851969,0.00309372451455245,0.0041300968744672,0.0228390355091086,8.72848990877008e-05,0.0016190262246755,0.000131289526636064,0.00216591501149055,0.00236773870450558,0.000396041647935273,0.000261854697263102
0.000300777225787797,2.9060601525391e-05,0.00202552392631975,0.000473203461505116,5.42464561807298e-05,0.013862875614329,0.0145588770208621,0.00167001590099247,0.00275591371132458,0.00982393634565842,0.000217470168081676,0.000460610534177447,0.000264935817239814,0.000298839852352771,6.15116065620776e-05,0.0421054212067802,0.00164192398618459,5.56994862569994e-05,0.00145254573291079,0.000325963080443135,0.000336618634335779,0.010069498428548,0.025386372805864,7.02297870196949e-05,0.00240040568599729,0.000419441348683143,8.04009975535817e-05,0.0532922997639795,0.00182258405900077,0.00109897508101854,0.113676839330231,9.34782682400076e-05,0.00455379625902877,0.00105780589552423,0.000196159060296389,5.81212030507819e-06,0.000105586852208921,0.000739107965462444,3.0997974960417e-05,0.000576852940279011,0.000127382303352964,0.00091347157461479,5.03717093106777e-05,0.00321168081191446,0.000470297401352577,0.000176300982587372,0.000163708055259703,0.00474026845215002,0.0349429516174889,0.00283873642567194,0.000373428729601274,0.0702738622653417,0.141329454711716,0.00123798162498166,0.000261545413728519,0.00175380730205735,0.346731239323256,0.000888285719959451,0.00012931967678799,5.27934261044603e-05,0.000178238356022398,0.000888770063318207,0.00113094174269647,0.00302908336566325,1.88893909915041e-05,0.000342915097999613,6.73237268671558e-05,0.000224735318463024,2.03424210677737e-05,0.00903300364080903,0.000949797326521528,0.000113336345949025,0,0.000525996887609577,0.000217954511440432,0.000251858546553388,0.0176518937098812,0.00163611186587951,0.00190443808663062,4.64969624406256e-05,0.000156927248237111,0.0223219323750116,1.21085839689129e-05,0.00076332513340027,0.00385973222593068,0.00274332078399691,7.26515038134774e-06,4.26222155705734e-05,0.000343883784717127,0.000662581714778914,0.00141186089077524,0.00504201436465533,3.68100952654952e-05,0.00121376445704383,5.03717093106777e-05,0.00222943248035624,0.00140750180054644,0.000254280263347171,8.86348346524425e-05
0.000700095921726622,0.000167804485140718,0.00100760739682171,0.00675120370449864,3.35608970281435e-05,0.011978898781115,0.00733500721559286,0.00171628866429971,0.00125658242361189,0.0023180433528741,0.000157658167434535,0.000191219064462678,0.000340291886145828,0.000119414354541999,0.000794534724991863,0.00371043033655336,0.000965461154042176,0.00100370496693471,0.000741461678528753,0.00138770406781487,0.000682144744246453,0.00079687618292406,0.0027356033507824,0.000155316709502339,0.00473989134074223,0.0115707046149355,0.000660291136879289,0.00244214062328049,0.00756993349478987,0.000786729865217877,0.00476330592006419,0.000323121194643056,0.00161872791712488,0.000336389456258834,0.000224779961490822,3.04389531185488e-05,0.000233365307242207,0.000448779437004245,0.000252096970699776,0.00120272889117138,0.000116292410632404,0.000579901081207225,0.000201365382168861,0.0177310804345434,0.00029112126956971,0.000485462277941983,0.000542437754292087,0.054557530792123,0.001309655470075,0.0127999700293385,0.0447975536447524,0.115971630895694,0.00181931281331634,0.126697849683084,0.000564291361659251,0.00553832849562108,0.0617255140085526,0.00353950390750305,0.00224545815697602,3.51218689829409e-05,0.000487023249896781,0.0937074879044186,0.0204440496919812,0.00341306517916446,6.39998501466923e-05,0.00022009704562643,0.00034497480201022,0.00694008131102913,0.000210731213897645,0.00657091144371955,0.000473754988281003,0.000122536298451594,0.000183414204688691,0.000270048148179946,0.000193560522394874,0.000255218914609371,0.0529029005200378,0.00276135938803655,0.0280217880465451,5.85364483049015e-05,0.000106146092926221,0.00806085917457364,0.000330145568439645,0.000239609195061397,0.0044581359029013,0.00614164415615027,7.25851958980779e-05,0.000827315136042608,0.00688232534870162,0.106541018830785,0.00456896491169191,0.103281709389168,0.000935022200923627,0.00174984956132786,0.000215414129762038,0.00129326526454962,0.00044019409125286,0.000131902130180378,0.000278633493931331
0.000446921349195909,0.000118470924375515,0.000794163713744833,0.000374204712855076,0.000550685538131705,0.00123373169522088,0.0197315367149565,0.0125464794117959,0.00407131459422891,0.00272074605634804,0.00783542182593925,0.00230160409631604,0.00502398423437961,0.00459912298834328,0.000492675637230591,0.000476334820075347,0.0731668258534604,0.00268643034032203,0.00177052753877063,0.00105479974737097,0.0342487186756748,0.00179340468278797,0.00043956798147605,0.00129991200469962,0.0147680135040513,0.000285964300216761,0.000409337469738849,0.000660169013071837,0.000205894296156068,0.0377530069146168,0.00253200961820498,0.0281290826510361,0.00130563129070395,0.00352961650553259,0.00401738989761661,8.08870449184552e-05,0.00364808742990811,0.00307942699290563,0.00122556128664326,0.0139812031580263,0.0445140200125988,0.00359743089672685,0.000578464927295619,0.00062748737876135,0.00178033202906378,0.0558970332429414,0.000745141262279103,0.00057111155957576,0.000314560730238437,0.00217986500850948,1.96089805862922e-05,0.0100324446924617,0.000243478175613128,0.00023285664446222,0.245748732156849,0.00116836842659991,0.00959777895613226,4.65713288924439e-05,9.15085760693635e-05,0.00116346618145334,0.00121330567377683,0.000553136660704992,0.00104172709364677,0.00238984450895436,0.000107849393224607,0.00214800041505676,0.000310475525949626,0.000370936549424027,0.000350510527979973,0.00028187909592795,0.00323384771502268,0.000734519731128195,0.000644645236774355,0.0613336231104909,0.00166839743155036,0.00779130161962009,0.0774424006621299,0.00113241862885837,0.000294134708794383,0.000436299818045001,0.00288660535047376,0.0016978109024298,0.000291683586221096,0.00190860744373244,0.0255382460910723,0.00110463923969446,8.49722492072661e-05,0.000565392273571424,1.06215311509083e-05,0.000848088410357137,0.00225993501257017,0.000623402174472539,0.000147884395254954,0.0690154412551708,0.025333168835774,0.00158097405976981,0.00473066656644299,0.00596358122080611,0.0173898976166101
0.000452295171198258,5.44309375080998e-05,0.000105945931935409,0.0010834348513517,0.000115989735880356,0.0016105725616236,0.00488809258443275,0.00137114123532309,0.0015710453331951,0.00115179751691247,0.000113073792799565,7.58145201005676e-05,8.22943936134367e-05,0.000103677976205904,0.000431883569632721,0.00150073870558047,0.00096874109017392,0.000123117596744512,0.000698854358362925,0.00024591119981338,0.000191804255980923,0.000352505119100075,0.00158270910551826,9.75220963686789e-05,0.00285082035198673,0.00212442653119411,0.000278634561053368,0.000570228869132475,0.159001840284078,5.57269122106736e-05,0.00164588787226873,5.50789248593868e-05,0.000779528783598144,0.000433503538010938,5.54029185350302e-05,0.000139317280526684,6.05868173453254e-05,0.000203144034628444,0.00020184805992587,0.000159404888416578,0.000176576553225681,0.00017268862911796,4.69790829683005e-05,0.0631797387315,0.000417951841580052,2.94834244835541e-05,0.000146769135066484,0.00119262072004354,0.000697558383660351,0.00169319094891268,0.00793784505326456,0.0542187216505534,0.00101248023638579,0.000899730437261865,9.0394235504523e-05,0.543458891682434,0.0282117493066535,0.00599291101837692,0.000150009071822918,5.47549311837433e-05,0.000249475130245458,0.00372106736476504,0.00311033928617713,0.000776936834192997,0.000179168502630829,0.000188240325548845,7.80824758300718e-05,0.000442251367253311,8.3266374640367e-05,0.00610468883647391,3.88792410772142e-05,2.13835825924678e-05,0.000277338586350794,7.51665327492807e-05,0.000293214276457324,3.11033928617713e-05,0.0205376351053627,0.000866359088670589,0.000977812913091937,9.75220963686789e-05,9.26621912340271e-05,0.00910940618439128,5.54029185350302e-05,5.92908426427516e-05,0.00425079702444208,0.00039235634120422,4.3091158860579e-05,0.000103677976205904,0.0142242943417744,0.00719168761825769,0.00134943365905498,0.0255132059822192,0.000153573002254996,0.000600360280967316,7.35465643710635e-05,0.000523249786164174,0.000493118374329333,0.000222907648842695,2.81874497809803e-05
0.000263454273845232,3.51976600020975e-05,0.00144893512500831,0.000673403490340249,2.33665137829051e-05,0.0250676635928504,0.0214958405492762,0.00110988827764117,0.00400243451185916,0.0151238809742746,0.000479668471000973,0.000709446232215146,0.000209242271705146,0.000585514975569106,0.000184692643300322,0.00919318089915528,0.00250811849028152,0.000194030797994756,0.0015012456929346,0.000366469754139486,0.000404498438415461,0.00460400604301146,0.00325369197255884,0.00010969162708937,0.00417707068087317,0.000448907490831073,0.000228256613843134,0.01707078059283,0.00247963923116817,0.0010241969757393,0.0159670614128603,0.000226312925535695,0.00480758626616885,0.00104388738337553,0.000264764150748071,3.20286029790995e-05,0.000148734409612705,0.00087520904156476,0.000191495552376358,0.000503584288001198,0.000272919190820585,0.000877617524902239,9.36350715061801e-05,0.00482186814981916,0.000903561538397182,0.000114170561015207,0.000198636494201513,0.00869534316788912,0.00271981149941778,0.00241355382871526,0.00110126844253862,0.0950295411044865,0.0135041548027735,0.00133277862159203,0.000351047009960895,0.00284015115810442,0.636086618525733,0.000659755418094538,0.000124142527114241,1.49579491485504e-05,0.00037530085971024,0.00145848455017095,0.00157404949627627,0.00302856216164506,6.249380449352e-05,0.000381427703288036,3.76061433395759e-05,0.000396089873781107,5.95782720323619e-05,0.00330549549136145,0.000139649779480111,2.89440541433815e-05,7.74517536420705e-05,0.0003122577519994,0.000274102305442505,0.000194115306182036,0.0285600911944751,0.00111238126916593,0.0034641173588859,0.000122241092900442,0.000311412670126601,0.0128819210198313,0.000146030147619747,0.000430104419161285,0.00540729861720098,0.00386574251893385,1.63945883323095e-05,0.000131621501688516,0.00050075326372732,0.00176554504865263,0.00214701500603431,0.00732918381232151,8.57758100891451e-05,0.00112349409579324,0.000164283916072215,0.00192767400594921,0.00109687401680006,0.000366385245952206,0.000145438590308787
0.000137565475875537,1.44299450219095e-05,0.000643575547977162,0.00148820832992626,1.25059523523215e-05,0.00314765200744585,0.00587394962025195,0.00223856547106556,0.00193072664393149,0.00342374495553172,0.000254929028720401,0.000194323259628381,0.000304952838129687,0.000176045329267296,2.30879120350551e-05,0.0226781015964329,0.000226069138676582,0.000110629578501306,0.000484846152736158,0.000261663003063958,0.000145261446553889,0.00182875503244333,0.00453196473321437,4.32898350657284e-05,0.00208657005016811,0.00276766345520224,0.000135641483205949,0.0020884940428377,0.147229691054877,1.44299450219095e-05,0.00474264193053424,3.46318680525827e-05,0.00197113048999283,0.000214525182659054,0.000129869505197185,0.000126983516192803,0.00011640155651007,0.000637803569968398,0,0.000582969778885142,3.46318680525827e-05,0.000430012361652902,3.75178570569646e-05,0.0761016060528809,0.0013227449603417,6.34917580964017e-05,0.000219335164333024,0.00555745282610473,0.00526789192933175,0.00256083424322153,0.00725537635701608,0.148017566053073,0.00399228478939495,0.00656947297030798,0.000153919413567034,0.0213957604821526,0.0390387732622739,0.0966864036248022,0.000557957874180499,0.000128907508862391,0.000663777471007836,0.00661276280537371,0.00378256958840987,0.00122173534518833,4.32898350657284e-05,0.000186627288950029,2.5973901039437e-05,0.0012275073231971,0.000103895604157748,0.174184828355804,0.000129869505197185,0,0.000171235347593326,0.000153919413567034,3.65558607221706e-05,9.33136444750146e-05,0.0182577284380547,0.000278016940755456,0.00202211629573691,0,0.000231841116685345,0.0633474586461826,2.30879120350551e-05,0.000165463369584562,0.0072515283716769,0.000945642397102467,0,7.02257324399594e-05,0.00359594229945984,0.00543624128792069,0.00130158104097623,0.0765094924988336,8.75416664662508e-05,0.00183837499579127,7.21497251095473e-05,0.000734003203447795,0.000504086079432037,0.00016257738058018,8.0807692122693e-05
0.000644978382592671,0.00050119984204611,0.000779644198738394,0.0352743436307119,0.000210605186152709,0.00199771169365046,0.00633941860818323,0.0034101839757804,0.000527525490315199,0.00245739801342608,0.000348308577098711,0.000231868209754665,0.000138715915879429,0.000631815558458127,0.000528538015248626,0.00085862114354566,0.00156840112187763,0.000203517511618724,0.000367546550833814,0.0263327359436226,0.000116440367344046,0.000217692860686694,0.000617640209390156,0.000301732430161093,0.0276976195538815,0.0038000060751496,0.00743395806121726,0.00148132397760295,0.00352966191792473,0.000192379737351032,0.00156131344734364,8.20145196075453e-05,0.000944685762886911,0.000260218907890607,0.000865708818079645,0.000444498445774227,0.00067130403086176,0.00179216913216488,0.000476899243643875,0.00154106294867511,0.000358433826432976,0.00252219960916538,0.000298694855360813,0.00407338780717475,0.000202504986685297,0.0011239026761034,0.000125553091744884,0.00288367101039863,0.000610552534856171,0.0217723236434697,0.00190860949950893,0.0120277836841732,0.00106213865516438,0.00232576977208064,0.0010054372588925,0.00348814839565424,0.0154906189564918,0.000308820104695078,0.207090712108786,2.43005984022357e-05,0.00337980822777761,0.0101282869090651,0.0939916770450472,0.00773164039164464,0.00128691919038506,0.000124540566811458,0.000181241963083341,0.0205724815973593,0.00125451839251542,0.00178406893269747,4.05009973370594e-05,0,0.000994299484624809,0.000373621700434373,0.000118465417210899,0.000232880734688092,0.230316009031722,0.00246043558822636,0.00380608122475016,0.00112997782570396,0.000342233427498152,0.00382430667355184,0.000169091663882223,0.000148841165213693,0.0102123264785395,0.00299201117827526,0.000866721343013072,0.00555369925984427,0.00227008090074218,0.0248898879134899,0.12035681378654,0.00210706438646052,0.0256675070623614,0.0016554782661523,0.000297682330427387,0.00083837064487713,0.000900134665816146,0.000548788513917155,0.000366534025900388
0.000559646303536165,0,0.001251209235763,0.000905427769649581,4.79696831602427e-05,0.00145108291559734,0.00571638724326226,0.00152503617713605,0.000407742306862063,0.000381758728483598,0.006785711430376,2.59835783784648e-05,0.00123322060457791,0.00142110186362219,0.000307805466944891,0.000465705674014023,0.00981179894306798,0.0136153950703156,0.000323795361331638,0.000131916628690667,0.0228955300250242,0.000639595775469903,0.000633599565074873,0.000399747359668689,0.00319398140375283,0.000867451770481056,0.000169892627859193,0.00114327744865245,0.00278224162329408,0.0830954836543304,0.00256038183867796,0.00181285427609751,0.000709551563411924,0.000949399979213137,0.000853460612892652,0.000123921681497294,0.000297811782953174,0.00107132292391209,0.000103934313513859,0.00227656121331319,0.000607615986696408,0.00148506144116918,0.00246044499876078,0.000137912839085698,0.000105933050312203,0.00143309428441225,0.00679570511436772,8.99431559254551e-05,0.000769513667362227,0.000689564195428489,0.000193877469439314,0.0129238321380887,0.000419734727652124,0,0.00235251321165024,0.00100136713597007,0.00592025839669329,0.000363770097298507,0.000577634934721256,0.270055325034578,0.000511676620375922,0.000703555353016893,0.00267830730978022,0.000915421453641299,0.00108931155509718,0.000163896417464163,0.00168493512100353,0.000201872416632688,5.39658935552731e-05,0.000137912839085698,0.0528066262122339,0.0297751820849223,8.99431559254551e-05,0.00363570223618673,0.0243685990454033,0.00133315744449508,0.0189979932682545,0.0062520487052183,0.00107532039750877,0,0.00246644120915581,0.00152503617713605,0.000221859784616123,0.312904244517465,0.0051847232549029,7.79507351353944e-05,0.000675573037840085,7.99494719337379e-05,0.00101335955676013,9.79381031188289e-05,0.000727540194597015,0.000505680409980892,0,0.00377361507527243,0.000291815572558143,0.000929412611229703,0.0405263873232117,0.000635598301873216,0.000555648829939478
0.0116637245302707,0.00156326307940433,0.000176289954093143,0.00230701610194324,0.000812363166834619,0.000703253979031025,0.00474458206178248,0.0129549293291691,0.000678478093590907,0.000563651393762671,0.000894790631856548,0.000413090243780419,0.000898602306539643,0.00234132117409109,0.00283540950488728,0.000591286035215109,0.00375449956284856,0.000279681629872094,0.000266817227816649,0.0156007080185724,0.000833803836927028,0.000402608138401908,0.000425478186500478,0.000894790631856548,0.133411949123672,0.000337809668789293,0.00336332644849594,0.000387837899004915,0.00110205044274984,0.00280968070077639,0.00149989398779788,0.000172954738745435,0.000508382110857794,0.000275393495853613,0.000936242594035206,0.000196777705514779,0.00191870174360294,0.00133456259841863,0.00726171673063133,0.00282492739950877,0.000211071485576385,0.00113587905556231,0.00142794862815446,0.000828562784237772,8.14745463511553e-05,0.000495517708802348,0.000289210816579832,0.00151561714586564,0.000112920862486689,0.00522390015318168,0.000679431012261681,0.00817937741058645,0.000506952732851633,0.000527440484273269,0.000648461155461534,0.00123117092263968,0.00459068569645252,0.000215836078930254,0.00267055457484342,5.00282302156217e-05,0.155017950605461,0.00269914213496664,0.00857293282161601,0.00425573478367555,0.00117113704638093,0.000118638374511331,0.00042357234915893,0.00129596939225229,0.00108823312202362,0.00110062106474368,0.00025442928509659,4.62165555325267e-05,0.000742323644532748,0.000741847185197361,0.000364491391570958,0.000693724792323287,0.413012104449415,0.00587426714598476,0.00177290518697455,0.00307173333523917,0.000465977230008362,0.00243994825651618,0.00112777924686073,0.000470265364026844,0.0204377231914199,0.00142461341280675,0.00116684891236245,0.0282869142825833,0.000414996081121966,0.00201018193599722,0.075292962933846,0.00065370220815079,0.000929095704004402,0.0036296672169772,0.000140555503939128,0.000629402782046059,0.00165045513778013,0.000418807755805061,0.000527440484273269
0.0012226804732522,8.8581952653986e-05,0.000875838461452087,0.0164907989135611,0.000110207593677494,0.00445488205084271,0.00989206725740709,0.00309038727780174,0.00136615828388894,0.00189016420099703,0.000358486587735849,0.00125179191309154,0.000393836193255046,0.000367220019687651,0.000464535404293438,0.00135700897422515,0.00247779940803966,0.000372210552231537,0.000689109368768332,0.00240543668615331,0.000453306706069694,0.00126509999987524,0.000674969526560654,0.000143061932924747,0.0170339352054207,0.00990703885503875,0.000919921498923085,0.00175833096629602,0.00372168964460338,0.000867520907212276,0.00249360276109531,0.000426690532502299,0.00250441558160706,0.00045788136090159,0.0010205639052248,0.000182154437851859,0.000458713116325571,0.00252437771178261,0.000704496844111983,0.00162857712015497,0.000814288560077486,0.00151005197223767,0.000205027712011338,0.00920212613321478,0.000162192307676312,0.000222494575914941,0.000287787376697457,0.00953857120221513,0.000749411637006961,0.0370917172547247,0.00778731015702295,0.0271638845140864,0.00100143353047323,0.0258788223840356,0.000271152268217835,0.00266203323445148,0.0124680138054765,0.000850054043308673,0.0065184672577398,4.57465483189599e-05,0.00135077080854529,0.26705005046676,0.106746243480597,0.00522009704090532,0.000220831065066979,0.000217504043371055,0.000187976725819726,0.0187265574932222,0.000194214891499584,0.00303549141981898,0.000197126035483518,3.32702169592436e-05,0.000472437080821259,0.000224573964474894,0.000196710157771528,0.000325632248488596,0.142392369808443,0.00238672218911374,0.0425434581812087,8.89978303659765e-05,0.00022914861930679,0.00450187623229764,0.000177163905307972,0.00100683994072911,0.0120625330362857,0.0119764463499037,4.40830374709977e-05,0.000451227317509741,0.00321598234682288,0.106760383322805,0.0111189065077792,0.0073364987172252,0.00117319102552533,0.00104011015768835,9.73153846057874e-05,0.00166309497025019,0.00143436222865539,0.000297352564073239,0.000406312524614762
0.00159303221131013,0.000197078711945232,0.000480394893051869,0.010231193459472,0.000290026301185479,0.00161863007679608,0.00829022909592564,0.00407925596200382,0.0009130733766542,0.00230057709517908,0.000705308177175999,0.000780113589906786,0.000510217648957831,0.000876540500669397,0.000715249095811319,0.00203366342982072,0.00251256718507729,0.000318854965227909,0.000428205070216436,0.00448310578156372,0.000783344388463266,0.000762965505260858,0.00118197522573962,0.000213481227693511,0.0295424220004458,0.00340973509191498,0.00124808233466451,0.00096252944686492,0.00205255117522783,0.00209132075790558,0.00257469792654804,0.000235351248691216,0.00131568058138469,0.000567874977042691,0.000703071470483052,0.000153338669949821,0.000406583572184614,0.00280731542261455,0.00110940651970178,0.00207218448953259,0.000304440633206694,0.000955322280854313,0.000300961311684332,0.00685749419761005,0.000225907375987661,0.000281079474413691,0.000258712407484219,0.0039771130230259,0.000538300744102612,0.0572457740533574,0.00204261025659251,0.0179209910698243,0.000844232515104604,0.00396443835176587,0.000409814370741093,0.00242732380777942,0.0122772830375869,0.000301458357616098,0.0178464341800594,0.000150853440290991,0.00445601677828247,0.0501181353918325,0.279394488705004,0.0105490543328364,0.000294499714571374,0.000433672575465862,0.000210747475068797,0.0117277987600195,0.000244795121394771,0.00134575186025653,0.00027113855577837,6.262778740252e-05,0.000700337717858338,0.000529353917330824,0.000404098342525784,0.000321340194886739,0.278675014718773,0.00235400953284393,0.0129900469037394,0.000548738708669699,0.000345446922577392,0.0042405473668619,0.000262937297904231,0.00142801296196381,0.0175757926702128,0.00391349114375985,0.000237090909452397,0.00180054888782245,0.00148144539962866,0.0228188816814467,0.0515205504883103,0.00308069068508586,0.00224391385895775,0.00190641967128861,0.000301458357616098,0.00124559710500567,0.00236121669885453,0.000613354679799283,0.000309162569558472
0.000666354880565997,0.000143669427698361,0.000296632157538049,0.00146356950209501,0.00014869283426124,0.00492545013490358,0.0233274442263728,0.0087153592162682,0.00266165196734183,0.00194782589475662,0.00127293122303373,0.00292914836681518,0.000736180231790026,0.000867542313409331,0.000383537091075868,0.000952186713993854,0.00411944455188953,0.000105491537820474,0.000907478395584225,0.000864779439799747,0.00104863612000115,0.00172780068730249,0.00116593266324439,0.000161000180340296,0.0181829735653276,0.000713323731928923,0.00049706607939695,0.00116367213029109,0.00112097317450661,0.00156579582564961,0.0035231661928757,0.000142915916713929,0.000881607851785394,0.000940632878899231,0.00209199766311127,3.9182571190462e-05,0.000715081924225931,0.0214723001827013,0.000527708859430516,0.00353045013239188,0.000533988117634116,0.0165669436740492,0.000111268455367786,0.00247879996845301,0.000246146921581107,0.000578696436043746,0.000436031689657961,0.00244212910054398,0.000438794563267545,0.0460377629564958,0.000907227225256081,0.0111961685473464,0.000761799605260712,0.000710058517663051,0.000522434282539493,0.000730654484570858,0.0190367015106891,0.000142915916713929,0.000747231726228361,1.23073460790554e-05,0.00161175999569996,0.00457205348320499,0.0113400891453729,0.399702664565543,0.00022680680631402,0.0012864944207535,6.68113072863005e-05,0.00116517915225996,5.04852359569414e-05,0.000681927440910924,5.55086425198211e-05,1.75819229700791e-05,6.07832194108448e-05,0.00046114872247236,0.000406644761265115,0.0005304717330401,0.187185189389963,0.00214248289906821,0.0232407904631631,0.000224546273360724,0.000552574721916771,0.00292035740533014,0.00054051854616586,0.000120059416852826,0.082792521755118,0.0373183850149773,2.51170328143987e-05,0.000322502701336879,0.000585729205231777,0.00225400252476414,0.00496362802478147,0.00188302395009547,0.000131110911291161,0.00311627026128245,0.000353647822026734,0.000972531510573517,0.00132291411833438,0.000706290962740891,0.000803745050060758
0.00491832820457491,0.00481846949890442,0,0.000741479584633697,0.0011328797988134,0.000344340364380974,0.00198684390247822,0.00202127793891632,0.000301871719440654,0.00101580407492387,0.00145885534376072,0,0.000284654701221605,0.00135555323444643,0.0136726080683539,0.000373035394746055,0.00120519127533341,0.000338601358307957,3.09906327942876e-05,0.00110992377452134,0.00212687565065981,5.73900607301623e-05,5.50944583009558e-05,0.00390137632843643,0.00978041414963425,0.000299576117011447,0.000228412441706046,4.36164461549233e-05,0.000114780121460325,0.0098309174030768,0.000312201930372083,0.000152657561542232,9.29718983828629e-05,5.6242259515559e-05,0.000101006506885086,0.0282864131326824,0.000206604218628584,0.000286950303650811,0.00083100807937275,0.000322532141303512,9.18240971682596e-05,9.18240971682596e-05,0.0101809967735308,0.000182500393121916,3.21384340088909e-05,0.000199717411340965,0.00153575802513914,0.00060489124009591,5.50944583009558e-05,0.00150247178991565,0.000286950303650811,0.00560241772847844,0.000199717411340965,0,0.000448790274909869,0.000181352591907313,0.00480584368554379,7.57548801638142e-05,0.000917093170467993,4.59120485841298e-05,0.00137391805388008,0.000818382266012114,0.00196847908304457,0.00227608980855824,0.284788993963713,9.18240971682596e-05,0.00286950303650811,0.000479780907704157,0.035097465540138,0.000233003646564459,0.00056242259515559,9.18240971682596e-05,0.0320672703335855,0.000292689309723828,0.00296477053732018,0.000126258133606357,0.0279064909306487,0.42030529216706,0.000320236538874305,0.000920536574111803,0.00222099535025728,0.00160806950165915,0.0122940988096154,0.000880363531600689,0.0113919270549372,0.000577344010945432,0.00413093657135708,0.0032540164434002,0,0.00148295916926739,0.00641046978355913,0.000106745512958102,3.09906327942876e-05,0.00127061594456579,4.47642473695266e-05,0.000203160814984774,0.0169484327348315,0.000221525634418426,0.000128553736035563
0.000284317414381138,3.2666256120386e-05,0.00479831006568337,0.00104653005719015,0.000307304779799187,0.00347835134615222,0.0442664066271365,0.00379533501665374,0.0230236612581832,0.00253828908668777,0.000786409869564849,0.013168130800529,0.00071139846662174,0.000957000318193532,0.000170590448628683,0.000618239143611751,0.189513889813089,0.000258910326287504,0.0241814985584502,0.000329082283879445,0.00207249247163783,0.0033440567376573,0.000993296158327294,0.000297625889096851,0.00597066570200389,0.000642436370367592,0.000381106321404504,0.00152926473096918,0.000959420040869116,0.00569965676233847,0.0037856561259514,0.00135383483698933,0.00520240375250593,0.102706338826507,0.0104544118198613,0,0.000694460407892651,0.00328477353210549,0.000715028050635117,0.00628401978849204,0.00651631316534812,0.00231688446187182,0.000108887520401287,0.00128124315672181,0.0447297835195108,0.000395624657458009,0.000586782748829157,0.000735595693377582,0.000880779053912631,0.0014348955466214,0.000145183360535049,0.0133169437450774,0.000802138066956146,0.000398044380133593,0.00352069649297494,0.000607350391571622,0.01880608463464,0.0001984172593979,0.000239552544882831,0.000286737137056722,0.00051298120722384,0.00120018244708974,0.00251651158260752,0.00355215288775753,4.71845921738909e-05,0.251515653790919,1.81479200668811e-05,0.000592832055518117,9.31593230099898e-05,0.000465796615049949,0.000425871190902811,0.000379896460066712,1.5728197391297e-05,0.00139738984514985,0.000312144225150356,0.000551696770033186,0.0508057071579026,0.00204103607685523,0.00112396118280884,0.00224913222695547,0.00105136950254131,0.00377960681926244,0.000106467797725703,0.000682361794514731,0.019818738574372,0.00181600186802591,3.2666256120386e-05,0.000203256704749069,0.000245601851571791,0.00111065270809313,0.00117235563632052,0.00152442528561802,0.000130665024481544,0.00328840311611886,0.00965469347558076,0.0166053468611962,0.00086263113384575,0.0484210704611144,0.00173131157438046
0.00222181828804762,0.000496622641448191,0.00060049142920206,8.76392896673278e-05,0.00138924503620801,0.00124317955342913,0.00741201177612381,0.00271844092949581,0.00050798329010877,0.000532327537238583,0.0124269266848653,0.000967278085957914,0.00147201547644938,0.0172990220104453,0.00155803181630805,0.000251557220341404,0.0023857362187217,0.0131751065466549,0.000225590023402936,0.00173980219487732,0.00851561764600868,0.000696245467912659,0.000723835614659781,0.0537245075158806,0.00711014311171413,0.000121721235649066,0.000756294610832865,0.00056965538283763,0.00031160636326161,0.0131718606470376,0.000915343692080979,0.000697868417721314,0.000410606301589517,0.000430081699293368,0.000222344123785628,0.0008082290047098,0.00302517844333146,0.000681638919634771,0.0014038515844859,0.00169273665042635,0.000290508015749105,0.000219098224168319,0.0549725559187357,0.000405737452163554,0.000245065421106787,0.000451180046805873,0.0283367036591026,0.000696245467912659,0.000147688432587534,0.00149635972357919,0.000155803181630805,0.00197512991713218,0.000279147367088525,0.000637819274801108,0.000644311074035724,0.000394376803502975,0.00416611215881538,7.30327413894398e-05,0.00010386878775387,0.000423589900058751,0.000830950302030959,0.000527458687812621,0.00537845566588008,0.0019426709209591,0.00239060506814766,0.000217475274359665,0.158867310869544,0.000267786718427946,0.000615097977479948,0.000173655629526001,0.00419532525537115,0.000853671599352118,0.000436573498527985,0.000839065051074231,0.019158922491163,0.00118475336031758,0.0342328803139434,0.0627464855021894,0.000261294919193329,0.000142819583161571,0.00949101048100986,0.00062321272652322,0.010255419840886,0.00601952084029849,0.0150544824250765,0.000313229313070264,0.00106627802428582,0.000512852139534733,7.30327413894398e-05,0.000619966826905911,0.00301544074447954,0.000902360093611745,6.97868417721314e-05,0.00286937526170066,6.32950425375145e-05,0.000983507584044456,0.390908559761881,0.000233704772446207,0.000847179800117502
0.000682412163898961,0.000309238399319415,0.000121346713656985,0.0955885902773882,3.65344944343612e-05,0.00218032643570777,0.00749218096578936,0.00190109851395944,0.00106080514196913,0.00144441733352992,0.000189196489035085,0.000828550141636406,0.000110908286675739,0.000854646209089521,0.000307933595946759,0.000382307388188137,0.00188935528360554,0.000408403455641252,0.000352296910617055,0.0059838282669993,8.611702259528e-05,0.000515397332199024,0.000561065450241976,0.000174843651935872,0.0190749205048545,0.0190814445217178,0.00129958415916513,0.000978602529491818,0.00423278214089528,0.000247912640804594,0.00252870893620686,8.48122192226242e-05,0.000811587697791881,0.000322286433045972,0.000360125730852989,0.000100469859694493,0.000112213090048395,0.00151748632239865,0.000167014831699937,0.00158925050789471,0.000468424410783417,0.00099034575984572,0.000245303034059282,0.00822026124773127,0.000180062865426495,7.82882023593455e-05,6.65449720054436e-05,0.00415318913516328,0.000515397332199024,0.0136560720982152,0.00946765327199018,0.0166949591531304,0.00119911429947064,0.0108781457178311,8.35074158499685e-05,0.00245303034059282,0.0113935430500301,0.000882047079915292,0.0288726890301266,0,0.00100730820369024,0.087754550827963,0.114195086371459,0.00329854292607376,0.000658925703191158,0.000238779017196004,0.000193110899153052,0.0919521032777966,0.000585856714322435,0.00220381289641557,1.95720505898364e-05,0,0.000223121376724135,1.56576404718691e-05,0,3.13152809437382e-05,0.161225419135463,0.00108429160267693,0.0133585769292496,0.000315762416182693,0.000293580758847546,0.00245172553722017,1.69624438445248e-05,0,0.0111521544260888,0.00733951897118864,0,0.000789406040456733,0.00778706652800956,0.161020565005956,0.0245094265519658,0.00492954714189345,0.00958639037890185,0.00145616056388383,0,0.000322286433045972,0.00181759109810947,0.00067066893354506,0.00102557545090743
0.00950339501423405,0.019291711548819,0,0.000602302454412557,0.00367392475186581,0.000644379472185889,0.00376168538893591,0.00512978956682311,0.00128996114487959,0.000151477263983996,0.000449622989920751,0.000786239132107409,0.000829518350388551,0.00360780372393629,0.081135310071555,0.000256068708163422,0.00425218319612218,0.000419567977225514,0.000252462106639994,0.00316659613757021,0.00337217242440563,0.000589078248826652,0.000145466261444949,0.00276866776948527,0.0181195660537047,0.000347435946756944,0.000509733015311226,0.000292134723397707,0.000301752327460183,0.00232385358159575,0.000824709548357313,3.00550126952374e-05,9.01650380857121e-05,0,0.000290932522889898,0.0186569496806955,0.00120220050780949,0.000598695852889128,0.00364266753866277,0.000771812726013695,0.000694871893513888,0.000989411017927214,0.00348037047010849,3.00550126952374e-05,0,0.00066722128183427,0.000562629837654843,0.00129837654843425,6.49188274217127e-05,0.00242002962222051,0.000177925675155805,0.00225653035315842,0.000222407093944756,0.000147870662460568,0.000649188274217127,0.00014185965992152,0.00334452181272601,1.56286066015234e-05,0.00124427752558283,1.44264060937139e-05,0.00221325113487728,0.000685254289451412,0.00370277756405324,0.0023046183734708,0.0685110025390475,8.05474340232361e-05,0.000901650380857121,0.000849955759021313,0.265808936677695,0.000156286066015234,0.000272899515272755,4.56836192967608e-05,0.112542798338078,0.000270495114257136,0.000283719319843041,0.000417163576209895,0.0597253212279757,0.167965443948604,0.00087880857120874,0.00341545164268677,0.00170111371855043,0.000948536200661691,0.0083312495191198,0.000274101715780565,0.0264989035931369,0.000620335462029699,0.0236088135723629,0.0228105524351773,0,0.000835529352927599,0.00444333307686389,0.000258473109179041,0.00028612372085866,0.00201007924905747,0.00011781564976533,0.000193554281757329,0.00270495114257136,0.000757386319919982,6.25144264060937e-05
0.000193529658420153,2.41210878610625e-05,0.000373315906314817,0.00132778174342174,6.78756193299667e-05,0.00232908736742167,0.00741330782855516,0.000797398288244195,0.00167417178421724,0.00159367466542509,0.000274026777212303,0.000382010717055432,7.48875634756244e-05,0.000134068372064975,9.33990960201607e-05,0.0629877333049116,0.00165622120720435,9.0033362830245e-05,0.000997098457512527,0.000264771010940035,0.000332927108035828,0.00097634310284138,0.0101101015469751,0.000147250827058812,0.00373175667431904,0.00091099178340385,0.00025074712264872,0.00215014255282448,0.0191672895610383,0.000226906512553484,0.0072879342672308,7.57289967731033e-06,0.000999622757404964,0.000640050261615636,0.000252710467009504,1.79505770128837e-05,7.5448519007277e-05,0.000568528431329927,0.000107983939843129,0.000295904042946756,0.000202785424692421,0.000633038317469978,3.19744653041992e-05,0.00913095366647547,0.000602746718760737,0.000139958405147328,0.000319183697510339,0.00458581147126014,0.00518631436789427,0.00344286457551794,0.001437168072094,0.138906894003245,0.00591864181446676,0.00186938430923235,0.000243454700737236,0.00516948570194469,0.0388461705669437,0.0210501368030303,0.000221577435002784,2.41210878610625e-05,0.000158189459926038,0.00163462441923573,0.00180515490085812,0.00140687647338476,6.92780081590982e-05,0.000267856266364125,6.64732305008351e-05,0.000490275134664387,1.85115325445364e-05,0.372648930187682,0.000161274715350127,3.64621095574201e-06,1.57067548862733e-05,0.000115556839520439,2.52429989243678e-05,5.32907755069986e-05,0.0237609544097416,0.000933149526904128,0.00246455812831577,3.08525542408939e-05,9.0033362830245e-05,0.19508827336485,3.14135097725466e-05,0.000280197288060482,0.00379514464939578,0.00120857869294556,1.43043660571417e-05,2.21577435002784e-05,0.0011460321511663,0.00207132830062729,0.00103215817824082,0.0167066581214441,6.42294083742247e-05,0.00152411617950016,0.000137434105254891,0.000644257428103031,0.000422679993100247,0.00035256055164367,0.000268697699661604
0.000221660520072135,2.55411298848551e-05,0.000437847940883231,0.000243552917116297,0.000229870168963696,0.0013372605861142,0.00732939209374325,0.00270827195100482,0.000652210995273979,0.00130259762412761,0.0188037446945144,0.000613899300446696,0.00216096202490078,0.00225218034591812,0.000301932642567394,0.000299196092936874,0.00244738755289522,0.0574657178745037,0.000152334596098957,7.47990232342185e-05,0.122633910775711,0.00141297179255859,0.000388590047533867,0.00235981796471858,0.00514836203821865,0.000274567146262192,7.38868400240452e-05,0.000774443545437214,0.000163280794621038,0.0775018220859623,0.00908169604048634,0.0046119983106367,0.00280678773770354,0.000436935757673057,0.00170030950376321,0.000216187420811095,0.000997928431929696,0.00103715230996715,0.000359400184808318,0.00295547360096181,0.00137466009773131,0.00320632398375949,0.00171490443512599,0.000305581375408088,0.000164192977831211,0.000652210995273979,0.00640352613541725,0.000885729897078369,0.000503525132015715,0.00158355005286102,0.000123144733373409,0.0062575768217895,0.000295547360096181,9.48670538580333e-05,0.00307679396791487,0.000866574049664727,0.00468132423460987,0.00019338284055676,5.47309926104038e-05,0.020627198931651,0.000184261008455026,0.000258147848479071,0.00151239976246749,0.000992455332668656,0.000621196766128083,0.000283688978363926,0.0027155694166862,0.000249938199587511,0.000197031573397454,0.000312878841089475,0.2609300072701,0.0258713402069379,0.000116759450902195,0.00818501994488589,0.0590182536982188,0.00207339243672413,0.0235179075246905,0.00590729846908292,0.000368522016910052,0,0.00388225174249798,0.00172220190080737,0.000304669192197915,0.121962543933024,0.011357593149869,0.000643089163172245,4.92578933493634e-05,6.11162750816176e-05,2.37167634645083e-05,0.000817316156315364,0.00107455182158426,0.000376731665801613,3.55751451967625e-05,0.00473058212795924,0.000730658751348891,0.00208889955129708,0.0689893283686242,0.000286425527994447,0.000486193651022421
0.000486716576216158,0.000104095452716751,0.00180056999293839,0.000112535624558649,0.000253205155256961,0.000855270746645735,0.0113914185959493,0.00299344761326007,0.00238856863125733,0.000467022841918395,0.0164527083104745,0.00128571951058257,0.00372211578227733,0.00146014972864848,0.000554237950951348,0.000151923093154177,0.004583013310151,0.0219275664452528,0.000630199497528436,0,0.107901970217447,0.00184558424276185,0.00153048449399763,0.00176118252434286,0.00150516397847194,0.000202564124205569,0.000163176655610042,0.000120975796400548,0.000748361903315018,0.137166859383924,0.000379807732885442,0.00682528562948208,0.000554237950951348,0.000489529966830125,0.00311723680027459,0.000599252200774808,0.00050078352928599,0.00159237908750489,0.000160363264996075,0.00464772129427222,0.00318194478439581,0.00100438044918595,0.00239419541248527,0.000303846186308353,7.31481559631221e-05,0.00167396741530991,0.00236887489695957,0.000225071249117299,0.000225071249117299,0.000472649623146327,4.22008592094935e-05,0.00382621123499408,0.000379807732885442,0,0.00356456590789522,0.000289779233238522,0.0080406703747155,4.22008592094935e-05,3.6574077981561e-05,0.057742028961043,7.59615465770883e-05,0.000340420264289914,0.000101282062102784,0.0023829418500294,0.00038824790472734,0.000790562762524512,0.00202845463266965,0.000180056999293839,3.6574077981561e-05,0.000202564124205569,0.1821642288637,0.14015749360657,0.00636107617817765,0.0124520668574146,0.0302692696156627,0.00280495044212434,0.0129078361368771,0.00376994342271475,0.000227884639731265,0,0.00268116125510982,0.00203689480451155,0.00114223658927029,0.0908078088469881,0.0147815542857786,0.000523290654197719,0.000118162405786582,0.000104095452716751,0,0.000745548512701052,0.000663960184896031,0.000253205155256961,0.000225071249117299,0.00443671699822475,0.0012997864636524,0.000419195201480969,0.0510292789561195,0.000630199497528436,0.00113942319865632
0.0055871641349296,0.0142969229179833,0.000204760304795021,0.00289177394090059,0.00166228138347231,0.000155431685912584,0.00310863371825168,0.00334783098339859,0.000201968118820543,0.000284802969396711,0.0011243202190563,0.000132163469458604,0.00022895924990716,0.00297926243476755,0.0252087857062416,0.000385321664477903,0.00303882906888974,0.000810664661256651,4.46749755916409e-05,0.00267305270623318,0.00387276194660037,0.000195453018213429,0,0.00276891775802358,0.0116285238550409,0.000642202774129838,0.00201037390162384,1.20994725560694e-05,0.00150684969755972,0.00483885829376961,0.00180095995353803,8.09733932598492e-05,0.000878607853302272,4.56057042498001e-05,0.000548199179655761,0.0537281732495553,0.00169299542919156,0.000379737292528948,0.00172184801759449,0.000668263176558296,0.000380668021187107,0.000608696542436108,0.00451031107743942,0.000670124633874614,2.41989451121388e-05,0.000149847313963629,0.000786465716144512,0.000686877749721479,0.000207552490769499,0.00160178402069196,0.0001368171127494,0.00463223653165827,0.000245712365754025,8.19041219180084e-05,0.000196383746871588,0.00793073889617443,0.00249342207520846,0.000227097792590841,0.000635687673522724,0.000318309201090442,0.00318029982492994,0.000639410588155361,0.00246736167278,0.0138678570065719,0.0502909923149735,4.0021332300845e-05,0.00111780511844918,0.000422550810804271,0.0725270306870546,0.000295971713294621,0.00061707310035954,0.000142401484698355,0.386841544376677,9.4934323132237e-05,0.00272796569706457,0.000141470756040196,0.0393902982706131,0.0945061879494838,0.00159899183471748,0.00778182231086896,0.00196383746871588,0.00258091056907542,0.0078423196736493,0.00229238468504608,0.00456801625424529,0.00158503090484509,0.082018601542962,0.0196355825011844,0.0013933008012643,0.00110570564589311,0.00383739425759032,0.000993087478255852,0.000615211643043222,0.00128812846289231,0.000300625356585417,0.000442096112625613,0.004665742763352,5.02593475405961e-05,0.000215929048692931
0.000376334978555644,0.000157848942412086,0.00111360503884624,0.000184798761848296,0.00134171601050273,0.00233404686188603,0.00782507257201377,0.00658153090374294,0.00287015576995634,0.00333696514233355,0.0266427839933472,0.000312810404170292,0.0157444695120543,0.00600884724072349,0.00106836784193546,0.000411947239953492,0.0237601158072241,0.00446789506510306,0.0014167905075036,0.000622733327686705,0.16897151789083,0.000673745485905244,0.00035131014622202,0.00251499564952915,0.0101090697692325,0.000239660894272008,0.000190573723156055,0.00476338058535008,0.00108665521941003,0.0703322912736485,0.00472680583040094,0.0477252427408736,0.00190381224445796,0.00299335494452187,0.00244473362028474,6.5449561487938e-05,0.00328210300990983,0.00144374032693981,0.00212326077415281,0.00736500065449561,0.0122111556852569,0.00157078947571051,0.000923993809241478,0.000992330851383296,0.00027912312987503,0.0217350293753032,0.00189611229604762,0.000437934565838409,0.000740157540944476,0.00298757998321411,0.000631395769648343,0.00909652655327209,0.000600595976006961,0.000127049148770703,0.0647642660794173,0.000323397833234517,0.00579132369813122,0.000313772897721585,7.41120034495769e-05,0.00210786087733212,0.000640058211609982,0.00155538957888982,0.00121370436818073,0.00124161668116824,0.000132824110078462,0.00123006675855272,0.000527446466108677,0.000233885932964249,0.000385959914068576,0.000468734359479791,0.0135913714378114,0.00368635030145298,0.000517821530595745,0.208565615110379,0.00523115245127858,0.0277900763064887,0.0617863110317161,0.00173152589877648,0.000511084075736693,3.56122613978486e-05,0.00747664990644563,0.000846031831586728,0.000147261513347861,0.00500400397317338,0.0183066273455968,0.000650645640674208,0.000396547343132801,0.000116461719706478,0.000129936629424583,0.00318007869347275,0.00180371291512347,0.000989443370729416,0.000101061822885787,0.0318113743637918,0.00520709011249625,0.000763257386175513,0.0141525051782153,0.00238217153945069,0.00796848411115646
0.000790441253576444,4.84704542287442e-05,0.000156130790063743,8.01626743013846e-05,0.000916278009747222,0.000398016999147573,0.00516396762360082,0.00304851193375207,0.000980128511952395,0.000506143397042463,0.0121413827222405,0.00050521127292268,0.00181904021975758,0.00599262596608839,0.000482840294047875,0.000526650127677701,0.00200965960225332,0.0285971019328992,0.000411998860944326,0.000538301679174996,0.00929653990866116,0.000176637520698981,0.000219049168149132,0.00250042295131935,0.00639763389613434,8.7619667259653e-05,0.000181298141297899,0.000257732319120149,0.000168248403620929,0.0301924323639087,0.00166244336763395,0.00123553052077308,0.000417591605663027,0.000428311033040538,0.000449283825735667,0.000310863393947811,0.000627785594674216,0.00081327829451114,0.000472120866670364,0.00353927528281811,0.000387297571770062,0.000750825978485643,0.00474451176969823,0.000115117328793267,0.000104863963475648,0.000926065313004949,0.00766578876109985,0.000353741103457854,0.000661342062986423,0.00084730082488324,4.61401439292853e-05,0.00509219406637749,0.000120244011452077,0.000157062914183527,0.00121362560395817,0.000132827687069155,0.00353275041397962,7.27056813431163e-05,0.000303406400989543,0.00468205945367273,0.000710744641334951,0.000261926877659175,0.00069210215893928,0.000677654235082635,0.00111155801284187,0.000159393224482986,0.00645449346744114,4.98686404084195e-05,4.14795233303676e-05,0.000131429500889479,0.0192679376800456,0.0030699507885071,0.000154732603884068,0.00260854934921424,0.35789138610119,0.00161630322370466,0.0229372442775735,0.0092261645376175,0.000388695757949737,1.39818617967531e-05,0.00401652283214728,0.0021862971229523,0.00212058237250756,0.0665331554219097,0.0125650331346821,0.000258198381180041,0,0.000126768880290562,3.77510268512334e-05,0.000596093374601575,0.00134412298072787,0.000622658912015406,2.42352271143721e-05,0.00444436780312793,0.000201338809873245,0.000272646305036686,0.320146884118795,0.000130031314709804,0.000450682011915343
0.000276365413097583,0.000192386972653566,0.00184294504756233,0.00171468706579329,0.00155283770784664,0.00156047211152337,0.0227031896538561,0.0159940757027469,0.000847418808116898,0.00170705266211656,0.0943322187103965,0.000981784312827325,0.0531919441772403,0.0120593040477608,0.0013879345884293,0.000513031927076176,0.0124608736811568,0.011874551478784,0.00122761211121799,0.00032064495442261,0.0742628983250118,0.0013314400012215,0.000737483395172003,0.00492419037149008,0.0162536454277556,0.000277892293832929,0.000236666513978593,0.00109935412944895,0.000235139633243247,0.0296077443390897,0.00547234055547921,0.0076908982639366,0.00176660101079505,0.00250103064449636,0.00331943871864169,7.63440367672881e-05,0.00627853358374177,0.00256363275464553,0.00188264394668132,0.0143557326737209,0.0053150718397386,0.00455315835280106,0.00208571908448231,0.000778709175026339,0.000300795504863115,0.0483929580260486,0.00905134899912968,0.00153756890049318,0.00298199807613027,0.00119096697356969,0.000422945963690776,0.0107416059731574,0.000276365413097583,0.000338967523246759,0.0249278548852549,0.000575634037225352,0.0168353869879224,0,0.000328279358099339,0.00131769807460339,0.00104896706518254,0.000583268440902081,0.00183531064388561,0.00269799825935596,0.000183225688241491,0.000732902752965966,0.000995526239445437,0.00131922495533874,0.000745117798848732,0.00037103201868902,0.00362176110424015,0.000723741468553891,0.000482494312369261,0.0646863023529232,0.00340189027835036,0.0793077122745942,0.0713984700655032,0.00293008413112852,0.000697784496053013,9.16128441207457e-05,0.024694242132747,0.00191623532285893,0.000739010275907349,0.00315453559922434,0.027431939291222,0.000867268257676393,0.000212236422213061,0.000102301009268166,0.000560365229871895,0.000693203853846976,0.00212083734139526,0.00178034293741316,6.26021101491763e-05,0.114074786618417,0.00190707403844686,0.000262623486479471,0.0248194463530454,0.00100926816606355,0.0121692394607057
0.00134982017290417,0.000221013622525053,0.000419587003110916,0.00203691981226537,0.000279921365076165,0.000912597938336913,0.00652225379067277,0.00923764108311613,0.00116045218082229,0.00125700760199866,0.000859473068051121,0.000450237912085707,0.0006439219837592,0.00195533579217241,0.000943535461972085,0.000791241919194695,0.00406272909151953,0.000234855424652833,0.000423380432439479,0.00249555384793163,0.000936892745725623,0.000650176927229853,0.000843321488954394,0.000361235630194659,0.0665902967854345,0.000561865892460898,0.000973309667279831,0.000933335351999726,0.00107981230313998,0.00228219452280733,0.00259880256441218,0.000236777428845972,0.000798457864761918,0.000655032516770414,0.00101980868100507,7.16368054091807e-05,0.000940180384477044,0.00117073658922417,0.00214998086594247,0.00247940226883491,0.000416990611481588,0.00180494739390225,0.00030886944577458,0.00138350582534181,0.000233152596376456,0.000503514519544642,0.000311027485570385,0.00143389942651104,0.000641848242392918,0.0113482883018429,0.00065309365289137,0.0107140774971648,0.000528618591856779,0.00037194153074416,0.00057682043385839,0.00106334039001107,0.00807975157455136,0.000132820605557431,0.00169357230881563,6.60056703170022e-05,0.00535552980669392,0.002187932018914,0.00846740633255872,0.00558488897374182,0.000229982975426367,0.000297185683442605,0.000183062469553515,0.00120504605004029,0.00027319435040018,0.000728776782917685,0.000275166933651033,4.43241142435246e-05,0.000294150939979754,0.000562877473615182,0.000490111069250384,0.000410263596805602,0.720930285097626,0.00305630700112282,0.00292362127305263,0.000704060483381357,0.000512062380298338,0.00433899190475437,0.000301232008059739,0.000440998804209918,0.0290075785299723,0.00143283726629904,0.000334496168349764,0.00168284954858022,0.000309375236351722,0.00254257551191992,0.0307419175593055,0.000734745111727958,0.000488054187570008,0.00275864924647488,0.000194156142878824,0.000898789855580942,0.0019542399125886,0.000576567538569819,0.000688886766067104
0.00484704818196705,0.00192649891222133,0.000198841262291119,0.000749046731595487,0.00216697987414518,0.000334209274580289,0.00397682524582238,0.00205625258298699,0.000224573660940558,0.000556287672621508,0.00229314660449303,0.000113690415851158,0.000419048213157833,0.00344393066288218,0.0164749732928893,0.000556287672621508,0.00206935271320852,0.000730644167712858,0.000211317576787817,0.000444780611807272,0.00271141504799482,0.00035729045639918,0.000337484307135672,0.00478451065555235,0.0118144460126479,0.00012320360565489,0.000185897086000795,0.00036695960013412,0.000594184477905227,0.00609046887549418,0.00140093416404794,0.000235490436125169,0.000310816184898981,0.000294752929984483,0.000445560381463316,0.00512807716600516,0.000372106079864008,0.000345437957627317,0.00204814297856413,0.00112614333725817,0.000342162925071934,0.000891120762926631,0.0194287407499825,0.000385985979741584,0.000170613600742341,0.000202584156640128,0.00113846369782366,0.00101354459892548,0.000302238718682501,0.00231108130658204,9.6691437349407e-05,0.00748142198794476,0.000274634872858558,0.000196813861185406,0.000382087131461366,0.000479402384535608,0.0051394618029834,8.04722285037e-05,0.000399086109963117,0.000249526289933953,0.00151259717879338,0.000653135063902123,0.00141060330778288,0.0010944846892228,0.0277947334357431,0.000156421793002347,0.00418408802039877,0.00022550938452781,0.00756220612431088,0.000475659490186599,0.000577341453334685,0.000217555734036166,0.00657501773975967,0.000467861793626163,0.00182559671872929,0.000249370336002745,0.0405569114883463,0.717107054576078,0.00119257971195309,0.000768229065134159,0.0022048766794289,0.00262252130720585,0.0217965892875245,0.00143009754918397,0.00902084324290604,0.000415461272740033,0.00126213516527218,0.00206046333912962,7.15828544248029e-05,0.000694774763534852,0.00408225010331948,0.000320797236496339,0.000143165708849606,0.00157700615238259,0.000119928573099506,0.000326567531951062,0.0129516620790219,0.000293037436741187,0.000166090936737288
0.000920594763723491,5.68808551730294e-05,0.00147146396882229,0.00336165854072604,0.000191207182389337,0.0181161148275701,0.0309068689758252,0.00348635887706691,0.00253119805519981,0.00428312839452911,0.000592873528918883,0.00153272027439325,0.00022796096573191,0.000732887941652494,0.000544743574541704,0.00246906665954927,0.00324527156014122,0.000198207903026018,0.00194094979651968,0.000896092241495109,0.000607750060271829,0.0025491374018313,0.00149946685136901,0.000290967451462035,0.0157424329866956,0.00290967451462035,0.000526366682870418,0.00366400216322268,0.00151565601784134,0.000868526903988179,0.00447214785171949,0.000229273600851288,0.00354411482231952,0.0008790279849432,0.000777955080751125,5.51306750138592e-05,0.000514990511835812,0.00647960449428763,0.000490050444567638,0.00153140763927387,0.000460297381861745,0.00235486740416342,0.000236711866527761,0.00561107759029945,0.000398603531250998,0.000659380374967348,0.000271277924671371,0.0316852616016161,0.00122950156181702,0.106994638760627,0.00123956509773225,0.0596452647344386,0.00223410497318068,0.0119484799466545,0.000602937064834111,0.00320589250655989,0.0408334532935984,0.000489175354488053,0.00121943802590179,6.34440307699174e-05,0.00176111878516495,0.0459483548087731,0.0250118246547004,0.0588051782580369,4.02541436609131e-05,0.00067688217655905,0.000161454119683445,0.00269090199472408,4.90050444567638e-05,0.00189588265742105,0.000145702498250914,3.71913283823654e-05,7.74454720432785e-05,0.000613875690828925,0.000209146529020831,0.00032115805920772,0.156521674449864,0.00227873456723952,0.197923498750153,0.000115511890505229,0.000358786932629878,0.00799657314724835,0.00087552762462486,0.000237149411567553,0.0161029700994846,0.0450553253825566,0.000305406437775188,0.000301468532417056,0.00117874633720109,0.0111622115101473,0.00735031912347477,0.00777430026703374,0.000398603531250998,0.00176680687068225,0.000222272880214607,0.00340147513934716,0.00104135719470623,0.000595936344197431,0.000352661302072782
0.0136308355509531,0.0123996050429275,0.000203198188977326,0.00217497320794249,0.000949763386997724,0.000630666971714812,0.0029922814791624,0.00402783965706166,0.000523799776030441,0.000504232543017809,0.000854937565474972,9.93413368333594e-05,0.000507242886558214,0.00134712873433116,0.00572717858562019,0.000626151456404205,0.00220056112803593,0.00013697063108842,0.00049219116885619,0.0383141474105025,0.00097836165063157,0.000511758401868821,0.000540356665502667,0.000257384372704613,0.0443107517429889,0.000618625597553193,0.0371551651474466,0.000356725709537972,0.000665285922429468,0.00114393054535384,0.00166170963430347,3.91344660252628e-05,0.000237817139691982,0.000212229219598541,0.000757101400411815,0.0015548424386191,0.00141185112044987,0.00109877539224776,0.005361421845461,0.00231194383903091,8.57947909015377e-05,0.000844401363083555,0.000988897853022987,0.00044854118752032,0.000153527520560646,0.000603573879851169,0.000263405059785423,0.00144195455585391,0.000158043035871254,0.00300281768155382,0.000421448095656676,0.00759660192421159,0.000413922236805664,0.00027394126217684,0.00039284983202283,0.000939227184606307,0.00501222199477404,1.8062061242429e-05,0.00522896672968319,6.32172143485015e-05,0.0185361903500427,0.00135615976495238,0.00671758161041338,0.00252718340216986,0.00311871590785941,0.000139980974628825,0.000587016990378942,0.00195371295772274,0.00680488157308512,0.000633677315255217,4.21448095656676e-05,2.25775765530362e-05,0.0110434452779751,0.000319096415282912,3.91344660252628e-05,0.000556913554974894,0.1893235155996,0.0138566113164834,0.00172342167688177,0.274002974219418,0.000708935903765338,0.00138776837212663,0.00406697412308693,8.27844473611329e-05,0.0158253759919082,0.00148560453718978,0.0335547942731225,0.140668838127807,0.000888051344419425,0.0024895541079148,0.0367216756776283,0.000394355003793033,0.00348296747624839,0.00398268450395559,0.000121918913386396,0.000478644622924368,0.00176406131467723,0.000459077389911737,0.000251363685623803
0.000750208698997137,0.000147020765172593,0.000372586870642874,0.000300083479598855,0.00459490240741468,0.00125370447013616,0.0094767974043786,0.0121100802874357,0.000573985179098481,0.00100296357610892,0.0946632469233891,0.000433006363179556,0.0406109619085309,0.159291964106793,0.00329487632633374,0.000341370132832254,0.00333414899648258,0.0146889856272097,0.000158097672137652,0.000299076488056577,0.0287224197603964,0.000752222682081693,0.000509537720392686,0.038351272887659,0.0229422883077205,0.000332307208951752,0.000119831993531086,0.000460195134821063,0.000172195553729544,0.0208245850943098,0.00120436188456453,0.00191328393032827,0.000665621409445782,0.00141885108306975,0.000849900861682663,0.000221538139301168,0.0100004330063632,0.00164743816316687,0.00376514137657758,0.00719294058649201,0.000754236665166249,0.00139166231142825,0.00515478970492127,0.000173202545271822,0.000104727120396916,0.00344693204921772,0.0449289416418192,0.000667635392530338,0.000376614836811986,0.0018246686746078,4.33006363179556e-05,0.00446701448154537,0.000265845767161402,0.000350433056712757,0.00212676613729121,0.000217510173132056,0.00425856723229382,7.95523318399649e-05,0.000175216528356378,0.000287999581091518,0.0010039705676512,0.000442069287060058,0.00113588645968963,0.00142489303232342,0.000332307208951752,0.000505509754223574,0.00557571216959349,0.000284978606464684,0.000886152557204672,0.00011278305273514,0.00291524051489492,0.000570964204471647,0.000596138993028598,0.00617185116262209,0.00430589583478088,0.0112752842988872,0.072193237648997,0.0109429770899354,0.000398768650742102,0.00012285296815792,0.172639636999689,0.000528670559695969,0.00734398931783372,0.00326668056314995,0.0252261451256071,0.000668642384072616,0.000109762078108306,0.000460195134821063,8.45872895513551e-05,0.000972753829840583,0.00224559113928002,0.000317202335817581,0.000104727120396916,0.0389675517115332,0.000229594071639392,0.000391719709946156,0.0625220908769587,0.000431999371637278,0.00143093498157709
0.00026064631507353,9.19682266498421e-06,0.000878993293495763,0.000678474690239517,8.36074787725837e-06,0.00130476437914515,0.00672740610653697,0.000455033703219787,0.00134803124940996,0.001204574750416,0.000143944209286798,0.000112243040252194,0.000120882479725361,0.000160665705041315,0.000165751826666647,0.0138490911483856,0.00138802349342284,4.02709356087945e-05,0.000507985106442423,0.000287052343785871,0.000153489396446668,0.00121349288148508,0.040744920340536,3.866845893232e-05,0.00383005860257206,0.000345995616320542,0.000154952527325188,0.00102690885802426,0.0072875065414143,0.000569784967835158,0.0173235392745783,4.37545805576521e-05,0.000658826932727959,0.000460259170643073,0.000111267619666513,2.85658885806328e-05,8.785752561019e-05,0.00024106823046095,0.000114472573019462,0.000304400895631182,0.000140530237236918,0.000315339540770595,5.67834126663798e-05,0.00269334525575981,0.000269634119041582,7.90787403390687e-05,0.000107017572828907,0.0021752575789657,0.0140356054989475,0.00247303954919405,0.000812873712366445,0.0416002248483796,0.00228150874990585,0.000611449361423495,0.000193063603065691,0.00318913760488123,0.0199769619592242,0.00264478324517273,0.000205744070679533,1.58157480678137e-05,0.000296458185147786,0.000639597212610265,0.00119252133889295,0.000639109502317425,1.90903743197399e-05,0.000288933512058254,5.61563565755854e-05,0.000239326407986521,3.90168234272057e-05,0.0290424512096365,0.000101722432506643,1.5467383572928e-05,4.96767769707101e-05,0.000176551126008106,0.000162895237808584,9.26649556396136e-05,0.0254811906513183,0.00103199497964959,0.00157941494691308,1.11476638363445e-05,0.000124853834967058,0.726727004790639,9.86568249516488e-05,0.000196686593812503,0.00450595539554942,0.000461513282824662,3.1422477438696e-05,3.93651879220915e-05,0.000531813237892609,0.00134628942693553,0.00118590241349012,0.0027604402574748,7.17630859464677e-05,0.00076013132784074,0.00010743561022277,0.00073149576636113,0.000686278054924958,0.000157878789082229,5.13489265461618e-05
0.00827385148128631,0.00180755254135215,0.000348165586526419,0.00120018751325938,0.0205409141613572,0.00020274015726477,0.00244143632419263,0.00582386072007829,0.000520965214237321,0.000522676101640399,0.00653986709826653,0.00017365507141244,0.00189737413001376,0.042591686455931,0.0418200762371427,0.000498723677997304,0.00151755712653039,0.00152953333835194,0.0002515004482525,0.000616774908809701,0.00787093749786139,0.000396925877514149,0.00139009601500106,0.0494899844651424,0.0199720440998337,0.00019333027654784,0.00045424060551727,0.000130027442633945,0.00036698534796028,0.018217529067977,0.00271517830868515,0.000678366855320518,0.000103508687886233,0.000228403468310944,0.000354153692437193,0.00159283617226583,0.00263048938223278,0.00043456540038187,0.00742268499825489,0.000881107012585288,0.000306248845151003,0.000958952389425347,0.0342399895978046,0.000130882886335484,0.000280585534104829,0.000934144522080713,0.00612754323412468,0.00120874195027477,0.000185631283233988,0.00318823867563628,8.9821588661607e-05,0.00344829356090417,0.000321646831778707,9.06770323631461e-05,0.00079214086762522,0.000254922223058656,0.00456806936621887,4.5338516181573e-05,0.000150558091470884,0.000218138143892474,0.00650564935020496,0.000563737399314276,0.00233536130520178,0.00316856347050088,0.00788034737857832,0.000132593773738563,0.00747828883885494,0.000447397055904957,0.00331741067456869,0.000661257981289735,0.000874263462972975,0.000273741984492517,0.00383067689549215,0.00131053975075792,0.00118906674513937,0.000913613873243774,0.0687793844911479,0.16142735914264,0.000872552575569897,0.00194356808989687,0.0159933754439753,0.00121130828137939,0.346748116312969,0.00136015548544719,0.0232637914633562,0.000769043887683664,0.00128231010860713,0.00352956071255039,5.90256154061989e-05,0.00111635403050854,0.00326865038358096,0.0011745242022132,9.92314693785373e-05,0.0024320264434757,0.000159112528486275,0.00153552144426271,0.00947061721973953,0.000215571812787857,0.000223270806101709
0.0003072319219116,0.000255311443487992,8.62480674640107e-05,2.18838380132565e-05,0.000537226768482296,0.000374170720540385,0.00618454426049148,0.00189831567393425,0.000857331536284047,0.00122463673901635,0.0070568941169807,0.00114997423285348,0.00144604968832695,0.00316028366603204,0.00138726369209526,0.000281486230131299,0.00350527593588808,0.0134924588723301,0.000188801739722213,0.00015275777122979,0.0223403949474938,0.000429094863005029,0.000261747866433067,0.00361898607458441,0.00602363368686459,1.67346996571961e-05,5.83569013686839e-05,0.000328686665061852,0.000275049807186223,0.0412081251686879,0.000698995531835191,0.00266038815063118,0.00281228773213496,0.000336410372595942,0.00138297274346521,0.000291784506843419,0.000688697255123071,0.000858618820873062,0.000695133678068146,0.00238834200748599,0.00152671952257189,0.00424675185916077,0.00343490437835525,0.000148037727736735,0.000105128241436232,0.000668529796561834,0.00767521981457095,0.000135164881846584,0.000765505235600971,0.00104184232737621,9.48299647241113e-05,0.00455312559134636,0.000266467909926123,6.65097037657794e-05,0.00243897520132058,0.000190947214037238,0.00309248667767724,7.594979075189e-05,3.77603479444425e-05,0.0408699984166399,0.000530361250674215,0.000445829562662225,0.00268398836809645,0.00098477271059654,0.000879644469160309,0.000204678249653399,0.00327184833041334,7.98116445189353e-05,0.00134692877497278,0.000245013166775871,0.0601264885837166,0.0090024102258455,0.000837593172585816,0.00308304659069113,0.103406283750993,0.000772799848272056,0.0178576409136803,0.00710366545704825,0.000421800250333943,6.43642294507543e-06,0.00270415582665769,0.0046419482279884,0.0018519734287297,0.462079385124225,0.00757094976286072,0.000265180625337108,8.06698342449454e-05,8.19571188339604e-05,5.36368578756286e-05,0.000359581495198214,0.00113238134347027,0.000191376308900243,2.70329763693168e-05,0.0035074214102031,0.000806698342449454,0.00052735758663318,0.0976079248672059,0.000205107344516404,0.000636776776699462
0.00102025241445772,0.00023044715726971,0.000545790648234885,0.00148114672899714,0.000234736866257847,0.00204569238397085,0.0114208014972082,0.039534756120068,0.00170012140874043,0.00158110692448815,0.00197306661319495,0.00084547171335965,0.00159507341886814,0.0037551912960807,0.00158250357392615,0.00161053632336026,0.00960136632219306,0.000724960818995231,0.000611333411146659,0.00133759111890575,0.00246668242885318,0.000901138169531294,0.00148733189079399,0.00104738731782454,0.0339318973781897,0.000626297512268069,0.000758081362810617,0.00188827004017362,0.00113816953129442,0.00338039044332646,0.00463527996336788,0.00033160448085044,0.00133449853800732,0.00102474164479414,0.00316261289167288,0.000110734348298432,0.00238068872774215,0.00194513362443498,0.00171418766379456,0.0120443057106003,0.00121348884027219,0.00981645033564479,0.000455806520158141,0.000847865969539076,0.000302374603326619,0.00134966216047702,0.000776537087527023,0.00165133843908464,0.000770651207752601,0.0100914905142563,0.000649242467320897,0.016082617799898,0.000802175580781705,0.000393855141515504,0.000802075820107562,0.00123573547060602,0.0146376841956147,0.000164505351661364,0.00094553166952481,0.000190842169635046,0.00260325479175458,0.00153511725370835,0.00486502879591859,0.0204571233610568,0.000380387450506236,0.000627893683054353,0.00021877515839501,0.00100010075828088,0.000317039422425601,0.00174920366041866,0.000324720994334591,8.41980089764655e-05,0.000278232520184078,0.000907522852676429,0.00119313766274707,0.000619513786426363,0.325435879325498,0.00393406218481862,0.00295501092878185,0.000474860808919402,0.00106374806838395,0.00705297990121698,0.000569932731377426,0.00087250685605233,0.359012129900369,0.00355078167476225,0.000221468696596864,0.00191869704578716,0.000177773521322348,0.00232492251089636,0.0113183472848636,0.00147067185821215,0.0003630290932054,0.00742688290790394,0.000541899981943318,0.00152992969865293,0.00407163215446145,0.00123783044476301,0.00239246048729099
0.000452543383725821,5.44450649294861e-05,0.00148500163335195,0.00191656618471962,0.000158839730711712,0.0656637452810115,0.178150246401381,0.00370775887129886,0.0127771078981308,0.01340147790879,0.00063485942683832,0.00738854495813724,0.00052546980097082,0.000341655269832739,0.000697795923912772,0.00224123859026242,0.00461734110282725,0.000227270683879965,0.00292854509799612,0.000692301467818971,0.000522972320928183,0.00376819788833067,0.000817674965959347,0.000369627046310273,0.00985805322429668,0.00184014329541493,0.000315681477389314,0.0033311388808692,0.00131217601440147,0.00087261952689736,0.00890401584800936,0.000193304955300102,0.00371674979945235,0.00253094627520831,0.00133615182281078,7.49244012791094e-06,0.00074424905270582,0.0310876325787281,0.00192605660888164,0.00175522897396527,0.000326170893568389,0.00734608779741241,0.000169329146890787,0.00314033140561174,0.00147800868923256,0.000384112430557567,0.000277220284732705,0.0110948053414105,0.00108740281056414,0.01558927042614,0.000754238972876368,0.0276825682885968,0.00159089478715976,0.00248848911448349,0.000578915873883252,0.000987503608858662,0.0732286123301589,0.000450545399691711,0.000378118478455239,9.64027296457874e-05,0.000848643718488046,0.00781511454941963,0.00429416718531002,0.151230908013814,6.99294411938354e-05,0.00118280654819287,0.000123875010114794,0.00115133829965565,8.74118014922943e-05,0.00214433636460811,0.000278718772758287,5.24470808953766e-05,3.59637126139725e-05,0.000389606886651369,0.000248249516238116,0.000284213228852088,0.0813698977731469,0.00184064279142345,0.0392878585507223,3.59637126139725e-05,0.000306690549235821,0.00417328915124639,6.84309531682532e-05,0.000624370010659245,0.021514292079292,0.138003754212,0.000518476856851437,0.000665828179367019,0.000492003568399485,0.00356590200487708,0.00494550998042975,0.00272624921454253,0.000154843762643493,0.00218679352533294,0.000628365978727464,0.00150148500163335,0.0012981901261627,0.000798194621626778,0.000653340779153834
0.0170538803756797,0.0351134904572262,0.000116583814435874,0.00102749201789484,0.00103060091961313,0.000101039305844424,0.000522295488672717,0.00197415259111414,0.000680849476305506,8.08314446755395e-05,0.000830076758783425,0.000262702195195503,0.000211405316843719,0.00221509247428161,0.0124822403989343,0.000480325315475802,0.000993294098993649,0.000172544045365094,0.000163217340210224,0.0132890003948305,0.000275137802068663,0.000203633062547994,3.88612714786247e-05,0.000920234908613834,0.0224758049723774,0.000488097569771527,0.00964381313013552,0.000147672831618774,0.000368404853617363,0.000323325778702158,0.000477216413757512,2.02078611688849e-05,5.75146817883646e-05,7.46136412389595e-05,0.000222286472857734,0.0100541881569498,0.00113474912717584,0.000641988204826881,0.00224151813888708,0.00075079976496703,0.000631107048812866,0.000303117917533273,0.00122490727700625,0.00365917732242731,8.08314446755395e-05,0.00160419328663763,0.000411929477673422,0.000623334794517141,4.35246240560597e-05,0.00421567073000121,0.00157932207289131,0.00375866217741259,0.000640433753967736,8.39403463938294e-05,0.000416592830250857,0.00652092135411323,0.00107878889624662,3.88612714786247e-05,0.00141921363439938,0.000470998610320932,0.0107630177487199,0.000480325315475802,0.00191352900760748,0.00113008577459841,0.017882402683604,0.000136791675604759,0.000404157223377697,0.000405711674236842,0.0293045075966013,0.000290682310660113,0.000233167628871748,0.000107257109281004,0.0790018560143258,0.000242494334026618,0.000270474449491228,0.000194306357393124,0.0925582219569293,0.0268251584762651,0.000746136412389595,0.0525855181140159,0.000523849939531862,0.000982412942979634,0.00103837317390885,0.00100262080414852,0.0119241925405012,0.000461671905166062,0.318458793062175,0.161369098138701,0.00140988692924451,0.00155445085914499,0.011535579825715,0.000320216876983868,0.00200679605915618,0.00167725247701744,0,0.000512968783517847,0.000833185660501715,8.08314446755395e-05,0.000665304967714056
0.0358498032527394,0.01749044131581,0.00018114124558294,0.00165256551739513,0.000854986679151479,0.000307104080972924,0.00233811546221672,0.00429555562986991,0.000345004403125662,0.000292055423647572,0.000500507195487632,0.000203992910410327,0.000386248871350701,0.0049777614286192,0.00633715680700933,0.000261400751318151,0.00183816562440781,8.02595057352105e-05,0.000164420515221438,0.0310899686764985,0.000780858107882152,0.000498277764772765,0.000479884961375113,0.000352807410627696,0.0551544438127724,0.000590799139439744,0.00746413403337458,0.000239663801848198,0.000830462941287942,0.000857773467545062,0.00138447647393238,6.46534907311418e-05,0.000161633726827855,0.000124290762353833,0.000496048334057898,0.00105730751652566,0.00141122964251078,0.000730695916797646,0.00485625745465895,0.000797021480564938,0.000361725133487164,0.000268646401141469,0.000760235873769633,0.00111304328439733,2.39663801848198e-05,0.000474311384587945,0.000139896777357902,0.000803709772709538,0.000247466809350232,0.00564268913932827,0.000478770246017679,0.00516391889331059,0.000308776154009074,0.000499949837808916,0.000686664660179023,0.000535620729246787,0.00254433780334192,0.000114258324136932,0.00526758742155191,3.00973146507039e-05,0.0427660546879354,0.00166761417472049,0.00585114091116833,0.00166538474400562,0.0047146886042649,7.80300750203436e-05,0.00020510762576776,0.00162636970649545,0.00875720384799741,0.000448115573688259,0.000151601288610953,0.000311005584723941,0.00582438774258993,0.000526145648708602,0.000626470030877615,0.000298186358113456,0.173267453655709,0.00656623081296191,0.00137778818178778,0.0352963470777737,0.00109520783867839,0.00126687400372315,0.000574635766756959,0.00061365080426713,0.00947619525354201,0.000866133832725813,0.0186085008193158,0.42346698770469,0.000145470354145069,0.00274108506392893,0.0280596149773155,0.000725122340010478,0.00125739892318496,0.00343722480464613,0.000210123844876211,0.000226287217558996,0.001265201930687,0.000362282491165881,0.00033162781883646
0.000282550699117849,6.55642506240312e-05,0.000334065467465302,0.0113956911798911,9.05411080046145e-05,0.0028926322953888,0.00770848260908252,0.000805503650523812,0.00260695948909838,0.00380740969695267,0.000223230662838963,0.000487048718921374,0.000209181180562385,6.71253042103176e-05,3.90263396571614e-05,0.00162973994408306,0.00209493391279643,0.000212303287734958,0.000611933005824291,0.00066969198851689,0.00019825380545838,0.000822675239972963,0.000933510044599301,4.68316075885937e-05,0.00419142887917914,0.043901510007134,0.00141275349558924,0.00282862909835106,0.0507092646969293,0.0005416855944414,0.00185140955333574,1.87326430354375e-05,0.00279740802662533,0.000468316075885937,0.000683741470793468,4.21484468297343e-05,0.000477682397403656,0.00034343178898302,0.000243524359460687,0.000537002433682541,0.00022479171642525,0.00140182612048524,8.27358400731822e-05,0.0995421429831422,0.000365286539191031,0.000354359164087026,0.000195131698285807,0.00400566350241105,0.000529197165751109,0.0067890220467598,0.155992962770433,0.0560589953371329,0.000875751061906702,0.012942695283901,0.000177960108836656,0.0853677764196612,0.0167126396947828,0.00372155174970691,0.00159695781877105,7.96137329006093e-05,0.0010833711888828,0.0215394173835805,0.0118952283275028,0.00159383571159847,8.42968936594686e-05,0.000487048718921374,0.000167032733732651,0.00335938731768845,8.8980054418328e-05,0.00365442644549659,0.00010146848310862,3.7465286070875e-05,0.000138933769179495,0.00019825380545838,7.02474113828905e-05,0.00029503912780814,0.0381911759884982,0.000872628954734129,0.00331879992444501,0.000170154840905224,0.000179521162422942,0.0026740847933087,0.000154544305042359,2.34158037942968e-05,0.00369033067798118,0.000956925848393598,6.40031970377447e-05,0.000257573841737265,0.153309511655607,0.106754210551786,0.00228694350390966,0.041383530572454,0.0016484725871185,0.000921021615909009,0,0.00069622989948376,0.000885117383424421,0.000340309681810448,0.000126445340489203
0.000377400417076609,0.000136424144452318,0.000771481515570969,0.025125872124109,0.000110211645081567,0.00439238086046699,0.0059311737212545,0.00108722298526411,0.000764332652106219,0.000786374981122532,0.000244252835045635,0.000324081810402013,0.000189742751126914,0.000491186493890552,0.000658886916001152,0.000940373414925695,0.00139224115976012,6.64248563599715e-05,0.000274933374081855,0.00329890261967123,0.000151615479314913,0.000507867175308302,0.000674078250863747,7.44673277578156e-05,0.0126770200081795,0.0340488452053615,0.000959734920142727,0.000660972001178371,0.0101394713475042,0.000543909361943085,0.00164096203447122,0.000137615621696443,0.000457229392432988,9.17437477976288e-05,0.000287146015834137,6.99992880923466e-05,0.000144466615850162,0.000444421012058643,0.000144764485161193,0.000730077681337624,0.000128679542365505,0.000324975418335107,0.000149232524826662,0.0233511667689848,0.000120041332345599,0.000388719450895797,0.000107232951971254,0.00684861119923078,0.000312464907271794,0.0104021920798337,0.0430197752456901,0.0357714234310553,0.000570121861313836,0.028069714525031,0.000129573150298599,0.00685814301718378,0.0141118564794171,0.00179704555345161,0.00353183642089768,5.4510083918721e-05,0.000929947989039601,0.065752863194285,0.0287711967525096,0.00246188985567338,0.00018170027972907,5.51058225407835e-05,8.81693160652536e-05,0.0193126546500229,0.000331826412488826,0.00336026369774367,7.11907653364717e-05,4.67654818319082e-05,0.000291911924810637,0.000166211075555444,8.75735774431911e-05,0.0001391049682516,0.102786954634802,0.00151615479314913,0.00879518714682008,0.000140594314806756,0.00022429559120654,0.00645274288487024,5.59994304738773e-05,0.000157572865535538,0.00559249631461195,0.00418804251309955,8.5190622954941e-05,0.00107918051386626,0.0123681295326401,0.412142999907363,0.00628861689449201,0.0202485600252831,0.00160015393885994,0.00172466331087101,9.0850139864535e-05,0.000602589616216244,0.00320835034911773,0.000126296587877255,0.000478378113516207
0.00215242518356225,0.000490519155141006,0.000425867027602562,0.00539065975908712,0.000307674856946344,0.000782175292987423,0.00613127297008555,0.00686568073134256,0.00115652265645779,0.000848126235588023,0.000552573652555137,0.000396282906742337,0.000410136934072003,0.00166392640740682,0.000916530495528252,0.000757930745160507,0.00350348147377411,0.000302046658343667,0.000492683846911266,0.00974558666249699,0.00146910414808339,0.000703957763688681,0.000451554703276319,0.000308396420869765,0.0587350147408294,0.000771207521351437,0.00259618699646564,0.000533812990546214,0.000943805611833533,0.00242560928496912,0.00197650789903243,0.000329610400218316,0.000564695926468595,0.000577251138736106,0.00112939185293719,0.000197275576663064,0.000959680018148776,0.00176422379276222,0.00191070126921651,0.00265910737058787,0.000341732674131775,0.00125407809890419,0.000276791921023963,0.00198588823003689,0.00021935543271972,0.000383006130551406,0.000124686245966999,0.00154862049244429,0.000538142374086735,0.00970532339557015,0.000650850658924959,0.00940876062304447,0.000631657058561984,0.000731954443917382,0.000472335744270819,0.000921292817422825,0.00599056800501862,0.000181834108701873,0.00805077731916778,3.00170592142775e-05,0.0179809400332756,0.00357506061497739,0.023204341274914,0.00485583657904812,0.000231333393848494,0.000406529114454903,0.000191936003629755,0.00258002396458102,0.000400035039144121,0.000693134304837379,0.000139550462789454,1.31324634062464e-05,0.000411291436349475,0.000802523395627871,0.000239992160929536,0.000387479826876611,0.518799554304396,0.00281323342463041,0.00300314904927459,0.00206641476389057,0.000513320575121082,0.00302320852634567,0.00044765825808985,0.000335960162744414,0.0194532190626221,0.00124902715144025,0.000690248049143699,0.00398346579563318,0.000396138593957653,0.0028394983514429,0.205465904445021,0.000449245698721374,0.00219297707605847,0.0033634980726306,0.000300459217712143,0.00150547096982376,0.00203668633024567,0.000560222230143391,0.000651427910063695
0.000401151974754169,5.6411996449805e-05,0.000475532236739838,0.00201746013970118,0.00012828505859326,0.00451713838238809,0.00905893089655795,0.00141071777788549,0.0031925011324186,0.00433536639382761,0.000994104737437675,0.000392794641946791,0.000211440520026677,0.000476785836660945,0.00129455085186293,0.00765239178507614,0.00234297825254857,0.000189711454727492,0.00089089167726655,0.000873341278371056,0.0012506748546242,0.00157034283450642,0.00196564467629543,0.000176757588876056,0.0033040715253971,0.00249884250940618,0.000409091440921179,0.00384311949147301,0.0155229099564249,0.000421209573491878,0.00823322641518895,8.19018615123095e-05,0.00153064550367138,0.000791857283499115,0.000199322387455978,3.55186644313587e-05,0.000245705584536929,0.000810243415675348,0.000195561587692657,0.000579998896832069,0.000280806382327918,0.00241568704797276,6.64407958186593e-05,0.0587917469667061,0.000445863705273644,0.000683211957003194,0.000405330641157858,0.0174710042338248,0.00152395963742547,0.00547279938891183,0.0252558597438979,0.246242961036443,0.00347832191443094,0.029635937868245,0.000582923963314652,0.00937818100979981,0.0691891047123657,0.0137214868697944,0.00100037273704321,5.55762631690672e-05,0.000419538106930402,0.0102757585533123,0.00488695035911459,0.00261166650230579,0.000166728789507201,0.000221469319395531,8.23197281526784e-05,0.0014186572440525,0.000124106392189571,0.0228000574984497,2.75791982643491e-05,6.26799960553389e-06,5.89191962920186e-05,0.000473442903537993,0.00196648040957617,0.000306296247390423,0.0328033670022414,0.00133341244941724,0.00577199190341598,9.52735940041151e-05,0.000363543977120966,0.0153866854316646,0.000181354121920114,0.000383183709218305,0.00575485937116085,0.00189001081438865,0.000165475189586095,0.000193890121131182,0.00437004932497823,0.0110266649060552,0.00274538382722384,0.295597607797057,0.000455474638002129,0.00141698577749103,3.00863981065627e-05,0.000983658071428452,0.00154192790296134,0.000321757313084073,0.000664407958186592
0.00191557694463511,0.00167760486013732,0,0.14841001213461,0.000320573965067271,0.00364628301370995,0.00331980891431628,0.00296973427761705,0.000460210477458537,0.000440543363037232,0.000265506044687617,0.000365808328236273,4.91677860532625e-05,0.000963688606643945,0.00066868189032437,0.000261572621803356,0.00135703089507004,0.000310740407856619,0.000186837587002397,0.0254217121009788,0.000104235706432916,0.000139636512391265,0.000257639198919095,0.000232071950171399,0.0361048886546317,0.00804974993264013,0.0270403156178522,0.000588046721197019,0.00289106581993183,0.000344174502372837,0.000436609940152971,0,5.9001343263915e-05,0.000287139870551053,0.000491677860532625,0.00116232646229912,0.000334340945162185,0.000875186591748072,0.00130982982045891,0.000833885651463332,0.000190771009886658,0.00102268994990786,0.000263539333245487,0.00543009029172231,0.000812251825599896,0.000112102552201438,0.000186837587002397,0.00749907072884359,0.000625414238597499,0.0107736452799909,0.00139243170102839,0.010022361509097,0.000375641885446925,0.00474960813274516,0.000131769666622743,0.00327850797403154,0.0166934467208037,0.000403175845636752,0.10194055417995,8.2601880569481e-05,0.00302873562088097,0.0145988990349347,0.0426245370852943,0.00319983951634632,0.000536912223701626,0.000222238392960746,0.000253705776034834,0.0194350424711336,0.00126852888017417,0.00132556351199596,0.000165203761138962,0,0.00142783250698674,7.27683233588285e-05,0.000285173159108922,5.1134497495393e-05,0.190991281568177,0.001296062840364,0.00359514851621455,0.00318017240192502,0.00015733691537044,0.00340437750632789,0.000212404835750094,0.000112102552201438,0.0076603410670983,0.0017346394919591,0.00234825346190382,0.00707426105734341,0.00242495520814691,0.0297917449253928,0.093755101157803,0.00144159948708166,0.119216147487624,0.000833885651463332,0.000379575308331186,0.000302873562088097,0.000564446183891453,0.000369741751120534,0.00011800268652783
0.000845175404566799,0.000199274389228971,0.000736088426103685,0.000456573767002151,0.000858769830454299,0.00144299857225371,0.0158590582975402,0.0397202598723716,0.00155506969298481,0.00178418550489366,0.0074033253955149,0.00187503605838574,0.0301096639126349,0.00811786168301645,0.000825944265506432,0.00060047573859179,0.0114620904513416,0.00182364249710372,0.000764603563331125,0.00122283518714882,0.00810526197121828,0.00120990390398754,0.000817323410065578,0.0017616386522022,0.0251278041819107,0.000423416630691174,0.00057096588727502,0.00107064393148144,0.0010487602215162,0.0138620039775301,0.00553061033667093,0.00197052861096135,0.00106467564694547,0.000909168677646984,0.0044228304125212,0.000132960116607017,0.0151203173005316,0.00280177801827754,0.00269666989617174,0.0438907644775662,0.00356505529615623,0.00801673241726797,0.00127489189115706,0.00109418549826223,0.000299077369525011,0.0344797744784217,0.00256006249457052,0.000610422879485083,0.000669111010755512,0.00297585298391017,0.000433363771584467,0.0116746276950949,0.000751672280169844,0.000276862088196656,0.0115400097216724,0.000664469011671975,0.0112628160621126,0.000229778954635069,0.000566323888191484,0.000153517541119823,0.00134220087786834,0.000934368101243326,0.00216615571519611,0.00454285924596693,0.0002002691033183,0.000539798179142702,0.000690994720720757,0.000494704473759774,0.00031499279495428,0.000667121582576853,0.000607770308580205,0.000155506969298481,0.000278188373649095,0.00795406542964022,0.00137370015736377,0.00836322449171768,0.126550179015379,0.00247949065333485,0.00148809227763664,0.000164790967465555,0.00869512742619056,0.00659097555589597,0.001344190306047,0.00095757809666101,0.0639800102256608,0.00133026430879639,0.000154180683846042,0.000678395008922585,8.52138403192104e-05,0.00121156176080309,0.00619872663333711,0.001069317646029,0.000105439693468906,0.361081877569264,0.00119962519173114,0.00104776550742687,0.00682307551007281,0.00161839982333878,0.021220235667662
0.000169002456076677,1.66231924009846e-05,0.000662157163972555,5.40253753032001e-05,6.23369715036924e-05,0.000933669306521971,0.0190197026387933,0.0051947476253077,0.0105321776520572,0.00325953097662641,0.00271512142549416,0.00368896344698518,0.000350472306454093,0.000272897408582831,0.000105280218539569,0.000933669306521971,0.262205925336931,0.0015210221046901,0.00522245294597601,0.000631681311237417,0.00654399674185429,0.00111513915689939,7.89601639046771e-05,0.000691247750674278,0.00506037682006641,6.7878035637354e-05,0.000459908323093909,0.00084085648228314,0.000466834653260986,0.0157047610208302,0.00798467341660629,0.00993097219355491,0.00817168433111737,0.00976474026954507,0.00788909006030063,4.15579810024616e-05,0.000338004912153354,0.000772978446645786,0.000145452933508616,0.00921756018634599,0.117769777096843,0.0104767670107206,0.000239651023780862,0.000752199456144555,0.0103908805166488,0.00756078201038118,0.000534712688898339,8.86570261385848e-05,0.00123288676973969,0.00076882264854554,0,0.0113577962079728,0.000155149795742523,0,0.0475049280839139,0.000319996453718954,0.0098852584144522,7.75748978712617e-05,0.000350472306454093,0.0001980930427784,0.000247962619981354,0.000997391544059079,0.00247408513567988,0.00058873806420154,0,0.0124133689254353,0.000189781446577908,0.000184240382444247,4.15579810024616e-05,0.00111929495499963,0.0010985159644984,0.000277053206683077,2.07789905012308e-05,0.0047805530813165,0.000150993997642277,0.00110267176259865,0.0437217665466565,0.000583197000067878,0.000157920327809354,0,0.000441899864659509,0.00203634106912062,0.000128829741107631,0.00290490287207207,0.022773773589349,0.000441899864659509,5.67959073700309e-05,0.000937825104622217,1.66231924009846e-05,0.000289520600983816,0.00237573124730739,0.0011525413398016,0,0.00710641475142094,0.195238009483531,0.00388290069166333,0.0021970319289968,0.0432119886463596,0.0221545596724123
0.000134898840453318,0,0.0713738827094687,9.69813285421154e-05,5.10428044958502e-05,0.00866415147170989,0.0466640610530276,0.00280589588142902,0.0235555250919135,0.0397630738851887,0.000330319863380288,0.00346726479111097,0.000218754876410787,0.000865540127665346,0.000635118324512651,0.000702932336199995,0.0121328746286636,0.000217296510568048,0.0383112706887424,0.000382091850797507,0.00073866229934709,0.0341702408782862,0.00123450668587821,0.000320111302481118,0.0137203058484845,9.11478651711611e-05,8.38560359574682e-05,0.0160500452822594,0.00103179383373754,0.000935541688116798,0.0220198658595098,4.37509752821573e-05,0.081863179033366,0.00929854061330117,0.00219119467871471,9.47937797780076e-06,0.000156045145173028,0.00337101264549022,0.000283652156412653,0.00221890362972675,0.000597200812601448,0.00196733552185434,0.000132711291689211,0.000860435847215761,0.0669783680594547,0.000192504291241492,0.000304798461132363,0.000860435847215761,0.00357591304639499,0.00146930358655912,0.000100627243148962,0.0178584189272553,0.00162461954881078,0.000344903521807674,0.00065626462923236,0.000554908203162029,0.0405389245135256,5.10428044958502e-05,4.15634265180495e-05,6.34389141591281e-05,0.00143211525756928,0.000934083322274059,0.00188785458342509,0.00354601654661885,7.72933896651446e-05,0.0082317459993379,1.09377438205393e-05,0.000374800021583814,1.89587559556015e-05,0.000743037396875305,5.25011703385888e-05,3.50007802257259e-05,9.47937797780076e-06,0.00023625526652365,0.000334694960908504,0.000217296510568048,0.0431960670789953,0.000770746347887338,0.000812309774405388,3.13548656188794e-05,0.000293860717311823,0.00947646124611528,3.7917511911203e-05,0.000353653716864105,0.00862915069148417,0.00215473553264625,0,0.000106460706519916,0,0.000852414835080699,0.00186524991286264,0.00315663286660765,0,0.000970542468342524,0.00062563894653485,0.326280919178823,0.00105075258969315,0.00151888802521223,0.000695640506986302
0.000809487597892553,0.000109121434855593,0.000443706009144403,0.000261292025034991,0.000186773392243469,0.000351204817799899,0.00450939902016853,0.00198829880364218,0.000463459577251845,0.000449019037807784,0.00702981807917394,0.000141953227365204,0.001572111558344,0.00507516845706651,0.000713989313455885,0.000289628177906356,0.0014110859203923,0.0110039635193829,0.00020843420140956,8.71881626811232e-05,0.0048634646995564,0.00018472991968063,0.000152987979204533,0.00385862112465646,0.00454645398930801,0.000131190938534253,8.8141783210448e-05,0.000378178655629372,4.8634646995564e-05,0.014398035214754,0.00252082775351797,0.000668487991056674,0.000784284769617541,0.000643148931277473,0.00024685148559093,0.000569447687511086,0.000528305773245931,0.000602688174533264,0.000399430770282896,0.00203843199718382,0.00038948587047708,0.000725160296799404,0.00626760281323505,0.00112527222460325,4.31853868279938e-05,0.000336764278355838,0.00929671030888314,0.000299436846207982,0.000193721198957121,0.000816707867614584,3.75998951562344e-05,0.00526166938630159,8.88229407313942e-05,6.71621315653027e-05,0.00063824459712666,0.000123834437308033,0.00283034573103596,3.67825061310988e-05,0.000235680502247411,0.00186514552385509,0.000315375932198125,0.000241810919935928,0.000865887440626905,0.000480760978283881,0.00186773392243469,0.000128330076946278,0.0143703802194036,0.000110756212905864,0.000193993661965499,0.000183095141630359,0.00609418010840213,0.00113439973538393,0.000685108234567763,0.000921333662831931,0.0562117070270662,0.000725432759807783,0.0200655382520354,0.0132069631736273,0.000218924027232133,0.00011511562103992,0.00382987627727253,0.00172836909364908,0.000968469763281414,0.0166117971578294,0.00515036824737897,0.000168109676169541,0.000209251590434696,0.000163341573522917,4.84984154913748e-05,0.000980730598658447,0.00129665145687333,0.00014440539444061,0.000159527091405618,0.0033838543325569,0.000132144559063577,0.000293442660023655,0.740633879739732,0.000152715516196155,0.000370958385907341
0.000377114284251056,0,0.00297346077623466,0.000457813637259512,3.72458552346722e-05,0.00128187818432663,0.0239583963797029,0.00248616083691437,0.0132315900721173,0.00138430428622198,0.000996326627527481,0.0057793152039133,0.000932698291501582,0.000869069955475684,0,0.000571103113598307,0.369179365175436,0.000288655378068709,0.00636748933449416,0.00142930969463054,0.00279033532133086,0.00167451157492547,0.00148052274557822,4.65573190433402e-05,0.00441208193467387,0.000335212697112049,0.000456261726624734,0.000862862312936572,6.98359785650103e-05,0.00499715224398518,0.00520976400094977,0.00398841033137948,0.00195695931045507,0.0426418485117953,0.0227572175483847,0,0.000355387535364164,0.00189022715315961,0.000273136271720929,0.00957218479531075,0.0289105432152795,0.00644818868750262,0.000121049029512685,0.000321245501399047,0.00744606722566488,0.00133929887781342,0.000234338505851479,0.000682840679302323,0.00128963773750052,0.00169313450254281,2.32786595216701e-05,0.0113522262934011,0.000754228568502111,0.000327453143938159,0.00834617539383612,0.000419015871390062,0.0122228481595116,2.32786595216701e-05,0.000192436918712473,0.000162950616651691,0.00129429346940486,0.000847343206588792,0.00184211792348149,0.00338782091572039,8.06993530084564e-05,0.0587972382198344,0.000139671957130021,0.000380218105520612,0.000111737565704017,0.00115927724417917,0.000985463253084034,0.000673529215493655,5.58687828520083e-05,0.00396668358249259,0.00123532086528329,0.000614556611372091,0.0387884544056415,0.000800785887545452,0.00113755049529228,0,0.000569551202963529,0.0049956003333504,2.01748382521141e-05,0.000898556257536466,0.0258206891414365,0.00169468641317758,1.86229276173361e-05,0.000102426101895348,0,0.000755780479136889,0.00322952603097303,0.0043608688837262,1.86229276173361e-05,0.00698825358840537,0.0506233249064586,0.0066468332487542,0.00144793262224788,0.146332757574488,0.00849515881477481
0.000621171370608021,9.16888592253861e-05,0.000899542051319328,0.00125473312759785,0.000351060947484586,0.00141828622783773,0.0197568840986737,0.0208059368123336,0.00355934499461431,0.00148106418550556,0.00251524843550721,0.00559797656730128,0.00521552664098277,0.00520644035763611,0.000632735731231043,0.00023541734125437,0.105883285864386,0.00179330192232715,0.00134559596106445,0.000818591526958177,0.00523204715615852,0.00135881237320505,0.000134642198682324,0.000579044056909871,0.0157960905852888,0.000579044056909871,0.000378319797524566,0.00141167802176743,0.000254415933706477,0.00687418636462759,0.0036766406523621,0.00195520297104945,0.00205763016513907,0.00460757168251535,0.0401357655937143,0.00015694489416958,0.00418464649401627,0.00289935041334329,0.00110274438798099,0.0624219405657946,0.0373074533956267,0.0267822331771594,0.000159422971445942,0.00137533288838079,0.00149510662340494,0.034188380130446,0.0005641755932517,0.000981318601439267,0.000242025547324668,0.00196594130591368,0.000254415933706477,0.0109043660417506,0.00048570314616691,0.00064264804033649,0.014203512922347,0.00190398937400464,0.0118840325916723,0.000117295657747791,0.000191637976038645,0.000419621085463929,0.000947451545328989,0.000921844746806584,0.00128116595187904,0.00424164227137259,0.000113165528953855,0.00405165634685152,0.000285804912540393,0.000442749806709972,0.00024119952156588,0.000493963403754783,0.00089293384524903,9.41669365017479e-05,0.000617041241814085,0.00541212077157414,0.00122747427755787,0.00236325969589036,0.109390591236197,0.00189820719369313,0.000831807939098773,6.52560349441937e-05,0.00200641656809426,0.00267962756150588,0.000124729889576877,0.000545177000799593,0.0823745927693009,0.000822721655752113,0.000550959181111104,0.000626953550919532,4.95615455272357e-05,0.00140424378993835,0.0035667792264434,0.000628605602437106,0.000305629530751287,0.0891711327126025,0.00746809888519563,0.00320497994409458,0.0028919161815142,0.00470504272205224,0.179710164081757
