0.125508301284034,0.0123476477407075,4.64377010274841e-05,0.000566910829802449,0.00509900560426438,0.000200010353092884,0.00544467366097406,0.00399601519457027,0.000402049824788434,0.00120719958013718,0.000809941018556051,0.0011378425523085,0.00107348940992596,0.00793986822651575,0.0496606023722602,0.00095269684630166,0.0018622011954419,0.000253769596719252,0.000158865076061617,0.00856992729557513,0.000347736838062161,1.45285970769649e-05,0.000147868832472221,0.00073680276143953,0.133937786211926,0.000157219493673771,0.0025691960190474,4.46235481649636e-05,0.000417218793703967,0.000414979234743024,0.000664554570167059,6.0966298104449e-05,9.57273118515577e-05,0.000156282214359045,0.000587715525455829,0.00053504359573553,0.00463229087565733,0.00155420107394928,0.0422870800755625,0.00139194819903683,0.00037032014010752,0.000549210354187535,0.00130337385930948,0.000340590189351012,8.93430485673996e-05,0.00026015386000341,0.000135684797357411,0.00126502008630787,0.000104283041241326,0.00326799122445166,0.000353716029162417,0.00413240210795528,0.000272599256123836,0.000247969824888601,0.000103460250047403,0.00027452789710716,0.00503145869888,3.72015279467367e-05,0.00112608599405837,7.19625416938453e-05,0.0483794079297148,0.000880408012453395,0.00403058171285929,0.00221277140741732,0.00340150771740999,7.54948951814139e-05,0.000664970491145891,0.000469776235303462,0.00753450109984093,0.000131795130626753,0.000100608340250814,6.0966298104449e-05,0.00817048682819607,0.000182218450622368,0.000108752674043621,0.00022715291676495,0.268247675185619,0.016033287033759,0.00165663346128481,0.00475040037774543,0.000649549646344331,0.00295324996078764,0.00171519301888223,0.000360081756563244,0.0114909322135175,0.000873562796600275,0.00987663585120756,0.141886517348329,5.94630632195471e-05,0.000810055506676855,0.0174770626838336,0.000388531125263398,0.00135762878377015,0.00148928691048103,5.4582034820291e-05,4.64377010274841e-05,0.00303584028604454,0.000334287867802865,0.000493125084482342
0.0421966670955212,0.121538701697717,0,8.65885190860603e-05,0.00344741051450445,0.000831311321194969,0.00105957797571514,0.00200912177527706,0.000175718521515941,0.000222520986103339,0.00035037954027254,0,0.000263296360991653,0.00370804969459012,0.0586102589769221,0.000262801700796827,0.00140485871090254,0.000396108663703105,8.73646005631441e-05,0.0176246531195046,4.36823002815721e-05,0.000266781967346918,4.36823002815721e-05,0.00156355578389484,0.0443364407774616,0.00160955531898989,0.00398615959286486,0.00317310241108123,0.000437249480640858,0.000662266752709809,4.36823002815721e-05,0.000174942440038857,0,4.41769604763982e-05,0.000709609074870241,0.00430123360676814,0.000872170716850464,0.000531219851865093,0.00594780751002184,0.00222933750194063,0.000259765557258181,0.00112297772881531,0.000833739424790893,0.00145634934114743,0,0.000176707841905593,0.00044340578848533,0.000748984489941258,0,0.00211971879399479,0.000884354114394021,0.00213004639491519,4.36823002815721e-05,8.58124376089766e-05,0.000176707841905593,0.000216083256976609,0.00298030063266119,0.000131046900844716,0.00240731608551813,0,0.0181312380824323,0.000216859338453693,0.00134985311532168,0.000607108953992075,0.0186231159343821,4.41769604763982e-05,0.000486312007289819,0.00135727939223331,0.0578752449193243,0.0010920575070393,8.83539209527964e-05,0,0.0492367828228255,0.000261530959124917,8.78592607579703e-05,0.000305707919601315,0.0920841453696306,0.038438067223825,0.00153841773611036,0.0161512462105612,0.000483686503178818,0.000613462662351624,0.000522780496967577,8.73646005631441e-05,0.00686411462559902,0.000697509698093865,0.100383385883738,0.226149922732048,0.00043569731768669,0.00307623477202318,0.0118743938852193,0.000706938373381034,0.00162162050800583,0.00113659276297115,8.73646005631441e-05,0.000222520986103339,0.00431678768570955,0.000439014882507594,0.000836204033961522
0.000132730591492503,0,0.350739729504511,2.58068593079095e-05,0,0.00456974738530513,0.0470192527384168,0.000117473001778386,0.0357369768874229,0.0304937569429544,0,0.00150232319194308,0.000103227437231638,0.000115883461040649,2.29165356176192e-05,0.000957613642414587,0.00388603322581201,0,0.0143295460059143,4.87233949255287e-05,0.000276550067843874,0.101867741575616,0.00215344072978236,0,0.001802089763752,6.87496068528577e-05,0.000143279861086296,0.0180817188292324,0,0.000140906750873487,0.0285922069356326,6.71600661151203e-05,0.0593009561207107,0.00367669852275574,0.00104140013254811,0,5.1613718615819e-05,0.00350573041477036,4.87233949255287e-05,0.00132185611207171,0.000160932962800816,0.00690346806220147,1.84366711895916e-05,0.000302350647496607,0.0120726008862867,0,2.58068593079095e-05,0.00189133159192374,0.00257687378369304,0.000414820915329027,0,0.0265614364658583,0.0032159289354261,0.000346594177994109,7.16399305431479e-05,0.000383467520373292,0.036186731060409,1.84366711895916e-05,8.27064136144216e-05,7.00503898054105e-05,0.000247313269580599,0.000165907638918731,0.00157763345282952,0.00195447730024323,0.000147493369516733,0.00207675744815484,2.29165356176192e-05,0.000103227437231638,0,0.000358193996675281,1.84366711895916e-05,0,0,3.68733423791832e-05,2.58068593079095e-05,2.58068593079095e-05,0.00910516296759399,0.000432974484773892,0.000226481086390605,0,0.000414802699978217,0.00795750275944441,0,3.8190247464154e-05,0.00416477597134384,0.00125129897488078,0,0,0,5.97898779968024e-05,0.000260486506867091,0.00094790405795197,3.68733423791832e-05,0.000395071525491248,8.11168728766842e-05,0.163688205500578,4.87233949255287e-05,0.000645264652670178,0.000238353540724544
0.00114702864852756,0.000770186949265558,4.26131872754548e-05,0.416994667750087,0,0.00185315551369337,0.00431622529310045,0.00108954762022076,0.00094088436102283,0.000744412121309566,0.000238015907176917,0.00018870928068735,7.73282930769873e-05,5.87807775685878e-05,0.000211191034057176,0.00117752937084273,0.000567943023913968,5.41772975789581e-05,0.000165662783954175,0.00554825099751026,2.72188289093367e-05,3.15619486592512e-05,0.000631179268789456,5.68175830339397e-05,0.0133051359530238,0.0306662822236989,0.00406161342837878,0.000422106781775746,0.00387907104814062,0,0.00208705766800686,1.42043957584849e-05,0.000170809250348216,0.000103357159378691,0.00024234410082794,0.000243147447472066,0.000388968763511396,0.000606599707403016,0.000962173853401526,0.000686181669971477,0.000120848307829337,0.000475332720027848,7.27248130873575e-05,0.00609397889661275,5.48242737821807e-05,2.72188289093367e-05,7.02186321482989e-05,0.00362230371222848,6.03573561397285e-05,0.00470175094955139,0.00494772260137609,0.0148637884186913,0.000597824913169309,0.00733982891701303,3.90432994525552e-05,0.00170397989177417,0.00872230414248641,0.00111249165405325,0.0121467327599347,4.1809840631329e-05,0.000936665466490075,0.0285416985000851,0.0379119533443246,0.00560402978085122,0.00015502827601859,2.87954074804773e-05,6.15473187473617e-05,0.0638596912196055,0.00090432168169892,0.00179247858581178,1.30144331508517e-05,0,0.000948760176571773,0,7.33717892905802e-05,4.73429229888768e-05,0.119604599398748,0.0014825920659356,0.0080662346822984,0.000815715708334601,7.61383304693541e-05,0.00355798275892297,3.90432994525552e-05,1.57809743296256e-05,0.00538186005994783,0.00353035960203184,0.000648170944753567,0.00104375193257129,0.00461952892118698,0.0938335972869242,0.0188408700397261,0.00657855078613405,0.0281712017483091,0.000618209367488565,8.08754060088642e-05,9.1101032055962e-05,8.75761850490651e-05,0.000336129950188844,1.42043957584849e-05
0.0131890306993112,0.00476411767858968,0,0.000143398690681205,0.133775548125162,0.00011751243353226,0.00243236358388799,0.00300170374706599,0.000633573911756054,3.21833857411073e-05,0.00478419334469308,3.21833857411073e-05,0.00207150896346215,0.212560176866872,0.12584943836677,0.00104654778448374,0.000992476985783275,0.00495814589053947,0,0.000151337146220036,0.00123695840090699,3.21833857411073e-05,0,0.0201785894381606,0.0597275827660371,9.65501572233219e-05,0.00048853389412818,0.000178596551121137,0.000332948172039999,0.00119603202204352,0.000251599520922478,0,0,2.58862571489448e-05,0.00138733615080412,0.000298018490794579,0.00593004197417016,0.000241122461300448,0.0377404085267464,0.00060064045252613,0.00011751243353226,0.000238575700152371,0.00461495432741286,5.17725142978897e-05,0,0.000180506057262319,0.00818467089496131,0.000895168598006259,3.05420587944385e-05,0.00221101309489089,9.02530286311594e-05,0.00321926835401346,0.000371719203376215,9.49088302766531e-05,3.05420587944385e-05,0.000328292370394505,0.00370048335305359,0.000203109660517926,2.58862571489448e-05,0.000109842157187942,0.00224237035819986,0.000429298794907085,0.00153660629678419,0.00258936763131842,0.00167189699047042,0,0.00150861313252403,0.00017886473031565,0.00448181295757521,0.000410875122681346,0.00026911775894681,9.65501572233219e-05,0.00266674517226694,0.000271456828673773,0.00618308943685506,0.000617682819934836,0.128830592334023,0.077281682886876,0.000397314943522213,0.000313627222677729,0.0060430277386686,0.000965211180723578,0.0573528681714781,0.000670147053334341,0.0112648000520793,0.000166270473131325,0.000730755300307593,0.00241202814664157,7.76587714468345e-05,0.00106123137971647,0.00570319550584518,0.000351371844265738,0.000218250678850328,0.00354280264571824,0,0,0.0116944114508112,0.000336031291577101,0.000254882174815816
0.000259676745467978,4.72183086106046e-05,0.00104506526102257,0.00025084211656057,5.7831580771031e-05,0.222163758839343,0.0676430883632345,0.000623121006447317,0.00639890240596231,0.0326030242786201,0.000168034228261077,0.000778645455316548,8.08917370716717e-05,0.000331394736220699,0.000123362401920683,0.00470334135562152,0.00209084373696708,6.50908990197393e-05,0.00208980553452575,0.000369089669839579,4.27463700616472e-05,0.00271575318404908,0.00181991546177143,6.9691902071362e-05,0.00258087712320815,0.000359614198628551,0.000225747255790675,0.0075204735618452,0.000747704782459978,0.000120098741466103,0.0111897385523403,8.11584818648971e-05,0.00625495590209929,0.000973546122654465,0.000287134572225922,4.74764376159352e-06,9.39158790008428e-05,0.0015776262378541,0.000121511386049347,0.00066719386321326,7.99944889202991e-05,0.000753979833099575,7.2514434185724e-05,0.00245401223119244,0.00113427416278069,0.00010087123225262,5.97110287424197e-05,0.0319755667245764,0.00151386569033494,0.00213821027405428,0.000884248687521598,0.0755234085284325,0.0065231517909385,0.00339982237253091,0.00017143367353288,0.00175878765286757,0.388562355246982,0.000199066573100848,0.0001556154315894,9.83440493472943e-06,9.69307155010185e-05,0.00180373639063091,0.00139710308040788,0.00823678024696101,2.86500794868375e-05,0.000443115485537823,0.000117936695651762,0.000324739040071906,0.000104043565355514,0.0021155267630756,1.42429312847805e-05,0,3.90991347299875e-05,0.000203035521952503,0.000132547004132381,9.36401737882067e-05,0.0235183235430143,0.00138644896941284,0.0132854080782651,0,0.000227112858172013,0.00674699444065714,2.86500794868375e-05,0.00013447228809537,0.00640187877912367,0.0223938137880459,1.78901666164403e-05,0.00090056547587748,0.000251566532006771,0.00164004107315369,0.000764428371395452,0.00671241703142187,4.86119984604801e-05,0.0007500126074055,6.06365366780874e-05,0.0016113363695716,0.000424282407094167,0.000479215119870088,0.000246862311816168
0.000361164304399901,3.95439892153794e-05,0.00167301995725,0.000856304375058269,5.28615935697344e-05,0.0101997733032488,0.628066652128734,0.00133771148187676,0.0424898050905397,0.0275736039739658,0.000575026491642548,0.00870576519247963,0.000430182764492148,0.000338288970589499,0.000136727704431876,0.00128290688301237,0.00575017205306319,0.000323828331594112,0.00743334728330864,0.000335766191654465,0.000191384264641742,0.00264728764079798,0.00132696271050924,0.000111843040540493,0.00673198177927272,0.000318387365471442,0.000169613677875033,0.00426938331518711,0.00189683601368549,0.000653003024493855,0.0105037161433742,0.000111120072868185,0.0085512028070566,0.00469282580924645,0.00105439002406862,4.80949400543068e-05,0.000299300342766145,0.0143677672365409,0.000194487330147206,0.00325873025006677,0.000330228921626456,0.0032943949151361,0.000102292448780968,0.00273706362693368,0.0023434340183917,0.000422336773168612,0.000379697640633604,0.00144872906814158,0.000869342803635558,0.00185980545444284,0.000190888818009538,0.0255015080205058,0.00102370253519742,0.000718463019887266,0.000367634552930411,0.00135466871487228,0.0496593021182444,0.000223739266825826,0.000378193985358064,9.0212310844124e-05,0.00038769291020262,0.00135198583177004,0.0013078509178609,0.00818131904366384,0.000110215104410711,0.0010341044296133,5.88447143797648e-05,0.000302931555174169,6.71841032834898e-05,0.00135195435094219,0.000190882375040852,5.1639032295237e-05,9.52751227926014e-05,0.000381087159401731,0.00056743103368418,0.000202865533945638,0.0416681736002829,0.00157286634556444,0.00309190162155766,1.59227125744673e-05,0.00036935741171975,0.00628522095123202,3.98805063276582e-05,0.000411424990956103,0.010974342327061,0.0123320151662427,2.31793079914688e-05,5.0854327985625e-05,0.000177211724070021,0.00114076168508412,0.0018814151893265,0.00216188286262675,0.00010437566011766,0.0020676934983915,0.000326321485632726,0.00350766976482877,0.00220180121851985,0.00081579970333616,0.000480255853751384
0.00169120801571325,0.000738766431427273,0.0005049437835252,0.000314231564267441,0.000533900979098567,0.00110598018159487,0.006494805626515,0.245888902704306,0.00111584003917067,0.00121494846112378,0.000917839475886164,0.000491722808548044,0.00179234350830352,0.00451939515507067,0.000841652493571504,0.0005289990228587,0.00551620089368285,0.000398055123473927,0.000546607685801531,0.0034145691094711,0.000368567407122078,0.000360541186614985,0.000357767313085986,0.00106840455266315,0.0682751964725454,0.000163005368240212,0.00165160096726232,0.000604480479742839,0.000697883042298048,0.00054974847405188,0.00106001915255703,0.000329227625105693,0.000502657554166665,0.000541188958738497,0.00170701869353425,0.000170168060612562,0.0126670002545849,0.00122020828783379,0.00375168930833529,0.0141632035042589,0.000842079803382979,0.00271886337896874,0.0011001885981745,0.000593686165179953,0.000296120196258664,0.00182993584160049,0.000324259751504182,0.00103668495929488,0.00028669236421376,0.00408826430120619,0.00039877754974025,0.00674202958378943,0.000288348888833833,6.87964485629001e-05,0.000894353511253961,0.000865704442023268,0.00669739621164139,0.000152523387089519,0.000176256223575428,2.34885543356866e-05,0.00378456016980416,0.00118753341319817,0.00158777308527515,0.0103342307633492,0.000898883127990415,0.000352492066847159,0.000276837568844492,0.000326453080764008,0.00021447928285286,0.000743305207804093,0.000196542030051347,1.73273407663733e-05,0.000524838343296961,0.000424728065688134,0.000155386152249177,0.000716937228586209,0.307190197489664,0.00400705328550407,0.00162957673991014,0.000920149362152988,0.00102623450623385,0.00257726624440833,0.000475271474992804,0.000121928531265391,0.19232459696091,0.00286767111189993,0.000785152478475312,0.00321448328659773,8.79937956115284e-05,0.000933199480308131,0.0150960108973226,0.000798020626649877,0.000216426686492694,0.0208833896339537,0.000225813131760231,0.000356481571654063,0.00144178587558924,0.000841083285354819,0.00203296672852649
0.000277385369432415,4.54040085336337e-06,0.00333748841707642,0.000145963973101153,4.09132935180978e-05,0.00513876551664427,0.347407084533052,0.00130585243539204,0.29328301533014,0.027142528612512,0.000274671846215282,0.0252311460618612,0.000514904945849546,0.000794567546655357,0.000128904677629567,0.00127423026278605,0.0124800693772111,0.0002765652219689,0.0287863533154844,0.000184908919282543,0.00151360957916623,0.00428205206784714,0.000873052203337245,3.16572070564381e-05,0.00398069069808577,0.000159115597707594,0.000167495288316336,0.00510542337814138,0.00086014296621874,0.00162335173971724,0.0073593820536298,0.00023116118551352,0.0345545967857176,0.0126855348122806,0.00252043406532794,1.94841744671369e-05,0.000108948128641961,0.0109465680567482,8.45974496614418e-05,0.00338196397452383,0.00104294669556806,0.00271229221962002,4.20605798168483e-05,0.00226745811608132,0.00522274974313969,0.000230087957223417,0.00017578137782733,0.00120199942310292,0.000878860500888438,0.000827402118570628,7.82816184012802e-05,0.0188178789007505,0.00091954248645579,0.000525213182882832,0.000938338936137598,0.00134763905393566,0.0331740326979261,0.000136086454605542,0.000147011915645995,6.11210961834078e-05,0.000119022451653012,0.00143806963180047,0.000998236371324353,0.00587818782984379,1.17259438140935e-05,0.00265718270428958,0,0.000237031019017183,1.17259438140935e-05,0.000337257952570787,0.000244812680344857,4.48547515159509e-05,2.54961759659195e-05,0.000478854078763971,0.000381420924185402,8.99607008661128e-05,0.0329827135133392,0.000356442184862074,0.00225656614965406,0,0.000164204342004198,0.00492035694927587,2.81413180732863e-05,0.000269586103851511,0.0100316012109623,0.00696222020873312,0,4.35321804622675e-05,4.04633802543235e-05,0.000704065243910484,0.0025266106945099,0.00254751785836402,0.000105275650175816,0.000840750669293282,0.000682499540084255,0.00939999554331244,0.000894882893948199,0.00113077961868658,0.000892049042937707
0.000185798021110774,1.84796462873432e-05,0.0022925143417258,0.00022962950015639,0,0.0296365304570762,0.203694114204196,0.000695892151645805,0.0189329397447407,0.327485517170947,0.000181003260576764,0.0039925648494499,0.00040193805320448,8.72215671142403e-05,0.000240334278290977,0.00159454472591447,0.00214505661120801,7.14430117411484e-05,0.00308126458020272,0.000458408295635779,4.95163336236166e-05,0.00955910307594278,0.00135986823982275,4.80132855630373e-05,0.00184549229780707,0.000448697103336216,0.00021046812311232,0.0446756046244533,0.000390564590694292,0.0002218754422674,0.0227770705710697,4.59786478638429e-05,0.0588645654071269,0.00134750803439827,0.000468514709180512,5.16375139394309e-05,0.000150481818411755,0.00747429357194605,3.53697018974871e-05,0.00276267810792007,9.1200188583044e-05,0.00323417262931646,3.70499465042715e-05,0.0021417094220745,0.00125782865975229,8.22714872234725e-05,9.27032366436233e-05,0.00236923581362042,0.00192575275175879,0.000852173131647176,0.000178244559151079,0.0287167362360948,0.00333494241143705,0.000436480449808056,0.000250029855942059,0.00121896360506479,0.147003944231093,0.000103720074900857,0.000817653797319879,0,3.84623406352656e-05,0.000364247287504113,0.000658423400320892,0.00500734871490755,1.48554179109496e-05,0.000327943281915779,1.28207802117552e-05,0.000152796539741124,6.52577342655914e-05,0.00062467267994908,6.65835857799656e-05,1.46782213647446e-05,6.79959799109598e-05,0.000273225362392955,2.20173320471169e-05,0.000142005218989918,0.0197531840063355,0.000555159997414024,0.00191282125454919,2.39613158167261e-05,0.000110614138561234,0.00322530725885812,0,0.000155190859981869,0.00468125721978619,0.00761777401552097,0.000760806228107025,0.000282988778445628,0.000110259745468824,0.000314607256532759,0.000670982557844544,0.00393874694950769,7.33911068237228e-06,0.000648113926839346,5.48166952938293e-06,0.00424401449849616,0.00020265797690554,0.000323121010685714,0.000244968186746133
0.00051040913562047,6.12019883934665e-05,9.97515775222342e-05,0.000112079031214388,0.000964024323766047,0.000587029513159817,0.0157550605233066,0.00464050805136667,0.0021652776948049,0.000679174214855511,0.313445784052512,0.000608037558319151,0.0138114546958633,0.0082437844602278,0.000427736363057185,0.000381996416433028,0.00279093415896634,0.0580466141959669,0.000509690259536075,0.000363846463889346,0.0852104556228614,0.000129737671609972,0.0001131124086896,0.0127405535947374,0.0206149880612103,4.88837316732205e-05,0.000211557427733121,0.000369246561895815,2.66206276162851e-05,0.0201285155540114,0.0015501148652531,0.00372797948691691,0.00147463123214352,0.00129142025537991,0.00131675095413983,0.000577837997559043,0.00245166239777003,0.00141890207485464,0.000697745586022362,0.00816739099649771,0.000949250016887615,0.00115779779992741,0.00432099333729219,0.000768325097745793,0.00014334544287934,0.00323255788902745,0.0201645800709214,0.000379803368084546,0.000159961508827804,0.00260669470501954,4.45767254730941e-05,0.00664684370685993,0.000294703118500688,1.56332058324758e-05,0.00328312303421095,0.000668076325561554,0.00665188024322306,0.00027752980064682,0.000145668334903673,0.00118581485932517,0.000217899065468264,0.000117378094502411,0.0013545190061874,0.0011551262472581,0.0010025325925075,0.000114443243626037,0.00215549075369937,0.000356135985288452,0.000158681191250591,0.000752318658413257,0.00820211945582006,0.00175790245182119,0.000324669836422721,0.0170886402063329,0.0154270274314934,0.0235372506325866,0.0790183908748231,0.0132509329175437,0.000691127452825717,4.98757887611171e-05,0.0435192038469618,0.00139170126888945,0.0012915312908047,0.0105839291114237,0.0153963293790625,0.000215576173443931,8.88146730976481e-05,0.000310028687678142,0,0.000214584116356034,0.00378851454881183,0.000705290783073996,2.89435196406183e-05,0.0300652358440087,0.000303348272094459,0.000410138419214621,0.0829800859645398,0.000448553867987647,0.00195606796777098
0.000170697944363413,7.62155737897809e-05,0.00191852059332728,0,0,0.00266457975379074,0.29929339359957,0.00143802860756831,0.122970249984817,0.0150633924088424,0.000533438720809139,0.199243427516128,0.000372829281667448,0.000783416181908629,0.000122399484356501,0.000956634136911871,0.0386531819055465,4.99862926675264e-05,0.0155713391976541,0.000672226137843875,0.000192350578835078,0.00201913297012533,0.000139492718538539,1.05966009339793e-05,0.00350743361867125,0.000194585397378624,0.000446675619821573,0.00104981295883714,0.00017520428409574,0.000602986519215646,0.00228521096188346,0.000151700659669391,0.00660096871476033,0.0327920062368939,0.0283149083703162,0,0.000104857878386239,0.0436512038540167,2.63535370467144e-05,0.00525442666541111,0.0024497032624108,0.0279288390648036,5.29830046698964e-05,0.0012597254435799,0.00303797597784452,0.000966600185504799,0.000170249572575189,0.00122728032385712,0.000297761628649728,0.00250151973367752,0.000984103722559672,0.0124436260174708,0.000102542580557845,0.000416484763727678,0.000793581190793027,0.000789736786552533,0.01742741270388,5.54990508864916e-05,0.000103348250656282,4.10775243941617e-05,2.99777142168634e-05,0.000686255884503002,0.00106785377603067,0.0158353530575805,1.10998101772983e-05,0.00679234731183602,1.10998101772983e-05,6.61221820991206e-05,8.7845123489048e-06,0.000493305259227694,3.57655145633981e-05,1.98843225262031e-05,0.000117893144624174,0.000584344334107464,0.00139534549549724,0.000152025663982053,0.0291142450226625,0.00071465188717385,0.00180295377375017,5.04895019108454e-05,0.000429354218523785,0.00177719983891924,2.21996203545966e-05,0.000326023669651851,0.0150608396599806,0.00679262638558043,0.000109260306927277,7.80276623748553e-05,0.000299928350198321,0.000470094345116455,0.000831936589889004,0.00161432818490433,6.04586376770458e-05,0.00219228731517385,0.000585348076048472,0.0029592518536591,0.000495244280282858,0.00189246995016119,0.00388940682013071
0.000677544782248405,0.000131261341457669,3.44197132683653e-05,0.00037682538215015,0.00263264324519699,0.000798736114249281,0.0065198438296894,0.0262584538692063,0.000447698748883958,0.00067557168848063,0.028123973735858,0.000394053908301695,0.185768298596318,0.104327974102294,0.00115897327501916,0.000871844075867341,0.00573620093330355,0.00286142637349362,0.000334196693464124,0.000482188657548464,0.00798667140754581,9.24730179591598e-05,0.000434903579530761,0.00579604461487226,0.0261144337454837,5.34272568768707e-05,0.000182123898251173,0.000583283397865447,8.60555063433674e-05,0.00622270926108782,0.00075983526925705,0.0016799303078147,0.00045732378019805,0.000744968778047582,0.00237219172074413,1.81118117075711e-05,0.0287744035163569,0.00206071808900672,0.0028065686039213,0.0178877450904194,0.00191194383804533,0.00235957490637681,0.00232985143631851,0.000318116349734436,0.000134991657370658,0.0189329313725485,0.00573253271413762,0.000453303170339865,3.08243393197199e-05,0.000596719376379462,8.19622288698481e-05,0.0102865300866199,0.000138587031319304,0.000171202834440892,0.005006876706416,0.00050775862886282,0.0182006340179169,8.60555063433674e-05,0.000132292015322947,0.000178406028683091,0.00120389128840745,0.000271001542261687,0.00122266431929235,0.00206537946540126,0.000637420572375319,0.000440155475316931,0.00172107103312532,0.000288978412004914,0.000317513383997891,0.000284692443515819,0.00108943080759707,0.000153999200979164,0.000438128532636825,0.0128561686693658,0.00126161448789914,0.0272847845568543,0.0886161098269204,0.00346045204621804,0.00160890055900871,0,0.0410175800871775,0.00197568253647472,0.000523523785957495,0.00214129460349789,0.053771567070958,0.000752294467909216,9.23505223397239e-05,0.000358931154147971,3.08243393197199e-05,0.00023286395942524,0.00157613982558891,0.000395335022233781,3.44197132683653e-05,0.189058421242663,0.000537905281752077,1.541216965986e-05,0.0133657161335216,0.00106206488980753,0.00651817060616416
0.00212541022660889,0.000612815951954027,0.000162522837005846,5.66992694467336e-05,0.0216328139940574,0.000456578023209811,0.00438515708937769,0.0159758986116921,0.000324100716262232,0.000231938957199646,0.0103931450423278,0.000154033732437465,0.0200543166217229,0.457869561259266,0.00968551613198931,0.000417975176765222,0.00168841598371746,0.00163887775303932,0.000146432986412532,0.000463095785028929,0.00488458598130767,0.000189489120639157,0.000124292698563633,0.0362551942290175,0.0394792443644965,0.000116900214713421,0.000247185778558793,0.000605238785361649,0.000351569567179435,0.00449383650947515,0.000573616145265158,0.000564549622010408,0.000159663240199476,0.000149720601065844,0.00061473971632552,0.00026708115647577,0.0279232927600131,0.00054147940677219,0.0160356710036194,0.00236045162776847,0.000170407354349492,0.000678368985911108,0.00625537118404918,0.000150572336101936,0.000700741242840619,0.000993609283450371,0.00443224747048339,0.000356088698596496,7.51403636313955e-05,0.00151917614511331,7.41752065825086e-05,0.00376623416783333,8.16029200922888e-05,6.71058007675994e-05,0.000810410541977655,0.00018321464011435,0.00383506413114807,7.37285023983564e-05,0.000156392813549246,8.21817326264459e-05,0.000931819788458423,0.000578172019304003,0.00115041217767641,0.00207828538643038,0.00115254987103933,0.000135145934068651,0.00259852154044287,0.000166535128170102,0.00124870769453742,0.0002031630803747,0.000649950757472223,6.61406437187124e-05,0.00160143306036393,0.00227715455047156,0.00081254330463014,0.00256970638772481,0.124047353347495,0.0166475233067848,0.00108764567792938,6.5598454691911e-05,0.032215604543298,0.00195597961423133,0.0159936288304442,0.0012219375479614,0.0505047374230598,0.00132597011724054,0.000320961004114218,0.000445604922019354,4.25167459561916e-05,0.000377250942051219,0.00318505532158726,0.000228458125359842,7.36875782332085e-05,0.0126424877111351,6.14224814951513e-05,8.0751934223261e-05,0.00886192062321703,0.000596680665997796,0.000922039556623935
0.0273795729233516,0.0107431941571524,0.00018677286911709,0.000117724948914598,0.0259543359885974,0.000169736535864514,0.00191783585493287,0.00245080445992015,0.00116642951847554,0.000180494608436445,0.00185873801035934,0.000603701482134127,0.00124188471971818,0.0163779947744608,0.3726212447712,0.000454452610132245,0.000865652805570961,0.00070756107187497,0.000140665706716079,0.00138695676068577,0.000633513597315906,3.6098921687289e-05,0.00137842041747049,0.00512176136952684,0.0474759371325875,0.00011718133778564,0.000493391501728784,0.000218899020904604,0.000148725149712019,0.00140426054432011,0.000842952595771172,0.000304848824161983,0.000442560318407537,4.90531067088511e-05,0.000506738825545468,0.00272309675591607,0.00215732908999062,0.000716135938146734,0.0216624760845843,0.00102695037537501,0.000332743517452289,0.00150149937193974,0.00472752887336339,0.000441520093044485,6.30511781207237e-05,0.000236313715154069,0.000468637599609987,0.00116877540396166,0.00019451434778212,0.00328277209198343,0.000135945346823101,0.00871837763532195,0.000550276162770521,0.000158959037223788,0.000392925128932162,0.000690451764888052,0.00333378681000547,6.25292349255684e-05,0.000655125587330691,5.9570754684503e-05,0.00260349436846387,0.000717769846385152,0.00129523752811775,0.000900973378465806,0.00860338274322857,7.40907692915308e-05,0.00113076732854559,0.000191033924345899,0.0342981032774692,0.000602013121257132,0.000253823009936542,8.25844450851895e-05,0.0136568477726545,0.000298711903814597,0.00232555691240841,0.000477815064798221,0.109627892925672,0.148674356684966,0.00129656754024236,0.00224032850634528,0.00186375351486557,0.0024335872246156,0.0298443175055583,0.00122603020925653,0.0117858605821155,0.000453846360472302,0.00698135437372401,0.0164669802960362,3.67735790812867e-05,0.00142527620852693,0.00472220206841856,0.002588295634368,9.52332017090665e-05,0.00294585402649699,8.58050178563357e-05,0.000937650197419355,0.00512725297211722,0.000100911979459925,0.000366274855828627
0.000242225885593755,2.17760379941028e-05,0.000416345679448963,0.000138335086026489,2.5136867722378e-05,0.00416478532519322,0.00919038448086236,0.000232012934032314,0.00242992423232893,0.00224060720447114,0.000292068249451133,0.000479283099687771,9.27055767254117e-05,7.97918529990275e-05,5.84723495859953e-05,0.218205874122543,0.000548268514543674,0,0.000713088802816459,0.000255521241079719,7.59303592465004e-05,0.00115645015893781,0.0263388971064981,1.45346224581859e-05,0.00243778693515836,0.000303301495510567,0.000171900593659402,0.00455055629256408,0.00373523866195178,5.16988987430925e-05,0.0166811183077682,3.62070776795843e-05,0.00112057045138749,0.00043126436204216,0.000265578441665227,6.20190756403851e-05,2.08188393887804e-05,0.000522483731135119,4.39895185141616e-05,0.000258066639085606,1.45346224581859e-05,0.000351400034597073,2.17242466077506e-05,0.00284271694731076,0.000423468439537085,4.00685714321114e-05,4.83189769597027e-05,0.00543561079462262,0.0118878126890993,0.00272311744763285,0.000466120928033647,0.210062285293833,0.0274626479341982,0.00121505452003648,5.50597284713678e-05,0.00194748868264601,0.160908682857939,0.00291308959256602,0.000231151781862151,0,2.60940663277004e-05,0.000599712098918152,0.0023704354401508,0.00169078205940751,0.000480096647325774,0.000241558166087252,0,0.000248164812659155,7.24141553591685e-06,0.0895014575163139,0,0,0,0.000135983246289889,3.23188299287718e-05,0.000115387021938485,0.0141739347668038,0.00105807671208738,0.00238503437268937,6.28421693059451e-06,0.000152810255155152,0.142156987587854,3.10354335133687e-05,0.000181344545711442,0.00365566716308886,0.00162471098814888,1.54918210635082e-05,5.42061126387498e-05,0.000346598131524533,0.000454870432134943,0.000499134105861582,0.00897749043967988,0.000112448310849824,0.000484443983638714,7.24141553591685e-06,0.000507852350476562,0.000262031715610837,0.000190693791121663,5.70068250132502e-05
0.000733021879314433,0.000119264074232204,0.00170264193937751,0.000797848951437634,2.73256198273004e-05,0.00136422725885071,0.0356260219743877,0.00213815271899217,0.0153345666460136,0.00124079798677296,0.000657924900178572,0.0068983589984836,0.00101664068317676,0.000315937504406302,0.000268489918031146,0.000720391378823083,0.531146251231428,0.000183179056303054,0.00662398584133184,0.000825022698863474,0.0021116226973892,0.000616037408715227,0.000770505809706178,0.000135053438867453,0.00719841159957722,0.000409482775091442,0.000489457641034784,0.000811548315543974,0.000333577402101664,0.00188887919884823,0.00754514000230783,0.000787227945819709,0.00149188423845253,0.0349161549597077,0.0304443235616379,9.83177268815027e-06,0.000214735194848324,0.001667116343021,3.90170774931673e-05,0.0104363718359902,0.0257490562614668,0.00675886947686135,6.39581255864014e-05,0.00151066740606709,0.00271081319778765,0.00150750486785899,0.000214771318328531,0.000188082252527647,0.00061650372869122,0.00211920905171839,8.41536514669352e-05,0.0153223982494301,0.000479665793081309,0.000106178015795574,0.00794966519866492,0.00100242641385908,0.0181082712333189,3.09417835558844e-05,0.000299700911342695,2.73256198273004e-05,0.00038569947926333,0.000590540329595187,0.00212153162253498,0.00302070544724835,2.34945826018005e-05,0.0176753031041465,0.000215109183365006,0.000513321796627637,1.89403126305837e-05,0.000452762340864405,0.000306763004749439,6.39581255864014e-05,2.49410480932341e-05,0.00368929779483519,0.000367540834632524,0.000409133473048651,0.0531888318724747,0.00137126272035067,0.000589416995304466,9.72843493500569e-06,0.000339357797776751,0.00789460434565708,4.52244884621069e-05,0.000256204058348496,0.0337503756462286,0.000855786216592858,3.58059352602396e-05,0.000174958516866114,1.36628099136502e-05,0.00126438951148112,0.00320157294770071,0.00199799590521469,7.30584675382082e-05,0.00487271475560925,0.0162494647457448,0.00218637313942516,0.00240199590695718,0.0337545318901686,0.0106870473758552
0.000430551378294388,0.000122613656157026,1.83099849454588e-05,9.33689559114178e-05,0.000194439750096361,0.000284398067358934,0.00527912566212598,0.00682171179621928,0.000717795514107133,0.000353823707077469,0.0904206137470272,0.000300839448665862,0.00178020358162066,0.00328530845804376,0.000436129758520923,0.000417159823468155,0.00241616707527693,0.310924894055682,0.000102435067573036,0.000160143141640005,0.0521125236633685,1.87647427414898e-05,0.000108723060004062,0.00585116354850517,0.00695090039132913,0,0.00010566794459966,5.58394704284383e-05,1.5531865714866e-05,0.0197283987148286,0.000275154194075094,0.00270869323230307,0.000149208426339856,0.000411876726541467,0.000401701195900215,0.000118166836675474,0.00154784753746851,0.00104565697042002,0.000532449306361448,0.00653639542827636,0.000348089706994062,0.00197291699116193,0.00435268748634249,0.00014647987956367,0.000114734056261279,0.00155437532432184,0.0360814957833115,4.65955971445981e-05,6.21274628594642e-05,0.000596072996773357,3.66199698909175e-05,0.00708652874408757,1.5531865714866e-05,0.000176397617761693,0.00199252993383759,0.000268134447674227,0.00392611203403417,0,0.00250827439877728,0.00276665956720393,0.000259800089982449,0.000213576868923937,0.000584278338335552,0.000954947088134404,9.01360788847941e-05,0.000170850522863527,0.00717029391097474,0.000111678940856877,0.000107536548238191,4.65955971445981e-05,0.0354902592831613,0.00287603719874882,9.5969313519789e-05,0.00433099752057713,0.0789535236336622,0.00336938576107243,0.0393847724184008,0.00946460301868533,0.000215223427409546,5.49299548363763e-05,0.0118953703023197,0.00107540071199236,0.000587283881285548,0.0288559232967496,0.0226283607633587,0.000132589283410707,0.000119835536926433,0.000407466481311991,3.66199698909175e-05,0.000201409834400046,0.000995933019724098,0.000355210122230912,5.53847126324073e-05,0.0115404235505609,0.000170118768893686,0.000227777270506248,0.148492460255495,0.000299170748414902,0.000690806226072868
0.000181309593431826,0,0.00923749836601576,0.000757592534417054,1.42202642868181e-05,0.00452692690504157,0.216319799420749,0.000871797655223803,0.130192713804831,0.0136289705229635,0.000327452791463824,0.015543735228058,3.92978594473581e-05,1.23356509476012e-05,0.000124619445168267,0.000782980968401075,0.0397743533358067,0.00013077258534332,0.18821207642997,0.000308988475839081,0.000279397598863585,0.00649566497813144,0.00192814056470339,0.00021858577675166,0.00441953086775391,0.000832132663307767,0.0002111843861831,0.00325241185472504,0.000589487472108702,0.000608872066454932,0.00948133796151293,8.04803322339331e-05,0.0371032541368878,0.075328189503951,0.0040750994233886,1.42202642868181e-05,7.08418811562241e-05,0.00519617023464601,0.000109327154072907,0.00456374050145087,0.000856684035263201,0.00173121560360376,3.92978594473581e-05,0.00164091080650799,0.0345803051268297,0.000251079447779508,6.35628680772229e-05,0.000773249510431301,0.0023586474401253,0.00275687358135119,5.12272171296217e-05,0.0179564196724732,0.000676064650872491,0.000743776115845782,0.00121988084387757,0.00130020208537508,0.0277710527268015,0.000352640526364967,0.000476484098249426,1.46265575521557e-05,0.000126244618229617,0.00162261537181884,0.00105628906338418,0.00614028809109992,1.42202642868181e-05,0.0160064151454851,2.46713018952024e-05,0.000358849960185218,1.46265575521557e-05,0.000448831680708554,0.000490706810086036,0.000256517903415534,5.85062302086229e-05,0.000321368182682923,0.00127148987877462,7.63048122901618e-05,0.0252470904311298,0.000405397462114083,0.00195001186963747,1.23356509476012e-05,0.000213666201671367,0.00426651005480867,0.000624507014521058,0.000298106669467447,0.00775217585218397,0.00562886521958124,1.42202642868181e-05,9.69915031253057e-05,9.99481432730641e-05,0.000863294867249207,0.0010396946757999,0.00261133492811762,4.30670861257918e-05,0.000899136786391404,0.00079984703401217,0.0414615595466151,0.000695632811453061,0.00432035859776465,0.000908589223684982
0.00456489335951113,0.00137843714622376,3.50796321716207e-05,0.00983381110550285,0.000476747510772552,0.000211612142156573,0.0033751436770767,0.00431815878439991,0.000222126865713554,0.00104259436412416,0.000357557304914148,4.34569932309754e-05,0.0002102777564967,0.000588308059832476,0.00262145181260069,0.000693971350374227,0.000905383815452462,0.000246995199015416,0.000321039898928456,0.184982133841755,0.000168940242892699,6.71051126677562e-05,0.000705866649518294,0.000301448585083251,0.0463808198278474,0.00252224072726236,0.0346342515561703,0.000132508342190553,0.00060153038865301,7.51328591126765e-05,0.000210595334712202,0.000128101921984542,0.000159460209650741,0.000116320794635268,0.000322659646677556,0.000286830866007482,0.000210695352978714,0.000453697819200418,0.0011017255586863,0.00157209241499453,0,0.000336809850001726,0.000197561957098914,0.000661324866975367,8.46449287535665e-05,0.000113266642959782,0.00023320876383396,0.000982646218923334,0.000175615720807094,0.00732510604242746,0.000565216389088029,0.0060736734351246,0.000660186608778803,0.000641865607795607,0.000269323086320604,0.000687523676867387,0.00632249286025505,0.000130806459045593,0.0277251101934384,8.76990804290517e-05,0.0294603986434779,0.00306186465516379,0.0114640808827925,0.00524011210010621,0.000768697216918141,0.000192937976943914,9.40249437290122e-05,0.00490927059720574,0.00213849580048331,0.000348526904553136,1.44856644103251e-05,0,0.000663008687522332,8.96185235230016e-05,0.000713894755417901,0.000246342159713759,0.358580504149659,0.00297813122005029,0.0023236174930393,0.00489488072105052,0.000358242380614736,0.00438667446144574,0.000158425519335718,0.000354635207904107,0.00578556423913183,0.00121734321502298,0.002178158268086,0.0498865509234097,0.000207641201303229,0.0105852953148335,0.121232718669199,0.000332121797048861,0.00986700591776943,0.00324748394212603,0.000189834207684027,0.000175398160858103,0.00132309635639868,0.000382607612151038,9.30222898129212e-05
0.000132203564399517,7.00716980167425e-05,0.000130876388910596,4.83778049838164e-05,0.000177757654746586,0.000199632913452389,0.00631454201648106,0.00378714839819192,0.000429264416120339,0.000104359277451201,0.0530437129884917,3.48051092577359e-05,0.00557870721473465,0.00161854805509092,0.000622926735873442,0.000120140192563621,0.00658301751010024,0.0134804873911521,0.000240351000630631,0.000412297525967201,0.480981366426036,9.72170894689035e-05,0.000185795451807684,0.00216359419354488,0.0046601850099456,1.25102861557844e-05,0.000261659846517044,9.78180195379288e-05,0.000145734345020474,0.123460212872723,0.00097742411406885,0.0128952745365514,4.89226847308348e-05,0.000630572886208271,0.000213178259254729,0.000133322024291819,0.000901662856691242,0.00103324899207234,0.000300610811777465,0.00553429030810791,0.00247454094439467,0.000538094832191701,0.00185154878154204,0.000627721253901645,0.000229756035290434,0.00460674244245237,0.00373398404131764,9.46307908270406e-05,0.000186913911699987,0.000941146300814902,9.78453694616697e-06,0.0037821488181931,7.60680761829959e-05,0,0.00872324908301376,0.000262799839481718,0.00468419870136866,2.50205723115689e-05,0.00125556410894713,0.00497097321755227,0.000243873610763532,6.24953804569154e-05,0.000324523775171082,0.00244414909796238,0.000463529679754039,0.000443226410387528,0.00051789804605274,5.00411446231378e-05,0.000120574322141151,3.31417696184145e-05,0.031960005146573,0.00509860183049456,6.79468788761503e-05,0.0448004512333688,0.00905759159071145,0.00846688033510543,0.0336488950208554,0.0016179504709177,0.000121537983555931,9.78453694616697e-06,0.00813376459814477,0.00152178044310932,0.000493987615267958,0.0154993177923178,0.015614141530698,5.43741831500698e-05,6.24953804569154e-05,0.000103213467635157,0,3.6929928398328e-05,0.00270472503293145,0.00040371196378636,0.000265816553494081,0.0156941204100852,0.000650352593917886,0.00153105696627938,0.0293283637376246,0.000621927973915545,0.000788106404892154
0.000107094929258661,0,0.0447835874801468,5.34197201233645e-05,2.23976138773111e-05,0.00493952987309498,0.031048862736899,0.000128083241759075,0.00655640121944223,0.0292121542028179,0.000125640226793172,0.000918169447326526,8.290445069448e-05,3.41112837299492e-05,3.84927862498304e-05,0.0028198156503775,0.00296546863446046,7.76317350176535e-05,0.00656693859660781,0.000220758886991175,0,0.242314502237802,0.00678494153528799,0.00013709129743779,0.00145040817379115,0.000192449505115132,0.000372473909285164,0.163065283713149,0.00065565346188233,0.000482094011069118,0.177310572394544,1.33895581985961e-05,0.0530592740819843,0.0014896324993731,0.000903621919567464,0,0.000119812800848118,0.00355642256145522,5.5479171779295e-05,0.00101837298089756,0.000461749228801337,0.00096811309847913,1.17136698526382e-05,0.00171822932766248,0.00305303072348595,7.63138858905208e-05,8.32880140044525e-05,0.000473389739274656,0.00832381354645424,0.00314863682847157,0.000156293195863272,0.0244870157244791,0.0107479002747895,0.000160135073833093,0.000254603583752064,0.000551503890507209,0.078129308512575,0.000287060515466163,7.68470598286408e-05,6.56299418658479e-05,4.91767302745033e-05,0.00130708592408821,0.00110609703716431,0.0031770613289607,2.4073502223269e-05,0.00162252389172471,5.61253342972877e-05,7.47876081727103e-05,2.13678880493458e-05,0.00392310309507055,4.01686745957884e-05,0,0,0.00010065397508285,3.3081557901984e-05,4.54413902726148e-05,0.0147407663386103,0.00038115343759724,0.00287164481661042,0,0.000356523615478374,0.00842001085668052,0.000323863852562007,0.000151247982256331,0.00289539987281742,0.0022208233411184,0,0.000138504586575727,0.000233173549563296,0.000394630460284562,0.00047176564341237,0.00147699420146752,2.13678880493458e-05,0.000356966081468107,0.000311905132070417,0.0348959670578672,0.000382957400241238,0.000306865503749423,0.000149206079169468
0.000120979804877002,1.69259505010532e-05,0.00030095387543333,0.000350831860731606,1.84416839695285e-05,0.000586857682241994,0.00443283101455752,0.000662369327488152,0.00061108863068881,0.00112002039156749,3.94169613070533e-05,8.63691503275871e-05,0.000142883867085637,0.00013416474502867,8.60699458904232e-05,0.0202539245774451,0.00113661323048265,2.19158235275864e-05,0.000319483147248459,0.00022233033560314,6.89073028407577e-05,0.00102823787264152,0.475312065976703,0.000148930478887652,0.00224263741532561,0.000176054629291882,0.000145062643651946,0.00174660318626278,0.00171168672365146,4.46148890742108e-05,0.0349812591706189,4.12694158791884e-06,0.000495434674415168,0.000157405951749207,0.000115205456023784,0,0.000167685614698102,7.59868297383646e-05,2.16546425072445e-05,0.000246542252157796,1.49675444114705e-05,0.000196876751794642,0.000108037327779924,0.000595192841224723,0.000194454948300644,5.1902470712442e-05,2.62909179410808e-05,0.00159219410976859,0.0488795122615552,0.00225109185721916,0.000280869818633595,0.0272145010482403,0.00702551060301246,0.000401570853542553,5.41491277125515e-05,0.000750997924676492,0.0231759524144608,0.00111791331237532,3.62951524658769e-05,3.47413955805796e-06,0.000134705097977785,0.000309767082899196,0.00145960778229473,0.000657274602764909,1.84416839695285e-05,4.79320255032329e-05,2.65255358215639e-05,0.00012987821889326,8.25388317583769e-06,0.00841180784112477,3.47413955805796e-06,1.76188506158653e-05,4.12694158791884e-06,1.25643910326512e-05,1.06705714997494e-05,1.23808247637565e-05,0.0147298189509699,0.000672416046978201,0.00152777710790917,3.47413955805796e-06,3.36172831216233e-05,0.301868498920722,1.32171930625121e-05,3.06524774094828e-05,0.00287585291197505,0.000542412857559754,7.6010811459768e-06,1.32171930625121e-05,9.98357630914902e-05,0.000385442946881446,0.000385077429928284,0.000991578576602127,7.6010811459768e-06,0.000467281218875494,1.21462068832734e-05,0.000225005876904101,9.74579059767144e-05,0.000158109805390656,6.05474681474725e-05
0.00168712959942942,0.000643050973576242,0.000111499591695066,4.23849583659009e-05,0.00798024578798931,0.00209466677162248,0.00310315402476854,0.00694445244968264,0.000288686475696727,0.0008881044661714,0.0122522188125167,0.000197884921557318,0.00405608140266938,0.179050241388254,0.00899344942253098,0.000385901131991056,0.000635831958718263,0.00436335016861914,7.36831045610496e-05,0.00113557751361663,0.0053287034323115,7.9421497617124e-05,0.000190145281632772,0.257290980589487,0.0130738014159465,0,0.000170705615084418,0.000121063580121856,0.000282869798394028,0.00344387690672402,0.000974172889987676,0.000147760323266871,0.000414031488767195,6.10776088497109e-05,0.000441733399740776,0.000922553088515939,0.00633886212097973,0.000504390520751516,0.00313057101077593,0.001350580084844,3.66465653098266e-05,0.00113024101008523,0.0378558439140781,0.000137843432920308,2.44310435398844e-05,0.000265903777105542,0.0456630071204714,0.000208132128277038,0.00022948459251075,0.00179297455456911,8.78114240163499e-05,0.00489238785728877,0.000191738109216607,9.08941435258977e-05,0.000684479751718471,0.00013480192563576,0.00591640888912147,6.10776088497109e-05,0.00156494737974049,3.89493369365812e-05,0.000290209299440688,0.000347855427064455,0.000656848976658384,0.00443998665497333,0.00362013409899106,2.44310435398844e-05,0.0245146749718663,1.41283194553003e-05,0.00111546111955674,0.000170668543062794,0.00147586719099301,0.000315605469636343,0.00147912968311559,0.000691244147502945,0.0038183725969671,0.000846173098183364,0.0677864104662607,0.0544670873842671,0.000569654907298465,4.96420349625618e-05,0.0233271150576647,0.000815960564832666,0.0856621507381638,0.00384521759938836,0.0180404135310182,0.00122861664177165,2.48210174812809e-05,0.00113939303895524,0,0.000459577269554122,0.00102732657495255,0.000212793188895411,0.000692368669446573,0.00522639220769388,0.000125813089923343,4.88620870797687e-05,0.060837757474357,0.000231615500787334,0.000157320171490286
0.00257392487809786,0.00012164262323304,5.52518955595124e-05,0.000711479026729323,0.000444610329112192,0.00105708979790471,0.00427901564238624,0.0119516325887169,0.000471144514850995,0.00115061070797898,0.000574006425643382,0.000290236383775876,0.000586404906345553,0.00236832918162983,0.00131904445433867,0.00047748040296345,0.00244129001049236,0.00016542374623991,0.000131185333223916,0.00279997408695481,0.000308514145082577,0.000126896081596504,0.000317389047724402,0.000483688984958363,0.297691751708809,0.00019664915529271,0.000964954305742235,0.000226632421022647,0.000753921521541631,0.00068293751188441,0.00123030223912802,6.34184457485034e-05,0.000297035861819613,0.000280568005238862,0.000707449398617495,6.07373760783175e-05,0.00257400388035766,0.000523032412611351,0.00506508369904901,0.00182348576060846,0.000138552660341137,0.000525933900469034,0.000381802420235063,0.000800108781902279,9.96381958164885e-05,0.000278323302095354,0.000219972499574387,0.000996455846102112,9.52576653286403e-05,0.00478884930217544,0.000268254235627758,0.00952242695080554,0.000329322046963378,0.000286578135376072,0.000453944006309784,0.000590420825805252,0.00831719533961401,0.00010615898201787,0.000544874260048338,0.000146716437780333,0.0138343651206685,0.000950329186710653,0.00315790979864371,0.00319609930549384,0.000209295481459924,0.000128201797959265,0.000182128235327225,0.000477181712640225,0.000417633906826352,0.00116932276596597,0.000175421332404663,8.53769307504254e-05,0.000316904525864222,0.000241133488553427,0.000552997004866801,0.000188536226714735,0.528688668579401,0.00295281912600771,0.00146210480359207,0.00116699911211165,0.000465689439826067,0.00339619005699067,0.000417137216828871,0.000549009789197055,0.0230483175214886,0.000824378906663295,0.000218937821751546,0.0031756410583443,0.000109671531404467,0.00105431302346772,0.0237034987323182,0.000535831114573463,0.000283885923521161,0.0023268723777343,0.000119899655831787,0.000159899296519028,0.00195155357226781,0.00047511341909648,0.000391716406735768
0.000685967070115242,0,0.000163748657110431,0.0739166096675384,2.13965927217071e-05,0.0023097570299142,0.00501356325092526,0.000668327933060918,0.000474435930280188,0.000605967457166503,0.000151375182671722,6.54406558934673e-05,0.000100392797430874,0.000290487437038496,1.89218978339652e-05,0.00051356248672776,0.000627883530810326,0.000104219056449613,0.000588484962929413,0.00368013838940214,0,0.000239664681820545,0.00105001739476996,4.07354497984543e-05,0.00574633407413966,0.196181912250014,0.00146644294299766,0.000681493583202785,0.0132910627586747,1.89218978339652e-05,0.000511230221025076,1.89218978339652e-05,0.00036466199894378,0.00014977614905195,0.000854266530049415,4.36271039289782e-05,0.000544825975949139,0.000971382544324958,0.000227965495844503,0.000786837605685825,8.64202893723925e-05,0.00182560785874591,0.000330644462294589,0.0140215922990517,0.000364213156649703,3.78437956679304e-05,1.89218978339652e-05,0.00337036951601798,0.000297077603216158,0.0114486689322409,0.0432482108822544,0.030736620178214,0.00067847418210066,0.0168159278572567,0.000146911555490376,0.00910413426826789,0.00741886322296851,0.00103038266766301,0.00422315825785396,4.07354497984543e-05,0.000376517827737056,0.0350066974601621,0.0191092753659693,0.00302550025369379,0.000151027026780296,0.000118480776779275,0,0.0155525780962093,2.18135519644891e-05,0.00355739569015856,0.000187747691691482,2.13965927217071e-05,0.000165416494081559,9.4609489169826e-05,1.89218978339652e-05,5.67656935018956e-05,0.059891644481381,0.000572106563334546,0.00713336190076336,0.000167474229726519,1.89218978339652e-05,0.00356084843132407,0,0.000145371465490849,0.00388725381449178,0.00350272693693543,3.78437956679304e-05,0.0114152179884568,0.0503528538853918,0.29924251560261,0.00351786086274612,0.0160088150129019,0.00380713565047907,0.000471644962552316,0,0.000116423041134315,0.000126032608414102,8.64202893723925e-05,3.78437956679304e-05
0.00526205512764161,0.00200261966130128,0.000252527849798769,0.0107927929905351,0.000224469199821128,0.000570456730321762,0.00175007079207529,0.00474207139153434,6.53359854953417e-05,0.000262485817997858,0.000810340266530998,0,0.000151516124712382,0.000385943292732599,0.00113991227941494,0.00127110987437168,0.000774458786923163,0.000158730620968324,0.000240185755979194,0.130526495403927,0.000147276423271867,0.000168351899865846,0.00122308704811928,0.000812138715798326,0.0518546764800364,0.00186817589674964,0.149196965541596,0.000168351899865846,0.0028455660304486,8.4175949932923e-05,0.000973085117736352,9.16444260822397e-05,0.000112234599910564,0.000130671970990683,0.000126432269550168,0.000854050427437823,0.000495031827342554,0.000494949117934361,0.00136849023139181,0.000874622937086837,6.10962840548264e-05,0.000252527849798769,0.000443408208721162,0.00115254867432829,0.000328075783386574,0.000152001427478037,0.000104363530403785,0.000825637423979304,0.00673308598543461,0.00721922510303561,0.000805763875788916,0.00516121287532623,0.00017333088396539,0.000949688493743384,3.05481420274132e-05,0.000902510316579297,0.0135707664529573,0.000304742137615103,0.0179124047499278,0,0.0145600324538594,0.00484836249366328,0.0102255730846058,0.00355982493765003,0.000904786149936099,0.000177339262533625,0.00046709620797351,0.00516404794335369,0.00142393122690956,0.00117322155756481,0,0.000122192568109653,0.0020570916888816,0.000154490919527809,0,9.16444260822397e-05,0.263445797189764,0.00390588642916845,0.00330265213651211,0.07273689400445,0.000500619144816351,0.00398959790652986,0.000304002854956074,5.6117299955282e-05,0.00805689545038828,0.00146782264398513,0.00605878289141251,0.0407998916789904,0.000502754283385245,0.00623801773072599,0.0793055425871494,0.000683168714321801,0.0280872119584734,0.00153380728405513,0,8.66654419826952e-05,0.00115082112195864,0.000472862714608668,2.8058649977641e-05
7.28230820790402e-05,7.74077634562992e-06,0.00331362680068777,0.000135920653954545,1.39764983758826e-05,0.00822760525564659,0.0392894351588518,0.000645190147807788,0.005363348675914,0.0533965782817267,2.17867931526396e-05,0.000574520611294824,0.000123969595652434,2.93885326360153e-05,0.000153527447153526,0.00472104773582606,0.00153340009802446,0.000149074853163159,0.00162098758110429,0.00026458368584367,9.67798038498536e-05,0.0387766702494713,0.00482853531835202,8.94099521873198e-05,0.0027243190279438,0.000209535246041126,0.000155170068543596,0.346869293652776,0.000464607456662443,0.000113573759463954,0.142052130747267,8.71471726105585e-05,0.0185017159327504,0.000732649150883359,0.000299487446726738,7.74077634562992e-06,0.00015051586873521,0.00353045113747302,0,0.00160231384892524,4.94617161798962e-05,0.00108952925742679,1.39069799447554e-05,0.000980147899074003,0.000357711867293085,2.17867931526396e-05,0.000106164671373115,0.00196805006507103,0.00993899659472119,0.000595305869358981,0.000144720589819181,0.0307827102818909,0.0312719313756751,0.000726585758071227,0.000143668379775537,0.000790521462236924,0.191610553451423,0.000231550452276926,6.49502183465181e-05,6.1662035991255e-06,2.51052575107253e-05,0.000349329042015213,0.000266634463395021,0.00255951653005621,1.2332407198251e-05,0.000554959907259047,3.45596434651139e-05,0.000151749798801441,9.5135712672222e-05,0.000923398032630719,1.39069799447554e-05,7.81029477675706e-06,2.78139598895108e-05,1.2332407198251e-05,5.87840147473926e-05,3.11716606759011e-05,0.0149941327570822,0.000460649427473489,0.0010332992932625,0,0.000101014916127009,0.00876115354009301,2.66798302572297e-05,0.000110315859111513,0.00583838795628295,0.00308272849134403,0,0.000315052388794197,3.72683458438995e-05,0.000403061632162888,0.000438821420948077,0.00265710375367017,2.95970879293967e-05,0.000283767056739275,0.000135166403430842,0.00392272140121589,0.000157361352744763,0.000169007530057225,7.31706742346759e-05
0.000107270404161326,1.2586047377224e-05,0.00010005993076479,0.000605328053478529,1.32845595964726e-05,0.000715290152577128,0.00317107806138523,0.000228905030930988,0.000782893951292186,0.000720820501444861,4.67579462640002e-05,5.05384841136486e-05,3.91551665701691e-05,2.7518645960371e-05,3.8112465763535e-05,0.00183276748617102,0.000369140231350377,2.08086730905413e-05,0.0003575273331643,0.000147424891376213,4.36342166390661e-06,0.000107991370746357,0.00211386085972613,2.20900691240481e-05,0.00277696724690545,0.00124615453624682,8.83752924450828e-05,0.000785187712556447,0.581308331520527,1.30902649917198e-05,0.00311776651526565,3.85920404941074e-06,0.000346346908217775,0.000192039695623317,0.000116010079161203,7.71840809882148e-06,3.31318947077278e-05,0.00015455771903319,4.07689399792012e-05,0.000143562990699216,3.13211300663572e-05,0.000242153648782435,6.19437479134658e-05,0.0887464178057437,0.000366948967382259,2.80699608245726e-05,1.20818297627281e-05,0.00102196878342257,0.00144668456000659,0.00160760142821025,0.007278801702486,0.0646010711893446,0.000403135548208877,0.00138503995283384,2.34308817285652e-05,0.0717928003572223,0.0173735710393193,0.0204843217235809,0.000246585601601627,7.38221684871667e-05,0.000151500844396158,0.00338203436370529,0.00230284141839541,0.000411480433197848,5.87241476217378e-05,5.26340207713944e-05,1.74536866556265e-05,0.000445844954763308,8.41692031807008e-06,0.0186147437897979,2.13128907050372e-05,0,3.34733866675276e-05,4.01517905873007e-05,9.31310204062837e-05,4.71492321010913e-05,0.0211295136519682,0.000868212512456658,0.00091668214371689,2.44393169575569e-05,2.22056975290385e-05,0.0246489491309061,3.85920404941074e-06,3.62454892881843e-05,0.00334027678016581,0.000524307956554047,1.20818297627281e-05,0.000212753514265953,0.00461768999567178,0.00569781451935555,0.00151446332565747,0.030272006309311,7.69919749016033e-05,0.000404045924252933,6.20593763184562e-05,0.000105676388490491,0.000481734887045452,8.03469613365182e-05,2.95355164183545e-05
0.000215302668093471,0.00015980303603233,8.83682184034296e-05,5.63018726567776e-05,0.000292982165518729,0.00072544097302788,0.00593565970484989,0.00393116057294614,0.00102755241105665,0.000320590210736861,0.0195984288598263,0.000123292527229106,0.00600544665387361,0.00312777478114447,0.000252617733112737,0.000527380231659239,0.0064463923320425,0.00602069556267813,0.00044844725234623,5.90435672165102e-05,0.218387859123176,0.000162426268327124,8.968093142365e-05,0.00260406121252208,0.0212686333300616,0.000138268253763193,1.20790072819656e-05,0.000185155301351543,0.000528069920915708,0.333979458606453,0.00190008445627835,0.0311131948895249,6.97323491320608e-05,0.000831361167540917,0.000251188751573225,0.000218121874999398,0.000864779774666815,0.00071474018644865,0.000243572127624178,0.00510814258905633,0.00224931584455833,0.000315690662646397,0.00117518290093012,0.00017380102231902,0.000126034221788838,0.0031831698446631,0.00335251390707594,0.000554945072275601,0.000121863545689594,0.000198114000637961,0.000147450541793037,0.0124856115782771,3.48467964794818e-05,0.000777872225240021,0.00791794222614993,0.0001907549589903,0.00487802963941298,1.06887819155507e-05,0.000103227676418225,0.0081304401904337,0.000208686574971599,0.00266402511697489,0.000676079745973975,0.00344294357607639,0.000563909021676188,0.00157823716834837,0.00127871471580735,4.41841092017148e-05,0.000193984335394839,7.89921495080994e-05,0.0202064313158841,0.0103797208131869,0.000865009630460719,0.0299376913361061,0.0139297231377672,0.00961280238652408,0.0963634344465598,0.00497757036064713,0.000935714113601301,0,0.00489222853623851,0.000958866052036561,0.000388009681645801,0.0162406803709497,0.0211032701238121,0.000188033739389939,3.63532903651884e-05,0.000109745782234531,7.9108418027391e-05,0.000237325254082173,0.00389734306973676,0.00125852671055334,0,0.00696429162157701,0.00146864482643438,0.00019468852774753,0.0217394299755605,0.000689453977248364,0.00145535889342228
0.00016210819548313,1.66565499435695e-06,0.00190785136885826,0.000185875151633889,2.36770329833492e-05,0.00185667604285318,0.0147515542874525,0.000193465209557182,0.00208318603900488,0.00544831543964237,0.000112959808581792,0.000252447073456128,6.15486424140118e-05,0.000125244381320603,3.64700201127215e-05,0.00292800137388119,0.00078178922497183,4.64301498081296e-05,0.000864928044618114,0.000157592452974763,0.000167511447406639,0.0109612158275233,0.0170234272165748,4.41547376902665e-05,0.00185010980757333,0.000241357391101141,0.000113594267920129,0.0268806850186676,0.00163964171902682,9.80941470291966e-05,0.707739853468595,2.0783585906543e-05,0.00220950842844977,0.000590145789336512,6.18280641862083e-05,3.54208560377214e-05,3.73061488620852e-05,0.00102225551317842,3.06435288846574e-05,0.000744273811239189,7.86565083413763e-05,0.00023572249077456,3.07105223786711e-05,0.000767926805018187,0.000439428767501877,6.85840203134129e-05,8.93865116310683e-05,0.00145171570141965,0.0318401168283188,0.00084301354856434,0.000116682898675258,0.0297932152546034,0.017502707222424,0.000314257674018958,0.00025785793747521,0.00048932673162226,0.0460697260781286,0.000414793921687878,6.741553641718e-05,7.53396174563104e-06,0.000276806935195952,0.000438061849498743,0.000679313073550125,0.00124757878575413,2.25181228989929e-05,0.000240008618386207,2.13851964860926e-05,5.50623007037946e-05,2.317656063304e-05,0.00130531191057997,6.70052012163145e-05,1.3976943893052e-05,2.27444945248504e-05,4.40371750816326e-05,3.06782661475236e-05,3.05679130907138e-05,0.014162874746491,0.000452611843471461,0.000904772115738265,9.12400094604438e-06,6.4295241958543e-05,0.0339421001348052,1.3976943893052e-05,4.71849972513118e-05,0.00475229255707882,0.000767693094665256,1.75278917117727e-05,3.08463978707777e-05,0.00010110622499825,0.000536697654164883,0.000556205249687486,0.0013443412015782,1.49923076973185e-05,0.000441965434319758,4.28792019894088e-05,0.0022927996938853,0.000457069296062639,0.00010467500994447,5.13601212971867e-05
0.000631326599774899,9.09594513989096e-05,0,0.000181918902797819,0.00093723666622506,0.00196824510273764,0.00633751323722695,0.00334604219997293,0.00567509811377779,0.000348338315077264,0.0189737790841483,0.00298639589657385,0.00836878434219284,0.00174924988075341,0.000684519686952982,0,0.0333870328540227,0.00282277384162839,0.000710992797716386,0.000550696968391804,0.0955698540024909,0.000176747645463709,0.000321631033314994,0.00204817584816768,0.0118939687164398,0.000518525772219395,0.00028247732493825,0,0,0.173879910563608,0.000782244934704419,0.223576648590315,0.00122691956654565,0.00401139794897611,0.00345791269085918,0.000269599053451716,0.00172559566289504,0.000460394011874518,0.00116368614276468,0.00838360716239987,0.00610704544982005,0.00249821306389002,0.00130579642913569,0.000206288101614973,0.000143934235893635,0.00769349253408869,0.00109150230896606,0.00128659848765264,0.000452686997722094,0.000943782573062679,0,0.0061772713601751,0.000486661514606972,0,0.0573301417837686,0.000305691763766803,0.0128921367672459,0,0.000161977417388077,0.0038945228180686,0.000528869873719168,0.000173474692044899,0.000467669181154879,0.00191996416597043,0.000261381079539907,0.000723659113845767,0.000863371244362942,0.000223176523120814,0,0,0.0135573492480291,0.00534280923969639,0.000177696797421359,0.0995188035559233,0.00388800071370424,0.0173359184309408,0.0551619053537001,0.00259682421702729,0.0013047395993228,2.64873922473625e-05,0.00398763061269718,0.00173127787998853,0.00139611525396848,0.00737186943493145,0.0104372011335529,7.19671179468173e-05,0,0.000756486804899799,0,0.000260212038067348,0.00135827453535499,0.000181918902797819,9.09594513989096e-05,0.0179606077677188,0.00960132287926018,2.64873922473625e-05,0.0135773603273368,0.00235530074751515,0.00228496307888087
0.00016951360219465,1.94662442246627e-05,0.0221346902051066,0.000354733131521394,0,0.016984351769613,0.14958723602141,0.000296309250217279,0.0576232555477449,0.162063706996802,0.000175725655781455,0.00389276033387696,5.28846348610768e-05,3.53083137591418e-05,4.83807600721019e-05,0.00118958363385872,0.00370525557177641,0.000140221688021768,0.0274331621966344,0.000210587164653377,6.13226834599166e-05,0.0360665849151703,0.00106060289740883,4.28666622591905e-05,0.00208020363134868,0.000290943197126385,0.000101935270581431,0.0266375710040662,0.000416621921099753,0.000186520222317475,0.0185617198173945,7.12101331366575e-05,0.260027120560088,0.0035974493152622,0.000489343898407986,2.89145158474392e-05,0.000109857771096428,0.00516363319496912,6.84755535088815e-05,0.00153985379717592,0.000294852222306124,0.000984700442464548,8.19534782729254e-05,0.00114890413689154,0.00697982380107666,8.93813038478287e-05,7.00455825483114e-05,0.00112030340629007,0.00218207747254423,0.000567235367927626,0.000109167442155789,0.0223823597607873,0.00156957926992552,0.000739142119157851,0.000112912244807502,0.000581920093855651,0.0551528051992534,9.99941260589512e-05,9.28511509736029e-05,1.51166970000974e-05,5.25997843715218e-05,0.000757406501070063,0.0004315211495555,0.00281582913147245,1.6126920024034e-05,0.00135686987978992,3.45829412247601e-05,0.000280599047598808,2.48498191124287e-05,0.000841835117885683,0.000205192350811133,8.63268301367548e-05,1.27875958234052e-05,7.99505540219237e-05,0.000111176649249184,6.04429833611255e-05,0.0131826772540123,0.000360982496832304,0.00146755907834146,6.3937979117026e-06,0.000184562899988986,0.00461160340750808,6.3937979117026e-06,5.29084395003408e-05,0.00424731169401637,0.00380412257792901,0,9.73312211233137e-06,3.92761871718874e-05,0.000437283727533918,0.000604897511642223,0.00151647852777151,3.76374149358339e-05,0.000233114165431507,7.87684816367062e-05,0.063310242014692,0.000787460418875722,0.000411216792442528,0.000346269934292428
0.000276386937316037,0,0.00286545047712478,0.000185282383585572,4.208156591423e-05,0.00194304050032811,0.106673877080541,0.000965865717416654,0.0806325473072941,0.00419129972416176,0.00018052831282661,0.0325475357722051,0.000165913102375114,0.000187509405855109,6.90940192724963e-05,0.000693838190063388,0.208765270747298,0.000270724586022437,0.0482548999822313,0.000469384744854068,0.000609286158711538,0.00149048712796903,0.000738927222035701,9.64573477536642e-05,0.00294216211253695,0.000467514358980233,0.000241926823097512,0.000685089896917854,0.000628874318387655,0.000722812726529952,0.00445474991846933,0.000316539860454611,0.00564890869949943,0.257199463380896,0.0132891425596198,3.50264155798406e-05,0.000328524836659882,0.00446726069020533,0.000248714210339702,0.00524239772047286,0.00555786652175402,0.00353831542721588,0.000100160439869927,0.00124620325022121,0.0104389583712103,0.000599424708273187,0.000302429718561067,0.000391151568636174,0.000435308245211835,0.000638163422664684,0.000171244334721443,0.0211917891086177,0.00024767212764658,0.000249229821573237,0.0019201034239153,0.000957643392186392,0.0185624217479556,6.97542928905656e-05,8.27286973847032e-05,1.40271886380767e-05,0.000548728962117723,0.000631263636165647,0.000617682637692068,0.00379130840330844,0.000158783894734835,0.0492808161560074,2.37018717678734e-05,0.000121850715606676,0.000140282905382053,0.00050186058599114,0.000358580108516342,2.37018717678734e-05,3.80275986750658e-05,0.000883990178341545,0.000172224867060732,0.000301863258424517,0.0306047602495979,0.00112577281538023,0.00104236000087364,0,0.000233644939008504,0.00192415512974148,2.90240493893903e-05,0.000156155307214615,0.011307649707377,0.00147717239102757,2.00404150545791e-05,8.64010143240497e-05,9.00823859882082e-05,0.000597256094876053,0.0019128556996352,0.00154662286070192,5.34061097261972e-05,0.00185177909481152,0.00479845150368498,0.0079611198569281,0.000562332706277779,0.0170824450369781,0.0019924522288925
0.000348883111991385,0,0.000941610627051355,0.000230581642824426,7.09823074074502e-05,0.001020457563557,0.0472465110333787,0.00170835725967547,0.0169247567062558,0.00256872762382646,0.00129131620879153,0.0430872148820857,0.00109510959879228,0.00116685535625267,7.53197457997642e-05,0.000347976427944525,0.220736343717531,0.00135991671499464,0.00382539021181885,0.00109755803167867,0.00139534557906478,0.000609458553525238,0.000471395403273096,3.54911537037251e-05,0.0105708928762454,0.000426141287601867,0.000673451181403655,0.000375922441548473,0.000425283599015504,0.00185738638734856,0.00209066647928229,0.000688836560082455,0.00316067930595453,0.0133152284321367,0.187193277129979,0.000115862149221804,0.000504604033226361,0.0127905816103909,0.000184318831770097,0.0202611896977293,0.0113406763161261,0.112890492794277,5.57709859061455e-05,0.000397567982008068,0.00113274652852248,0.00399650407011329,0.000443226337031157,0.00114392419420765,0.000736935789611261,0.00599950448360619,0.000719047622031916,0.00811614343505521,0.000237135348523903,0.000384803109988292,0.00379806200202476,0.00035796244255002,0.00723127217792954,8.97999949922673e-05,0.000163610155274495,0.000128850073879571,0.00153753003018548,0.00100855338203364,0.00133731688877165,0.00943290678175431,3.82398312008738e-05,0.00670585225713428,0.000113130732707456,0.000263341380013803,1.91199156004369e-05,0.000110079827194688,0.00041400134892833,3.50623094105433e-05,0.000410855132771402,0.00211795089335294,0.000135205117460232,0.00102089653929661,0.0919645587944344,0.000776898127521236,0.000889541317872882,3.66510703057086e-05,0.000876429350003312,0.0016061219058972,3.66510703057086e-05,0.0007575415434765,0.0526514239765991,0.00265238002866489,0,0.000307815427915734,0.000182953123512923,0.000510015083306655,0.00361902513820271,0.000509402050389552,0.000351906625074926,0.00752791101227083,0.00382225793310145,0.00142394306075561,0.000885738862736312,0.00779631323739401,0.0344605615846206
0.00345876328850757,0.00156798059228719,0,0.000292793121677914,0.000707368245646323,0,0.00160697496806156,0.00352029670933371,0.000184938077228131,2.9255490218215e-05,0.00266611186729154,0.00011702196087286,3.99389280945123e-05,0.00141699042999949,0.0103923519454795,0.000697735590467499,0.000687504020128053,0.000319845174393408,2.9255490218215e-05,0.000596729078021643,0.000129908836251879,8.42847311944673e-05,0.000184938077228131,0.00184030103590711,0.00845662002615045,4.21423655972337e-05,0.000786892935423156,2.9255490218215e-05,0,8.77664706546451e-05,0.00139477356464972,0,0,0.000100653346033664,0.000215471869403802,0.164026061809705,0.000495378115702698,0.000429665436850148,0.000891009864717837,0.00102999437223151,0.00091638653412341,0.00029255490218215,0.0049765733823608,0,0.00012422365928898,0,3.99389280945123e-05,0.000161254004342823,0.000285591423261795,0.00081394498813865,0.000440007595836471,0.00149719353915458,0.000127705398749157,0,0.000168569462388935,5.851098043643e-05,0.00338254753182603,2.9255490218215e-05,0.000633873182705479,0.000131998514124608,0.0018319357625821,0.000239967318204383,0.00214343847127636,0.000243449057664561,0.149206092891457,0.00010913334640724,0.00111150250950375,0.000140478514498184,0.0544796497544063,8.77664706546451e-05,0.000159164326470094,0,0.169196582442743,0,0.000601489119439278,8.2081293691746e-05,0.0306554692667918,0.314581201316342,0.000159164326470094,0.00233095639000907,0.000438145437223725,0.00145050676387748,0.00208640200776027,0.000902288973482355,0.0103477606623585,0.000471120886397881,0.0133175701101475,0.00325468557250376,0,0.000189011202596264,0.00850491957614327,2.9255490218215e-05,0.000258425610916309,0.000485286063734356,0.00174865789914483,0.000156960888967372,0.00620321310636667,0.000129908836251879,2.9255490218215e-05
0.0029727949746418,0.000339633979343878,4.52929532651427e-05,0.000879111206869444,0.00362987187993238,0.00050898496494985,0.00498803153352758,0.0898705844082887,0.000325757605725692,0.000174743003851823,0.00389671457996199,0.000503143240040617,0.0144190441201385,0.0866111965260359,0.0022209305498578,0.000696634243297865,0.00321233807933379,0.00142585064424176,9.0145217748007e-05,0.00292554573037527,0.00113162144438642,9.41860965380657e-05,0.000343900485069394,0.00428922598235846,0.105778135253161,0.000664806047977586,0.00109053593759652,0.000312715500800899,0.000306790550519121,0.00137306611211108,0.000502606786308479,0.000660418698147578,0.000180290435496014,0.000437947760210811,0.00143214975338198,0.000245762231298706,0.154421912331211,0.000963301753558449,0.0236193296085603,0.00708874722459785,0.000257285243792051,0.000812449608475344,0.00138919900695483,0.000116899265011541,5.28959310729213e-05,0.00402809059358383,0.00146301825275184,0.000857244198998408,0.000115820861362371,0.00303797531972352,7.50475666596261e-05,0.00531335546237954,0.000285016433570003,0.000149029269247398,0.00116496126146457,0.000324321266408676,0.0109466840207703,7.50475666596261e-05,0.000390423733685836,0.000107298414999975,0.00388852385219564,0.00188528388623861,0.00355673349540298,0.00467005285998706,0.000392320817012983,0.000382089353997001,0.000432627871520705,0.00272517454709826,0.000144988390457339,0.000646218485897282,0.000785412260316553,0.000358281189872663,0.000136944723867282,0.00171820238871667,0.000360076539806945,0.00307919542007553,0.233015582046077,0.00385108464579611,0.00152956939671992,1.91385298784397e-05,0.0056409612299896,0.00115442333441733,0.0029466879839604,0.000589961003587466,0.099985209314436,0.00126469371469741,0.000218630665397586,0.00114376915991122,0.000144068921902722,0.00653782306311205,0.00793251400913398,0.000159217203558479,0.000192815669658408,0.0465208144587006,4.78272792010689e-05,0.00134805012312621,0.00216422523192627,0.00048262449759743,0.0023123197224608
0.000367737844216147,3.13838850342037e-05,0.000419163565781192,9.65749677444927e-05,6.99594324163712e-05,0.007004061732207,0.335754309657947,0.00227312564959481,0.027175985751463,0.0147031081736536,0.000575066293846656,0.0422076311650883,0.00147255120130961,0.000870890946046051,7.71510947643349e-05,0.000874482535758162,0.00681241595753763,0.000147748504760387,0.00712276282615096,0.000389251621606939,0.000244766571139345,0.00122908379939323,0.0003190767124333,5.29444526366875e-05,0.00593895362054087,0.00037291692178641,0.000314150926167559,0.0026086743738775,0.000447391996387395,0.000502976888652825,0.00622006559467288,1.73339685695243e-05,0.00431778437100349,0.00368380118508596,0.00664477143135343,2.95895743075646e-05,0.000349332731041665,0.148885251000785,0.00018969439954477,0.00561960248594148,0.000541942757206573,0.0547284208021434,4.90368423935687e-05,0.00113502932714193,0.00167787454240789,0.00130523704420989,0.000592371795695062,0.00234034753041907,0.000232301667014681,0.00540817180913002,0.000670751079655392,0.0155248792119275,0.000361611731885551,0.00108638834039178,0.000875164465946911,0.000955055839751677,0.0255547096373103,0.00019951771697649,0.000214862495874159,4.72425316669296e-05,0.00017916740704805,0.00182091690371636,0.00225916043900864,0.101733062842838,1.07802838012419e-05,0.00178075382816721,0.000223231089181132,0.000132418145304126,6.40437252277701e-05,0.000456345014908659,4.75615204567703e-05,4.10078356884879e-05,5.44152867412665e-05,0.000442676987425345,8.02024533767098e-05,0.000760009188258851,0.0664815812454213,0.000923207674487904,0.00659466104910694,2.15605676024838e-05,0.000612214567417201,0.00252137641451894,0.000197162748303102,0.00031877832145551,0.0214539562563002,0.0273682353718629,1.91282792961634e-05,4.24831576252863e-05,0.000316838196316825,0.000569791945314584,0.00139960952915187,0.00215816921571186,6.01361149846513e-05,0.00382531699645227,0.000619412840760749,0.00166695837580379,0.000729204868445023,0.000939649267417855,0.00114037106369775
0.0257114822421707,0.00224381555375242,5.39335348385066e-05,0.000417219964370116,0.0110239821406745,0.000315448013049223,0.00555430949798051,0.0193771843464776,0.000421610150147602,0.00130454843796915,0.000960203530282781,0.000466401074705757,0.00162912018218844,0.0368722550036945,0.0204215379344282,0.0012183416909868,0.0019094581709916,0.000828005418744878,0.00014220104719776,0.0024761021356018,0.000292726643523429,0.0001334930695848,0.000262864858215744,0.00211352204660469,0.207357560207597,0.000198924707972219,0.000543778722332823,0.000208771009466628,0.000271750121723196,0.00170886207809132,0.000989788590107408,9.74541594854204e-05,0.000161836801486527,0.000202977293944603,0.000593548865713445,0.000168187532427553,0.0235416196678402,0.000628984970144635,0.128701551803207,0.00195487975871428,5.55335946800405e-05,0.00169117369201964,0.00124398954598677,0.000357587993468502,0,0.000697874536157128,0.000764561825130891,0.000968037890277512,0.000165397406491601,0.0033680038406828,0.00024101294617853,0.00765060660944622,0.000387987569208066,0.000162584395038744,0.000361457360797994,0.000588453216103149,0.00293521611873061,4.71632168721831e-05,0.00172349961194928,0.000204622267333639,0.0169757200216168,0.00213833609104685,0.00279903989522716,0.00228690009256888,0.000326270916987931,0.00013784705839128,0.000500494485283693,0.000355987933626969,0.00181338938511908,0.0043990438368203,0.000358028232222845,8.03300138154154e-05,0.00102491104910588,0.000619253153880887,0.00062591785691608,0.000604011265114767,0.358420689930623,0.00988800370284896,0.00220714213981456,0.00251459145333645,0.00130275383201855,0.00201771772440122,0.00545104078389407,0.000940938750511268,0.0208500586820178,0.00132337322158049,0.00126471735352331,0.00954901171468427,2.43635398713551e-05,0.000526149322672164,0.0136119728150206,0.000771140207877827,0.00024058006691451,0.00459436646339094,6.2303912646364e-05,0.000132604406324477,0.00138648604405484,0.000248612844917266,0.00053089318432157
0.000561672406602115,4.66100659927281e-05,0.000365292803277484,0.000366818485397356,0.000584459684787255,0.00138192665935963,0.0134608879726752,0.0656507407836009,0.00180696801195149,0.00158771393474003,0.00412181377841686,0.00203461261284328,0.00551423732812439,0.00181194026999797,0.000426516561504074,0.000330640196079191,0.016921656981456,0.000471776630965116,0.000726987772778492,0.00234474515639656,0.000892620537779935,0.00013267198089822,0.000378608266372127,0.00107733209438864,0.0195450111704225,0.000279774365106348,0.000530523966554552,0.000308679497555961,0.000353299673514178,0.00240375035830973,0.00175489866999033,0.000804107275068015,0.000285440872417747,0.00178256170856693,0.00928642271179162,0.000264601099714535,0.00572408510835145,0.00406012379011187,0.000781184997229706,0.198806954545015,0.00334396955750541,0.034139977763357,0.000671315905620917,0.00041336165821263,0.000174089211220625,0.00844935869694792,0.00132224476056306,0.00065636257076054,0.000186910214830655,0.00308194550329714,0.000129825987610781,0.00824463524148272,6.60864149968324e-05,0.000199688833888102,0.00448910617811495,0.000493128900853753,0.00760139950638052,0.000148917154860308,0.000274049457705321,8.91009035029739e-05,0.0011938450455013,0.000791091981963132,0.00256655670456901,0.00711203490382465,8.12542609897457e-05,0.000790490428685352,0.000405066742435256,0.000315733209212382,9.0445723295413e-06,0.000792074672667953,0.000182174145512304,2.71337169886239e-05,0.000187704358985723,0.001750153056059,0.00086506014423621,0.00185433088907186,0.145008825009158,0.00240778999442629,0.00183026633136414,4.42632236098443e-05,0.00272473334732415,0.00261646192686538,0.000326348598357102,0.000360229062542126,0.229336642461441,0.00238534834447242,9.61838152042081e-05,0.000687817894381573,0.000120377629619995,0.000563442851424496,0.00440391686731873,0.000561058315908972,0.000439746527514595,0.102960930042781,0.000910332023133659,0.000874648031527005,0.00609103220336446,0.00221697465781294,0.0299627367995985
0.000454563854291102,0,0.000480452423455246,8.99073853250957e-05,9.15366584565927e-05,0.00141623412996611,0.0144450561076949,0.0034876117128619,0.00867893430817719,0.000924320254776787,0.00145197886626813,0.00276669955903623,0.00348062674272551,0.00246510956352263,0.00032691633501849,0.00116650614796561,0.256858797351426,0.00134595262068384,0.00248110952853571,0.000824110525555622,0.0103029202446135,0.000458364245790631,0.000918165358901029,0.0011229482954906,0.00759692937429205,0.000201395999172229,0.000441251586006177,0.00131414601059043,0.000322810458080025,0.00359098733122994,0.00526672565331119,0.00349301771270883,0.000427901007956597,0.0131804388881214,0.0217599675698267,0,0.000758736763030042,0.00156328100418757,0.00016434057519846,0.016364878009643,0.186330825979711,0.00656210593289225,0.000390730121451601,0.00123724661027569,0.00187182221639487,0.0137847340901333,0.00155386367227342,0.000285725572747444,0.000245501169707295,0.000917539876351913,4.58022147900295e-05,0.0108095223497138,0.000578484378364678,0.000231839481041753,0.0496794771592992,0.00110085058382937,0.0118917335916679,3.0346249387246e-05,0.000162643530943496,0.000651399658376308,0.00037110750672597,0.00123852817938401,0.00165832549732787,0.00304296906875221,1.54559654027835e-05,0.00936381099950759,0.000543418879212886,0.000186280605744219,9.12638576052852e-05,0.000708932559727526,0.00168162322136237,0.000110064370443477,5.72801802156171e-05,0.00978299340204615,0.0016742453934331,0.00199755235015754,0.0689207698946689,0.0014624012290174,0.0010827092284257,6.54612896135564e-05,0.00170285316079285,0.00321110414365454,3.81867868104114e-05,0.00294138820560663,0.0366126587961709,0.00144986259040045,3.39836773896681e-05,0.000305091767003957,4.46708519533873e-05,0.000771326335327761,0.00118016274469138,0.00176441873322392,4.46708519533873e-05,0.0126068985023642,0.0703107231428179,0.00158333772403673,0.00353815552577107,0.0196253774445567,0.0573321107334549
0.000831911576349134,0.000364793427040277,0.000453165834476396,0.00182884930051279,0.000213689643350908,0.00237802362026777,0.0881200963374412,0.00747142075810427,0.00971638098183543,0.00527603418883657,0.000727607799223891,0.0142418595385995,0.00147466991234481,0.00331040236227096,0.000173945107142981,0.000711334124397952,0.0287023839668875,0.000724189710272196,0.00161272617925857,0.00122045126142189,0.00105467187244759,0.0010325480039241,0.000663710369403951,0.000218195939747234,0.00856829781254378,0.00074085562078018,0.000846762745768465,0.00268746646066939,0.000563908246926576,0.000578267035417115,0.00386588659455428,0.000459578711589813,0.00127445754754315,0.004014061344481,0.0443337146868441,2.63261589701735e-05,0.00148492883523554,0.0345320894217049,0.000319258846193997,0.0288925084915184,0.00165107582719325,0.306402565416355,0.000469909903837095,0.000857227945484231,0.00127030233655406,0.00231489108042778,0.000840961749207193,0.00086700115003792,0.000253252779902091,0.00660043105870641,0.000199731600943742,0.0129518066957028,0.000198252664321609,0.000345619640481497,0.00148240236679147,0.000662120389585974,0.0154821330407447,0.000174995421791546,0.000850987321052655,9.04372076420374e-05,0.00105904185320092,0.00222715458935551,0.00299150852672957,0.0703983791272976,0.000220528916811579,0.00214995279564119,0.000259618318801067,0.000461280183856308,9.42097902889118e-05,0.00102125804932548,0.000900745010365213,4.32768178865685e-05,2.66196336751903e-05,0.000887142288722634,0.00151846231990246,0.00108024497757889,0.0817221397704382,0.00145303543714047,0.00346248968546965,0.000418425541246833,0.0008806619998964,0.00280716098666025,2.66196336751903e-05,0.000318096456497159,0.122090785447007,0.00724381662445596,7.3838924742148e-05,0.00252400636798372,6.93095021517252e-05,0.00293095624024457,0.00316028879814478,0.00117137031173013,9.26372090903261e-05,0.0110556374061162,0.000831002406412921,0.000815365435333601,0.00199621645479102,0.00201805402871491,0.00782112615955662
0.00519059736976291,0.000247133049229617,1.53628823550282e-05,0.000188408784161323,0.00533498660663802,0.000247678665213877,0.00334321341717158,0.00400446492060746,0.00034574518658223,0.000247982057061628,0.00283060597660468,9.82573646274212e-05,0.00102195097206205,0.0168197422785622,0.0102746703548319,0.000484165270409808,0.00106014082868235,0.00646571742079973,0.000182599482732493,0.000190789431482782,0.00173080563509331,9.56018703901238e-05,0.000238436631830261,0.0414696737826167,0.0103493300320325,0.000159832045039497,0.00031681571365892,1.48564137059613e-05,1.30621608429225e-05,0.00205722753391009,0.000180534460801032,0.000190514584566944,0.000341853289008402,0.000116000894303909,0.000568367926133253,0.00220122285072482,0.0015168132518135,0.000126175939176305,0.0011245178058387,0.001594727051252,1.48564137059613e-05,9.60365689246691e-05,0.2678700857526,0.000250549469794739,0.000103720049025891,8.75758511059579e-05,0.0103564829841849,0.000646790233144522,0.00014111227869162,0.00156197581973041,4.01194940175478e-05,0.00649030969521139,8.65629138078242e-05,0.000106291539606419,0.000303041968441906,6.80380685664317e-05,0.00166654283766461,4.27749882548452e-05,0.000163141626002321,0.000390796429264685,0.00146941072231098,0.000651442649261434,0.000662474857660673,0.000586015218610723,0.0082289231847521,8.88636353199298e-05,0.0322013109615895,0.000226387408285472,0.00221674680805278,0.000356553928943072,0.000290757045316473,0.000391319209303416,0.00191808852558307,0.00043487143527575,0.00413625442453662,0.000505027537790051,0.0347344155410364,0.372785858324769,0.0008076062627655,2.97128274119227e-05,0.00469253724206783,0.00221577913486097,0.0638215390241318,0.00130369352788072,0.013006616891054,0.000346446576337781,0.000354864068973883,0.00129818394823696,2.70573331746253e-05,0.000557280259009157,0.00143010924448508,0.000392483842525424,5.4042896234729e-05,0.00293224387673996,0.000111897764233932,3.02192960609896e-05,0.0307386568246621,0.000118069994082786,0.000358850572607762
0.000162220691389343,7.11891145160648e-06,0.000146155985440537,0.00161161013995112,1.5281321462145e-05,0.00132178636619096,0.00528082818509926,0.000629535674260392,0.0011234332683438,0.00130465924963295,5.41900392707476e-05,0.000271981396101891,5.20112097159965e-05,0.000115407157556215,3.38768034748602e-05,0.00122794048869088,0.000972442639342102,4.4800465827503e-05,0.000502032224696878,0.000957547319566121,0.000104974085554038,0.000321220968252148,0.000911994290918873,6.43476139622633e-05,0.00169526815956683,0.00175695404687212,0.000537880685014197,0.000877452527660368,0.150842952985034,9.35598328509291e-05,0.00198245519003015,6.77536069497204e-05,0.000623132850773796,0.000385052570438283,7.68676830823041e-05,3.11629690362918e-05,6.89363558490753e-05,5.72287025106568e-05,3.16061414832221e-05,0.000234861357818514,0.000298527334703087,9.83162498740105e-05,0.000112013463379537,0.39406821939889,0.000315219484471712,0.000253740299627164,0.000247680432087734,0.00211251894326883,0.000622458310219515,0.00149275529597488,0.0317862334335937,0.110409253122439,0.000685027227653688,0.00540122730219402,0.000691226306633874,0.0511730702454693,0.0371395835848633,0.0148698026957433,0.000313704388670003,0,6.56666098318563e-05,0.00623567598303326,0.00356212686420489,0.000367920939149453,1.74601510168961e-05,1.4237822903213e-05,7.65637609757966e-05,0.00122585409807213,7.11891145160648e-06,0.011269580486305,5.40063743969736e-05,0,5.29628758380416e-05,2.9519144365358e-05,3.05626429242901e-05,6.34877802771052e-05,0.0210453893446555,0.000810751429380133,0.00103810810420078,9.2977410063576e-06,7.05148592918247e-05,0.0140585073358818,0,6.43476139622633e-05,0.00208525415650472,0.000457909017463799,1.4237822903213e-05,3.28333049159282e-05,0.0105826259385429,0.0139279737431914,0.000742389575990898,0.0794456641301532,0.000443171996326066,0.00047678191037432,0.000171329163008058,0.000322014942235059,0.00222112868711934,0.000150533944745758,6.53911125211954e-05
0.000274096638935214,3.97519551041663e-05,0.0257619172722249,0.00039939950025283,2.45017446982313e-05,0.00287419175722389,0.0792379682707189,0.000105425367588856,0.0436368323654795,0.015941059516791,5.38118130039088e-05,0.00888450276897006,3.97519551041663e-05,2.45017446982313e-05,1.98759775520832e-05,0.00154488629504098,0.0402786337471009,1.98759775520832e-05,0.0833509838894655,0.000172701049217135,9.33812116467769e-05,0.0115704050493041,0.00126483160913235,0,0.00231204767630656,0.000307985780540114,0.000100799600442707,0.00124953156265826,0.00018712753621615,0,0.010510805268533,8.87554445006288e-05,0.0271788253352948,0.0386650982901512,0.00218008941463857,1.98759775520832e-05,0,0.00368426568473077,9.93798877604159e-05,0.00279056749406853,0.00162418914703784,0.000624857872582053,0,0.000721261066054712,0.279926900428863,0.000173067678316408,2.93100683056776e-05,0.000536698307488922,0.00133325105928777,0.00144896693771677,4.43777222503144e-05,0.0140854334930521,0.0010937766443674,0.00100996674845024,0.000162260678595323,0.000856957604147214,0.0126096487299089,0.000122508723491156,0.000195736387386149,0.000396327792226669,1.98759775520832e-05,0.00168545052934064,0.000357354382859173,0.00281983541705731,1.98759775520832e-05,0.0424845866308555,0,0.00017288512185511,0,0.00526443817930309,4.90034893964625e-05,0.000147375581111984,0,6.88794669485457e-05,0.000760965997708327,0,0.0270432177022868,0.00046438342590042,0.0012500808580867,0,6.10476453385412e-05,0.00430114514998383,0.000699918352369786,0.000230680018882869,0.00507350598449228,0.00339261672985509,1.98759775520832e-05,0,0,0.000642170478792578,0.000862179250700859,0.00169720281028568,0.000127499603559901,0.000446935066943398,0.00291430412290559,0.169559675619379,5.86201366113552e-05,0.00498015555782411,0.000340319236980475
0.000245956055180857,2.50752352743034e-05,2.50752352743034e-05,0.000178565893877179,0.000590699419202183,0.00174138370993829,0.0144609907249479,0.0128619147710743,0.00199587173924386,0.00619606984424443,0.0109644948821779,0.00172301362541322,0.0117138833683805,0.00320915229021018,0.00207758623781935,0.000421223357088029,0.0241307630208763,0.00227243407572266,0.000612388815339258,0.000513693546643437,0.0121905821564931,0.000721180565874846,0.000560315537049521,0.000922514525444364,0.0122528814892754,0.000260115484073081,0.000330466806743236,0.000181747357461319,0.000281814041786799,0.00975626263454001,0.0039123101625697,0.00345409183476177,0.000739400545330812,0.000917775593830764,0.00574144490148168,5.00723849580289e-05,0.00419742099895997,0.00266846027617309,0.00155227411447863,0.0237018327807568,0.00957818661041561,0.00494246732221158,0.000836826935661456,0.000396056081669077,0.000161381172581971,0.225811786741546,0.00106633450333231,0.000278749706588526,0.000300434309748173,0.00146279736399706,2.19328144854521e-05,0.00907661537740432,9.08736787306595e-05,0.000112806493216112,0.071668480347465,0.000447743300605142,0.00795882051025244,0.000115870828414385,0.000259920270096636,0.000507534995028245,0.000419734813072503,0.000469754200681172,0.000783119164697205,0.00147232300721798,0.000112767450420823,0.000496708407923891,0.000202104380764024,9.71585203083621e-05,2.50361924790145e-05,0.000228638278835208,0.00218977283928826,0.000435412667198897,0.00262347899433413,0.0257272260281862,0.000966550280150494,0.0232867134926109,0.0584040659107301,0.00122801209161202,0.000994420919655266,4.69690069644665e-05,0.00480727572719222,0.00175350799568094,0.000225612986432223,0.00284409052130322,0.0330351720989546,0.000559026999987866,0.000147191862471102,0.000122233755582666,2.19328144854521e-05,0.000294422767737493,0.00238577094184716,0.00095046804351714,9.08346359353706e-05,0.252174975507538,0.00292442923564984,2.19328144854521e-05,0.00368327965841507,0.00197996836554416,0.0563190872166876
0.000602879139869862,0,0,0.000556362631099937,0.000944645146129884,0.000545695331764033,0.0112998794660548,0.00248377924328952,0.000225545709748428,0.000257418388101088,0.0750955098153314,0.000424491874385776,0.00713346672735678,0.025733262198067,0.000998083353421108,0.000432716974275989,0.00148245395084486,0.0800377702849168,0.000299080261862594,0.000264263109866802,0.0077480171772649,0,0.000145405552937612,0.0530881564491688,0.00818921524510747,0.000367213154876936,2.96546099650317e-05,0.00015422922602189,0.000265133026991552,0.0079581373037004,0.000765377521879123,0.00120618357718158,0,0.00030984996560701,0.000810971870624832,0.000279640838545071,0.00182690057982283,0.00149941076105276,0.000622967991687303,0.00480000222178714,5.98637370269705e-05,0.000985854907202996,0.00818027737306898,0.000466058836744271,5.1594581039599e-05,0.000762979378530591,0.285752027958215,0.000290495012050574,5.1594581039599e-05,0.000423654877919453,0.000102634644982291,0.00629779574248595,0.000262503953376263,0.000136581879853333,0.000911627564288559,0.000365138598358554,0.0075387412454376,7.29800350172593e-05,0,0.000669536049559887,0.00118724257748923,0.00119823988127573,0.00725119179976013,0.00171391975935612,0.000431975583009483,0.000195524150652894,0.0206981978026469,0.000145960070034519,0.00013284377204423,0.000243193055916985,0.00422351363808558,0.000628608074059385,5.10400639426919e-05,0.0013756626998203,0.0113417578044197,0.00327566922143569,0.0504654386196916,0.0158589193100695,0.000447591734960011,0,0.0534023786355203,0.00213393390384814,0.00563842588017418,0.0065958461670601,0.0115321539641227,0.000376591345058122,0.00171996737797184,7.24255179203522e-05,2.13854539776603e-05,0.00072527486971369,0.00060477362142734,0.000393317224999269,0,0.00835633127848126,0.000274511217172738,0.000305506485395147,0.173742699053,0.000481359588666955,0.000490917160012238
0.000413545909091415,2.23244625431616e-05,0.000451625066391438,0.000382069613906611,0.000172957460556365,0.0645435889826204,0.014294267016923,0.00068965947426431,0.00288814664404348,0.00518773386987846,0.000181411769739259,0.000266216310321362,4.13365324326299e-05,0.000335805874904055,0.000222530409813752,0.00682757578722798,0.00188638948539802,1.90120698894683e-05,0.0010785196538212,0.00100111505869284,3.09046289594006e-05,0.0015080095720484,0.0028901142720559,0.000104761925122219,0.00309079257075985,0.0016881348350642,0.000334709584332739,0.00369634451901634,0.00346922276077299,0.000939161788338714,0.00819527141960424,8.71052690300144e-06,0.00208459695914764,0.000487755961352551,0.000243010544059181,1.90120698894683e-05,0.000143882355472472,0.000825451885579274,0.00020668266216315,0.000638231882444092,0.000228746403732786,0.000614330931346667,0.000144504535965544,0.00599003464563317,0.000558617898018259,7.8630344413215e-05,3.97455163491645e-05,0.171576056388221,0.00124493377303685,0.0107196462160805,0.0037265091045999,0.241286490180382,0.00374213490191287,0.033228636269591,3.1034989446163e-05,0.00271023788909511,0.198570220707597,0.00151488373319898,0.000528492236484278,2.23244625431616e-05,0.000131280084038093,0.00764083946308316,0.00432239382875442,0.00534310971422269,9.6326923614967e-05,0.000222331825131256,0.000126095338893505,0.000567089917129218,8.08213278082696e-05,0.00544768975991782,3.17653172445146e-05,8.71052690300144e-06,1.74210538060029e-05,3.26260055296285e-05,0.00010231022075364,0.00011417766113625,0.0351091302628729,0.00151791869962374,0.0468149052285112,1.80432342990744e-05,0.000276363971881321,0.0143095560842568,2.14637742580477e-05,7.37269356760563e-05,0.00595936931772691,0.0162023679966768,1.11622312715808e-05,0.000141922471110202,0.000764139227813223,0.00657238147870026,0.00109610040006539,0.0368051722833451,0.000200336307757352,0.000400422208806279,0.000153106915563265,0.000335633993560168,0.000452455855842789,0.000191369563134244,0.000221157286088424
8.81958742018354e-05,0,0.00076037470212357,6.87883003113662e-05,9.71338317957931e-06,0.00142701762446618,0.00850218835506568,0.00198777594630197,0.00149085352009715,0.00494810781068588,5.60250593800462e-05,9.37509722496487e-05,3.7162102945245e-05,6.05806535389677e-05,3.88535327183173e-05,0.0129336598339158,0.00185380005220765,3.77259128696024e-05,0.000863262784986435,0.00063180709615423,3.65982930208876e-05,0.0030304783434211,0.147154565482032,0.000117752525236418,0.00156456356698958,0.000161180844582346,0.000162084386127791,0.00687908053024094,0.00138997117483875,8.23461592969971e-05,0.262503891793342,3.7162102945245e-05,0.00167750277063039,0.000330447949803952,0.000103695163559182,2.70514107385102e-05,1.94267663591586e-05,0.000340660835675137,6.11636559320146e-05,0.000295457586854695,6.51746326352681e-05,0.000229469642202107,6.37970121879103e-05,0.000295842433239844,0.000194146277458447,8.2512660194199e-05,0.000155798977258418,0.00159637446071023,0.250374444752565,0.0015398177450222,0.000520782403578403,0.0235181757076555,0.027082089525831,0.00015610655526313,4.5350557248954e-05,0.0017273700385952,0.04532318853935,0.00085244097442683,0.000129932763774691,0,0.000393437881295545,0.000401812028965145,0.000440390137295127,0.00306857240273556,0,0.000321631378343134,5.3539011552663e-05,9.05346136007061e-05,5.61915602772481e-05,0.00449438937627087,1.94267663591586e-05,5.48974395313314e-05,2.28739331380548e-05,4.68754861248243e-05,0.000563352296142948,1.82991465104438e-05,0.0180501391843687,0.000186502440610406,0.00134984944366989,0,1.67742176345735e-05,0.13889291982659,3.86678393524259e-05,0.00024626255379969,0.010499001461592,0.000901437352968258,9.1495732552219e-06,5.80946057115845e-05,7.67910612491838e-05,0.000120219380595112,0.000256104551444772,0.00101751140957929,7.94628024424584e-05,0.000852325321109013,1.82991465104438e-05,0.000873764056393642,0.000284789814550286,0.000221575804755423,8.65941754512073e-05
0.00108497660271045,7.14350612056942e-05,0.000122244617706071,0.00140696266317304,9.42152926579272e-05,0.0022814397242152,0.00685646081446506,0.00305837063024524,0.000657587216621277,0.000869995299495443,0.000165523850507494,0.000454650504528687,0.000248168144190387,0.000245675725641942,0.000540341519995068,0.00106910345775159,0.00196390797850154,0.000104387053969962,0.000398044384796873,0.00179773125584771,0.000221601508807787,0.000288233586335606,0.00051561070296236,0.000215796517557497,0.0208344080863789,0.0010906617962145,0.000958673945656812,0.000798847285009953,0.000761992587498628,0.00047181500323266,0.00108737251250092,5.73284005223199e-05,0.00021577660623077,0.00026245098619368,0.000494481597229872,4.83907906405717e-05,0.000296023182024415,0.00269321974847915,0.000692284162513281,0.0016963881056,0.000159941035950089,0.0013270199012859,0.000183352424592974,0.00176732699691735,6.87472698704932e-05,0.000177623448170386,0.000114799838065962,0.00420844048192537,0.000196357123582922,0.362159814400684,0.000868605284280952,0.0128442939907265,0.000417929184964573,0.0020095146324701,0.00019336560217769,0.00108471886801339,0.0130041371082884,0.000349817383485599,0.00183089088169304,2.85036140521738e-05,0.00090313222026431,0.0153185883993155,0.0464935382760619,0.0433332856651243,0.000140792659535755,0.000123686909706107,0.000103478560699737,0.00230844690610981,0.000178491482763745,0.00051524862837365,4.87925064732455e-05,1.94559562030418e-05,0.000199228911236728,0.000187751252022663,0.000239829231629042,0.00011049211995449,0.324634603387672,0.0018274115712126,0.0399702129565617,3.6878921892262e-05,0.00025659190951396,0.00398766360930638,0.00016715211274453,0.000242448274654975,0.0231468673812939,0.00845088908744683,0.000152973422355126,0.00091689999722912,0.00038628191432028,0.00466490211763258,0.014339560645967,0.00175736680027917,0.000541280328382609,0.00183706212147657,4.41331101502861e-05,0.000222466883746161,0.00100104950071598,0.000418173799089516,0.000585112079868637
0.000275137494758501,3.67823337770019e-05,0.000585086841127379,0.00442923397574896,4.8934767491418e-05,0.00231018364485812,0.00270898741627142,0.000311686309944263,0.000730404603920909,0.000859451500548204,7.01155348482502e-05,6.36085708599028e-05,2.69345812941521e-05,0.000156904056680083,3.83549026684631e-05,0.00120653796666186,0.000422590284671943,1.14203213743111e-05,0.000202571066587773,0.00230334901852215,9.94631415852198e-05,0.000481899423631412,0.00133200056329072,0.000248790391541862,0.00569407142151537,0.0126197985592445,0.00063362594938409,0.000586003859919557,0.036203538714134,4.40214101054544e-05,0.00272641212574708,4.56812854972443e-05,0.000498851460823446,0.00012971379206354,0.000273481300966123,1.22607779256673e-05,9.05431521540549e-05,0.000213837286729576,8.65081191991081e-05,0.000602322286339413,0,0.000239940878442287,6.20360019684415e-05,0.0741803899605847,9.88183357454434e-05,0.000114203213743111,1.14203213743111e-05,0.00573368513064382,0.000705685819529675,0.00487913962428276,0.307290652080011,0.0940491364935934,0.000702658492927919,0.0321807574458164,4.56812854972443e-05,0.0120803495006336,0.0341744922186508,0.00256592707499457,0.00094244369230938,0,4.56812854972443e-05,0.0255352877054721,0.008523243824092,0.0011022156397963,6.28764585197977e-05,0.000167165650990653,0.000239026263959929,0.00344777028856724,6.52894839626152e-05,0.00506500426895352,0,1.46738033684848e-05,5.79420634229116e-05,6.93376654868886e-05,2.69345812941521e-05,5.79420634229116e-05,0.0458652828196666,0.000844490532425626,0.00364059015073836,5.21882494855917e-05,0.000130557930214308,0.00786634971561947,0,2.93476067369696e-05,0.005729708402202,0.00155997361393194,7.10432978999351e-05,9.62969660913747e-05,0.0322638598601558,0.123739121757511,0.00303545557325669,0.0792862095676337,0.000850440297613253,0.00038856283914025,0,0.000271758838384338,0.000148506253287889,0.000137085931913578,3.42609641229332e-05
0.00033200213415591,4.14418234484816e-05,0.000596196903843516,0.000491494537283664,7.84890844026649e-06,0.00545771418810209,0.0126214580787746,0.00109707047388135,0.00256112324904661,0.00395583816355155,0.000168149895593014,0.000336725307598245,9.19730115595071e-05,0.000548080225727319,0.000112343945347457,0.0125017143575641,0.00259590241810764,9.95839026163843e-05,0.00100327588868974,0.000481546904040677,0.000722203091474391,0.0010494450441365,0.00306364201360974,7.89491533874418e-05,0.0101678481079165,0.000443767592037323,0.000212813664292376,0.00367902551742274,0.00479111060329025,0.000920960636150326,0.012180164476368,0.000100782632952393,0.0016572569969342,0.00122327569279076,0.00039255490055387,1.51134669489451e-05,0.000181508227070066,0.000724762421498276,0.000203266465436573,0.000562740910112276,0.000134967092048963,0.000472833469532478,8.43415043495712e-05,0.00811421785723711,0.000682283986510523,7.5152894311072e-05,8.76326329168183e-05,0.0100294660653598,0.00116101325706703,0.00377275437964643,0.0017669197556013,0.57805144226475,0.00352891311974747,0.00283637100730275,0.000246085244521945,0.00438944285084473,0.147259893019198,0.00166784035372813,0.000251944657081416,0.000128210027090536,0.000400828661673282,0.00179662195951496,0.0022397347182433,0.00180977705135428,0.000113371419822358,0.000493639846515122,7.0033743700652e-05,0.000390499624118268,6.89992851791844e-05,0.012200255632617,8.21651227905886e-05,6.55973355713155e-05,7.06512055085037e-05,0.000208629907485173,0.000212887693396332,8.32301138224431e-05,0.0506696076034177,0.00231044076039731,0.00410819758358297,0.000136215534193499,0.000129143969432042,0.0287594971408385,5.66921257769618e-05,0.000440351585848521,0.00778673378487791,0.0014242135446027,3.04615338043308e-05,0.000153191338633808,0.000541802123534475,0.00272228934575278,0.00226808201346553,0.021921956907676,5.7995896635515e-05,0.000924396092888075,0.000130832501062041,0.000876698722509471,0.00147196766160977,0.00025432381195106,0.000303583725594897
0.000156951452431648,1.72081775981032e-05,0.000997150742534493,1.55764165089959e-05,1.55764165089959e-05,0.0103906613492739,0.0169022912104139,0.000297533074378948,0.00299877572195813,0.00857032356955916,0.000687033758183693,0.000252022079626872,9.95908604379711e-05,2.99157549013179e-05,1.72081775981032e-05,0.0423589168771698,0.00122621846528768,5.81997487135285e-05,0.00128655071646149,9.71167042046235e-05,6.39349983067989e-05,0.00543497499024452,0.0255621347477652,1.42077774015109e-05,0.00168711628679803,0.000128664220195049,5.27276211018804e-05,0.0448003804067024,0.00194489082014774,0.000222782953021372,0.122285942375809,1.72081775981032e-05,0.00362804894273608,0.00093068187954467,9.37216210355976e-05,7.10388870075544e-06,2.58122663971548e-05,0.000941533839672874,2.41805053080475e-05,0.000311123931934316,0.000182394538448435,0.000320008144443033,2.40489443172363e-05,0.00204507046661997,0.000385108368325371,7.10388870075544e-06,2.99157549013179e-05,0.00406245098790163,0.0297803845114174,0.00295788717321858,0.000165533479464549,0.0634861429711829,0.164751944839461,0.000842382392944213,6.23465511438971e-05,0.00122883612420177,0.35588756674908,0.000581332395726353,0.000500825570213928,2.84155548030217e-05,8.56437761997907e-05,0.000750260755958403,0.00110318829392374,0.00237473174696263,7.10388870075544e-06,0.000156795400856394,7.10388870075544e-06,0.000174158820423654,8.60408879905161e-06,0.00704138893165762,0.000116399497427057,2.54175834247213e-05,0,2.97841939105067e-05,0,6.69378273216832e-05,0.0173870159417693,0.000784491104153755,0.00290705483999048,7.10388870075544e-06,0.00012714519675499,0.0303547557115177,7.10388870075544e-06,9.64564704322756e-05,0.00401235600342664,0.0024057645558767,7.10388870075544e-06,0,0.000364421110925647,0.000515820284742015,0.000342274336134016,0.00450749064998113,8.83810544147607e-05,0.000649306316451055,1.57079774998071e-05,0.0012103360176739,0.000171401099654728,0.000102194148843838,7.10388870075544e-06
0.000548541287943535,6.6283550780116e-05,0.00187340503750862,0.00280483869730459,3.71900916637533e-05,0.0112614446439638,0.00701349237713082,0.000655744459322986,0.00112201680178778,0.00112630426180276,0.000128450367238687,0.00012355584535406,0.00017657456951076,7.8043940889389e-05,0.000165415278648913,0.00366768644318244,0.000889480467308818,9.11234394792345e-05,0.000525789655570156,0.00137771199140069,0.000104251430006951,0.0011533007031893,0.000742389148131449,0.000102695854880787,0.00282251044933823,0.00842969888376294,0.000682151209540333,0.001983335304557,0.00544633273213761,0.000136920302527368,0.00220069750863437,5.25146087850166e-05,0.000715731328928374,0.000247160182645992,0.000124333632917142,0.000109786903358961,9.04824880118518e-05,0.000301409671125436,6.47279756539521e-05,0.000822125500242702,2.89566230206635e-05,0.000533704367296675,0.000110564690922043,0.00950128735134529,0.000104892381474334,0.000271131323371592,9.58412730482053e-05,0.0593656721228996,0.000349716585178472,0.0096341673515023,0.0487694869230484,0.133513504774252,0.00165868340588893,0.162204807241018,0.00029308524207191,0.00312913753659457,0.0399559622910666,0.00333060912646023,0.00123005154601648,0,0.000436321421766978,0.0879754436027084,0.013855565619163,0.0030203521408182,0.000150315941781177,0.000231787173586857,8.63657536903069e-05,0.0053576982615347,0.000189061608571094,0.00614814009958496,0.000337046473624606,4.28624011114621e-05,0.000118572979311605,0.000120216898595597,0.000117894822298415,0.000239656009628112,0.0369843828181087,0.000962575340488861,0.032303768480293,7.51579708905885e-05,0.000236140374553993,0.00702922593795923,7.10412365690436e-05,0.00044845962569762,0.00315674013155043,0.00730508811966569,0.000128362023080859,8.8149125322606e-05,0.0048961305540356,0.131749656111452,0.00341127778583801,0.116110307799769,0.000481519801820294,0.000960930699779731,0.000206582652285904,0.000201688130401277,0.000305435445036545,0.000163216135802759,0.000149951309179343
0.000144255073613834,8.64063309797787e-05,6.9663914498e-05,0.000334539107389349,0.000201835548663786,0.00139225800201951,0.00879782398486554,0.0103257404664129,0.00476442574915049,0.000707805254762468,0.00435938643237804,0.00105291520370738,0.00381671160923621,0.000966414055753471,0.000198891605011653,0.000159763175110369,0.0851686535842576,0.000869807097618503,0.00163619961898756,0.000402094590994093,0.0300180372498615,0.000288169978796717,4.48192864311474e-05,0.000646433949098228,0.0121002679052604,0.000122450267263527,0.000333339448981956,9.57428575500961e-05,4.48192864311474e-05,0.021960095780519,0.000919900629150721,0.025102632159336,0.000635773198966825,0.00320263710587978,0.00384020481560197,7.61283982630323e-05,0.00133163871671166,0.00153230724062861,0.000301281351169613,0.0135870984198975,0.0400477623200101,0.002058356139599,0.000704753394805498,0.000352540480111082,0.000545640739920028,0.0623622245030908,0.000650069454920615,0.000227732086873051,9.54399333881416e-05,0.0007460495534326,6.89003025859709e-05,0.0102105741920358,0.000137800605171942,4.681721332842e-05,0.293468089966146,0.00221066233672357,0.00717857987838335,0,7.48940832777887e-05,0.000655142009007211,0.000326707186305663,0.000329521389421811,0.000462970552330407,0.00162575375846463,0.000112945961781949,0.00160134212369142,0.000164800923724187,0.000230661404593613,9.24001116715965e-05,0.000318897883559404,0.00151611542047275,0.000715444606785255,0.000235430885623327,0.0706247252200577,0.000535874701116778,0.00881486511195398,0.0774488989272423,0.00097915955735042,0.000178200594327466,4.48192864311474e-05,0.00217002037790865,0.00089095773496248,0.00011982387370492,0.00138021417717924,0.028225654815697,0.00049580688798635,4.28213595338748e-05,0.000519379392025101,0,0.000155599542404564,0.00281978564905045,0.000746049404537673,0.000193674039246151,0.0725613413896527,0.02991186315772,0.000183383503515118,0.00622272817546317,0.00500120214859803,0.0185187611198879
0.000300576962813234,5.14708830591124e-05,3.01430240949932e-05,0.00100357790752052,1.22424154095781e-05,0.000388764010374176,0.00372433909366307,0.00023567790473075,0.000722075786230318,0.000701244172040889,2.30957875323002e-05,8.72721004299426e-05,0,2.11384163234567e-05,0.000537159415356964,0.000890246532874803,0.000256186546662554,3.06060385239452e-05,0.000312504787726502,8.87419794998033e-05,1.13163865516741e-05,0.000136592876274927,0.00096965083714443,7.95479290876043e-05,0.00202300249907777,0.00133266224933956,6.86730759199583e-05,0.000209475747445785,0.163203593903418,5.65819327583704e-06,0.00145656591040448,1.79006086854151e-05,0.000360431876937212,0.000350835494564474,0.000100032241659135,6.50777156957579e-05,5.00573620622256e-06,0.000104330809405081,1.67851371868486e-05,8.16139071541056e-05,2.50286810311128e-05,0.00081451572464679,3.26229128206271e-05,0.0593074176900822,0.000141433647550518,3.48751885129262e-05,5.4245676268202e-05,0.000725497948112331,0.000507370131259355,0.00160804194645697,0.0062669976058888,0.0556010863432996,0.000715546920808686,0.000806071760279789,0.000109331753914128,0.579193125181389,0.0199572495959103,0.00527481888633725,0.0001267528071726,0,0.000350438072980916,0.00285987824096329,0.00272109679779954,0.00126340098146505,1.74375942564631e-05,0.000162575357238597,4.97869352888007e-05,0.000424774801447797,1.00114724124451e-05,0.00479655549677502,6.12120770478903e-06,0,9.0488575372818e-05,0,8.87419794998033e-05,0,0.0130587807144997,0.00022869781126842,0.000429432271762697,3.44963032316013e-05,5.19338974880644e-05,0.010783223827141,3.24548028751308e-05,6.73332847526794e-05,0.00352708171413113,0.000213848860945006,2.50286810311128e-05,9.28811899359603e-05,0.0131823372371315,0.00462402810345442,0.000658669438245413,0.0278155597312383,0.000118885003594796,0.000354300418264162,3.76499817220159e-05,0.000167846728521068,0.000203753407734692,0.000114258152669899,1.83636231143671e-05
0.000212676408901616,3.06062329384698e-05,0.000599169744447782,0.0003147130455482,3.83175462872036e-05,0.0171654993513289,0.0181954252920284,0.000551320803126293,0.00314978401387868,0.0127902786625779,0.000215487698341684,0.000408621850306672,0.00014219067365362,0.000692204311058927,0.000177442184326318,0.00777703194705749,0.00147821826285887,0.000102502168612295,0.00103187546577796,0.000466993150627074,5.72296139328285e-05,0.00161611288475669,0.00265576743540541,0.000108702601572857,0.0035724924145444,0.000250971085500484,0.000193927427039564,0.0103726751183354,0.00294716845059275,0.000132933267681232,0.0130532944876215,2.84731770039661e-05,0.00273631615804788,0.000858068222123108,0.00015089373224216,4.25733948098612e-05,0.000128201066537485,0.000632242687127576,8.74126299426206e-05,0.000336063005242389,0.000100856917865089,0.000412100356807418,5.54165128397726e-05,0.00356893605881812,0.000558994012447625,0.000102463443208133,0.000105895011556885,0.00678517913320822,0.00175069807379181,0.00179523968107256,0.000544419284220373,0.0963254455836553,0.0106376006332491,0.00115871739775548,0.000114210348389605,0.00300032024635661,0.696822486782234,0.000485570136074024,0.000106528985674557,3.21740022426097e-05,0.00027451284944044,0.00102104171631957,0.00101343959224901,0.00286343389563261,3.12519348452775e-05,0.000272424937224387,2.56527053487307e-05,0.000248387782589261,5.46288444251266e-05,0.00279550675134366,3.07898147056494e-05,6.63432323410397e-06,5.73027304053933e-05,5.85040492963221e-05,0.000135340371733444,7.57961362960887e-05,0.0232327861350865,0.000817897568661611,0.00285866157119936,0.000239459580603587,0.000133327341821219,0.0133696153963155,1.96670293999957e-05,0.000264320671195524,0.0043660225634152,0.00283420490766812,0.000123178030346337,0.000287874888643902,0.000197628779973842,0.00127824010427041,0.00158902218499294,0.00660159577107292,9.27704089246892e-05,0.000604327463527362,4.07277926356953e-05,0.00112043252208876,0.000656949325365059,0.000253115169446431,8.83960830439219e-05
8.73081583078802e-05,4.7856099956802e-05,0.000186283748155077,0.000841172090175521,3.61886684174854e-05,0.00125779046129795,0.00554070334406729,4.89771890005862e-05,0.00106255801014631,0.00146658478890125,0.000111764110430298,0.000135264135462442,6.39080104734957e-05,2.9861642945819e-05,6.27869214297115e-05,0.0145381771054507,0.00204677137416399,6.39080104734957e-05,0.000726019446565541,0.000194832942360601,0.000183354582256772,0.000223528220860595,0.00507496393138723,0.000100096678890981,0.00147079636219218,0.00104783762602895,4.68348881107775e-05,0.000835875602943558,0.160401567434743,0.000125573842859423,0.00354462778716449,0,0.000934351806801956,0.00038232697379719,6.60503113633044e-05,7.976016659467e-05,7.0235035945162e-05,0.000308929781682548,0,0.000621663431943273,4.7856099956802e-05,0.000330973137069267,3.61886684174854e-05,0.075430258353295,0.000999442290946722,0.000312157222607779,8.30235565282629e-05,0.00420115358955873,0.0029525397626665,0.0016613233933767,0.00516460408377999,0.156444810569025,0.00264662410185013,0.00539490010112987,0.000223593505616347,0.0149058275857044,0.0403012544181862,0.108312666071476,0.000900918663789557,0,0.000126694931903207,0.00226383923038511,0.00134461924297074,0.000520870438847876,3.40463675276767e-05,9.79543780011724e-05,3.61886684174854e-05,0.000762211704231503,0.00010223897978079,0.187744317551944,0.000168234689348375,0,0.000127816020946991,0.000168289291144094,1.49308214729095e-05,0.000135264135462442,0.0137627158176468,0.000303353672211017,0.00276730096626863,6.27869214297115e-05,0.00012985844463904,0.0709958934005078,1.80943342087427e-05,0.000228979187086037,0.00352027018610269,0.000314145044504109,0,0.000167302671740078,0.00439404503111161,0.00339412262872302,0.000911440051116549,0.0794783102033649,0.000123631296365134,0.000707308665996432,4.99984008466107e-05,0.000195808878804585,0.000211960666519038,0.000147952778847783,4.99984008466107e-05
0.000427051761056952,0.000913102848731602,0.000304040276068161,0.0263964141935203,0.000385091624901985,0.00198371493989364,0.00493075610648337,0.000991848641432968,0.00133676860545995,0.00163310561941625,0.000187539048529388,0.000256651053992038,0.000155802737299652,0.000559365395439151,0.000401915420941193,0.000798690900844004,0.00177199943416659,0.000409076271950585,0.000492252214490999,0.0254445985870415,0.000199466891137171,5.92948567823567e-05,0.000428385228315221,0.000309075016413017,0.0192750063446556,0.00493998145336162,0.00660201307769129,0.00124170699582419,0.00388858343726624,9.21099223852409e-05,0.00242532238863089,0.000151914998563073,0.000416827142506487,0.000412070134713541,0.00108599032151242,0.000382631001201293,0.000492353447058355,0.00114400611064505,0.000594434068734174,0.00109475171734635,0.000218380690160266,0.00241846657768396,7.91140325424673e-05,0.00292647009441036,0.000353495776268675,0.000386855581697215,8.10398480704327e-05,0.00194438271910371,0.000696779246515517,0.0139146469062303,0.00252007229401972,0.0150703399216645,0.000553182066235552,0.00153854267626006,0.000361954057148208,0.00213977997486815,0.0148031155007167,0.000322954075091256,0.267334862520213,0,0.00279552585810203,0.0153901615783645,0.0855381539230569,0.00415366280258147,0.000424253483831679,0.000169298139399743,9.38508595136815e-05,0.0201326802052975,0.000894923377532577,0.00151063896268564,5.57907746239258e-05,0,0.000569751079097118,0.000182966919135967,4.45580298111425e-05,0.000179810385875035,0.212605986186454,0.0010304189457182,0.0045657874956286,0.000424405447191496,0.000168312221038974,0.00419982543377584,0.000299525668631704,0.000133326540535928,0.00977734029796758,0.00297228120858107,0.000352438436171842,0.00188055321698148,0.000836684255456579,0.0368393234121013,0.114410526835859,0.00263700933745452,0.0295341377813265,0.000502579582566767,0.00021538682739731,0.000218775847501807,0.000782100403413601,0.000384291396705981,0.000412812047327347
0.00259879827619237,3.64078736055132e-05,0.000216486714166812,0,7.28157472110265e-05,0.00059308290758126,0.00793410506386213,0.001396992564892,0.00290572807192679,0.000292921957584234,0.00632640209867043,0.000150909959368577,0.000473382297636344,0.000454903317113552,6.91962510046304e-05,6.79187817553142e-05,0.00202013161700457,0.00709692896754968,0.000110882589556668,0.00016674535420815,0.0135876378313594,0,9.83651321973516e-05,0.000901538701278927,0.00877553068458571,0.00547011778512316,0.000863572378508666,0,0.0012159734309799,0.0543115536876538,7.28157472110265e-05,0.00266915168955294,0.00022951864179382,0.000265110486405501,0.000260133580185117,0.000479503702329165,0.000182039368027566,0.000918961830513871,0,0.00200283275212659,0.000185357305507823,0.000101984628403748,0.0049062718271085,6.55767547982344e-05,0.000834693183651292,0.000918731506132488,0.00447099832093194,0.000116161054503192,0,0.000225384675319732,0.000163941886995586,0.0069381309917383,0,0.000375177046968337,0.000952504500474697,0.000207588753013891,0.00213015385397511,0.000199533731607267,4.16863385520375e-05,0.288487779346316,9.83651321973516e-05,0.000250118031312225,0.00335395119048753,0.000944455019517109,0.000534443586469678,0,0.0020379718629027,0,0.000145631494422053,0,0.0618344159140954,0.036590324549755,0,0.0093773255525308,0.0292753425039465,0.000973076979240637,0.0351439428391645,0.00555920108219862,0.000695094446737472,0,0.00104648713748403,0.00104461525720235,3.64078736055132e-05,0.319915561289846,0.00716214084420421,0.000274008447558422,0,0.000312891318897895,3.64078736055132e-05,0.000244839566365701,0.000780693592861576,0.000250934060306057,7.28157472110265e-05,0.00485038610916815,3.64078736055132e-05,0.00100715153230899,0.0381452871890737,0.000328433861431243,0.00103011669356606
0.0100402190547486,0.00112224921409879,1.50919938842669e-05,0.00127802221573339,0.000415376452584064,0.000186880855054401,0.0034543113039442,0.00641571679425824,0.00115925206542518,0.000154671418040114,0.000247514446357025,0.000131717057210113,0.000216986023799223,0.00099356691443151,0.00139637722518586,0.000287581451102902,0.00131342018110828,0.00011574459963137,9.57092446057358e-05,0.0154491197447121,0.000241153852732527,7.31425096522545e-05,0.000382688573554208,0.000268545805946059,0.154217319847296,0.000306401506073083,0.00268795084603003,4.64004655692053e-05,0.000514128383133028,0.000484303144994019,0.000407860555705094,3.73951483496886e-05,0.000146070157776999,0.000111544931021528,0.000545051264218942,0.000179884556000757,0.000888914375300487,0.000830570178981278,0.00552757954222399,0.00154787580790184,0.000327352943345405,0.000430889665003815,0.000235354031511605,0.000371109779228344,0,0.000230532680481202,5.47333461301163e-05,0.000986662807873091,0.000242801639779649,0.00321049386399283,0.000219789488734666,0.00457408496076641,0.000153498943822312,0.000389992220302307,0.000217469265028937,0.000486331075728997,0.00233411990222981,2.65319817696837e-05,0.00113844352023669,2.70796443806764e-05,0.194562010899724,0.00156615559210332,0.00556213388627279,0.00220685373175266,0.000652510821050789,6.43527826194002e-05,0.000195452956623097,0.000710246213263938,0.000644987148311434,0.000194095144821805,5.48289614833101e-05,6.32866160918342e-06,0.000274806916987715,0.000365876442841146,3.60558029057738e-05,0.000299627338026022,0.433299070507699,0.00368063718562814,0.000982723308117635,0.00207528295949156,9.45659290823533e-05,0.00120360498534384,0.000281898102735401,0.000145496100408236,0.017947735480099,0.000684065864184714,0.000787016725300121,0.0180617884807637,9.10019752859041e-05,0.00119322062418896,0.0781233287264462,0.000264101023205534,0.000395539162756458,0.00154448289948122,6.74862847016769e-05,0.000212814785224647,0.00110087093068706,0.000304744120597671,0.000470619069452065
0.00081134221872904,8.44597293488565e-05,2.56665761826049e-05,0.0108180167967668,0.000153144647610479,0.00438747441245841,0.00852371640537678,0.00146302344963111,0.000798287147642957,0.000259241057358505,0.000411891067751854,0.00106394336733968,0.000761768740638538,0.000189594910743571,0.00023174264701592,0.00122613471168645,0.00139442245689196,8.2721943267049e-05,0.000284092921846338,0.00191104872205235,0.000395698378493938,0.000204464978071805,0.000804690067556934,0.000183317781922101,0.0143731979225307,0.00737168036012426,0.000682352923087354,0.000363403681206231,0.00331111685100506,0.000304277848046419,0.000868409956603473,4.25862446516544e-05,0.000291165390138234,0.000143996795001479,0.00045259220279278,0.00011888513292111,0.000469206467154764,0.000850232149818609,0.000266740114353614,0.000907495297029119,0.000124199991792958,0.00091937644139409,0.000227215223952351,0.00324826858185456,0.000165150402103125,7.22125078917089e-05,6.27528402237011e-05,0.00829814217973636,0.000193147241953634,0.0320361532765023,0.00640148736512685,0.0291059135743265,0.000677946523245855,0.0327500330680193,1.965728798434e-05,0.00615229205307328,0.0103321554539967,0.000811040691267399,0.00314167582762503,7.28747430898962e-05,0.00102632616791706,0.322610044462532,0.11187568817604,0.0052719788365212,6.55152013189687e-05,0.000117515507124102,0.00011011989457952,0.0184539568526664,0.00011520610839075,0.0021937542101056,6.278399275562e-05,1.36479997860751e-05,0.000244620500025441,8.60445878201835e-05,0.000118203525498577,7.193184536462e-05,0.134807624826805,0.00165696249916345,0.0426165705191941,7.193184536462e-05,0.00021250553678285,0.00584197540921198,0.000311824455380159,0.000830339075970774,0.00585628178588878,0.00759799517724592,5.18672015328936e-05,0.000435592349745753,0.00121280576311967,0.114220438878899,0.00873459038606496,0.00741745827959573,0.00100237031831773,0.00112192707180661,7.5688080055324e-05,8.80303911869549e-05,0.000852665021725917,0.000261399021191583,0.000184878489295867
0.00105975289465525,6.03611882312717e-05,0.0002243000906977,0.00759183686597501,0.000231683685356116,0.00125841641310464,0.00724788689346142,0.00236729203191808,0.000937454569230032,0.000386191935525249,0.000482168748282682,0.000393260968013806,0.000309946729748713,0.00120953593377717,0.000467242131230598,0.00180194119974474,0.0018333227961527,0.000101861737864729,0.000209554335377091,0.00390320762475659,0.000169066509161817,0.000200574353583525,0.000716431171567756,0.000162262404640574,0.0268090084737342,0.00286752045183014,0.00119911622314711,0.000596421420376364,0.00241708834085429,0.00033587679686531,0.00241425561593719,0.000198092020273524,0.000103795480909379,0.000209343047503643,0.000470623719551013,0.000236335484530196,0.000249314425330089,0.00138101674269624,0.00117802890718364,0.00147262148721452,0.000217461208459123,0.000657144698765239,0.000236678307559655,0.00261068148432762,4.73317050153726e-05,0.000285443938518185,0.000151406763046139,0.00337185480846273,0.000489600133759712,0.0608881535618975,0.00168293964596845,0.0141975010086102,0.000640683560524901,0.00411919397780643,0.000156717447101562,0.00187555093338844,0.0135444808421468,0.000186351876686532,0.0175506799739482,6.46191462479037e-05,0.00349789385304101,0.0492859945041478,0.315925290662747,0.00792414499285426,0.000134213094159596,7.56733341667624e-05,4.71084954032166e-05,0.012430539192797,0.00033019805048477,0.00175753434404687,3.4356515600888e-05,0,0.0010999872666798,0.000154245523955445,0.000189761379786079,0.000111336607590796,0.281093352288075,0.00183410355329041,0.0124339435479001,0.000722510210156652,0.000148788217934913,0.0042361230740954,6.39247918847194e-05,0.00073309686992483,0.0169568421191846,0.00444035349467755,4.74986093572814e-05,0.00140074624108377,0.00060044214915229,0.0283794690834431,0.0491900188937524,0.00168093041853212,0.00186796778389619,0.000911684501892345,0.000220777501345675,0.000192837549913791,0.00080666963638679,0.000400216685908134,0.000200938088515307
0.000454386181252916,0.000203597875878218,3.39900572215273e-05,0.000793942472738049,0.00010716635205168,0.00481941950409393,0.0191964323031137,0.00444590856700914,0.00226926392258245,0.00129797831734907,0.00117329255659513,0.00150337764103859,0.000856472491809993,0.000849262797449121,0.000402465224158937,0.000658710043667265,0.00440069922112266,0.000370238836440456,0.000459909480601508,0.000758607830070806,0.00156415694694972,0.000753815603278216,0.000617848506406933,0.000318264534229485,0.017730335971166,0.00031819622429138,0.000282052393492085,0.000322572343309629,0.00202806943510986,0.000911452013974144,0.00248991914025293,7.78847885686204e-05,0.000277807055626159,0.000717261164828724,0.00144779463755093,0,0.000474519950495738,0.0178970748034435,0.000106912999839761,0.00282860194974769,0.000585850343111763,0.0121370378420561,0.00014177299911861,0.00168785645326797,0.000309564578686229,0.000295452245208254,0.000398865199171518,0.00286284916864778,0.000116761661314465,0.0443755243288269,0.000272179231677224,0.0119762314227243,0.000512131063933872,0.000543861624855111,0.000286665962825611,0.00193314075216328,0.0189124491360223,0.000142461337577156,0.000237107288857593,3.95473962338134e-05,0.000365332781017157,0.00388652037323326,0.00627322514286006,0.459046409735493,6.52225721563469e-05,0.000695376773147583,0.000101364550753572,0.000632404132214508,5.1611653103062e-05,0.000674186232925871,0.000190628373611459,4.11090194344716e-05,1.82278310716006e-05,0.000351718836515144,0.0008449408192719,0.000251818784683224,0.181335428278618,0.00118378001268373,0.0203772238426307,2.56470062966199e-05,0.000397346737049327,0.00353053921355342,3.33780128655457e-05,0.000312101604742121,0.0824827387954067,0.0309900363181983,2.93565939091295e-05,0.000170359508337611,0.000176749141329633,0.00192271564378925,0.00365015644953646,0.00119609743066236,0.000125154915724318,0.00244469331272382,0.000182320565154876,0.000207665248995193,0.000948914763070709,0.000425907216522574,0.000374619601620825
0.00378169998454712,0.00249999988278047,0.000163216293952431,5.9453323218003e-05,0.000829667072032356,0,0.00124909997137438,0.000894873415826661,0.000274421654433551,0.000234376092789707,0.000901262426351082,6.70174700791946e-05,0.0003792864252889,0.004209526869937,0.0114048842193752,0.000434354286148475,0.000753873332575647,8.80319850223241e-05,1.81351437724923e-05,0.00103533142924951,0.000215162027145336,1.81351437724923e-05,0.000431229617433116,0.00183817567768852,0.00908568570952763,0.000109716425777399,0.000156312412688963,6.70174700791946e-05,0.000221396999368768,0.00171857113980764,0.000446184552426066,5.4405431317477e-05,0,0.000271551943477136,0.000236898069515345,0.0268333053786588,8.5152613851687e-05,0.000309428984391092,0.000466626751660533,0.000495526459635726,1.9817774406001e-05,0.000130613122055279,0.00621212331451567,5.14598430965244e-05,3.79529181784934e-05,3.62702875449847e-05,7.12776175025254e-05,0.000284874832679602,0.000145684858941569,0.000470982984910368,8.68352444851956e-05,0.00194762532331055,5.0263102559396e-05,0,8.65333901043806e-05,7.62076907378017e-05,0.000906018124085016,5.0263102559396e-05,7.0080876965397e-05,1.9817774406001e-05,0.000857791108154878,9.29620582576003e-05,0.000417236802418705,0.00122194301045155,0.339281279031489,0.000190184263938532,0.00191922549177254,0.000103287757624179,0.0443556795367879,0.000401051191024802,0.000205138182159572,0.000110493493268463,0.0263327405604605,0.000108810862634954,0.000503898688174467,0,0.0278714987265503,0.439239590472523,0.000348179307261003,0.000107731940763075,0.000528692415665706,0.000814329700400991,0.00329574948099007,0.000613031992618685,0.0121184180181112,7.9271097624004e-05,0.0025403513641306,0.00103438558114586,0,0.000273838282872275,0.00502703115250973,3.35087350395973e-05,7.62076907378017e-05,0.000380286928847553,0.000177510963347657,0,0.00602031373803703,0.00015043089646128,7.4223205723478e-05
0.000491267537625653,0,0.00168327421754976,0.000983120781206965,8.20265718654122e-05,0.00180389970510995,0.0484998390502631,0.00286932487788794,0.024747272328404,0.00340549020864712,0.000407002426913547,0.010457339178283,0.000442436148536165,0.000416682467316493,0.000225362212378381,0.000403085518335078,0.214220727882917,0.000115396275472233,0.021265166049918,0.000650505065569824,0.00123734008168304,0.0018033524507401,0.000529397590816955,0.000171409586104039,0.0120002253009469,0.00059421607284538,0.000544630558073042,0.000475343656956174,0.000103104962683641,0.000959116837999945,0.00141857137594529,0.000498416186204075,0.00533643979989896,0.108510576892774,0.00838887553187848,7.51655976429051e-05,6.09481810471836e-05,0.00335936651355719,0.000279881108871345,0.00528986198292838,0.00429663083310606,0.00190392304420971,0.000141048649105466,0.00318256063800806,0.0340786789591949,0.000584105265255938,0.000240698898397449,0.000608776283674492,0.000329910725463512,0.000673491969421727,5.86611896396812e-05,0.0127075901782493,0.000791094999471509,0.000391751868884005,0.00211682424532169,0.00207303819543249,0.0143630968477632,2.10783908182286e-05,6.1669956247929e-05,0.000237653525166973,0.000542876207651437,0.000672369010071218,0.000371844533708265,0.00210868161943292,2.10783908182286e-05,0.255871854255928,7.74525890504075e-05,0.000474811582183238,6.09481810471836e-05,0.000700672596370659,0.000221149117163749,0.000119970258287238,0.000112748396464358,0.000669464884707742,8.01004680582826e-05,0.000300888697621659,0.0612379643618828,0.00123631587241773,0.00294670609865747,0.0047809590873481,0.000498416186204075,0.0077421713902973,1.87913994107263e-05,0.000453611525559743,0.0128248925364928,0.00183863584600251,0.000690290152884571,2.14392784186014e-05,0.000115396275472233,0.00209169168063455,0.00132449250314226,0.00109905246511047,0,0.00136319478133119,0.00734905031668219,0.0155091671218487,0.000640702436879822,0.0480733995948385,0.0020690048632901
0.00223221510706182,0.000237523862389865,0,3.12188030784779e-05,0.00196868865355126,0.000202343803134371,0.00281906197171849,0.00149775970138952,0.000484571967965302,0.0002302514672952,0.0131369880839479,7.59231055195442e-05,0.00161879172246907,0.00894049565233894,0.00108706851812234,0.000355612874083285,0.000899786862715733,0.0122506270004368,3.12188030784779e-05,0.000191176531723154,0.00381444343425195,0.000192533011772514,0.000275508344070905,0.0588297207059329,0.00618500311045059,0.000127966182915741,0.000440420239858874,0.000181585908677117,2.47191506342702e-05,0.00560755424418489,0.00024788722808636,0.000350945255116276,0.000235471660596847,6.32103488074132e-05,0.000663035742976325,0.00118934366817195,0.00166775877739996,0.000577941829024451,0.000431602359463294,0.00181234272767422,0.000547009574122258,0.000386611508845944,0.0644428486505607,0,0,0.000476306661904361,0.0330004537348672,0.000264561240975508,0.000106148997631746,0.00150410324896012,8.87022420921408e-05,0.00292427929869143,0.000182358651327574,0.000173034054439891,0.00052893347669946,3.19915457289353e-05,0.00200682001062693,0,0.000394072909192163,0.00170263531347668,0.000125647954964369,0.000391754681240791,0.000414928346574147,0.00176500273939948,0.00130101004832796,0.000127966182915741,0.187553643880756,6.24376061569558e-05,0.000788970246116979,0.000155587298900286,0.00333245948457603,0.00063240067729675,0.000157639500693304,0.000687268699136422,0.0183412160881082,0.000724127510130255,0.0228934128561272,0.0581859157948768,0.000358217650210941,6.32103488074132e-05,0.00806455761848826,0.00072122554477998,0.00409722185699927,0.012518398507554,0.00889287038267915,0.000542925692554152,0.000119921045170619,0.000259760862287568,0,0.000252068652579195,0.000890098696744966,0,0.000119148302520161,0.00213530355108111,4.94383012685404e-05,0,0.421948544961736,0.00026082015311431,0.00109368873289763
0.000511127465203061,4.77345534265961e-05,0.000170054346582249,0.110517869821511,2.68506863024603e-05,0.00170128255822826,0.00888578609026692,0.00161332412385396,6.31924006937056e-05,0.000126114401726762,0,0.000131270021923139,4.5021543498083e-05,0.00183977225109073,0.00018497139452806,0.000502654942502721,0.000751602896740369,0.000138588839404709,7.18722298005433e-05,0.00704135781454329,0,0.000107402745209841,0.000126384801387411,0.000198797830509253,0.016887197899945,0.0200277508957022,0.00135959009562282,0.000253256322163991,0.00211627393074853,0.000167070936993086,0.000501888810130882,0,0,2.3867276713298e-05,0.000320189251496677,4.5021543498083e-05,0.000240024765436226,0.000716902894574493,0.000344444101056905,0.000573382480406516,0,0.00411356299748941,0.000259223141342316,0.00482486089338387,0,9.08542859781134e-05,2.3867276713298e-05,0.00276844185894618,0.000125573602405464,0.0121409357498247,0.00748951821210319,0.0148958395990944,0.000486286749711426,0.00996222782504969,5.4512571586868e-05,0.00166666238834315,0.006878426567593,0.000877132720153156,0.0399185688280169,0,0.00135152059717859,0.0901968478317679,0.108477434497299,0.0043283607622045,0.000224296518508467,0.000190938213706384,8.26611762604442e-05,0.113584353654606,0.000308372786326309,0.000601918657927023,5.4512571586868e-05,3.76396327623613e-05,0.000264162441810173,0,1.81708571956227e-05,0,0.15641361748266,0.000743824399835695,0.0110906532507836,5.07179630157583e-05,0.000102247125013464,0.00211769803562795,8.40762678178414e-05,7.39813471536066e-05,0.0111448464932474,0.00399762592394251,7.16018301398941e-05,0.000520131773902677,0.00290265022384838,0.167786518019605,0.0226437246869478,0.00433630021128813,0.0094760440847328,0.00105554112863203,0,1.81708571956227e-05,0.000298701491797091,0.0003037038855191,9.00430869961659e-05
0.00708013413134227,0.0189987730632025,0,0.000254193345263698,0.0028130595773221,0.000572785128661995,0.00170761942019944,0.00285203556595845,0.000213658507681379,0.000143914513754472,0.000130653225054932,0,0.000490207600995978,0.00552771347607508,0.0785641171035907,0.000449063354792713,0.000905806765591688,7.76582134362059e-05,0.000410125720345825,0.00238782128050898,0.000555558138983345,3.56602334966832e-05,0.000124161833894709,0.00108359260366522,0.0214041865261263,0,0.00096229312766971,0.000262297127362461,0.000418647428233713,0.000206479332567278,0.000345797748615208,0.000273882837593639,0.000132831421023753,3.88291067181029e-05,0.000202562370600273,0.0199175938447351,0.00053932156851978,0.000356046691548825,0.00316363330586892,0.000707537599399237,3.83337680918039e-05,5.61638848401455e-05,0.00145825341858006,0.000117824087451869,3.83337680918039e-05,9.49929915582485e-05,0.000319734591970346,0.00102743814115196,9.94986320772285e-05,0.000924982297851931,0.00039033712261398,0.00113298219483001,0.000192313427666655,0.00011148634100903,8.03317480313266e-05,0.000242854619675579,0.00312216591279668,0.00023198396305602,0.000272645175697982,0,0.00330576660091351,0.00068778203680136,0.00083204112720286,0.000692062196858794,0.0627748293586714,3.56602334966832e-05,0.000549760074042862,0.000114655214230449,0.309146811861127,0.000120992960673289,3.88291067181029e-05,0.000220329299818793,0.126959486337035,9.68250974821078e-05,9.36562242606881e-05,0.000203247271816037,0.0511030529009807,0.187482657885717,0.000245591341800522,0.00317414400965512,0.000965329086242718,0.0010273582524211,0.00507876437491108,0.000363006151677607,0.0141969372645547,0.000437323369789363,0.0170576722423463,0.0194688970725985,0.000719572568772358,0.000325640187316708,0.00250827858854784,0.000246645206582941,0.000262989307452386,0.00143639995558865,2.09989899697613e-05,0.000461035875921405,0.00296596090604229,0.000258599880380775,5.75006521377059e-05
0.000231644833249985,1.4281012608195e-05,0.000540848524579359,0.000126706351750544,1.9828955229541e-05,0.00162495518966535,0.00644739176031286,0.000368663619146365,0.00102062051789076,0.00132437598466265,0.000194401726097039,0.000121275409921191,3.23747486828393e-05,7.53341086094291e-05,6.40203926763941e-05,0.0585891536799098,0.000775477969645778,2.7249858802132e-05,0.000501019464733062,0.000212838112242122,2.36416786959903e-05,0.000700488656331722,0.00948585961317742,3.81272346644929e-06,0.00221775579623765,0.00053274695232751,0.000102949198446192,0.000706269439267205,0.020792832528683,3.05017877315943e-05,0.00564294606359799,0,0.000625489142170253,0.000272334634776463,0.000163703017483111,1.52508938657972e-05,4.760337536065e-06,0.000307907603746934,6.43849450210363e-05,0.000341643870578422,0.000109658592131618,0.000567507122834636,4.1384828446016e-05,0.00694657017621283,0.000302229255337482,3.37454154930938e-05,1.61985079354129e-05,0.00274685148012041,0.00460076366832916,0.00248994831188367,0.00096068842603756,0.137958698774664,0.0047522670280121,0.00114004196166927,4.57806136374388e-06,0.00281615599239892,0.0374637478065888,0.0172907317997845,5.61064885969692e-05,0,3.11526434867209e-05,0.000818972074655614,0.000868725234917964,0.00122409398396698,1.23857844689636e-05,0.000394724855382853,4.760337536065e-06,0.000217399688936017,0,0.419217125859889,2.51723544905795e-05,8.39078483019317e-06,3.35631393207727e-05,7.62544693289859e-06,3.81272346644929e-06,4.760337536065e-06,0.0170116188571596,0.000624769450483424,0.00240499786858948,8.39078483019317e-06,1.2968846193937e-05,0.19789918961939,3.81272346644929e-06,4.57806136374388e-06,0.003792135982564,0.000525571328905449,9.33839889980887e-06,0.000258757830162551,0.0012959272530121,0.00101290760513138,0.000730484198852916,0.0154202969163633,7.62544693289859e-06,0.0002600586600638,4.04372143764003e-05,0.000142527502591139,0.00066295697266395,9.11080887581494e-05,0.000261260338031769
0.00049878329886824,5.68003223815834e-05,0.000312665787468875,0.000232932608472085,0.000413535361664037,0.000435560354179353,0.00573483957444034,0.00154185191171755,0.000439076234358093,0.000304738600751422,0.0197911267138617,7.17091128803664e-05,0.00172030429961448,0.00284422793573877,0.000403997422938515,0.000280331765306906,0.00146518267221669,0.0570051726538561,0.000316298118041894,0.000388464577493721,0.115486831528742,0.000404564390861225,0.000387400470623882,0.00248311628061699,0.00398992516957621,0.000396217475004423,0.000282810589039197,0.000628456199554917,1.92425858255945e-05,0.0490480091194648,0.0011500974243865,0.00370416932582272,0.000619582108151075,0.000441028085351584,0.00118805247277776,0.000379784549100181,0.000361039305029957,0.00142776731753635,0.000104366086186834,0.00381262811729088,0.000444240585381134,0.00319380604351508,0.0025424208092313,0.00045646167364561,0.000150230946223956,0.00252763235045694,0.00741052950166152,0.000293440394886793,8.76024254976508e-05,0.000970145776563949,5.77277574767836e-05,0.00604992553209937,8.60509354564397e-05,2.86836451521466e-05,0.00266112558845324,0.000334750143355169,0.00309148750933489,0.000103466005727386,7.60429082071779e-05,0.0206336069857138,0.00136979812384139,0.000155795658199277,0.000742183760316966,0.000608356007609703,0.000520497777978974,0.000337395574057889,0.00205668344422276,0.00017004049997226,0.00123700549740559,0.000443572083959981,0.274711928789226,0.028620895338105,5.18995591320622e-05,0.00805322279781261,0.0652569946004791,0.00335386894097101,0.0194784674757003,0.00527891952468063,0.0013089075158906,0,0.00412680485063613,0.00291630180273825,0.000179481559298812,0.13986489979209,0.0109255918386838,0.000206932011454772,0,0.000122114268994519,1.43418225760733e-05,0.000279931404354626,0.00101647151832998,0.000660680904577999,1.92425858255945e-05,0.0046115634455875,0.000277812946390705,0.000147752021087544,0.0886007045117861,0.000180866442369593,0.000320007858422695
0.000324842435039145,0,0,5.0206757283535e-05,0.000172509723123011,0.000281994206442989,0.00429698366587803,0.000721992031395926,0.000866209266479772,0.000233661206042749,0.0113129498862357,0,0.00435593875827893,0.00211707228043236,0.000356932072788829,0.000211771754770343,0.00080147158661121,0.0131084557039281,0.000172534541094975,0.00385176165782663,0.0960827660503347,5.0206757283535e-05,0.000251033786417675,0.00154944803465363,0.00576753536765753,0.00113872300763244,6.11514829197381e-05,5.56915290876186e-05,0.000244605931678952,0.152341497478209,0.000150620271850605,0.00780722521150558,0.00035052903602207,0.000695598118212021,0.00410976929436624,0.000172534541094975,0.00124481983777931,0.00142663630038889,0.00022630267735537,0.00329238938772599,0.000283867963326284,0.000633441507427734,0.00179693285108043,0.000289352735130368,0,0.000545896111324091,0.00384709587909736,0.000105898286371154,0.00010041351456707,0.000239145977846833,0,0.0059173490554193,0.000150620271850605,0.00010041351456707,0.0021083859902449,0.000334124356553748,0.00666744744006466,0,0,0.0536691373702296,0,5.56915290876186e-05,0,0.0011684053021016,0.000666300502308307,0.000206311800938224,0.00118577788247653,0.000849543998305826,0.000111383058175237,0,0.169485913827882,0.175915021874188,0,0.0151034731982407,0.035056402936254,0.00242881082627442,0.0219081764322532,0.00346301294497972,0,0,0.00249193533796531,0.0030345058410462,0,0.10476163566418,0.00423399565303294,0.000159691240603513,0.00155936281445332,0.00373133244887045,0,0.000501174125844639,0.00303825335481279,0.000732936757032129,5.0206757283535e-05,0.00406504730888679,0.000172509723123011,0.000233661206042749,0.0444193054933762,0.000728357841204738,0.00143596785784742
0.00500483915689645,0.00950439024919161,0,0.00127336446361369,0.000822654414007461,2.57933967081674e-05,0.00880337916636145,0.00144700134816634,0.000176501189165936,0.000237667726810971,0.000380819237407161,2.80511093351192e-05,2.63682866793747e-05,0.000915136979904551,0.0197583566383133,0.000300648291942377,0.000494248142126472,0.000134706876173575,2.86259993063265e-05,0.00259774739059372,0.000677325541277733,0,9.20015583922079e-05,0.00102047055319401,0.00937770765144699,0.000228940150942421,0.00232429237656932,4.04147649758731e-05,0.000820552962889398,0.000352164880108049,9.25346011055378e-05,3.92649850334585e-05,0.000186080933394637,9.93077389863933e-05,0.000128508628263927,0.0538554906463217,0.000274673818346242,0.000268849050326514,0.000351351214983434,0.000452885007289472,4.15226976604103e-05,4.18690004287804e-05,0.00128249013615987,0.000960457724610867,3.98398750046658e-05,0,1.28966983540837e-05,0.000183774529581579,5.27365733587495e-05,0.0019229534108939,6.65544644524106e-05,0.00148407980810338,0.000115037039938636,3.86900950622512e-05,3.03088219620711e-05,0.00177320548524253,0.000473783835796823,0,0.000519616023736272,0,0.00381756977505314,0.000640351109049769,0.00205427981573612,0.0011662558166409,0.0458870569996984,3.86900950622512e-05,0.000412138609681557,0.000150292465309971,0.0777589074303284,0.000193450475311256,7.07235869379441e-05,0.000514403510759871,0.486044546702736,0.000446522671662836,0.00197240734586101,3.03088219620711e-05,0.0452340698124982,0.0895056766208729,0.000241634258343981,0.0063218052451841,0.000312511745048343,0.000728534372618391,0.0038422192427903,0.00175624306430703,0.00516444203170079,7.96379027514541e-05,0.068781143450167,0.0156972532621522,0,0.000684365812304781,0.00284504905999295,0.00013578196867957,0.000228247545405681,0.000617427524128336,9.14266684210006e-05,0,0.00454358798653368,7.01486969667368e-05,0.000237955150442665
0.00146273445822144,0.00012000627379445,0,0.000163452359499285,0.00117186155418001,0.000645881552389968,0.00481459115366301,0.00719591288598702,0.000768451829515883,0.000527763934322481,0.0236444131661435,0.000636753469093935,0.012536990732452,0.0043507936980129,0.00137163061611467,0.000520210016621328,0.0166269713144932,0.00316956728738829,0.000360736240978307,0.00028889672254689,0.169746744771723,3.93627786540434e-05,0.00023390657951126,0.00256083666490158,0.0104059909003129,0.000144312312476881,0.000174392423321389,0.00356495427614448,0.000118453600976408,0.0642760286552422,0.00317739511378158,0.0506833801678936,0.000280092745837901,0.00120627025578653,0.00144468390746387,3.3622075590682e-05,0.00232517537085354,0.00150667019778548,0.00148446811122916,0.00778017017552982,0.00946865296547675,0.000783356453197433,0.00111575412332471,0.000297997991961007,0.00015015773873477,0.0243627874506955,0.00127959979583191,8.63841982037676e-05,0.000314726151942007,0.000729252210047682,6.7785493485982e-05,0.00797515995551329,0.000128382334285089,0,0.0705692539695127,0.000340676796751909,0.0068324681864963,5.33034649177037e-05,0.000208618492420762,0.00204470216600252,0.00221239437241194,0.000118046263971675,0.000654958860803806,0.000993373033922735,1.75873742043619e-05,0.0010369238428221,0.000479731184259333,0.000160451737057729,0.000426561724641514,0.000267163390087664,0.00795891048663283,0.00211144704686972,0.000676264277044682,0.273957310992257,0.00216899717035316,0.038529098170114,0.0411495047986991,0.00196098122897284,0.000253180631833549,0,0.00586586672208866,0.00144514370223042,0.000180133126384751,0.00461138238195327,0.0201306739333654,0.00033622075590682,3.3622075590682e-05,0.000486013229627313,0,0.000106606929835407,0.00368765350993142,0.000633054066952621,6.41388055452805e-05,0.0350277536342177,0.00465659603618968,0.000319878119605216,0.0137627186347134,0.000917253551936569,0.0042288539077291
0.00067276408142268,9.04437663422555e-05,6.80244293517339e-06,0,0.00103906366327366,0.000372891205266554,0.00713145473737542,0.00172153326805875,0.000458128455848324,0.000488586916220217,0.00745778740626029,9.9380014286702e-05,0.0013079479754611,0.00278640271506449,0.000413505276952241,0.000341651756680804,0.00117377123361773,0.0308898030370367,5.20243261063011e-05,8.8085726552347e-05,0.00619579935540997,8.87365480466704e-05,0.000404257593733634,0.00258607992529113,0.00513783587081609,4.98207133262574e-05,7.88775605387129e-05,0.000577354441913639,4.20688589457703e-05,0.0082973266045031,0.000708357355610811,0.00091055534146489,0.000227097899059607,0.000106359250348594,0.000451837218865933,0.000432210063027538,0.000800043816897155,0.000802497740682163,0.000459500446071114,0.00383578334625902,0.000178162449882946,0.0003551229853134,0.00443021332245827,0.000101381516768329,4.4272471725814e-05,0.000697945976628682,0.00915635985810042,0.000272564730589383,0.000309345405590418,0.00101234662583625,2.48145543656076e-05,0.00397294943187844,6.43008971061985e-05,7.39949519009165e-05,0.000503522528552485,6.88997272613282e-05,0.0024382261255479,5.85653566756617e-05,1.36048858703468e-05,0.00405667442743788,0.000126894575916812,8.56576373570323e-05,0.000311614520376284,0.000822680053609039,0.000897040493674055,5.80689621912031e-05,0.00484134323519529,1.72543045801628e-05,0.000139032644450637,0.000135890125928654,0.0129756431378719,0.00178302345876279,3.62158274559106e-05,0.00217851792647483,0.368798579203473,0.000634582332725581,0.0316893926651099,0.00839868392193008,0.000440745041429995,0,0.00289154581051079,0.00189625843931286,0.00137153949228063,0.0694271426520544,0.0100690014101159,0.000313016948782452,5.56737448161171e-05,4.88713018809437e-05,2.70181671456513e-05,0.000228099299558422,0.000318223464542937,0.000254942028287459,6.80244293517339e-06,0.00359663876302609,6.46798005313342e-05,0.000164818976378412,0.357848590944884,0.000109901683702462,0.00031867837567727
0.000538248358952097,0.000137592257237259,0.000506222377169131,0.0013943005517329,0.000828511984553952,0.00135298625720323,0.0171904539990189,0.0118698164843316,0.00100936430543665,0.00107476249946922,0.109362767440597,0.00148482150205665,0.0603597753570353,0.0169987307018196,0.0014936067252822,0.000985940791935883,0.00585420032065417,0.0125270265088477,0.00280506219710605,0.000118133626883967,0.081786621726431,0.000388010784526817,0.000260979769416091,0.00304333780172399,0.0109815236033897,0.00011429830264042,0.000869322093834257,0.0008756683074542,0.000118842907409626,0.0148351926351244,0.00131325245357087,0.0054712057297969,0.000800717053954704,0.00101855821650181,0.00295399144699956,0.000126496662898325,0.00432097648366366,0.00199143960616595,0.000954816826140624,0.0123516179723511,0.00258541855538694,0.00377153698287244,0.0017141465224084,0.000448864236041493,0.000248247056945785,0.0517141840961811,0.00402802493657399,0.000100295221663653,9.79220872382202e-05,0.00137839789128053,2.56670890222715e-05,0.00758836669914535,9.31758183873546e-05,2.56670890222715e-05,0.0183017425984748,0.000555149359294071,0.00878255343053977,0,0.000170177085454169,0.000812757654395126,0.000241722803144459,0.00040676013435445,0.00371903375674398,0.00313596196165448,0.00027944005987978,0.000131777283961592,0.000463244504237065,0.000693635392642873,0.000786187221988684,0.000168539967322797,0.00467691078899014,0.000592480456361847,6.98818637905159e-05,0.0628250288492602,0.00394739605150372,0.109153904424577,0.0910190816434273,0.00249573250613252,0.00022661695624872,0,0.0210111696371336,0.000972803286157104,0.000137057905024858,0.00260448342484954,0.0263414830518125,0.000644883338831191,8.04431059170487e-05,0.000269167877117191,5.18685302569437e-05,0.000258273946859917,0.000789551095080572,0.00603149613316379,9.31758183873546e-05,0.126533929491438,0.00157601034568611,0.000815288410889353,0.0252006052010645,0.000658352067595557,0.00598513166486735
0.00114062850095568,0.000163796457961025,8.63789689084717e-05,0.00104927003394382,0.000232957005570036,0.000636871060350615,0.00538136787422024,0.00585752673512495,0.00100740999722213,0.000798488808497394,0.000426820128347189,0.000276858242922887,0.00031210113009788,0.00163618718109261,0.000799739606885814,0.000497066908432552,0.00269453568850039,0.000248635672880679,0.000203158007460416,0.00205079492484255,0.000531289578124397,0.000168064058811232,0.000743900929093059,0.000249574388661548,0.0681256297964189,0.000309986764780238,0.000738511204627412,0.000307091503179349,0.000882062129379608,0.00058250729638716,0.00205317759238431,7.4766723722821e-05,0.000437520496173495,0.000344253557021387,0.000734266413013919,4.80647661035582e-05,0.000628818852084222,0.000832524243523091,0.00121349252296038,0.00210851826772768,0.000237818913591486,0.000945386515060948,0.000186963478129424,0.000615379646700232,0.000122387986706422,0.000369050000541537,0.000300793588502087,0.00105531693352541,0.000273641602780481,0.00888119843569834,0.000474873000291379,0.00751188397615067,0.000330194707665536,0.000207731668936027,0.000392817829887286,0.000690571198693293,0.00662334964481829,9.42588275301504e-05,0.00105529353872352,9.42757270684124e-05,0.00445402355483423,0.00187888791876481,0.0055887435223249,0.00412007235386071,0.0001506256214932,0.000205846928972943,0.000122967398365698,0.00065890134489463,0.00021618559401858,0.000564985147583685,0.000163190048800459,3.73553750798384e-05,0.000176505911064127,0.000262240190905496,0.000386934543181531,0.000186346949374461,0.769473782433685,0.00228439422614212,0.00215969772250868,0.000303865529769141,0.000248331955311684,0.00358354781575101,0.000424580420059896,0.000444269254836087,0.0266839160997207,0.00114504328762707,0.000198853814234677,0.00151425882949938,0.000123105290273638,0.00181829738125818,0.0274802620271122,0.000693829004512115,0.000278961036559899,0.0021166392141494,0.000173389656774703,0.000286230841798751,0.00130912845764203,0.000496743311009218,0.000507258746849225
0.00364842153063764,0.00102283668813573,4.83901332734264e-06,0.000160750618285426,0.00209010097209525,0.000185639491038861,0.00297801646458434,0.000882803350964631,0.000316717157132582,0.000135088047741577,0.00115514279309831,3.12749547508901e-05,0.000289208651625571,0.00276250280209374,0.014537577870555,0.00056132730609392,0.000771930099864164,0.000379974745873491,0.000108336612256323,0.000405335765003237,0.000638182438924756,1.46522253299245e-05,0.000472056323303303,0.00399166945175432,0.00923952198315173,9.95746990227531e-05,0.000199691620254427,2.51355491586993e-05,0.000195785270783532,0.00150285151695652,0.000692610678641358,4.1178936420213e-05,5.07217777270017e-05,0.000155391106170981,0.00023195833837909,0.0041934574234441,0.000432854032798137,0.000263866257449146,0.000899579820541346,0.000728097088682162,0.0001632297308045,0.000159961480437799,0.0145264198521449,0.000375199682517637,0.000164463864034956,9.70969912282316e-05,0.000359147344922542,0.000795154637117818,6.09340231752256e-05,0.00110362716766147,0.00010893600099606,0.00473349274377355,0.000163503819976277,0.00010909843033263,0.0002110269105691,0.000110416092302059,0.0029121726573712,7.83230842003772e-05,0.00021252672154467,0.000119879945644114,0.000498517489611543,0.000428350690999302,0.000464248743484672,0.000926364587045544,0.0248277587364713,4.60160114431257e-05,0.00240174662857325,7.20194797450248e-05,0.00647309152872794,0.000417971437247932,0.000419223085372847,0.000120852256448391,0.00440310885670843,9.59715176867183e-05,0.00148431716458657,0.000105833827676173,0.0307262204897346,0.791688471945431,0.000776695194563982,0.00087860432463969,0.000964244201347943,0.00348293869087411,0.01916152739264,0.00118464729783722,0.00722592267436491,0.000336946650462144,0.00136355493859879,0.00107988460382427,1.64450666963434e-05,0.000499216843541481,0.00186521066372541,0.000174183148721051,8.30695583343876e-05,0.00103314202169978,1.72947795515885e-05,0.000144682633024426,0.0106791292133469,0.000211970333116573,0.000159332637287978
0.000836891097013911,1.62210254976159e-05,0.000124434036038155,0.000728311379797079,0.000140376144669645,0.014706973019999,0.0231512055827391,0.00136200878449554,0.00183698199008058,0.00142879439027042,0.000218177132408497,0.00060684672927362,0.000102025337612679,0.00026850878700817,0.000229846380120295,0.00181633921989513,0.00152072863223271,7.94566546453042e-05,0.0011910594096503,0.00188147406597255,0.00015313984291643,0.000494119975787231,0.00105099449955005,0.000217881826417173,0.0146280707370421,0.00152183405649397,0.000700798421728717,0.00144420964887437,0.000978827924716165,0.00012577850013708,0.00250724643930568,3.83956389372297e-05,0.000947348448969448,0.000378258166869422,0.000480658199268834,9.25821364784485e-05,0.000189129281946402,0.00324258713395707,0.00027446693277859,0.00186233347345418,9.19593020781401e-05,0.000971996883338694,0.000283199906725728,0.00198320149312052,0.000383589317434494,0.000328063278884284,2.56642266318463e-05,0.0366539000772603,0.000464796654621964,0.123985856468969,0.00127506174380228,0.0629274870092908,0.00117454353870848,0.0143579936282714,0.000288416651033122,0.00123672840577411,0.040967706399451,0.000371820448615754,0.00113906500524704,8.2122031416149e-05,0.000564384221028071,0.0452743313627131,0.0215889034252553,0.0587570696516425,0.000123577116651984,0.000303632175114192,5.2095311865954e-05,0.00177842355046453,0.000154030588694723,0.00213939274658231,0.000323028657142553,4.78388400714601e-05,0.000121001800665049,6.61350909043956e-05,0.000173097112531003,6.20712866165832e-05,0.142570178833746,0.00209086856474933,0.270029561859218,2.66811305599155e-05,0.000230129108410886,0.00664896893204019,8.9522690179843e-05,0.000257150345080519,0.0117623500600731,0.0369562677964275,1.35556487267712e-05,7.49501375250025e-05,0.000607171240304903,0.00825552649183763,0.00732336410781433,0.00510212883427659,0.000351348271436959,0.00136992238158749,0.000105514950804911,0.000999727966052973,0.000276376853458697,0.000402111665142852,0.000359115636876946
0.0113107327845865,0.0103612311331751,0,0.00241617971311579,0.000240679336072202,0.000157126333611716,0.000899847697598461,0.00106890657955343,0.000276763571759331,7.30927802580478e-05,0.000323336637878156,2.655241470514e-05,0.000481810614808329,9.74570403440638e-05,0.00639221744549665,0.00238978895841782,0.000538843903129591,7.965724411542e-05,0.000351541466955373,0.0440855997375662,5.04688244638902e-05,0,0,0.000187574506661922,0.029003408129565,0.000453877856218815,0.0409524031735148,9.74570403440638e-05,2.43642600860159e-05,2.43642600860159e-05,2.43642600860159e-05,2.43642600860159e-05,0.000398529682835547,4.87285201720319e-05,0.000346888994892762,0.00168306821046277,0.00112061266862805,0.000226294747295441,0.00287342182592416,0.000992725851685066,0.000128385764287452,0.000426069780451659,0.000633669030863925,0.000310517297973535,2.43642600860159e-05,0.000391725849056387,0.00010620965882056,0.00172901764641476,0,0.00210430155433893,0,0.00459648226930174,2.43642600860159e-05,0.000429157728061974,0.000308592088693911,7.30927802580478e-05,0.00147913986864345,3.48244822884538e-05,0.00296643509066614,2.655241470514e-05,0.0203650972200459,0.00480453407877026,0.00451165433875323,0.000467426026031568,0.00251402753348349,0,0.000362504728838941,0.000788599025183197,0.00729570237887446,0.000128837706951377,8.35530024604857e-05,0,0.0107062644821569,0.000123561604721938,0.000184130690980781,0.000511358994867343,0.132457361671161,0.00698545450789166,0.00196160275997522,0.363315863968126,0.00021850323060531,0.00145734806154896,0.00037944152497897,0.000233311153816739,0.00764409418908706,0.000519954229955565,0.0412913682544592,0.177483529667138,6.96489645769076e-05,0.00151060842517055,0.026658994955547,0.000124009455049204,0.00333063721145305,0.00355350842046841,2.655241470514e-05,0.000170549820602112,0.00162298952466515,0.00021586722565892,2.43642600860159e-05
0.000748629574538882,0.000257625306608112,0,9.9883292680436e-05,0.00523132374377109,0.00104724552434279,0.00772130811916164,0.00615513741035516,0.00042525031533082,0.000659129251341046,0.101910733725632,0.000415855159915405,0.0526544373966446,0.176286196442649,0.00203077097369817,0.000370226402020858,0.00134909432018476,0.0162891097902996,0.000199167101148108,0.000582154993009899,0.0123294813726039,8.57723565953882e-05,0.000165860534946679,0.0369360875451892,0.0104906703406619,0.00124344190210457,0.000258375268639464,0.000615587766414015,0.000316804349360386,0.00698676399656111,0.000731445978480723,0.000915934211131692,0.000453508593424767,0.000152140355777643,0.00124940519243154,0.000369061412457593,0.00918742200038399,0.00154146079475731,0.00229432801883257,0.00674463305114442,0.00042472121590417,0.00155381939237428,0.00516830630311402,0.000767175965679903,3.45734923514801e-05,0.00172430833377335,0.0563272987792194,0.000679885482059884,0.000116023252254837,0.00106676880777384,0.000232713946446961,0.00562360606799231,3.55880040961567e-05,0.000647649250019705,0.00104351027655557,0.000368447365875289,0.00429573882847487,0,0.000106014050257118,0.000226762791427949,0.000377371671342217,0.000772526422955356,0.000367697403843937,0.00235222314600366,0.000358396903830537,0.000246421990308046,0.00489075239378931,0.000249754345871303,0.000319806624547383,0.00029789753957323,0.00274216456932119,0.000746486479154793,0.00031759799850036,0.00346932921115692,0.00792097034087414,0.0108017759494086,0.0511065837216588,0.0080728837663931,0.000545387436980936,1.71544713190776e-05,0.198500579067164,0.00180619011063975,0.00683936733266139,0.00385468834219227,0.0168369946736568,0.000786816961598074,3.32944308934787e-05,0.000323476341671668,6.4559838297604e-05,0.00240851155840208,0.00132031665091053,0.000666524508006189,6.77417160422717e-05,0.047766155751554,0.000219964591913979,1.71544713190776e-05,0.0729857393858132,0.000325714092457773,0.00125865229708995
0.0002568701100592,3.61212769749686e-05,0.000138780403318066,0.000192290276736379,1.72361827757973e-05,0.000853506305110978,0.00549225242695894,0.00027905999567326,0.00113466437570488,0.000480980922591763,0.000114090066897986,0.000121211007562592,3.16609423069613e-05,5.79504427414478e-05,5.13140502486863e-05,0.0112409809218998,0.000641256025582397,3.5337791560791e-05,0.000372993728651658,0.00033762428786926,0.000111826944407443,0.00051686595377814,0.0346271112035957,3.69912260378966e-05,0.00258135663260084,0.000192112519904193,0.000189677905582213,0.000532218376633209,0.00548147524992013,7.78720721602936e-05,0.0137558649491511,3.13731657161285e-05,0.000275759148653908,0.0002417942562952,7.49817211188049e-05,1.47953558837291e-05,3.13575454259607e-05,0.000129440158163441,3.27434050592273e-05,0.000461292848850317,5.09752654216786e-05,8.1283038787644e-05,3.62569380958068e-05,0.00119426418998117,0.000245149084643172,4.14982980177104e-05,4.18633001641003e-05,0.00162784594364134,0.00992520363650104,0.00183301769241059,0.00033159919445532,0.0357380587681378,0.00133175622708459,0.000300208274817574,4.08988330859655e-05,0.000885954137885142,0.0144545239117664,0.00209087975252609,6.55949607099201e-05,3.54211973036533e-06,7.57669571534368e-05,0.000385876261813033,0.000532763387399926,0.000533896931646978,9.08168106436315e-05,9.35531369521885e-05,3.44888723314115e-05,0.000122087954875441,4.54017910433557e-05,0.0233680992216505,1.06485686998769e-05,1.6099787464104e-05,5.66409021262114e-05,3.4205904266921e-05,0.000232321856808915,3.42038080302231e-05,0.0170792494474559,0.00107844485668029,0.00150799174062336,0.000254887156219093,8.38513972545529e-05,0.793213747867952,7.76482191290947e-06,4.310981874526e-05,0.00363279144698631,0.000363405317397419,0.000139054070834764,0.000851313173793082,0.00015020515867368,0.000868046598805491,0.000825631442475193,0.00147498009841876,2.1618821752842e-05,0.00033375516040637,2.87234749941747e-05,0.000142563476553549,0.000420329090049736,0.000124620624887824,8.35770361944012e-05
0.00909955738417633,0.000330699683625443,0,0.000290753810364456,0.0201223747182085,8.63411243131143e-05,0.00146658789050153,0.00161713376925607,0.000439018119742539,0.000331522986738192,0.00432211229006976,2.38921035620335e-05,0.0019890832046203,0.0393233605155814,0.0454179548239834,0.000391947970369989,0.00169828880421658,0.0013317886475069,0.000223711053282405,0.000832029516447308,0.00381507784971052,3.58381553430502e-05,7.89888088630679e-05,0.0470054234378427,0.0171822441861805,0.000234436215729604,0.000709454950044839,0.000142638234699691,0.000234098931029888,0.00273679136087306,0.00109479436665961,0.00022575491680798,0.00055664232911734,4.7784207124067e-05,0.000729116858192864,0.00138860077584371,0.00270505257261952,0.000282052356115549,0.00472538376187434,0.000955704580165498,7.93260935627831e-05,0.00142508086409429,0.0341742661651539,0.000614388814993591,4.30019198066995e-05,0.000641604657252404,0.00351521878306192,0.000494481767122478,3.17304374251132e-05,0.00150262426334338,0.000602203741677721,0.00843914256860082,9.11234116304817e-05,0.000174031387425089,0.000215495617446531,0.000841732549977269,0.00253075825348121,0,0.000239238987295246,0.000111949637673905,0.00581397056513391,0.000800564636158992,0.00173123766704025,0.00425752426440548,0.00639671503479982,0.000125602268280781,0.00627219106662145,0.000213937443412998,0.0033228316931817,0,0.000898031745841822,0.000215187990126005,0.00190106274446155,0.000684298949738578,0.000452710238701502,0.000714442049132456,0.0572589972101614,0.195252680019055,0.000812530843267292,0.000101869058325956,0.00707133748661038,0.00211937275555101,0.399799926920968,0.00133228724021279,0.0107864515894971,0.000432191311057613,0.000943371313081914,0.00192977992875457,3.10558680256828e-05,0.000928309360051202,0.00296566410589257,0.000422289122802171,0.000103069463411498,0.00250812643447685,1.58652187125566e-05,0.000182246823260963,0.0106352582941673,0.000157154314613387,0.000418419768577104
0.00079587955905906,1.51581917453556e-05,0.000109565670025716,4.94881838473049e-05,0.000553693685739936,0.000572650797164368,0.0058828725813041,0.00190489139253739,0.000172306029595566,0.000186387487776038,0.00653339115421458,0.000203842751236629,0.00193536895635548,0.00212464457285238,0.000359885913292788,0.000374498138311522,0.00186186688552798,0.0126172034128391,3.23231877963303e-05,0.000112109126981568,0.0118719327831105,4.94881838473049e-05,0.000138346703326317,0.000923419813574557,0.00531046975808824,0.000159481795845266,6.06141388286441e-05,0.000229674767841198,0.000241901274511565,0.0205933710985603,0.000981206548269529,0.000754436524746404,6.11880477844335e-05,3.88802533634202e-05,0.00076580826427723,0.000599611569107913,0.000551334039308834,0.00126827975829247,0.000516682779329419,0.00273045381450471,0.000747661820613427,0.000781369463065738,0.00391287206283274,0.00029980666540743,0,0.000632838277097021,0.00417627486971372,0.000258036803220207,0.000138957868587663,0.00108292136783303,7.83530438354081e-05,0.00386375081764981,0.000169131713359249,6.71898325485124e-05,0.00154213354131219,0.000102544797862035,0.00375352109847675,6.05955106758658e-05,0.000177301469300851,0.0388861045659707,0.000161014087796694,0.000872330340950945,0.00226867677928224,0.00128118122362222,0.00102707837064164,0.000224242767927885,0.00287316557688654,6.66531798982796e-05,0.000488872966514739,0.000414365042714617,0.0663526924922002,0.00930481570026001,6.26395712870414e-05,0.00241636050635998,0.111755692741863,0.00120773121877968,0.0301855198985816,0.0066509908633918,0.000434699165030544,4.28659197454909e-05,0.00273505948159382,0.00160290109088886,0.000114633955784642,0.483067169655157,0.00954513244671946,0.000302936773659879,6.06327669814224e-05,0.000446921720594933,2.83095791850921e-05,0.000453729492534354,0.0014705200462815,0.000397821591867719,2.17338854652239e-05,0.00244050405035816,0.000676169286515358,0.000193982964736114,0.113020436627447,0.000176671675886726,0.000177169310524456
0.000951212133147285,0.000151223692311379,0.000302300284902587,0.000425629597975188,0.000276975351516568,0.00159305000314326,0.00978914250772716,0.0346154237161209,0.00142572907423591,0.00111110149092042,0.00142136845281864,0.000590600163575126,0.000853089366246364,0.00602752349559374,0.00166811824561605,0.00103031583630717,0.00618321768488267,0.0011171791070125,0.000490024458779553,0.00128715350422113,0.00305017777810362,0.000280044051132113,0.00147780005986419,0.00117715524556708,0.0300828322552293,0.000360555087983697,0.000572105907002496,0.000847757787213056,0.000822957137333091,0.00151032833652062,0.00362487575778356,0.000243606900435662,0.000639955218851403,0.000980219977302209,0.00168095343459781,4.47146894758012e-05,0.00182027450285903,0.0016783780677376,0.000776681160726141,0.0101319576480862,0.000622106558921417,0.0068049664618732,0.000355277735340158,0.00102739296776563,0.000275617703831457,0.000697176325613951,0.000576531015298254,0.0014409483200809,0.000545147798512195,0.00815012767892768,0.000716038695745226,0.0142691377209275,0.000595329587545788,0.000334128120670893,0.000440451428223861,0.00172749700859737,0.0133742337141881,0.00016317166618034,0.000313055199153243,6.03783632815448e-05,0.00210123980122888,0.00134704744227697,0.00445116833121072,0.0177328762476375,0.000288171105817469,0.00044934141021976,0.000211407633921757,0.000511849252733109,0.000332898456724495,0.0010141687753787,0.000244916916583226,5.60522284886243e-05,0.000378813133970387,0.00065580454183112,0.00103498707052152,0.00036501559322,0.329103627017629,0.00417258785840091,0.00222410576533292,0.000275040823546541,0.000847753594620727,0.00727783272436093,0.00117959440488415,0.000682261216278886,0.410470521092961,0.00294153951077074,0.000713584034046313,0.00162808177844761,0.00022836101433865,0.00152684442791087,0.00728344722202763,0.000815209933488816,0.000189282006812643,0.00604735412400981,0.000481405332739386,0.000503382275308667,0.00206013768643377,0.00101276091538986,0.00155710405695928
0.000507993090485324,3.89245799066033e-05,0.000263591575703278,0.000491404151558196,4.69878295441617e-05,0.0572521773777588,0.182453211661593,0.00205978231526153,0.0106270859629043,0.0107578810846107,8.58040076609719e-05,0.00326623912757278,0.000384943402308971,0.000681443613876699,0.000328858313486542,0.00211492996982113,0.00335851130729528,0.00018755568527682,0.00271591849048699,0.000756579194993638,0.000749506298071668,0.00142903283660531,0.00127914972639153,0.000107149134247329,0.00947532786477595,0.000618495674189941,0.000249686948845471,0.0019611936409528,0.000476546256019724,0.000106778505476114,0.00616675483507896,0.00013227639227354,0.00138512756082699,0.00228212322549674,0.00137453155583627,2.34939147720809e-05,0.000150371290525379,0.0263314318482062,6.91520903458875e-05,0.00133375286799647,0.000479858498665076,0.00396047499097299,0.00030821647018327,0.00108532441704401,0.00106450215658747,0.000525309976502927,0.000113300818551976,0.0123017967953168,0.000336028380600022,0.0131780012565859,0.000375772094721994,0.0302514320859339,0.00236202594044049,0.0024348189658461,0.000527449282600922,0.00100114125556291,0.0935278414563112,0.00016796371397636,0.00156320516638188,7.86747790939421e-05,0.000578409956203628,0.00693789049582068,0.00568996083020082,0.167374354683096,3.42239214928398e-05,0.000387615915910645,4.56581755738066e-05,0.000396794672640112,0.000180527409357093,0.00121194646705119,0.000142231128292006,1.88007055008078e-05,3.07454793367614e-05,8.07012312820147e-05,0.000197466557782211,8.0406551029491e-05,0.107339651332217,0.00150150510975969,0.0358193667355457,9.40035275040389e-06,0.00015587618486953,0.00529999757811362,0.000180721136962314,0.000221391423012324,0.0202898959584634,0.129965983543822,1.62423502074003e-05,2.17546936940416e-05,7.09997132137197e-05,0.00471477329725886,0.00278865081596021,0.00254979735144669,0.0002403277180762,0.00258319412071629,0.000134861784640796,0.000541812993802988,0.00154626255087196,0.000393452500689542,0.000501502862415079
0.0160954877080438,0.0350221349630624,0,0.00212680579414444,0.00242933720893202,5.56082936289253e-05,0.00149331758774325,0.00123922577868539,8.3412440443388e-05,2.78041468144627e-05,0.000113494924022617,5.8309811418823e-05,0.000198849436667647,0.00243409833216936,0.0139899089461506,0.000337621782747047,0.000886068378433407,5.56082936289253e-05,2.78041468144627e-05,0.0158852560552859,0.000170285844264929,0,2.78041468144627e-05,0.000685786967051256,0.0169203794453047,0.000169526398676674,0.00561753390006628,0.00028411703285067,0.000311671831564016,0.000343579814207289,0.000199360494262989,2.9746219016105e-05,0,5.94924380322099e-05,0.000455293177450967,0.0087148219326125,0.000754610523351651,0.000285051271471143,0.00140986216912296,0.000971598644218857,0.000171381554416309,0.000284203949312677,0.000970440873740049,8.49313316198988e-05,0.000172564181029695,5.71271848054362e-05,2.9746219016105e-05,0.00025644374078332,0,0.000898493578732827,0.000286905467102575,0.00222856574232145,0.000224375246717344,0,0.000171381554416309,0.000198557110389628,0.00281586326310916,0,0.000998555468874854,2.78041468144627e-05,0.00587401572514164,0.00222050198021554,0.0009064223789621,0.000599512497395267,0.0129402338628468,2.9746219016105e-05,5.63677392171807e-05,0.000750390114385243,0.0268796205285537,0,0,5.94924380322099e-05,0.101000278874655,0.000460663542682202,0.000567867184354422,0.000201974135482676,0.0560916913470446,0.0255115725118162,0.000315599914252406,0.0645640143104264,0.000228172474658621,0.000343361082889966,0.000456768130342373,5.75503658305676e-05,0.00865605404290235,0.000344119568370019,0.380776261393947,0.15644243241098,0.000200543120876376,0.000794869527141126,0.00971576597734255,8.92386570483149e-05,0.00192308687536092,0.000691276919093059,0,0,0.000145650334550601,5.75943041156726e-05,0.000199272617692779
0.0392520361986873,0.0142979745965049,0,0.000975782302177344,0.000572517355535564,0.000197643265640706,0.00297734530659175,0.0046341033940253,7.08232835550706e-05,0.000248345506637614,0.000909134759459259,4.55350622726048e-05,0.000431340954036884,0.00128470352765255,0.00439424045535676,0.000451865119055366,0.000681672263558943,0.000121327075478802,9.96563133230792e-06,0.0376334364306343,0.00037406786740418,0,0.000261385601404322,0.00136986430534172,0.0472325327341309,0.000388395363383503,0.00835319863696155,0.000132059811451139,0.000859059906880078,0.00014856259861897,0.00147196960583558,3.34228837458295e-05,8.94922329175941e-05,0.000124430507206845,0.000370823923190247,0.00093606002578197,0.00167127374274179,0.000659016641101742,0.00482166677572375,0.000993585724234328,2.95813156714007e-05,0.000190202260912582,0.000473739119080776,0.000277329198448519,0.000135731898746034,0.000277416675293435,7.07506329138702e-05,0.000654971638895474,0.000217011233498965,0.00222130341453992,0.000455784126567505,0.00320107245710182,0.000206273136766132,0.00024089583272986,4.55350622726048e-05,0.000619906769910658,0.0028366415155702,7.95266015852862e-05,0.0034147124675775,1.99312626646158e-05,0.0471361276603663,0.0017653302819125,0.00358156277913237,0.0010210705563825,0.0050817842993262,8.31885393231748e-05,0.000179955380308891,0.00133584862578433,0.00879599431374579,0.000189886682587059,0.000362236254035002,9.96563133230792e-06,0.00598839572751148,6.08576522227627e-05,0.000103615010649854,0.0003153955045247,0.161868739226275,0.00869927391399274,0.000973000033834922,0.0314825453758247,0.000332850191167445,0.00100039625642519,0.000639188281487193,8.44508526252672e-05,0.0107306397691883,0.000613394589835857,0.0163286671323316,0.459628652273313,0.000650407242922519,0.00214873774924385,0.0273250922293441,0.000151432568105909,0.00140352005132721,0.00322500273494673,2.98968939969237e-05,9.65005300678483e-06,0.00112410733387249,0.000307858045360078,8.23043054307998e-05
0.000169340170883807,0,0,0.00281797202482243,0,0.00121315056638195,0.00244972191181176,0.000234160445638432,0.000758941031732338,0.00147679971333153,0.000181787972508356,0.000375818153293947,0,0,0,0.00129729596722456,0.000684116078821078,0.00012254141771212,0.00100156128690501,0.00152015591291477,5.77211429574954e-05,9.31590801516268e-05,0.000825834102505931,0,0.00369634787447626,0.0464716353478873,0.00109905014997986,0.000687735689140809,0.0628105102834339,8.01133067093408e-05,0.000824570060127655,0,7.67790625499178e-05,0.000362881337840143,0.000177475700690421,0.000146948007131962,8.49145923565316e-05,0.000295324790743832,5.38978849688165e-05,0.000523255174255165,0,0.000449088509190981,5.77211429574954e-05,0.0840349472760239,0.000378321592791199,0,0.000173652442701742,0.00182689405295203,0.000350639129562907,0.00484276686138897,0.16388444464423,0.0739669327486682,0.00148186301699864,0.00761547527327028,3.10167073877151e-05,0.127003342678675,0.0214055731628458,0.0044242313395752,0.000342503599756293,2.67044355697803e-05,3.10167073877151e-05,0.0100711639320703,0.00574910081203957,0.000766577819317867,6.20334147754303e-05,5.34088711395605e-05,5.34088711395605e-05,0.0019472161002083,0.000451108123334619,0.00842910283826902,0,0,0.00014044684715257,6.20334147754303e-05,0.000106817742279121,5.77211429574954e-05,0.0328224590509856,0.000407980216679628,0.00243229511924928,0.000102994484290442,2.67044355697803e-05,0.00631196026942937,0,0.000292370602425184,0.00411024749330392,0.00071830683618277,0,6.8643532743304e-05,0.150292117826377,0.108645344558998,0.00125893497256563,0.0380057001695954,0.000967775230643389,0.000301336936893968,0,0,5.77211429574954e-05,0.00022831562782775,0
0.000367685828556904,0.000100070098623937,0.00107511362417359,0.0157543745170103,4.53183314785601e-06,0.0033533296981656,0.00478687092620875,0.00085117744843166,0.000447223265110846,0.000922162584520578,0.000276040191621502,0.000164347915910816,0.000109488220449398,0.000206498951614116,8.76688235574816e-05,0.000679705635193014,0.000408517432955239,0.000211332654797688,0.000171915853506977,0.0032219403664285,5.73875785697451e-05,0.00187916011221916,0.000721667246968971,0.00010573416935693,0.00943475676259949,0.0313475368692379,0.00077233606881259,0.003171445877209,0.00929770592762966,6.77071010459973e-05,0.00335026769885774,1.91291928565817e-05,0.000410578507730592,3.94530905581611e-05,0.000145780752507417,2.86396996475163e-05,0.00013960013482688,0.000276124605967957,5.14917099666364e-05,0.000603901822875363,9.78801667590212e-06,0.000397635171048707,0.000166443311429506,0.0153795010873044,7.49058537688162e-05,0.000116108439432697,2.33835161194702e-05,0.00672253372009697,0.000327199873612868,0.0101079111752844,0.0326717140397071,0.0336405640403642,0.000652497468695017,0.0286331064258947,8.53335555197809e-05,0.00534798370618969,0.00998495033558923,0.00097058910778973,0.00419411646929395,9.78801667590212e-06,0.000355377063935258,0.065839736044448,0.0245550224182955,0.00338408007875262,0.000149919657303132,3.33259045528213e-05,8.48867150245583e-05,0.0175228742891431,0.000104802015544093,0.0035758409557712,1.3595499443568e-05,1.45588868863346e-05,0.000130266197838661,0.000109163912134474,3.89827360933535e-05,0.00011674812450776,0.103540653794671,0.000994870937446583,0.0093883111564044,0.000860254115780795,6.16034290102425e-05,0.00506928977514963,0,9.03357431324445e-05,0.00459124126386828,0.00383287399927746,0.000509692045738371,0.00138945344935442,0.0109286048615149,0.470904449232797,0.00485519785227559,0.0183580349459651,0.00141067095297334,0.00109302144300014,2.71909988871361e-05,4.56264690462373e-05,0.00110187861481645,0.000121287196848076,0.000159823092446207
0.00172723731221624,0.000364899327748812,0.000117777857805427,0.00208620027599349,8.84977986480912e-05,0.000544358375838981,0.00621696629838774,0.00510544124083986,0.0011328381160864,0.000335661685929365,0.000424653928115832,0.000500649282983791,0.00028801773816831,0.000979965983082396,0.000711621693243663,0.000469710320615983,0.00235722308539428,0.000543551792662441,0.00024428406150497,0.00875139512772282,0.00013951752662232,0.000166871785445545,0.000324682082176544,0.000124355261076783,0.0588669979203851,0.00053045552506537,0.00188861431712657,0.000130615094383758,0.00120830866490294,0.000515026043808784,0.00219251719323342,4.31568834930342e-05,0.000211375866830909,0.000399960637826584,0.000869535913025899,0.00011529193146819,0.000625341337076547,0.00132321681546477,0.00146493074340869,0.00192915887822969,0.000159129830206211,0.000832839378910067,0.000219353639799121,0.000860104701549822,6.36147688310115e-05,0.00021563527781791,6.95112864498847e-05,0.00114427322677429,0.000237144198884923,0.00765996170195774,0.000879734870936489,0.00691153264321578,0.000259856493471095,0.00037964963716625,0.000276712523861661,0.00128377041584948,0.00500203196345017,0.000123891896903146,0.00647093360430223,2.53512749748088e-06,0.0148104849163661,0.0027466702499463,0.0185312198193007,0.00425742660834327,0.000319484498002836,0.000167048095757478,0.000124930800021811,0.00167630972114019,0.000240392852864213,0.000539707381676283,0.000109651379479954,1.77458924823661e-05,0.000307638620305652,0.000186828649499891,0.000301368258233147,0.000117197415120063,0.55125308240962,0.0023432725708078,0.0028038186491528,0.00172737225836205,0.000168075728551282,0.00331134011756618,0.000176411513311626,0.000190596454774183,0.0163278402340813,0.0011532988708426,0.000396025628000135,0.00362199082242568,0.000129426778512887,0.00242380434912682,0.224004894502075,0.000532375175649731,0.00157840276175604,0.00140865285045761,0.000135888142554367,0.000484711203905371,0.000997603885110176,0.000369261337401691,0.000894649685539251
0.000248795241148169,2.31035403768152e-05,0.000642339933523868,0.000994576722272604,1.11534332853591e-05,0.00328681112471028,0.00892472917889723,0.0013157591587264,0.00151795441873262,0.00296671921897677,9.38454620951618e-05,0.00132683125156096,7.73171659852389e-05,0.000291841740592752,0.000926952566439091,0.00788912646783478,0.0008784850408927,0.000101381717675081,0.000584049493654781,0.000867797870973147,0.000254148895843423,0.000913730713480463,0.0015540921503287,8.76785064297735e-05,0.00310836582038457,0.00123362939796004,0.000210960896574377,0.00232800358060592,0.014060681736668,6.15026538608937e-05,0.0044815878443854,2.65480669933073e-05,0.00141997302149539,0.000332851239231037,0.000351281418496056,8.74720716463851e-05,5.35160124030116e-05,0.000311873629706981,5.37224471864e-05,0.000413178480660925,0.000105492364285181,0.000911909169261706,0.000192411713220044,0.0519457341882314,0.000277463908352771,9.80982523326438e-05,0.000131457152450403,0.0144841542782275,0.000897201520367017,0.0056343584003113,0.021764995620212,0.262281427277625,0.0020968162418788,0.0228499705571759,3.7075187078881e-05,0.0057753789376329,0.068662136126274,0.0115516638244973,0.000599729702223333,5.57671664267953e-06,0.000132149443577629,0.00789637070196162,0.00409259032852773,0.0016718230335415,7.06444992340988e-05,0.000140568205633,0.000443278439890148,0.0011047985482434,0.000311628373880009,0.0188170189531708,1.11534332853591e-05,0,9.2635870067291e-05,1.32740334966537e-05,5.90927290456912e-05,8.25946063255549e-05,0.0293671344336596,0.00101700520239743,0.00486711038026936,0.000951935632999906,9.92279861355448e-05,0.0138971462156971,1.85375935394405e-05,0.000147160273046257,0.00557819790143982,0.000925255620077336,0.00082366454909753,2.59455857895067e-05,0.00423711739002527,0.0172139598316113,0.00169285335880855,0.347359431324644,0.000119919311214521,0.000920063929498261,8.59301206429064e-05,0.000316262996856335,0.000473196839300482,0.000195217228071787,0.000110684624322341
0.00124410251672527,0.000334197286012285,0.000158031130273278,0.203514052057159,0.00011672622492004,0.000703951595090078,0.00299029626422361,0.000874053844539011,0.00126255619175624,0.00109988516673654,0.00105838996433554,0.000501809432858448,0.000149508103022584,0.000128797344095696,0.000411886416774832,0.00104977785548665,0.000885317809418963,0.000254768119703745,0.000254325974912381,0.0306435041755882,5.81420400643383e-05,0.000108528729960172,0.00114238228393792,0.000395331698861032,0.0236481857501892,0.0067335618824482,0.0305907189027105,0.000442754559591919,0.000876706713287194,0,0.000928330362124493,2.90710200321691e-05,0.000600785689865197,0.00051293917521245,0.000284281284527278,0.000294718047063428,0.000126720842664827,0.000598104277497552,0.000317063162629822,0.000453615856894022,2.90710200321691e-05,0.000256123097697299,0.000275641644776046,0.00177692221036946,0.00032290477751287,5.8584184855702e-05,0.000117610514502768,0.0008743046795655,8.76552048878712e-05,0.00877817542062629,0.00119915173598329,0.0053976238333652,0.000263407759454977,0.00193484482987913,0.000117168369711404,0.000980035384657487,0.00444585330840727,0.000831528183718169,0.145106134760186,2.90710200321691e-05,0.00233881596219717,0.00894876737506302,0.0363942391561559,0.0033522043223947,0.000127605132247554,0.000277276001415551,0.000503135867232539,0.0181637174857578,0.000549044021975809,0.00322328856541248,0,0,0.000419199622151973,8.72130600965074e-05,9.80919674240215e-05,0,0.136371993817606,0.000450039221349598,0.00350931695575155,0.00267418400545794,9.80919674240215e-05,0.0034930495119264,2.95131648235329e-05,2.90710200321691e-05,0.00414942519472289,0.00219933102053883,0.00297429544631036,0.00410764211810457,0.00208176665968094,0.0285614935823604,0.0825771987210455,0.00182916027843202,0.158420659946993,0.000362412560081189,2.90710200321691e-05,6.90209473918523e-05,0.00244860473729825,0.000284281284527278,0.000108086585168808
0.00112719028546499,5.69304035397357e-05,0.000339905921656217,0.000152961578777103,0.000788076563075646,0.0011132712277454,0.0157189810400188,0.036639519439966,0.00108781613694946,0.00115354835642612,0.00880086376084731,0.00120393924355852,0.0284994885491543,0.00560792031910937,0.00101099400088724,0.000527128304865115,0.00900219973632702,0.00290432094208285,0.00115626865200809,0.00111156977301632,0.00368708032581814,0.000425074110192004,0.000996495019785359,0.00162450852305522,0.0212123841313149,0.000294952108315051,0.000543270403535596,0.000351925249446731,0.000535008057754688,0.00350892405002206,0.00417275338822526,0.00117947339422245,0.000525932833693045,0.000955784677839614,0.0036789365348315,0.000142249505391234,0.0133517668948098,0.00256813653232664,0.00253111442244449,0.0419764990926311,0.00153392495033306,0.00745929415187286,0.00099496663018247,0.00132183065699579,0.000184815924723738,0.0294217076957461,0.00176053547878571,0.000631799793278262,0.000726371445141216,0.00145787289853855,0.000209321011480609,0.00997961409261173,0.000267574599951318,9.18019477564193e-05,0.00789189179857396,0.00144911409283812,0.00939281430347749,0.000220123080961414,0.000793037949193614,0.000201889997801955,0.0012865417454088,0.000493231182802017,0.000952697988580838,0.0044017844886898,2.47404333586615e-05,0.000404376566301064,0.00022841255616496,0.000276474272058874,0.000665981917998009,0.000396928779564223,0.000600870744958211,0.000160636470509689,0.000168072880142176,0.00446044719862439,0.00136678014449147,0.00745106219004762,0.110284597867051,0.00407174421481823,0.000677052701988935,0.00134623446963429,0.00664855864364052,0.00559543796776983,0.000314097767695702,0.00109211180610059,0.0649437783804287,0.000827459459266787,7.03009320796709e-05,0.002153797336253,8.53658499845375e-05,0.00072584809748081,0.00670744323841685,0.00168564771123931,0.000131987921301855,0.441330401647242,0.00048000024414227,0.000521423699858301,0.0076858198746259,0.0013326326132904,0.0196937520046145
0.000444657482258462,2.0074586079281e-05,0.000120447516475686,0.000162542223885423,2.0074586079281e-05,0.00111348782735454,0.0137249404387555,0.00114838606946553,0.00843057625056008,0.000974585726529203,0.000925012287108864,0.00160461477125496,6.75970145760601e-05,6.02237582378429e-05,0.000154295847605814,0.00059736927830898,0.295525144353524,0.000220610857573999,0.00265785535379754,0.00109917199209143,0.0017379184586051,0.000639868784245166,0.00014410393607503,0.00025799770739362,0.00490902438881551,7.20519680375148e-05,0.000549282966853096,0.000707932758189491,0.000677506796345293,0.00632027342696675,0.000631112133766723,0.00518880768357893,0.00107571911115975,0.0129855649072214,0.0101582853267664,0,0.000248931819932889,0.000974429745991381,0.000163666885908798,0.0115511071655642,0.110693743361807,0.00178758761672884,0.000231775536730371,0.00121280953274428,0.00413534997246067,0.00522010000315201,4.55768932456041e-05,0.000283962507986696,0.000195108550407676,0.000699534487512094,2.55023071663231e-05,0.0129336392481126,4.01491721585619e-05,0.000360878314152149,0.0447888088861649,0.000585944125187602,0.00809650061835014,0.000299936434265535,0.000252159359791939,0.000212574070592481,4.01491721585619e-05,0.000246731638704897,0.00121220097290793,0.00063951040444412,8.41894148194741e-05,0.0123453110741266,5.10046143326463e-05,0.000149790389278922,0,0.00114556817387591,0.00020955301613669,0.000287954968021397,2.0074586079281e-05,0.00554094863854838,0.000209243779154402,0.000485368795527973,0.0591904668850643,0.000804815932913684,0.000121420284101273,0,0.000620717822972714,0.00165395644882889,6.75970145760601e-05,0.000773225098110375,0.0252220551616122,0.000365846645707271,0,2.0074586079281e-05,0,0.000358932778900973,0.00242777267083193,0.00124127928560613,0.000166997177346877,0.00585904380054367,0.224336795999285,0.00274517142534568,0.00123431082779436,0.0476330593150251,0.0223219660095794
0.000323340601740906,0,0.0703110702229968,0.000121297202856884,1.35492878780491e-05,0.0054861199665203,0.0595478880446285,0.000948719217568087,0.0246935107391524,0.0368376260789228,9.25826569868896e-05,0.00251323623462283,0.000134011808865652,0.000172585608164068,0.00142143570486328,0.000424204445571554,0.00674786603971364,0.000146456614476307,0.0378018045166325,0.000275854367985054,0.00013161448057443,0.0269444020320231,0.0013278922073969,0,0.00891589276984919,0.00103679208886982,0.00028681810368087,0.00690662829370619,0.000157743474262191,0.000101202318150728,0.0195877075469118,3.79273413201465e-05,0.078053937367856,0.00834553214072675,0.0023080504793135,0,0.000481448984887845,0.0023774162106214,5.38739574894172e-05,0.00228150146976491,0.000518769659942145,0.000502448833837596,4.9079300906974e-05,0.00147565792725229,0.0598278046289499,0.000100879124127949,2.43780534420974e-05,0.000403531776809096,0.00300451527603235,0.00157084704630193,0,0.012891657554808,0.000604875394022895,0.000211159267597062,0.00284616933146696,0.000437769013746904,0.0289236411435656,0.000191387646846396,6.93090858121864e-05,1.11519595868275e-05,0.000293844627760876,0.000740602197720879,0.00126833016797872,0.00199926287468183,1.32260938552699e-05,0.00611675738233124,0,0.000183880055649069,0,0.000187885766355069,5.29043754210798e-05,0.000131131525273919,0.000146431753397631,0.000109633755423555,0.000504243167330286,0,0.0396033764644826,0.000353790877491973,0.00260980358753613,2.70985757560982e-05,6.43795290306864e-05,0.00542981381928335,0,9.95863480368321e-05,0.013634180559329,0.00422763387657177,0,1.35492878780491e-05,0.00069342520641201,0.000538093116915903,0.00221104489306821,0.00171251316519208,0.000133205659542362,0.000602742516277414,0.000555691683578756,0.392619853314591,0.000689619643124206,0.00114423852393256,0.000273652956183028
0.000867777230881073,4.42950974913042e-05,3.92870947610915e-05,8.4302115156001e-05,0.000197822004466665,0.000109067106169201,0.00361371800570969,0.000728107312675653,0.000157833699153405,0.000454562918936689,0.00463065326986481,2.67587899754566e-05,0.00134188738748495,0.00295600351211689,0.000466039237456131,0.000202034729295692,0.000930021419592072,0.00835569065894511,4.39681004690118e-05,9.98886549401018e-05,0.00270113526114038,4.6338101997094e-05,0.000106665200494869,0.00348685390007401,0.00380953352989789,3.90024991668366e-05,8.53629323537889e-05,6.90702967453936e-05,0.000474766916127016,0.00380754681830777,0.000665452944261219,0.000361008924959963,0.000178413150452087,8.51298970051683e-05,0.000198213300545506,0.000467257170685993,0.000501430685210496,0.000293940880517346,0.000119263486539293,0.00173831887445356,0.000183125698775396,0.000269022369525602,0.00540747027670953,0.000661901679796951,2.17205830940452e-05,0.000468033780740568,0.0100188023235593,0.000101000307483895,9.28769912503428e-05,0.000683895419585427,1.55078355664452e-05,0.00283055802632466,5.63506331395468e-05,2.09392573700676e-05,0.00034597399342382,0.00013638055477678,0.00134218210047253,3.68352037382793e-05,4.24599032054838e-05,0.00123733729545109,7.37547767712864e-05,0.000188425265158361,0.000657459382304356,0.000442523166991276,0.000729372983751671,5.54734463210794e-05,0.0124642599839232,5.95691728095e-05,0.000256579573073119,0.000257904643711253,0.00435870982338865,0.000583783121184927,0.00025615426207652,0.000419090175829603,0.0447048404246429,0.000473507215521186,0.0172600927127315,0.0126317962713011,0.000266621477791797,5.03820688141138e-06,0.00299203504747588,0.00125726067252967,0.000854880972849599,0.014567824952257,0.00478855552326263,0.000198583773501402,0.000148142474268419,7.9936614670611e-05,1.93921329964748e-05,0.000284640256634616,0.000907915069538393,4.30116484762612e-05,0.000118673738483846,0.00285381616603615,7.93647991616544e-05,4.04925450355556e-05,0.805698405629439,0.000179317086526332,0.000185997460225776
0.000199489256276892,2.44485032171621e-05,0.000776530382889051,0.000165382804972724,0,0.000527385901499478,0.0218263662700931,0.00200126669620964,0.010550077433012,0.00120723444075757,0.000636366825212969,0.00822322943974316,0.00051696779113739,3.05282897314829e-05,0.000159012126815069,0.000103873799382969,0.408757843704572,6.9400008297576e-05,0.00671590545382428,0.000546907602971259,0.00112511575143982,0.000525404512614851,0.000146852553786428,4.49515050804139e-05,0.00656325613822774,0.000112378762701035,0.000142907052432518,0.000552705136049917,0.000157330267781449,0.00298171514444871,0.002870521327885,0.00208870695336335,0.00142176432827671,0.0380217856305312,0.0162164073051099,0,0.000321678863340715,0.00144894423275957,6.10565794629658e-05,0.00935899829164447,0.026232843385985,0.0037907723281155,9.38485115147381e-05,0.000565437854157555,0.00518216262036914,0.00143201269785805,4.49515050804139e-05,0.000345027290810925,0.000201462006953847,0.000938260521747925,0,0.033864162412893,0.00065383544067645,0.000269256604355694,0.00595675866175464,0.00046677310995563,0.0127585787727056,0,0,0.000113984173596764,3.05282897314829e-05,0.000101901048706014,0.00247167979262429,0.00166930922956073,2.44485032171621e-05,0.05281126974634,0.000123642121683769,0.000173435342164,0.000648917277138741,0.000252699103846352,0.000485961592566487,0.000261204067164418,0,0.00316632539651903,2.24757525402069e-05,0.000169328306326635,0.0479506532385701,0.000745320322617103,0.000168670074902074,2.24757525402069e-05,0.000366844811926571,0.000992502635134118,2.44485032171621e-05,0.000391951546568294,0.026061861603307,0.000501193992019036,4.49515050804139e-05,0.000112378762701035,0,0.000281416177384335,0.00228164045788323,0.00100730343271051,0.000107980835220335,0.00192031243728599,0.0559457754719315,0.00345122246308753,0.000593942427786822,0.147172767134646,0.0073304358772677
0.000579954229836863,0,0.000403757782871212,9.74212155833583e-05,0.000320124342164363,0.00107992162242267,0.0220388609134214,0.0110657173905747,0.00593584685448405,0.000758667892886373,0.00347448144631764,0.00491581745271409,0.0026341876871077,0.0021773222245296,0.000276125044253015,0.00047501603026512,0.108764978906234,0.000675224232601176,0.00128083297007959,0.000670179734958519,0.00105281714716777,0.000609849512082491,0.000556657585377432,0.000395297751183462,0.0132059952522502,6.95224921884899e-05,0.000352216619733678,0.000263146744115049,0.000175363991104475,0.00253321043166579,0.00110263256922036,0.00176505174596782,0.000753645195213677,0.00405537990500654,0.034230095911647,6.33308385293646e-05,0.00303681857329849,0.00338389129882447,0.000263524173748097,0.0682278735233896,0.038293702724752,0.0351277576398642,0.00046363333900036,0.000629937452600523,0.00224985750337939,0.0354998997659464,0.000596671237661772,0.000562079872134385,6.12257676962079e-05,0.00125778280137005,6.53123505221765e-05,0.0109904758855363,0.000169935670198004,0.000229511213548559,0.0161908420552307,0.000783040490397959,0.0132285404525154,0.00010284953648983,6.95224921884899e-05,0.000341228125334458,0.000769923764302325,0.00100189449719446,0.000316660945758837,0.0036860295102955,0.000135528872614174,0.00477280145873234,0.00038616027708407,0.000123546155792229,4.5502622812776e-05,0.00018898206515475,0.00064176497623231,0.000148020871655447,6.0670163750368e-05,0.00489414029695362,0.000833292451071645,0.00267236364557562,0.104947063840094,0.00440319734729198,0.000537489531695508,1.60544325305909e-05,0.00179592851472911,0.00493854663034651,8.64638163120797e-05,0.000421932153352283,0.0830820026864818,0.000602185448909256,0,0.00032115623308642,3.21088650611818e-05,0.000303675892508857,0.00222681221334393,0.000700539698071503,4.42844435726182e-05,0.103608063543098,0.00727803852328987,0.000782885476948424,0.00198359164318536,0.0045765806737523,0.19599955020597
