0.14146873645566,0.00099105752859417,0.00182413994704458,0.157788780526665,0.00170532106078261,0.0260402390960043,0.000333503010303488,0.00058329271437695,0.030416284668448,0.000988357099360943,0.00037941030726834,0.000671056664456815,0.00247899403610204,0.000260591421006369,0.00153249358985611,0.00788795379025496,0.0065930979729228,0.00168101719768357,0.00451781810718814,0.00659579840215602,0.00225080776589439,0.000446921038099006,0.00336203439536714,0.00304743438969624,0.0467835862510346,0.00256810820079852,0.000270042923322662,0.0123436620250789,0.00112202834640566,0.000653503874440842,0.0010653193325079,0.00397503183130959,0.0175352372259571,0.000721014605271508,0.106942398494241,0,0.00889521389424849,0.00530364301405708,0.0053765546033542,0.00199696741797109,0.00872643706717183,0.000324051507987195,0.000297047215654928,0.012535392500638,0.00161350646685291,0.00117873736030342,0.022479723151995,0.00119088929185294,0.00545351683650116,0.0289958588917708,0.000820930486900893,0.00863327225862551,0.00040371417036738,0.0033984901900157,0.000372659234185274,0.00630280183035093,0.00158785238913725,0.00627309710878544,0.00214279059656532,0.00930027827923248,0.00207663008035127,0.000903293578514305,0.0711468587932052,0.000314600005670901,0.0183777711467238,0.000236287557907329,0.00131240860734814,0.0176608071853021,0.00807158297811437,0.00304203353122979,0.0103682980409736,0.00417216316533513,0.0310441344651732,0.00588963615766726,0.000826331345367346,0.00160405496453661,0.00192135539944074,0.00804592890039872,0.00310819404744384,0.000525233485862578,0.00882095209033476,0.0569777066064651,0.00212523780654935
0.000502433144547421,0.0498281584292006,0.00653398972017068,0.0055385587952927,0.00485685373062507,0.00249565383535761,0.00576972521860559,0.00272210257656208,0.00910512646926312,0.00289193913246544,0.00248857731219497,0.000695858110992907,0.00499366651176944,0.000490638939276355,0.00759310935351243,0.0116385217614881,0.023616716634783,0.00384019323625916,0.00494648969068517,0.00363733290559682,0.0874823381776066,0.00808846597489721,0.00476250008845654,0.0135468241743467,0.018771657109429,0.000632169402529149,0.00491818359803461,0.0356397294881079,0.00577444290071402,0.002920245225116,0.0125985700705529,0.00137284549355211,0.0106360143134475,0.00173610701590095,0.00325755949586849,0.00274333214605,0.00870176464899266,0.0135963598364851,0.0102114229236891,0.00262539009333934,0.0472711747264334,0.00244375933216492,0.000686422746776054,0.00333540125065753,0.00672505584556196,0.00283768578821853,0.0144714898675983,0.0106808322934776,0.0200784550534631,0.0481014867775165,0.0038472697594218,0.202018224405985,0.00421760780493328,0.00411853648065632,0.0118885589132347,0.00445113306930039,0.00181866645279841,0.00812620743176462,0.00425063157969227,0.00161816496319029,0.0102798293142613,0.00325520065481428,0.0306437041352842,0.00246498890165284,0.00394162340159033,0.00238242946475538,0.00123367387135353,0.00110629645442601,0.0111007060011275,0.0231543837881572,0.00146719913572064,0.00314669396632047,0.00499602535282365,0.00448651568511359,0.000648681289908642,0.000660475495179708,0.0237841943496321,0.00238950598791802,0.000629810561474936,0.00196727343921385,0.0176299780391898,0.0362034925000649,0.00523898598140761
7.10684561090617e-05,0.000468970935832058,0.211149134476177,0.000338257545008422,0.00148232826732172,0.000105541206511892,0.000231806500509358,0.0265371434787211,0.000904985517906572,0.00126113654332937,0.0128492375203842,0.00164620019812228,0.011397944837736,0.0033090807593427,0.00151922725235701,0.00203702616016727,0.00246313361749259,0.000926215070940573,0.00199052332971184,0.000530637732740348,0.000662058775331785,0.000195311887912812,0.00455838940883883,0.00227560589902557,0.00249396701594673,0.000246262815194416,0.00015851399598721,0.00565777697667105,0.000689556101166301,0.000798938845846251,0.000709168164445331,0.000305705563689619,0.0067773831664404,0.00518294264047722,0.000254046984640216,0.000213306461436871,0.00206027757539499,0.00296010734470759,0.127437367511161,0.00101548028679306,0.224125749314766,8.66367950006627e-05,0.00215479963295114,0.000410943490872455,0.00139650021719855,0.000789840465974536,0.00250589600288964,0.000534984736456834,0.00202711903541807,0.00202347968346939,0.00254501903633802,0.00164751440854819,0.00452199588935197,0.00571974705290839,8.91641227428057e-05,0.000441877982436285,0.0013182541503018,0.000672875738068157,0.00459063811082858,0.000186213508041098,0.0240180042784626,0.00768337961544383,0.00694681521827367,0.00445264601610757,0.000100789830356664,0.000180350107679326,0.00172596266166431,0.000159322740864696,0.000876072888536456,0.189250749428495,0.000308232891431763,0.00072241136181416,0.00113638764597719,0.000728881320834046,0.00648239347237747,0.000164680675678039,0.000494951865021289,0.000973122273834748,0.000224022331063557,0.0377836508381478,0.00361519069547106,0.0041798968061755,0.00413106883419729
0.0421216877278161,0.00130363992401851,0.000982160974166783,0.466670700432958,0.0050635990485201,0.0117517057941997,0.000388708388033649,0.000650903196943139,0.0126568585028126,0.00103961158497679,0.000712020868017612,0.000512166083604085,0.00144726645104352,0.000278696580099597,0.00481729483408997,0.0193779687908724,0.0101620351695526,0.00169051478191993,0.00165751123953971,0.005916190560009,0.00325512716142644,6.17288477852178e-05,0.00181091659393664,0.0131476334015407,0.0157365779482553,0.00180724953367217,0.000266473045884703,0.0195912694629224,0.0013403105266632,0.00013568122978533,0.00134947817732437,0.000624622598381115,0.00292814762117801,0.00111417514368764,0.0219271868513887,0.000197410077570548,0.00891095644265818,0.001015164516547,0.00370800910408828,0.00518338968382606,0.0174478727383406,0.000204744198099485,0.000222468322711082,0.00347515077729454,0.00132014169520862,0.0005451696259843,0.00671683205108459,0.00186592249790366,0.00703708864751483,0.0193058499390046,0.00205722080836676,0.00397814921023745,0.00141915232234927,0.0033816407405506,0.000607509650480263,0.00584590523827335,0.00156277884937428,0.00249115627299552,0.00223690676132572,0.0324351480392229,0.00631590012883605,0.00101088627957179,0.018158060076226,0.00156644590963875,0.011083078472645,0.000286641877339279,0.00107689336433222,0.0116484169300838,0.0229906343280845,0.00420489576992375,0.0528857319574523,0.00218251203406943,0.0166337853596286,0.0046223294633624,0.000388097211322904,0.00101638686996849,0.00147110234276257,0.00166790124362237,0.000914931535984862,0.000384430151058436,0.00992550978249443,0.0188780262414833,0.00321784538207101
0.000704518314174533,0.00171786657428859,0.00651488961615181,0.00391624816314755,0.14222685692894,0.0012703679190703,0.000873663662855224,0.003891866851626,0.00609735965634541,0.00624517135744476,0.00238479703320074,0.000848774407343651,0.00363586308064982,0.000467816414819571,0.0602934595608011,0.00999735361181193,0.00710715230852924,0.00312283965071739,0.00363789485660995,0.0100715134343566,0.00220650869269947,0.000420069679756553,0.00539995255803133,0.0372510883969846,0.0184500495499362,0.000794424400410216,0.000370291168733406,0.170454320343004,0.00322493639271385,0.00023873367531509,0.00233755824212776,0.00105652349926678,0.015725945931394,0.00319547564129199,0.00129017773468155,0.000279369194517659,0.00671146394029423,0.00333871584648104,0.0132278773884161,0.0457317212545607,0.0584999093319978,0.000383497712474241,0.000898552918366797,0.00253718023021038,0.0126147889924474,0.00110376229033977,0.0206946540418881,0.00135722634136579,0.0074291887982096,0.0288258214343221,0.00385681871631379,0.00612021713589686,0.00297350411764796,0.00792240241253078,0.000623247275769396,0.00354443316244404,0.00416717249422341,0.00310658544303637,0.00390964489127713,0.00239292413704126,0.00773344724823883,0.00262505454048593,0.0669068903110192,0.00163050020800306,0.00414025146275171,0.000430228559557195,0.00351294063506205,0.000965093581061004,0.0290518565098864,0.0194821917376815,0.00155278477752815,0.00444450991278094,0.00950871149340105,0.00765217620983369,0.00135875017333589,0.000595818300307662,0.00146846607518282,0.00191545678641108,0.000869092166944935,0.00154770533762783,0.01297339744941,0.0244397250803948,0.0155019426317899
0.00552129533310736,0.00141426438022763,0.000684205463034474,0.00481281451198888,0.00146461327106854,0.110058179941541,0.000422571048129044,0.00102316138887415,0.176611321847193,0.00164712800036683,0.000832554873547862,0.000493598947708181,0.00466446510147549,0.000226570008784083,0.00258757335428806,0.00541700120207977,0.0054718455296029,0.00914461729897981,0.00452420747699011,0.00513918321511833,0.000917968170510115,0.000103395043691149,0.00463479521937281,0.00288517126265128,0.0453355798528913,0.0254279880493311,0.000170826593924507,0.0106820566443004,0.00449094124554165,0.000677012764342916,0.000997087856117255,0.00394879158166545,0.0116063184261656,0.00159408184751659,0.0584092088121348,0.000541250576539755,0.0198077931092148,0.00296159368624909,0.00429134385685091,0.00187819344583313,0.00630440040315076,0.000272423462942767,0.000673416414997136,0.00666942986174734,0.000899087336444775,0.00113824456793909,0.00951683945626794,0.0010501340089675,0.00360983565582577,0.0366656806675544,0.00325919159461231,0.00302992432381889,0.00182784455499223,0.00325199889592075,0.000232863620139197,0.0493347203253977,0.00101506960284615,0.00267118847657743,0.00255340803550316,0.00221804845900926,0.0022369292930746,0.000847839358267423,0.042003562184027,0.000525966091820193,0.079911781550548,0.000385708467334808,0.00227559004854173,0.00545476287021045,0.0053252942937624,0.00279256526699747,0.00284021689582904,0.0114975288584558,0.107869801364635,0.00800727181837717,0.000268827113596988,0.00159318276018014,0.00125332774700402,0.00726372659113734,0.00626484056034719,0.000539452401866865,0.0065381631106264,0.0209136705330419,0.00367367085671335
0,0.0105493385428832,0.00199180345274245,0.000615802773235937,0.00239101352642643,0.00022083961522944,0.205227953198989,0.000862123882530312,0.00172849468073811,0.000106172891937231,0.00107022275072728,0.00164355636718833,0.00261610005733336,0,0.00322765591489181,0.00510054572866456,0.00831970781220139,0.00203002569383985,0.00132079077569915,0.000781432484658017,0.0308793238910241,0.0283566559785955,0.00323614974624679,0.00644257108275115,0.00369481663941562,5.09629881298707e-05,0.0212897882912535,0.00739812711018623,0.0011041980761472,0.000475654555878793,0.212583611152401,5.09629881298707e-05,0.00676533667424033,0.00103624742530737,0,0.0344679676385025,0.00475654555878793,0.0124646975134309,0.0194806022126431,0.000441679230458879,0.0133607967213811,0.00530439768118404,0.000734716412205636,0.00170726010235067,0.000314271760134203,0.000870617713885291,0.00112118573885715,0.00201728494680738,0.00856602892149576,0.00204276644087232,0.00307901386617969,0.212728006285435,0.00206400101925976,0.00325738432463423,0.00829422631813645,0.00131654386002166,0.000913086870660183,0.00452721211220351,0.00117214872698703,0.00065402501433334,0.0092200539358291,0.001180642558342,0.00709659609708449,0.00113817340156711,0.000836642388465377,0.0234089992143206,0.000620049688913427,5.09629881298707e-05,0.00263308772004332,0.0125623765740131,0.000675259592720786,0.000976790605822521,0.0023655320323615,0.00112543265453464,0.00158409954770348,0.000344000169876627,0.00425965642452169,0.000267555687681821,0,0.000322765591489181,0.00170301318667318,0.0041364958698745,0.00466736032956066
0.000266443328105245,0.000489746528766774,0.0611338038789693,0.000355552443808658,0.00183893633418889,0.000185467187247778,0.000289074214633096,0.194577356701845,0.000714464159836294,0.00119165761873215,0.00530199238435308,0.00505199180974072,0.0931729510693713,0.00166195572938905,0.00152723123302794,0.00220934029728145,0.00215329349236482,0.00118812154271217,0.00407444359401816,0.000620581341505912,0.000892859195044119,0.000300212854096022,0.0391074095467334,0.00231082567905478,0.00363667738274505,0.000256365511448311,0.000203677978750658,0.00561564232732501,0.00158822854437254,0.00113631802901951,0.0005769108026592,0.00035679007041565,0.019286289024356,0.0300458611379411,0.000382073013958483,5.6930823921625e-05,0.00350495855100091,0.00647172633176137,0.110585296606941,0.00121110603684202,0.248407041953951,0.000120933799883203,0.00257550096915004,0.000827972200077546,0.00117097157401529,0.00123391372717087,0.00297949765443237,0.000445545578517065,0.00231736741969174,0.00403678438440541,0.00368087833299475,0.00136333410950202,0.00351786522847383,0.00625832414395578,8.99931347084072e-05,0.000924860683024908,0.001214111701459,0.000925921505830901,0.0081672747833402,0.000168670826152889,0.0119828776126961,0.00455110664151102,0.00770104316010627,0.0025650695448911,0.000274576302951191,0.000196075415307708,0.00202511073664066,0.000170438864162877,0.00120474110000606,0.0379405044601411,0.000250000574612353,0.00112800825037257,0.00206241633865141,0.00106188362879901,0.00508894380414948,0.000446075989920062,0.000585750992709142,0.00169360360976784,0.000397985356048378,0.00935734116786336,0.00391956346434318,0.00499682902382909,0.00444272591149874
0.00233002102794752,0.000615388088958759,0.00112156054438217,0.00212392902716568,0.0020615763517699,0.0207602904558269,0.000220400298925289,0.00037122813898792,0.402097964060443,0.00122211243775726,0.000913499511745735,0.000297192541254827,0.00151431676498043,0.0001445269381279,0.00197927082024748,0.00405187375040316,0.0024950258973633,0.00591851594856731,0.00196404364057188,0.00342716557733261,0.000618669808716431,8.30931442642693e-05,0.00235890016181504,0.00379183027680519,0.0355247476455958,0.00919078435333778,0.000139669992886544,0.00781338093664745,0.00478999815829887,0.000221844255618665,0.000722372153058885,0.0116914548086843,0.00701697318585547,0.000589528137268299,0.0121456448231462,7.6792242329538e-05,0.0190929142813487,0.00183828813945786,0.0019854404533919,0.00114125086292821,0.00628764378691032,9.76639799883355e-05,0.00047847474066866,0.00337006365354911,0.00137228393386836,0.00113875675591238,0.0060286504636348,0.000557367283643108,0.00242309060027511,0.00990107977768843,0.00254346408098654,0.00136335765612749,0.00276885259394349,0.0020271839287095,0.000238121585616721,0.0769551468983088,0.000677609495564231,0.00175033804995224,0.00244068061817624,0.00126293703154271,0.00223668891803931,0.000710557961931263,0.0249199358830721,0.00109885104365908,0.0154809222472639,0.000149515152159562,0.00129273504694238,0.00291981170279643,0.00328316371436594,0.003426903039752,0.00120636018292043,0.00661305911808113,0.183407572397691,0.00322133611413139,0.000362039323666437,0.00285050178151439,0.000673540163064717,0.00389947068485685,0.0211063149870759,0.000568787668399809,0.00663695003791699,0.0108057842804836,0.00298295199093405
0.000608391951693328,0.000895055018269292,0.00838686714963987,0.000766188135129638,0.0107871224287989,0.00087576881807152,0.000394490458590775,0.00282630497443702,0.00351534830877557,0.100405711520524,0.00285698756566075,0.000389230585809565,0.00328040732454818,0.00063644460652645,0.00595329934286656,0.003425930471495,0.00360038291873847,0.0043586812446963,0.00324797144239738,0.00189443084669925,0.00129655864056835,0.000731998962051771,0.00243269116130978,0.00542117554650078,0.013754567322865,0.000770571362447314,0.000123607010358443,0.34366693784233,0.00302705678558655,0.000362054576439978,0.00178485016375737,0.00024283079339921,0.0126613904298368,0.00183218901878827,0.00114051574805911,0.000129743528603188,0.00540013605537594,0.00422017126145776,0.0175820014166591,0.00951598650667303,0.0642966848775151,0.000220038011347299,0.00181202617312696,0.00233450686939385,0.0357934342761363,0.00137808666867711,0.0120109194958938,0.000684660107020878,0.00308929861349754,0.0172839419590572,0.0571827069409281,0.00543870845577148,0.00968517908113529,0.00722443526499239,0.000397997040444915,0.00455592647399168,0.00283419478360883,0.00249405634375723,0.00293763894830597,0.000724985798343491,0.0120573817054611,0.00411848038768769,0.0292711920274355,0.00501791863327466,0.0011554187209392,0.000121853719431373,0.00453839356472098,0.000702193016291579,0.00378886169339851,0.0262634214420467,0.000673263715994922,0.0030358232402219,0.0077723386797018,0.00532562119097546,0.00107476733829398,0.000891548436415151,0.00121415396699605,0.00154464930674877,0.00087050894529031,0.00152360981562393,0.0132610159268948,0.0185401749083029,0.0396559341884718
7.147580853475e-05,0.000346610559278684,0.0180961671333234,0.000298152384000887,0.000818673950109886,7.34948991713248e-05,0.000125722043637394,0.00144661113808467,0.000953010780463333,0.000908859998543563,0.630433860849927,0.00140286417429221,0.00828863627522467,0.0752964664433193,0.000864305398496477,0.000779234379675457,0.00109125118604749,0.000260328086075718,0.000729430143973277,0.000580555861036491,0.00032843874354951,8.66862913302806e-05,0.00224751709059269,0.00101977537751274,0.00177976109311952,0.000171353492023986,0.000125856649679833,0.00395082195160724,0.000338534196732384,0.00091545569462304,0.000585940102734024,0.00011401131794526,0.0052604041384897,0.000491177448857444,0.000244444573067996,0.000132317739716872,0.00114145923987699,0.00300359923096876,0.0539700235035611,0.000604381130548074,0.023234618197364,8.21096858873775e-05,0.00150947215990336,0.000245925239534818,0.00103417822405364,0.00130217885454834,0.00232033895955183,0.000337591954435316,0.00101062216662694,0.00542570035860396,0.00237700810341836,0.00075002486846634,0.00281595840780973,0.00254849620148479,0.000156143009228456,0.000437873456051867,0.000471659572703887,0.000712873600753363,0.0015534883357807,0.000112126833351124,0.00780970797622911,0.00175553200548062,0.00697461208894175,0.00144351519910858,0.000150220343361169,0.000134202224311009,0.000896745454724113,7.51101716805847e-05,0.000467082967260984,0.0259150283204383,0.000109434712502357,0.000601958221784184,0.00133704181953987,0.00234322198676634,0.00936521540264638,0.000129087194698353,0.000395203340598919,0.000435450547287978,0.000179295248527847,0.0571546678616094,0.00532703412949667,0.00706089456214471,0.00212367953154943
3.72067453551365e-05,0.00054367407498526,0.00734073899430167,0.000315118353517993,0.000839809395158795,0.00030296921217754,0.000206535402787696,0.00504682924495744,0.000571009643001278,0.000985599091244228,0.00443671455326658,0.386195386287644,0.164072635160147,0.00324382073790088,0.00109532102397519,0.00197841173515935,0.00161773410161466,0.00175555092369542,0.0028478346623355,0.000908148315198842,0.000586196069676844,0.00010706430806274,0.0118602195729501,0.00106380918862339,0.00382622020090883,0.000430155535585404,1.48067660086768e-05,0.0024803231367868,0.00222215388330218,0.0752111577714071,0.000559999483661493,0.000286643803501307,0.013247499649763,0.00163140188562267,0.000140854107415874,7.63117940447187e-05,0.00300539383909449,0.0326827088484854,0.0651547060268473,0.000388013201560709,0.0157881888325852,0.000117315146068747,0.00142069021549919,0.000613531637692863,0.0010004058572529,0.00901010694661326,0.00356653230475665,0.000469260584274987,0.00186071692842371,0.00340821380666388,0.00158166633826019,0.00119099551203126,0.00150497488354858,0.00200422866050781,5.54304573658156e-05,0.000859172089170141,0.000258928574818399,0.00288580072902441,0.00125098189739974,0.000256650610817064,0.00209610654189498,0.00100116517858668,0.00757612860777294,0.000897897477192835,0.000290820070837087,0.000239186220140163,0.00054367407498526,0.000179959156105456,0.00138386313081094,0.0058528488407631,0.000224379454131486,0.000772229796452527,0.00170771367966739,0.000596067247015962,0.0910228855653394,0.000237287916805717,0.000330684440860448,0.000999646535919126,8.31456860487234e-05,0.00562846938663162,0.0115090334560776,0.0167088659497914,0.00169746284166138
0.000201698364258281,0.000382540843232713,0.0137272888099211,0.000569420552157733,0.000961657552583815,0.000261430351496675,0.000126690355781279,0.0268919260830836,0.00090421239487216,0.000818502024210024,0.00666903521223516,0.0345635988330217,0.491008003354505,0.00257478710074472,0.00100949802628317,0.00132498902779193,0.00116417917547172,0.00170588335376539,0.0030687422785201,0.000694098497955483,0.00052844056703859,0.000186330869838603,0.0304844437964078,0.00155257430229288,0.00327894764861785,0.000307075468850363,8.42467997650237e-05,0.00306169884357775,0.00168008791670379,0.00874117718300289,0.00040403704078405,0.000334425949990148,0.0201981931119597,0.00414803434195932,0.000570426757149498,0.000101809650530371,0.00275928850696193,0.0470668850070517,0.153302008037565,0.000621560265367357,0.0278739821550459,6.13785044976448e-05,0.000853993618464996,0.000665101499556447,0.000674065871301259,0.00312408355306716,0.00259710655692568,0.000447120909067791,0.00136340776384113,0.00421865163774498,0.00157260692894711,0.00105733849998253,0.00144646541225225,0.0018516916043902,5.73536845305862e-05,0.000683853501675697,0.00048133187878779,0.00180824184338218,0.00220477808331853,0.000124312053073471,0.00408263101749461,0.000996874727295579,0.00778692895808571,0.00141993818974209,0.000278901729080952,6.22017631272705e-05,0.000788407347638153,0.000201606891077212,0.000942631130921356,0.00776973200004464,0.00023215893355443,0.00106566255945985,0.00215648024371383,0.00132965416002648,0.014682451766649,0.000277163738640632,0.000376778032825334,0.00157086893850679,0.000287408734920417,0.0114825369464752,0.00963075386890393,0.0097112502682451,0.0016602382364117
9.11222142698068e-05,0.000522252690740385,0.0154754760540681,3.36608179578764e-05,0.00079765938312301,8.02419498793821e-05,0.00022916556872332,0.00219951344817679,0.000474991542294478,0.0005729139218083,0.264686911891959,0.00345516396048424,0.00934002696265519,0.346489499694843,0.00106048576980421,0.000819419911903859,0.00191390650792814,0.000212845172137683,0.000651795838638879,0.000171024155886988,0.000515112517234169,0.000155043767563552,0.00173880225289475,0.00138213358584614,0.00133351240435143,6.3921553293745e-05,0.000114922792623861,0.0023341567200083,0.000147563585795135,0.000660636053456099,0.000574953971381505,0.000135663296618108,0.00284178905547405,0.000633775400742238,9.41822886296137e-05,0.000135323288355907,0.000923122431875095,0.00249192055366945,0.0982960485939808,0.000434530559092586,0.0198816431239279,8.73821233855983e-05,0.00335554153965941,0.000199244841649652,0.000671856326108724,0.00121382949605675,0.00133385241261363,0.000416510121195945,0.00123763007441081,0.00182414432670714,0.00169766125316845,0.00137125332145571,0.00188296575606787,0.00295671184809791,0.00017204418067359,0.000330828039121351,0.000548773335192045,0.00050661231067915,0.00103498515013915,2.85606940248648e-05,0.00501002174352837,0.002467439958791,0.00310019533474663,0.00139267384197436,0.000139743395764517,8.73821233855983e-05,0.00128455121459451,7.37817928975674e-05,0.000542313178210231,0.0138685970069073,4.79411649703088e-05,0.000357348683573011,0.000915642250106678,0.00065689596257189,0.0762924139056579,0.000110502685215251,0.000444730806958609,0.000327427956499343,0.000150283651892741,0.0786439110470385,0.00263744408989138,0.00366630909131092,0.00274522670900903
0.000593150312177805,0.00259428368861606,0.00592251599583597,0.00374064153100683,0.0573258806759317,0.00137003742139385,0.000678528008627641,0.00223230222705974,0.00733399405351833,0.00336917365873386,0.00423842845124359,0.00058765817965764,0.00281097328077529,0.000980096012462148,0.197467627623429,0.0224573298749541,0.0144488020910046,0.00359534966160974,0.00326731956472353,0.00637237157771492,0.00341261143412062,0.000332523659857254,0.00444563163268618,0.110241578938171,0.0156425919869787,0.00114436070329253,0.000261125937095111,0.0789603892424103,0.00300120077988282,0.00145891011126561,0.0015802363114838,0.00100555953596473,0.0151033644304534,0.00164114905398017,0.00113737071644869,0.000166761114703188,0.00840446061017592,0.00408714516455178,0.0122085113075519,0.0123972409523358,0.0488265559585893,0.000126818332738352,0.000631095955044399,0.00168708325323973,0.00598193088400866,0.00208800892721177,0.0151393129342217,0.00209999176180122,0.0103002448991819,0.0268420487651439,0.00330776163146293,0.00720967214465278,0.00304014499229853,0.0063259380936808,0.000865759799087807,0.00451303507725184,0.00174599885663787,0.00254135950251265,0.00286739246030062,0.00202210333696979,0.00723863066157729,0.00334520798955496,0.0751708178034965,0.00151233358214358,0.00481410379631178,0.000208701035766265,0.00261175865572567,0.000893719746463191,0.0316731282437908,0.0196698229785832,0.0030960648870493,0.00423043989485063,0.0108759202442501,0.00312552268874837,0.000930666819780664,0.000558200377958574,0.00224678148552199,0.00181440087075265,0.00110641506042594,0.00189428643468232,0.0167684791536125,0.0308687804719739,0.00916437203705692
0.00131535017086296,0.00240435602341019,0.00724694607015201,0.0102365568168428,0.00754350131584116,0.00222809222671747,0.000928944577556071,0.00356553674535528,0.0112268745826623,0.00182352016968459,0.00527171137908009,0.00190158686515574,0.00704956989669665,0.00248929651596685,0.0239826780313445,0.190225460544405,0.02408038414706,0.0057160532621077,0.00494913390156723,0.00721994186731608,0.00529282375584273,0.00144104246042657,0.00695137279547508,0.105448957146785,0.027872265210731,0.00141551121410896,0.000656447621666208,0.0311358458698299,0.00484013511921128,0.00167622451785223,0.0026797988923367,0.000620605679720335,0.0181590989433992,0.00358763109313013,0.00230370399465808,0.000361856318001493,0.010442279743902,0.00825150241564869,0.0142822773871715,0.00441985152598295,0.0459753918064339,0.000381495738245807,0.000647609882556267,0.0034044934993519,0.00317667622451785,0.00317814918103618,0.0156030283986017,0.00213873286460584,0.0183653128559645,0.0371258690443458,0.0026424839938725,0.00930417534074394,0.00205968419812247,0.00507679013315527,0.00113172159157862,0.00630179897089438,0.00241466671903845,0.00485191877135787,0.00389646097647197,0.00557906830590361,0.0143014258219097,0.00453867001846106,0.0551273616402844,0.00146411877921364,0.00646480615892219,0.000361365332495385,0.0019241721984367,0.0019114065752779,0.0299643544522566,0.0154046702541341,0.0182086884795161,0.00549756471188971,0.0161436034408264,0.0104629011351585,0.00406879688911583,0.00137623237362033,0.00298470089162968,0.0038979339329903,0.00122402686672689,0.0038792764837582,0.0152775050080522,0.0332407007345143,0.00577546250834675
0.000575609573532439,0.00606448473960965,0.00396863713767099,0.00467074608432044,0.00429349351597148,0.00163101854450869,0.00195587492280918,0.00101723460394094,0.00755403357098748,0.00172458316959524,0.00208761391493104,0.000833847938771309,0.00427403207395348,0.000552405546510975,0.00768726959711072,0.0253799659424765,0.432117367465709,0.00330769662605962,0.00313553771590037,0.00518722281479818,0.0128168566028556,0.00237504444319692,0.00456071408521866,0.035118920638485,0.00993207208218717,0.00126948483317427,0.0011295121540448,0.0245139317726754,0.0027403207395348,0.00067965343662868,0.00469095604333913,0.00102771384195064,0.00651584049102715,0.00353000617526526,0.00139822975729336,0.000631748348584367,0.00679503733228541,0.00513782069275248,0.00838114485675256,0.00326428264001946,0.027656206141582,0.000681150470630064,0.000981305787907708,0.00198955818784034,0.00243791987125508,0.00314526843690937,0.00855255524991111,0.0103654634255881,0.0540040045659537,0.02398922135519,0.00315724470892045,0.0236823293849062,0.00283014277961788,0.00606822732461311,0.00255618555736447,0.00399633226669661,0.00338928497913509,0.0046849679073336,0.00426355283594379,0.000927412563857857,0.0116102471977395,0.00338254832612886,0.0200924418495855,0.00158685604146784,0.00438256703905388,0.000731301109676453,0.00279346544658396,0.000643724620595445,0.0168992683246318,0.0110758060592451,0.00314377140290799,0.00389079136959898,0.0083676715507401,0.0158977525777054,0.0010801100319991,0.00213776455397743,0.00661689028612062,0.00537584909897266,0.00282190909261027,0.00223806583207021,0.00850764422986957,0.0141454742790846,0.0086917794120399
0.000750135122593044,0.00082602215464576,0.00209317180496487,0.00180818597236402,0.00223457282152353,0.0032003581431153,0.000531755174239901,0.00242292552697811,0.0212620177215328,0.00296232399941037,0.000931390479726152,0.00306059497616929,0.00626586666812253,0.000390354157681242,0.00267897601642217,0.00511937193926854,0.00399253140576632,0.166792053153679,0.0100449316743737,0.00580781472645182,0.00142492916300425,0.000542128221786676,0.0121042545873438,0.00322437993743414,0.0202318103151769,0.039534959899982,0.000108644024305688,0.0166629360092156,0.0188964169309974,0.00129772284308855,0.00145058880693575,0.00164876861006622,0.0189100656777695,0.00260090518488592,0.00233884924686215,0.0001337577183663,0.222955008271141,0.00644657607538476,0.00567187320860199,0.00197470068298329,0.0195815840189554,0.000104276425338625,0.00198016018169212,0.00259271593682268,0.00210627460186606,0.00336359715450927,0.00668297236947704,0.000930844529855269,0.0036332963907254,0.0189974176571107,0.00760562765126906,0.00321182309040384,0.00454994622393772,0.0147706737567357,0.000233120594866979,0.059873230439981,0.00949734395387816,0.00433047437584281,0.0101852407911906,0.000898087537602297,0.00343184088836963,0.00223402687165265,0.0258632832333335,0.00101328296035858,0.0058274689218036,9.49952775336169e-05,0.020403784524505,0.00120218161568405,0.00429116598513924,0.00486004575059918,0.00113011623272751,0.0254581884291384,0.0306343391549788,0.00612883325053094,0.00282474463194789,0.000914466033728783,0.00117051652317284,0.00452428658000622,0.00282911223091496,0.000624566652289987,0.00637396474255734,0.0264823903869147,0.0252190623856917
0.000674677118807428,0.000833464254223586,0.00334479045312533,0.000989223668837318,0.0028066971838496,0.000906129553481828,0.000296043811792838,0.00432913612733652,0.00265228342292583,0.00146827638246573,0.00222335630924871,0.0014776959582955,0.00658411529829946,0.000439019516351879,0.0025111579921905,0.00403443796923365,0.00266944050747292,0.00914472606359627,0.169847567714135,0.00302738438900426,0.000613618082625155,0.000614122702758893,0.0992967950229653,0.00360584726897902,0.014509510912074,0.00116129913444191,9.43639650089671e-05,0.00818308829540328,0.0231396926459689,0.000981317953408759,0.00096601114268538,0.000846752584412015,0.321905425440189,0.0257919760688948,0.00145582908583353,7.73750871731281e-05,0.0216224681105306,0.0115647160182915,0.00804129003782296,0.00162925020512808,0.0305195938951729,0.00016988877835839,0.000538261475986978,0.00137694013825919,0.00171688590168721,0.00141663692211323,0.0134133077748842,0.000567361237032524,0.00316430465195845,0.00475251241954253,0.00226389412665898,0.00277019632750923,0.00353805996434691,0.00541238734776031,9.11680374952944e-05,0.00350929661672385,0.00116600892235679,0.00186255291362619,0.01421060758619,0.000514544329701302,0.00761454961139204,0.00156062186693974,0.0159914120381506,0.00265716141755197,0.00127988486587029,0.000137761296510417,0.00208324011878085,0.000513535089433826,0.0034061859027301,0.0109546302766025,0.000687965448995856,0.00656948131442107,0.0115164406921639,0.00204051561412438,0.00150713213276354,0.000682078214102249,0.000768536463682657,0.0422123152207225,0.00106205717480681,0.001446577716715,0.00970990061338259,0.0118642921710205,0.00439894191250358
0.00252806241926104,0.00199074622103047,0.00339682654053804,0.00795989685999413,0.0142296151807266,0.00420794754476348,0.000986109038131951,0.00187648932830329,0.0172682309224443,0.00422956371365782,0.00570049253984838,0.000551726977493451,0.00271643189105451,0.000593929973906196,0.0126526641928162,0.0179259800616575,0.0119506533744384,0.0117602252198931,0.00560476379188776,0.128673848038333,0.00411633616230655,0.000597017998033958,0.00892747775335951,0.0154020350079002,0.034453085193439,0.00465056433640935,0.000122491623734553,0.0791563518082955,0.00446116552323995,0.000972727600244983,0.00192383903159563,0.00110448329636282,0.0162841805670642,0.00520640867940648,0.00741640461350805,0.000321154509287233,0.0164540218940911,0.00750286928908538,0.0078682854775372,0.0321298617079861,0.0414670173289621,0.000135873061621521,0.000748331180294289,0.00244262708505962,0.00491098770451727,0.00285127561130011,0.0114678922691316,0.00191766298334011,0.00716215729365565,0.0283480614928538,0.00442102120957905,0.00667939618834888,0.00288318519395365,0.00563873205729314,0.000954199455478412,0.00687291236702196,0.00782299445699669,0.00539374880982403,0.00526405179645804,0.0082131148384706,0.0130129336743884,0.00287803848707405,0.0451582355030134,0.00190428154545314,0.0236820570358056,0.000241895223341345,0.00325168940653323,0.014055656488196,0.0527413934194206,0.0107936736679036,0.00309420017601737,0.062500579004524,0.0191591310300104,0.00975815624372745,0.000618634166928291,0.000822443759360573,0.00217705701007211,0.00481217093242889,0.00147195816756648,0.00176840848383162,0.0118487485782222,0.038316203377269,0.0144622463316847
0.000203494673013226,0.0157115121642752,0.00163790012057225,0.000967759682733908,0.00117920854492029,0.000342030134445683,0.00524446206150046,0.000499788219713265,0.00220795034464839,0.000524313636330494,0.00171677916320604,0.000719191271072801,0.00149141046996664,0.00032347035970832,0.00226561821615377,0.00484144981006059,0.0122792795360587,0.00166176268809172,0.00111955212612162,0.0015941520801199,0.526072837835957,0.0481864780109755,0.00128393870236684,0.00343223262821656,0.0062672382193487,0.000432840460839207,0.00251882657149921,0.00711833646087633,0.00214299113306762,0.0001842720491781,0.0101939562744964,9.61131191756278e-05,0.00545524807458908,0.000398372307755533,0.000660860550469662,0.00918046000401687,0.0034905633488197,0.00131708115725498,0.00481162160066126,0.000979028117395878,0.0122501141757571,0.000926663038672605,0.000138535461432457,0.000582644356933633,0.000935280076943523,0.000412954987906318,0.00287676508429121,0.0034189756462613,0.0121288127908665,0.00295034133414289,0.00152389007575702,0.127196101917026,0.000590598546106789,0.00184603473726982,0.0649433032024228,0.00167037972636264,0.00112949486258807,0.000853086788820917,0.00154377554868991,0.000163060878049686,0.00209659169622421,0.00107978118025585,0.00554539555188484,0.000617112510017307,0.00147019929883822,0.00137474902876036,0.000457365877456436,0.000237299976999136,0.00469363446125945,0.00557522376128418,0.000701957194530965,0.00176848139283155,0.00539956875037699,0.00237697686457794,0.000424886271666051,0.000131906970454827,0.0243046878676741,0.000445434593696703,0.000655557757687558,0.00073244825302806,0.0040665792147757,0.00389622699665062,0.00311273936309482
7.12947228071818e-05,0.00398505577481934,0.00181854748175334,0.000338383908249012,0.000596960290967597,0.000294755794292379,0.0108634003752018,0.000244743078293311,0.00109176694925625,0.000218140569783168,0.000193666261953837,0.000671447314795996,0.00116731807342505,9.896133165773e-05,0.000708690826710196,0.00340618518963864,0.00502893820875733,0.000439473440587554,0.000610793595392871,0.000988549216236894,0.0876307912330901,0.542955070491327,0.000910869891387278,0.00262087913841924,0.00357963354512477,0.000177704756847752,0.0109336309976686,0.00253681521152719,0.000687408819902081,4.57563146374451e-05,0.0191836009368339,0.000178768857188157,0.00444581122221501,0.000186217559570997,0.000254319981356962,0.0493923455006113,0.00288264782215904,0.00129394601393333,0.00443623431915136,0.000845959770622531,0.00947687763165315,0.00117263857512708,6.38460204243419e-05,0.000246871278974122,0.000359665915057126,0.000202179064677083,0.000910869891387278,0.00127372810746562,0.00836702097661001,0.00660380671255777,0.000270281486463048,0.0927331523653354,0.00133757412788996,0.00127266400712522,0.0480153996601264,0.000404358129354166,0.000605473093690843,0.00146739436941946,0.000520345066458387,0.000145781746635581,0.00126415120440197,0.000522473267139198,0.010764439043544,0.000361794115737938,0.0013077793183586,0.00321039072700399,0.000286242991569133,8.51280272324559e-05,0.00302204496675219,0.00238464886284917,0.000433088838545119,0.000719331830114253,0.00160040691197017,0.00526304028364659,4.14999132758223e-05,4.14999132758223e-05,0.0111783740759619,0.000408614530715788,7.34229234879932e-05,0.00130458701733739,0.00390631234962932,0.00641014045060393,0.00194517542226162
0.000345419029015198,0.000593848478454701,0.00439583999782199,0.0011715887460325,0.00146040216076902,0.00060485197461709,0.000318420760080677,0.0179533950890376,0.00177110912972555,0.00121151895891045,0.00313576953007131,0.00460422579627878,0.042896505879497,0.000558002037348362,0.00149511422082769,0.00294122318039608,0.00221839557682142,0.00558920885996973,0.0409390179436394,0.00198788934793509,0.000805977734368796,0.000263630155478266,0.277268932252495,0.0025553067479791,0.0126632090732334,0.000626632090732334,0.000347574353005769,0.00617284790899541,0.00642434018726362,0.00192447744737039,0.000607347612921961,0.000856798005304366,0.304411948208699,0.0254553972715867,0.00138689426888007,0.00016630026158827,0.00809085938439409,0.0271026319909068,0.0136643003478012,0.000914197686316415,0.0345521123309489,9.06370457087499e-05,0.000757653101738099,0.00119473011940495,0.00113029727589735,0.00210802030088323,0.0111281646395277,0.000471562201515987,0.00215441648573289,0.00632905217925943,0.00225480920845159,0.00191653678003671,0.0030809789254689,0.00452776851366589,0.000134537592253539,0.00172573388781879,0.000948455993956018,0.00231311639430178,0.00785184529765024,0.000318534198185444,0.0079290966469965,0.00153685944338191,0.0132645444666027,0.00246659815005139,0.000562199247224737,0.000159834289616557,0.00146040216076902,0.000369694783435314,0.002108133738988,0.0100126143172501,0.000464188724706139,0.00367346614666639,0.00523947918297339,0.00129035844172344,0.00165460819612995,0.000503324870850718,0.00069072461992563,0.00963395792353818,0.000641719358666331,0.00262223522979157,0.00837876529429247,0.00978142745973514,0.00266545514770776
0.000652545826309714,0.0021551066423241,0.00603806846435412,0.00366484815518922,0.0206889340076008,0.00165470183053914,0.000803340460174958,0.00188762568463457,0.00691815262212121,0.00281214040416552,0.00411319291480642,0.00154340102935289,0.00336191250679922,0.000935734558360216,0.0686061728860477,0.055946604338218,0.0170092756651569,0.00361099292880878,0.00321515701491251,0.00528409529502791,0.0041105001534874,0.0011888541223483,0.00562742236320324,0.280718123540299,0.0216987195022341,0.00133740478844769,0.000484248243870826,0.0492779809316595,0.00298851627056148,0.00107396297273669,0.00264833075725834,0.00176196348974686,0.0153738719574041,0.00124001658740973,0.00133201926580965,0.000308321171028042,0.00901626248319268,0.00374473340765355,0.012510120294624,0.00620726363389935,0.0457666201716546,0.000287676667582206,0.000401670230087479,0.00292388999890494,0.00489678645864188,0.00180908681282975,0.00963066085748291,0.00177138815436344,0.0133381444002233,0.0307917256830189,0.00346199346915621,0.00853425820708771,0.001656945798305,0.0057355816095173,0.000838795150875417,0.00633876014497827,0.001051074501525,0.00447043258313003,0.00256395756926231,0.00186024927789117,0.00844853863843217,0.00265326748634321,0.0674554662157189,0.00123642623898436,0.00455794732599825,0.00024414369292468,0.00224037741742647,0.000684858962137981,0.0211247125477292,0.0185562670429352,0.00560947062107642,0.00382147710524568,0.010668720345966,0.00538282987672539,0.00100529755910162,0.000938876113232409,0.00230635006974252,0.00246387660690532,0.00141684124735885,0.00178305678674587,0.0119087369333757,0.0358464874723768,0.00796563677522085
0.000982304946835206,0.000369989089761721,0.000675246175297305,0.00109514196732323,0.00119310220910641,0.00359014248170459,0.000158780013547134,0.000421671739656784,0.0096406416298031,0.00105056310795159,0.000793205131706207,0.000365484874755926,0.00164614902357498,0.000164596885497475,0.00118805748829992,0.00223923831716659,0.00117140476196421,0.00213131732562775,0.00306523413411498,0.00156991196730547,0.000402728298260984,7.28653296080301e-05,0.00329747145981377,0.00187601841909929,0.604438654226008,0.0014347340403887,6.9442126203626e-05,0.00492892387328413,0.00117500813396884,0.000241322970824758,0.000468258192002434,0.0024404866436255,0.0110444638860663,0.000860845571907515,0.00433447044600505,4.7384341860962e-05,0.0033122967617757,0.00179226575836297,0.00216408227249847,0.000678309041501245,0.0058325208801895,5.95843299338006e-05,0.00022989513389577,0.0224760071405449,0.00095944927297723,0.000929232424881212,0.0301881498118383,0.000288733051057182,0.00140405390160638,0.0172590708906045,0.00103702472456275,0.00118247226169273,0.00119415748233633,0.000740724592295831,7.47442307247331e-05,0.00366074283462399,0.000359745217919971,0.00164650936077545,0.000858915194047888,0.00076759545210183,0.00236669473264485,0.000371404700192114,0.109632026996875,0.00081724477065142,0.00423774564605204,0.000101100323101498,0.000632880815871371,0.00118743976738484,0.00180559823478012,0.00294284817781467,0.000625854240462331,0.00334593681327612,0.0331385908092342,0.00571502521446691,0.000266495098114286,0.00181115772301585,0.000368573479331329,0.0192516583940538,0.00853106043608986,0.000461720645651166,0.0106551452793369,0.0202860578047275,0.0017061966441951
0.00144807698331874,0.00132868451367369,0.00155564841636528,0.00280926934763836,0.00257816808213729,0.0127158890690284,0.000409007866308805,0.000634198613510617,0.0539943578192315,0.00235415943859533,0.0010721680194858,0.000562090290259643,0.00113304635796818,0.00011880141781513,0.00373367440964266,0.00906496191557534,0.00488208811518891,0.0541155234443664,0.0032076382810085,0.00669543512940193,0.00157988154139225,0.000244104405759445,0.00364619873881361,0.00471422939548992,0.0354495156034728,0.169906714289683,0.00020627708864418,0.0116549510343112,0.00957444859297157,0.000222235488052183,0.00120219942206952,0.00417105276378791,0.00614575692757074,0.000911992973575846,0.00819434257009431,0.000308529055221381,0.0661552492199594,0.00141261387352318,0.00337135963789801,0.00159524888897032,0.0147609284005724,0.000211596555113514,0.000677936448925143,0.00332821285431341,0.00214847340178108,0.00118505891900167,0.0111909753478192,0.00152373161754927,0.00576925691190786,0.044531618022116,0.00491932438047425,0.00287546715259008,0.00292570655813379,0.00558484874097095,0.000414327332778139,0.149063271507342,0.00253029288391328,0.00268101110054442,0.00407943973014938,0.000946865031541481,0.00289260765565793,0.00172350713606427,0.0415846335981049,0.000916130336385328,0.0418754310984285,0.000211596555113514,0.00433536517250734,0.00225486273116776,0.00645133072364249,0.0028033588293391,0.00126012250140227,0.0281133802904311,0.0604049059666091,0.00344583216846869,0.000681482759904699,0.00153437055048794,0.00125243882761323,0.00475501197175482,0.00274957311281584,0.00172291608423434,0.00639636290345937,0.0189928595028427,0.00721378758424705
0,0.00346665604090102,0.000891951289038195,9.19537411379582e-05,0.00024214485166329,0.000199233105798909,0.016380026421375,0.000609959816215123,0.000309577595164459,0.000223754103435698,0.0048520924073796,0,7.66281176149652e-05,0.00232949477549494,0.000312642719869058,0.00194022393801092,0.00266665849300079,8.5823491728761e-05,0.000349424216324241,0.000306512470459861,0.0195524304906345,0.0192428528954701,0.000459768705689791,0.0010911843948371,0.00476626891565083,3.67814964551833e-05,0.628549797548513,0.000245209976367889,0.00028505659752767,4.59768705689791e-05,0.0396964300492566,0,0.000796932423195638,0.00155708334993609,7.35629929103666e-05,0.0328182902121373,0.00677086047245832,0.000864365166696807,0.00666358110779737,0.000125670112888543,0.00713867543701015,0.00224060615906158,0.000318772969278255,0.000864365166696807,0.000183907482275916,0.000422987209234608,0.00182374919923617,0.00121378938302105,0.00411339735357133,0.00234175527431334,0.00108811927013251,0.0557484881272394,0.000128735237593141,0.00258083500127203,0.00327048805980671,0,0.000190037731685114,0.000401531336302417,0.00655323661843182,0.000168581858752923,0.0157332851087046,0.005268949367205,0.00469270592274047,0.0008796907902198,0.00179922820159938,0.0481285881116073,0.000514940950372566,0.000113409614070148,0.00116168226304287,0.00260535599890882,0.000137930611706937,8.5823491728761e-05,0.000367814964551833,0.000288121722232269,0.00248581613542947,9.19537411379582e-05,0.00512795363079347,0.00105746802308652,0.000183907482275916,0.00473868279330945,0.00383447100545286,0.00956012395364305,0.00137317586766018
0.000686027898467871,0.00150311234507345,0.00463274271460191,0.00212835834175637,0.025144580167078,0.000747801579536023,0.000647773554687135,0.00159718969422311,0.00425161610434198,0.0234637976475562,0.00385136232219168,0.00031991966021075,0.00284881514962691,0.000434824374307703,0.0122714267538412,0.00509647037087728,0.00543636729950686,0.00406742852317547,0.0026375661623044,0.00445124710577553,0.00195253004311973,0.000379426417203007,0.00289387026563533,0.0119833857134478,0.0111848617077136,0.00052663479938147,0.000371350500182629,0.464138536264126,0.00217185494746262,0.000672001305748268,0.00189203150684427,0.00056219717082208,0.012444988128402,0.00160965777664054,0.00121209596683037,0.000142816216781416,0.0062011708096121,0.00392220369956342,0.0105118686226821,0.0189826554805298,0.0473887726618024,0.000255595689557216,0.00175020706934606,0.00179724574392089,0.0403358051306726,0.00134527775628923,0.0071174331845381,0.000890901161826925,0.00431551502673128,0.016002358734501,0.01475470039623,0.00646215044384957,0.00477258359353371,0.00727059224241579,0.000287899357638727,0.00497008935364611,0.0037112380777504,0.00186808712129262,0.00340676183780668,0.000882541879297061,0.0112158902310024,0.00350225601450378,0.0339636232360851,0.00227301643434945,0.00223277853200231,0.000351514914518544,0.00383591890192465,0.000873332500238735,0.00634809582628107,0.0167665955135872,0.00113686242406159,0.00282118701245193,0.00728376873860693,0.00332897800545252,0.00140790153388584,0.000690420063864919,0.00134556112179871,0.0013686554108219,0.000517425420323144,0.00163176028638052,0.011365790585521,0.0152803434163283,0.0408980023014947
0.000621329469088182,0.000969219825418602,0.00305013208327439,0.0011932503856236,0.00162134503616638,0.00151372914772954,0.000507960530011635,0.00172320787396352,0.0128536687880759,0.00253743374685359,0.00130289676252151,0.000743158776752531,0.00303997964096903,0.000366164752480072,0.00214961045078874,0.00492901073925347,0.00386706527411256,0.0172659202139864,0.0503320863878084,0.00351579077034702,0.00108495766769973,0.000112353694846011,0.0192263568231519,0.00351206820816838,0.0146936297485511,0.00496691319052682,8.12195384428996e-05,0.00943195731642523,0.244488069865047,0.000658216676130999,0.0010727747369333,0.00171271701691465,0.0486139547349976,0.0167166730852663,0.00192388781686618,0.000227753122383631,0.163443830259287,0.00453712646626648,0.00370090363504813,0.0015069608528593,0.0335220108333328,0.000142811021762098,0.00112252170422958,0.0017675402053636,0.00140103703814002,0.00104976253437448,0.00651346856837704,0.000962789945291873,0.00410869340098018,0.00408466595419083,0.00311679978774627,0.0019326866001975,0.0038738335689828,0.0100319666566722,0.000150594560862876,0.0397518878466467,0.00192591830532726,0.0017086560399925,0.0623613768606889,0.000516420898599437,0.00851654543522505,0.00467012346046673,0.0117832629543472,0.00209004945593062,0.0021232141007948,8.32500269039721e-05,0.00424405929838502,0.000402036715292353,0.00426165686504765,0.00803802698789897,0.000714731938297517,0.00947256708564668,0.0694562419584197,0.00136178092789262,0.001302558347778,0.000991555198490399,0.000979372267723965,0.0145135931050027,0.00232592453215854,0.000947222867090317,0.00370158046453515,0.00691888943110451,0.00524102913277161
8.35948373193285e-05,0.000532277331502663,0.00297495259831521,0.000178449387420444,0.000810358116871042,0.000302306228020102,0.000251125715375615,0.00143237194721037,0.00122662628637953,0.000885422868749623,0.00202913672464509,0.0852742405409029,0.044912947066043,0.000880987224320434,0.000445611663424666,0.00193394097112634,0.00176845731357584,0.0037962292245504,0.00277603100583697,0.00121468416676249,0.000227241476141522,4.23092237861091e-05,0.00736692299004744,0.0012900901220587,0.00312917654308393,0.000285587260556237,6.75582766907226e-05,0.00289511099858981,0.00273269817179797,0.358039417866025,0.000711409125758367,0.000439128798489697,0.01757061119427,0.00157943062020886,0.000494744955563373,3.5143952015881e-05,0.00265524499599598,0.197691895361101,0.0165255051260695,0.000554796757066237,0.0086075386165498,0.000119762399588099,0.000884740461914363,0.000437763984819178,0.000445270460007036,0.095720865578478,0.00340282168402312,0.000551043519472308,0.00182782670824344,0.00794662759660066,0.00144260804973927,0.00112904210893738,0.00162105743715971,0.000938991805317519,7.06291074493919e-05,0.000803192845100814,0.000559573604913056,0.00998497681352175,0.000630202712362448,0.000358604791929038,0.00272928613762167,0.0010072324888435,0.00942949764962026,0.00112528887134345,0.000554796757066237,0.000162754030209468,0.00058550506465293,0.000566397673265655,0.00136617848419017,0.00396648972994773,0.000143305435404563,0.00192165764809167,0.00169919301979696,0.00205404457413207,0.00689435625663001,0.000130339705534627,0.00054626667162549,0.00112597127817871,0.00027159792043341,0.00209601259450055,0.0300845877392646,0.0248280078872582,0.00118431706259343
0.000210398551950469,0.00782175119261089,0.00280919071624319,0.00172970869844707,0.00167261562404845,0.000404937916567987,0.0567103393443178,0.0023936800081199,0.00344990188449437,0.0016461836451602,0.00257024562709341,0.000422911662211997,0.00264425516798051,0.000182909293906689,0.00160283519978347,0.00440145312447136,0.00626966539229286,0.000982212335487363,0.00292654870250702,0.0022171143891464,0.014045953581216,0.0192171059309132,0.00418259633927665,0.00296778258957269,0.00888537402307406,0.00128142233650235,0.0140142352065501,0.00845294684846229,0.00159649152485029,0.000144847244307609,0.43914618364516,0.000593133606252326,0.00587741482559123,0.00126133403254728,0.000345730283858308,0.0147427005447102,0.0062146868762053,0.0065741617890855,0.00481379199512806,0.000823620462157864,0.0290001099570322,0.015775662279663,0.000262205230571438,0.00431052711709578,0.00121904286632608,0.000723178942382515,0.0102778106709071,0.00135648915654498,0.00772236695199107,0.0481136025307034,0.00139772304361065,0.0883642199817302,0.000489520249010387,0.00273835301282268,0.003419240788984,0.00396162499577088,0.00110168488006225,0.00645468924451061,0.00320672767872247,0.000550842440031126,0.00598314274114423,0.00132265622356802,0.0203029316236425,0.000617451026829516,0.00133005717765673,0.0167959366647495,0.000810933112291505,0.000188195689684339,0.00495863923943567,0.0101974574550868,0.000801417599891735,0.00151402375071895,0.00336109043542985,0.00486031227797138,0.00137869201881111,0.000932520215177454,0.00477044354975133,0.00117780897926041,0.00103613357241939,0.0010435345265081,0.00603600669892073,0.0200724447677369,0.00181217647257841
0.000742443738624866,0.00067762357320932,0.000523618215661747,0.00194966185480375,0.00106194739085043,0.00362211406602187,0.000182507841631004,0.000626594932350273,0.0688247644292676,0.000569589964183411,0.000691874815251036,0.00082795119087516,0.00183059502613264,0.000118607111185892,0.00113596190597031,0.00194920213731853,0.00285346643073965,0.00236386730898394,0.00236156872155785,0.00203930676442099,0.000548442959863446,0.000392598732375006,0.00363314728566707,0.00172669887447368,0.0255832780523057,0.000928629320137603,0.000253304334354366,0.00323365279101381,0.00118882941677022,0.000546144372437362,0.000475807597199217,0.334090488031485,0.0124965004006438,0.000772325375163947,0.00269624305079556,9.92989768067931e-05,0.00796644430131907,0.00331134504601542,0.00233674397735616,0.000798069554336078,0.00410527714298455,5.97632730781626e-05,0.000253764051839583,0.0306548813492157,0.000506608668708732,0.000994368920523581,0.0118064644553336,0.000468911834920968,0.00172302113459195,0.0796051394575977,0.00201999863004189,0.00102471027454788,0.00116308523759809,0.00160257515346519,9.700038938071e-05,0.0101022917376356,0.000487300534329633,0.00165084548941294,0.0014729348226341,0.000937823669841935,0.00147431397508975,0.000403631952020206,0.0542181607714795,0.000861050849810757,0.00390392088445966,8.55074522502941e-05,0.000648201654155455,0.00231283866812489,0.00321480437411993,0.00223192839072676,0.000396736189741956,0.00286679823781094,0.0529153214183756,0.0294614547575933,0.000564992789331245,0.0595839832589281,0.000536030587762596,0.00395219122040741,0.0977603023837731,0.000328698001929894,0.00836042218614972,0.0233205485900695,0.00183013530864742
0.000277166576214714,0.000352091783284177,0.00269905539438815,0.000609369638076291,0.00156383929988677,0.000458479908328584,0.000192745803810471,0.00311657681940701,0.00187582294899568,0.00117385973850063,0.00241045634647683,0.00172918496492026,0.00944889061562254,0.000435945656265448,0.00170296586660781,0.00194522088669117,0.00164977180408561,0.00386006541263475,0.0375112151602511,0.00131497045320207,0.000471802044768425,0.000248301947261725,0.0979642358271365,0.00215776092868708,0.0130095858913095,0.000766825952806757,8.26728325167462e-05,0.00535899472859123,0.00514088017560277,0.00148348130668049,0.000530806826376092,0.000706025989693013,0.531688071529102,0.00751996808734182,0.000987066378631369,7.98383354018863e-05,0.00748061581906384,0.0318845966623985,0.00935086425706697,0.000751047252200704,0.0251935772562975,7.96966105461434e-05,0.000331210987871376,0.00151201524430342,0.0012818540785768,0.002445840318794,0.0272443359188986,0.000275513119564379,0.00129508173177947,0.0113377522513466,0.00152014080269935,0.00181582609339781,0.00164145727921535,0.00181606230149072,9.00897666339629e-05,0.00196690478961984,0.00049046248410792,0.00179315011647894,0.00320917039182576,0.00038109813709291,0.00691470847008207,0.00109751728287374,0.032572529112175,0.00145201838870555,0.000500666673721415,9.29242637488227e-05,0.000736544075296337,0.000322471288433891,0.00175705751988305,0.00922028842330909,0.00040434101343476,0.00237894618688331,0.00506699428414208,0.00255340948430293,0.00105603914175963,0.00047770724709105,0.000345336231827094,0.0146563814734245,0.000595858535162126,0.00187894089582203,0.0170848368765807,0.0191320524177882,0.00199005318272453
0.000184479812552641,0.000528842129317571,0.0106492459536436,0.000706180787835917,0.00143814907635124,0.000235459717741919,0.000229310390656831,0.025385017303413,0.00127906003369831,0.00135562907417715,0.00249424641186765,0.00110628377914632,0.00812425290635051,0.000557803476234438,0.00155855686798506,0.00250575160447846,0.00265888968543613,0.00341228143605434,0.0305486667663783,0.00148337638523511,0.00109497695192535,0.00027910010350706,0.0588619539546322,0.0021278655368303,0.00517217917472857,0.000984090699003928,6.80393287156515e-05,0.00523168879168103,0.0102584661356557,0.000666110979087924,0.000434023472973311,0.000518923859825494,0.0585499251964115,0.222227357681759,0.000420534626464085,0.000175553370009771,0.0126650350452134,0.00525747629236043,0.00975818862247535,0.00130782301522534,0.288748992799733,9.42235601747361e-05,0.0016432588894474,0.00101186185358174,0.00137407705543241,0.00121221089732171,0.00491291561020566,0.000564547899489051,0.00216138928771353,0.00461973156401985,0.00269062814781078,0.0012852093607834,0.00330357720242117,0.0102449772891465,0.000157898850313874,0.0015258265786612,0.0014355703262833,0.00104895618148211,0.0804520429849865,0.000517336936706762,0.0161725318683917,0.00521224898347656,0.00667816921440561,0.00302725421437189,0.000779774347467132,9.99761564801411e-05,0.00299829286745502,0.000228913659877148,0.00204871774628353,0.0276535239016409,0.000388002702530071,0.00245338314156029,0.00457450425513598,0.00127529109129132,0.00146849898099699,0.000720463095904508,0.000718677807395935,0.00610826544939084,0.000784138386043646,0.00201321034150189,0.00420455280308149,0.00482642830023475,0.00405915097232763
0.0383743251761135,0.00100128621011923,0.0013641433547577,0.0390645019099877,0.00229123712465016,0.0464756408761691,0.000562989693485467,0.000614113895994668,0.0557440847115566,0.00111163967163299,0.00200506628377548,0.000529946001619764,0.00267030438227935,0.000249386353703418,0.00212788906297442,0.00553700051810015,0.00396524302388435,0.00281494846742734,0.002717687789483,0.00502451156123962,0.0035419096884728,0.000443907709592085,0.00600148260187277,0.00241904763092316,0.0777461957670407,0.00662806581555261,0.00028305351145338,0.00994116352450252,0.00231430536236772,5.67353954675277e-05,0.00140030437604469,0.00224073638802522,0.0135959205380261,0.00151813942816956,0.215890025605744,0.000501266570943871,0.00935884638860504,0.00398768779571766,0.00590733925334973,0.00226879235281685,0.0131040059553461,0.000129057438041519,0.000279936182032087,0.00765179679750514,0.00116089347648941,0.00153933726823435,0.0177438390659982,0.00100066274423497,0.00413544921028694,0.037586887764295,0.00144768778324834,0.0034758223047414,0.00105802160558675,0.00194271969534963,0.000560495829948433,0.0151265292838809,0.00146514482800758,0.00769855673882453,0.00181179185965534,0.00388918018600481,0.00474893964039735,0.00122947472375785,0.070999671433479,0.000915247918091546,0.0610267111488793,0.000217589593606233,0.00137973000186416,0.00705202261684842,0.00616108986824295,0.0051541924651654,0.00464793816714746,0.00757136969843579,0.0584200002867943,0.00539609722825772,9.4766814407299e-05,0.0017070495910999,0.00128808051687816,0.0069048846681634,0.00537864018349848,0.001294938641605,0.012057206735676,0.0289980217427492,0.00425764852360161
0,0.00388503805871245,0.00165077466192839,0.000894291779552678,0.00121095903264018,0.000143673105567479,0.0252952628924621,0.000123148376200697,0.000384105649578363,0.000407562483140401,0.00227531285551763,0.000140741001372225,0.000636266610370266,0.00197917033179691,0.002037812415702,0.00235154756459426,0.0041020137691613,0.00316667253087506,0.00141620632630801,0.00153642259831345,0.0456440660075296,0.235975745634097,0.000416358795726165,0.00296728944559774,0.0144171563280673,0.00144845947245581,0.0241253533185555,0.00471189144177428,0.00234568335620375,0,0.0412752307566002,3.81173545383109e-05,0.00499630554871398,0.000888427571162169,0.000331327774063779,0.330442278596812,0.0178829034868583,0.000299074627915978,0.00179151566330061,0.00134290372142664,0.00299074627915978,0.00249522067016173,0.000252160960791903,0.000293210419525468,0.000697840798470614,0.000583488734855682,0.0107432297714132,0.0011581811571256,0.00533056542697301,0.00479692246343666,0.00133997161723139,0.0927453878001009,0.000501389817388551,0.000911884404724206,0.0202784326143814,0.00161558941158533,0.000759414986570963,8.20989174671311e-05,0.00177685514232434,0,0.00285880159037332,0.00129305795010732,0.00855881214594842,0,0.00218148552126948,0.0123558870788032,0.000222839918839356,0,0.00251281329533326,0.00273858531836787,0,0.000302006732111232,0.00264769008831498,0.0122972449948981,0.000360648816016326,3.51852503430562e-05,0.00594923941217175,0.00280015950646822,0.000967594384434045,0.000146605209762734,0.00179737987169112,0.00157747205704702,0.00406682851881825
0.000703222995314243,0.000967805790788828,0.00386461830629324,0.00206829150030683,0.00209140849932407,0.00181769546054016,0.00047749229902829,0.00187247692039613,0.0188349149051611,0.00202730253566283,0.00140683451162037,0.000901174440680324,0.00393260947987335,0.000539655657730101,0.00283212377035534,0.00577905549381309,0.00343083461885217,0.0340752335933899,0.0106134221958546,0.00398622537675366,0.00125531132478471,0.00020339073925249,0.00793884368770916,0.00501969121517128,0.014012786614364,0.00887090554724444,9.13024330932856e-05,0.0129074443924474,0.0485464749781797,0.000691178844565767,0.000665147938109383,0.00208499790295795,0.0251384737380207,0.00647237120383424,0.00187791621428254,0.000135399565672383,0.373324187549184,0.00667906437151776,0.00549970890064683,0.00158419434441648,0.0375523022102765,5.12847709289945e-05,0.0014344195020443,0.00263825179540407,0.00203604425798027,0.00327464918011386,0.00710371781564951,0.000892432718362881,0.00377389865468779,0.0190736610546752,0.00358060946122434,0.00255530256363634,0.00488157200255569,0.0289797807848007,0.000209801335618614,0.0561309875212885,0.00306271097903988,0.00346890967605702,0.0312398073946035,0.000796079512375073,0.00903078193540566,0.00476404440251008,0.0264027210456188,0.00232044162404106,0.00285426946689286,0.000165509942543573,0.00809910859686227,0.000752370900787862,0.00488953668288936,0.00879184152539558,0.00110592500340442,0.0078454043891605,0.0329642578170909,0.00499132918276358,0.000966251706821282,0.000948768262186398,0.00115351882491049,0.00547775746460525,0.00234064471561915,0.00181109060367809,0.00771311299142321,0.0172961775167953,0.00935772235007801
0.000285546666112879,0.000517523833707061,0.0023736558264342,0.00043138785591268,0.00132067299652042,0.00034509455213146,0.000219312425653638,0.00172468613072311,0.000966453537152296,0.00118490066987832,0.00273991072379551,0.00747707485051278,0.0324060067691079,0.000414632638314321,0.00104574583451918,0.00184771505243125,0.00178022220407729,0.00408473325929572,0.0051477849523672,0.00143465567398531,0.000362793725650854,0.000132547143911901,0.0221080769745709,0.00189341825160799,0.00462373209020632,0.000303088513645434,9.47889070705288e-05,0.00420823415896438,0.0034050063331576,0.0267580825045794,0.000578487653607194,0.000395832182887055,0.0695188924124666,0.00225573999929833,0.000588320527784635,6.12784718738107e-05,0.00495679120434459,0.543062718476631,0.0107570070241333,0.000951822220376264,0.0101582243182239,8.00789273010774e-05,0.00055748463436418,0.000554652766601078,0.00102655206412481,0.0357335300537473,0.0126944765520563,0.000313944006737328,0.00181200205341878,0.00589996049544471,0.00159646545144928,0.0012847240085277,0.00191945570242985,0.00131626786888893,7.59884516432621e-05,0.00101695517892763,0.000343993270223587,0.00662177212306228,0.00102521479323668,0.0003319578322304,0.00445775317409112,0.00085467342350315,0.0158291968398244,0.00159355492069276,0.00058084754340978,9.64408299323388e-05,0.000701752564295591,0.000314573310684684,0.00166207038796116,0.00603431688820526,0.000243619290620272,0.00198820715867852,0.00205302546525621,0.00157790098500227,0.00179611212874804,0.000239214162988778,0.000548674379101194,0.00251894637528006,0.00037333456676907,0.00291407059122634,0.0763897115726951,0.0265111593682355,0.00159276829075856
0.00016780003056251,0.000431450226950786,0.0482068575042638,0.000255583844770731,0.00118590306466092,0.000151766911915291,0.000177509527879925,0.0147191000102622,0.000775813731808448,0.00111629343773914,0.0171803828917861,0.00489727127772852,0.0602815883682015,0.00782042747779774,0.00133084843230705,0.0010546007855531,0.000993206887130679,0.000408545771740473,0.00117415208329215,0.000429508327487303,0.000716511109731311,8.11614391148046e-05,0.00533071319643673,0.00174566803308339,0.00210795676375782,0.000128713079823172,7.71780555999675e-05,0.00534420690809323,0.000558968291719507,0.00134245003679402,0.000555184077380412,0.000303932162182066,0.00849242427675075,0.00139876512123502,0.000372595735519069,5.2381493220107e-05,0.00158025803262979,0.00618360539925727,0.592003636430811,0.000713075441449764,0.0528076156716067,8.53937840993189e-05,0.00101830220327415,0.000755697645058521,0.00132771151778912,0.00131312237566603,0.00179466365031589,0.000257426159646343,0.00119929719172956,0.0048656531710795,0.00194000735631351,0.00139856595205928,0.00229134178232213,0.00297782813881036,9.30120050714447e-05,0.000736179065835819,0.000513209173592816,0.000765407142375936,0.00197979139916794,0.000142206791479682,0.00713448883654281,0.00182717801825575,0.00821189449271835,0.00164912077514253,0.000196480391869337,8.18087389359656e-05,0.00105280826297143,7.83730706544186e-05,0.000666071515974688,0.0158206549289964,0.00018657172537618,0.000563250428997957,0.00173929461945966,0.00115000282073345,0.0289113477583933,0.000192646385236306,0.000318670681186963,0.000720444700952213,0.000202206505671915,0.0428470158158749,0.00609188799382815,0.00765880169168323,0.00258855198482291
0.000780153028267469,0.00231089060268148,0.00335185280657967,0.00372638691344471,0.0712100029416849,0.00168312898226801,0.000687656750863551,0.00246024934570256,0.00674313025598724,0.0104263016955629,0.00263235307497051,0.00081199600901308,0.00274759433862129,0.000310848145373821,0.0237108899961485,0.00979778190894121,0.00950437158635665,0.00586669011927471,0.00479540126704737,0.0219716567144716,0.00260278459284958,0.000899943289167624,0.00502133479709956,0.0203453901978207,0.0115112375395384,0.00139047682589168,0.000536781675426014,0.281871791061524,0.00256411811622991,0.00101063555556903,0.00115317080271605,0.000526925514719039,0.0129229430192605,0.00190830434611197,0.00193484016339998,0.000489775370515826,0.00595767006426217,0.00562331876643325,0.0058795789448146,0.12805427256985,0.0374640250134195,0.000266874505296549,0.00125097424357757,0.00234500808205178,0.0206008922099938,0.00178851408521182,0.00687960017346843,0.00184158571978783,0.00758242024849656,0.00840503058442484,0.00853846783707311,0.00631704084696263,0.0026952808702535,0.00787962140212226,0.000651264772868567,0.00324040237397003,0.0154226170077909,0.00341553876807089,0.00377111871973021,0.00213802870720531,0.00576282134874736,0.00388863448200568,0.0180276760992652,0.00181656623491628,0.00468243450202127,0.000300991984666847,0.00603348668508505,0.00210391122783501,0.0213992412272588,0.00989634351601095,0.00213575420858062,0.00778788329092657,0.00937927416199889,0.00304176282741408,0.00092875360508032,0.000398037259320137,0.00327982701679793,0.00303266483291533,0.00129570604986308,0.00114104014338439,0.00619649241985425,0.0168456949806364,0.0503960660271787
0.000143796650158335,0.000485596528173054,0.023932252818152,0.00056196167811471,0.00217957646346885,0.000182008483807301,0.000203445341990157,0.0114951104555087,0.000802468012413716,0.00150239411084447,0.00441094078724297,0.000704353911722394,0.0039992321742625,0.000735797237828639,0.0018463981426123,0.00158246536001701,0.00154310268502793,0.000677748020401725,0.00262643450178645,0.000571714570827565,0.000476448314808396,0.0001091738810277,0.00391557186057163,0.00232072032680929,0.00338875960779405,0.000269238356231077,9.41544262499029e-05,0.00831917847249453,0.00111255148332623,0.000359881741104352,0.000577566306455278,0.000332788205148041,0.00986723562702059,0.0128434283672754,0.000382020807562534,4.77891742929899e-05,0.00346264752298664,0.00199906992513933,0.0154569110275392,0.00109604958885608,0.641473130751318,8.41479583265136e-05,0.0018937386838405,0.000593619567860637,0.00188897927219662,0.000682097810551659,0.00299714195380207,0.000349192570691063,0.0015188764995292,0.00410766483544403,0.00253183144247175,0.00154450710157858,0.00449846324644813,0.00967701520754907,9.79970659787678e-05,0.000953462297394138,0.00109511331115565,0.00098055583335045,0.0172735238358065,0.000178536454001525,0.032182907466446,0.0148055348290331,0.00853984742301559,0.00396133243318035,0.00032492737362148,0.000110461262865797,0.00248519310951888,0.000137769362461791,0.000981082489556944,0.0896562750960216,0.000242827522764666,0.000929197100324555,0.00185724335930899,0.00111692077926159,0.00165604118264279,0.000194960325329973,0.000445024494487577,0.00111832519581224,0.000248952339388339,0.00322370165152169,0.00373590407101542,0.00609142271902417,0.00491656975704823
0,0.0144949172785386,0.00223938328741467,0,0.000366444537940582,0,0.0418561094447687,0.000407160597711757,0.00222581126749094,0.00135720199237252,0.00211723510810114,0,0.00352872518016856,0,0.004248042236126,0.0013436299724488,0.0130562831666237,0.00146577815176233,0.000936469374737042,0.00171007451038938,0.0217695199576553,0.00475020697330384,0.00149292219160978,0.0108983319987514,0.0217288038978841,0.0015607822912284,0.00925611758798062,0.0100704387834041,0.00236153146672819,0,0.316716656940052,0.0103147351420312,0.00219866722764349,0,0.00101790149427939,0.00755961509751496,0.00369158941925327,0.000692173016109988,0.00449233859475306,0.000176436259008428,0.0294377112145601,0.0526458652841302,0.00143863411191488,0.0289626905172297,0.0013979180521437,0,0.00755961509751496,0.00131648593260135,0.010029722723633,0.0466063164180725,0.000705745036033713,0.100473663495338,0.000339300498093131,0.00434304637559208,0.00394945779780405,0.0108711879589039,0.000162864239084703,0.00314870862230426,0.00146577815176233,0.000176436259008428,0.00272797600466877,0.00213080712802486,0.014820645756708,0.00198151490886389,0.00225295530733839,0.0142234768800641,0.00324371276177033,0.000705745036033713,0.00287726822382975,0.00818392801400632,0,0.00223938328741467,0.0755825789552259,0.000162864239084703,0,0.00422089819627855,0.00556452816872735,0.005483096049185,0.000162864239084703,0.000352872518016856,0.00928326162782807,0.0141013287007505,0.00256511176558407
0.000277233098166507,0.000792713390069857,0.0175696475963024,0.000916890715290272,0.00303801270074131,0.00070463412450654,0.000678643521553429,0.00813650264670973,0.00224674323305774,0.00529341946811675,0.00413539371431707,0.000402854345773206,0.00604425910898437,0.000916890715290272,0.00174570216501723,0.00189442617080447,0.00393902026978246,0.00721383624187433,0.0024561119790689,0.0013356282073126,0.00128653484617895,0,0.00332246541083924,0.00260339206246986,0.00553166666185359,0.000974647610741627,0.000147280083400957,0.037937616777223,0.00266836856985263,0.00282142434279873,0.000651208996214035,0.000664204297690591,0.00873861828179012,0.00523999433982425,0.00124899286413557,0,0.0117073227079898,0.0020619211676134,0.0141114534811525,0.00388415121910367,0.142360639830888,0.000150167928173525,0.0563404075904112,0.000583344644058693,0.00270446662950973,0.00319828808561882,0.00698569650484147,0.000789825545297289,0.00264237796689952,0.00923243973789921,0.0429379200009241,0.00164607152036364,0.0685675423574632,0.0772989410273219,0.000132840859538118,0.00393613242500989,0.00744775166845232,0.00251531279690654,0.0179219646585557,0.000626662315647209,0.0414088061938495,0.0572688496847917,0.0126083302770309,0.0110488940998443,0.00117968458959394,0.000375419820433812,0.0730148233072176,0.000161719307263796,0.0019002018603496,0.0441898007098322,0.000677199599167146,0.0027607796025748,0.00279832158461818,0.00457723396451994,0.0050826067997193,0.00016316322965008,0.000882236578019458,0.00186554772307879,0.00125910032083955,0.00289939615165806,0.00612656268500256,0.0125563490711247,0.0918363516124281
0.00120411965550072,0.000567234630859753,0.000616594075225161,0.00167343335631454,0.00108305792359295,0.00383783929203282,0.000207583252169536,0.000331494836523344,0.00934158832992263,0.00120104181485899,0.000979551282752784,0.000363413183918989,0.00139300787562423,0.000191168102080347,0.000731842108143009,0.00245873869634526,0.00251345586330922,0.00148488711848455,0.00198224336736741,0.00207708645677161,0.00068749840408263,0.000168027300218504,0.00235637199648351,0.00214730682104203,0.161664947635671,0.00122657649277551,0.000146596409824285,0.00487689549385891,0.000808902118283924,0.000211345057398308,0.000496330302002284,0.00953241444970945,0.00607212360972798,0.000950368793705337,0.00322751489218894,8.29877032286776e-05,0.00308126046465818,0.00153162469859961,0.00217637531599164,0.000897703520502522,0.00514113381265572,7.3982169499192e-05,0.000365237089484455,0.235934952231913,0.00102685883335704,0.00105672528699154,0.00697336094726359,0.000543865840802227,0.00177933387320938,0.1366877008576,0.00131457993630922,0.00120548758467482,0.00131845573563583,0.000680658758212135,9.63250126761437e-05,0.0031983324031415,0.000328189007685938,0.00147781948441837,0.000828395109014836,0.00124652545989779,0.00190449939263945,0.000455976391366361,0.207830847350048,0.00100565593115851,0.00536308032115329,0.000122771643375393,0.000726028409153088,0.00223177644754265,0.00203798648121195,0.00269322455560541,0.00083227090834145,0.00345493311738291,0.0179558943156159,0.0352942826032239,0.000343122234503186,0.018514237406844,0.000490630597110204,0.00528932613984978,0.0250450732662866,0.000586841615688506,0.00650746706938502,0.021756115555361,0.00169748611095912
0.000450029285487832,0.00120970558681132,0.00633197921536387,0.00119022670729021,0.0139938957221694,0.000633399427186605,0.000292183192816727,0.00189146637005035,0.00447879891885502,0.0242794157948189,0.00220514349889038,0.000300915104326192,0.00435185035921741,0.000348604774877888,0.0111627413366004,0.00507391227250012,0.0035606048393597,0.00423632045309217,0.00369561362500605,0.00282040741755732,0.00144546719756689,0.000261957345283962,0.00236567633356439,0.0104561281898344,0.0100416982358852,0.000650191564704808,0.000157846092671105,0.339947420459003,0.00238985701159061,0.00014911418116164,0.00166040655779988,0.00146696113359019,0.0129742771320641,0.00213931831981902,0.000643474709697527,0.000131650358142709,0.00920679315848016,0.00266256132488622,0.011581201403554,0.00825031300544334,0.0596638079731756,0.000204192392221345,0.00111902804421303,0.0029728800262226,0.131276229318803,0.00165033127528896,0.0118149479578074,0.000768408212832955,0.00349007786178325,0.0345871014889924,0.0143001843105014,0.0039884685033235,0.00542587547488165,0.00699493280458251,0.000370770396401915,0.00314550319990973,0.00115328400475016,0.00318647601545414,0.00272166964895029,0.00047891176201914,0.0149812734082397,0.00265382941337675,0.0565169614022644,0.00248590803819472,0.00203520706720616,0.000257927232279593,0.0035297073063262,0.000302930160828376,0.00390786624323613,0.0300915104326192,0.000428535349464532,0.00130441324241398,0.00612577176664034,0.00228440238797629,0.000842965303413775,0.000873862836447267,0.00145487079457708,0.0011949285057953,0.000286138023310174,0.00182899961848264,0.0172676908527182,0.0236204923186046,0.0253212000064482
0.00041848694267235,0.00062194621300407,0.00138603916569263,0.000666918375813711,0.00124837518178659,0.000681378878324849,0.000255083264296484,0.000461000820055097,0.00142710699282426,0.000922435455185529,0.00241461470930992,0.00495503579046674,0.00650664770991191,0.000270556001983403,0.00126283568429773,0.00165543832747514,0.001755215794802,0.00350623804387577,0.00237817424298185,0.00156520479180564,0.000364404663280692,9.83314170757422e-05,0.0025553153987433,0.00180365847821431,0.0061851907390893,0.000400411314533427,5.78420100445543e-05,0.00379458046394787,0.00253333543492637,0.0347377421573826,0.000594037443157572,0.000593314418032015,0.0121567998560891,0.00117939858480846,0.00101035531045325,6.59398914507919e-05,0.00357738371623057,0.0881739262968432,0.00673671430486412,0.00095598382101137,0.00811928294995408,7.69298733592572e-05,0.000318564870320383,0.000548197650197263,0.000782168580827485,0.451636198628884,0.010356033478377,0.000578709310495765,0.00162232377672464,0.00827719163737571,0.00191167843197252,0.00143881999985829,0.00173193438575907,0.000649710377825456,5.36484643163241e-05,0.000926484395888648,0.000416173262270568,0.0542835695866133,0.000529977417033228,0.000775227539622138,0.00425153234329985,0.000351101000970444,0.0219847357827593,0.00149174543904905,0.00106588364009602,9.50055014981804e-05,0.000466206600959107,0.00069612859088621,0.00172499334455372,0.0044642463352387,0.000368742814034033,0.00203546033346786,0.00267678361983686,0.00169751838978256,0.00126890909535241,0.000346907455242214,0.000445817292418402,0.0012459168963597,0.000227174494449987,0.00163360296868332,0.149718548009374,0.0533293210259033,0.00144749630136497
0.00115658613522392,0.000698860639615726,0.00157359391319591,0.0016609911326705,0.00268457874159674,0.00229363791370026,0.000393604603816607,0.000772495016836332,0.00427066703232276,0.00175365248074915,0.00135966733751538,0.00090942578377801,0.00294531166558805,0.000166803111188798,0.00253242639796863,0.00324891869724614,0.00205186853733079,0.0027004345506451,0.00422011871307658,0.00184961183710985,0.000714082216302156,0.00013972138933419,0.00708012612598442,0.00328646525307267,0.0623554425889061,0.00131083144564641,0.000198324459576947,0.00614647266598051,0.00245466951039545,0.000848032091142742,0.00129396086481895,0.00186901934738505,0.0467743829997313,0.00183413656747864,0.00371793352889677,0.00013623311134355,0.0045389473214211,0.0102716467944755,0.00463674595163141,0.00130195219257933,0.0108957948618553,0.000135979418398776,0.000304494956964797,0.00261671587886974,0.00172815633979937,0.0032231054401154,0.339266048552263,0.000509795972523025,0.0022543789304965,0.021186849166606,0.0020022715666275,0.00196827671202781,0.00273138508990751,0.00148828966051571,0.000115493713108289,0.00174109467998284,0.000366078919308646,0.0047677783576071,0.00108954777456743,0.00100982476667226,0.00419119771737236,0.000467619520454374,0.174621800900255,0.001853924617171,0.00315632077240369,0.000161982945238095,0.000778203108093744,0.00105320626022858,0.00263669419827068,0.00730838635304468,0.000896170327413578,0.00310824595936905,0.00705856222567865,0.00383463228349273,0.000481953171834096,0.00097614702825353,0.000615776200202295,0.0118066159568296,0.00105434787848006,0.00108358599036525,0.0886197023522156,0.082740051240901,0.00194113156693701
0.000200547440310036,0.020260711672403,0.0093661074825876,0.0020542562129055,0.00462343152930974,0.000959375592834494,0.00498658500230359,0.00356649231686496,0.00984850537954958,0.00250955310442017,0.00409225182254262,0.00105693921244478,0.0141629854467601,0.000607062522019567,0.00763164313396027,0.0134583593051302,0.0994390091872408,0.00977262256429714,0.00707878262283531,0.00401636900729017,0.0368248462017941,0.0126073877340849,0.0111385132388412,0.0160275346215345,0.014032900620613,0.0013008482614705,0.00333342367001816,0.0328897802108458,0.00481855876853031,0.00162606032683813,0.00847177430282663,0.00277514295780373,0.0137022683541559,0.00275346215344589,0.000981056397192336,0.002601696522941,0.032114691455053,0.00658554432369441,0.0561153418791837,0.00339304588200222,0.0471503292772162,0.000357733271904388,0.00163690072901705,0.00330632266457086,0.00207593701726334,0.00342556708853898,0.00563158893194938,0.0559527358464999,0.0423046695032386,0.0464131819290496,0.00815198243854847,0.0712431231198678,0.00891623079216239,0.00446624569771539,0.0047101547467411,0.0107645193636684,0.00213555922924741,0.00643377869318952,0.00585381717661725,0.000981056397192336,0.0183148594812868,0.0072847502642348,0.0230683758367435,0.00424401745304751,0.00386460337678528,0.00178324615843248,0.004108512425811,0.00123580584839698,0.0135776037290984,0.0199951218190195,0.000552860511124963,0.00291064798504025,0.0138052521748557,0.00613566763326919,0.00145261389197539,0.00178866635952194,0.021014119623838,0.00408683162145316,0.00324128025149733,0.00417897503997398,0.00511666982845064,0.0163473264858126,0.00619528984525326
0.00102826659336223,0.00618849836138803,0.00992874292905648,0.00643504181359769,0.00673312745093828,0.00220085130509108,0.00141569201826311,0.0040323169500771,0.0106022274814341,0.00378749157070514,0.00879996907468892,0.00144489925650398,0.00655272980298,0.000968993080461646,0.00874413170746374,0.0296891576718395,0.087386338743831,0.00412251577405624,0.00472040512157513,0.00485699191217212,0.0187433156228658,0.00216133562982403,0.00691008895322117,0.0337292059496862,0.0310352677401758,0.00140881972691232,0.000771414704126381,0.0409579974143004,0.00502794015952306,0.00137445827015836,0.00480802683629772,0.00185723673755149,0.0215961755698633,0.00302466723076725,0.00244395861162534,0.000656303824000619,0.00911437640398765,0.0107663034374342,0.0278465245534084,0.0031938974052805,0.0655891486519571,0.000633968877110545,0.00136329079671333,0.00802511822488714,0.00586378259506312,0.00769696631288683,0.018742456586447,0.00702262272409039,0.0615757305030947,0.0387811991289371,0.0054617535510418,0.0183077841585094,0.00545574029610985,0.00716694084245702,0.0045778050760462,0.00926556681370507,0.0036079529591657,0.00780262779240526,0.00583113921114686,0.00179023189688127,0.0181969684604779,0.00527620168457042,0.0727440629845502,0.0031483684750815,0.00509924018228753,0.000750797830074006,0.0030238081943484,0.000711282154806953,0.0143347407213329,0.0303334349859762,0.00263208758735327,0.0055425029744136,0.0161653473299,0.00920028004587255,0.0031045576177202,0.0025221309257406,0.00769267113079259,0.00530283181355474,0.00162959208655651,0.00606050193497953,0.021324720061507,0.034538418256242,0.00903792216271009
0.000533797244475348,0.000208495422222533,0.000419180081688681,0.000583266944125416,0.000796129070742471,0.00112096008928698,9.14065399672683e-05,0.000165581664210601,0.00225611491037934,0.000457468193266523,0.000602534585887767,0.000188356793599819,0.000974928549063714,6.70189078771086e-05,0.000839443011906461,0.00092292827948151,0.000476735835028874,0.00100292959961511,0.000667940991063934,0.000777873656952974,0.000191146305571522,6.28758352440313e-05,0.000698861024606815,0.00121109545924183,0.00860232526655906,0.000827590528549902,3.04374597418692e-05,0.00251508049013208,0.000284600841669913,0.000229446187242072,0.00037390053504252,0.00339586006762766,0.00426373962351569,0.000369333739071969,0.00137824254578254,2.48819759838791e-05,0.00145884414064423,0.0015134220605294,0.00154470696694621,0.000438082850577096,0.00326375254707749,3.95592815902638e-05,0.000121420276371664,0.00794977955675667,0.000590199528730196,0.000771176474202346,0.00329040003696751,0.000142771224543261,0.000642976624431101,0.628527505612039,0.000565741276083791,0.000710125003327994,0.000552252749840874,0.000455231875652078,3.18969512376123e-05,0.000965453624434091,0.000175986426164125,0.00176625542198148,0.000243064184504772,0.000497180486061986,0.0011021161708621,0.000152328539821837,0.165489739786555,0.000358987827581983,0.00202306707476874,3.76642966643392e-05,0.00030335059935313,0.000650026909962957,0.000976282109725089,0.00207783331613723,0.000322312218705083,0.00201103804002156,0.00349170393254569,0.0318281079653655,0.000136250593183247,0.00427815798708251,0.000163886770860706,0.000793374869048891,0.000736419390436786,0.000345864174213003,0.00543513456005477,0.0827325230660272,0.000683536363901512
0.000218892975688526,0.000790646212732873,0.00665948984779163,0.00120510750276607,0.00387608026075775,0.000576537782961036,0.000296043778595138,0.00255674172423073,0.00370742501719446,0.0375096438503633,0.00457641816931312,0.00118357704614096,0.00424389222810323,0.000916240543045962,0.00283245118267994,0.00187015938518585,0.00329475793188003,0.00576657396608953,0.00303220597470171,0.000766125414909841,0.00156275231003858,0.000137555695104811,0.00414640710505069,0.00469005113483448,0.0124314464280374,0.000720074160461709,6.04048921981998e-05,0.120620196764451,0.00193056427738405,0.00109745521964056,0.000543045961544212,0.000477856523429323,0.00964863490924314,0.00270446457940851,0.00121886307227655,0.000156095810531982,0.00750336413384767,0.00772943392841123,0.012595317125684,0.00460093896713615,0.0638605304865285,9.74851230525403e-05,0.00854220866600879,0.00277503663167967,0.00916599383989713,0.000788852008014114,0.00596692682635089,0.000802607577524596,0.00277982117759636,0.011966747405879,0.275071319637571,0.0014192159325379,0.0689411201818128,0.00690948237193864,0.000370802308543405,0.00384916718997638,0.00388744355730989,0.00295385903531593,0.00503513650907569,0.000382763673335128,0.0516204658951586,0.00925749828055381,0.029862743339015,0.0133237642415,0.00121348045812027,0.000191381836667564,0.00575461260129781,0.000205735474417631,0.0030932089351395,0.0277665141592656,0.000517329027242008,0.0019843904189468,0.00621452707753955,0.00198558655542597,0.00256989922550163,0.000330731736491134,0.00110642624323435,0.00280254777070064,0.000706318590951228,0.00232170090607338,0.00591788523070482,0.0131604916120929,0.062072306450166
0.00017822372691073,0.0170224709246233,0.00242707035978038,0.00228252670724648,0.00209623379584963,0.000235409686529724,0.0168182854737138,0.000644833090673075,0.00193379760380304,0.000813935130773414,0.000887259459364639,0.000333994070903573,0.00160471521041276,0.000349079937551529,0.00253196975809988,0.00517866226954585,0.009984738716298,0.00140684477344887,0.000975318820495729,0.00190467837283141,0.0610588173382216,0.0315031487361201,0.00204115284087919,0.00629150806041363,0.00818355640535373,0.000551862052028698,0.0042433385373726,0.00971845562825618,0.00102934727314189,0.000196116266423422,0.0219436209588296,0.0001357727998316,0.007295946111881,0.000680267335590366,0.000525198659813707,0.00824881154945884,0.00254074061080218,0.00178258810321539,0.00465311277562405,0.00094549792130791,0.0188538249688635,0.00170014208781378,0.000224533829178873,0.00111354745908397,0.00154121423684811,0.000876383602013788,0.00578525444243689,0.00290174890802884,0.00907221920115074,0.00520427315943656,0.000979177995684741,0.618089708281439,0.000963039626712509,0.00192853509218166,0.0103296086445524,0.00221481572438472,0.00117459259389198,0.00120230848843125,0.000906555335309699,0.000343115757713965,0.00325082884558037,0.00158822600733243,0.014103881979406,0.000594312979107829,0.000959531285631589,0.00272457768344238,0.000803059273422562,0.000201729612152893,0.00531092672829652,0.00784079148174785,0.000824810988124265,0.00127352781237392,0.00306839510937253,0.00166681284754504,0.000341361587173505,0.000223481326854597,0.00842352693528865,0.000848316873366429,0.000361359131334748,0.000582384619432701,0.00542740365218307,0.00774150542915782,0.00325574052309366
0.000175715606772298,0.00105776824302759,0.00968371687152757,0.000775829077359044,0.00253000691445876,0.000411492197780325,0.000640319584000747,0.00193584990511854,0.00258708966807123,0.00924790245699063,0.00650445568119828,0.00122206729907739,0.00309388524579586,0.0016827003021415,0.00210014896116834,0.00216815189373276,0.00350637018711727,0.00259999533410536,0.00342843981914198,0.00119278136461534,0.00118037207035176,0.0003181743049182,0.00345325840766914,0.00408265781271794,0.0124246817884672,0.000603091701210005,0.000262084294846817,0.0295361058344034,0.00256971665610222,0.000882052636255292,0.000767887129030353,0.000329094483870151,0.0143158582342368,0.00314997525586724,0.000541541601662647,0.000121114712012544,0.00612870225089707,0.00693530637802979,0.0110854707515416,0.00167773658443606,0.0888584888755641,0.000149407902933508,0.015730517780285,0.00186139413953705,0.00342000149904275,0.00158342594803285,0.0115649658818864,0.000940128133408848,0.00301595487782057,0.0177939352304332,0.0801213529704624,0.00254043072164017,0.275763804471218,0.0121933725433941,0.000459640259523017,0.00322145279082546,0.00204902266880239,0.00176857261844547,0.00385085219587426,0.000688467645743438,0.0999921076888484,0.0164035979011416,0.0152058528188208,0.0591590767286519,0.000546505319368079,0.000159831710114915,0.00753393073330491,0.000135013121587754,0.00250469195416106,0.0562036792068376,0.000646276045247265,0.00182615174382849,0.00701671134839888,0.00224260765931424,0.001229016503865,0.000363840507808176,0.00124837500291618,0.00387219618200762,0.00047403504086877,0.00320358340708591,0.00589292565988904,0.010664547490121,0.0189906875692128
0.000318329622874218,0.00117985149584444,0.0094012219793736,0.00125807930742311,0.0028818990326166,0.000588571153782332,0.000497136049339737,0.00416740887137248,0.00480813189954059,0.00202105445671631,0.00404346350757252,0.000875406462904101,0.00543429304070488,0.00122455310246082,0.00187916072056281,0.00411593429405665,0.00475665732222476,0.00909576100082833,0.00691791227241972,0.00177417967472131,0.00105489018643956,0.00050932739659875,0.0075477985474687,0.00299263710355263,0.00864772898905962,0.0015632016374334,0.000225201275756761,0.0142672627783945,0.00893422564964642,0.000423649317250689,0.000733512726750593,0.0011199107051543,0.0142869043934229,0.010062602568175,0.000980048860210626,0.000110399422401059,0.0870032110654086,0.00292964847604773,0.0114916993857593,0.00210707118459935,0.194316868015797,0.000119204284310346,0.00831111234529688,0.00120491148743241,0.0019607750174912,0.00132343847467281,0.00484165810450287,0.000918414826845618,0.00336176400667273,0.00780551008258283,0.00589587099387249,0.00415216968729872,0.0109915154996048,0.21651257029497,0.000213348577032721,0.00779433468092874,0.00353955448753333,0.00164786377117654,0.056834706327377,0.000497136049339737,0.0196832687982109,0.0470697758214428,0.0146384215727244,0.0058179818308288,0.00233328840596103,0.000284126120841989,0.0409825684053108,0.000578750346268127,0.00298721872699306,0.0275521061568336,0.000548610626655568,0.00241490270288942,0.00747837559779933,0.00204272796295456,0.00148565112292468,0.000859151333225417,0.000864569709784979,0.00438888501324454,0.00263468560208662,0.00281721716243683,0.00486028377392637,0.0108618131107103,0.0203429561443374
0.000254323034165281,0.00713934157779083,0.000850792884078097,0,0.00136126861452496,0.000338487491514942,0.00643309200090019,0.000428140935213494,0.00170707475450509,0.000448267218492761,0.00202360630062446,0.0010337590957078,0.00136858726299014,0.000499497757749076,0.00179489853608734,0.00410027280262154,0.0108096437830826,0.00171439340297027,0.000567195256052065,0.00105205571687077,0.234652336752972,0.120957132846277,0.000254323034165281,0.00268777364884027,0.00256518628704837,0.00026713066897936,0.00506084541367746,0.00474248420544178,0.00138322455992052,4.57415529074246e-05,0.0181831821117594,0.00183149177841328,0.00302443147823891,0.000219559453955638,0.000380569720189773,0.0200439484840335,0.00738268663925833,0.00098252855645148,0.00170890441662138,0.000495838433516483,0.00375629632475771,0.00104473706840558,0.000153691617768947,0.000296405262840111,0.000969720921637401,0.000186625535862292,0.000794073358472891,0.00226512169997567,0.00929285388867238,0.00256335662493207,0.00107767098649892,0.0531608327890089,0.000526942689493531,0.000722716535937309,0.403711286636697,0.00136126861452496,0.000490349447167592,0.00055804694547058,0.00115634645749969,0.00052145370314464,0.000323850194584566,0.000146372969303759,0.00193029353269332,6.58678361866914e-05,0.0014564110445724,0.00217729791839341,0.00050315708198167,0.00109779726977819,0.00275913047137585,0.00266398804132841,0.000794073358472891,0.0015149602322939,0.00239868703446535,0.000841644573496612,0.00102278112301001,0.000336657829398645,0.0136163454694822,0.00123685159061676,0.000413503638283118,0.000179306887397104,0.0041240584101334,0.00379837855343254,0.00119476936194193
0.00122940575410002,0.000773586096227975,0.00136135813689511,0.00256025970738993,0.00238717025413297,0.00707034683082449,0.000362738320471026,0.000727219737148065,0.0986114844242152,0.00249559083814689,0.00150498926427047,0.000614267102998509,0.00234603318367109,0.00020481380420637,0.0036022826193437,0.00583431731114163,0.00392458110783525,0.020724368031755,0.00470357080230186,0.00395142478940783,0.00188916766807544,0.000382260997978357,0.00391237943439317,0.00466888318780223,0.0251976758252428,0.0274140226511866,0.000226602506781516,0.0145009916474316,0.0224078503475211,0.000525543506112516,0.00157262139706372,0.00507206134025273,0.0111394306141381,0.00139186232050031,0.00595058182808261,0.000134392717483499,0.0754839096532319,0.002002991850328,0.00257036966538479,0.0012858820711748,0.0145356792619312,0.000172566524395154,0.000888979065065947,0.002481123139637,0.00255799368232211,0.000755806514926656,0.00574873128742646,0.000956262578617997,0.00368734571419707,0.0119121451622631,0.00429411750350972,0.00353395324806804,0.00408302855296171,0.00432287859090892,0.000286216397027115,0.321228576040306,0.00161672173107581,0.00140388968432179,0.00600252609502175,0.000844704421433251,0.0036618965095893,0.0011366730359402,0.0244854467154664,0.00139465127442993,0.00819516681256382,0.000182153553528218,0.00318847158003653,0.00144380658743946,0.0044842892995856,0.00472814845880663,0.00130313872361432,0.00866196797653374,0.132710281025457,0.00308475735577883,0.000359077818438402,0.00191147929951239,0.00104864667753661,0.00399482788493752,0.00552944978471019,0.000784218983084646,0.00648484081522518,0.010411339328887,0.00678273595683257
0.000727786945062454,0.00115932411601536,0.00408528438497066,0.00160567377567375,0.00829005617883216,0.00156617380579247,0.00051448710770358,0.00484763380367922,0.00587364552134529,0.00842731857416959,0.00176762365218696,0.000895661817057864,0.0053838458948175,7.10999457862913e-05,0.00537693340008828,0.00482590882024452,0.003599434755431,0.0212460462998897,0.00758300671795738,0.00836708112010064,0.00183181110324403,0.000396974697306793,0.00705173212305426,0.00488910877205456,0.0180564237319769,0.00290719778326169,6.02374540689413e-05,0.118417947206315,0.00577489559664211,0.000137262395337424,0.00129164901511763,0.00114253662881582,0.0200274722290524,0.0035095723239511,0.00250429809047271,2.66624796698593e-05,0.0239310567525692,0.00304841017558724,0.0129856150984685,0.0205152968570861,0.0544102210122065,0.000194537351665269,0.00425315925696607,0.00151186134720572,0.0070902445936885,0.000593487047466126,0.00482097132400936,0.00121857407083727,0.00428278423437702,0.0123555905788622,0.015577800621927,0.00290226028702653,0.00542828336093394,0.0180188987605897,0.000367349719895839,0.00737365687758663,0.113059776291921,0.00563763320130468,0.00816661877295318,0.000995399241008079,0.00589537050477999,0.00411392186313458,0.0182914485527705,0.00256749804228274,0.00397665946779716,0.000151087384795869,0.0397349947020665,0.00105267419733592,0.00594573296637861,0.0133134648484831,0.000859124344917687,0.033759636758277,0.00968934261187626,0.00494144623214725,0.000891711820069737,0.000493749623515912,0.00161851126588516,0.00263662298957497,0.00273636041352518,0.00193154852719425,0.0045800215077336,0.0149507386000618,0.212889037672109
0.00079945604916084,0.000473919432564491,0.00108990149758163,0.00141638142515044,0.00142232428427695,0.00126111243908334,0.00031166994530117,0.00055240290547326,0.00288209801416061,0.000881712765959454,0.00176285954533543,0.00237252142683708,0.00257910652980608,0.00021450891513767,0.000784363073601461,0.00165890667617021,0.00171682596987933,0.00246411692226306,0.00116253644246114,0.00129790156700932,0.000647677313691838,0.000103198220387252,0.00123186979893704,0.00159523318552908,0.00878505508653086,0.000869449723317459,9.88589899139304e-05,0.00335733808208654,0.000942178999294215,0.00470249952881617,0.000605039657736593,0.00071587869700078,0.00546922268723261,0.000574193388937113,0.00200142289027086,0.00011272566120911,0.00187501921996106,0.0100246600354421,0.00260646254800745,0.000640225157009395,0.00472155441045988,9.76326856497309e-05,0.000398831879156582,0.00127158319087765,0.000890296895808851,0.040786125178498,0.0109827809901709,0.000393172013321815,0.00121819178983635,0.014635847062124,0.00188652761382509,0.0010493391257658,0.00129507163409194,0.000508821938545554,9.66893746772698e-05,0.000814454693622973,0.000468636891118708,0.45754440306244,0.00042147134249565,0.00151986263882943,0.00207424649734486,0.000438262277805459,0.0322226538393983,0.000929632963360481,0.00319848451432408,9.11238399397488e-05,0.000402416460851934,0.00212367599230183,0.00171871259182425,0.00341016349654437,0.000698238781815757,0.00231469646422521,0.0036826860364884,0.00224291049922092,0.000422791977857096,0.000620981613171187,0.000347610093351941,0.000868506412344997,0.000360061798188428,0.00101283299113156,0.0856765963981746,0.238586927709741,0.00149165764075285
0.000224805057737871,0.000941700116443757,0.00724300844052769,0.000913317538083875,0.00219090949246875,0.000482503832117989,0.000491150180492522,0.00634547988643209,0.00245029994370475,0.00134826645414193,0.00276701944394582,0.000634942713242916,0.0033288441241954,0.000398295917513837,0.00133774046481641,0.00322208051817942,0.00248507330129799,0.0044468545618416,0.0102739294739919,0.00163885894516429,0.000851665314891549,9.54857603100656e-05,0.00957771046574683,0.00234917526054173,0.00387995485102436,0.00113849852401194,0.000189279843764244,0.00620958184567584,0.034453818631565,0.00060843977583402,0.000568403423578028,0.000671219783596937,0.0162429172779416,0.066371061799775,0.000679678167876372,0.000162400978165151,0.0534708979890661,0.00204410953419678,0.00697064846672989,0.00154826025132679,0.307530687488076,9.92450422120366e-05,0.00249428354195781,0.000619529657444835,0.000904107297424046,0.000664265112078291,0.0030027264191994,0.000709188530806845,0.00287171544491571,0.00263657236194742,0.0027564934546203,0.00212437020280386,0.00432806125373931,0.0377828507198555,0.000105823785540486,0.00394536635611865,0.00186610753613845,0.00151517857058945,0.237803338806221,0.000337771478892102,0.0191740293769084,0.0276884269566827,0.00670919041044779,0.00304426648421618,0.00073587943231084,0.000241721826296741,0.00608796907614707,0.000226496734593758,0.00224297554681105,0.0294192003443502,0.000371605016009842,0.00225462932070716,0.00645337127701866,0.000624604688012496,0.00116161810770907,0.000320478782143035,0.000870273760306306,0.00311625673263893,0.000723849730224532,0.00175784021736168,0.00259390451236005,0.00302302654147005,0.00581241371273259
0.00932718631854652,0.00133414826992461,0.00267506886609249,0.13101234425766,0.0100873799393538,0.00650143319354123,0.00091934328752419,0.00225010539432716,0.0199377284601931,0.00307632919600636,0.0017658840679332,0.000196397461054891,0.00303908140166836,0.000101584893649082,0.00986558625488666,0.0242415417877925,0.00581742824297075,0.00370446245506985,0.00191318216372437,0.0162061767001502,0.00334214300105479,0.000333537067481152,0.0025260776887405,0.0197650341409897,0.0495666557745086,0.00235846261421952,0.000177773563885893,0.0281931941507418,0.00199275699708282,0.000435121961130234,0.00176080482325075,0.00247697832347678,0.00425810012545734,0.000939660266254006,0.00569891253371349,0.000270893049730885,0.00717020041006435,0.00241264122416569,0.00504538305123773,0.00742754880730869,0.0194501209706775,0.000287823865339065,0.000623054014381035,0.00640662062613542,0.00213328276663072,0.00124610802876207,0.0178840205269208,0.00217560980565117,0.00722607210157135,0.0318739534639602,0.00268861351857903,0.00414804982400417,0.000661994890279849,0.00195381612118401,0.000651836400914941,0.00565150625001058,0.00249221605752414,0.00920697752772844,0.00239571040855751,0.12085046872963,0.000755114376124841,0.00100061120244346,0.047330095032668,0.000406339574596327,0.0267100547034652,0.000220100602906344,0.00166768533740576,0.0368042069690623,0.0812611425930221,0.00388900834519901,0.0321482326768127,0.00638968981052724,0.0376372030969848,0.0118194023760707,0.00059257854628631,0.00314405245843908,0.00213666892975235,0.0087244492828953,0.00468644976034431,0.000118515709257262,0.00988251707049484,0.0375677867529913,0.00497596670724419
6.12720965408741e-05,0.000451058430561484,0.0102611136007289,0.000382534804679725,0.00141125405420365,0.000142635586301449,0.000203708099465968,0.00158901631474352,0.000679514868695427,0.0016090411801711,0.00359070452399631,0.000444339123557544,0.00207433655824588,0.00047800218636936,0.00126808624556526,0.00140546613628937,0.00126489291154358,0.000401761336601888,0.00178640427395825,0.000402892309067898,0.000440879678367397,8.96794637753511e-05,0.0020966898963976,0.00201472765650796,0.00304484398966637,0.00013066058372017,0.000105646133883722,0.00580435027893773,0.000782566418686539,0.000229853521768426,0.000497295246083642,0.000165121980037405,0.00541662630647278,0.00310604955841513,0.000311815761658064,3.93179251418639e-05,0.00269051696884477,0.00198671945602619,0.00743833938115315,0.000875771855444156,0.119458367972137,8.40911292374212e-05,0.00297711869729003,0.000638400693166372,0.00114321357975937,0.000447732040955573,0.002343973699701,0.000424247730337844,0.00150372768524797,0.00279117351831963,0.00674618423195527,0.00142668850197508,0.0119014893709877,0.00524085987969646,8.86815468935779e-05,0.000606400825157511,0.000783963502321022,0.000882424634655977,0.00441378636808284,0.000107708495439387,0.552766119151808,0.0374427727932199,0.00524551682514474,0.0221310022704605,0.000226926298915224,0.000123009887626576,0.00146161559283714,8.92137692305236e-05,0.000764736970398858,0.130883318768182,0.000145695864738886,0.000617510966441253,0.00118366247736725,0.00106943425830027,0.0011601116389574,0.000217878519187147,0.000452987736532912,0.000678051257268827,0.000144298781104404,0.00204140530114736,0.00281212977283686,0.00384191346703468,0.00331494682566632
0.000164884357778052,0.000740666836452046,0.0114271686362646,0.000458945632796234,0.00221464897748068,0.000216082526196396,0.00032346740252,0.0029962743486674,0.00109879146067062,0.00150312571382062,0.00379417811186406,0.000859079010588831,0.00251737455792351,0.000950448049612338,0.001657770437915,0.0029878725979526,0.00339168174168292,0.00110666810196575,0.00232675983858136,0.000482838111391461,0.000709422825981364,8.29672883087013e-05,0.00334153379210393,0.00310024601376312,0.00251658689379399,0.000728326765089675,0.000216607635616072,0.00746915638546182,0.00221333620393149,0.000366788929643214,0.000524059200835974,0.000426651403486201,0.00557403648985357,0.00631417821688594,0.000502792269339124,0.000106597212194091,0.00981534527257117,0.00137788711722805,0.00656990650426783,0.00149446140839597,0.284213635516301,0.000117099400587597,0.00729587027696896,0.000386217978171201,0.0016013211752999,0.000469710375899578,0.00237428224106198,0.000922879805079383,0.00307425309748919,0.00310050856847296,0.00586468455364387,0.00119724947685974,0.0102658891546526,0.0434396767426412,0.000143354871571364,0.00147135659393026,0.00198675148934159,0.00118727239788591,0.0253572713214116,0.000125238596592565,0.150785957523899,0.233714387735544,0.00456372596639825,0.0207097904025751,0.00040433425315,0.000192190047601169,0.00652395943004623,9.26818125726948e-05,0.00168848933896601,0.0681781066129655,0.000342371341628312,0.000926030461597435,0.00171080648930221,0.000553465328337792,0.00168927700309552,0.000138891441504123,0.000896886888805455,0.000777161941119481,0.000190352164632305,0.00230234225056646,0.00239134829720143,0.00358203390631523,0.00838127144743786
0.000621124800547901,0.000348853085096711,0.00103408607460847,0.000773574786657134,0.00169729301093237,0.00126594864439097,0.000140966740402303,0.000343042166795015,0.00322039706371031,0.000930736863246106,0.00112516009228411,0.000256195171461489,0.00146639067807536,0.00014722312944263,0.00217250139620429,0.00157760987248687,0.000766882826227923,0.00119211929397521,0.00116060966372938,0.001037709236616,0.00026793580026185,0.000111912148893823,0.00139564002543103,0.00270242348752983,0.0281351597026457,0.000707259042699618,5.08628590018985e-05,0.00463840961957037,0.000480692625031955,0.000373066894578736,0.000537148616641108,0.0019387579499698,0.010328347968004,0.00060456318842058,0.00175758995024349,4.13693825941872e-05,0.0017569860899089,0.00223148172199902,0.00275264288879815,0.000647783749417522,0.00593087862193449,6.73056789322514e-05,0.00019213647924637,0.0078106661454593,0.00140957830987531,0.00124877327257931,0.0201825071837601,0.000220488216922788,0.000941398462924005,0.0965637119773896,0.00102208806271468,0.00116684625407022,0.00103499681478523,0.000593772897195966,3.62514187748058e-05,0.00134843992583566,0.000219557678046537,0.00227363315322324,0.000334697014957997,0.000522190699172858,0.00223253105307224,0.000289298597016637,0.609393170256461,0.00069064793382356,0.00220140749746656,6.43160753085508e-05,0.000437491862734508,0.000687173262062239,0.00145990660399085,0.00396492715820871,0.000486424348535672,0.00188894442204112,0.00454693962790483,0.00701368929599943,0.00026707455683383,0.00155760328664747,0.000270905605186056,0.00148149708578982,0.00121760022022489,0.00068002593154465,0.0171562957646939,0.11496222764513,0.00119152533299037
5.48665674213005e-05,0.000643832463722517,0.0102814120809384,0.000257338767551232,0.00171445884570453,0.000253454408795742,0.000199073386218878,0.00236120457849366,0.00239130835884872,0.00349883614900789,0.00378190879331424,0.000694814672388327,0.00415917713744124,0.000415626386837462,0.00217961080667449,0.00186060784387985,0.00243500739484798,0.00128572274806729,0.00204025943632128,0.000475833947547562,0.000587023716923471,0.000221408449062947,0.0051996997390682,0.00213202741191974,0.00991871008214448,0.000380667158038049,7.38028163543157e-05,0.0100371830241869,0.00145517789877555,0.000344251294705328,0.000389406965237902,0.000681704961588547,0.0106305188240881,0.004054299451043,0.000819599697408453,6.31208297767173e-06,0.00371781687384865,0.00644900662380277,0.0120677315636195,0.00128038175477849,0.11393261220213,3.93291323993393e-05,0.00447381019663595,0.000836108222119287,0.00232333208062763,0.002328187529072,0.00628537801122774,0.000730259446032176,0.00168484061019392,0.00591587838461172,0.0158268197492452,0.00126630095428984,0.0657573382820064,0.00816832091795166,0.000106819865775983,0.00142216084935389,0.00110364343140368,0.00187080428561301,0.00527884354871132,0.000181108226974735,0.288359256572578,0.0688599698379543,0.0168687989854055,0.146186385128344,0.000314147514350278,0.000131582652842234,0.00324489619536771,0.00016217197804172,0.00144692363642014,0.0849897695701277,0.000223350628440692,0.000642861374033644,0.00408974422468685,0.00112403631487,0.00169018160348272,0.000106334320931547,0.000521475162924573,0.000609844324611977,0.000316575238572459,0.00301377684941603,0.00715644546214644,0.0113423275660317,0.00763616376844949
0.00627882201611991,0.000968238950123641,0.00201616008217309,0.00699663125161959,0.00350668560290284,0.0357940396388723,0.000329442298382318,0.000684329327127498,0.0750954344788149,0.00226993778763426,0.00110952416345427,0.000361583010419617,0.00317925209902286,0.000265160874307719,0.00497779277677673,0.00988996493314397,0.0084925135576889,0.00752561380390014,0.00184139496047027,0.0120889253150292,0.00238711746693692,0.00035488702874518,0.00292748318806401,0.00796754859441301,0.0504515435242157,0.0273430411675649,0.00023837694760997,0.0159391147778307,0.00277816279672406,0.000378992562773154,0.000805526595434814,0.00308952594458539,0.00820458634568809,0.000393723722456916,0.0493118874432264,0.000251099312791401,0.0149635102478652,0.00443207027031008,0.00458741704515703,0.00358502858849376,0.0125951415296167,0.000109144501293329,0.000316050335033443,0.00450907405956611,0.00175367760053514,0.00120661589773361,0.00930272734029581,0.00131040361368739,0.00612146644677063,0.0319224230347126,0.00379595201123854,0.00152668382177172,0.00113630809015202,0.00277682360038917,0.000204227441070339,0.0279416619292596,0.00493560809222777,0.00637725294673413,0.00194116508741939,0.00387630379133178,0.00354619189478202,0.00106466108623554,0.0555840134776719,0.000540365721127094,0.216881507238691,0.000381001357275485,0.00204629199970806,0.0163227945277759,0.0129346278005106,0.00922505395287234,0.00234761117505774,0.0384248908387587,0.0659701506528917,0.00660424672549756,0.000758654723713752,0.00200812490416376,0.00113697768831946,0.00727987127644829,0.00388768696017833,0.000435238808838428,0.00721090266520159,0.0297890832732369,0.00789924958133375
0.000182591230404048,0.00993165871090591,0.0208806114197772,0,0.00133030753580092,0.000430393614523828,0.0511777134361061,0.00882306909773848,0.00900566032814253,0.000489083652867987,0.000423872499152255,0.00139551868951665,0.00322795210892871,8.4774499830451e-05,0.00299971307092365,0.00288885410960691,0.0129835407048021,0.00304536087852466,0.00200850353444453,0.00185199676552678,0.0144051438558051,0.02847771082766,0.0046625974906748,0.0029866708401805,0.010159897748911,0.00084774499830451,0.145023084748415,0.00378224691551243,0.00136943422803036,7.82533844588778e-05,0.147605446435558,9.78167305735973e-05,0.0271539244072306,0.0039583170305449,0.00159115215066385,0.0331272660875916,0.00513211779742807,0.00416699272243525,0.00303231864778152,0.000462999191381694,0.0318360852440201,0.00608420064167775,0.000586900383441584,0.000945561728878107,0.00186503899626992,0.00273886845606072,0.00696455121684013,0.002719305109946,0.0100033909799932,0.00539948352766257,0.000234760153376634,0.0927367816991418,0.00125205415134205,0.00185851788089835,0.008112267522237,0.017920025041083,0.000554294806583718,7.82533844588778e-05,0.00127161749745676,0.00208023580353184,0.01301614628166,0.00552338471972246,0.0146399040091817,0.00159115215066385,0.00723191694707463,0.119264679030701,0.000769491613845632,0.0015063776508334,0.00241933380285364,0.0070688890627853,0.000469520306753267,0.00105642069019485,0.0197850640373529,0.00249758718731252,0.0150572553929624,0.00106294180556642,0.00542556798914886,0.000182591230404048,7.82533844588778e-05,0.00358661345436523,0.00620810183373764,0.00423872499152255,0.000795576075331925
0.000298413217556963,0.0012473672493881,0.00469284625930079,0.00123065610920491,0.0049160593460334,0.00150638992222755,0.000467911925129317,0.00196057483934924,0.00531235209894905,0.00516254866373545,0.0026487157190356,0.00102236368335015,0.00405125784155332,0.000697690102648179,0.00298950361348565,0.00354574585101183,0.00545797774911685,0.0317827981491219,0.00434788057980494,0.00298830996061542,0.00132614833882314,0.000226197218908178,0.00305992913282909,0.0039647180084618,0.0102140876105397,0.0028802843758598,0.000220825780992152,0.0533759785715437,0.00542813642736115,0.000214260690205899,0.00151056770727334,0.000643975723487925,0.00765131489816052,0.00493873875056773,0.00153265028537256,6.386042855719e-05,0.0454107329685132,0.00282955412887512,0.00454901108843834,0.00563284789460523,0.0931091016628181,0.000268571895801266,0.0202157050101789,0.00158338053235724,0.00429595667995003,0.000802134728793116,0.00374687635964522,0.00103788117066312,0.00370927629423305,0.00400589903248467,0.0144127615815662,0.00356782842911105,0.0159328785118013,0.118484968030992,0.000135479600770861,0.00825709372980116,0.0275471209391183,0.00244758521040221,0.0211425764639108,0.00089404599980066,0.00989836642636445,0.0187516897648444,0.0145118347697951,0.00388175913398097,0.00224108326385279,0.000281105250938659,0.160938426013516,0.000603391525900178,0.00422911211921727,0.0128860795605448,0.000537740618037647,0.00721622842696247,0.00666714810665766,0.00109875746704474,0.00199996538406676,0.00136434523067043,0.00128735462054074,0.00182091745353259,0.00127899905044914,0.00128616096767051,0.00322405640248542,0.0070759742147107,0.149321199454023
0.0176181414193126,0.00133651971943577,0.00252197284577989,0.0344956369030509,0.00569437130070435,0.0108264391715676,0.000621051549376745,0.00145611410563332,0.0249364785957521,0.000937871765443936,0.000593775636735199,0.00124000495162722,0.00292062079977172,0.00238139698831961,0.00535656961337443,0.0134029638426306,0.00592726563172063,0.00455088111688568,0.00225970445499579,0.0376890168292381,0.00303392074459045,0.000568597871219926,0.00208346009638888,0.00822473673498933,0.0423804738035841,0.00559366023864325,0.000300035039057009,0.0368329728017188,0.00315980957216682,0.00198694532858033,0.000923184735560027,0.00218626930557625,0.0091521177648019,0.00139107154471886,0.0172992230561191,0.000140575857460277,0.0102179765049485,0.00435785158126858,0.003268913222733,0.00866744577863289,0.0111663390060238,0.000134281416081458,0.000371372041350284,0.00669518747993647,0.00132812713093068,0.00313463180665155,0.0208178157868786,0.0020205156826007,0.00592726563172063,0.0486497374168871,0.00139316969184513,0.00237300439981452,0.00142254375161295,0.00345774646409756,0.000297936891930736,0.00853945880393025,0.0036004204686841,0.0157801645366976,0.00357104640891629,0.0447471837620198,0.00293950412390818,0.000597971930987745,0.0574283849932125,0.000356685011466374,0.104185593702202,0.000287446156299372,0.00186944908950905,0.10069637503121,0.0402130878221443,0.00470194770997732,0.0091059585280239,0.0199659680536119,0.0288747007517661,0.023981821653298,0.00175195285043778,0.00381023518131138,0.00258491725956808,0.0041018776318633,0.00373889817901811,0.000870731057403207,0.0123895587806408,0.0472607640192946,0.00432218308012194
0.00283431188358799,0.00291309571536672,0.00446653497906828,0.0154085926475624,0.0331076345980468,0.00243848666424809,0.000926980730364242,0.00361134919217982,0.0121511353449048,0.00240417757621542,0.00310497246695685,0.000940958506970145,0.00861094574271869,0.000799910033946937,0.0485842100681925,0.0397369128301376,0.0134974493734462,0.00679129337002288,0.00386231381760399,0.025340438279539,0.00426830469265728,0.00118239283016303,0.00537381975148784,0.0568806558372784,0.0207894012873532,0.00189907155795663,0.000421874712105453,0.0646065541794505,0.00504216523383867,0.00174658672225586,0.00324284417256963,0.00102990799446226,0.0124789777416615,0.00161506855146395,0.00339787042219874,0.000238257555782447,0.0124554696628243,0.00609621666062022,0.00571881669226082,0.015816489583062,0.0323502932473997,0.000334831285059599,0.000564829245574922,0.00263544624369491,0.00394618047723941,0.00400908047196598,0.0115615273135285,0.002122080630169,0.0114929091374632,0.0397521613137077,0.00344170981246271,0.0101243577370488,0.00303826035133777,0.00513365613525913,0.000655049440031209,0.00572072275270708,0.00478230565966528,0.00294804015688148,0.00314245832239996,0.0221064890557186,0.0074412599821974,0.00267801492699471,0.0563679255772345,0.00116079081177208,0.0113131041020327,0.0004809625859395,0.00267610886654845,0.00693107113608192,0.17532071055392,0.0146252018041497,0.00786122863385659,0.0101377001601726,0.0147071624033389,0.00807216598990932,0.000604856514946373,0.00123258575524786,0.00278538966546733,0.00279237855377028,0.00121098373685692,0.0015089645199555,0.010911560701354,0.0229076697966297,0.0105773647697765
0.000114820518700366,0.000635822196403377,0.0468640090039547,0.000265218650985939,0.00224706736917272,0.000162693036635915,0.000326856560170874,0.005284031284282,0.000721641445705927,0.00199831000208442,0.00619961361322853,0.000623363904619808,0.00331794945340164,0.000759138861631553,0.00209013373955806,0.00210050884156799,0.00199234636077163,0.000588439840767509,0.00230854189092443,0.000529007661931141,0.000544652008662638,0.000136796128469415,0.0029846799364766,0.002645610165672,0.00363724934478576,0.00015995629712936,9.40703146805202e-05,0.00811659752042414,0.000897446323858319,0.000326325551012886,0.000920769879951492,0.0002914831808772,0.00744564702587693,0.0041379501339103,0.000399441427382026,7.80583462242614e-05,0.00298451654904337,0.00188091613131072,0.0137876936340212,0.00115572100893211,0.241382834442741,0.00012086585372977,0.00269054170980946,0.000553720011206744,0.00228509579425634,0.000871059253392138,0.00379724648877343,0.000453686055213434,0.00198229803362816,0.0051599793756043,0.0041951765823981,0.00187989495985305,0.00778635067101381,0.00687105427007543,0.000142228760624217,0.000789283843061959,0.00134067558334522,0.00094834150930857,0.00594963084039102,0.000169963777414522,0.0962581132582898,0.0148105398128814,0.0109807383780374,0.00807750707702455,0.000263012920637373,0.000127197116767321,0.00183157312647613,0.000129893009415568,0.00117610359122719,0.414780239613389,0.000282170097183254,0.000959125079901561,0.00188904465611377,0.00145749759810261,0.00156925460242997,0.000240342914277108,0.000511892828300599,0.000768982954483488,0.000319749206825494,0.00655195861298284,0.0046919969199835,0.0066878152637112,0.00451022840051831
0.0107631288999653,0.001209688838901,0.00164528470842723,0.203500140928075,0.00467692407280789,0.00627231080237299,0.000868494551005849,0.000956153162520414,0.0134104189677052,0.00114225913773595,0.00046796212608545,0.000411321177106807,0.00331484410927388,0.000198243321425248,0.00815359946487789,0.0921898874328569,0.0172417745879034,0.0034820697681632,0.00145648154516509,0.00566948927395744,0.00289812855607387,4.98979788621373e-05,0.00234385641249715,0.0489971180545722,0.0257945578836784,0.000857705798819441,0.0014753618614913,0.0226995346002026,0.00312738954003504,0.00124744947155343,0.00257311739645832,0.00072284639648934,0.00520287574189529,0.00118811133452819,0.00911784419153811,0.000109236115887382,0.0104381177403498,0.00239240579733599,0.00646111396563513,0.00530132310559626,0.0133955844334489,0.00022791238993787,0.000364120386291272,0.00220629982212045,0.00127981572811266,0.0029493751289593,0.020107536887418,0.00135668558744081,0.0109397947170178,0.0143611777541324,0.00135533699341751,0.00471333611143702,0.00186645412824859,0.00449351528563896,0.00102493145770877,0.00683467451008951,0.00345914366976708,0.00359535166612049,0.00332023848536708,0.0286630173712396,0.00419277881844283,0.00168978831119616,0.0415407416997409,0.00156571766105247,0.0110881400595809,0.000248141300287385,0.000875237521122354,0.0106012976171692,0.0265241472502842,0.0048171778512312,0.141696774028237,0.00304782249266028,0.018257265887449,0.00312064656991853,0.000407275395036904,0.000586638400135938,0.00207413760783695,0.00157246063116897,0.00232902187824084,0.00243960658815152,0.0125203469123266,0.0451347447718381,0.00712731941314582
0.0017778771248397,0.000754704806720675,0.00201465855656657,0.00235110711162372,0.00442164839051999,0.00653136518610099,0.000762194243733934,0.0013745997472027,0.0231510020290613,0.00278261390569531,0.000840545277103408,0.00129163982951737,0.00391179056307892,0.000162463172133764,0.00443144226969117,0.00955421718676006,0.00645416637381048,0.0231740464506406,0.00956516328701021,0.0382324237316062,0.00281257165374835,0.000482204521545958,0.00869926914616961,0.00729759220361129,0.0409493610358007,0.0165343724831171,0.00027768528003005,0.0427364559292721,0.00839796333402083,0.000685571541982903,0.00180034543587947,0.00145583133326958,0.0248309403621892,0.00423037969141215,0.00734022438353292,0.000232748657950498,0.0335169589659507,0.00971610424835434,0.00457835045725893,0.00778210116731517,0.0223928405591038,0.000191844809647317,0.000916015757775476,0.00693291423211955,0.00312309523452884,0.00219498115542425,0.019625205527435,0.00120983213291101,0.00523799702496517,0.0497851683798274,0.00461118875800938,0.00212469566960752,0.00154628068796816,0.00526910699409717,0.000492574511256624,0.0200123518099665,0.0185426938237493,0.00444238836994132,0.00335930055571623,0.0021189345642127,0.00688509705734259,0.0017156571865757,0.0769620308587849,0.00106810894019857,0.0502258929425307,0.000413071256808186,0.00458411156265375,0.00537223078066435,0.0177482373898045,0.00688048817302674,0.00175425659272096,0.134498766547335,0.0451981762644762,0.007647867411616,0.00133254367782055,0.00134521810968914,0.00172141829197052,0.00677390772322267,0.00328325396450468,0.000652733241232462,0.0153406714453116,0.046307189052978,0.0202629598946409
0.00141052905689857,0.000707943595983756,0.00125949662464281,0.00201097506806171,0.00161320051588124,0.00800840262741511,0.000220621211463623,0.000458857291966387,0.0772069086721952,0.0015192322221097,0.00125909476451264,0.000629647847288864,0.00229448738989702,0.000359530863125904,0.0020647573488162,0.00399824038844336,0.00230989202822023,0.00577205100301609,0.00462474033137922,0.00264370384301522,0.000665882235692574,0.00023575794303338,0.00390520976830888,0.00318246432419718,0.0921181297322379,0.00505627113449401,0.000125782220743377,0.00763473968304488,0.0111171925944144,0.000416126164791587,0.000712096150662185,0.00632146077764757,0.0116825428208759,0.00109915443270477,0.00749824119216362,6.36948306320295e-05,0.0148885159626881,0.00320758058233283,0.003039870954675,0.000935262476283555,0.00876711455317708,0.000101804566309868,0.00045436985384615,0.00587867789088801,0.00164233537531861,0.00144401740107945,0.00753233232653975,0.000466626587816351,0.00250392349440423,0.012106907118336,0.00189343097998683,0.00191794444792723,0.00176798364268526,0.00190562073726867,0.000123571990027439,0.045667318215891,0.000826224427630617,0.00169919858373774,0.00366529927059707,0.000858842074862791,0.00259534667401803,0.000737212408797843,0.0285455985331569,0.000927024343615059,0.00764284386233665,9.25617833159462e-05,0.0013497142238661,0.00150885083541363,0.00310878996699925,0.00334997302178993,0.00100538706899831,0.00727487393647716,0.471057832495053,0.00508312878652708,0.00038799595567965,0.00280719393930626,0.000701312903835942,0.0224497152419118,0.0183579753965154,0.000610224607663955,0.00743454636153159,0.0140750840825346,0.00339498135636903
0.0008309901274993,0.000402398113363173,0.000476430006614772,0.000992703341204287,0.000671941801962281,0.00197143226884484,0.000258039171386173,0.000206821320743275,0.00429202988496588,0.000486309592017971,0.000682276368272206,0.000200841571683444,0.00105939054267588,9.2556115882597e-05,0.000824685392077522,0.001399196282728,0.00113777725317757,0.00110846348332992,0.00114895678402856,0.00162317688338209,0.000494044267432317,0.000108285455800847,0.00132412443311816,0.00122363865000405,0.0163633883104096,0.000956759849572913,0.000115110169401741,0.00257824680387288,0.000290732799398073,0.000170032864570838,0.000610714371371405,0.00616577125340935,0.0039698384057313,0.000394728435221216,0.0020567736874922,5.66776215236128e-05,0.00180620920243082,0.00122812346179893,0.00196876738067687,0.000680586439190079,0.00408137372515162,7.31869287105367e-05,0.00022567052973622,0.0209661051573971,0.000542532232634858,0.000750588501553532,0.00202096019040561,0.00033967574550734,0.00119763974104827,0.260487423645267,0.000842754633801793,0.00136806258925344,0.000778537328681002,0.000667586984712187,7.67617786919572e-05,0.00154368521924977,0.000170487845477565,0.00175135150453411,0.000314911784726954,0.000901902151676205,0.00160445766893392,0.000275458440386549,0.0525268307115492,0.000565541267060728,0.00313709335187749,0.000118035046659267,0.000387188751624038,0.0016151172216058,0.00149987705765928,0.00212333089441902,0.000505613781917642,0.00236791563042057,0.00548771970784246,0.494107964759259,0.00019050700537352,0.0283936684597031,0.000388748686161385,0.0018155688096549,0.00344583039572744,0.000455565882177755,0.00446531261315619,0.0319915924728219,0.00100089299752536
6.10061989356687e-05,0.0006236749428382,0.0184183260604869,0.000235957860346223,0.00105172670231244,0.000114449645937164,0.000306795636796318,0.00367222024750366,0.00081728139235305,0.000920891093851231,0.0204600169909827,0.0502297816129333,0.0409891071162975,0.0460248915375327,0.000534686561746088,0.00151960895530666,0.00112911886377215,0.000508973205169897,0.00124003922547337,0.000402086311166907,0.000505443920933949,0.000113945462474885,0.00403422397341945,0.00127482788437056,0.00138373151222267,0.000238730869388753,0.000233689034765971,0.00318291019736262,0.000944587716578309,0.00487570617196185,0.000585861183167331,0.000144952745404998,0.0041234644462427,0.000888623352265423,0.000226126282831797,6.70564004830078e-05,0.000923412011162622,0.00507006889667012,0.257293644011183,0.000651657124994643,0.020225067497561,0.000109911994776659,0.00240344256468044,0.000446706547578533,0.00077669462363965,0.00243545821453511,0.000987191219140821,0.000530653094047862,0.00167867883765545,0.00183396734403715,0.00209639483615298,0.00138297523702925,0.00187127692024574,0.00298249727110701,4.68890619918776e-05,0.000414690897723864,0.000490318417065602,0.00141952853804442,0.00156448128344942,0.000144952745404998,0.00468285599764042,0.00269133132164132,0.0032446726714917,0.00131843975385763,0.000137642085201963,0.000186799972774093,0.0013633120820004,9.25176653280596e-05,0.000708629856232086,0.0068095018415301,0.000258141932686466,0.000771652789016867,0.000755266826492824,0.00234621774171185,0.418307909882248,0.000307047728527457,0.000474184546272698,0.000749216624945485,0.000221084448209014,0.0242161837849557,0.00385775976162206,0.00353508234576398,0.00309946783435557
0.000614800250789805,0.000528619288068358,0.000744552257861129,0.00109376136331235,0.00103385117733127,0.00333510714472218,0.000464864598174053,0.00054623993100397,0.0155061657833385,0.000717640730468558,0.000756726520253007,0.00038573189262685,0.00167203882692652,0.000124946377179794,0.000470631354043889,0.00140548655560963,0.00232047848695704,0.00202252943368215,0.00149807502485312,0.00165602006062142,0.00121133910799179,0.000141285518810997,0.00167075732562211,0.00148942489104836,0.0220991696191923,0.00098867825635088,9.00254666346718e-05,0.00328737122113298,0.00120941685603518,0.000349209105451218,0.00116007905581547,0.0527171191594377,0.0048482398099021,0.00065805091981358,0.00265078544816824,2.21058975010404e-05,0.00438081220911923,0.00142567020115406,0.00216509645379755,0.000679836441988518,0.00375928407648128,0.000164352542290344,0.000302754683166423,0.0647539405364172,0.000614479875463703,0.000923962440478269,0.00329826398222045,0.00056354019861348,0.00131674259027936,0.116961662927353,0.00175085115714762,0.00162494365398952,0.000925243941782677,0.00122607637299249,8.13753328299169e-05,0.00350682831951288,0.000229388733489057,0.00221155087608235,0.00094927209124033,0.000968814986132554,0.00177359780530087,0.000466466474804563,0.0448166636177615,0.000812792202320863,0.00424625457215637,0.000131353883701834,0.000973620616024085,0.00180050933269344,0.00209973988727274,0.00242075596402698,0.000503309637306297,0.0038723765665953,0.0250459818686788,0.230616091363354,0.000616402127420315,0.251603558600972,0.000617683628724723,0.00275875193306462,0.0474488672970158,0.000374839131539381,0.00433115403357341,0.0251052513040077,0.00128790881093018
0.000976792082355162,0.0238767718842816,0.00699979139694512,0.00759580012516183,0.0025264147757186,0.00145691022452973,0.0047912479429421,0.00717859401541014,0.0112645649632958,0.00105957107238526,0.00836398915264115,0.00141717630931529,0.00894344208285184,0.00339062743163283,0.005211765212295,0.0150922654622875,0.0317275312987361,0.00484422649656136,0.00384756745659898,0.00574486190808883,0.171051193838594,0.0271779980066819,0.00831432175862309,0.0101387706988865,0.0174100771831303,0.000890701932723859,0.00296679900267873,0.00981427705796847,0.00696999096053429,0.002857530735839,0.0121817561728293,0.00096685860355155,0.0123241360356811,0.00379127774337851,0.00211914214477052,0.00432437443917234,0.0164067958239655,0.0184564036171108,0.0135029088537097,0.00247674738170055,0.0396511362244172,0.00137082007489843,0.00133439731928519,0.0020198073567344,0.00327473684559069,0.00246350274329573,0.0155591389660573,0.0146949263101431,0.0370949210122877,0.00458926720726866,0.00312904582313772,0.0897125582350195,0.0021853653367946,0.00642364962633564,0.0174597445771484,0.00394359108503389,0.00222509925200905,0.00763553404037628,0.0063077590402935,0.00179464850385253,0.00560248204523706,0.00582101857891652,0.0149664413974418,0.000943680486343122,0.00484422649656136,0.00166551327940558,0.0018542493766742,0.00199000692032357,0.0131651705743869,0.0132413272452145,0.00400319195785556,0.00377803310497369,0.0116321036790294,0.00271515087298723,0.00145028790532732,0.000632431483829952,0.105804793896871,0.0027714405862077,0.00133439731928519,0.00467204619729876,0.0123539364720919,0.0177147038664411,0.00372174339175323
0.00109555222359593,0.00060501372241269,0.00129900960260373,0.00147502540375654,0.00132726306146037,0.0025025419994161,0.000384831594771356,0.00136022543012644,0.00683165387629337,0.00196361539053587,0.00138799176038209,0.000915152265034331,0.00381746446965173,0.000372328627346296,0.0016175917076423,0.00355295363932154,0.00251877961944864,0.00651485790945838,0.0441364492676671,0.00321764678564945,0.000543148390088687,0.000228300937657606,0.0238806677818664,0.00259672019560487,0.164793819572113,0.0019829381583746,0.000127627693455817,0.00506597507395424,0.00962176412648586,0.000587639468977865,0.000970522549345315,0.00168465307837672,0.137103968506811,0.00441241086764424,0.00365313975492235,8.19999811643608e-05,0.0112440647439376,0.00540258093722893,0.00313792007128965,0.00103904530588266,0.0112810865176118,0.00013574650347209,0.000461148408924326,0.00457819696817654,0.000918724541441491,0.00135860166812318,0.0442280294446507,0.000687176079777376,0.00238936578778924,0.00688718653680468,0.00263910038388981,0.0014358927394781,0.00284190825809632,0.001843944130896,7.0958399542229e-05,0.00560636306863739,0.000814641397032867,0.00229811036320633,0.00349287444520112,0.000757484974518303,0.00392690602867109,0.000842732479689173,0.0393271909664274,0.0016258728938589,0.00309797552600958,0.000153283133107241,0.00108418588957314,0.00105252253050968,0.00324817351131064,0.00520496910143284,0.000608910751220501,0.00692745583448539,0.0460146547768318,0.00278036767817297,0.000862704752329205,0.00105024926370512,0.000520740474443772,0.289572297840819,0.00236435985293912,0.000772748337348897,0.0124602624843754,0.0137722621830051,0.00294777754070853
0.00139278104244967,0.000668888342036098,0.000610791369131377,0.00167509256857983,0.00137002823557063,0.00782740736846337,0.000449754512676848,0.000544741958870878,0.0744368017594326,0.000879407030926587,0.000431198825513363,0.000414410346651162,0.00173451494771052,0.000134749632972926,0.00109390193849497,0.00251473741272752,0.00265523047267962,0.0022417037301791,0.00211910365427751,0.00239765986276744,0.000785965891996181,0.00032671263469993,0.00278644568904998,0.00181691103475789,0.143504603798526,0.00189555180416504,0.000260000521326449,0.00352977768077768,0.00243410853398143,0.000197043725593197,0.000709534132965636,0.0536849164795267,0.00528063930527507,0.000848701786691773,0.00662747293189135,0.000155072528437695,0.0055653807428195,0.00200202610431742,0.00197043725593197,0.00105701146520566,0.00474141987234571,7.4001847616279e-05,0.000339303993846581,0.0686257790627346,0.000695396466555362,0.00062029011375078,0.00632064139058087,0.000753493439460083,0.00190880586642468,0.0207233890460477,0.00140824411508591,0.00184408186239014,0.00106032498077056,0.00144005386450902,0.000184673267484207,0.0120932273067259,0.000659389597416695,0.00140117528188077,0.00163179596519837,0.000956722394107774,0.00179879714966973,0.000433186934852308,0.0457910178987275,0.000754156142573064,0.00748081364037399,0.000224877256338424,0.00110649329764162,0.00250855218367303,0.00225539959451406,0.00205261244194168,0.000940154816283234,0.00398881003703627,0.135672778409309,0.010914057567694,0.000504317068979,0.0322802686333339,0.00067374816486463,0.00511938154778288,0.257148909831289,0.000343501113562131,0.00540346028221433,0.0118681291493499,0.00222314804301562
0.000219733645967027,0.000378449483599856,0.0748069638181781,0.000163235675287214,0.00095559798408287,0.000100479467855175,0.000202001975169055,0.00626119203069178,0.000588969614348329,0.000878934583868108,0.106767257392064,0.00243949545399944,0.0183286370481705,0.0414679459197948,0.00110370958721887,0.000954902624443734,0.00158437693777174,0.000400179472322861,0.00110909862442218,0.000433556735001397,0.000393399715841283,0.00012134025702926,0.00367966937039878,0.00143504845526725,0.00191536812600056,0.000134204410353279,0.000239551395682408,0.00431053440300507,0.00045476520399505,0.00126764062214522,0.000484839508387689,0.00033429414651471,0.0048635191560281,0.00133456898741208,0.000483274949199632,0.000105173145419344,0.000973329654880842,0.00549316730926589,0.303212961364602,0.0007417748950485,0.0429393269162069,8.74414746213723e-05,0.00155777943157479,0.000334815666244062,0.000964463819481856,0.00129806260635743,0.00183435872804119,0.000312216477972137,0.00116020755789869,0.00272059458812023,0.00138411336170053,0.001446521889313,0.00239047259944034,0.00312407701872899,7.14482029212406e-05,0.000540989799247934,0.000707702272730829,0.000988975246761406,0.00168763784418346,5.51072514015408e-05,0.00830050801236836,0.00263419615295756,0.00724373520079118,0.00166451713618219,0.000151240721512115,7.54465208462735e-05,0.00106233568869027,6.4668446439663e-05,0.000618348559101832,0.040561370790271,0.000164626394565486,0.000457894322371163,0.000940647751841443,0.000967940617677537,0.016556513007832,0.000124469375405373,0.00048275342947028,0.000718480347137439,0.000220602845515947,0.247173928046618,0.00507386544686679,0.00561624596539299,0.00239620931646321
0.000683130162586228,0.000386076305878636,0.00200097476978847,0.00118082291935534,0.00170839806549533,0.000867942849461789,0.000192829913292134,0.000671260502696756,0.00226330466532817,0.00143367791094819,0.0027710970449857,0.00142618128364957,0.00443071497312824,0.000555218959303622,0.00168028571312552,0.00179684785563662,0.00117634576694089,0.00138864608724471,0.00158860820845288,0.0010968502816285,0.000675008816346063,0.000147589849941469,0.00247216903145345,0.00261653116686357,0.0115620378706705,0.000461302878423759,8.70962324345953e-05,0.00566536784128057,0.00118899632550731,0.00306060221448288,0.000773714409111151,0.000692084467415128,0.0162893902212119,0.00100194506242452,0.00145106592148803,6.4918710009528e-05,0.00191851186950371,0.0260064768777464,0.00672187169126723,0.000669334285960306,0.00992006825262676,7.25715170435301e-05,0.000309756475185799,0.0010802431697656,0.00176077033676203,0.0204081101429471,0.0459043478251816,0.000275865472606647,0.00112793004897068,0.0172081956044983,0.00151468313370266,0.00147100486770587,0.00138468953394822,0.00124199331571557,9.8913832412272e-05,0.00132102026182179,0.000295127639971142,0.018113413350806,0.000508156799040099,0.000415125736660767,0.00319975835871341,0.000473380777960416,0.0781211036409765,0.00102058251084746,0.00168111867171426,9.31351822029235e-05,0.000457138085480084,0.00050878151798165,0.00117546074844036,0.00608851080435791,0.000520234698576755,0.00148610224212669,0.00457403591030244,0.00273475922655214,0.000526273648345083,0.000662618557338631,0.000344480436353686,0.0017625403737631,0.000445060185943428,0.00159782281284076,0.479811999164126,0.17403966902807,0.0014182161171448
0.000405294296312626,0.000170116484122769,0.000646743181027143,0.00052575429585258,0.000712324999718767,0.000747466511885068,7.37165834525285e-05,0.000194797813737897,0.0016109772480116,0.000445548369613489,0.000923375552958326,0.000536248058444045,0.00160223804252543,0.000129291550136931,0.00081068933274613,0.000842195805550747,0.00053824607084146,0.000872023276340729,0.000674832884731978,0.000564094306856759,0.000144276643117544,4.98327797943525e-05,0.00088660540883783,0.0012817165579317,0.00683042365082534,0.00044372665242761,2.49499699374689e-05,0.00250424829484753,0.000490209823202767,0.000767681696141267,0.000272829432368036,0.000803209378770934,0.00538402218028821,0.00044653058579205,0.00111221290954427,2.01144441353215e-05,0.00114104137413554,0.00400739163846923,0.00231837437681741,0.000348367733006443,0.00398860360592547,3.59726181635445e-05,0.000165406883471719,0.00124942934919028,0.000619316683118088,0.00250554952140887,0.0101952360332637,0.000122071841474003,0.000518307921917676,0.0669242227773749,0.000636400528616994,0.00055184598716,0.000641781730073898,0.000490738708837377,2.8165258795494e-05,0.00071010871705945,0.000162502209986402,0.0138018079157893,0.00023082080196188,0.000369036247806594,0.00141863917222514,0.00022420553402422,0.129382963401618,0.0004623803648102,0.00126116557327257,2.86689593998844e-05,0.000271645735947719,0.00047071660981286,0.000771400685603683,0.0021828201491659,0.000355881267021932,0.00136278717020833,0.00237449501915657,0.00441465876214905,0.000278580014268159,0.000828394408990451,0.000135512252601152,0.000540974449115241,0.00035529361631681,0.000562558020013368,0.0366012113327935,0.668765920087228,0.000698061877604447
0.000466058942118844,0.0010728149233679,0.00471258615304091,0.00199346294028519,0.0114629854000059,0.000828889078354105,0.000479058125081962,0.00162069225237226,0.00400145437917623,0.0190835652476784,0.00324864875404743,0.000658370384190853,0.00262736427419253,0.000627019413515098,0.00558429606939117,0.00528760883470354,0.00573302201564566,0.0116728839719692,0.00300051729101615,0.00338705181971357,0.00154002085221879,0.000343331361790584,0.00302689798585307,0.00762057984767252,0.00961480744577907,0.00212574874338045,0.000468735244493604,0.170962960357462,0.0030815710200803,0.00018160623257297,0.00105943341149411,0.000542907053165511,0.0093207965134662,0.00249469614218659,0.00117604372925149,0.000323450258435227,0.0147903939096534,0.00334193700825333,0.00684177585661748,0.0134105688710095,0.0594938194619944,0.000137638407844778,0.00674848760241158,0.00174571380616459,0.0130894125860383,0.00144482095345948,0.00399877807680147,0.00132935762243414,0.00503221312236934,0.0100422511679192,0.0324926048030452,0.00208025160300954,0.0102628549493816,0.023057109616375,0.000527613896738314,0.00750473418773649,0.0390350171226003,0.00266636182308188,0.00604117911765369,0.000861387035761899,0.00885741387372211,0.00708952499073808,0.0113654915277825,0.00399686643224807,0.00285446764713641,0.000281776407171114,0.0327426479106299,0.000839594287853143,0.00622087370567326,0.0145181757252493,0.000849152510620141,0.00802202520388645,0.00757087708928412,0.00211045558695326,0.00145323218949444,0.00106287437169023,0.0017265973606306,0.00135650297509242,0.000661429015476292,0.00144787958474492,0.00597274224264199,0.014616434255294,0.296974746028463
