0.488217638176852,0.000718683707183894,4.3715553964957e-06,0,0.000119197743811116,0.00119605755648122,0.000381491067600858,8.97626041413784e-05,0.000156210246168113,0.0514829335934506,0.000926186870004223,0.0007125635296288,0.00279196671322859,0.000526918143790949,0.000468339301477906,0.00080349188187591,0.000531872573240311,0.0135585247807446,0.000785131349210628,0.000947461772933835,0.00251189573082643,0.00109084878993889,0.000513803477601462,0.00646902767573434,0.000118031995705384,0.000321163603129218,0.00238628637243379,0.0427500230963843,0.00010899744788596,0.00411363362810246,0.00510451951797482,0.000952124765356764,0.00184596212542692,0.00253433638186178,0.000121529240022581,0.000753947587382292,0.00115817074304493,0.000108414573833093,0.000605023266875005,0.146763897830339,0.0094996813136116,0.00557344169350559,3.78868134362961e-06,0.000199342926080204,0.00217616027637556,0.000254133087049617,0.00371057622054555,0.00102877270330866,0.000285899722930819,0.0089855863989837,0.00220180673470167,8.74311079299141e-05,0.000104917329515897,0.000474459479033,0.0776965283729974,0.00627784498639426,0,0.000462219123922812,4.3715553964957e-06,0.00781867254514578,0.00540149384791009,0.000401600222424739,0.00105179622839687,0.000536244128636806,0.00457177263365521,0.00180545237875273,0.000128232291630541,0.000194679933657275,0.00946325168530746,0.000867025153638314,0.00566320429764697,0.0010220696517007,0.00157550856489705,0.000455224635288419,0.00017981664530919,0.00275320558871299,0.015478803347912,0.00167372284280499,0.000918609507316964,0.00474109754601281,0.000263167634869041,0.00141842400764964,5.12929166522163e-05,0.000242475605992295,0.00249411807221402,0.00072888400310905,0.000293768522644511,0.00178213741663808,0.00132836996648183,0.00128552872359617,0.0107062306030444,0.00018273101557352,0.0087439851040707
0.00355518935579359,0.122310720498032,0,0,7.05697457963319e-05,0.0306577863224389,0.000286093564039183,0.00418078061582593,0.00439630443406878,0.012775031279563,0.00151438859898074,0.00293531996704202,0.00187868107052397,0.0106617534865269,0.000238411303365986,0.00336255302267387,0.000236504012939058,0.000238411303365986,0.0042608868137569,0.0125480637187586,0.00275031279563002,0.00620060117794257,0.00118442735512222,0.00200074765784736,5.72187128078367e-05,0.00442109920961885,0.0114723519179713,0.06525031279563,0,0.000473008025878117,5.34041319539809e-05,0.000110622844761818,4.57749702462693e-05,0.000165934267142726,0,0.00250236504012939,0.0007591015899173,2.28874851231347e-05,0.00390994537520217,0.0237591168482407,0.00197404559187037,0.000104900973481034,0.000545485062101376,0,0.0552904421862126,0.000961274375171656,0.00215523818242851,0.000186914461838933,5.1496841527053e-05,0.000562650675943727,0.00083157862614056,0.000806783850590497,0.000246040465073698,0.0305185541212732,0.0748363544813696,0.00300398242241143,0,0.000991791022002502,0,0.345320653666575,0.00607853459061918,0,0.00562078488815649,0.0001983582044005,5.1496841527053e-05,0.0026873722115414,2.47947755500626e-05,0,0.000320424791723885,0.0374801641795599,0.0273638957551344,0.00263778266044127,0.000429140346058775,0.000610332936616925,0.00131793768500717,0.00109478470505661,0.00990455918703653,0.00436769507766487,0.00103375141139492,0.00502189569410113,0.00119968567853764,0.000543577771674448,2.86093564039183e-05,0.00881168177240685,0.000610332936616925,0.000410067441789496,0.000738121395221093,0.00208276114620526,0.00318898959382343,0.0107533034270194,0.000127788458604169,0.00287810125423418,0.00274840550520309
0.00157873194690783,0.00124739314323582,0.274075662190344,0,0.000253376732219775,0.000253376732219775,0.00272867250082835,0,0,0.0309509423665387,0.000253376732219775,0,0.00321593544740484,0,0.000721149160933206,0.00732843471651042,0.00282612509014365,0.000760130196659325,0,0.000292357767945894,0.0138772487184985,0,0.00380065098329663,0.00867328044906153,0.00198803282203208,0,0.000545734500165669,0.0163135634513809,0.000955035375289921,0.000253376732219775,0,0.0143255306293488,0.000467772428713431,0.00171516557194925,0.0121231021108231,0.00251427680433469,0.000233886214356715,0.0119087064143294,0.000233886214356715,0.038571734850995,0.00052624398230261,0.000467772428713431,0,0.000253376732219775,0.000994016411016041,0.00136433625041417,0.00311848285808954,0.00218293800066268,0,0,0.182021946323114,0,0.00843939423470482,0.00105248796460522,0.0664431753951703,0.193950143255306,0.022219190363888,0.00399555616192722,0.0125324029859473,0.000838092268111564,0.00161771298263395,0.00389810357261192,0,0.000233886214356715,0.000487262946576491,0,0,0.00510651568012162,0.000994016411016041,0,0.00194905178630596,0.000233886214356715,0.00194905178630596,0,0.000253376732219775,0,0.00586664587678095,0.000701658643070146,0.00672422866275557,0.000467772428713431,0.00306001130450036,0,0,0,0.00134484573255111,0.00440485703705147,0,0.00185159919699066,0,0.00157873194690783,0,0.000233886214356715,0.00165669401836007
0.000793508046171588,0,0,0.323095316186506,0,0,0.00431668377117344,0,0,0.00586137943438747,0,0,0.000317403218468635,0,0.00124845265930997,0.000126961287387454,0.0088767100098395,0,0,0,0,0,0.001396574161262,0.000317403218468635,0.000708867187913285,0,0,0.000825248368018452,0,0,0.00144947469767343,0,0,0,0.000581905900525831,0,0,0,0,0.00039146396944465,0.000158701609234318,0,0,0,0,0,0,0,0,0.00167165695060148,0.00406276119639853,0.000126961287387454,0.0553445411936477,0,0.00355491604684871,0.00505729128093359,0,0,0,0,0.000507845149549816,0.020620629093179,0,0,0,0,0,0.000708867187913285,0,0,0.000380883862162362,0,0.00521599289016791,0,0,0,0.000761767724324725,0,0.545002486325211,0.00147063491223801,0.000920469333559042,0,0.00275082789339484,0,0.000158701609234318,0,0,0,0,0,0,0,0.0012167123374631
0.0227389472963255,0.00304784082736893,0.000445190233211191,0,0.0168829834594706,0.00571898222663607,0.0164377932262594,0.000513681038320605,0.0812985856648745,0.0744152597513784,0,0.00130132529707887,0.000445190233211191,0.000513681038320605,0,0.0367110715386459,0.00130132529707887,0,0.0128762713605698,0,0.145268997637067,0.00469162014999486,0.00212321495839184,0.0327386048422999,0.00102736207664121,0,0.000410944830656484,0.0161980754083764,0,0.000410944830656484,0,0.000958871271531797,0.00126707989452416,0.000513681038320605,0,0.0105133385842951,0.00171227012773535,0.00421218451422896,0.00297935002225951,0.126160063011541,0.00589020923940961,0.00979418513064621,0,0.00256840519160303,0.0242114996061779,0.0224649840758878,0.00517105578576076,0,0,0.00133557069963357,0.00171227012773535,0.000958871271531797,0.000513681038320605,0.000445190233211191,0.0520187664806,0.0516763124550529,0.000513681038320605,0.0165747748364782,0,0.0140063696448752,0.00321906784014246,0.0102051299613027,0.00205472415328242,0,0.00205472415328242,0,0,0,0.0278757576795315,0.00702030752371494,0.0110955104277251,0.00126707989452416,0.00184925173795418,0,0.00523954659087018,0.0029451046197048,0,0.00167802472518064,0.00123283449196945,0.00102736207664121,0.00520530118831547,0.0144858052806411,0,0.000513681038320605,0.000410944830656484,0.0353412554364576,0,0.0232526283346461,0,0.00297935002225951,0,0.00188349714050889,0.0014725523098524
0.0040007156370502,0.0195467885787372,0,0,0.000184619132632669,0.230610232848502,0.000464402766622383,0.000610956098712234,0.000814608131616312,0.00976768441928718,0.000926902243217626,0.00402165182734875,0.00208219928969216,0.00201177755868795,5.13888307328047e-05,0.0024514375549575,0.000744186400612098,0.000985904234058994,0.00628847024967358,0.0050703646323034,0.0025770546967488,0.0017909959155396,0.000826027871779157,0.000827931161806298,4.75822506785229e-05,0.000711830470150703,0.025783869997678,0.101947827013776,4.5678960651382e-05,0.00159305375271695,0.000232201383311192,0,0.000405400775781015,0.000721346920286407,0.000371141555292479,0.00367144646235483,0.000786058781209198,0.000367334975238197,0.0142175765027426,0.0615543027677644,0.00647308938230625,0.000418723805971001,0,2.85493504071137e-05,0.0159686033277123,7.80348911127775e-05,0.00671480721575315,0.000610956098712234,0.000199845452849796,0.000334979044776801,0.00114197401628455,0,2.85493504071137e-05,0.0068937164783044,0.0576106858315284,0.000913579213027639,0,0.00138940171981287,0,0.13820550203081,0.0167641785590572,0.00010468095149275,0.0542589920937332,0.000441563286296692,0.000201748742876937,0.000300719824288265,2.2839480325691e-05,5.13888307328047e-05,0.000569083718115134,0.00527401666520748,0.113811033752945,0.00715066063196842,5.70987008142275e-05,0.000138940171981287,0.00110771479579601,0.00138559513975859,0.0133972585010449,0.00332504767741518,0.000355915235075351,0.00482484021880222,0.000437756706242411,0.00190899989722234,8.56480512213412e-05,0.00350966681004785,0.000447273156378115,0.00106203583514463,0.000317849434532533,0.00549860488841011,0.00269696196845868,0.00492571459024069,9.89710814113276e-05,0.00217355721099493,0.00716969353223983
0.00665098632402625,0.000204661716000183,0.000531912683208597,0.00112304220810253,0.000546457170640082,0.000523601547533463,0.633247243819632,3.11667587817537e-05,0.000631646311310209,0.0125664371408031,0.000378156673218612,0.000273228585320041,0.000354262158152601,0.000120511467289448,0.00095681949459984,0.00252346856936266,0.0132271724269763,8.51891406701269e-05,1.24667035127015e-05,5.09057060101978e-05,0.00443814645052173,0.000876824813726672,0.0342865513358073,0.00279773604664209,0.000326212075249022,4.25945703350634e-05,0.00266268009192116,0.0111712052393399,0.000199467256203224,0.000198428364243832,4.05167864162799e-05,0.000119472575330056,0.000158950469786944,0.000350106590315034,0.00543756051545663,0.00045815135409178,3.94778944568881e-05,0.00287980851143404,0.000166222713502687,0.0159137470339635,0.000588012849015754,9.24613843858694e-05,0.000297123100386052,0.000223361771269235,0.0014679543386206,0.00508329835730403,0.00033036764308659,3.11667587817537e-05,0,0.000322056507411455,0.00929081079284079,6.75279773604664e-05,0.00369118313171903,4.4672354253847e-05,0.0222416379586189,0.00715484892433126,0.00116252010255941,0.000300239776264228,2.80500829035784e-05,0.00253593527287536,0.00033036764308659,0.0230976849331577,1.55833793908769e-05,5.92168416853321e-05,4.67501381726306e-05,0.000222322879309843,0,0.000505940384223802,0.000909030464467817,0.000236867366741328,0.000728263263533646,0.000109083655736138,0.0019863614263571,0,7.06446532386418e-05,0.000451918002335429,0.0024039959940326,0.00130484830099609,0.131137254250107,0.000653463042457437,0.0143107367406219,0.00058593506509697,0.00235828474781937,0.000180767200934172,5.92168416853321e-05,0.0031644649083074,0.000635801879147776,0.000843580271026134,6.75279773604664e-05,0.000575546145503052,1.55833793908769e-05,5.61001658071567e-05,0.00132043168038697
0.000819190912442145,0.0298458555766421,0,0,0,0.00113321409554497,0.000341329546850894,0.0722389852955231,0.00352252092350122,0.0128749505072157,0.00122878636866322,0.00247122591920047,0.00296274046666576,0.0186365932580588,0,0.00521551547588165,0.000204797728110536,0,0.000505167729339322,0.00972106549431345,0.0069904291195063,0.0119874936854034,0.00442363092718758,0.0048878391109048,0,0.00374097183348579,0.00780962003194845,0.0647570416285515,0,0.000177491364362465,0,0.000368635910598965,0.000505167729339322,0.00162472864301025,0,0.00458746910967601,0,0.000778231366820037,0.000696312275575823,0.0323990005870868,0.000942069549308466,0.000177491364362465,0,0,0.230138033668747,0.000587086820583537,0.00738637139385334,0,0,0.000532474093087394,0.00279890228417733,0.00992586322242399,0,0.0710921180181041,0.0219816228171975,0.00352252092350122,0,0.000682659093701787,0,0.247696025558756,0.00236200046420818,0,0.000177491364362465,0,0,0.00258045137419276,0,0,0.000163838182488429,0.0246030337370124,0.00965279958494327,0.00125609273241129,0,0,0.00461477547342408,0.000177491364362465,0.00884726185437516,0.00677197820952173,0.00286716819354751,0.00354982728724929,0.000942069549308466,0.00054612727496143,0.000163838182488429,0.00669005911827751,0,0.00228008137296397,0.000505167729339322,0.00342694865038297,0.0018704859167429,0.00563876411397676,0,0.00354982728724929,0.00184317955299483
0.00291538164996145,0.00986410948342328,0.000134926754047803,0,0.00181187355435621,0.00487663839629915,0.00249614494988435,0.00139263685427911,0.329110447185813,0.0331004240555127,0.000766191210485736,0.00139745566692367,0.000472243639167309,0.0096183500385505,0.000269853508095605,0.0276840786430224,0.00168176561295297,0.000269853508095605,0.0021106399383192,0.00676561295296839,0.0282623361603701,0.00101676946800308,0.00474171164225135,0.00447185813415574,0.000134926754047803,0.00129144178874325,0.0144612567463377,0.0847918272937548,0.00019757131842714,0.00023130300693909,0.00108905165767155,7.22821896684657e-05,0.000862567463377024,0.0110929067077872,0.00038550501156515,0.00453450269853508,5.78257517347726e-05,0.00089148033924441,0.00164803392444102,0.0513926368542791,0.000626445643793369,0.00103604471858134,0,0.00218774094063223,0.053108134155744,0.0003517733230532,0.00367193523515806,5.78257517347726e-05,0.000125289128758674,0.00134926754047803,0.0047754433307633,0.00371048573631457,0.000477062451811874,0.00520913646877409,0.0985880878951426,0.0145479953739399,7.22821896684657e-05,0.00604279105628373,0,0.05625,0.002245566692367,0.00111796453353894,0.000240940632228219,0.000573438704703161,0.000626445643793369,0.000973400154202005,0,0.000395142636854279,0.000920393215111796,0.00483326908249807,0.00775828835774865,0.00102640709329221,0.00117097147262914,0,0.0290333461835004,0.000250578257517348,0.00949787972243639,0.00178296067848882,0.001758866615266,0.00295875096376253,0.00288646877409406,0.00214919043947571,0.000640902081727062,0.00156129529683886,0.000250578257517348,0.00601869699306091,0.000250578257517348,0.00860639938319198,0.0019612567463377,0.0034358134155744,0.000558982266769468,0.00193716268311488,0.00202390131071704
0.0278290336274358,0.000655859401740645,3.39371363999447e-05,9.5993614388415e-05,0.000219718717377928,0.0010272286372029,0.00167184030230813,4.63484319976388e-05,0.000557150816440235,0.513005777264174,0.000208277054248803,0.000690960097102874,0.00287011210696675,0.000442346332161565,0.000879262722499139,0.00133518390922068,0.00137280564900119,0.00154210347801349,0.00104196705072516,0.000558508301896233,0.00944402631737661,0.00065120516589151,0.0011660800067021,0.0266584933113783,0.000328123627364037,0.000183842316040843,0.00248749513486909,0.055491678323265,0.000238141734280755,0.00097409277792527,0.0041354824784504,0.00125005017848025,0.00312958575555604,0.00195633046858653,0.000418493373434747,0.00116549822722096,0.00448862262350354,0.000208858833729945,0.000538533873043694,0.0879955040081697,0.00498449266793016,0.0050155209069244,0.000131288236244357,0.000467750702838095,0.00205581475986179,0.000336850319581165,0.00302777434635621,0.000828841834133506,0.000144669164310621,0.0147044763858617,0.00411065988725502,0.000123725102989513,0.000273242429642983,0.000388240840415367,0.0803565454942828,0.0168132330785075,0.000876159898599715,0.00116297718280268,0.000101229629718692,0.00548656836015563,0.00359229436955757,0.00085734902870946,0.000897685739401966,0.000478028807004935,0.00070395317218171,0.00146259361559076,6.12807720136144e-05,0.000408215269267906,0.024734548567242,0.000413451284598183,0.00933814245180878,0.000595160409208173,0.00344394060186639,0.000498585015338616,0.000351976586090855,0.00121320414467459,0.0172557733371627,0.00230888883415852,0.00644223812117807,0.00359520326696328,0.000325602582945755,0.00611101166991461,8.35823187907209e-05,0.000251716588840733,0.000747780559761067,0.00106931068633883,0.000102781041668404,0.00254024314115929,0.000762325046789615,0.000913781638380225,0.00179304436087936,0.000210022392692229,0.00605167016283814
0.00156270140237606,0.00219560271177211,0,0,1.73794409902805e-05,0.00100221443043951,1.88277277394706e-05,0.000279519342593679,0.000528624663454367,0.00223180988050186,0.153089702536385,0.00136138954423864,0.00558604199162601,0.00450417178998104,9.84834989449231e-05,0.000515590082711656,0.000289657349838009,9.5586925446543e-05,0.00875344511210464,0.0508971412267858,0.000706763933604742,0.02095670926078,0.000777729984315054,0.001105042789632,3.47588819805611e-05,0.00448824063573995,0.131963543725949,0.301452197123413,5.21383229708416e-05,0.000547452391193837,3.62071687297511e-05,0.000670556764874991,0.000123104373681154,0.00563818031459685,3.91037422281312e-05,0.000602487287663059,8.11040579546426e-05,0,0.000160759829160095,0.00544700646370376,0.000595245853917109,0.000110069792938443,0,1.73794409902805e-05,0.00278071055844489,0,0.000182484130397946,0.000689384492614462,0.000240415600365548,0.000238967313616358,0.00031282993782505,0.000196966997889846,7.09660507103122e-05,0.00310947165051103,0.044641990757034,0.00255188125207286,0,0.00032586451856776,0,0.0265384063921584,0.000828420020536706,8.83454917005928e-05,0.000535866097200317,0.00109490478238767,0.000257795041355828,0.00355554396926156,0.000111518079687634,0,0.00260257128829451,0.00664763617878231,0.00648108320262545,0.000718350227598263,2.17243012378507e-05,0.000114414653186014,0.000273726195596919,0.000699522499858792,0.038553393263439,0.0136312748833767,1.73794409902805e-05,0.00297478098283635,5.79314699676018e-05,5.21383229708416e-05,0,0.00376264897439574,0.000238967313616358,7.96557712054525e-05,0.0163250882368702,0.000528624663454367,0.0963820348718483,0.00978028041728038,0.000157863255661715,0.000256346754606638,0.00265615789801454
0.00389619669677126,0.00166287785659525,0,0,0.000130801754196859,0.00336935629792279,0.000232536451905527,0.000316104239309076,7.9934405342525e-05,0.00796316235041063,0.000962846246171324,0.0876056860007,0.00501648949892028,0.00196323744030656,0.000141701900379931,0.000977379774415419,0.000294303946942933,0.00092772355291476,0.04938614010079,0.00277590389462223,0.00307384122362619,0.0017416011345841,0.000795710671364226,0.00233868691994569,1.57446555977701e-05,0.00161079938038725,0.0316588690250546,0.105712039938136,0,0.00183606906817073,0.00079934405342525,3.39115659028894e-05,0.00014412415508728,0.00523933693199641,0.000201047140709987,0.000858689293755306,0.000134435136257883,5.45007309153579e-05,0.000663697789813692,0.021011848458901,0.00443272611444911,0.000807821944900972,0,1.81669103051193e-05,0.0020044157703315,5.20784762080087e-05,0.00293335045059993,0.0013552515087619,0.000225269687783479,0.000770276996937059,0.000437216974676538,0.000119901608013787,4.84450941469848e-05,0.000786021652534829,0.242470118460366,0.00349894692476598,0,0.000523207016787436,0,0.0170260283379578,0.00635478522473074,3.02781838418655e-05,0.00475730824523391,0.000555907455336651,0.000431161337908165,0.00364670446191428,0.000192569249234265,6.78231318057788e-05,0.00241135456116617,0.00134919587199353,0.208386572473255,0.00915127828436543,5.45007309153579e-05,0.000310048602540703,0.000302781838418655,0.00486146519764993,0.0198055656146411,0.0404589203768544,0,0.0451580945091119,6.78231318057788e-05,0.000620097205081406,3.27004385492148e-05,0.00180821313903621,0.00111908167479535,0.000555907455336651,0.000612830440959358,0.000898656496426569,0.00523933693199641,0.00568987630756337,0.000163502192746074,0.000297937329003957,0.011471798294006
0.00178255426660765,0.000283632944079008,0,0,3.85493187885159e-05,0.00038746286110793,0.000368047510769188,3.32030628981378e-05,0.00014631858226298,0.00491855541914787,0.000677286206744217,0.000788432052886289,0.132441390262892,0.000330342337647574,4.92418305692722e-05,0.00036270125487881,0.000275754251187924,0.000142097853928471,0.000810379840225736,0.00124736591379191,0.000716116907421701,0.000660684675295149,0.000271814904742382,0.00128704076013629,8.38518029122463e-05,0.000212724708059256,0.00641213048578613,0.317361065581958,3.37658266760723e-06,0.0003112083691978,6.4717834462472e-05,3.32030628981378e-05,0.000187400338052201,0.00402882588623336,8.01938383556718e-05,0.000205127397057139,6.49992163514392e-05,1.12552755586908e-05,9.42629328040352e-05,0.0061459432188231,0.000766202883657875,0.000184305137273561,0,1.35063306704289e-05,0.000306424877085356,0.000141816472039504,0.000271252140964448,0.000373112384770599,0.00171586675892241,0.000340472085650396,0.000902954481695967,4.33328109009595e-05,6.33109250176356e-05,0.000405752683890802,0.180180922926968,0.00161147407811555,0,0.000155041420820965,4.22072833450904e-06,0.00210361100191931,0.000321338117200622,0.000137314361816027,0.000240018751289081,0.00506965749352329,9.79208973606098e-05,0.021922181587551,0.000474691246687784,8.44145666901808e-06,0.000380709695772716,0.000193309357720514,0.00251442855981152,0.000398436754777653,0.000900703426584229,0.00216804745449281,9.56698422488716e-05,0.00149779579497278,0.265434007646271,0.0135780830521156,9.62326060268061e-05,0.00279778012200156,1.82898227828725e-05,0.00010411129891789,2.30733148953161e-05,0.000150257928708522,0.000172768479825903,0.000285602617301778,0.000186274810496332,0.00025971548351679,0.0044033451804488,0.000611724226614844,0.000112834137475875,5.26184132368794e-05,0.00238977638299902
0.00205493405610324,0.0095328568012117,3.32155289240826e-05,0,0,0.00283882053871159,0.000449516824772584,0.00258416815029363,0.00186671272553344,0.00365370818164908,0.00433130497170037,0.00171170692388772,0.00353191790892745,0.249233828466151,6.64310578481652e-05,0.00334591094695259,0.000192650067759679,0.000298939760316743,0.00341234200480075,0.0257929653938476,0.0011913303040771,0.0421482918360659,0.00129540562803922,0.000613380100798058,5.31448462785321e-05,0.045219621077246,0.0172809325149027,0.0795821929335069,5.75735834684098e-05,0.000604522626418303,3.32155289240826e-05,9.07891123924924e-05,0.000203721910734373,0.000704169213190551,0,0.00108946934870991,2.87867917342049e-05,9.07891123924924e-05,0.000604522626418303,0.0127614062126325,0.00028565354874711,0,0,2.65724231392661e-05,0.0137711582919246,3.32155289240826e-05,0.000903462386735046,0.000442873718987768,8.19316380127371e-05,0.000172720750405229,0.000469446142127034,0.000549163411544832,0.000279010442962294,0.0536674372669377,0.074331924994907,0.00364042197007945,0,0.000794958325583043,0,0.130674319524531,0.00422058654195343,0.000425158770228257,0.00133747863134306,0.000166077644620413,5.5359214873471e-05,0.000236937439658456,2.87867917342049e-05,0,0.000274581705772416,0.0424405884905978,0.0129009114341137,0.00106954003135546,8.63603752026147e-05,0.0002280799652787,0.00220329675196415,0.00112047050903905,0.028060478835065,0.00650360056333537,0.00135297921150763,0.00315768961638278,0.00038087139832948,0.000232508702468578,0.000146148327265963,0.0105625381978583,0.000429587507418135,6.64310578481652e-05,0.0062489481749174,0.000704169213190551,0.00444423777004225,0.0704855667454982,8.19316380127371e-05,0.000445088087582707,0.00119354467267203
0.00493245702297104,0.000625120421314038,0.000299715270493032,0,0.000166984222131832,0.00021836398278778,0.00266746590738798,0,0.00030827856393569,0.0390357731583567,6.42247008199354e-05,0.000158420928689174,0.00172978527541693,0.000402474791804928,0.370366723041682,0.00241056710410824,0.00940677784675986,0.00128877566312004,0.000856329344265805,0.000192674102459806,0.0018582346770568,0.000166984222131832,0.00357517501230974,0.0100533065016805,0.00157136434672775,0,0.0038363554623108,0.0133373295369399,0.0289268052492989,0.000715035002461947,0.000231208922951767,0.00107897497377491,0.0126779559418552,0.00123739590246409,0.00305281411230759,0.000505234313116825,0.00279163366230652,0.00149857635246516,0,0.0163473271820342,0.000852047697544476,0.00224786452869774,0.0201323028836891,0.0217593286377941,0.000449572905739547,0.00344244396394854,0.000179829162295819,5.13797606559483e-05,5.13797606559483e-05,0.00140866177131725,0.0461818415362548,0.000111322814754555,0.00119886108197213,0.000903427458200424,0.157020830211299,0.0672475434051936,0.0136798612746462,0.000166984222131832,6.42247008199354e-05,0.00103615850656162,0.00138297189098927,0.00366508959345764,0.000154139281967845,0,0.000321123504099677,0.00074500652951125,0,0.0252403074222346,0.0143991779238295,0.00021836398278778,0.00299287105820899,0,0.0508274282288968,0,0.000278307036886387,0.000166984222131832,0.00530067864100533,0.00138297189098927,0.00446575753034617,0.00230352593607501,0.00265033932050267,0,0.000115604461475884,0.000184110809017148,0.000115604461475884,0.00142578835820256,0,0.000102759521311897,0.000419601378690244,0.000582303954100747,0.000376784911476954,0.000107041168033226,0.00329686797542335
0.0062665495090065,0.00641200707695596,0.000964769583338281,0,0.00319412945129843,0.00149316646282817,0.0149465072372561,0.00120225132692924,0.0351146443117185,0.0486659463053778,0.000994454801287151,0.00117553463077526,0.00210765047436978,0.00392735433463553,0.00149910350641794,0.187910398138143,0.00211952456154933,0.000181079829488108,0.000195922438462543,0.0042063953833549,0.0294596102924588,0.00393625990002019,0.019547716019331,0.0103423299333864,0.00047793200897681,0.00417374164361115,0.00610921785387748,0.0635293349323771,0.000258261396155171,0.00135067741667359,0.0002285761782063,0.000335442962822233,0.000673854447439353,0.000970706626928055,0.000629326620516048,0.00158222211667478,0.00105382523718489,0.00448840495386917,0.00129724402436563,0.0398019402258451,0.00311101084104159,0.000377002267950651,0,0.000252324352565396,0.0329594974886306,0.0342240877732524,0.00238372300129428,0.00092617880000475,3.85907833335312e-05,0.00221451725898572,0.00984658679364024,0.00362456511155705,0.000115772350000594,0.00190875951411235,0.136839949178907,0.0643427099041761,0.000267166961539832,0.00205124856026693,0.000466057921797262,0.0402056591899498,0.00132396072051961,0.00152878872436681,0.00121709393590368,0.000329505919232459,0.000427467138463731,0.00056698766282342,3.85907833335312e-05,0.000828217580773478,0.00147832385385374,0.00264495291924433,0.00609734376669794,0.000828217580773478,0.000748067492311529,0.000127646437180142,0.00878385599107069,0.000495743139746132,0.0178200363347068,0.00382345607181448,0.0404045501502072,0.00411733972950829,0.0175350582423976,0.00266573257180854,0.000388876355130199,0.000474963487181923,0.000436372703848392,0.0216820831898548,8.31186102568365e-05,0.00264495291924433,0.00355035206668487,0.00326834249617061,0.00100929741026159,0.000700571143593336,0.0029507106641177
0.0037781510464348,0.000213346919604831,0.000437838827547227,0.0138468519388299,2.38821178662124e-05,0.000168766966254567,0.0188827945262186,2.38821178662124e-05,6.20935064521522e-05,0.0226673141374177,2.06978354840507e-05,0.000144884848388355,0.00380521744668317,0.000197425507694022,0.00275281211937875,0.002166904161061,0.472736970314527,0.000348678920846701,6.84620712164755e-05,0.000523814451865591,0.00390870662410343,0.000353455344419943,0.0145362490745679,0.0117738841080427,0.00824729136979867,0.000109857742184577,0.00229268331515639,0.031123176003248,0.000515853745910187,0.00019264908412078,0.000234044755088881,0.000304098967496438,0.000562025840451531,0.00219078627892722,0.00971365340678411,0.000356639626802105,0.000628895770476926,0.000690989276929078,0.000109857742184577,0.0167763917304187,0.00179593526353917,0.000398035297770206,0.000557249416878289,0.00030887539106968,0.000240413319853205,0.00015443769553484,0.000614566499757198,0.00120525088164818,8.75677655094454e-05,0.000514261604719107,0.0281028841637676,3.98035297770206e-05,0.0394086787616326,0.000240413319853205,0.0608357149111983,0.0268626061759157,0,0.000191056942929699,0.00102693106824713,0.00165582683872406,0.000477642357324248,0.0333282915528949,8.59756243183645e-05,0.000593868664273148,0.000514261604719106,0.00262862510647444,9.0752047891607e-05,0.00214939060795911,0.0019264908412078,0.000132147718859708,0.00299004115684979,0.000262703296528336,0.00110653812780117,0.000283401132012387,7.64227771718796e-05,0.00183573879331619,0.023676731652563,0.000761043489336634,0.101290430435371,0.00265250722434065,0.00395010229507153,0.000369376756330751,0.00128645008239331,0,0.000364600332757509,0.000503116616381541,5.89092240699905e-05,0.00023086047270672,6.05013652610714e-05,0.000245189743426447,0.000175135531018891,0.000148069130770517,0.00401219580152368
0.296338012072289,0.000231581036821385,0,0,9.62414698478483e-05,0.00123008628649281,0.00364815321642,0.000124813156208928,0.000243611220552366,0.0305416289470281,0.000442109252113553,0.00202107086680481,0.0022691934062563,0.000593990321717188,0.000215039534191286,0.0016150521658842,0.000415041338718846,0.0915496981927656,0.000997001476705053,0.000706773294195136,0.00291581578179653,0.000442109252113553,0.00111880708698124,0.00395793044749276,0.000165415026300989,0.000424063976517081,0.0057744881908709,0.0560320845000105,6.31584645876504e-05,0.026097979831397,0.0032962703422888,0.000460154527710024,0.00117895800563614,0.00508124885337311,0.000624065781044641,0.00126617683768575,0.000264664042081583,0.000448124343979043,0.000610531824347287,0.149813381774873,0.0358003230104332,0.00385717765874579,0,0.00017143011816648,0.000942865649915638,0,0.00540756758707597,0.00375191355109971,0.000529328084163165,0.00495493192419781,0.00154287106349832,0.000168422572233734,7.66924212850041e-05,9.77452428142209e-05,0.11287319885593,0.0056256146672,0,0.000911286417621813,0.000902263779823577,0.00594591830903737,0.00625268799417739,0.000184964074863833,0.00120001082716536,0.00189776148356226,0.0139068923930141,0.00254438385910249,5.86471456885325e-05,0.00026316026911521,0.00289777050620006,0.000365416830828549,0.00551433546768843,0.00223009530913061,0.000404514927954237,0.000824067585572201,0.000460154527710024,0.00835195505523358,0.0156317199854435,0.00248122539451484,0.00562711844016638,0.0081534570236724,0.000425567749483454,0.00191580675915873,5.86471456885325e-05,0.000347371555232077,0.00846173048177878,0.00121053723792997,0.000306769685140016,0.00211430479071992,0.000478199803306496,0.00115189009224143,0.0068511896347937,0.000338348917433842,0.0202152199869472
0.00192684914532222,0.00152965342423845,0,0,5.39877679142983e-05,0.0047959133830535,8.4837921008183e-05,0.000168390418970787,0.0002275198790674,0.0141486514626829,0.00265954028130198,0.0193893212195066,0.00325983284358715,0.00241145363350532,6.68419983700836e-05,0.000836810402671623,0.000170961265061945,0.000417762489813022,0.196359939019531,0.0213393079796492,0.000721122328569555,0.00314800103862182,0.000634998984515794,0.00188443018481813,7.32691135979762e-05,0.00137411723572345,0.0878432400887456,0.136632757206724,9.89775745095468e-05,0.000240374109523185,5.52731909598768e-05,7.45545366435548e-05,0.000386912336719138,0.00181630276340246,1.9281345683678e-05,0.000696699290703563,0,6.42711522789265e-05,0.0010836116274227,0.016048506724048,0.00149237615591667,0.000484604488183106,0,1.54250765469424e-05,0.00376757494659067,3.34209991850418e-05,0.00092679001586212,0.000584867485738231,0.000101548420600704,0.000326497453576947,0.0004370438354967,7.96962288258689e-05,1.67104995925209e-05,0.00195898472146168,0.0849985988888803,0.000569442409191289,0,0.000291791031346326,1.9281345683678e-05,0.0731097211403245,0.00518539656586379,6.5556575324505e-05,0.00409150155407646,0.000434472989405543,8.86941901449186e-05,0.00177516922594395,0,0,0.000376628952354509,0.00464166261758407,0.210932780087255,0.00282793070027277,5.39877679142983e-05,0.000430616720268808,0.000719836905523977,0.000832954133534888,0.016270884910933,0.014355604573021,5.52731909598768e-05,0.00606976762122182,0.00019281345683678,0.000173532111153102,1.54250765469424e-05,0.0146281142586837,0.000574584101373603,0.00040233741326608,0.00201682875851271,0.00160292253783643,0.00604405916031025,0.0106265923177977,0.000264797147389177,0.000185100918563308,0.00210552294865763
0.0013633954910936,0.00304286507078808,0,0,1.25177856871638e-05,0.00169303051418891,0.000252442011357804,0.000199241422187358,0.00152299725860493,0.00433428329418048,0.0288222015446948,0.00201536349563338,0.00425396083602118,0.00584997851113457,0,0.00114537739037549,2.81650177961186e-05,0.000590422224911228,0.0222806153743444,0.22277694557684,0.000827217004160077,0.0195559106897717,0.00125595116394544,0.000775059563796895,0,0.0104314880726365,0.137118781268385,0.172077827246212,2.50355713743277e-05,0.000149170279438702,0,0.000141868237787857,9.07539462319379e-05,0.00245348599468411,1.25177856871638e-05,0.000677003575914111,0.000329635023095315,3.85965058687552e-05,0.000180464743656612,0.00985879937744879,0.00065092485573252,0.000172119553198503,0.000344239106397006,0.000187766785307458,0.00480995915029271,2.7121868988855e-05,0.000510099766751927,0.000286865921997505,9.28402438464652e-05,0.000125177856871638,0.000843907385076296,0.000118918964028057,3.12944642179096e-05,0.00504466763192703,0.0563634163540697,0.00194547252554671,0.00107131382505977,0.000274348136310341,0.000482977897763072,0.111545988258317,0.00212698041801059,0.000416216374098198,0.00115267943202634,0.000776102712604158,0.000181507892463876,0.00193817048389587,0.000211759207874522,0,0.000221147547139895,0.00736567372808866,0.0213981114833993,0.000750023992422567,1.56472321089548e-05,0.000343195957589742,0.00039118080272387,0.000364058933735015,0.0302888687677075,0.0135306831790169,0.00417781097309093,0.00138530161604613,0.000533049040511727,0.000377619868229443,4.17259522905461e-05,0.0123279326042419,0.00015125657705323,5.63300355922373e-05,0.0155064070199742,0.00029416796364835,0.0128265577341139,0.0278385122194451,0.000367188380156806,0.000189853082921985,0.00134148936614106
0.0122177243582322,0.00180910107710475,0.000160070712999252,0,0.00149298658728233,0.00206179132215389,0.00170943440674673,0.000213427617332336,0.00530347494389975,0.133169772608981,0.000296986542986034,0.000673505075449683,0.00315913143013618,0.000795319894776158,0.000792299692644096,0.0047548048899086,0.00426955908069074,0.00178292599196022,0.000496319883702083,0.000652363660525254,0.263939491257018,0.000596993288104129,0.00293160953618756,0.0753832384822075,0.000450010117677142,0.00040068014952014,0.00401888230372965,0.0341806342625824,0.000119801351238434,0.0015211751405149,0.00120707411878052,0.00546455239094302,0.00312993614285959,0.00138727951266018,0.000677532011625765,0.00522998335868625,0.00480715506019766,0.00139331991692431,0.00241817517373713,0.0934037778701736,0.00308966678109877,0.00137016503391184,0,0.000414774426136427,0.00500447493282567,0.00188863306658237,0.00555918539108094,0.000401686883564161,0.00022248822372852,0.00323463648343772,0.00495514496466867,0.000295979808942013,0.000784245820291933,0.00107619869305786,0.0718123528280669,0.0760627839619213,0.0242461827161886,0.00560348168901784,0.000206380479024193,0.0056850271465835,0.00282992939774149,0.000374505064375608,0.00143358927868512,0.000552696990167229,0.000668471405229581,0.0024020674290328,6.84579149933908e-05,0.000195306404539968,0.00672095647788054,0.00102284178872478,0.00478299344314117,0.00167822565138209,0.00418197321886096,0.000344303043054995,0.00119297984216424,0.00107720542710188,0.0189125057509682,0.00370075434581919,0.00337557924960058,0.00435714494252052,0.000827535384184812,0.0149389264792195,0.000158057244911211,0.000614107766852476,0.000809414171392444,0.00626691942402732,7.75185213895749e-05,0.0154835695970346,0.00227018526926612,0.0013238552678869,0.00153224921499913,0.000997673437624269,0.00444171060221824
0.0055292664420994,0.00125723459704348,0,0,2.74905524134872e-05,0.000784397095531502,7.33081397692993e-05,0.000403194768731146,6.96427327808343e-05,0.00584632414660162,0.010800121691512,0.000762404653600713,0.00418772748432122,0.0146982820237445,0,0.00099699070086247,0.000267574710157942,0.000331719332456079,0.00357560451724757,0.0124275623943905,0.00121141700968767,0.510567368347745,0.000100798692182787,0.00339050146433009,0.000128289244596274,0.036932640815773,0.0283574211662592,0.146566796544254,0,0.000296897966065662,0,0,0.000274905524134872,0.00140201817308785,5.49811048269745e-05,0.000168608721469388,8.24716572404617e-05,0,5.13156978385095e-05,0.00945308462325114,0.000447179652592726,0.000795393316496897,0,0,0.00222490204199823,0,4.39848838615796e-05,9.71332851943215e-05,0.000100798692182787,0.000392198547765751,0.000678100292866018,0.000210760901836735,5.49811048269745e-05,0.00501977487070277,0.0400885562328413,0.00253829433951199,0,5.13156978385095e-05,2.74905524134872e-05,0.0209826223054677,0.00139285465561669,7.69735467577643e-05,0.000848541717829639,0.00127006352150311,5.49811048269745e-05,0.00133054273681278,0.000185103052917481,0,0.00335384739444544,0.00600760205409408,0.00813903621788645,0.000458175873558121,0.000604792153096719,0.000513156978385095,0.000139285465561669,0.000351879070892637,0.0328182214712211,0.00397330117549602,0.00173740291253239,0.00181804186627862,0.000196099273882876,0.000172274128457853,0,0.00293049288727774,0.000514989681879328,0.000109962209653949,0.0207498689617002,0.000126456541102041,0.00699726194097962,0.0260097279901474,0,0.000269407413652175,0.00201780654714996
0.00605636887413871,0.000856371120358047,0.00144319592086569,0.00316436148407711,0.000786176766230339,0.00116241850435486,0.0993390499615335,0.000207775288218018,0.00284427522925476,0.0411395070671676,0.00167062562823947,0.00122138176182213,0.00227429707373777,0.000592440348837862,0.0012101506651617,0.0156112243580024,0.0170600358271983,0.000744060153753713,0.000772137895404797,0.00503153130387417,0.0121351999415983,0.000533477091370587,0.315678049383132,0.0123794762939627,0.00111468634354802,0.00146004256585634,0.00805550407969586,0.0334209358872847,0.000126349837429876,0.000803023411220989,0.000446436092252228,0.000452051640582445,0.00108380082773182,0.00436328105257838,0.0056829349101793,0.000345356222308327,0.00207213733384996,0.00270388652099934,0.000160043127411176,0.025188542035187,0.00184189985231108,0.000780561217900122,0,0.000275161868180618,0.00730302060344682,0.00512138007715763,0.00080021563705588,0.000586824800507646,0.000154427579080959,0.00103887644109009,0.0155915699388467,0.000659826928800463,0.0054470818803102,0.000292008513171269,0.070329127287634,0.016765219539862,0,0.000558747058856562,0.000126349837429876,0.00789826872644979,0.00170712669238588,0.0177367094009895,0.00263649994103674,0.000651403606305138,0.000379049512289628,0.00164535566075349,6.73865799626004e-05,0.00111468634354802,0.00199071188306182,0.00149092808167253,0.00650280496639094,0.000654211380470246,0.000825485604541856,3.65010641464086e-05,0.00149935140416786,0.00159200795161644,0.0162963212542889,0.00185874649730173,0.108309888419055,0.00116803405268507,0.0427202839221236,0.000918142151990431,0.00616025651824772,0.000693520218781763,0.000839524475367397,0.00366133751130129,0.000143196482420526,0.00115118740769442,0.00237256916951656,0.00192332530309922,0.00143196482420526,0.000199351965722693,0.00265896213435761
0.0108386788351099,0.000609418111308698,0.000212755435308954,0,0.000320936165127066,0.000678962866191771,0.000831446180602062,5.09994869142529e-05,0.000149907582747955,0.145020904638172,9.53020715064321e-05,0.000370905359376384,0.00267618519716711,0.000220482630295962,0.00117968510134989,0.00175046723772355,0.00191685950311045,0.000605296940648961,0.000475995211199693,0.000405420163651687,0.0214069058456745,0.000224088654623232,0.00153874209507953,0.378604221315107,0.000565630673048986,8.91203155168257e-05,0.0018972839424767,0.0451175460901424,0.00030908779948032,0.000761386279386523,0.0010648074692097,0.0158222044553976,0.00530137090741996,0.00382650695756637,0.000843294546248807,0.00102514120160973,0.0202900685968856,0.000217906898633626,0.000457449943230874,0.0552721105957358,0.0038872942247975,0.00275963890302679,0.000168452850716775,0.000696477841495655,0.00126210851454464,0.00038275372502313,0.00140222831697572,0.000756749962394318,7.36659255428097e-05,0.00509582752076555,0.00658408527526329,7.83022425350145e-05,0.000371935652041319,0.000198331337999872,0.0952474659951906,0.0743685851402949,0.000594994013999617,0.000690811231838516,0.000532146161438618,0.00218061442533366,0.00222955332691804,0.0009329300080981,0.000547600551412634,0.000378632554363392,0.000531115868773684,0.00103956529891881,7.62416572051457e-05,0.00075262879173458,0.0228214976746295,0.00037348109103872,0.00389244568812217,0.000478055796529562,0.00478210340429302,0.000134453192773939,0.00045641965056594,0.00111271607812915,0.0142808866286557,0.00206264591519867,0.00320421018794599,0.00440347084992963,0.000187513265018061,0.00140944036563026,0.000117453363802522,0.000206573679319347,0.000555327746399642,0.00181434538294948,0.000282300190192026,0.0011905031743317,0.000772719498700801,0.00071038679247227,0.000430147187610112,0.000239027898264781,0.00721565467886808
0.00349416400267638,0,0.00664138973558348,0.000247813049835204,0.00020651087486267,0,0.0204197953064208,0,0.000247813049835204,0.0395840044936766,0.00198250439868163,0.00201554613865966,0.00482409403679198,0.000198250439868163,0.0162482756341949,0.00451019750700072,0.102462435671862,0.0013381904691101,0.00199902526867065,0.0010903774192749,0.00573274188618773,0.000495626099670409,0.00906995762396848,0.0114241815974029,0.0402448392932372,0.000123906524917602,0.000495626099670409,0.0372049992152587,0.00209815048860473,0.000107385654928589,0.000247813049835204,0.00129688829413757,0.00108211698428039,0.00164382656390686,0.0402283184232482,0.000346938269769286,0.00227161962348937,0.00192468135372009,9.91252199340817e-05,0.0295723572803344,0.00391544618739623,0.00179251439380798,0.00781437150480344,0.00312244442792357,9.91252199340817e-05,0.000338677834774779,0.000743439149505613,0,0,0.00237074484342345,0.165101314235208,0.000371719574752807,0.0082439141245178,0,0.0577321801766081,0.173196540529824,0,0.000123906524917602,0.000123906524917602,0.00579882536614378,0.00128862785914306,0.0158848164944366,0.000223031744851684,0.000421282184719847,0,0.00340329921773681,0,0.0165208699890136,0.00434498880711058,0.000421282184719847,0.00330417399780272,0,0.010317283308139,0,0,0.00193294178871459,0.0150752938649749,0.00320504877786864,0.0783171841829191,0.003634591397583,0.00423760315218199,0.000685616104544065,0.00120602350919799,0.000247813049835204,0.000313896529791259,0.00240378658340148,0.000123906524917602,0.00312244442792357,0,0.000371719574752807,0,0.000223031744851684,0.00465888533690184
0.00387847221010078,0.00386450831375479,0,0,0.000104729222594981,0.00032466059004444,9.42563003354826e-05,0.00065281215417538,0.000202476497016963,0.00791752922818054,0.00936628347407777,0.00165821269108719,0.00138591671234024,0.0805193173051076,0,0.00104380125186331,5.23646112974903e-05,0.000244368186054955,0.00743577480424363,0.0309649401472493,0.00102634638143081,0.177152970993496,0.000642339231915881,0.00167566756151969,5.23646112974903e-05,0.168170694668933,0.0279138287956488,0.0938862570823137,4.53826631244916e-05,0.000659794102348378,4.53826631244916e-05,9.7747274421982e-05,0.000352588382736435,0.00137544379008075,0,0.000743577480424363,0.000722631635905367,0,0.000178039678411467,0.00768712493847158,0.00157442931301121,0.000279277926919948,0,4.53826631244916e-05,0.00497812904734808,4.53826631244916e-05,0.000600447542877889,0.000499209294369408,9.07653262489833e-05,0.000233895263795457,0.000736595532251364,0.000359570330909434,0.000157093833892471,0.0230194831263768,0.0390709819761008,0.00032466059004444,0,0.000408443968120425,0,0.0715928965659288,0.00365854084265132,4.18916890379923e-05,0.000415425916293423,0.000984454692392818,0.000226913315622458,0.00205269276286162,0.000129166041200476,0,0.00385752636558179,0.0111606441545384,0.00972236283090071,0.000642339231915881,5.23646112974903e-05,0.000439862734898919,0.000192003574757465,0.000963508847873822,0.0266116954613846,0.00445797390845968,0,0.00330944343400139,0.000185021626584466,0.000104729222594981,0.000136147989373475,0.00691212869126872,8.37833780759845e-05,0.000314187667784942,0.024614858283907,0.00121485898210178,0.00365155889447833,0.116336711432591,0,0.000527137087061403,0.000844815728932844
0.00127815417044549,0.000582382369348363,0,0,1.78098583898582e-05,0.000683107012908783,0.000102703516714849,7.65823910763902e-05,6.84690111432326e-05,0.00305043296755182,0.00777340952522677,0.00283730832881985,0.00489197232506316,0.000833105598014478,1.2071126242015e-05,0.000433571108135326,0.000105473939131049,0.000311276747191633,0.0107431044680779,0.0134868120966933,0.000372423927663479,0.00342523154300062,0.000138125346179122,0.000730006306668743,6.29281663108323e-05,0.000758699967407959,0.430471797000859,0.308799395889603,5.93661946328607e-06,0.000278427452828117,1.30605628192293e-05,5.04612654379316e-05,0.000119128163896607,0.0018745865391903,9.89436577214344e-06,0.000196897878865655,7.06457716131042e-05,5.54084483240033e-06,7.18330955057614e-05,0.00568174060099565,0.000729016870091529,0.000142676754434308,6.53028140961467e-05,7.79676022844903e-05,0.00100269502734902,8.50915456404336e-06,0.000184430977992754,0.000353030970750078,0.00026140914370003,0.000103099291345735,0.000360154914106021,6.58964760424753e-05,0.000162465485978595,0.00053805561068916,0.0473896585276274,0.00176238443133419,0,5.38253498004603e-05,0.000124669008729007,0.00868270173968676,0.00116793093574381,4.09626742966738e-05,0.000481855613103386,0.000911073200298968,6.13450677872893e-05,0.00160961542381229,5.77830961093177e-05,4.74929557062885e-06,0.00021866548356437,0.00120216544131543,0.0199369491435536,0.000533108427803089,0.000672618985190311,0.000588121101496206,0.000121107037051036,0.000802433064120833,0.0447383642753238,0.0317076824407263,0.000460483783035556,0.0018925942848956,2.33507032222585e-05,8.21232359087906e-05,1.99866188597298e-05,0.00136918233554921,0.000212728864101084,9.30070382581484e-05,0.00164464147864568,0.000285947170814946,0.0226135729722338,0.0023518907440385,1.80077457053011e-05,7.79676022844903e-05,0.00150552669588935
0.00100673062624164,0.000166525146591896,2.14444790703098e-06,0,6.32544697105365e-06,0.00014294970670831,7.95064176852052e-05,3.54036211066436e-05,6.75029042433337e-05,0.00191356234904065,0.000728424446609033,0.000332295015933518,0.00777242331164312,0.00027156263275515,3.3191737730838e-05,0.000154157481618642,0.000114977474260623,8.39976199055909e-05,0.000572540616989762,0.0010246010254669,0.000199662935947715,0.000659505397521434,7.83465276222828e-05,0.000539551185665248,2.39126172274587e-05,0.000116299209448605,0.00957299078920511,0.768460951855958,8.76661094069269e-06,0.000113291587541259,2.50725072903811e-05,3.42032697624564e-05,7.09286260570813e-05,0.000874799875131091,2.52478395091949e-05,7.66471538091639e-05,7.34776867767596e-05,9.30609469088916e-06,3.95576459831564e-05,0.00242518176353947,0.000312981497676484,8.43078230619538e-05,1.30285325672448e-05,8.68568837816322e-06,0.000289662312574241,3.71569432947821e-05,0.000159552319120607,0.00012312367888859,0.000137244666049983,8.27298330926292e-05,0.000369964468790986,1.58203609745116e-05,2.98739126671297e-05,0.00026623523072196,0.0367515347436032,0.00101808675918327,2.77024905725889e-05,4.97943501431345e-05,6.44683081484786e-06,0.00182822950685332,0.000160563851152225,4.10547133899516e-05,7.93580596539012e-05,0.00060196945556298,3.25983056056219e-05,0.0017504629242625,5.02259371432917e-05,8.57779162812392e-06,0.000155829881244251,0.000186229790567823,0.00221441894943146,0.000167968265623672,0.000195495423977447,0.000287531351760965,3.76694528574687e-05,0.000336071402184893,0.139933965570525,0.00452429954846019,0.000230629303208992,0.000668406879399675,3.10607769175619e-05,7.77396084033118e-05,5.42181168947456e-06,0.000120655540731441,8.78279545319858e-05,3.49180857314667e-05,0.000126630323264867,8.04774884355589e-05,0.00694596118052963,0.000524944663128678,4.55459156103373e-05,2.25099594769478e-05,0.000684294675842961
0.00958080212772388,0.000272010155045788,0.000282084605232669,0,0,0.000544020310091577,0.000513796959530934,0,0,0.054794934566446,0.00151116752803216,0.00076565821420296,0.000523871409717815,0.00100744501868811,0.0687480480752763,0.0011182639707438,0.0013298274246683,0.000372754656914599,0.000775732664389841,0.000151116752803216,0.00129960407410766,0.000130967852429454,0.00038282910710148,0.00508759734437493,0.000856328265884889,0.00038282910710148,0.00306263285681184,0.0159680035462065,0.182005017076193,0.000453350258409647,0.000372754656914599,0.00889573951501597,0.0246421051571111,0.00209548563887126,0.000604467011212863,0.000251861254672026,0.0053696819496076,0.00189399663513364,0,0.0275133234603722,0.000795881564763603,0.00213578343961878,0.0102860136408056,0.0546438178136428,0.000362680206727718,0.000151116752803216,0.000272010155045788,0,0,0.00236749579391705,0.0198466668681557,0.000130967852429454,0.000624615911586625,0.000372754656914599,0.11589647494988,0.0670353915435065,0,0.000120893402242573,0,0.00178317768307795,0.00325404741036258,0.00057424366065222,0.000453350258409647,0,0.000604467011212863,0.000272010155045788,0,0.0118777767703328,0.0184765416427398,0.000120893402242573,0.00573236215633532,0.000130967852429454,0.227722872024259,0,0,0.00203503893774997,0.00740472088735757,0.00297196280512991,0.00872447386183899,0.0021257089894319,0.000130967852429454,0.000624615911586625,0.000151116752803216,0.000453350258409647,0.000261935704858907,0.00057424366065222,0,0.000967147217940581,0.000302233505606432,0.00146079527709775,0.000120893402242573,0.000120893402242573,0.00196451778644181
0.0517874438193077,9.14126519463277e-05,6.09417679642185e-05,0,0.000152354419910546,0.00350850464136858,0.00106865743108683,0,5.44122928251951e-05,0.0241960583735077,0.000925008978028316,0.00269449674070366,0.00516699132668052,0.00100989215483562,3.2647375695117e-05,0.0014234255803071,0.000829243342655973,0.0214101489808578,0.00180648812179648,0.000696477348162497,0.00123189430956242,0.000474475193435701,0.000291649889543046,0.0031515600004353,0.00019806074588371,0.000132765994493476,0.00168678107758105,0.0399952117182314,0.000152354419910546,0.15821135911025,0.00131895397808273,3.2647375695117e-05,0.000565887845382029,0.0246248272409703,3.2647375695117e-05,0.000972891795714488,0.00154095613280952,0.000145824944771523,0.00109259883992992,0.076144562579578,0.0161299800851008,0.00211772643675659,0,0.000130589502780468,0.00110783428192097,0,0.00153660314938351,0.0146390832616905,0.00171725196156316,0.0017020165195721,0.0013102480112307,0.000106648093937382,0.000215472679587772,0.000239414088430858,0.310598426396491,0.00334962074631901,0,0.00053541696139992,3.2647375695117e-05,0.00541728787367642,0.00422674690666115,0.000113177569076406,0.00195666604999402,0.00129065958581363,0.00765254486293543,0.00427898270777334,0.000280767430978007,9.35891436593355e-05,0.00142995505544613,0.000618123646494216,0.0126737112448444,0.00588088060854708,9.79421270853511e-05,0.00126236519354453,0.00019806074588371,0.0431663601440838,0.0121840006094177,0.00396774439281323,0.000165413370188593,0.0258871924345148,6.52947513902341e-05,0.000668182955893395,0.000143648453058515,0.000278590939264999,0.0154139143115213,0.000674712431032419,0.000250296546995897,0.00120577640900632,0.000437474834314568,0.00101206864654863,0.00180431163008347,0.000426592375749529,0.0603954685442535
0.106176222405705,0.00055044928154271,0,0,0.000163320116501683,0.00045064254368057,0.000547424834940827,3.93178058244793e-05,0.000117953417473438,0.201243652442694,0,7.86356116489585e-05,0.00294581099023406,0.000713769398044393,0.000311517999993951,0.000834747262119714,0.00225623716500473,0.00633016673774116,0.000656304912608615,0.000375031378633495,0.00650558464065038,0.000356884699022196,0.000232882388344993,0.0151101352230076,0.000411324737856091,0.00019054013591863,0.000656304912608615,0.0277069553198504,0.000175417902909215,0.00218667489316142,0.175417902909215,0.00281575978635309,0.0070711561552025,0.00694110495132153,0.000214735708733694,0.000928505106778087,0.00506594805815406,4.53666990282453e-05,0.000238931281548759,0.0663382117657022,0.00556498174746476,0.0343002489119553,0,0.000423422524263623,0.000734940524257574,0.000992018485417631,0.00271897749509284,0.00228345718442168,0.000341762466012781,0.0568837916882158,0.0033662090678958,7.25867184451925e-05,0.000193564582520513,0.000523229262125763,0.0934070088525552,0.00971149803864638,0.00310610666013386,0.00035083580581843,0,0.00168159231064696,0.00362328702905586,0.000725867184451925,3.62933592225962e-05,0.00127934091259652,0.00505385027174653,0.00196891473782585,0.000674451592219914,0.000381080271837261,0.0552868838824216,0.00045064254368057,0.00183886353394488,0.000423422524263623,0.00793917232994293,0.000163320116501683,0.000462740330088102,0.00205964813588234,0.00687759157268199,0.000765184990276404,0.000317566893197717,0.00289439539800205,3.62933592225962e-05,0.000964798466000684,0.000114928970871555,0.000117953417473438,0.00355977365041632,0.000964798466000684,0.000114928970871555,0.000798453902897117,0.000151222330094151,0.000532302601931412,0.0320530850867563,7.25867184451925e-05,0.00823859254352935
0.0232436528179461,0.000405536642370041,4.62454065860574e-05,0,0.000281029778484502,0.000480240760701365,0.00181424287376071,0.000345061879911351,0.000949809504498255,0.0729752515927985,0.000398421964433725,0.000661665048077436,0.0018747176362194,0.000405536642370041,0.00448224709987941,0.00245100654906104,0.0023264996851755,0.00209882999121337,0.000885777403071406,0.000686566420854544,0.012745945522911,0.000106720169044748,0.00109566040219274,0.0720859168507589,0.0004090939813382,0,0.00453204984543362,0.0278041613751249,0.0016790639929707,0.00053004350625558,0.00107787370735195,0.195497120334105,0.015598931375374,0.00180357085685624,0.000590518268714271,0.000754155861249551,0.0180677246192758,0.00108143104632011,0.000181424287376071,0.0447726682532398,0.00395576093259198,0.00326563717276928,0.00870836579405142,0.00788662049240686,0.00118103653742854,0.000145850897694489,0.00121660992711012,0.000483798099669523,0.000256128405707395,0.00621467117737248,0.0101882188048053,0.000192096304280546,0.000355733896815826,0.000366405913720301,0.0820357939446976,0.173914744814289,0,0.000743483844345076,0.000106720169044748,0.00117392185949223,0.00134467412996382,0.00252215332842421,9.96054911084312e-05,0.000302373812293452,0.00049091277760584,0.00153677043424437,0.000238341710866603,0.00345773347704983,0.0211128067760193,0.000352176557847668,0.00317670369856533,0.000405536642370041,0.115585057753398,0.000433995354115308,0.000288144456420819,0.000867990708230615,0.0085731869132614,0.000935580148625622,0.00223400887200339,0.00305219683467979,0.000569174234905321,0.000864433369262457,0.000184981626344229,0.000256128405707395,0.000177866948407913,0.00136957550274093,4.62454065860574e-05,0.000757713200217709,0.000348619218879509,0.00136246082480461,0.00191384836486914,9.6048152140273e-05,0.00542494192644134
0.0190919999534001,0.000757249204888335,9.55298996936053e-05,0,0.000270279716206298,0.000160769831191677,0.00043570954250498,3.49499633025385e-05,0.00354858627398441,0.121914791989468,0.000114169880121626,0.000242319745564267,0.0025443573284248,3.49499633025385e-05,0.00243018744830318,0.00127683865931941,0.000801519158404884,0.00214359774922236,0.000251639735778277,0.000214359774922236,0.00594149376143155,8.38799119260925e-05,0.00160070831925626,0.0327318056316041,0.000121159872782134,2.79599706420308e-05,0.001363048568799,0.0483940491862484,0.00160769831191677,0.000796859163297878,0.00623274345561937,0.0292204993184757,0.184838705919359,0.00807810151799341,0.000214359774922236,0.000531239442198586,0.0285564500157275,6.05799363910668e-05,0.000379789601220919,0.0445588732131831,0.00406351573330848,0.0377296503838671,0.00229970758530704,0.00460640516327458,0.00067103929540874,0.000733949229353309,0.000966948984703566,0.00119994874005382,0.000463669513147011,0.0102729592133928,0.00280531705441709,6.29099339445694e-05,0.000135139858103149,0.00010018989480061,0.0638512529561844,0.0259235527802696,0,0.000351829630578888,3.49499633025385e-05,0.000433379544951478,0.00116266877919778,0.000624439344338688,0.000440369537611985,0.000666379300301735,0.000719969244032294,0.00017241981895919,0.000258629728438785,0.000314549669722847,0.116455607721612,8.6209909479595e-05,0.00432447545930077,0.000363479618346401,0.126183347507485,0.000948309004275546,0.00015377983853117,0.00140498852476205,0.0171394620035649,0.0019921479082447,0.000160769831191677,0.00400293579691741,0.000337849645257873,0.000736279226906812,8.85399070330976e-05,0.000144459848317159,0.00084345911436793,0.000594149376143155,2.79599706420308e-05,0.00123722870090986,0.000130479862996144,0.000449689527825996,0.0025443573284248,6.29099339445694e-05,0.00681757284154852
0.00477538369859864,0.000365562180386111,6.07246146820783e-06,0,5.01990148038514e-05,0.000556642301252385,0.000220227935913671,4.61507071583795e-05,0.000153026028998837,0.00723675474704554,0.00057607417795065,0.00125376087780264,0.00956453164319188,0.00030240858111675,0.000108494644898647,0.000540449070670497,0.000309695534878599,0.00130800820025197,0.000441670364120983,0.00116469810960226,0.000493083871218476,0.00113433580226122,0.000276094581421183,0.0010371764187699,6.07246146820783e-05,0.000151811536705196,0.00559152251992577,0.0521498942582043,9.71593834913253e-06,0.00408352792198749,0.000382160241732546,0.000346535134452394,0.000424262641245454,0.318145162596228,8.86579374358343e-05,0.000227919720440067,0.000166790274993442,6.03197839175311e-05,7.00357222666636e-05,0.0087694440216212,0.00142136081432518,0.000760677006584168,0,2.55043381664729e-05,0.000691855776611146,5.26279993911345e-06,0.000277713904479371,0.0207836066210881,0.00774238837196498,0.000497941840393042,0.00162944382730243,2.71236612246616e-05,8.78482759067399e-05,0.000395924487727151,0.428159542184985,0.00534538541508108,0,0.000199581566921764,6.07246146820783e-06,0.0063149550961716,0.000539639409141403,0.000228324551204614,0.000254233720135635,0.00503123674179246,0.00086836198995372,0.0128877873893598,0.00553201239753733,8.17758144385321e-05,0.000480129286752966,0.000431144764242756,0.00344025183712201,0.000740435468356808,9.75642142558725e-05,0.00418554527465338,5.34376609202289e-05,0.0193440284223583,0.0230482299179651,0.00597287310012922,0.000166790274993442,0.00768206858804745,3.48154457510582e-05,6.31535992693614e-05,4.45313841001908e-05,0.000434788241123681,0.00382322174038365,0.000342891657571469,0.000200391228450858,0.000341677165277827,0.00133513186147663,0.000850144605549096,0.000306861719526769,3.72444303383414e-05,0.00409810182951119
0.00303611531455119,0.000289153839481065,0.0183901841909958,0,0.000799992289230947,0.000954207670287515,0.0390550452525759,0,0.000115661535792426,0.0347273761216759,0,0,0.00204335379899953,0.000144576919740533,0.00274696147507012,0.00407706913668302,0.0600476139989012,0.00102167689949976,0.000125299997108462,0,0.00906979209838941,0,0.0126649381692707,0.0156335842546096,0.00977339977446001,0,0.00075179998265077,0.0108721843644881,0.00066505383080645,0,0,0.000250599994216923,0.000115661535792426,0.00135902304556101,0.20290888762518,0.00038553845264142,0.000260238455532959,0.0111516997426531,0,0.0293009224007479,0.00342165376719261,0,0,0.000125299997108462,0.00662162292411639,0.00601439986120616,0.000144576919740533,0,0,0.000240961532900888,0.0975412285182793,0,0.00567705371514491,0.00105059228344787,0.05808136789043,0.0594114755520429,0,0.000269876916848994,0.000144576919740533,0.00185058457267882,0.000790353827914912,0.0410212913610471,0.00408670759799905,0.000269876916848994,0.0022264845640042,0.00171564611425432,0,0.00642885369779568,0.000616861524226273,0.000144576919740533,0.00167709226899018,0.000260238455532959,0.00245780763558905,0,0,0.000626499985542308,0.00390357683299438,0.00169636919162225,0.194831857042342,0.000366261530009349,0.0116914535763511,0.00197588456978728,0.00131083073898083,0.000144576919740533,0.000144576919740533,0.00293009224007479,0,0.000771076905282841,0,0.0026602153232258,0,0,0.00191805380189107
0.0387590426832541,0.00652444879142637,0.00195017802083768,0,0.000667950881754802,0.0205514173082772,0.000536746244267252,0.000572529327218402,0.0183925046368912,0.114845804731716,0.000232590039182476,0.00181300953619161,0.00385860911156569,0.00153867256689946,0.000178915414755751,0.00368565754396846,0.000161023873280176,0.00138361254077781,0.00141939562372896,0.00172951567597226,0.0474483679932251,0.000143132331804601,0.00184879261914276,0.0152257017957144,7.15661659023003e-05,0.000226626192023951,0.00580282328524485,0.075913810480865,0,0.000447288536889377,0.00580282328524485,0.000447288536889377,0.000166987720438701,0.00744288125383923,0.000143132331804601,0.0467744532643117,0.00502155930747807,0.000268373122133626,0.0111643218807588,0.120839471126034,0.00203963572821556,0.000936324003888429,0,0,0.0277497808286169,8.94577073778753e-05,0.0166450974194433,0.000322047746560351,0,0.00370951293260256,0.00159234719132618,0.000751444741974153,0,0.00387650065304126,0.118960859271099,0.0186131669817566,0,0.0260560482355958,0,0.0137407038532417,0.0056716186477573,0.000268373122133626,0.00758601358564383,0.000894577073778753,0.00172951567597226,0.00187861185493538,7.75300130608253e-05,0,0.0070075204112669,0.000989998628315154,0.0116831765835505,0.00166391335722848,0,0.000155060026121651,0.00728185738055905,0.00171162413449668,0.0213028620502514,0.00534957090119694,0.000536746244267252,0.00438342766151589,0.000972107086839579,0.0122557059107689,0,0.000948251698205478,0.00428204225982097,0.00306541743948186,7.15661659023003e-05,0.0904417421590319,0.00215294882422753,0.000447288536889377,8.94577073778753e-05,0.00286861048325054,0.00314891129970121
0.0212699765608353,0.000507138291071809,5.54016620498615e-05,0,0.000166204986149585,0.00646494779458768,0.000161943319838057,0,0.000115064990411251,0.127261879394843,0.000306839974430002,0.000328148305987641,0.00232260813978265,0.00207543149371404,0.000413381632218197,0.00145322821223098,0.00147027487747709,0.00222458981461752,0.000230129980822502,0.000375026635414447,0.0145365437886214,0.000242914979757085,0.000434689963775836,0.184611122949073,0.000515661623694865,0.000115064990411251,0.00169614319198807,0.0504069891327509,0.000191774984018751,0.000268484977626252,0.00169188152567654,0.0219688898359258,0.0159812486682293,0.00411676965693586,0.000119326656722779,0.000647773279352227,0.154293628808864,5.54016620498615e-05,0.000242914979757085,0.0595994033667164,0.00375878968676753,0.00522906456424462,0,0.000110803324099723,0.000332409972299169,0,0.00169188152567654,0,0.000115064990411251,0.00776049435329214,0.00659279778393352,6.39249946729171e-05,0.000507138291071809,0.000208821649264863,0.0866268911144257,0.0411506499041125,0,0.000737268271894311,0,0.00466652461112295,0.00405710632857447,0.00038781163434903,0.00103132324738973,0.000234391647134029,0.000110803324099723,0.00135520988706584,5.11399957383337e-05,0.000554016620498615,0.103549968037503,0.00224163647986363,0.00296185808651183,0.000340933304922225,0.0144172171318986,0.000106541657788195,0.00058384828467931,0.000967398252716812,0.0098700191774984,0.00075857660345195,0.000289793309183891,0.00354996803750266,0.000170466652461112,0.000592371617302365,0,0.000294054975495419,0.000127849989345834,0.000434689963775836,0.000234391647134029,0.000541231621564032,0.00115917323673556,0.00134242488813126,0.0023907948007671,0.000221606648199446,0.00658001278499893
0.00215779572867102,0,0.0719818523846409,0,0.00273874073254399,0.0270277747039947,0.220150492420051,0,0.00157685072479805,0.00868651101029103,0,0,0.000414960717052119,0,0,0.0496569658072369,0.00403895097930729,0,0,0,0.0168197410645126,0,0.0391169635941131,0.00461989598318026,0.000691601195086865,0,0,0.00273874073254399,0,0,0.000414960717052119,0.00110656191213898,0.00035963262144517,0,0.0212459887130685,0.00035963262144517,0,0.17428350116189,0.000331968573641695,0.0151875622441076,0,0,0,0.000746929290693814,0.00105123381653203,0.083877392940135,0.00124488215115636,0,0,0.000691601195086865,0.064235918999668,0,0.0015215226291911,0.000774593338497289,0.00807790195861459,0.0580945003872967,0.000414960717052119,0,0.0115359079340489,0,0.0020748035852606,0.0105123381653203,0,0,0.000414960717052119,0,0,0.00865884696248755,0,0,0,0.00107889786433551,0,0,0.00243443620670577,0,0.00442624764855594,0,0.0257552285050349,0.000414960717052119,0.0305687728228394,0,0.000414960717052119,0,0,0.0104846741175169,0,0.000414960717052119,0,0,0.00071926524289034,0,0.00365165431005865
0.0161312037207025,0.0105909471064602,0.0011015237745548,0,0.000326377414682904,0.0743202170409808,0.00496909613854721,0.000599718499479836,0.00230096077351447,0.0420863676233605,0.000391652897619485,0.00158293046121208,0.00385125349325827,0.00130958937641515,0,0.00241927258633703,0.00135446627093405,0.00297003447361443,0.00327193358219611,0.000946494502580421,0.0138791995593905,0.000599718499479836,0.000681312853150562,0.0071476653815556,0.000159108989657916,0.000285580237847541,0.0174122350733329,0.0660710278848704,0.000183587295759133,0.00237847540950166,5.30363298859719e-05,0,0.00209697488933766,0.000575240193378618,4.89566122024356e-05,0.00417763090794117,0,0.00195418477041389,0.121612304428534,0.178263264182119,0.00786569569385799,0.000252942496379251,0,6.11957652530445e-05,0.0129204659037595,0.000114232095139016,0.0280562185096791,0.000322297696999368,0.0013707851416682,0.00130142994104808,0.00185219182832548,0.000216225037227424,0,0.00352079636089183,0.0856699916365787,0.00949758276727251,0,0.00497725557391428,6.11957652530445e-05,0.052771148236542,0.0195132896803541,4.89566122024356e-05,0.0232707096668911,0.000101992942088407,0.00188890928747731,0.00078330579523897,0.000722110029985925,0.000501805275074965,0.00475287110131979,0.00190522815821145,0.0437223344144585,0.00509964710442037,0.00242335230402056,0.000101992942088407,0.00192562674662913,0.00190114844052792,0.0167839585500683,0.00574016278073557,0.00210921404238827,0.00210105460702119,0.000611957652530445,0.0065520265997593,4.89566122024356e-05,0.00210513432470473,0.00126879219957979,0.00258246129367848,0.000101992942088407,0.031242478020521,0.00379821716337229,0.00544642310752096,0.00164412622646513,0.00374518083348632,0.00651938885829101
0.0663399820186819,0.000732649527108032,7.02098743926372e-05,0,0.000165088083031336,0.0018914919674211,0.00167649794664581,0.000200572533062209,0.000760164207613255,0.0607816370437924,0.000335868858580994,0.000899445417894865,0.00289112877363843,0.000413668989664727,0.000235297957423973,0.00107990377072567,0.00126453676473658,0.00345318728161408,0.00190060027545042,0.000986164100590636,0.0048693394237553,0.000949920624890653,0.000721643654905943,0.00920204769945012,0.000220307200459059,0.000293553177528134,0.00462929755589939,0.0530904299387049,5.02854505785104e-05,0.00228485702043715,0.00131709929232242,0.000355983038812398,0.00117914637696175,0.00204481515258124,0.000202470097234983,0.00171331069159762,0.00129508754791824,0.000133209004928733,0.00179433668177507,0.516106714454923,0.0197156917551216,0.00216967487514977,0.000116889953042877,0.000327329819803511,0.00335413443179528,0.00013055241508685,0.0126070368510757,0.00061177468930233,0.000234918444589418,0.00357975481193811,0.00303724121494203,8.70981955303255e-05,0.000303800024061114,0.000599250765762022,0.0815081612337507,0.010129577067102,0.000212337430933408,0.00128313289362976,0.000241939432028682,0.0108500821835043,0.0149524261686244,0.000670029909406491,0.00283458136128977,0.000393175296598768,0.00112563506728952,0.00203456830604826,8.84264904512673e-05,0.000287670728592535,0.00441942695839059,0.000761872015368752,0.013789978356383,0.00152184646656473,0.00112677360579319,0.000446686606270994,0.000345166923027586,0.00163683885543483,0.0171441127881783,0.00283571989979343,0.00237214497238475,0.00537769686564145,0.000355413769560566,0.00415984017955511,3.90898219591439e-05,0.000845744351805361,0.00121595912191356,0.000933032303752964,0.000148199761893648,0.00418469827021845,0.00106358471883981,0.00134783983192136,0.00174556928253478,0.000474391043193494,0.00968953193543576
0.053973335357013,0.00102648490827539,1.49778926304774e-05,0,0.000157767135707695,0.00240544955645467,0.000170747975987443,0.000155770083356965,0.000649042013987355,0.041703445714126,0.000222671337106431,0.00227064852278038,0.00510845991316816,0.000769863681206539,0.000114830510166994,0.00107241711234218,0.00141391306431707,0.0102059360384073,0.00203899045009566,0.00106942153381609,0.00361766033334798,0.000751890210049966,0.000871713351093786,0.00843954323418634,0.00024963154384129,0.000291569643206627,0.00392121229065899,0.0558485675143488,8.88688296074993e-05,0.00659526538828689,0.00109138910967412,4.29366255407019e-05,0.000972564494805667,0.00502957634531432,0.000155770083356965,0.00142889095694755,0.00155470525504356,0.000115829036342359,0.000970567442454937,0.270247115257879,0.164390359828893,0.00241343776585759,0,0.000370453211060475,0.00145085853280558,2.79587329102245e-05,0.00834268619517592,0.00142988948312291,0.00030754606201247,0.00401307669879258,0.00242042744908515,8.6871777256769e-05,0.000423375098354828,0.000774856312083365,0.155402625724431,0.0101550112034637,0,0.00120522109366575,2.99557852609548e-05,0.0054859028074562,0.0258578338372562,0.000527221820592805,0.00526023589182367,0.000502258666208676,0.00288773769915605,0.00293466842939821,8.28776725553084e-05,0.000179734711565729,0.00336603173715596,0.000874708929619881,0.0164467246344396,0.0044224724306923,0.00274794403460492,0.000160762714233791,0.000260615331770307,0.00315035008327708,0.0186754350578546,0.00447339726563592,0.00239446576852566,0.0129019567118932,0.000430364781582384,0.00245437733904757,6.59027275741006e-05,0.000339498899624155,0.00322923365113093,0.000790832730889208,0.000186724394793285,0.00296861831936062,0.00206994476153198,0.00143188653547364,0.00160662861616254,0.000244638912964464,0.030513961392984
0.0463819935555661,0.000440352070709468,0,0,0.000179305034779903,0.000390252134520965,0.00135533511583633,0,3.16420649611594e-05,0.137236909414042,0.000743588526587245,0.000319057488358357,0.00383132669904705,0.000400799489508019,0.00193807647887101,0.00159265060304502,0.00161638215176589,0.00252345468065246,0.000218857615981352,0.000108110388617295,0.00458282574187458,0.00017666819603314,0.0011707564035629,0.0213162044288344,0.000229404970968405,0,0.00296380675136193,0.108743229916518,0.000411346844495072,0.00152145595688241,0.0204328634486687,0.00478058864788183,0.0392915341655196,0.00552154033572231,7.91051624028984e-05,0.000796325301522511,0.00786832682034163,0,0.000524730910605893,0.0558350604627125,0.00522621439608482,0.169274500187216,0,0.00161110847427236,0.00201454480252715,0.000147662969818744,0.00251818100315893,0.000883340980165699,0.000348062714572753,0.0188639443943445,0.00297435410634898,0.000276868068410144,0,0.000450899425696521,0.080914033783178,0.00985122955790762,0,0.000859609431444829,3.95525812014492e-05,0.00103891446622473,0.00260519668180212,0.000519457233112366,0.000108110388617295,0.000524730910605893,0.00237315487208695,0.00159792428053855,0.00017666819603314,0.000139752453578454,0.140973309918205,0.000210947099741062,0.00370475843920241,0.000672393880424636,0.00946888793962694,0.000118657743604348,0.000648662331703767,0.00333560101465555,0.0384662036377827,0.00183260292900048,0.00141070872951836,0.00408446321873632,0.000392888973267729,0.000888614657659225,6.32841299223187e-05,3.16420649611594e-05,0.000537915104339709,0.000524730910605893,0.000142389292325217,0.000369157424546859,0.000340152198332463,0.000234678648461932,0.00442988909456231,6.5920968669082e-05,0.00615965531243902
0.0226461162826187,0,0,0,0.000610407446970853,0.00068670837784221,0.000366244468182512,0,0.000198382420265527,0.0481001068213032,0.000640927819319396,0,0.00114451396307035,0,0.0305356325347169,0.000610407446970853,0.00621089577292843,0,0,0,0.00714176712955898,0,0.00236532885701206,0.0293911185716466,0.00144971768655578,0,0.00109873340454754,0.0192583549519304,0.0046848771555013,0.000595147260796582,0,0.0294521593163437,0.0119639859606287,0.000427285212879597,0.000656188005493667,0.000427285212879597,0.00152601861742713,0,0,0.0122539294979399,0.00204486494735236,0.000427285212879597,0.219746680909507,0.0477033419807722,0.0020753853197009,0,0.000793529681062109,0,0,0.00117503433541889,0.0191973142072333,0.000183122234091256,0.000763009308713566,0.00022890279261407,0.109262933007783,0.129665801922783,0.00022890279261407,0.000412025026705326,0.00022890279261407,0,0.000183122234091256,0.00103769265985045,0,0,0.00294521593163437,0.000198382420265527,0,0.0109720738593011,0.018953151228445,0,0.00160231954829849,0,0.178650999542194,0,0.00022890279261407,0.00080878986723638,0.00161757973447276,0.00170914085151839,0.000656188005493667,0.00163283992064703,0.000595147260796582,0.000183122234091256,0,0,0,0.000412025026705326,0,0.00022890279261407,0.00152601861742713,0,0.00540210590569205,0.000381504654356783,0.00149549824507859
0.00823075539862358,5.31280139931015e-05,5.31280139931015e-05,0,4.90412436859399e-05,0.00116881630784823,0.00172053029931506,0,0.001491671162114,0.0461600706193909,4.90412436859399e-05,0.00105438673924771,0.000555800761773985,6.13015546074249e-05,0.034635378353195,0.00214555441125987,0.00199025713958773,0.000784659898975038,0.000114429568600526,0.000833701142660978,0.00430336913344122,0.000445457963480621,0.00194121589590179,0.00794468147712226,0.00109116767201216,0,0.00073970542559626,0.022195249538195,0.0223668938910957,0.000633449397610057,0.00261961976689062,0.0157095450607294,0.0229063475716411,0.000653883249145865,0.00165514197440047,0.000216598826279568,0.00118925015938404,0.000265640069965508,0.000114429568600526,0.0321342749252121,0.00136906805289916,0.00331028394880094,0.0351584849525117,0.187317117028755,0.000216598826279568,0.00324489562388636,0.00107890736109068,0.000331028394880094,0.000208425285665244,0.00353505631569483,0.0102455331600543,4.90412436859399e-05,0.000322854854265771,0.00083778791296814,0.0459965998071044,0.0689356415412028,0,5.31280139931015e-05,0.000183904663822275,0.0232905039805143,0.00083778791296814,0.00241528125153254,0.000269726840272669,0.000110342798293365,0.000948130711261504,0.000335115165187256,0.000159384041979305,0.00467526523139294,0.0265476599153221,0.000613015546074249,0.0166045477579978,0.00103803965801906,0.294782829025877,4.90412436859399e-05,0,0.00105847350955487,0.00542723096791068,0.000265640069965508,0.00572147843002632,0.00114429568600526,0.000273813610579831,0.000457718274402106,5.31280139931015e-05,0.000735618655289098,0.000212512055972406,0.00187174080068004,0.000465891815016429,0.000355549016723064,0,0.00245206218429699,0.00017164435290079,0.000114429568600526,0.00387017148088209
0.00632034032427081,0.0339302480566117,0,0,0.000275883366049543,0.00778263569658279,0.000456399642600479,0.00859325595732096,0.0143958892243136,0.0241573920279925,0.000483647382457224,0.00286214800745226,0.00187101147016316,0.00987617037557603,6.13074146776763e-05,0.00784280778876644,0.000809484938244133,0.000322431588304816,0.00138055215274175,0.0106572722514694,0.00782237198387388,0.00708554768524773,0.0026736844734431,0.00319366217570932,8.1743219570235e-05,0.00212645903132014,0.00995223698267612,0.0560497362078185,0.000113532249403104,0.000247500303698767,0.000399633517898927,9.42317670045765e-05,0.000467752867540789,0.00152019681950757,7.94725745821729e-05,0.0051532288004069,0.000154403859188222,7.60666071000798e-05,0.00378289455011143,0.0529082988668346,0.00209126403400518,0.000400768840392958,0,0.000230470466288302,0.413604796510473,0.000114667571897135,0.00868294643434941,0.000552902054593117,6.92546721358936e-05,0.000840138645582971,0.000975242022372665,0.00151111423955532,0.000110126281921011,0.0183275110211431,0.0512132623832463,0.00427108322254478,0,0.00228653950297852,0,0.0985448571594004,0.00254652835411163,0.000211169983889774,0.00122955426103562,0.00126020796837446,0.000221387886336053,0.00118527668376841,9.87730569807007e-05,0.000119208861873259,0.0021979843484441,0.0134467596193037,0.0168300206515162,0.00173590809337346,0.000640321886633508,0.000569931892003583,0.00981826892838045,0.000808349615750102,0.0107753457908486,0.00365233246329786,0.00658714111036811,0.00346954554175886,0.00128859103072523,0.00130221490065361,4.42775772672106e-05,0.00342413264199762,0.000432557870225827,0.0011046687866922,0.000799267035797854,0.00633282887170515,0.00369888068555314,0.00743409169091526,0.000576743826967769,0.00293480864707024,0.00333444216496917
0.0064359556977837,0.00316444402146112,0.00353323261042839,0,0.00354512901652411,0.000856541238891731,0.0173211672753661,0.000178446091435777,0.00472287322000024,0.0365219667138557,0.000713784365743109,0.000321202964584399,0.00093981608156176,0.000678095147455953,0.00185583935093208,0.0318466791182384,0.00537717555526475,0.000475856243828739,0,0.000892230457178886,0.0372595438917903,0.00177256450826205,0.00596009945395496,0.00718542928181396,0.00165360044730487,0.000142756873148622,0.000606716710881643,0.0376759181051404,0.000142756873148622,0.000333099370680118,0.00015465327924434,0.00405667447864,0.000618613116977361,0.00234359200085654,0.00490131931143601,0.00183204653874065,0.000856541238891731,0.00825610583042863,0.00159411841682628,0.0389845227756695,0.00118964060957185,0.000511545462115895,0,0.0023792812191437,0.00191532138141068,0.321048311305155,0.00221273153380364,0.000916023269370323,0,0.00198669981798499,0.0128600149894717,0.000642405929168798,0.000178446091435777,0.00102309092423179,0.14123413316837,0.123722623395472,0.000178446091435777,0.00331909730070546,0.0221035225258449,0.00901747582055461,0.000618613116977361,0.00325961527022686,0,0.000297410152392962,0.000297410152392962,0.0010944693608061,0,0.00136808670100763,0.00142756873148622,0.00433029181884153,0.00362840385919414,0.000463959837733021,0.002831344650781,0,0.000594820304785924,0.000178446091435777,0.0108852115775824,0.00256962371667519,0.00172497888387918,0.00290272308735531,0.00206997466065502,0.0015465327924434,0.000511545462115895,0,0.000820852020604575,0.0218536979978349,0,0.00255772731057947,0.00139187951319906,0.000725680771838827,0.00015465327924434,0.000475856243828739,0.00726870412448399
0.0320324261323824,0.00231020583725883,0,0.00187487425681441,0.000357284085942432,0.0066912718619704,0.00471233427915334,0.00026883025884018,0.00447992618441409,0.0552073288331726,0.00029137731280742,0.0032172911622486,0.00193384347488258,0.000582754625614841,0.000686817951617491,0.00198587513788391,0.00120886897039745,0.00231367461479225,0.000931366767723719,0.00149851189443816,0.00762263862969412,0.00123661919066483,0.00209167285265327,0.00629756561192705,0.000142219878870289,0.000544598072747202,0.00342368342548719,0.0400973338975878,2.25470539672409e-05,0.000783943722553298,0.000511644686179697,0.000100594548469228,0.0016650132160424,0.00316005633294714,0.000482160077145612,0.00343235536932074,0.000412784526477179,0.000277502202673734,0.0101114865099242,0.374310580465232,0.0131900265708359,0.00101288303975913,0.000496035187279299,0.000306986811707818,0.0123800670167819,0.000667739675183672,0.0962637797187515,0.000383299917443095,0.00031218997800795,0.00314097805651332,0.00416947059517285,0.000161298155304108,0.000797818832686984,0.00175693582067808,0.0760581505865703,0.0082903783048778,0,0.00186446792421415,5.20316630013251e-05,0.0256828288574541,0.0236119686700013,0.0019043588658485,0.00904657180716372,0.000499503964812721,0.000919226046356743,0.00403245388260269,0.000280970980207155,0.000801287610220406,0.00321382238471518,0.00134935446050103,0.0292730136045455,0.00553096577704086,0.00178295165217874,9.01882158689634e-05,0.00103022692742624,0.00331094815565099,0.0136236237625136,0.00582754625614841,0.01557654551383,0.00359712230215827,0.00111694636576178,0.0150579632725835,0.000117938436136337,0.000478691299612191,0.00139097979090209,0.00123661919066483,0.000209861040772011,0.0134640599959762,0.00119152508273034,0.00213156379428762,0.000756193502285924,0.0015852313327737,0.00966054543057935
0.0130335816330575,0.000330836551235726,0,0,4.13545689044658e-05,0.000360129370876389,0.000158525847467119,0,0,0.0127802848985176,0.000441115401647635,0.00224693157714264,0.0060877371641449,0.00032049790900961,0.000155079633391747,0.0015955971168973,0.000120617492638025,0.00404068600337384,0.00126303745862389,0.000790906130297908,0.00116137414340041,0.000294651303444319,0.000211942165635387,0.00217111486748445,7.23704955828151e-05,0.000415268796082344,0.00525203025086715,0.0400984238739926,6.8924281507443e-05,0.013645284631436,0.000959770619991143,2.58466055652911e-05,0.000391145297554739,0.223137192059234,0.000267081590841341,0.000112001957449595,0.000129233027826456,0.000112001957449595,0.000112001957449595,0.0127113606170102,0.0017816926769674,0.00324805676603825,0,0,0.000389422190517053,0,0.000344621407537215,0.183369604736477,0.00379600480402242,0.000690965922112116,0.00115275860821198,2.06772844522329e-05,2.2400391489919e-05,0.000151633419316375,0.310752015604457,0.0011131271463452,0,0.000167141382655549,0,0.00130439202752836,0.000327390337160354,0.000187818667107782,0.000430776759421519,0.00969592330105954,0.00367021799027134,0.00981481768665988,0.00349618417946504,0.000177480024881666,0.000253296734539853,0.000380806655328622,0.00272078601250631,0.00141639398497795,0.000206772844522329,0.00395453065148954,6.72011744697569e-05,0.0385734741456405,0.0150806327938285,0.00690793611408347,0.000248127413426795,0.0167365386570448,6.8924281507443e-05,5.16932111305822e-05,7.40936026205012e-05,0.000449730936836065,0.0153235908861423,0.000508316576117392,0.000299820624557377,0.00047385443536367,0.000870169054031467,0.00100284829593329,0.00154390390576672,6.54780674320708e-05,0.0115000163695169
0.00247814532185981,0.000327570933349285,0,0,3.70297576829626e-05,0.000259208303780738,0.000111089273048888,0.000182300345516124,3.41813147842732e-05,0.00415302974628919,0.000572537022636576,0.00124476954672728,0.0295269590878146,0.000797564011633041,0.000213633217401707,0.00142137300644603,0.00135301037687748,0.00060386989452216,0.000638051209306433,0.00182300345516124,0.00124192110382859,0.000373146019728316,0.000985561242946543,0.00103113632932557,0,0.000427266434803415,0.0038539432419268,0.0791183499539976,0,0.00156949203717788,0.000227875431895155,7.97564011633041e-05,0.000461447749587688,0.121093004509085,0,7.97564011633041e-05,0,3.70297576829626e-05,8.54532869606829e-05,0.0119663086173943,0.00239269203489912,0.000686474738584153,0,0,0.000244966089287291,0,0.000153815916529229,0.0043666629636909,0.0609452842603591,0.000438660206398173,0.000475689964081135,0.000113937715947577,7.97564011633041e-05,0.000880168855695034,0.404387741441141,0.00123622421803121,0,0.000310480275957148,0,0.00216481660300397,0.000333267819146664,3.41813147842732e-05,3.41813147842732e-05,0.0449199445123323,0.000572537022636576,0.0749653202077085,0.0188766310896149,0,0.000233572317692533,0.000173755016820055,0.00144131210673685,0.000766231139747457,0.000806109340329109,0.0188082684600463,0,0.00942549755176333,0.0586978628132931,0.00757970655341258,0,0.00728346849194888,0,7.12110724672358e-05,7.69079582646147e-05,0.00015096747363054,0.00100834878613606,8.54532869606829e-05,0.000555446365244439,0.000111089273048888,0.000526961936257545,0.00227875431895155,0.000310480275957148,7.12110724672358e-05,0.00251517507954277
0.0672226891661818,0.00048849521921223,1.86777583816441e-05,0,0.000166663074790055,0.00042671494148833,0.00131031658800457,0.000120687054158316,0.000156605820276862,0.343439437368448,0.000133617809960992,0.00028735012894837,0.00366084064280224,0.00125428331285964,0.000261488617343017,0.000683893306897122,0.00198702614167798,0.00325998721291926,0.000841935877818725,0.000801706859765953,0.00770960395968478,0.000810327363634404,0.00108618348742484,0.0224161835592624,0.000231316853803438,0.0003261423963564,0.0021421952113101,0.0464573320977278,0.000117813552868832,0.0015172086808474,0.0277939412225311,0.00174996228529558,0.00632457633815363,0.0031479206626294,0.000393669676659267,0.000962622931977041,0.00596826217825765,0.000104882797066155,0.000413784185685653,0.0772440249132562,0.00686766808186605,0.012389100809609,0,0.000658031795291768,0.000498552473725423,0.000706881317212991,0.0034568220512489,0.00119250303513574,8.62050386845111e-05,0.124481512611079,0.00315510441585311,7.758453481606e-05,0.000221259599290245,0.000593378016278385,0.0658060530304663,0.0106233342672213,0,0.00128158157510973,2.15512596711278e-05,0.00225857201353419,0.00293240806591812,0.00079883335847647,0.000587631013699417,0.00027154587185621,0.00168818200757168,0.00210914994648104,7.90212854608018e-05,0.000168099825434797,0.0668333297414567,0.00021694934735602,0.00715358146016968,0.000633607034331157,0.00207323118036249,0.000704007815923507,0.000514356730817583,0.0017097332672428,0.0144407807303004,0.000935324669726946,0.000553148998225613,0.00332176749064316,0.000390796175369784,0.00432174593938349,1.72410077369022e-05,0.000290223630237854,0.00120399704029367,0.00131031658800457,0.00025574161476405,0.00242810858961373,0.0003261423963564,0.00036493466376443,0.00556309849644045,0.000293097131527338,0.00769379970259262
0.0115881810650954,0.000517980660808686,0.00387457014150035,0,0.000125287741062029,0.000190736561019805,0.00451970850965557,6.91887525267919e-05,0.000710587188112998,0.0532528998502157,0.000172036898174726,0.000375863223186086,0.00311910376255916,0.000209436223864884,0.0158460942949199,0.00374928240043832,0.0185481955760338,0.000805955468622901,0.000884494052572232,0.000198216426157836,0.00821289192155866,0.000830265030321503,0.00529013461887282,0.0237803612400868,0.00653366219807057,0.00101726165877229,0.00340894853665788,0.0764124322838459,0.00189427584620649,0.000441312043143862,0.000196346459873329,0.00217477078888268,0.00120051835465407,0.00151841262302041,0.0143594710987361,0.000899453782848295,0.000445051975712878,0.00242908620357575,0.000145857370191615,0.0433402085760394,0.00223460970998693,0.000663838031000301,0.00196159463244878,0.00156142184756409,0.00222525987856439,0.00230753839508274,0.00218599058658972,0.000736766716096109,0.000119677842208505,0.00216916089002915,0.268740334611767,2.43095616986026e-05,0.00391570939975952,0.00054977008764532,0.0781664606587143,0.19875310648149,0,0.000964902602806072,0.00105092105189343,0.00526582505717422,0.00138377505053584,0.00676366805106504,0.000461881672273449,0.000719937019535538,0.00050489089681713,0.00248518519211099,0,0.0225779729191483,0.00636349526618035,0.000426352312867799,0.00506386869844737,0.000185126662166281,0.00314902322311129,0.000100978179363426,0.000680667727560872,0.00161565086981482,0.0253773124470566,0.00347252739033115,0.013972388077843,0.00268901151712235,0.00181386729597265,0.000246835549555042,0.000170166931890218,9.34983142253945e-05,0.000473101469980496,0.00214859126089957,0.000297324639236755,0.000888233985141248,0.000669447929853825,0.0022028202831503,0.000375863223186086,0.000222525987856439,0.00551827050558279
0.0120205128205128,0.0121846153846154,0,0,0.000882051282051282,0.000307692307692308,0.000307692307692308,0.0100717948717949,0.180697435897436,0.0281435897435897,0.000923076923076923,0.00203076923076923,0.00176410256410256,0.00313846153846154,0.000307692307692308,0.0391179487179487,0,0.00129230769230769,0,0.0125948717948718,0.0178461538461538,0.00281025641025641,0.00451282051282051,0.000923076923076923,0,0.000882051282051282,0.0116923076923077,0.0305435897435897,0,8e-04,0,0.00590769230769231,0.00110769230769231,0.0229128205128205,0,0.000820512820512821,0,0,0,0.0442666666666667,0.00227692307692308,0.00127179487179487,0,0,0.0850461538461538,0,0.00697435897435898,0,0,0.00157948717948718,0.00194871794871795,0.0329435897435897,0,0.0077948717948718,0.202953846153846,0.0344410256410256,0,0.00336410256410256,0,0.0358974358974359,0.00123076923076923,0,0.000307692307692308,0,0,0.00512820512820513,0,0,0,0.000820512820512821,0.00127179487179487,0.00108717948717949,0.0221333333333333,0,0.0464410256410256,0.00471794871794872,0.0118769230769231,0.00358974358974359,0.000307692307692308,0.0021948717948718,0.00326153846153846,0.00264615384615385,0.000553846153846154,0,0,0.00463589743589744,0.000307692307692308,0.00654358974358974,0.00898461538461539,0.00203076923076923,0.000266666666666667,0.000553846153846154,0.00180512820512821
0.00954729113264109,0.000309553808054916,7.05999913107703e-05,0.0499413476995264,6.51692227484034e-05,0,0.0134954598774819,0,0.00161836903158535,0.0158795672763609,0.00026610765955598,0.000200938436807577,0.00241669201025329,0.000754876830169006,0.00160207672589825,0.000999261415475518,0.110141417213364,0.000358430725116218,0.000488769170613025,0.000385584567928053,0.00132510752921753,0.000716861450232437,0.0140711213450928,0.00905852196202807,0.00497458400312812,8.14615284355042e-05,0.000830907590042143,0.0104596602511187,0.000146630751183908,0.000211799973932311,0.000217230742494678,0.000325846113742017,0.000233523048181779,0.00172698440283269,0.00357887648259982,0.000494199939175392,0.000162923056871008,7.05999913107703e-05,8.14615284355042e-05,0.0223856280140766,0.00272081504974584,0.000282399965243081,0,0.00039101533649042,0.000423599947864622,0.000152061519746274,0.000901507581352913,0.000211799973932311,0,0.000314984576617283,0.0174870747708216,0,0.293190902376504,0.000200938436807577,0.0391232567232915,0.0334698266498675,0,0.000298692270930182,8.14615284355042e-05,0.0188393361428509,0.000434461484989356,0.0209681974192988,0.000200938436807577,6.51692227484034e-05,0.000244384585306513,0.00429573793283226,0,0.000673415301733501,0.000537646087674328,0.00319329191467176,0.00130881522353043,0,8.14615284355042e-05,0,0.000211799973932311,0.000993830646913151,0.00241126124169092,0.000276969196680714,0.262908936872746,0.00163466133727245,0.00605530694703914,0.000162923056871008,0.00234609201894252,6.51692227484034e-05,0.000152061519746274,0.000282399965243081,0.000200938436807577,0.000456184559238824,0.000130338445496807,0.000152061519746274,0.000162923056871008,8.14615284355042e-05,0.00152604596602511
0.0154457540570789,0.0271623181309457,0,0,5.24622271964186e-05,0.00527245383324007,0.000295100027979855,0.00290728175713486,0.00245260912143257,0.00414670187465025,0.00299034695019586,0.00433469152210409,0.00450082190822608,0.0691801902630106,0,0.00404614927252378,0,0.000671079322887521,0.00368765738668159,0.0129669138220481,0.00271054840514829,0.0172578868214885,0.000909345271404589,0.0010732897313934,2.62311135982093e-05,0.00944757274762171,0.0161671096810297,0.0936254022104085,6.55777839955232e-05,0.000146457050923335,3.27888919977616e-05,0.000118040011191942,0.000181431869054281,0.000684194879686626,5.68340794627868e-05,0.00110607862339116,0.000354120033575825,0,0.000880928231673195,0.0196558477895915,0.00142303791270285,0,0,0,0.0492489157806379,0,0.00158698237269166,5.46481533296027e-05,0.000131155567991046,0.000120225937325126,0.0013618319809737,0.000581456351426973,3.27888919977616e-05,0.178037125769446,0.0648782876329043,0.00228429280917739,0,0.000727913402350308,0,0.189539469082261,0.00460137451035255,0,0.00187552462227196,0.000323517067711248,0.000131155567991046,0.00119788752098489,3.27888919977616e-05,7.86933407946279e-05,0.00191924314493565,0.0493057498601007,0.023022174034695,0.00135964605484051,9.83666759932849e-05,0.00366361219921656,0.000944320089535534,0.00130281197537773,0.0436485730274203,0.00583423684946838,0,0.00564187534974818,0.000389094851706771,0.000625174874090655,8.0879266927812e-05,0.00604627168438724,0.000327888919977616,0.000109296306659205,0.00233238318410744,0.00134215864577504,0.00277612618914382,0.0226942851147174,3.27888919977616e-05,0.00131374160604365,0.00232801133184107
0.0025030096691687,0.000311601963435436,3.02388190373803e-05,1.28894804000503e-05,3.1096484083011e-05,0.000459585940880119,0.000419373702597833,3.36939839354926e-05,0.000180452725600704,0.00537878507188409,0.000383596817837237,0.00143399145157898,0.0077756403131193,0.000331818353796731,0.000136221713961748,0.000388301723230412,0.000315449203782979,0.000368648941327673,0.000707426634351808,0.000650698217762233,0.000761140970923881,0.000566549024428065,0.000243576872959125,0.00153688675233907,4.98180867933502e-05,0.000165088268926119,0.00568879422880622,0.0785406765536333,1.66632066008254e-05,0.000729529887813491,0.000159378670193777,0.000158349472139021,0.000203781214841859,0.00941848545566715,0.000117083531086388,0.000184103928223532,0.000164867726485814,2.20297393149148e-05,0.000147248835977,0.00847586256108781,0.00127640162562323,0.000333729721612708,8.08655614451823e-06,8.29729669858749e-05,0.000576350910663845,0.000124925040075012,0.000380484718957377,0.000961712068023522,0.000772952243837995,0.000348310027388431,0.00087151020993876,3.2517757587199e-05,8.67466931866501e-05,0.000322678094881867,0.785524804751327,0.00280042340227784,2.51663429103643e-05,0.000147150817114642,2.49703051856487e-05,0.00285609811609707,0.000574562066425815,0.000126370818294789,0.000322702599597456,0.00142943357447934,0.000178222796482064,0.0062014083742219,0.00029006231843231,6.30506332116527e-05,0.000915030584825622,0.000295257318137273,0.00403303510114272,0.0005365062431154,0.00067485986733343,0.000762292692556585,9.59359615326935e-05,0.0039861820849357,0.0297187309537098,0.00817786071480451,0.00114669816600827,0.00736339748275799,5.22440536367056e-05,0.000155433410983876,1.76433952244034e-05,0.000189029376057011,0.000450788747983507,0.000170601829933745,0.000184496003672963,0.000300158261255163,0.00119492344628831,0.000634941685638218,0.000133624214109266,4.582381815227e-05,0.00281826283522696
0.00578669716054543,0.000453368787870976,0.000467187766164816,0,0.000205690176912155,0.00033883071778165,0.00194847593943142,2.52462103445151e-05,0.000728951105000052,0.0452202147203477,0.000143504774589875,0.000273190570885911,0.0015381585839374,0.00019638894152207,0.00329795231974139,0.00312122884732979,0.00337555119785296,0.000436095065003677,0.000253259352192873,0.000142707525842154,0.00899190287596856,0.000619993776144776,0.00223601698777632,0.0324886837184001,0.00103217137871681,0.000122776307149116,0.00236995477739353,0.0381058326452634,0.000670486196833806,0.000435297816255955,0.000245818363880805,0.00614439609868983,0.00224877296773986,0.00159874948876424,0.00157483202633259,0.000576942343767813,0.00211244343187948,0.000736657842894693,0.000122244807983968,0.0320664076316902,0.00190117251373327,0.000761904053239208,0.00182942012643834,0.00164126942197606,0.00070875413672444,0.00239599823648577,0.000828341448882669,0.000682444928049629,9.38096026485666e-05,0.00120544010655495,0.0176933414581839,7.7864627694136e-05,0.000941019271893979,8.71658630842206e-05,0.0579456334818962,0.634756962705501,0.0105154452328644,0.000434500567508234,0.0025267470311121,0.00214513063053606,0.00136861035025529,0.00165615139860019,0.000336970470703633,0.000192668447366036,0.000102047839708356,0.00104492735868035,5.04924206890302e-05,0.00333489151171916,0.00386107568521537,0.000189745201957724,0.00263676735829767,0.000313053008271987,0.011415539069042,5.71361602533763e-05,0.000167422237021521,0.000521932180175028,0.0103352670158793,0.00131280293791479,0.00627753663955932,0.00255783973227324,0.000404736614259963,0.00051581993977583,9.77958463871743e-05,9.1417856405402e-05,0.000382945148488908,0.00262321412958641,5.12896694367517e-05,0.000786618764418576,0.000566578110047434,0.000401016120103929,0.000144036273755023,0.0001148038196719,0.00446140399224968
0.00483645297403298,0.000815256309973669,0.000991527944562571,0,0.000462713040795866,0.00130000330509315,0.000440679086472254,0.000264407451883352,0,0.0276305787218103,0.00674239002302548,0.00234661613546475,0.000815256309973669,0.000264407451883352,0.00143220703103482,0.00228051427249391,0.00214831054655224,0,0.00130000330509315,0.000264407451883352,0.0320924544723419,0.0072932388811158,0.00198305588912514,0.0197093721424715,0.00033050931485419,0.000396611177825028,0.0136830856349635,0.0244136213905629,0,0,0.000275424429045159,0.00112373167050425,0.00244576892992101,0.000286441406206965,0.00168559750575637,0.00229153124965572,0.00258898963302449,0.000804239332811863,0.000297458383368771,0.0359924643876213,0.00149830889400566,0.000407628154986835,0.000297458383368771,0.00110169771618063,0.00232458218114114,0.00245678590708281,0.00316187244543842,0.000297458383368771,0,0.00146525796252024,0.0125813879187828,0,0.000297458383368771,0,0.0205686963610924,0.373332305082132,0.327677951723606,0.00118983353347509,0.0033050931485419,0.00164152959710914,0.00214831054655224,0.000165254657427095,0.000826273287135476,0.00057288281241393,0,0.000947460035915345,0,0.00105762980753341,0.000440679086472254,0.000407628154986835,0.0017296654144036,0.00057288281241393,0.00120085051063689,0,0.000264407451883352,0.000165254657427095,0.00719408608665954,0.00126695237360773,0.000473730017957673,0.00161949564278553,0.000429662109310447,0.00192797100331611,0,0,0.000264407451883352,0.00459407947647324,0.000132203725941676,0.00239068404411198,0.00970595687955139,0.000264407451883352,0.000771188401326444,0.00101356189888618,0.00181780123169805
0.00324976787372331,0.00583343425780146,0.00121109361753664,0,0.00292680957571354,0.0116870534092285,0.00211941383068911,0.00187719510718179,0.0034314319163538,0.066246820879254,0.00131201808566469,0.00197811957530984,0.00730693149247104,0.00165516127730007,0.000746841064147592,0.00748859553510153,0,0.000989059787654919,0.00125146340478786,0.000504622340640265,0.0993298615316297,0.00104961446853175,0.00559121553429414,0.0118889023454846,0.000242218723507327,0,0.00765007468410641,0.197912881999112,0,0.000544992127891486,0.000504622340640265,0.000302773404384159,0.000989059787654919,0,0,0.026381655968673,0.00111016914940858,0.000807395745024424,0.00561140042791974,0.0602922772596989,0.00377457510798918,0,0,0,0.0149166363893262,0.000565177021517097,0.0122926002179969,0,0.000302773404384159,0.00117072383028541,0.000242218723507327,0.000807395745024424,0,0.00149368212829518,0.0848371079084413,0.0100924468128053,0,0.0976747002543297,0,0.0109200274514553,0.00314884340559525,0,0.00599491340680635,0.000605546808768318,0.000544992127891486,0.00147349723466957,0,0.000262403617132938,0.0144523838359372,0.00131201808566469,0.0181260344757983,0.00385531468249162,0,0.000302773404384159,0.0145331234104396,0.000242218723507327,0.0534294134269912,0.00369383553348674,0.000262403617132938,0.00379476000161479,0.00139275766016713,0.0100117072383029,0.000302773404384159,0.00230107787331961,0.000242218723507327,0.00740785596059909,0,0.0553671632150499,0.00100924468128053,0.00486455936377215,0,0.00506640830002826,0.00488474425739776
0.00779952132901591,0.000337885400534985,0.00658876531043221,0,0.000788399267914965,0,0.00360411093903984,0,0,0.0466563423905392,0,0,0.000337885400534985,0,0.00152048430240743,0.00174574123609742,0.00278755455441363,0,0,0,0.0230325214698015,0,0.00999577643249331,0.0266929466422638,0.00152048430240743,0.00180205546951992,0.00067577080106997,0.0252287765732789,0.00391383922286358,0.000337885400534985,0,0.00853160636350838,0.00534985217513727,0,0.0023088835703224,0.00180205546951992,0.00188652681965367,0.00354779670561735,0,0.0346050964381247,0.00315359707165986,0,0.000760242151203717,0.00290018302125862,0,0.0238490778544277,0.0023651978037449,0,0,0.00188652681965367,0.0390257637617908,0,0,0,0.0731521892158243,0.388399267914966,0.000844713501337463,0.000760242151203717,0.173504153174715,0.000337885400534985,0,0.00264676897085738,0,0.00067577080106997,0,0.00185836970294242,0,0.00523722370829227,0.00844713501337463,0.000422356750668732,0,0,0.00881317753062087,0,0.000788399267914965,0.000422356750668732,0.00425172462339856,0.00228072645361115,0,0.0010981275517387,0.00163311276925243,0.00278755455441363,0,0,0.000703927917781219,0.0172884696607067,0,0.00137969871885119,0,0,0,0.000844713501337463,0.00408278192313107
0.00245090755209226,0.0111292895009765,0,0,4.36890972079873e-05,0.006776128175683,0.000159261999705861,0.000655844470878042,0.000841777140391104,0.00409153475480383,0.00261575769213868,0.003429594130827,0.00160938441808028,0.0108602967454925,8.56001497621611e-05,0.00129035240591032,0.000218445486039936,0.00017805847176046,0.00746016735464295,0.0161624259031641,0.00128451025919065,0.00539966760725229,0.000414792417096763,0.00115471299946227,2.94647399774798e-05,0.00398180399902563,0.0176801140183835,0.0716729799952196,1.01602551646482e-05,0.000282709099956336,4.16570461750576e-05,2.28605741204585e-05,0.000194314880023897,0.000967256291674509,9.906248785532e-06,0.000703597670151888,6.09615309878892e-05,3.02267591148284e-05,0.000528587274940823,0.0117739576911735,0.00145799661612702,8.68701816577421e-05,0,1.75264401590182e-05,0.0096522424064158,2.56546442907367e-05,0.000646700241229858,0.000246640194121835,9.47443794103445e-05,0.000328938260955486,0.000430286806222851,0.000238257983611,3.40368548015715e-05,0.00941830253124977,0.0445854857198884,0.000934743475147635,0,0.000359927039207663,3.81009568674308e-06,0.601354006404517,0.00332519750901024,8.86482263115556e-05,0.00231907824133095,0.00036145107748236,0.000114048864223176,0.00085473146572603,4.03870142794766e-05,3.73389377300822e-05,0.000470165807744096,0.0251275810540706,0.0430263945648731,0.00166704386613965,0.000399806040728907,0.000571514353011461,0.000570498327494997,0.000731792378233787,0.012297464838532,0.00346236095373299,0.000215143403111426,0.00419364531920855,0.000133099342656891,0.000194060873644781,5.25793204770545e-05,0.016975246316336,0.00024232208567686,0.000243338111193325,0.00128349423367418,0.000980464623388552,0.00199496610157868,0.0195816057724474,0.000163072095392604,0.00047118183326056,0.00159134996516303
0.0285356784770772,0.00137146104312999,0.000581914745391809,0,0.000125671729051752,0.0120439960331446,0.00210773345572667,0.000433021066406581,0.0021514453614838,0.0385252149396366,0.000513614892646292,0.00649258400198889,0.00349831845762541,0.00086057814459352,0.000308715334409739,0.00152308671622504,0.000767690344859616,0.00363218616900662,0.00466624593957376,0.000729442427322127,0.00401876333554625,0.000330571287288305,0.00031144732851956,0.00767280545743143,0.000284127387421353,0.000543666827854319,0.00488207347424959,0.0666442643149661,5.73718763062347e-05,0.0027975619684564,0.00170066633336339,0.00143702890176569,0.000870140123977893,0.0016105105277393,0.000107913767337918,0.00176350219788926,0.000565522780732885,0.000278663399201711,0.00359120625735931,0.295238407465994,0.0437692776334374,0.00154904066026834,0,7.37638409651589e-05,0.00560468591629716,0.00109962762920283,0.0165231003761956,0.00159002057191565,0.000215827534675835,0.00260495638371404,0.00200118568544366,0.000199435570016911,0.000208997549401284,0.00132774913737286,0.0921105474096598,0.0117967505662058,0.00152855070444468,0.00132638314031795,2.04899558236552e-05,0.0185406780262982,0.0875071373346119,0.000229487505224939,0.028934549617111,0.000901558056240831,0.0013728270401849,0.00175667221261471,3.41499263727587e-05,0.000142063693710676,0.0034969524605705,0.000438485054626222,0.0903456792147156,0.0106315550783673,0.00165832042466116,5.4639882196414e-05,0.000751298380200692,0.00305983340299918,0.010269565858816,0.00610327484133944,0.00234405094622616,0.00838995391125937,1.77579617138345e-05,0.00313223124690943,5.05418910316829e-05,0.000932975988503769,0.00229214305813957,0.0009370739796685,0.000377015187155256,0.00536836842579767,0.00168017637753973,0.00222930719361369,0.00166378441288081,0.000725344436157396,0.0165053424144818
0.00476658985578541,0.000204541335473682,0.00069906532377081,0.0212438184501463,0.000245967428734174,0,0.0701939258990757,0,6.47282707195195e-05,0.0117494757010072,0,0.000108743494808793,0.000787095771949357,0.000370245708515651,0.000945032752504984,0.00177614374854361,0.039730212567641,3.36587007741501e-05,0.0010770784247728,6.9906532377081e-05,0.00267716127695932,0.000144991326411724,0.0133133107215908,0.00272635476270616,0.00177096548688605,3.36587007741501e-05,0.00323123527431841,0.00824120342800922,0.000106154363980012,0,0.000196773942987339,0,0.000240789167076612,0.00010097610232245,0.0109830929756881,3.36587007741501e-05,3.88369624317117e-05,0.00156642415141237,0,0.00835512518447557,0.000437563110063952,0.000554073997359086,0,0.000106154363980012,0.000869947958470342,0.00222406338192269,0.000274447867850762,6.21391398907387e-05,0,0.000504880511612252,0.0139942521295601,6.9906532377081e-05,0.0121274888020092,0.000144991326411724,0.0139113999430391,0.021683970691039,0,0.000103565233151231,7.76739248634233e-05,0.000243378297905393,0.000603267483105921,0.213362504207338,3.36587007741501e-05,3.10695699453693e-05,0.00010097610232245,0.0001346348030966,0,0.0009968153690806,0.000670584884654222,0,0.000776739248634233,3.10695699453693e-05,0.00296973306061155,3.36587007741501e-05,0.000168293503870751,0.00119358931206794,0.0072469771897574,0.00135152629262357,0.485231597752634,0.000906195790073272,0.00536467907723377,0.000302928306967351,0.00129715454521917,0,0,0.000978691453279134,3.88369624317117e-05,0,6.9906532377081e-05,0.000243378297905393,0,0.00010097610232245,0.000543717474043963
0.0110374177171086,0.00867314560183169,0,0,8.39938777795752e-05,0.0467690355014123,0.00118524694200067,0.000472854423055386,0.00115724898274081,0.0170165374612695,0.0015834401403631,0.00812562995408335,0.0027313564700173,0.00328820477085226,3.73306123464779e-05,0.00126924081978025,0.000307977551858442,0.00143411769097719,0.00622799049313739,0.00253848163956049,0.00390415987456914,0.00102970272389035,0.00121324490126053,0.00175142789592225,0.000152433333748118,0.00087726939014223,0.0176667122929706,0.0583010838321118,7.46612246929557e-05,0.000628398641165711,0.00136878911937085,9.33265308661946e-05,0.000647063947338949,0.00367084354740366,0.000161765986834737,0.00341264014534052,0.000939487077386359,0,0.00955663676069833,0.123825641153267,0.01603038711845,0.000360862586015953,0,0.000161765986834737,0.00485920137376653,4.04414967086843e-05,0.0133363612607792,0.000640842178614537,0.000373306123464779,0.000643953062976743,0.000989261227181663,0.000301755783134029,7.77721090551622e-05,0.00301444694697809,0.0677177307965108,0.000911489118126501,0,0.00166432313378047,0,0.0405659320831726,0.0400090837823376,8.08829934173687e-05,0.19051678011025,4.04414967086843e-05,0.000304866667496236,0.00145589388151264,0.000111991837039434,4.04414967086843e-05,0.00640842178614537,0.00357129524781305,0.186478852208106,0.0146367109241815,0,4.66632654330973e-05,0.000342197279842714,0.00223050408770205,0.00914600002488707,0.0072888020606498,0.00271269116384406,0.0065204136231848,8.71047621417817e-05,0.00224916939387529,8.71047621417817e-05,0.00319487823998606,0.000423080273260082,0.000665729253512188,0.000161765986834737,0.00586712790712144,0.000945708846110772,0.00477520749598696,0.000746612246929557,0.0020594054477807,0.0118898000323532
0.00262905879367782,9.98583975182733e-05,2.12812978317632e-05,0,4.41996185736619e-05,0.00028811603218387,0.000171887405564241,2.45553436520344e-05,0,0.00464914506478518,0.000126050764080443,0.00064007595786303,0.040591620079723,0.000150606107732478,4.58366414837976e-05,0.000605698476750182,0.000271745803082514,0.000304486261285227,0.000234094276149395,0.000694097713897506,0.0010198652730145,0.000779222905224559,0.000579506110188012,0.000934740081687443,0.00010476946624868,0.000291390078004142,0.00287788627601843,0.154898381802853,0.000137509924451393,0.000476373666849468,0.000127687786990579,2.12812978317632e-05,0.000383063360971737,0.0320627307179164,0,0.000137509924451393,1.96442749216275e-05,0,2.45553436520344e-05,0.00667741645044322,0.000880718325652968,0.000754667561572524,0,2.45553436520344e-05,4.09255727533907e-05,4.91106873040688e-05,0.000446907254467026,0.00331006032429424,0.0155468065775581,0.000165339313923698,0.00140783970271664,8.51251913270526e-05,0,0.000242279390700073,0.2305419364344,0.0077283851587503,0,4.91106873040688e-05,0,0.00123758932006253,0.000360145040229838,0.000212812978317632,3.92885498432551e-05,0.199428679004363,0.000129324809900715,0.114981215162106,0.00834390577296129,2.45553436520344e-05,0.000112954580799358,0.000134235878631121,0.003946862236337,0.000502566033411638,0.0031889206289442,0.0423874342121418,1.96442749216275e-05,0.00314472101037054,0.0911969093007457,0.00427590384127426,3.92885498432551e-05,0.00527612483936713,4.09255727533907e-05,0.00011622862661963,4.09255727533907e-05,0.000257012596891293,0.000340500765308211,4.09255727533907e-05,0.000189894657575733,0.000147332061912206,0.00170250382654105,0.00134563283213149,0.000219361069958174,0,0.00215595917264862
0.214948180113898,0.000258215132114181,0,0,0,0.000364330939832337,0.00139719146828906,4.24463230872626e-05,9.55042269463408e-05,0.0278447879452442,0.000403240069328994,0.000955042269463408,0.00256800254677939,0.000173322485939655,4.24463230872626e-05,0.000498744296275335,0.00165540660040324,0.0448763750840084,0.00048813271550352,0.00175091082734958,0.00177920837607442,0.000530579038590782,0.000470446747550493,0.00852817374694917,9.55042269463408e-05,0.000279438293657812,0.0194439531675569,0.0380885005836369,0.000268826712885996,0.0176895051466167,0.0095681086625871,0.000159173711577235,0.00188532418379258,0.0237310317993704,0.000565950974496834,0.000654380814261965,0.000275901100067207,0,0.000145024937214814,0.0988468748894627,0.0173570089490998,0.00336033391107495,0,0.000173322485939655,0.00231686180184642,0,0.00199497718510134,0.0148703618549043,0.00057656255526865,0.00824166106611015,0.00207279544409466,9.9041420536946e-05,4.59835166778678e-05,0.000229917583389339,0.143143150224612,0.00293233348661172,0,0.000282975487248417,0,0.00826642142124439,0.00377772275476637,8.84298397651303e-05,0.000955042269463408,0.000597785716812281,0.113579286194333,0.00410314456510205,0.000491669909094125,0.000573025361678045,0.00749177602490184,0.000272363906476601,0.00524212090127693,0.00170492731067171,0.00091613313996675,0.00608751016943157,0.000130876162852393,0.00743518092745216,0.0125711860210109,0.00307735842382654,0.000286512680839022,0.00657210569134449,0.000191008453892682,0.000481058328322309,0.000183934066711471,0.000240529164161155,0.0360369283010859,0.00103286052845672,0.000321884616745074,0.000311273035973259,0.00385200382016908,0.00140780304906088,0.0367479042127976,0.000106115807718156,0.0158006437692335
0.00231689132987165,0.000185804162412817,0,0,7.99157687797062e-06,0.000276375367029817,0.000167157149697552,0.000121205582649221,9.98947109746327e-06,0.0058112083197643,0.000893724680853047,0.00155835749120427,0.0591802906403318,0.000516788638108767,0.000219768364144192,0.000515456708629105,0.000262390107493369,0.000492813907474855,0.0007072545537004,0.00251135303390227,0.000548088980880818,0.000498141625393502,0.000522782320767245,0.00183606478771375,0.000121205582649221,0.000367612536386648,0.00558411434348197,0.148338318079411,0,0.000715912095318201,0.000638660185497819,2.86364838127281e-05,0.000193795739290787,0.0130042934746777,4.26217433491766e-05,0.000447528305166355,5.52750734059634e-05,4.39536728288384e-05,8.52434866983533e-05,0.00903780748424494,0.00119074495481762,0.00097830220281157,0,3.39642017313751e-05,0.000373606219045126,0.000273045543330663,0.000420223750833288,0.00122737301550832,0.00711916306879216,0.000482824436377392,0.00103157938199804,1.59831537559412e-05,6.65964739830885e-05,0.000390921302280729,0.388292739452617,0.00227759941022163,0,0.000305677815582376,0,0.00151839960681442,0.000503469343312149,0.000138520665884824,0.000307675709801869,0.0287163995815078,0.00026372203697303,0.162566654745898,0.00248471444430903,8.65754161780151e-06,0.000635330361798664,0.000195127668770449,0.00380132673495469,0.000566735993596083,0.000119873653169559,0.00930286145069763,7.92498040398753e-05,0.00342772051590956,0.0993719286538655,0.00886132682818976,4.79494612678237e-05,0.00436939465803044,8.65754161780151e-06,5.26112144466399e-05,7.99157687797062e-06,0.000155835749120427,0.000621345102262216,0.000155169784380596,0.000154503819640765,0.000608025807465598,0.00363616747947663,0.00167290342645518,9.98947109746327e-05,3.52961312110369e-05,0.00315933672575772
0.000851842503785967,0.000189298334174659,0,0,5.40852383356169e-05,0.000324511430013702,0.000734657820725463,0,0.000121691786255138,0.0101860532198745,0,0.000833814091007428,0.0230718612533353,0.000117184683060503,5.85923415302517e-05,0.000292961707651258,0.000301975914040528,0.000585923415302517,0.00018028412778539,0.00079775726545035,0.000477752938631283,0.000270426191678085,0.000112677579865869,0.000950998774067931,0.000112677579865869,0.000301975914040528,0.00338483449917069,0.118460193264585,0,0.00112677579865869,0.000405639287517127,0.000121691786255138,0.0005318381769669,0.16837185404197,0,0.000653529963222038,0,0.000279440398067354,0.000112677579865869,0.0100373188144516,0.00219495925578712,0.000748179130309368,0,0,0.000229862262926372,0,0.000527331073772265,0.0098074565515252,0.0434169250739165,0.000297468810845893,0.000315497223624432,0,0,5.85923415302517e-05,0.253844559025023,0.000671558376000577,0,0.00035155404918151,0,0.00121241075935675,0.000405639287517127,5.40852383356169e-05,0.000369582461960049,0.0527601499963943,0.000464231629047379,0.0514395687603663,0.0752460878344271,0,5.40852383356169e-05,0,0.00146480853825629,0.000545359486550804,0,0.0600256003461455,0,0.00626938054373693,0.0740922694166006,0.00252848489219009,5.40852383356169e-05,0.00281693949664672,0.000166762818201486,0.000202819643758563,0,5.85923415302517e-05,0.00148283695103483,0.000288454604456624,0.000202819643758563,0.000707615201557655,0.00114931131463186,0.00156396480853826,0.00161354294367924,0,0.00588176966899834
0.00633502756593076,0.000181000787598022,0.00244595658916245,0.00786130447756813,5.87029581398989e-05,0.000694651671322137,0.0156687979101747,0,0.00318463547908952,0.0738776728190628,5.87029581398989e-05,0.00080716567442361,0.00222092858295951,7.33786976748737e-05,0.0730705071446392,0.00224049623567281,0.0127091904372881,0.000856084806206859,0.000176108874419697,6.35948713182238e-05,0.0040847475039013,0,0.00587029581398989,0.0189463797396524,0.00322377078451612,0,0.00135995186357433,0.0328540889056301,0.00373742166824023,0.000254379485272895,0,0.00240682128373586,0.00419236959382445,0.000122297829458123,0.00707370645585782,0.000176108874419697,0.00118384298915463,0.00122297829458123,5.87029581398989e-05,0.0300901579598765,0.00217690136435459,0.000195676527132996,0.0130907596651975,0.00295960747288657,0.00435380272870917,0,0.00105665324651818,0.000205460353489646,0.000200568440311321,0.000684867844965487,0.146277987858271,0.000117405916279798,0.00270033607443535,0,0.070086440105861,0.198386647033788,0.00547405084654558,0.000185892700776347,0.00225028006202946,0.00216711753799794,0.000993058375199957,0.00662365044345193,0.0011006804651231,0.000342433922482744,7.33786976748737e-05,0.00165835856745214,0.000132081655814773,0.169108546661514,0.00100284220155661,0.000264163311629545,0.00101751794109158,0.000181000787598022,0.0179092941458475,0.000127189742636448,6.35948713182238e-05,0.000792489934888636,0.00722535576438589,0.00159965560931225,0.00907449894579271,0.00154584456435067,0.000777814195353661,0,0,0,0.000190784613954672,0.000631056800003914,0,0.0012767893395428,0.000337542009304419,0.000425596446514267,0,5.87029581398989e-05,0.00345369070389739
0.0299863522495569,0.000309589802111918,1.11796317429304e-05,0,0.000168554447816489,0.00127103813200393,0.000656158386142761,3.35388952287912e-05,0.000551241842093721,0.203677410866086,0.000153074957710893,0.000282930680263392,0.00180078068228433,0.000232192351583939,0.000804933485490988,0.00149721068188014,0.00130887688559539,0.00162964631945024,0.000275190935210594,0.000682817507991287,0.00793753853748058,0.000208973116425545,0.00118848085144075,0.0400437209598316,0.000307869858766852,0.000202953314717813,0.00114204238112397,0.033299823103827,0.000977787791670143,0.00127189810367646,0.00889812689570006,0.00240706071142017,0.0143899059964965,0.000847932069117643,0.000335388952287912,0.000700876913114482,0.0155482878393986,9.02970256159762e-05,0.000321629405527382,0.0546838787130352,0.00410722470801812,0.0194112805924173,0.00056758130387185,0.00147313147504921,0.000789453995385392,5.93380454047844e-05,0.000936509151388553,0.00041794623285109,6.36379037674499e-05,0.0231375378495032,0.00358350195944546,0.000105776515721572,0.0001246958925173,0.000326789235562581,0.0609599519791818,0.0143426075545072,0,0.000749035326776336,0,0.00480896159280513,0.00288864484803871,0.000314749632147117,0.000396446941037762,0.000154794901055959,0.0011429023527965,0.00122201974666954,8.94370539434431e-05,0.000422246091213755,0.383038262719626,0.000495343683379069,0.00479864193273474,0.000149635071020761,0.008844808652003,7.73974505279796e-05,0.000145335212658095,0.00086083164420564,0.00821272947269117,0.000937369123061086,0.00133381606409885,0.00371507762534302,7.82574222005127e-05,0.00178272127716113,5.84780737322513e-05,0.000537482295333192,0.000601980170773175,0.000676797706283555,4.47185269717216e-05,0.000805793457163521,0.000308729830439385,0.00113344266439863,0.00168382453481982,0.000159094759418625,0.00678603646795874
0.00356754072136222,0.0198026663432635,0,0.000714663155432739,7.79632533199352e-05,0.0050344048949373,0.000280090206371619,0.001114585769685,0.00132681907038927,0.0121449423505055,0.0022104026080152,0.00309109861774039,0.00203281964211979,0.0342792874736152,0.000177582965895408,0.00236777287860544,0.000726213267035693,0.000116944879979903,0.00512391825986019,0.0164791217295137,0.00175561696364891,0.0106520904258237,0.00059194321965136,0.00208768267223382,9.52884207243653e-05,0.00853697623853291,0.0142254062029874,0.0525356826260334,0,0.000404253906103368,7.79632533199352e-05,2.16564592555376e-05,0.000405697670053737,0.00147119546542618,0,0.000707444335680894,0.000353722167840447,0.000215120828605006,0.000906683760831839,0.0134602113092918,0.000563067940643976,0.000457673172267027,0,0.000297415373776049,0.013214771437729,0.000594830747552098,0.000859039550469656,0.000411472725855214,5.34192661636593e-05,0.00013860133923544,0.00126184969262265,0.000288752790073834,0.000255546219215343,0.0330665257553051,0.0303926749192214,0.00136435693309887,0,0.000457673172267027,0,0.443735075090163,0.0028846403728376,0.000350834639939708,0.00188411195523177,0.000483660923373672,5.9194321965136e-05,0.000727657030986062,5.48630301140285e-05,1.732516740443e-05,0.000573174288296561,0.136515100327157,0.0303349243612066,0.00104672886401765,0.00087058966207261,0.000736319614688277,0.00141344490741142,0.00118388643930272,0.00737763378638646,0.00418980298397133,0.00223927788702258,0.00450887481700292,0.000462004464118135,0.000589055691750622,0,0.0127137853469509,0.000285865262173096,0.000358053459691554,0.00154338366294464,0.00050531738262921,0.00225949058232775,0.0350387073115094,0,0.000687231640375725,0.00151883967578837
0.00285549145208501,0.00215111921831474,0,0,7.12915435267278e-05,0.00974101726551563,0.000115480516787096,0.00016114245582281,0.000334657824158524,0.0100241212875371,0.00137309869577718,0.0149184919658555,0.00280482142941312,0.00275297303412096,8.39590491947001e-05,0.000614521321474191,0.000330238926832487,0.00041655472126774,0.0365690267113506,0.00493590831318316,0.00112593503867419,0.00157843012486036,0.0006115753899235,0.00242833137723478,5.03754295168201e-05,0.000829574324674651,0.0307799766210872,0.125018853961924,3.68241443836404e-05,0.000760344933233407,0.000204153056462902,0.000143761459673732,0.000258063603840552,0.00326173541292533,2.68079771112902e-05,0.000779788081467969,0.000148180356999769,5.86240378587555e-05,0.00103873546477373,0.0257023690003158,0.00260125755926036,0.000697007404893546,0,2.00323345447004e-05,0.00344644532115367,2.47458250258064e-05,0.00124171014861635,0.000435703276347233,0.000186182874003686,0.00055766484254585,0.00077271784574631,8.92617259859444e-05,1.9148555079493e-05,0.00218322987221727,0.0841316807835707,0.00228132939285529,0,0.000496978652601611,0,0.0852116592900541,0.00760020880762831,0.000110177839995852,0.00996873777438406,0.000725288347780182,9.48589959322577e-05,0.00145322803395599,0.000179407231437096,2.29782660953916e-05,0.000906463138147692,0.00430518436818017,0.433871201515859,0.00596639516961495,0.000897919936650688,0.000258358196995621,0.000184120721918202,0.00128766668080714,0.0233232346799776,0.00922871976885043,0.000119310227802995,0.00802177161253223,0.000202090904377419,0.000450727527255759,3.97700759343316e-05,0.00340755902468455,0.000509056971959445,0.000512592089820275,0.000663718378370735,0.000868755214298845,0.00549003803786818,0.00512150200087671,0.000118131855182718,0.000373838713782717,0.00422387665738109
0.011600906631301,0.00258542412276952,6.46933650022758e-05,0,0.000134007684647571,0.00697071007899522,6.00724103592561e-05,2.77257278581182e-05,6.93143196452955e-05,0.022055816511133,0.000628449831450679,0.0244656443574678,0.00395553717442486,0.00175596276434749,3.00362051796281e-05,0.000293430619831751,0.000815598494492977,0.00307986626957263,0.0184815080947573,0.00313993867993189,0.00223423156990003,0.00108823481843114,0.00047133737358801,0.00270325846616653,3.00362051796281e-05,0.000494442146803108,0.0092188045128243,0.0624452705684467,0,0.00510846535785828,0.000281878233224202,0.00113213388753983,0.00112982341021832,0.00221112679668493,0.00015480198054116,0.00103509384003641,0.00015711245786267,0,0.000792493721277879,0.0877149610338,0.022508670066149,0.00061458696752162,0,0.00015711245786267,0.00204939338417924,3.00362051796281e-05,0.00461633368837668,0.00124765775361532,0.000443611645729891,0.00156650362398368,0.000993505248249236,0,5.54514557162364e-05,0.00120375868450663,0.14352454073487,0.00909634921478428,0,0.000658486036630307,3.46571598226478e-05,0.0285621206485048,0.0245141643812195,3.00362051796281e-05,0.0192878646799642,0.000385849712692145,0.000189459140363808,0.00253459362169631,0.000443611645729891,3.00362051796281e-05,0.00101198906682131,0.0018067932654207,0.273516615797658,0.0534505823558089,0.00444997932122797,0.000131697207326061,6.2382887680766e-05,0.00440608025211929,0.0108061024327016,0.0154155046891137,0.000589171716985012,0.023347373333857,6.46933650022758e-05,0.00243755357419289,3.00362051796281e-05,0.00211408674918151,0.00213257056775359,0.000995815725570746,0.000358123984834027,0.00265473844241482,0.00108130338646661,0.00477113566891784,0.00198932097381998,0.000418196395193283,0.048561612343494
0.00771922188368433,6.52894498945324e-05,0.000371647637861185,0,2.26001941942612e-05,0.000724880302675193,0.000802725416010982,0.000103793484447718,6.02671845180299e-05,0.0522642046405732,4.35262999296883e-05,0.00034151404560217,0.00156610975323936,0.000326447249472662,0.00709394984430977,0.00230940502896173,0.00266431178223457,0.000934141360029464,0.00032142498409616,0.000360766062878763,0.00264505976495798,0.000205075836207185,0.00183145277396458,0.0138346670238055,0.000285432082231225,1.08815749824221e-05,0.00234874610774433,0.0378670438945994,0.00448153480429906,0.000648709277798239,0.000983526969565072,0.0330096762312921,0.0241152442495061,0.0022441155790672,0.000655405631633576,0.000420196203167375,0.00366960190176449,0.000164060668965748,9.29119094652962e-05,0.0282644724947266,0.00193692034687113,0.00280326112431781,0.00437941540831017,0.0223817256503834,0.000519804466468008,0.000462885458867647,0.000350721532125758,0.000241905782301537,0.000143971607459738,0.00271537148022902,0.0055027287641879,4.60374326179395e-05,0.000210935145813105,0.000170757022801085,0.0795987209964175,0.0442595506746577,0,0.000261994843807547,5.02226537650249e-05,0.00259734824388121,0.000978504704188569,0.0010044530753005,9.20748652358791e-05,0.0002352094284662,0.000308869320654903,0.000562493722168279,1.0044530753005e-05,0.00134931529782034,0.0246944788562628,0.000480463387685405,0.00719104697492216,0.000283757993772391,0.533736230622426,0.000505574714567918,0.000133090032477316,0.00162553989352797,0.00831268624234105,0.000667124250845415,0.00275806073592929,0.00203569156594234,0.000483811564603074,0.000333143603307999,1.0044530753005e-05,0.000149830917065658,0.000225164897713195,0.000830347875581746,2.008906150601e-05,0.000605182977868551,0.000589279137509626,0.000873874175511434,0.000251950313054542,0.000122208457494894,0.00403204205310209
0.0130306832543354,9.52966562218506e-05,0,0,0,2.9496584068668e-05,0.000422028048982481,0,0,0.0103986803682081,0.000249586480581037,0.00084178712995968,0.0185147789231024,0.000120255304279954,5.67242001320539e-05,0.000800945705864602,0.000687497305600494,0.000614890329431465,0.00028362100066027,0.000453793601056431,0.00119347717077841,0.000317655520739502,0.000306310680713091,0.00220089896512369,9.07587202112863e-05,0.000149751888348622,0.0024028371175938,0.0763144698896601,0,0.00107549083450374,6.80690401584647e-05,3.40345200792324e-05,0.000419759080977199,0.0400200576771667,0.00011571736826939,0,2.9496584068668e-05,0,6.12621361426183e-05,0.00867880262020425,0.000512786769193768,0,0,5.44552321267718e-05,0.000156558792364469,0,0.000217820928507087,0.00696800074422151,0.0164364042302639,0.00036757281685571,0.000458331537066996,3.40345200792324e-05,5.89931681373361e-05,8.84897522060041e-05,0.174844405519038,0.00100061489032943,0,0,0,0.000424297016987763,0.000285889968665552,0.000456062569061714,0,0.087965620596784,0.000923469978149838,0.0652872853839888,0.021446285585927,2.9496584068668e-05,0.000281352032654988,2.9496584068668e-05,0.00172441568401444,0.000744221505732548,0.000129331176301083,0.388916998881399,2.72276160633859e-05,0.00274318231838613,0.029809701653397,0.00294512047085624,0.0045265911705379,0.00452205323452734,5.89931681373361e-05,6.12621361426183e-05,3.40345200792324e-05,0.000256393384596884,0.00149298094747566,0,8.39518161954398e-05,0.000633042073473722,0.000562704065309975,0.000633042073473722,0.000102103560237697,0,0.00158600863569223
0.0168245596302456,0.0177985647208005,0,0,0.00167234836302824,0.00369386836229314,0.00110264727232631,0.00555917999797848,0.0972443006919112,0.0293763610802268,0.000367549090775437,0.00773690836082294,0.00242582399911788,0.00487921418004392,0,0.0276396916263128,0.00113940218140385,0.00198476509018736,0.00597267272510085,0.00661588363395786,0.0243225610820645,0.0049619127254684,0.00784717308805557,0.00647805272491707,0,0.000716720727012102,0.0107691883597203,0.030001194534545,0.000137830909040789,0.00433707927115015,0.000634022181587628,0,0.000487002545277454,0.000615644727048856,0.000119453454502017,0.00845362908783504,0.000376737818044823,0.00255446618088928,0.00217772836284446,0.0747227301546463,0.00283012799897086,0.000477813818008068,0,0,0.143555486129616,0.003785755634987,0.00467706218011743,0.000238906909004034,0,0.000238906909004034,0.00249933381727297,0.00748881272454952,0.0011118359995957,0.00729584945189242,0.126464453408558,0.00718558472465979,0,0.00908765126942267,0.000137830909040789,0.0453463690744195,0.00127723309044464,0.000339982908967279,0.00090049527239982,0,0.00308741236251367,0.000551323636163155,0,0,0.000588078545240699,0.00662507236122725,0.00878442326953294,0.00184693418114657,0,0.000110264727232631,0.130810721406978,0,0.0117431934502752,0.0100616563599776,0,0.00438302290749708,0.00341820654421156,0.00288526036258718,0,0.00153451745398745,0.000735098181550873,0.00199395381745674,0.000110264727232631,0.0130020490861811,0.00406141745306858,0.00949195526927565,0.000257284363542806,0.00133236545406096,0.00589916290694576
0.00549261108007278,0.000358856219681927,0,0.000370114454024889,4.57365770182848e-05,0.000975244549959119,0.000196315461355407,7.74003611078665e-05,0.00107656865904578,0.0113454856591204,0.000453847571950672,0.00334580651879914,0.00727985578201807,0.000338450669935307,2.74419462109709e-05,0.000728970673706816,0.000543913446694371,0.00243248225772632,0.00190193796431421,0.000512249662604789,0.00115537629944652,0.000447514815132756,0.000435552941143358,0.00354704745767959,0.000106249586611708,0.000216017371455591,0.00534625403361427,0.0457844245142424,2.11091893930545e-05,0.0117198219510239,0.000322970597713734,0.000197019101001842,0.000930211612587269,0.0656200261472493,0.000174502632315917,0.000292714092917023,9.71022712080508e-05,9.3584072975875e-05,0.000158318920447909,0.0178041939737486,0.00343868695212858,0.00107023590222786,0,7.0363964643515e-05,0.000566429915380296,1.82946308073139e-05,0.000910509702487085,0.0172272094636718,0.00217072830925244,0.000469327644172245,0.000922471576476482,4.29220184325442e-05,0.000573466311844648,0.000451033013364931,0.529169381542969,0.0019357126673431,0,0.00028004857928119,0,0.00366033344075565,0.00140165017569882,0.000389112724478638,0.000489733193918865,0.00349990360136844,0.000736710709817602,0.0069041122108217,0.00132143525600521,1.68873515144436e-05,0.00102590660450245,0.000675494060577744,0.00726930118732154,0.00186464506305315,0.000175909911608788,0.00416132486901748,6.5438487118469e-05,0.13037527916903,0.0224636957124422,0.00628631660125163,0.000330006994178086,0.0334819889359702,0.000524915176240622,0.000407407355285952,6.89566853506447e-05,0.000337043390642437,0.00421128328391438,0.000249088434838043,0.000178724470194528,0.000443292977254145,0.00121448202974707,0.00117156001131453,0.000942173486576666,9.78059108544859e-05,0.0122679572355968
0.000912410872494103,0.000151251355973425,1.99197804191647e-05,0,6.13807187334726e-06,0.000110562502171488,6.57043920027486e-05,2.57490184875636e-05,4.91817834380151e-05,0.00281254946166407,0.000457267052451561,0.000370330336358618,0.015374441686387,0.000256370662332699,4.36227749489459e-05,0.000145537930581881,0.000149321144692498,9.39240809298986e-05,0.00036473272364393,0.000903917942858025,0.000184219364651655,0.000778454209597783,9.63175429182478e-05,0.000686498944174429,3.32382382575597e-05,0.000170707885685167,0.00558661051038647,0.501784596141894,2.89531692139022e-06,0.000104810472554326,2.58648311644193e-05,4.94520130173449e-05,7.357965402893e-05,0.000890946923050197,2.45136832677705e-05,9.84407753272673e-05,0.000105003493682418,7.72084512370724e-06,6.02225919649165e-05,0.00261041773632542,0.000393763101309069,0.000105505348615459,2.20816170538027e-05,2.63666860974602e-05,0.000337478140357244,2.67527283536456e-05,0.000157350823621154,0.000125656754388335,0.000249421901721362,0.000142719822111728,0.000401638363335251,2.15025536695247e-05,3.76777242036913e-05,0.000307830095082208,0.0367840363806222,0.000969120479927733,0,7.01824821744988e-05,0,0.00195738865576226,0.000172638096966094,6.80206455398608e-05,5.53970637625995e-05,0.000869444369380672,4.81394693463146e-05,0.00310987920737804,0.000153181567254352,1.22761437466945e-05,0.000137431043201989,0.000100679820413142,0.00201019923640842,0.000162485185628419,0.000250734445392393,0.000552735302406201,1.85686325225159e-05,0.000442829072070229,0.401882766687642,0.00468477719571184,0.000460664224305993,0.000987032840614734,2.78336466709646e-05,9.61631260157737e-05,9.53524372777844e-06,0.000112415505001177,0.000107319747219531,4.75990101876551e-05,0.00010681789228649,9.23799119051571e-05,0.00385304915476048,0.000560185917950579,3.67126185632279e-05,2.92620030188504e-05,0.000916927566891472
0.00348592650768401,0.000661577269429672,4.99178020193415e-06,0,4.89194459789547e-05,0.000717485207691335,0.000177041804495264,0.000148422264670842,0.000120468295540011,0.00576550613323394,0.0026456435070251,0.00633889528576278,0.013766331440894,0.000724140914627247,0.000134445280105426,0.000480542040772861,0.000229621889288971,0.000252584078217868,0.00475783210313683,0.00395581941735941,0.000532456554872976,0.00172149859897369,0.000314814938068647,0.0011371275300006,4.8586660632159e-05,0.000391355567831637,0.12072387468635,0.332090823776847,9.31798971027708e-06,0.00047222240710297,0.000268557774864057,0,0.000249256224749912,0.00518113506426085,5.19145141001151e-05,0.000404334196356666,1.89687647673498e-05,1.83031940737585e-05,0.000158073039727915,0.00737685278241828,0.00137140841414471,0.000415648898147717,0,5.99013624232098e-05,0.0012582613962342,0.00017737458984206,0.000879884456927593,0.00058137600085193,0.000508496009903692,0.00036539831078158,0.0008186519531172,3.96014562686776e-05,4.55915925109986e-05,0.0008186519531172,0.220743509021811,0.00118438304924558,0,0.00029484781726091,0,0.0047831237894933,0.00117206999141414,0.000115809300684872,0.000707168861940671,0.00192050423635746,0.00017205002429333,0.00488628724699994,0.000118804368806033,4.39276657770205e-05,0.00044493400866573,0.0010912031521428,0.011903731854879,0.00179970315547066,8.15324099649244e-05,0.000867904184442951,8.91864729412235e-05,0.0016446251838639,0.0865474851411343,0.114333064886487,0.000581043215505135,0.00567299180682476,9.05176143284059e-05,0.000368060593555944,9.31798971027708e-06,0.000655919918534147,0.000382370363468156,0.000194013857181841,0.000860582906813447,0.000370390090983514,0.00749532436587752,0.00222966182353059,0.000194679427875432,0.000154079615566367,0.00286927526007175
0.00126771761036303,0.000159864408297987,5.19380640968126e-05,0.00655182001221259,5.5511784103474e-05,0.000263740536491612,0.0183126943061349,3.57372000666141e-06,9.43462081758613e-05,0.00862981907208598,6.98066641301196e-05,7.8383592146107e-05,0.000630404209175074,0.000253257624472072,0.000463630608864208,0.000924402241723086,0.00771232602237578,5.0508576094148e-05,6.98066641301196e-05,5.52735361030299e-05,0.000869605201620944,0.000217520424405458,0.00796844262285318,0.00289804867740196,0.000533199024993883,1.0006416018652e-05,0.00139827751460639,0.015710311397284,9.33932161740849e-05,6.00384961119118e-05,5.71795201065826e-05,0.000252066384469852,0.000169632576316195,0.000316631592590201,0.00225501732420335,0.00017630352032863,0.000175112280326409,0.000472445784880639,8.3386800155433e-05,0.00545730869817242,0.00036952264868879,9.24402241723086e-05,0,6.98066641301196e-05,0.000529625304987222,0.000195125112363713,0.000149143248278003,0.000117456264218938,1.95363360364157e-05,0.000224429616418337,0.00649344925210379,5.19380640968126e-05,0.0103473489072875,0.000102446640190961,0.0235832165719591,0.00741070405381355,0.000244680696456085,0.000127939176238479,1.78686000333071e-05,0.000635645665184844,0.00022752684042411,0.0199820980452466,0.000328067496611518,3.19252320595086e-05,2.76367680515149e-05,0.000290900808542239,0,0.000264693528493389,0.000341885880637275,7.93365841478834e-05,0.00113334573811256,3.95491680737197e-05,0.000354036528659924,2.85897600532913e-05,7.19508961341165e-05,0.000270649728504491,0.0041150194636704,0.000642554857197722,0.829042288305335,0.000727132897355376,0.00193171478760072,0.000208228752388138,0.00202153428376814,1.85833440346394e-05,3.90726720728315e-05,0.000382626288713215,4.07404080759401e-05,0.000192504384358828,0.000283038624527584,3.24017280603968e-05,0.000133657128249137,4.50288720839338e-05,0.00101660421789495
0.0123572269216815,0.000660544269739421,0.000229550845512281,0.000305026747097952,7.183223737119e-05,0.00201911049828149,0.00115295946215352,0.000132212958639726,0.0010348006369125,0.0145522743491765,0.000890615638710913,0.0119043715121675,0.00835075785613044,0.00104937529377043,0.000172293264999014,0.000690734630373689,0.00124092792676027,0.00270047570638937,0.00367229300473728,0.00101137708124799,0.0020284799205473,0.000545508585253675,0.000682926778485516,0.00389299495144297,0.000127007724047611,0.000458060644106139,0.00569504716723326,0.0662428564661766,6.14217681869595e-05,0.00574814056007283,0.000296177848291356,0.000367489562203334,0.00100252818244139,0.0117742406473646,0.000175936929213494,0.000958283688408411,0.000541344397579982,0.000124925630210765,0.000171772741539802,0.0220139781369737,0.00600944333659702,0.0013825103076658,0,5.88191508909019e-05,0.00086198684845428,0.000419541908124486,0.0013283758679078,0.00355309313257785,0.000885410404118798,0.000977022532940026,0.00203784934281311,6.61064793198632e-05,0.000477320012096965,0.00133774529017361,0.491313764774408,0.00349791764590142,0,0.000534577592610233,0,0.0124920424976173,0.00235484812947292,0.000344586529998027,0.00135752518162365,0.00185878927284434,0.000466909542912735,0.0063972333137096,0.000198839961418801,4.47650174921908e-05,0.00174583568219544,0.000857302137321376,0.0179091301376316,0.00364522578485828,0.000306588317475586,0.000979625150236083,0.000165005936570052,0.0229186479090833,0.0360238670416518,0.0121167450835258,0.00218463695831076,0.141729168521031,0.000192593679908263,0.000648572230177556,3.12314075526913e-05,0.000821906542094992,0.00134295052476573,0.000463265878698254,0.000325327162007201,0.000783908329572551,0.00115608260290879,0.00261198671832341,0.000497099903547003,0.000139500287068688,0.0230388888281612
0.00449018499907263,0.00148378831861766,0.000483093871177843,0,0.000810907569477094,0.000590927324565755,0.128688443273134,6.47000720327469e-05,0.00264407627707159,0.0306980275104706,0.000129400144065494,0.000129400144065494,0.00191080879403379,0.000849727612696742,0.00156142840505696,0.0269152299656227,0.00604298672785856,0.000276053640673053,0.000120773467794461,0.00121636135421564,0.00778557533460721,0.000992067771168785,0.107156259300635,0.00950659725067827,0.00026742696440202,0.00267858298215572,0.00342910381773558,0.0344333783358279,0.000793654216935028,0.000297620331350636,0,0,0.000288993655079603,0.00935994375407071,0.00276916308300157,0.00115166128218289,0.00314011016265598,0.00771656192443894,0.000185473539827208,0.0215149306199561,0.00256643619063229,6.47000720327469e-05,0,0.000168220187285142,0.00841100936425709,0.00411923791941822,0.00107833453387911,0.000168220187285142,0,0.000219980244911339,0.00638374044056436,0.00048740720931336,0.00266564296774917,0.000375260417789932,0.0888159455484194,0.0132160680472224,0,0.00106970785760808,0.000194100216098241,0.00804868896087371,0.000875607641509841,0.00942895716423898,0,0,0.000349380388976833,0.000293306993215119,0,0.00100500778557533,0.000500347223719909,0.0019668821897955,0.00191943547030482,0.000470153856771294,5.17600576261975e-05,0,0.00231194924063682,0.00137164152709423,0.00656490064225605,0.00172102191607107,0.141611204327141,0.000659940734734018,0.254400683232761,0.000737580821173314,0.00229038254995924,0.000345067050841317,0.000129400144065494,0.00322206358723079,0.000332127036434767,0.00174258860674865,0.00130262811692597,0.00174690194488417,0.000163906849149625,0.000116460129658944,0.00174258860674865
0.0304193606321839,0.00122511288998358,0,0,0.000551621510673235,0.00185370484400657,0.00106155069786535,8.01775451559934e-05,0.0012347341954023,0.242437653940887,0.000208461617405583,0.00205895935960591,0.00315258107553366,0.000811396756978654,0.000131491174055829,0.0031557881773399,0.000468236863711002,0.00180239121510673,0.00287677032019704,0.00161637931034483,0.0474202073070608,0.000416923234811166,0.00151375205254516,0.00882273706896552,0.000128284072249589,0.000214875821018062,0.00191784688013136,0.0571248973727422,7.69704433497537e-05,0.000304674671592775,0.00036560960591133,0.00819093801313629,0.00204933805418719,0.00268434421182266,3.84852216748768e-05,0.00525643986042693,0.00116417795566502,0.000445787151067324,0.00482989532019704,0.199529838875205,0.0048908302545156,0.00186653325123153,0,0.00012186986863711,0.00448352832512315,0.000275810755336617,0.0223053930623974,0.00024373973727422,0.000214875821018062,0.00386135057471264,0.000756876026272578,0.000394473522167488,0.000169976395730706,0.000686319786535304,0.0935671951970443,0.00735067733990148,0.0036560960591133,0.00337707820197044,4.81065270935961e-05,0.00421413177339902,0.00671246408045977,0.000320710180623974,0.00132132594417077,0.000477858169129721,0.000792154146141215,0.000647834564860427,0.000173183497536946,0.000128284072249589,0.00827432266009852,0.000282224958949097,0.011786099137931,0.00302108990147783,0.00024053263546798,0.000173183497536946,0.00107758620689655,0.00208140907224959,0.0242392754515599,0.00487158764367816,0.000205254515599343,0.00400246305418719,0.000144319581280788,0.100645268883415,4.81065270935961e-05,0.00049389367816092,0.000304674671592775,0.00280300697865353,0.000198840311986864,0.0228634287766831,0.000500307881773399,0.00317823788998358,0.000166769293924466,0.00101344417077176,0.00668360016420361
0.00401941848932505,0.000522002401211046,0,0.000261001200605523,0.000261001200605523,0,0.0250735153381706,0,0.000208800960484418,0.00916984218127403,0.00238381096553044,0.00234901080544971,0.000678603121574359,0.0026274120860956,0.00104400480242209,0.00299281376694333,0.00619442849437107,0,0,0.000261001200605523,0.00139200640322945,0.000626402881453255,0.0589688712568078,0.00238381096553044,0.000261001200605523,0.000835203841937673,0,0.00394981816916358,0,0.00234901080544971,0,0.000261001200605523,0,0.000261001200605523,0.00499382297158567,0.000469802161089941,0,0.000261001200605523,0,0.00929164274155661,0,0,0,0,0.000678603121574359,0.00664683057542065,0.000261001200605523,0.000522002401211046,0,0,0.00696003201614728,0,0.00490682257138383,0,0.0211758974091281,0.00396721824920395,0,0.000730803361695464,0,0.00927424266151624,0,0.0161820744375424,0,0.000435002001009205,0,0.00130500600302761,0,0.000261001200605523,0,0,0,0.000522002401211046,0,0.000643802961493623,0,0.00287101320666075,0.000435002001009205,0,0.726470741765412,0.000435002001009205,0.00749943449739869,0,0.0387499782499,0,0,0.00200100920464234,0,0,0,0.000626402881453255,0,0,0.00208800960484418
0.00159019879916486,0.00864316003786651,0,0,4.37669394265558e-05,0.00384014368524114,0.000878580784044195,0.000828329853591483,0.00010860684968812,0.00436210496284673,0.00567187115013033,0.00371694785574417,0.00588422185623695,0.0133926834645261,0,0.00146051897864173,6.48399102615642e-05,0.000205866715080466,0.0267723989469999,0.0285927794275933,0.00175229857481877,0.00963845266038152,0.0008331928468611,0.000958009674114611,1.94519730784693e-05,0.00786994410799735,0.0417633861994735,0.0732593726090283,0,0.000179930750975841,7.29448990442597e-05,0,0.000303126580472813,0.0016663856937222,2.43149663480866e-05,0.000781320918651849,0.000222076692645857,2.43149663480866e-05,0.000638673116076407,0.0136034131728762,0.000820224864808787,2.43149663480866e-05,0,3.89039461569385e-05,0.00791046905191083,4.21459416700167e-05,0.000374450481760533,0.000496025313500966,0.000129679820523128,0.000269085627585491,0.000440911389778637,0.000293400593933578,7.29448990442597e-05,0.00953146680844994,0.047195349681636,0.000949904685331915,0,0.000192898733028153,0,0.44505952303762,0.00385149066953691,0.000222076692645857,0.00128220922542243,0.000338788531116673,4.37669394265558e-05,0.00136163811549285,6.64609080181033e-05,0,2.43149663480866e-05,0.0220617794664972,0.054489839586062,0.00128058822766589,0,0.000236665672454709,0.000556002230492913,0.000969356658410385,0.0135401942603711,0.00726044895153865,0.000546276243953678,0.00353863810252487,0.000110227847444659,0.000332304540090517,0.000134542813792746,0.067007184262057,8.42918833400335e-05,0.000635431120563329,0.00285133505375229,0.000748900963521066,0.00346893519899368,0.0375017830975322,1.94519730784693e-05,0.000466847353883262,0.00145889798088519
0.0665145124323492,0.000286492941199129,0,0,9.63001483022284e-05,0.00102318907571118,0.000394830608039136,7.22251112266713e-05,0.000130005200208008,0.0243639375204638,0.00013482020762312,0.00217397584792281,0.00702750332235512,0.000281677933784018,0.000464648215558252,0.000387608096916469,0.000524835808247145,0.0205432291365729,0.00122060437973074,0.000327420504227577,0.00228472101847037,0.000406868126576915,0.00115560177962674,0.00388571098399492,0.000197415304019568,0.000493538260048921,0.00804346988694363,0.0781644228732112,0.000707806090021379,0.0410118256582115,0.00195970801795035,0.000144450222453343,0.00158895244698677,0.0612878218832457,0.000209452822557347,0.000532058319369812,0.000204637815142235,0.000127597696500453,0.000344273030180466,0.0617765451358795,0.00709491342616668,0.00211138075152636,0,0.000423720652529805,0.00054409583790759,9.87076520097841e-05,0.00166599256562855,0.0481500741511142,0.001793590262129,0.00347162034629533,0.0030551222048882,0.000122782689085341,0.000127597696500453,0.00110985920918318,0.253902563509948,0.00296604456770863,0,0.000161302748406233,0,0.00450203193312918,0.00290104196760463,0.000161302748406233,0.000365940563548468,0.00141079717262765,0.0242628223647464,0.00328624256081354,0.00107856166098496,0.000156487740991121,0.00210175073669613,0.000753548660464937,0.00530373066774523,0.00326939003486065,0.000799291230908496,0.000772808690125383,0.000173340266944011,0.0212365902043489,0.0217614260125961,0.00531817568999056,3.12975481982242e-05,0.0133688680880569,0.000385200593208914,0.00151191232834499,0.000130005200208008,0.000474278230388475,0.124918144873943,0.000353903045010689,9.87076520097841e-05,0.000654841008455153,0.00164673253596811,0.00363051559099401,0.00916777411837214,6.50026001040042e-05,0.0266534735463493
0.00452574014708656,0.000808167883408313,0.000350206082810269,0,0.00188572506128606,0.00210123649686161,0.00805473990463619,0.000404083941704157,0.0108294496376714,0.0609358584089868,0,0.000323267153363325,0.0117992510977614,0,0.00099674038953692,0.0514264163142157,0.0142237547479863,0.000323267153363325,0.00105061824843081,0.000646534306726651,0.0758061474636998,0.000673473236173594,0.00754290024514426,0.0107216939198836,0.00188572506128606,0,0.002397564720778,0.0220091053581531,0.000323267153363325,0.000727351095067482,0.000404083941704157,0.000323267153363325,0.00140082433124108,0.00463349586487433,0.00175103041405135,0.00751596131569731,0.000673473236173594,0.0102098542603917,0,0.0679938579240861,0.00417553406427629,0.000727351095067482,0,0.00228980900299022,0.00565717518385819,0.0606934080439643,0.00382532798146602,0,0,0.000969801460089976,0.0130653807817677,0.00121225182511247,0.000673473236173594,0.000404083941704157,0.0779612618194553,0.0996201610947981,0.0885213221626572,0.00457961800598044,0.0115837396621858,0.000754290024514426,0.0058457476899868,0.00517227445381321,0.000404083941704157,0,0.000404083941704157,0.00317879367473937,0,0.000350206082810269,0.0107216939198836,0,0.0049837019476846,0.00115837396621858,0.000808167883408313,0.000808167883408313,0.0015355189784758,0,0.00746208345680343,0.010560060343202,0.000323267153363325,0.00255919829745966,0,0.00393308369925379,0.000404083941704157,0.000404083941704157,0.000323267153363325,0.16430053069691,0,0.00374451119312518,0.000350206082810269,0.0017240914846044,0.000808167883408313,0.000404083941704157,0.00293634330971687
0.000915740751018415,0.00246972505577694,0,0,0,0.000593844002175578,0,0,0.000166498318366984,0.0039515600892431,0.0453652418110577,0.00103783951782087,0.00308576883373478,0.0165832325093517,0,0.000538344562719917,0.000210897869931514,0,0.008263866534948,0.115838430031857,0.000621593721903409,0.199781332208545,0.000416245795917461,0.000932390582855113,0.000133198654693588,0.0416745290872562,0.040897536934877,0.12479603956,0,0.000133198654693588,0,7.21492712923599e-05,0.000205347925985948,0.00205902920380504,0,0,0,0,0.000221997757822646,0.0136417622182016,0.000294147029115006,0,0,6.65993273467938e-05,0.0011155387330588,0,6.65993273467938e-05,0.00136528621060927,0,0.000527244674828784,8.32491591834922e-05,0.000305246917006138,6.65993273467938e-05,0.00557214372134841,0.0228713189996781,0.000277497197278307,0,7.21492712923599e-05,0,0.0381891642894407,0.00309131877768035,6.65993273467938e-05,0.000416245795917461,0.000166498318366984,0,8.32491591834922e-05,0,6.65993273467938e-05,0.000205347925985948,0.00654338391182249,0.0155398430475852,0.000438445571699726,0.000133198654693588,0,0,0.000321896748842837,0.0315292315547613,0.0096902021289585,0,0.00067709316135907,8.32491591834922e-05,0,8.32491591834922e-05,0.00981230089576095,8.32491591834922e-05,0,0.137527610971129,0.000138748598639154,0.016694231388263,0.0709227336803898,0,0,0.000205347925985948
0.0207077838123561,0.00364773195360809,6.66687302226021e-05,0,0.000504777528828273,0.0136361363566015,0.0034453447368609,0.000654782171829128,0.00580494158152514,0.0929600201911012,0.000204768242826564,0.00177386442913709,0.00164767004693002,0.000759547319321789,0.000402393407414991,0.00388821558762533,0.0012047991961656,0.000823835023465012,0.00361439758849679,0.00279770564326991,0.0532087897958746,0.000233340555779107,0.00199529985451931,0.0104717526971073,0.000521444711383924,0.000157147721238991,0.0180648448642458,0.0638281661099034,2.85723129525438e-05,0.000485729320193244,0.000157147721238991,0.000238102607937865,0.00140242436075402,0.00487157935840871,0.000188101060270913,0.00888837035432049,0.00141909154330967,0.000747642188924895,0.018462476219502,0.160954981939917,0.0043929931164536,0.00114527354418113,0,0,0.0130575470193125,0.000883360675449478,0.0224506949024613,0.000290485181684195,5.71446259050875e-05,0.00166433722948567,0.00209054089769445,0.000421441616050021,0.000357153911906797,0.00214530449752016,0.0941624383611874,0.00994078388140585,0,0.00864074364206511,0.000964315562148352,0.0198006128761128,0.00815263329579249,0.0010595566053235,0.00624066935405144,0.000202387216747185,0.000719069875972352,0.00101669813589468,0.000190482086350292,0.000226197477540972,0.00841216513844476,0.00136670896956334,0.0199982380407013,0.00457633212456576,0.000209530294985321,2.85723129525438e-05,0.00271913178265042,0.00149528437784979,0.0155742915852157,0.00867645903325579,0.000614304728479691,0.00620495396286076,0.00070478371949608,0.0204458709436244,0.000273817999128544,0.000292866207763574,0.000540492920018953,0.00287627950388941,0.00040477443349437,0.185324783862358,0.00343820165862277,0.00134766076092831,0.000152385669080233,0.00377868838797391,0.00540016714803077
0.000976153483351035,0.000459283725260127,4.21361215834979e-06,0,1.17981140433794e-05,0.000248884024819861,4.94397159913042e-05,7.35977590325097e-05,0.000311807299717885,0.00234108291517914,0.0105272886164211,0.000634569991047479,0.00704375499137474,0.000676425205153753,3.39898047440217e-05,0.000318549079171244,0.000139891923657213,9.63512646875986e-05,0.00134498500094525,0.00446586707289633,0.000460126447691797,0.0013118379186329,0.000259558508954347,0.00060760287323404,2.44389505184288e-05,0.00041124854665494,0.061516209344612,0.593418169264171,0,0.00013202651429496,7.02268693058299e-05,1.09553916117095e-05,8.14631683947627e-05,0.00156044103597554,1.4045373861166e-05,0.000235962280867588,8.56767805531124e-05,6.74177945335967e-06,8.03395384858694e-05,0.00325347040120049,0.000453946483192884,3.84843243795948e-05,0,1.54499112472826e-05,0.000796934512882558,3.65179720390315e-06,0.000215175127553063,0.000157027279767836,0.000157308187245059,0.000229782316368675,0.000503386199184189,4.80351786051876e-05,8.11822609175393e-05,0.000779518249294712,0.0254181939840293,0.00081828348115153,0,0.000153094575086709,0,0.0031632991010118,0.000404225859724357,1.48880962928359e-05,0.000328380840874061,0.000947500920674257,6.1518737511907e-05,0.00303099167923962,9.32612824381421e-05,1.26408364750494e-05,0.000217422387370849,0.000581478477852271,0.00411866543104831,0.000103935766572628,2.94952851084485e-05,0.00026068213886324,0.00012949834699995,0.00067530157524486,0.0633333998147696,0.00861262325166698,0.000836261559693822,0.000871094086869514,3.03380075401185e-05,8.73622254164524e-05,3.48325271756916e-05,0.000317425449262351,9.77558020737152e-05,8.34295207353259e-05,0.000522207000158151,0.000189893454602964,0.184900324195319,0.00178938062991255,1.48880962928359e-05,9.52276347787053e-05,0.000842441524192735
0.003062063104416,0.00507347550582994,3.26869107600641e-05,0,0,0.00345430603353677,0.000155262826110304,0.000574355717641126,0.00123976782954243,0.00684790780423342,0.00406251605160796,0.00376016212707737,0.00605991977698188,0.0317635055310923,6.18716525101213e-05,0.00186081913398365,8.5219445910167e-05,0.000241649661690474,0.012751397365435,0.0315101819727018,0.00124910694690245,0.0348010534524382,0.000998118167851956,0.000727283764411425,6.42064318501258e-05,0.0271955097523733,0.0323005047792933,0.121327975793008,9.80607322801922e-05,0.000175108450500343,5.01977558100984e-05,1.51760657100297e-05,0.00021946925796043,0.000928074787651819,0,0.000686425125961345,8.05498872301579e-05,7.35455492101441e-05,0.000633892590811242,0.0192164013579077,0.00254607687027499,0.000123743305020243,0,6.18716525101213e-05,0.00720396165358412,1.51760657100297e-05,0.00113937231792223,0.000315195210900618,0.000303521314200595,0.000695764243321364,0.000642064318501258,0.000232310544330455,5.01977558100984e-05,0.011222116897732,0.0776209065481221,0.000957259529401876,0,0.000308190872880604,1.75108450500343e-05,0.219841655265161,0.00344029735749674,8.75542252501716e-05,0.00092340522897181,0.000513651454801007,0.000186782347200366,0.0021433274341242,8.05498872301579e-05,3.03521314200595e-05,0.00110551801749217,0.0217286239277526,0.0293645197592376,0.000894220487221753,0.000120241136010236,0.000140086760400275,0.000635059980481245,0.00140553716268275,0.0349528141095385,0.00912781982974789,0.000136584591390268,0.00391192278417767,0.000239314882350469,0.000417925501860819,6.42064318501258e-05,0.0184505937343862,0.000429599398560842,0.000156430215780307,0.00925389791410814,0.000856864017781679,0.00630857377669236,0.17359551348802,9.80607322801922e-05,0.000314027821230616,0.00215149916181422
0.299878558517849,0.000482941708088568,3.67148666967917e-05,0,6.77812923633077e-05,0.000169453230908269,0.000288070492544058,0.000146859466787167,0.00159003615002259,0.057766606416629,8.47266154541347e-05,0.000948938093086308,0.00363194758246724,0.00201366922729327,0.000146859466787167,0.0010082467239042,0.00380422503389065,0.0174508585630366,0.000180750112968821,0.000257004066877542,0.00235257568910981,0.000347379123361952,0.000618504292815183,0.00652394938996837,0,0.00105061003163127,0.0027479665612291,0.0188799141436963,4.23633077270673e-05,0.00522480795300497,0.0398412788070492,0.000121441482150926,0.00267453682783552,0.00615962494351559,0.000669340262087664,0.000519656574785359,0.000539426118391324,0.000141211025756891,0.000307840036150023,0.10533777677361,0.0107066199728875,0.0137031179394487,0,0.000180750112968821,0.00205038409399006,7.9078174423859e-05,0.00253332580207863,0.00382681879801175,0.000556371441482151,0.0165725259828287,0.00214923181201988,7.06055128784455e-05,0.000146859466787167,0.000810551287844555,0.0706732941708089,0.00210969272480795,0,0.00031066425666516,0,0.0381636918210574,0.0048237686398554,0.000720176231360145,0.00299932218707637,0.00025982828739268,0.0199728874830547,0.00137257117035698,0.000183574333483958,0.000104496159060099,0.0165358111161319,0.000567668323542702,0.00334105286940804,0.00110709444193403,0.000494238590149119,0.000146859466787167,0.000112968820605513,0.00424762765476728,0.00709726615454135,0.0011720515137822,8.47266154541347e-05,0.00213228648892906,0.000254179846362404,0.00079078174423859,0.000104496159060099,0.00131043831902395,0.00896972435607772,0.000827496610935382,7.62539539087212e-05,0.000867035698147311,0.000449051061906914,0.00370255309534568,0.159478084048803,0.000268300948938093,0.00672729326705829
0.00578992514036182,0.0276629756706176,0,0,0.000526356830941984,0.101859794135995,0.000955240174672489,0.000233936369307548,0.000233936369307548,0.0470407049282595,0.000233936369307548,0.00169603867747973,0.00175452276980661,0.00442529631940112,0,0.00456175920149719,0,0.000292420461634435,0.00109170305676856,0.00231986899563319,0.0258109794135995,0.00099422956955708,0.00231986899563319,0.00446428571428571,0,0.000721303805364941,0.0022613849033063,0.094607766687461,0,0.000779787897691828,0.000974734872114785,0,0.00148159700561447,0.00385995009357455,0,0.00721303805364941,0.000233936369307548,0.000233936369307548,0.0462999064254523,0.103321896444167,0.00130614472863381,0.000233936369307548,0,0,0.158316437928883,0,0.0155177791640674,0,0.000740798502807236,0.00122816593886463,0.00101372426699938,0,0,0.00366500311915159,0.0600046787273861,0.00169603867747973,0,0.00532205240174672,0,0.0899095446038677,0.00598487211478478,0,0.0031581409856519,0,0.000233936369307548,0.000233936369307548,0,0,0.000233936369307548,0.00241734248284467,0.0305092014971928,0.00292420461634435,0,0,0.00331409856519027,0.000545851528384279,0.0259279475982533,0.00118917654398004,0,0.00113069245165315,0,0.00187149095446039,0,0,0,0.00107220835932626,0.000253431066749844,0.0338622894572676,0.00130614472863381,0.00118917654398004,0,0.0436876169681846,0.00374298190892077
0.0270823495023751,0.00147500724409342,3.63260661489217e-05,0,0.000163044901552137,0.00239076202794066,0.000732434868630583,0.000150373018011815,0.000519547225153182,0.0220000794104702,0.000563476421426296,0.00596000922513122,0.00704979120959887,0.000578682681674682,0.00061838791676769,0.00144121555465257,0.000964752733536478,0.0101620058071018,0.00299309889222394,0.00163720735340954,0.00232064427235088,0.00143361242452837,0.00084225785931337,0.00495724084097377,0.00019430221428493,0.000446050300619317,0.00529515773538235,0.0576503117705747,0.000205284513353208,0.0219257376937003,0.000664006697512847,0.000537287862109632,0.000698643179189726,0.00718157879841821,0.000180785538508587,0.000875204756518206,0.000611629578879518,8.87031847822506e-05,0.00040634506552631,0.104270171315418,0.0401301655877262,0.000888721432294549,1.09822990682786e-05,0.000129253212111279,0.0011548309866413,0.000476462821116089,0.00278950396334277,0.00387675157110236,0.000364105453725238,0.00114976223322517,0.00272952371458525,4.30844040370931e-05,0.000184164707452673,0.00111005699813216,0.309749831675147,0.00788951469220417,0,0.000397052350930074,1.26718835403215e-05,0.00584765185774037,0.0104695101810136,0.000535598277637589,0.00335551476147714,0.000675833788817147,0.00165494799036599,0.0040752777465674,0.000231473072669873,0.000193457422048908,0.00191345441458855,0.000672454619873061,0.0321282935281312,0.0120855977285226,0.00175040951303641,0.000317641880744059,0.000108978198446765,0.0113565420288361,0.0226801371604674,0.00574627678941779,0.0041580673856975,0.0348578172427164,0.000163044901552137,0.00101712985216981,3.12573127327931e-05,0.000904772484778956,0.00523602227886085,0.000713849439438112,0.000472238859935982,0.00120889768974667,0.00131956547266548,0.00278950396334277,0.000570234759314468,0.000201905344409123,0.160166694404012
